date,Indonesia,Malaysia,Philippines,Singapore,Thailand,Vietnam
2010-01-05,1.3292011882399868,0.949201484398776,0.6042462160469988,0.7831961012727001,0.0005393476901028061,8.61223998685138
2010-01-06,0.005780216851039044,0.1458983435485681,0.1429021260968344,0.12181001015775123,0.24328778538639245,0.1405374797356299
2010-01-07,0.39947987178849986,0.018338038178252497,1.5311837672706081,0.34814068026109124,0.022386123482654677,0.05051763561890124
2010-01-08,1.1161654481849383,0.014573184958925062,0.0003802361386693739,0.1062161681391921,0.3453729856213916,5.5347422191386295
2010-01-11,0.46217713768346724,0.013986280349333064,0.10887217997308107,0.13528473564747664,1.1565804019454298,1.253734400548965
2010-01-12,1.0682802691862776,0.01646570977207676,0.3481308832002996,0.35472897634398737,0.052530979810910296,10.995027867261523
2010-01-13,1.0164730494043923,0.06691306962437783,0.08273668507509657,0.9129463167370278,0.04043121667751494,4.185930921156026
2010-01-14,0.21754453597571066,0.1619573783292019,0.6573890599745192,0.5317873440995712,0.12834296578322624,0.5254130251605926
2010-01-15,0.005205584373660534,0.08907981928603072,0.012154584389983715,0.0014301579779239547,0.15032034203671094,1.8387891531603209
2010-01-18,0.029491783479246345,0.002064969574523987,0.1528938643054012,0.015303016295088906,0.0024552395119516934,13.601900260529113
2010-01-19,0.7853912906170738,0.03299794528125588,0.49280924315154384,0.0009547020613934368,1.970060582894339,2.9233862750380415
2010-01-20,0.002008387100952682,0.2313808414991936,0.0005298825254198947,0.4647240455547361,0.4063830000605281,1.484228525977793
2010-01-21,1.1855157949708,0.017709936516487213,0.0031089275171010565,2.15388866881048,3.1186853844924016,5.261178657617383
2010-01-22,1.141770490060585,0.3677345991538985,4.1349200299018465,1.216335260428328,0.4657327434973858,0.028010727174814197
2010-01-25,0.229675212102273,0.07942874786874994,3.4337326898297693,0.08072438106643409,0.27132001059996474,0.47414051664060125
2010-01-26,0.5644796879096459,1.1396247937786843,0.17134152576095468,6.6123271656440545,1.5289860830315487,12.06861024735813
2010-01-27,0.29055521327803197,1.8322440913404898,1.520284407762656,1.5651931827611487,2.5891526010830708,5.4605982515539
2010-01-28,4.504447727643969,0.009919064396980277,2.0547047470547084,3.542718333023663,0.011500381186150604,0.9029257397224887
2010-01-29,0.11243509680648581,0.1797627683132168,0.08144349538313654,0.20080389727420903,0.9709904903727988,0.0017224481252816248
2010-02-02,1.3849629394227112,0.13297347947665558,9.365956213831943,0.8022573125361117,0.1272156361372239,1.4802013975307076
2010-02-03,0.87851018666073,0.0717645961323069,0.515091538578658,2.5699532485085963,3.75461353042682,2.3891535413102076
2010-02-04,0.190028329550402,0.028037594387523172,1.0745814145727788,0.5196992695738819,0.5293664464949029,2.7595888117277365
2010-02-05,8.437767920637208,1.8587784049217337,4.214527170552405,5.120937618270882,2.541137723292653,4.695971292540821
2010-02-08,3.0209951176165286,1.0430720625724905,0.10052796523461395,0.14000799862290786,0.23167564131316493,0.13379480427709123
2010-02-09,0.31409476657068414,0.012135515592034808,3.0136315287325415,3.5729734883311246,0.10255340072675354,2.9042240031560502
2010-02-10,0.059147171872318466,0.9855382536657602,4.448134443003159,0.15054640925886856,0.13448834692953274,2.6997277206243733
2010-02-11,0.9491514556657713,0.06783919726362818,3.208385469113826,0.4916339992614642,1.0235387931873352,3.3006304708160896
2010-02-12,1.0955399255458305,0.10064206521444502,1.9372183212746588,0.03655803189062521,0.141418317246404,1.9889249839739813
2010-02-23,3.744355612249408,1.071239230978973,4.535282450558274,0.7285948627693275,6.165935987268394,4.549868599428779
2010-02-24,0.026910605542655685,0.11757679673970624,1.1399719871784144,0.542003439457803,0.0031267951059469213,0.11773322198475174
2010-02-25,1.4039802623012279,0.0,2.779767986441874,0.22221468382029155,0.07187856559644738,0.006535226559421995
2010-03-02,1.1563081421441943,1.826288475587039,1.0108209931982435,0.6971371131777488,4.923789479883263,1.451624610003358
2010-03-03,0.13650194269928248,0.023426384816095037,0.05827106064906236,0.14537629992888387,0.0635044661320182,1.561610998432668
2010-03-04,0.0031663001271082973,0.024463920911469993,1.3274699256479119,0.25767372664009697,0.3315097326504352,0.8148219553924018
2010-03-05,0.2604458353443571,1.4749549338175663,0.04996952406755628,0.6033667799050738,0.8894430476815648,0.08561329545562246
2010-03-08,3.3562869069710537,3.470226073127348,3.1051240745328257,2.4789643535020276,0.2582971638786438,2.2161364271176747
2010-03-09,1.351879890900849,0.22597831632413223,0.15911056608264124,0.03068826618781843,0.044623740449837974,1.3989412349987307
2010-03-10,0.2400975129779455,0.6036996083190097,0.1555563396952053,0.6367938512635125,0.08270173423215077,0.09235148489345082
2010-03-11,0.055587066873580476,0.2626720077119643,0.0360665069597768,0.16414036047698524,0.4989900587648496,0.04387518374433663
2010-03-12,0.140423255709388,0.6040107711066433,2.8860978135566224,0.06702925379231107,1.0258285431161491,1.707498955637468
2010-03-15,0.013473180888251843,0.7800936971918178,0.015923705025348414,0.05967327523555764,0.0411978371214784,0.005659612576645004
2010-03-17,10.204056544946571,0.030718983485948755,0.13344271211370723,2.410022588092634,16.7626662801008,16.22609345793982
2010-03-18,0.47949767296158957,5.911022019846892e-07,0.17377733347905053,0.033774391542389745,0.7315868801619505,2.9165281298942562
2010-03-19,0.04376271334105125,0.16891934291763916,0.01440823474850329,0.0036459164823175066,4.1232301753759355,0.5105040385608063
2010-03-22,2.2207512019894526,0.051880799148131644,0.1863135279385253,0.8348861151998864,0.09154013193857044,0.7333688535886845
2010-03-23,0.46351203482022585,0.7431084270838672,2.131135213364447,0.3235138240479386,1.731857637852982,1.0037527173210576
2010-03-24,3.860424405083284,0.12384005027160962,1.4085719713568692,0.4441287888490136,0.26782834567675656,1.2090310456082796
2010-03-25,0.760155382730123,0.05342098240985595,0.02052408352090652,0.0048461065730459095,0.07562216615418825,2.936025967719742
2010-03-26,0.2465395250494234,0.04099299090077576,0.09023283646243192,0.3821160022869812,0.49876218319358867,0.14192018833857095
2010-03-29,0.4264770105263908,0.09547531425203303,0.009630749191868083,0.6138573560047513,0.9262553173339072,0.006261490242241291
2010-03-30,0.01563770903980796,0.0001126349091002609,0.5952208094798299,0.021021702187237583,4.975447159946327,0.987338086796375
2010-03-31,0.5656658641200181,0.008542349760773513,1.6096452270622843,2.4905589315609227,0.010818158613888249,0.09001813775460604
2010-04-05,15.072670359685496,2.5316982327220185,0.6187977152502129,7.639198801151052,6.388271934152539,9.468949771031973
2010-04-07,0.15354827145326938,0.061810304677904486,6.705662208850587,0.43843687748263294,0.30560910639568123,0.03765997155642813
2010-04-08,2.7589492713934476,0.8247060756287993,0.19069166698180423,0.700802648657627,12.928473193573556,0.00037579684785686893
2010-04-12,1.132406588083197,0.2498949015759051,1.3967123453356667,0.22153850164165328,8.890979788295285,0.5965302593852866
2010-04-16,0.008544099297748495,0.2620434591867699,0.7973499678345617,1.0065927897066722,10.926016455562971,0.16249787308818814
2010-04-19,1.7889030330679416,0.21044436162885682,3.630259555891237,2.403331905642574,1.8219859772769609,1.0414513937497334
2010-04-20,3.1478398112983683,0.48068762726121494,3.15539251931018,0.4732862967798,28.004696302584904,0.08452163632275024
2010-04-21,0.5517311058087185,0.028668696852256627,3.2177952167249093,0.21276123106516714,1.0781443091346339,0.7562993362364917
2010-04-22,0.22037195109796107,0.06369202199481575,1.0560375133674111,0.19223285749331567,0.19223020253182763,3.350238540659117
2010-04-26,0.38339589992839535,0.05225917141413854,2.8397124169956003,0.5373596949834074,0.1716362318038273,0.12839460539583344
2010-04-27,0.033813812310327276,0.0006822350026386234,0.20990870149395632,0.13323961684088487,0.09401556675379531,0.7116111420216784
2010-04-28,1.5169728527889503,0.24019968867197122,0.4839160827202737,4.054842645372659,2.740214574602409,0.42409487472342394
2010-04-29,0.6521557017560798,0.04062926870289846,0.13788422791562877,0.8383813027306504,0.24382370464707104,0.3501298398173847
2010-05-04,1.1938170783964825,0.2754938365578948,0.03681618879834763,3.8955820903988307,31.751166305983784,1.507207428966305
2010-05-06,26.473846379809455,0.6789847052657365,14.476026697237726,4.595345279514881,2.1540986248209437,0.005302745975080982
2010-05-07,6.599350803106466,0.005860852675131294,0.6671918316451717,0.4290653685122226,4.621008721631059,1.8886379334896282
2010-05-10,15.804079737001064,0.006559515700355815,0.0,4.337421669034563,1.8448307855815784,1.994133509962582
2010-05-11,1.7572121632754276,0.25475486830314253,14.248276566138138,0.6320822420404576,0.8076443038907201,0.0
2010-05-12,1.5058883732602426,0.06339642588132147,0.03936136298017178,0.6238342562904444,0.04447268759038544,7.887861783317943
2010-05-14,0.14231746631509667,0.12798506695103018,3.4183887203656074,0.7672912322551646,0.4086011169147904,0.044722748757476664
2010-05-17,1.8790569460767244,0.1415855409116181,1.5427042389009211,0.572391099636859,4.16460138706747,3.318794225038311
2010-05-18,0.2710107727317515,0.09471337395801799,0.5470985733470674,0.14099095468350653,0.8195090086575207,0.3462943084546948
2010-05-19,14.169385555684784,2.766142108073507,1.7476809671463165,6.1750376501127064,0.506701675827145,7.1375013252422725
2010-05-24,20.170619460987144,7.159322428407239,0.9285246530067338,3.3971191786179635,7.909496463254395,3.1455363832494023
2010-05-25,13.896808398296805,3.4859143971578783,7.945611532816032,7.433182540495298,9.86988074299125,0.0004229419608065812
2010-05-26,49.1906926586439,0.00907075604794337,0.5248967608223502,2.8855055715483537,1.113063476259005,1.709491435270707
2010-05-27,0.40154340864668586,2.5792830886656457,0.9982170897054229,2.5830239739955276,1.2942136025236877,0.8266246534751907
2010-05-31,9.082283291798845,1.5403830176251267,13.069064245432033,0.2206695259959648,3.1253245412306208,4.123859267702636
2010-06-01,6.866979115644891,0.02524375016075809,0.03491837710830614,1.8474175038908247,1.626576702881222,0.06547481306142727
2010-06-02,0.11027826932692963,0.2950451360557478,0.48971835731271385,0.19866156650145889,1.3815192861549146,0.1539684857561429
2010-06-03,7.7752751994671785,2.0541338548049275,3.907137950606543,5.69939808621825,4.615424349291247,0.009575980896530167
2010-06-04,0.18982766761151193,1.4877147524874312e-05,0.00294100172501831,0.2168934301332533,0.5156309706902031,0.024528917038093706
2010-06-07,6.866206256327382,0.39601606286273383,7.542119457534609,3.8641534622910862,2.3072727091185996,7.185580666410594
2010-06-08,1.157599018423535,0.022017777606941104,0.06210986701797253,0.03674155981511167,0.10344780359645099,0.0036428591485981243
2010-06-09,0.04358829712600224,0.021720473099730814,0.35424177774103593,0.0008700955388937302,0.7988724108522167,0.00646708348816162
2010-06-10,0.29172167079294403,0.009083128021639858,0.8770839039760334,1.4950872371841015,0.265777425331108,0.3376838729609747
2010-06-11,1.24678221686271,0.0675281559551017,1.5925690785219604,0.3592428748460201,0.03268512322905399,0.5721001646569697
2010-06-15,1.0081162517544746,0.08143931663002803,0.26899088194185194,0.6097056731738344,1.9494435147842497,0.5343783242267148
2010-06-17,4.536240561845545,0.21969635018677794,0.8892759524982368,0.8266439070554997,1.306226659488983,0.302134534240472
2010-06-18,1.749231569621582,1.0167401857351497,0.4363285292555552,0.1381270114959692,0.10079112723609204,0.006127428140202648
2010-06-21,0.17593818555961868,1.7604955985970874,0.4479887763892503,3.3376753159566457,3.167918475256822,0.49246326019383474
2010-06-22,0.06196263106395208,0.7946230086902274,0.03404426482638167,0.214698381003281,0.05806378107041812,0.18341192024662956
2010-06-23,0.11187357573229335,0.22268518516342178,0.06786306877028779,0.0018947392436092134,0.08807636596646826,0.0015217151606629119
2010-06-24,0.13420486128492198,0.08320179297181474,0.07267592978300269,0.6720310235537891,2.777531395455649,0.04611282933448658
2010-06-25,1.2625202453114788,0.001912486402551246,0.30587710637964943,0.019998089416386717,0.003659568922579873,1.6853456566234022
2010-06-28,0.08707352895116002,0.0047088532277634945,0.1160487631731757,0.41143402752669417,1.8033675331948016,0.1888871645060431
2010-06-29,4.547139439584965,0.18571461168427975,0.06841247248925467,1.9353442885105676,0.438651147437808,0.44619582166029575
2010-07-02,0.5728915170088037,0.8910433481306265,6.0177864983334715,0.23828257188092794,0.1888314349403024,1.9048087508808738
2010-07-05,0.04001592136898673,0.3710523787059876,0.3954323567044829,3.5694996016421555e-05,0.03303417528627013,0.3073007003084167
2010-07-06,1.3275626187518288,0.33826238970668726,0.5201021032017371,0.7061632300761185,2.0133771551402746,1.2808589459100768
2010-07-07,0.08764097823653848,0.1272003325028682,0.18478915551358294,0.05954541519448659,0.010620980836961126,0.6112145513361946
2010-07-08,0.22714298982007922,0.10611486538714539,2.0305774991327006,1.573958767625463,0.12539714031653612,0.11664769185219759
2010-07-09,0.9125261219527281,0.39337508190974135,0.011234204056350108,0.4742360706568407,0.1368419369619859,0.032523489412657924
2010-07-12,0.25470910982000106,0.0336056649530917,0.13294913681444623,0.07783867412298794,0.014572129695599359,0.0064076876018396515
2010-07-13,0.008449138642334222,0.21249428814240923,0.7130095983008906,0.013333831620444537,0.0762438925800966,3.3256564627656418
2010-07-15,0.4126333418795766,0.008233282536382088,0.8476799309332164,0.2558063901014695,0.2007150794808571,0.5913718324841829
2010-07-16,0.15751715458405638,0.037041592191973845,0.5214445444593155,0.23062458326677246,0.6256690431599785,0.03910338696984586
2010-07-19,0.3199188476080827,0.06110526650083458,0.2868733177085529,0.17366358769235798,0.11903355009720953,0.01403277955957206
2010-07-20,0.4429091646982963,0.1046375832619939,0.29665640261701226,0.01171837182327368,0.5241174171017235,0.0015579667832390429
2010-07-21,0.3573483767135542,0.06256029597953357,0.14559799031390114,0.5878010472284173,0.620565854025472,0.05624214367556875
2010-07-22,0.013334988728934074,0.13786345871139682,0.012434348312442292,1.0116823609919794,0.06250559949985067,1.0286577178974037
2010-07-23,1.1251366821021622,0.5158062563520989,0.0012347961937127676,0.360513550970499,0.7468235043704006,0.0
2010-07-27,0.00012643900595716434,0.23576517652857798,0.3576217200209067,0.03942506915978465,2.5182052843585505,0.271486081881309
2010-07-28,0.26833582228586544,0.04781025459538458,0.19784253233196583,0.040474069331976614,0.00013730202195338476,1.8369351497330462
2010-07-29,1.6345664771385846,0.056325559470740756,0.42993045856527295,0.16823230188765448,0.008992150664096185,0.00041471388123819097
2010-07-30,0.7977069999165943,0.034079028647025875,0.00490180344596844,0.11054105598925948,0.0210228271077017,0.3232257356742269
2010-08-03,10.017757844562023,0.045621203998994296,2.733534724696867,0.8135506433931502,1.011305624174578,0.16464310458301046
2010-08-04,0.10369392014525053,0.006392231714650264,0.308643412008801,0.18387644316471446,0.10909414164345124,1.1294432932560334
2010-08-05,4.1898691173361104,0.0023470224332399594,0.2513875979256293,0.026491581048833104,0.7571342813557005,0.010564858134221105
2010-08-06,0.2628813651129206,0.01433813243380358,0.01876482427378063,0.15200688084698918,0.000293976586514701,0.49246326019383396
2010-08-10,0.012589348574479485,0.0029602140636883155,0.07325644508537131,0.12977347893262967,2.2820975707359286,19.96942242985766
2010-08-11,0.5141516012943498,0.2513577980675709,0.007687844715660723,1.3941896806804297,0.0005932080937629687,0.09166870244982696
2010-08-16,0.3223019104185074,1.6837975402950807,1.5119090072436643,0.2867209599596638,0.03493652970575013,0.13426303386575722
2010-08-18,0.4049678771791914,1.1738279547315011,2.4709624231866374,0.23346116188070679,5.005489431592756,4.085042810360071
2010-08-19,1.1597900010332707,0.25760821903610487,0.5203205436552146,0.8726889372165818,1.6022122961442058,0.5286972202664355
2010-08-20,0.15804553769043028,0.031150278533762954,0.862010764761491,0.12236587411248698,0.090827338101114,0.32869605545594066
2010-08-24,0.007963741099666768,0.5892777981278794,3.139219957551271,0.21644615407400752,0.15126654195368533,21.06075045068902
2010-08-25,0.5876785957636256,0.394336873687843,0.44612228089519035,0.016004032673004823,0.4479807261613574,5.998473369851769
2010-08-26,0.03925310817758535,0.6185308535663626,1.3431483546758314,0.0005399076761288187,0.03225447544027216,0.5691480632509504
2010-08-27,1.6716227849237817,0.046823981728642466,1.0647097740223974,0.19263341433557302,2.5523260885606356,0.21825847452683125
2010-09-01,0.9608406345145633,2.1638307619532378,0.943759854359732,2.217605176705467,4.3473359113896946,44.788744129161906
2010-09-06,6.638505150534993,0.03601482988607567,16.855659228884466,2.9585770543965517,1.7322853116425405,2.4246379138487764
2010-09-07,0.18162652008569777,0.0008170603516636121,0.6979569755003556,0.0024748349850623177,0.6764484678538978,1.3585410090578325
2010-09-15,14.669085162623034,7.081526035277076,26.14345008342425,1.3093051891244774,0.09147305679528998,6.851554603083411
2010-09-17,0.6714438101197041,0.16549684464917497,0.021792662100272975,0.03018380965929508,0.07171800764039295,3.8576601670527526
2010-09-20,0.16380925944228683,0.034314792942000134,3.392154061727875,0.022420668063490367,0.0030511054780067316,0.004295224167689223
2010-09-21,0.03115527862025432,0.18296921912237657,0.7241573114033232,0.2177296825279532,2.314403874994311,1.0194257781231038
2010-09-22,0.4183219360863574,0.00706373970077046,0.6885062690050828,0.0005263046309894652,0.6851745971177748,0.017496715720652423
2010-09-23,0.033854909227593724,1.2923170307392238,0.10646534640211967,0.17623285967471286,0.049272055374891155,0.4696535374612647
2010-09-24,3.220483646993554,0.22435403212896482,0.07888708245168218,0.09564979446957793,0.2555660862144845,0.05968680876268964
2010-09-27,4.207200666515654,0.8599548123248093,1.149145774963357,0.448448346197686,1.2194461343956897,0.012348425495280495
2010-09-28,0.01811734072723125,0.12022890344152508,0.0007379349373073938,0.2691219701077972,0.11090681710840801,1.1718596286751812
2010-09-29,0.42663702031231,0.021463751403165934,0.09816105486272923,0.07831345404279244,1.1583372941452938,0.23482014701283802
2010-09-30,0.027788785089821053,0.013828252398231952,0.07152516778953132,0.0733395562824672,0.33754898982792936,0.12436646983468073
2010-10-01,1.6903738002979831,0.03705613072322407,0.08428276315255472,1.1413090808993331,0.11272506016404567,0.3818833313648172
2010-10-04,0.3956898763305465,0.07649582684123646,3.381984272884919,1.4622734911229647,2.1854018734143037,1.7286521568612696
2010-10-05,0.38430975370079024,0.45711284719908024,0.1546786478578953,0.043861083424640276,0.27395845806718483,1.344885198764368
2010-10-06,0.10593162843371455,0.2527556895468053,0.35298348598092233,0.7611276996242964,0.9956216961540297,4.528270126836397
2010-10-07,0.22941387772139427,0.015444904155080695,1.3105455830559078,0.5429723317858022,0.6902520701888343,0.09206648390116891
2010-10-08,1.2100036042456417,7.260279699605483e-06,0.03620668941698178,0.17740771283843662,0.6356564422525578,0.369387599493917
2010-10-11,0.0025511836241512696,0.163378882262933,0.18510476832522027,0.10165228092571413,2.281780666584701,0.0
2010-10-12,0.0017827248313126635,0.003191783184003754,1.5543124105863646,0.19813539440437333,0.0062048637303732035,1.1981094408833042
2010-10-13,3.27020851758196,0.4860360935529858,0.4340296662831456,2.764326196036541,2.4835203982045253,0.5559454405347704
2010-10-14,0.03231654565609197,0.0015538128636556005,0.8707592506601907,0.0498272105666418,0.012717271247861763,0.047631052156296136
2010-10-15,0.3533967681480996,0.1906820230216895,0.1624777303348462,0.08357578662446238,0.1187344895550866,0.004280250087878702
2010-10-18,0.7067555991993034,0.3803472615765225,0.0008654898164758153,0.5189483731907661,1.7542526526524616,0.03051049395726625
2010-10-19,0.5222400549496873,0.2867355565181422,0.32224209346893623,0.11958079055456648,0.2820569041940862,0.5238382794882588
2010-10-20,0.14883541827375277,0.015799435129011212,0.000286885246833295,0.17013192001553432,0.013766431739190793,7.287572546795757
2010-10-21,0.06386369133334807,0.0810959611724316,1.837449568295613,0.24258902786971848,0.0048728999735352515,0.42728546227802017
2010-10-22,0.07341709431322628,0.0006497138157759599,0.7802610939400804,0.10040385525428089,0.12061237971054606,0.0005046464798958583
2010-10-26,2.415877460748388,0.17786610939696762,0.02936938991631101,0.12188055249087724,0.1461067827506689,4.8371648886310235
2010-10-27,0.6631059466226976,0.02098452331815245,0.01673676957018569,1.4714158694489778,1.488919084586731,1.2700370966677739
2010-10-28,0.15632755567184026,0.00048433921130126243,0.3255548842080886,0.026811487939545502,0.11007489840039233,0.0004937174434751761
2010-10-29,0.009270778875349052,0.1713709113871988,0.0356322776623646,0.1750281702355526,0.0789459431899628,0.3067999923451099
2010-11-02,0.07340432649195779,0.0036499141871403204,2.8752244366494,3.8976926727297214,4.5056411705265464,1.9648642522187114
2010-11-03,0.3003527910957447,0.0046711489557361326,0.846035199430164,0.3750557581106516,0.7285697860025667,0.22244996581391002
2010-11-04,0.41748537480839426,0.07520388211108346,0.12372181635961196,0.22518664826852053,2.8969871528347126,1.1551899415687175
2010-11-08,3.6725193643808343,0.28555608825473455,5.47314121384221,3.376267092573694,3.051836719715251,3.1966928250646465
2010-11-09,1.056585237072887,0.19291081072192998,0.46427607455413705,0.1595697520244416,0.045626258396793976,2.8862019480749677
2010-11-10,0.27033411011797126,0.009390319797947418,2.649212278829908,0.5448993565635623,0.2543690868800702,0.1779951447841011
2010-11-11,0.10839938289893099,0.885347211356964,1.6244187062487487,0.015897798432961144,1.4370717872224439,1.0496163295650176
2010-11-12,4.52007210410251,0.8498037430081137,2.7151001931848833,1.5995179730658295,1.153157177769811,1.3185316622495087
2010-11-15,0.06569670214173909,0.013598690160173524,2.325187580234111,0.21949123512825477,1.0078504323280923,3.427200147227517
2010-11-18,0.3418798572204478,0.1072767672633018,0.20501106471469693,0.4474843415332246,5.767033994594398,0.41990453920508247
2010-11-19,1.6222414611328362,0.39200976257776066,3.9751021948686955,0.30993069401816237,0.16183883044647962,0.9602873284576523
2010-11-22,0.1878706470653086,0.035880888990807575,0.15864899907426339,0.04077901824215028,1.0560460826785334,0.004951194766620873
2010-11-23,2.8873731826074116,1.098113405962452,0.9003443977545906,4.1857230481736485,0.9182976722531002,1.1524506906328342
2010-11-25,0.416646186051315,0.3606379032356898,1.4628784670296533,1.0979075847191362,1.693083005836839,4.369556045598028
2010-11-26,2.626490319142738,0.0882870388007973,1.1608312200543718,0.001325310178409357,0.22449499721603366,0.0
2010-11-30,9.628239859918791,0.20989379379468484,6.224338179734787,0.1802675116249143,1.8040421175465056,6.890312061990408
2010-12-01,6.043171408238589,0.00016373983566637143,1.5282487354481047,1.3859351482484077,1.5324714008168765,0.14224185309286375
2010-12-02,4.261411000088534,1.4189251241404472,12.837274566321272,0.2522087615302304,1.9553360397955553,2.7333829489317094
2010-12-03,0.002066596143118186,0.022237949146535377,0.4389813142071764,0.6419382449500283,0.04093701071289664,2.3067437910905797
2010-12-08,3.9012661847074632,0.36375480061594906,1.1288148111818066,0.9071520558538136,0.7607751755606461,6.39873598792305
2010-12-09,0.18169158544929337,0.548971467597332,0.07664587239672135,0.05325861566825168,1.0923817264117757,2.8433813277475126
2010-12-13,6.30236813826273,0.5757911951059858,5.104755487394051,0.7608572669503603,0.05980248228598806,39.06326925210047
2010-12-14,0.004832918688473595,0.0027359151794720043,0.6244673217376673,0.028951478959107345,0.1560556364573869,0.010414455294498139
2010-12-15,0.7282177178876647,0.009608380729666416,2.002119571428676,0.8828191211302738,0.035038362367699895,0.5975135656495725
2010-12-16,5.7360506177035875,0.5933637709711843,1.5345515033411241,0.00022296056231308305,0.3231977123487959,7.46391966750648
2010-12-17,0.0754884921802473,0.024796442188707482,0.19616033449943351,0.028733079361814785,0.4842550609178953,1.1161019472814617
2010-12-20,0.12727884348659976,0.07131262975184234,0.23532334305440858,0.40695763636682486,2.4720010939772576,2.1109491316588103
2010-12-21,3.628863483642172,0.38413497916893846,0.131297946746473,0.04826049201985711,0.43756380969292086,0.5315779871274691
2010-12-22,0.2133348392098273,0.42718588594012635,0.2831049799209241,0.020147805861912924,0.3428543967016623,0.00387953262365261
2010-12-23,0.06406958941463581,0.0014163264056747098,1.5990947987525936,0.043219749308553455,0.043589973366049965,1.6255424606298505
2010-12-28,1.77673682224895,0.03812385186842326,0.0024220985699386576,2.1107656432131927,0.47459898458320504,0.6675137127617314
2010-12-29,1.1363504050768893,0.20582928354809665,0.7134225631745305,0.573894161116731,0.368339198740963,0.010893774934966783
2010-12-30,0.013464397457591006,0.12734279445786514,0.0018984280506363453,0.020089640020641467,0.031341049306943335,0.2932819983794707
2011-01-04,2.2963284768761207,4.614143524348637,0.17457193820986747,1.3705966804812133,0.8649991833870981,0.9044197445966697
2011-01-05,0.3930727388111565,0.8389871491575924,0.018602208052967615,0.014825478513537216,0.6395841625492124,0.7177478830728006
2011-01-06,1.5927479327553515,0.019703282040272642,0.010262211086847998,0.6068574441730513,0.0003620275761665855,0.006884077794954715
2011-01-07,8.094889175457586,0.05979920804504006,0.12242349141368515,0.314798409170866,1.9381312618016802,0.0068840777949568215
2011-01-10,18.50508513074763,0.3071981490497428,4.6801966789470315,0.9771596284684669,3.2155480685249556,0.0
2011-01-11,0.4564451278771605,0.0013769787415738493,3.8794290587956777,0.14265623821182633,0.20868956725702906,0.8802023039872829
2011-01-12,8.082688161159048,0.05147526044938904,0.01450788731599242,0.011315519775194639,0.3625206286732198,0.05296888387059098
2011-01-13,0.08163106218493471,0.10441638303022274,0.657922808384799,0.11307852860012077,2.297209068842061,1.353798815267545
2011-01-14,0.013910267744151885,0.01130460905617774,2.2804590006344645,0.09292882315011626,0.07442492437119676,1.0982844794872066
2011-01-17,0.8846809734088835,0.08560548901605027,0.15160579556614634,0.05111078422080236,0.7788737473221501,1.4860384214950202
2011-01-18,0.1329981900991938,0.08010498979691916,3.380346196993424,0.11393437027899653,0.017386245687317614,0.1964980448650748
2011-01-19,0.16453019107598088,0.05066552345293903,0.6631484340697754,0.05511733499168825,0.992902442414038,2.871157389399547
2011-01-21,20.04373549918883,1.50177580598297,4.909301838973348,3.1867069753887507,7.650589831576849,7.037236020356976
2011-01-24,0.9913468761196083,0.08331382627475742,1.5147878203750078,0.0013261180906774764,18.961248894515528,3.4790391119902853
2011-01-25,6.7156373859248655,1.161523672795931,2.1458202959269657,0.020971274439213577,0.22005221604075403,2.43812871617462
2011-01-26,3.823996232212655,0.17820014792214262,0.5275375452809549,1.5328518433311733,3.8075483761199473,0.019471283844960597
2011-01-27,0.13535958818186583,0.2087092087685949,2.2074273949897703,0.0008701788928851692,0.7735113264554472,0.07777664404946887
2011-01-28,0.5953414696457775,0.11061025654795427,0.2562660231490973,0.09348623370297848,0.2458180553286529,2.4313959412306048
2011-02-08,0.6348047409040594,1.3310708813436833,5.479548862288731,1.9101432098853284,0.02992816169114627,3.8367232503865516
2011-02-09,1.52484632044583,0.05121286725957596,0.8269543205574705,1.206727026809293,1.9503497651167803,0.13266297698025836
2011-02-10,1.6659864795012214,4.454464172533429,7.6817460889536235,2.2756342911855083,4.699798660534394,0.21187609662471626
2011-02-11,0.28700497758971005,0.39897817935542884,0.08383736430345196,0.7143936588485789,0.002556305316525745,0.0014787211836837838
2011-02-14,0.5393500480387385,0.519410789280607,1.5903841139169619,0.7715919422437084,3.3348716598267525,1.3021120659498422
2011-02-16,2.7207761271693944e-07,0.004150336687677916,0.161951865260634,0.0979347733339264,2.36904648351212,0.04587966469839895
2011-02-17,0.2638214901581607,0.022477419712338173,2.003399421799107,0.14817822237240086,1.8640027066964273,0.3915446942940311
2011-02-22,0.23587231302333453,0.11257033962086861,4.63044569602768,4.3608275799789755,0.7110941393068113,66.07380832602745
2011-02-23,0.44209699087139304,0.027764631223519718,0.51390894860706,0.32909029366631026,0.13994188643732935,0.02214899084470368
2011-02-24,1.0247410269419,2.0038117743495656,0.4897187513802718,0.9274304458820102,1.9354123745811413,4.0692402095902365
2011-02-25,0.01633231065221642,0.0016223529040056517,0.027570335629124084,3.0155971555526557,0.7838038036349401,1.508147845468391
2011-02-28,0.6018240381347946,0.017652159587259783,0.6262160219040276,0.23565691839123024,0.04106815695410276,1.4553797103655837
2011-03-01,1.4656683806449338,0.5391416534888228,0.21484898632267585,3.5291476818581935,0.43935614266656986,1.02715339363648
2011-03-02,0.5700044888906823,0.03890001274676454,0.0774973356025599,1.7305470965782077,0.4833459748385813,3.228416880748602
2011-03-03,0.0571218951826487,0.25565956329573936,2.516381443019331,0.10529727516293419,0.06340858582327177,1.4608906710442797
2011-03-04,1.8892466563346744,1.0784130138013899,1.5905383915441238,0.6174016773618672,0.34469813853712145,2.292247028612127
2011-03-07,0.2805052251412725,0.2045025530412134,0.009418804472567667,0.028914501339334094,0.4947860470884816,3.7673684428150507
2011-03-08,0.2712068885839529,0.016025923787130764,0.10131100599196984,1.463303539206374,2.3913532537256432,2.3289811701026166
2011-03-09,0.2616567495369218,0.1572351333763043,0.5117047449794444,0.12467624721232493,0.023492630124410788,1.073419474167547
2011-03-10,0.09418241057602772,0.19887965499516166,0.7037040760939642,0.3204883597365529,0.04711680921156923,6.342822985306132
2011-03-11,1.6233066060678902,1.9978579183272593,0.815066172421294,1.0905794816568901,1.4405779002147676,6.645486736365612
2011-03-14,0.6028920728482562,0.00032600649022403085,0.020759150792779093,0.17292598048186633,2.432594269055524,9.723179661123538
2011-03-15,1.6350211541397832,0.5662241999614487,0.3283275382930548,8.049104305466905,3.8168608763446823,5.576608540998801
2011-03-16,0.039302192677212695,0.3110109333554459,0.21132138864704694,0.7094856013022095,0.25019542439583176,1.197009616014189
2011-03-17,1.8157265792951032,0.0005500265119549342,2.5181573775595685,0.9043900827064046,0.330615307798126,0.45014112990434263
2011-03-21,0.9784688533701873,1.2521292711753627,0.49418868714646685,1.880137097814396,3.022998265872715,2.8211436658682625
2011-03-22,0.0010224531144738002,0.00021249903868581096,0.0652148122327946,0.4132011525303806,0.006003794038196628,0.5627866342750846
2011-03-23,1.18547288263824,0.03609948508522186,0.0012818217421310821,0.41643523128050525,0.6737923111705602,0.3607232501184482
2011-03-24,2.3904273660375135,0.015277692251897837,0.1319545363983712,0.472247197597429,0.4414620508237265,1.8399943212647618
2011-03-25,0.01573848957451672,0.012746298585934733,0.7887838311487785,0.8276321884119305,0.10392379210624839,0.6138162943599491
2011-03-28,0.013925750908554793,0.007364638541620332,0.9604128912937536,0.19297277854786246,0.21405131523213258,0.15405578968775116
2011-03-29,0.09945043865895264,0.1481675841511133,0.029793385993099622,0.0001977703049461001,0.10926404404176128,0.12166996012575626
2011-03-30,1.8709439303615,0.5719911769562678,8.633687939212585,1.5559180830223664,1.880611257891408,0.20936754302491614
2011-03-31,1.060909561788802,0.7700977563313542,0.6042527807244884,0.11533807194376057,0.09246688627480218,0.05704692110440248
2011-04-01,0.6087002034134398,0.437164221258775,3.3054310037687853,0.22053925653115383,2.552645402275773,0.17049418972785613
2011-04-04,0.04035078478368431,4.1313023356097854e-05,3.671538188416228,0.4143043565594082,1.7836405058914737,0.17191093364392696
2011-04-05,0.14600414178380022,0.024043122828750412,1.0219947057133119,0.03802126458009403,0.05514441988202889,0.00047829140344606073
2011-04-07,1.449620374054167,0.32361169375163984,1.5580473047369203,0.6212201814592226,1.4595902119397737,1.872916261486945
2011-04-08,0.09031253591599651,0.08103846739896615,0.2602329908520083,0.24259494560841738,0.36047967462939146,0.02973934808964192
2011-04-18,0.15575033068327437,3.674192291215908,0.43860245501135775,1.8389052635591403,0.5392839618838025,3.661550495625767
2011-04-19,0.02235636265243644,0.1756393881239036,0.31728668678778155,0.3677187113794361,0.22709717106671745,0.1567787805922252
2011-04-20,2.7235805276927443,0.38660612849138903,0.48150068476991137,1.6520192300906467,1.0859917821396892,1.1075678661093447
2011-04-25,0.026927303310131028,0.20820015717177606,1.7301750640406166,0.4761158462540014,0.03042731626402886,2.3613254064250357
2011-04-26,0.1306458238754324,0.046498052905055445,0.3569373957201164,0.2497186291993926,0.5930372594789858,0.6365612684496824
2011-04-27,0.6291025036051681,0.028267515470841723,0.13332561237286297,0.11661232348377307,0.16024977663192372,2.526130489427527
2011-04-28,0.011029252418624612,0.12368592648118708,0.976389921962471,0.005264352174058904,0.6792898845322998,0.5839598924172833
2011-04-29,0.0785322822407086,0.0005201048717212253,0.8953492526758645,0.14874415528828674,0.013080712673161658,2.2832617932414174
2011-05-04,0.015094839985119596,0.18119286304544596,0.24435896184418524,3.9086511573270313,3.267579519799105,1.8084910239796197
2011-05-06,0.18501438774632176,0.7217661932336207,3.4536375226069462,0.1277943680259921,4.736150328571878,8.399269104391344
2011-05-09,0.11941854830130195,0.06639416852597785,0.807341140638529,1.4401240104080455,4.147346434249746,1.020750972382729
2011-05-10,0.1578589974074472,0.06774873198190705,1.1540642574711457,0.37699620316455784,1.4717729003974889,0.6283124736693094
2011-05-11,0.9703262864953559,0.6849552108293174,0.5458562888415168,0.43641930537580237,1.86333247136468,0.15522578071766047
2011-05-12,0.5925735453318929,0.05942922088757685,0.2837424491221981,2.1955062498659323,1.689116931260281,0.051942293900126314
2011-05-13,0.3723196773032886,0.3024384272086698,0.21396884892083196,1.1149536984343669,0.014562296964085859,0.24906616403796028
2011-05-18,0.045558720718683256,0.0011830188402978442,0.06791684106300047,0.5080584372743312,0.7016134733494228,28.178360946774692
2011-05-19,0.25920180127722603,0.031778516173072834,0.015648891539847446,0.7652886878744853,0.02180631398233443,4.940873966246014
2011-05-20,0.11554966870549882,0.03757295696290404,0.08854343959150136,7.261643940018827e-05,0.17986534858483402,7.4762780209398585
2011-05-23,6.102024524448157,0.6162578754709264,0.2642201353750448,3.420235035603533,3.1821317283883257,12.605272933598917
2011-05-24,0.03920675236635884,0.04208900087166229,0.7235589365737399,0.007035543272506986,0.9403105841613062,13.733943785923124
2011-05-25,0.02335190018731253,0.008947678125024786,0.7356276245393659,0.03183920158278702,0.6737781234815837,16.867786488111587
2011-05-26,0.832750534282595,0.22984987246990082,0.8835612183181374,0.026179124899399133,0.8732300644606301,8.74911499493313
2011-05-27,0.2109627825922171,0.25168208563266237,1.0681295367649974,0.14264631974671724,0.021134559892202563,10.020056463444822
2011-05-31,0.01432190326242683,0.3818889985850547,0.491734505770706,0.601372028939811,0.40713122387631284,6.4902776398135185
2011-06-01,0.000428070385767657,0.014418025298045214,0.9612166378798763,0.16701314557951452,0.5875954856482513,11.136524572656818
2011-06-03,0.02655527787956617,0.04845751156872155,0.06761040074269967,0.7412691363639323,0.535559407584787,3.068930792971651
2011-06-06,0.0654156852150458,0.24552162004292674,0.8191191804024137,1.0415265920451402,1.236907740522329,4.791151346947
2011-06-07,0.05198401870472259,0.0002594706156898344,0.2793320744964199,0.005079524345870877,1.202640924424508,5.091819324466084
2011-06-08,0.19962612640310812,4.1504388302688554e-05,0.2000281053360094,0.17398344001800267,3.87503203275431,0.8618218128127858
2011-06-09,0.26473009127553265,0.0033658488462930585,0.5380445581273087,0.030449502135967074,0.049945051542432575,0.9918845129867746
2011-06-10,0.23840477278304298,0.11638465162698514,0.012709925581944783,0.38740470541518224,0.11941947357596257,0.050612388816189784
2011-06-13,1.0651545189561606,0.44184709092865565,1.3111014844655315,0.3959702689245728,0.22606499633052082,0.2685252732860815
2011-06-14,0.42486682101742307,0.02889503388654047,0.5661469524851662,0.002911447743370237,3.5772044284145967,0.07367531401673662
2011-06-15,0.3073858737443249,0.244758172596877,2.1468131024601433,0.007070829242249189,0.19930749533704142,0.0
2011-06-16,2.0378975777570036,0.015720513688853674,0.45678996350770235,1.3043593911559592,1.102173095614994,0.6964902863381893
2011-06-17,0.23706851796853745,0.34756755526129435,0.23010947582849903,0.24295894555992628,0.003350333361687335,2.031201512465872
2011-06-21,3.734854128809807,0.02856206669944083,1.969834621595918,2.534782528713573,0.7327714425716431,0.7431721062907014
2011-06-22,0.49865761142562887,0.1759090451156761,0.6265084978971581,0.12276072735106895,0.14159745076027017,0.4938037626380922
2011-06-23,0.0022613950787657216,0.0706343265531646,0.009517830031803162,0.0038552200204823354,0.9117723854207572,1.2053991839172744
2011-06-24,0.4216063105573849,0.00883604078935574,1.390086753375371,0.5244764686630221,0.7481782414797256,0.10401051638307966
2011-06-27,0.8410378961745457,0.018732159388198135,0.0025110132495829223,0.3688741825948599,1.541003698685994,0.04303344621866137
2011-06-28,0.1943327206242172,0.22929306328016882,0.0002664383156935975,0.006774599368217041,0.09875729264791056,0.21305128373469515
2011-06-30,2.2816647691294523,0.33035613402403696,0.0008081442601516449,5.095589502683812,7.416402540613727,0.002139383471757366
2011-07-05,0.8285818120337111,0.03094083097697185,11.558482699850753,0.08761248650582132,16.450522877067264,0.12070317647180917
2011-07-06,0.1500438577341185,0.35776839614308004,0.8549025979436118,0.23019863033135102,1.2192055006993896,0.394912385453089
2011-07-07,0.6047532203355048,0.004781238789189164,0.2724423129756434,0.1279238574289577,0.9309458699033039,0.15692088358110504
2011-07-08,2.614602467084284,0.07984949670346218,0.12680207960876666,0.655459749437462,0.24552259989120956,0.004864102186788715
2011-07-11,0.04105423933569001,0.14978445319580072,0.12664319047604528,1.1705062228002077,1.073629991403371,1.4782193617286028
2011-07-12,2.1064802794544617,0.43810253822356804,0.3488723903235255,1.8329149876813433,1.9268506701843346,3.429551302052253
2011-07-13,1.1701482278437405,0.026479727904406888,1.517015974086987,0.17710561898001828,1.9683116585770661,0.04641436761906958
2011-07-14,0.17714315170210415,0.00275920271805338,0.19618504759499497,8.220436390561295e-05,0.05414845490872156,0.02797058759521284
2011-07-18,0.7746042398253419,1.2067640434532354,1.3899172622571514,0.09996098316368283,0.1387384372422362,0.5517299319370921
2011-07-19,0.05629038290791973,0.19813424101769492,0.04628601789657272,0.3092626256057206,1.3846270146858017,1.9053227869063296
2011-07-20,0.4544645309222172,0.19870493385677956,0.22631300488267764,0.9553147141237268,0.17517075761942047,2.6261687032326284
2011-07-21,0.18459778072819408,0.04237917571829143,0.3618505120958694,0.14625999973469941,0.06355316567265046,0.7950925155544186
2011-07-22,0.8987071662809506,0.0022953685760523446,0.0013568084027440123,1.9769080630834528,2.3046368469891183,0.8997775180597571
2011-07-25,0.23186502952688148,0.12213884830142106,0.00228264070725327,0.12873612040929258,0.3383566966002804,0.0015282659278492681
2011-07-26,1.2355079439627372,0.01933333099123404,0.10696673450900736,0.2232261891916949,0.27991670966886534,9.546995987125892e-05
2011-07-27,0.9904337777680076,0.053255808944269484,0.1446956252498072,0.04773818405048377,0.6500762560861864,0.0
2011-07-28,0.46230141941356034,0.16205709256500683,4.060468186859011e-06,0.01336583979967232,0.10501041338812041,0.05980895464853194
2011-07-29,0.13186168643328816,0.03998082032944553,0.214916116007306,0.0003422734416880839,0.005618511706144003,0.4399822890566755
2011-08-01,2.26519743273881,0.3507529814575788,1.0732856899982768,0.6597376430192444,0.867989002547432,0.8623476293807648
2011-08-02,0.13881361052189506,0.04122158400694278,0.04185159810761485,1.4269808597477194,0.1573859758690085,1.8294094223817632
2011-08-03,0.9888664211893226,0.3956969679687972,1.3666596842809076,2.1975270252909476,0.2928128897039804,1.6623595711651762
2011-08-04,0.12196449080460445,0.013406300395347234,0.08467035988676774,0.559623812101365,0.7009390085912225,1.3529369442621524
2011-08-05,24.848844343334672,2.1391602165035803,2.0491673226342417,13.53509191384274,7.6335261781517145,0.16458461299436644
2011-08-08,3.3739993091240064,3.299376554574764,5.87987282121898,14.207293409212086,1.9572472453176524,0.10071523530832813
2011-08-10,0.11908673073877478,1.2239059416770097,0.9090728054265781,4.864165486420644,2.8280106474805695,7.068384191850397
2011-08-11,0.02241750349593774,0.07540990109265974,0.23572396765158543,0.784087512862427,0.030723729780363796,0.17253160293742753
2011-08-15,5.363469482349219,2.4474878310946866,0.2500181303824158,7.60404240953934,5.096759800314745,0.0004332151218025611
2011-08-16,0.029059798722636875,0.0100134820818565,0.8475027165189495,2.1324815693531947,0.7392219453493645,0.31411332159573857
2011-08-18,2.8846405462715574,0.113679884549827,0.4939362486530501,0.07544430673661709,1.2419915679106333,17.291834460150714
2011-08-19,20.558391210409276,1.67316028874716,2.11920454133828,10.800318447726271,3.3973103616343137,0.28098771586955884
2011-08-22,0.006648688570897326,0.6395074763524264,1.2782280952128895,0.0044347449898130145,0.016199563077832685,1.7067604178539917
2011-08-23,1.1198739826748907,0.4776775085855996,3.7831343373915987,1.4714740756310085,0.9876949666803583,1.3847665671485894
2011-08-24,0.7492521268954896,0.8024820349288635,0.04183347087846179,2.49568147715787,1.0640289340964943,1.3293000867553937
2011-08-25,0.0047235195929379095,0.09037678715621357,0.2977239302055156,2.563554844599462,4.281509916412411,1.5503119364503966
2011-08-26,0.004740514377038024,1.8768671377468829,0.7373199996403405,0.40568966116044275,1.404560693746345,0.46559122268771713
2011-09-05,0.40219263708389374,1.5859052466240664,3.14204608720173,0.8194218913410627,1.3253798472027065,55.67890444657686
2011-09-06,0.3766016684882425,0.35979900029972556,3.349624128258769,0.004790975757170033,0.3663589536229713,0.009729120439171186
2011-09-07,7.9811246306577575,0.49226664123388864,0.07923764577352191,4.139526591694322,1.5258032243583455,3.1658697540096794
2011-09-08,0.009768434628046819,0.12657460709687002,0.9169574932048177,0.7583012345637162,0.10629290493561469,4.269956314372928
2011-09-09,0.02962350379649767,0.0023342347815025377,0.060016350042255036,1.2300399373165962,0.8500186795531532,2.1277033034015234
2011-09-12,6.7282530688943005,2.459457640475003,1.340037207611342,8.633433382758636,4.195871780901336,0.42553357254607366
2011-09-13,0.30153851171875434,0.014457014935620205,0.005344916376268639,0.26965266651657727,0.7813744060317294,1.926385400862539
2011-09-14,3.897468916629298,0.5185860145863909,0.634153306687089,0.1332137114396732,0.718846922443664,0.264961308687252
2011-09-15,0.42558703412322313,0.2169120932258916,0.5793509270160019,0.9338201758076733,1.656209750663851,0.6161256778857838
2011-09-20,0.34875663887434816,2.0395003343677423,2.8293143446801237,0.28825443278452056,0.9272044795331689,12.422359240268499
2011-09-21,2.150068580373992,0.35249176259360576,0.13593892347582934,0.15444186496755813,0.10368329150468807,2.2737304540392342
2011-09-22,86.48411473261027,4.952230176804579,6.796509746198107,7.242448489438783,14.911304432653102,0.14204114801132803
2011-09-23,2.834489685941703,2.523082513652962,27.73631491406204,0.48496400721812166,11.079579098843308,4.05840041108239
2011-09-26,10.688866349183705,6.406642396065697,18.764910434121497,2.7630723619915996,33.77820885675667,1.8013627982032319
2011-09-28,33.31262432897924,8.64952535540095,16.63262868741329,3.0625796508830474,9.00467138580132,0.011223701460535892
2011-09-29,0.46397871980631206,1.3301439024058797,0.0015165456226600026,0.0662204259780771,0.33668974775964833,1.8674078715504663
2011-09-30,0.11193422619689221,0.0005656848879432412,9.59928990233501,1.5004186545488187,1.1783958959975664,0.012586929354948206
2011-10-03,33.75642902974451,2.0271988119073483,11.580685288322076,4.121171959190265,27.610641772103694,1.6637247209443138
2011-10-04,5.737243322252105,0.20249999701705368,0.8709615506628459,12.310342508529626,2.583133684780519,0.8794073138210111
2011-10-05,0.5255560265897484,1.090358309815406,0.03148731910107259,0.00833779785513369,0.7024811050823374,0.05392936488234815
2011-10-06,19.80461416141604,1.6936281179357837,3.0531976407005725,8.410866998132683,33.07983460608129,0.9516932810929004
2011-10-07,0.25733043732780886,0.20730912798975556,9.038355736134552,2.0112330766710507,0.24920764163203324,0.6335260263887814
2011-10-10,0.5457066935976069,0.046321565376532516,0.6055294509981265,1.112817860464264,2.335182656974268,0.16476499505206849
2011-10-11,5.338848456866164,1.0823301356017712,2.8416305278715623,0.8524486604836111,5.363796208671066,0.21248124713265792
2011-10-12,8.451140669502863,1.4079465620787883,0.06438201549002177,2.709979948575657,0.7056503901155671,2.7096710179318464
2011-10-13,1.1647702115712797,1.298324892605062,0.1280778830652831,0.01908985962417152,2.850148473452941,0.16647635282789
2011-10-14,0.08506704759926144,0.02856506100945161,0.20845546308708252,0.13867269114180417,4.027236939281091,0.21109292757495793
2011-10-17,3.028676964128126,2.4853133194384482,2.1292326867456874,1.5880314739069272,2.6948284332164274,0.7823410521303533
2011-10-18,8.47406860476314,3.059945449863193,1.866774564994061,3.89103486603912,3.850440300102251,2.5591042888333893
2011-10-19,2.9997184369311736,0.5090180374065845,0.7554107659033694,0.027079000368298387,2.3716154069025195,0.6195612696096461
2011-10-20,2.92854333395005,0.3935925678581557,0.3019402538407609,0.9366901261270482,9.92087306588283,0.41099837632221153
2011-10-21,0.0034000288946720463,0.02663446689063819,0.009068677075005686,0.46331336837707154,0.6292347550291757,3.2112162709398575
2011-10-25,6.004099939967472,1.7156364673374,3.2605734254408003,4.405016836710865,7.953218504063412,0.1617957688676141
2011-10-27,7.429216259783512,0.803964520843476,0.34465573659828236,7.639908746217025,3.4304147847594497,1.6983586538318454
2011-10-28,0.196873571851366,0.5440737394983675,2.371036230352472,4.086533018270069,1.8113709269898421,3.060837021153476
2011-11-02,3.1077526948686223,0.5420800240567138,2.9107460567973833,6.114466934554698,0.5794698358011856,11.846566186720716
2011-11-03,2.348144221773764,0.3422265700042417,1.402663154802747,0.7665033753596099,0.7341715420929602,0.025366572061433584
2011-11-04,4.318684545866966,1.0608672728417643,2.1009280238788035,1.823181601139509,0.0006818069524822055,0.2705470155687145
2011-11-08,0.33674189225405343,0.03978344731197474,1.000844051327399,0.4092801996445042,7.251907772885316,0.23133750114559873
2011-11-09,1.8218340547367347,0.3821299392107249,0.5301469305583405,0.07539442257206028,2.556743351628909,0.7023428010451059
2011-11-10,3.6993018285031263,1.315832526334835,2.0071457340579055,6.463350754450091,0.002257503265596191,1.0649941596014634
2011-11-11,0.017456611103770166,0.0703213125669751,0.4211836484185559,0.020984527327940306,0.075823000009994,1.4077199070942805
2011-11-14,2.024711875229248,0.47149926740790243,1.02606816133691,1.9641755027095602,1.8536543468039963,1.3393770300885932
2011-11-15,0.25211861707430355,0.01246251021582494,0.024751319032503948,0.4417874770704235,0.004910014081845871,0.9856761621666319
2011-11-16,4.2297419374471156e-05,0.0006619112230157155,0.2580248237207367,0.021715426105385936,1.500606886311784,0.6015489298020635
2011-11-17,0.32968774603017176,0.5973213450318804,0.025739887026263685,1.0923974950039355,0.14046047332300188,1.6774345316028842
2011-11-18,1.001032762017079,0.5749474469121574,0.5569922906616881,3.0258801939487494,0.869521997111952,2.658157526844694
2011-11-21,4.035602570074097,1.9796386568939415,0.004736343227439498,1.4215406923179248,3.8368241870138395,0.016007876542254565
2011-11-22,2.257184377490863,0.0741364200317783,0.05122767142874448,0.5038987698138899,1.6013381279731873,0.4742538208828967
2011-11-23,1.7095394488578672,0.11272763728874195,0.17997698916283655,2.2697744850324386,0.0025146845600482995,3.12624651247
2011-11-25,1.8505189360458583,0.01279154805406047,0.05493366910267197,1.5054624634784648,0.9938025389108451,1.8292356251039084
2011-11-29,1.9070928990037603,0.8386353214772324,1.4238780368428787,2.745065744783744,4.561987180726453,0.013795712770215145
2011-12-01,6.246530647538495,7.658689170963278,3.502347134003047,7.331587386875245,9.598116606307693,0.5386800319232932
2011-12-02,0.0011164568340326106,0.06392558185699049,5.9178789433206795e-05,0.1720636361511739,0.9956027197204348,0.9792344865016517
2011-12-06,0.520119937071828,0.2975323516856672,0.036143442543846264,0.7630221558566782,0.018473018621831438,2.666501025280785
2011-12-07,1.1557483159396997,0.01950959489134214,0.5680187749988984,1.4504070664205988,2.360797096345039,0.5917065889066238
2011-12-08,0.09177717533779305,0.4642321739352821,0.002792682321370359,3.8751495902931135,0.1115396121360801,2.1070347594593177
2011-12-09,0.34513722058592367,0.7606244668565212,0.22457466659248104,1.5456916440792046,0.7914717074480323,1.3881675495669563
2011-12-13,0.011139976159315269,0.12930873987205133,0.05309865714335782,0.10847241149655344,0.10784198537808215,2.0874225527958417
2011-12-14,0.10156398225358414,0.024033992839449955,0.005969207794757957,0.24831571205064554,0.48195247202864844,1.2910007787336455
2011-12-15,1.804864103751279,0.0045751796999216445,0.0057908608878243254,1.9586306912848885,0.004412037927834228,0.7035323552415524
2011-12-16,3.2002857711696677,0.020738912169087742,0.2690038662997571,0.8198906872660471,0.9254556134684127,0.1800828521328117
2011-12-19,0.0026301769773512565,0.6167496545491133,0.09345020333537685,2.429781944139519,0.0024337709328489604,0.13956765943319788
2011-12-20,0.2277266799660124,0.7343932598800561,0.30873771441593073,0.019358442015930327,0.0006330318518642361,0.2227731861553178
2011-12-21,1.2348062802182982,1.803644786263596,0.3757800218094244,4.958388648366104,1.0144665288809622,0.31253596997164845
2011-12-22,0.0009603797794890012,0.18958959978379283,0.0013075547002257778,0.10189789809324054,0.013903222981665178,4.076561921076021
2011-12-23,0.002023649031835634,0.09857580707511898,0.001658602271139517,0.1909449617056179,0.24524468404499603,1.3481153232964707
2011-12-27,0.04148193229513334,0.10089868756946607,0.06128058939879231,0.011349662796119788,0.7575798100253754,5.708679302308839
2011-12-28,0.2859879621840385,0.045357831498250116,0.32518549342846886,0.07619876668757146,0.00034164129687028503,0.6706776483403404
2011-12-29,1.0899984528635924,0.029371155149581836,0.6583521813019555,0.059836468900841926,0.17399843543050736,0.0018306101675157004
2012-01-04,6.53861685073703,0.026918339572544546,6.835354701028254,2.0180517530272213,1.4259183710391556,0.22808956983732165
2012-01-05,0.0008770043378365244,0.45761085711685806,0.47816193421536285,0.005438438835899713,0.003241086496254862,5.247240351288194
2012-01-06,0.8983350907302201,0.00039261915413954393,0.6238020593236308,0.008965450234955099,0.002714479660650809,1.5438277293777247
2012-01-10,3.1625070174093826,0.2680819298021605,2.9538334074164116,0.02434017169983658,2.5802540488716086,5.445235357097414
2012-01-11,0.5537608928051272,0.00038857483083310965,3.3918648941189407,0.9974577398563182,0.01795359244465799,0.6315092286282102
2012-01-12,1.3345479629982026e-05,0.04604408121485384,0.002344350471096129,0.015975044897934894,0.0032530707206460934,0.03823260337481107
2012-01-13,0.4336179197738086,0.026686315352728807,0.5479440548280975,2.993130241659194,0.5007821450458187,3.1364978528659853
2012-01-16,0.4270390590920539,0.8539645534448681,0.5768685374724416,1.5965083548197785,0.5615291640497322,0.9882566147292742
2012-01-17,1.3132561798157985,0.4626998828047505,1.917067620947912,4.539489087409655,3.4811623873444892,0.07631673234459588
2012-01-18,0.34724107119707054,0.017004611322509144,0.5595776231530943,0.5312996385827415,0.2160939674979148,1.1095285139367588
2012-01-19,0.33076709160463613,0.0014113746041534915,0.23539917956865622,0.3176727965334356,0.4785164164238436,8.564293648141424
2012-01-20,0.1328738063202297,0.1481744835401804,1.0122654825030488,1.8197914344929518,0.0006988763947822478,0.013274520015213554
2012-01-30,3.262074544984379,0.3601092845866925,4.849144539066832,1.8396200551750719,2.264071425058489,9.928207576728003
2012-01-31,0.45618961924604684,0.2601783024434218,0.662222890640353,0.4032645689728263,0.7360574288251647,0.6147405274124803
2012-02-02,3.572337341842256,1.0675665920243478,8.63540368139455,0.03785552860964637,0.5010479097393948,11.939410050056072
2012-02-03,0.000563145070247295,0.011933649705560996,1.7578040947472036,0.33779243313422025,0.44175429798434185,0.0010474591804430012
2012-02-08,0.46356633352887744,0.8688230948433312,0.9754160111712067,4.7436703245180585,2.3923961370842264,3.6883384857822095
2012-02-09,0.05941802442811,0.6061813490372409,0.5710551994016178,0.001193371497467737,0.00953034023917449,0.20534573788771057
2012-02-10,2.848770348793797,0.05479633331288812,0.0846821362520419,0.507876631750361,0.14596250936721877,2.4352292484862788
2012-02-13,1.581309747642927,0.005512577439977673,0.1491519220005224,0.3030633466183322,0.1621143545524166,5.609569001874988
2012-02-14,0.052705852513115256,0.04263025015765015,0.2970189248218781,0.13781724976039678,0.9769364081951274,1.4071691467615615
2012-02-15,3.327632901616588e-05,0.09227729911895806,0.005252199052174426,0.6546878024214073,3.2317751749796573,0.5106306625244512
2012-02-16,0.4167453821484216,0.48272413029906563,0.015304258312569468,1.3259049911826395,0.30756281460491564,0.051403406083366604
2012-02-17,1.5331464570777042,0.18371847312548953,5.599735982992507,0.6124189643903741,0.7402635103366119,2.8830139770636127
2012-02-21,0.4381414776027615,0.1805181706288967,0.1710913003328262,0.6602032164254225,0.8490867941805131,3.494473361414907
2012-02-22,0.0392932668349936,0.0435504490522477,0.4599265716072457,0.9590319783576083,0.05090520807574824,3.271612963287373
2012-02-23,0.8292515421493603,0.06133494373050722,0.689746412907863,0.8350912798114918,0.03902652251708565,1.693166870965979
2012-02-24,2.6771566667348163,0.018347757623697104,9.621750675475321e-05,0.10731653101943525,0.2819791331526591,0.011789104705913813
2012-02-27,0.7483692075964614,0.00030002057831084557,3.7394330984998816,1.1163539170369983,0.9470911156422038,1.36713849963655
2012-02-28,1.200726929944877,0.021987474747516424,0.19317552045481584,0.6018616511792527,0.9675771889593685,2.1182403219987367
2012-02-29,4.285661560608797,0.6831394862468496,2.5256539419182307,0.6657437936877663,1.6106427866129012,0.11273026294611982
2012-03-01,0.33280153316804034,0.05846480098275478,0.6936239821482335,0.2597281340611617,0.12308276460867641,1.0246153126874487
2012-03-02,1.1426536410471524,0.4282110465984994,2.436310104323629,0.24068198703582705,0.0002130208110576347,7.213981564715315
2012-03-05,0.24991431335861833,0.11757341750242707,0.08081113433657482,0.003188841308214392,0.3842384313197529,15.427284020445843
2012-03-06,0.20089910068062336,0.0018846100930840623,1.5978786175621895,4.075162322385375,0.17182089686955276,7.327048714186243
2012-03-08,0.0002234236754075848,0.5316026095135085,0.05095359082153051,1.6904298894010727,1.7036202814518593,9.263525817350992
2012-03-09,0.3599225976428991,0.0016435829601926868,0.2435575225055376,0.059389328631164424,0.6807944109354889,0.010856475706531012
2012-03-12,0.01107285446941936,0.8218634446039732,0.012385867745797164,0.009970172474091873,0.5459414480028444,0.9044508329196114
2012-03-13,0.28373941253106433,0.0021773848902885942,0.3754903221304695,0.5945888670736043,0.08610498619567156,0.10212328493783684
2012-03-14,1.2841169401960344,0.5545032215882196,0.8094705965774482,1.54043767597113,0.8683823650435268,1.0725304394644466
2012-03-15,0.1256493174113319,0.0541226954293235,0.14520325792049096,0.0003422283045129198,0.35722092312516845,3.330098161256277
2012-03-16,0.0804531658480802,0.2565838616836645,5.028630807074422,0.2522875862965486,2.3824467936137603,0.572297871969919
2012-03-19,0.00892569491366308,0.019572437588249798,0.1352526819275826,0.47092910970014024,2.5491741050213374e-05,0.01054124897757487
2012-03-20,0.004064036635190787,0.06509675626702255,0.2343516361828095,0.17794490952020312,0.35415957918429297,0.2555187002402733
2012-03-21,0.12187066817004004,0.09656379369095623,1.6084449194426842,0.009317833206426419,0.8480085927527167,1.5300510468991462
2012-03-22,0.017383841875238174,0.0020117323072071764,0.01225444874153444,0.7771421479308308,1.931996974544419,0.0005033565913144897
2012-03-26,0.05959194451268603,0.0002697473241179266,0.07605766512349693,0.02546045765150192,0.050750656377854454,9.022652628000985
2012-03-27,1.3821816030906722,0.10427626201586518,0.9198336126430229,2.1962802294641186,2.508330894728399,8.715358992474574
2012-03-28,0.07502410238420794,0.07523309001371038,0.042353297517515806,0.07800608835071171,0.07401392961490696,0.008863693457238142
2012-03-29,0.1268331856090101,0.011373832544734364,0.11992844706444651,0.2983866530006323,6.895468586642879e-05,2.2809213563901456
2012-03-30,0.15864874400618692,0.46857894853652815,0.19472826536778756,0.2972978905757691,0.3538279936054682,0.10108815090193812
2012-04-03,5.073932887846967,0.413655242728904,1.0169692854093844,0.022509365499402058,1.410855683880291,1.1428088045510105
2012-04-04,3.8027676320297124,0.21082177601884533,0.12102239260645895,0.9960099888128715,1.1611416885709374,1.8363667377720805
2012-04-10,0.1448301984277551,0.017264558506732284,0.10927950919153534,0.007593769744096734,7.553730585104794,6.191550783109057
2012-04-12,0.061265057742502224,0.06572741842680532,0.23662006206580147,0.02081756349593964,0.10817313756822658,9.89838514410755
2012-04-17,0.1846280396941174,0.1009697485788418,4.691076669266228,0.08028094761418149,0.6265144486407325,2.6116744135205714
2012-04-18,0.04544015963313788,0.027934552225033386,0.31270713759449287,0.2184002802647526,0.451246587303842,0.020711633363795813
2012-04-19,0.003663694893892959,0.0196553228337768,0.06222102077535768,0.06449441910074194,2.15910430288662,1.170153203602847
2012-04-20,0.178980046002031,0.08952334307017946,0.10605347537202034,0.20927122790866107,0.6055573344244389,0.08502787955803986
2012-04-23,0.385375505249917,0.2570280021884093,0.016510123127167788,1.1637408363538042,0.1939928552618685,0.013963321624435079
2012-04-24,0.12745243417704197,0.009219653612814165,0.015879219970902567,0.1639752723394315,0.7740396353986941,0.01063680336354914
2012-04-25,0.025929466288538032,0.03435494945753921,0.4615295914337488,0.033021826039117644,0.015609131129396454,2.3673608317711863
2012-04-26,0.15952498397132583,0.0004632551747256388,0.07350462734628074,0.0032146125634192405,0.4306839754496333,0.31822075243938025
2012-04-27,0.1531085323610493,0.5708096012837308,0.9237562966240924,1.3638175360237657e-05,0.04299357806664212,0.5689033865468106
2012-05-02,1.7414646313187374,0.8580275572246167,1.3226253156343968,0.6729643565418953,4.956277096771663,0.07666721921344379
2012-05-03,0.012436844692010198,0.0024287383072989434,1.848180232584503,0.029973118585658293,0.006123400311854063,0.6047938041250476
2012-05-04,0.030098021852271707,0.245889148612222,0.0029137634662300678,0.11935861779633904,1.0463879143753658,2.5324454291670007
2012-05-08,0.7191704429140814,0.0007652239738690095,1.1087775440304286,3.9175357338936765,0.08720718241531378,5.938452816463971
2012-05-09,1.5670477373151246,0.12887805130035668,0.2720389524147916,1.1349717905015853,3.8080894037137187,0.008508663974035898
2012-05-10,0.01224057025674426,0.039674788616495864,0.19014555469266817,0.008591982717445113,1.9170199010811875,0.10136375765372721
2012-05-11,0.2233800087523184,0.055598013151838425,0.4306223950568423,0.3153593558652211,0.0009138399032897103,1.5272587131544997
2012-05-14,2.236819830177876,0.34213404454425306,2.1177370232524186,0.6519762969579429,4.684162890710031,4.805527285179848
2012-05-15,0.03360237621308742,0.7982685499871359,4.454581008425642,0.19207167808833647,2.6257703768195726,9.209969571902061
2012-05-16,2.6355246919952644,2.6126673928874484,5.29429047400739,2.547481526513931,1.2788296102526677,1.6071667817341868
2012-05-22,1.0300348237339676,0.4908987463959485,3.679018652133414,0.06849559146478416,11.897382907733794,0.19256895051356226
2012-05-23,0.9756161079523695,0.2134492229916501,0.36583968354331764,2.3912977446891204,3.4489970665773506,6.400063032602101
2012-05-24,0.006843603978743372,0.3059416460907298,0.24449294480300449,0.0010246921370429794,1.8186549458422114,5.182136717516236
2012-05-25,4.36225668516244,0.03429854576418653,0.19581955947883126,0.05964593360296268,0.38971716509974424,5.859178690099322
2012-05-28,0.17112414340793825,0.0604999865951449,0.29373722059813534,0.2709270474189969,0.3903770724918096,0.18953061920881098
2012-05-29,9.396723934767344e-05,0.44266662036785936,1.99042166749739,0.27408107950223526,1.4334369644251006,0.8687022867829054
2012-05-30,0.0008596988866924809,0.3935039399021597,0.009102214468079928,0.4107762857155239,1.7197010586812422,0.8097991248450009
2012-05-31,4.821547339837988,0.12149440332715095,2.0805946459971794,0.16866490950438986,0.06337289492330049,2.0176282683515696
2012-06-01,0.7503623790861464,0.2015313295582004,0.3215886740526968,0.9456010948980503,5.437499027156178,0.008693716247098747
2012-06-06,1.183617721604159,0.07007038663678987,3.654626995358148,0.30158857537222467,0.06110121008813729,0.31766630248849587
2012-06-07,0.0003662867907798936,0.13984497203161897,1.273728749509235,0.003235972386778898,0.0026909334513085703,3.472396779731811
2012-06-08,0.15867197263394722,0.0889037236528876,0.33249939026029046,0.6045093387408673,0.5825644824566955,0.1212456192382988
2012-06-11,1.130237443384537,0.2447864814025225,2.6382999569488867,3.2648337174310775,7.3478074167619996,0.008545672676986407
2012-06-13,0.02216693609252144,0.019102706422282033,0.4394411535973695,0.0011136497401245643,0.0001678023496501159,1.2929420917865222
2012-06-14,3.2377577341141133,0.11301554490936165,3.070832887591855,0.22097529594180362,0.2032563264071776,0.2985299783041899
2012-06-15,0.48475353569971935,0.2770174896352713,3.2878814953811886,1.7738096134988763,1.203751446677411,3.311593087839879
2012-06-18,1.1994852716567028,0.04900988711786873,5.761302735525796,0.22014094345560742,0.0396848685330267,0.33130101113160315
2012-06-19,0.28495033639816,0.594439911372723,0.37929025984741077,0.41216952700409093,0.6865591677870139,1.0832118149489824
2012-06-20,2.599799636413992,0.3460317608576903,1.6080721529846917,0.2169432292807437,0.00016353311159798015,0.17555818679450072
2012-06-21,1.1522696142368778,0.034099963262779434,0.5214581151256208,0.8064561145633173,1.480699051779184,0.16408906208559176
2012-06-22,0.09912527654285971,0.010475392778656605,0.04327190819743027,0.005300947516178767,0.2821240988307418,0.8557735400370452
2012-06-25,0.6796533586599389,9.746963123925025e-06,0.839590485626596,0.20675027818662894,0.22700507149771007,0.5134620175332594
2012-06-26,0.378684415278502,0.31837005874679786,0.2644308857261502,0.11741260130320406,0.10141576159398734,1.3670651887654544
2012-06-27,1.8716778901616424,0.2376458099277105,1.5036200291370554,1.6228816608053271,1.6519005952149233,0.07546866276039253
2012-06-28,1.4620462139050148,0.22915979225001584,0.0011336380204252563,0.03368317576223995,0.2087899383964738,0.0008237627754131069
2012-06-29,3.0070682311736703,0.09456398829127033,0.03440053237163635,1.2208773761424725,0.004546248898270016,1.0035176355870241
2012-07-02,0.8191469033611606,0.011288416134584115,1.0420497514896452,1.2329664204292754,1.984825502328354,0.5321779777424636
2012-07-03,2.1063722019420648,0.1844476705997363,1.5066905802473234,1.4077945208189946,0.6112064622115643,2.226412330200419
2012-07-05,0.24129817223631092,0.1724347552075197,0.006356892152510737,0.7807274573399963,0.09663329761028375,0.03203293044526805
2012-07-06,0.12984597951590107,0.14315942694039882,0.018504095033051646,0.05663692253887161,0.02051451570422495,0.15077207984354055
2012-07-09,3.045265382911029,0.0002193444058433242,3.467802870102709,2.8050267524916053,1.2102714987797882,3.1601997721983963
2012-07-10,0.3797453982605773,0.06018662002612799,0.19953679922476197,1.4545553133031084,2.134874328068901,0.45046676463804186
2012-07-11,0.05547383150843473,0.10059575111984505,0.00853797726779205,0.6878561337865117,0.12407711249228627,0.21634990549894603
2012-07-12,0.7655782157070542,0.059204710864630736,0.3357838303889255,0.3357057833708371,1.6745673750910817,0.12456773266666006
2012-07-13,0.7892706726684944,0.002996318478189007,0.03207151853265392,0.6213558909570019,2.0391618180941853,4.0031742276299
2012-07-16,0.47474871013812825,0.3449300955297373,2.521903376011408,0.011327839278213946,0.10670477306952157,0.5213699992722323
2012-07-17,0.6676408069254255,0.03794959429796829,0.05915599628626819,0.28493966547994715,0.6673425770099372,0.7373028550377592
2012-07-18,0.0005566574777560753,0.126917947784521,1.5110860706720413,0.00638466828323031,0.11089484940343296,0.09368570524354451
2012-07-19,0.12681032161886785,0.000591489189573116,0.35884865896078044,0.15106926670026388,0.3483357028468124,5.083014854618235
2012-07-20,0.13449818225540575,0.009473900831036188,0.17126086728381784,0.19746480439018463,0.13266253207495454,0.840764341592862
2012-07-23,3.1158176774104405,0.17352785170395188,1.9083683548527905,1.2137634600447549,3.8360157911555834,0.3433625757477201
2012-07-24,0.19527006751107837,0.048520822384477434,0.15601819947385245,0.4255668833561214,0.04547863871672177,2.3061993117123705
2012-07-25,0.04767423308648005,0.023789990941640173,0.0015926643018117548,0.13697854815574703,0.0068031016848217225,0.4310959668218657
2012-07-26,0.009672755542133232,0.4707311886937315,0.03209931306410308,0.20734174609843134,1.7679857699925698,0.20855888912737822
2012-07-27,3.857755265439765,0.004019730315855575,1.6686087473154216,0.04103299629976457,0.18750448691506913,0.1569387219823452
2012-07-30,0.1327724598268048,0.2070089308341247,1.2359033409438265,1.2944695914796862,1.6673810641306754,0.19745519569629533
2012-07-31,1.099880175732608,0.0021120079659979352,0.3161606844190361,0.014072357504128944,0.24988006252240674,0.015720087331223338
2012-08-01,0.0823774364761248,0.0028416771081881333,0.028418107049822963,0.23262109454869753,0.02324681018626211,0.2178380089630647
2012-08-03,0.5548154586993326,0.024746607322339048,0.05858834832029287,6.713318019586558e-05,0.09009949489894674,1.856757290771139
2012-08-06,0.01920830360344095,0.07189693790568391,0.0010964285713823787,0.4479163529565402,0.759208834901935,1.3845427357921207
2012-08-08,0.13024877064550655,0.04593688238911103,0.21414889933263978,0.4084767398659968,0.2553674278600641,0.009378597076505776
2012-08-10,1.526505949332872,0.3310658572244147,0.7350650798886615,0.00407877632580044,0.18546398530871397,0.21969459103390104
2012-08-14,0.23451616010482648,0.20904458285395866,0.0024199642891144374,1.199938242290755,0.3710130428415947,0.8364824912944525
2012-08-15,0.24448528854552007,0.002832995105965896,0.00018703071681410493,0.700165608746524,6.657062239080752e-07,0.09134990321674596
2012-08-16,0.19907595384654253,0.049897883741862686,0.8087283235811559,0.0006483324177362318,0.03930793855967718,0.00019397739062275337
2012-08-23,0.002672464071511868,0.008477800311005385,0.10232849497917229,0.04540751915379936,1.1567871911869871,85.30755495450171
2012-08-24,0.17264601188947395,0.042216315319853766,1.3224915325230562,0.03708495207086912,0.0013229263306213444,3.0320596298028204
2012-08-28,0.003788620222764037,0.0045383366303903385,0.3911907361097938,0.11707800248076916,0.10644711360737938,12.600400757647998
2012-08-29,1.4553519880849997,0.008636899643868792,0.15024071517312626,0.0024333304462905137,1.1231723481709739,3.4950351764131207
2012-08-30,2.772213293468237,0.0010371030442052147,0.8050601833299726,0.9661478573226,0.2123686832854267,1.124349215189231
2012-09-04,3.8406627816085845,0.23504763761347033,0.26468217024116286,8.038430289838478e-05,3.153290201557947,1.4605371177932591
2012-09-05,0.5343931999728265,0.6322124892277678,0.23556155193811731,0.2714678774930613,0.039998172515680115,0.6225491300005889
2012-09-06,0.45244569014694025,1.9958003380593123,0.00018481889470845972,0.049230124878829995,0.6620245591861285,1.9344833283438236
2012-09-07,0.9802078187720991,0.1637215766772353,0.9789833226684608,0.5593273021018661,0.030657750509117006,1.0749057096660402
2012-09-10,0.16725355269382688,0.0467831696536146,0.0409107289263616,0.0098001636793904,0.1496655531023838,4.817708167254787
2012-09-11,0.01627305601120915,0.1767101839224871,0.008417601947743799,0.06498958844862031,0.043627232940373906,0.3397157828848022
2012-09-12,0.20249941721899814,0.0008121373036349448,0.1640903667322096,0.19239961249279622,0.8614325577096618,0.19933513695136873
2012-09-13,0.006868892885234312,0.8133661129284372,0.40880882541163266,0.0002509519476665332,0.032518367749526426,0.5961164259138948
2012-09-14,4.2004208031403865,0.7912856985809613,2.4088927448701596,1.7438647135117804,2.116315639940893,3.6129253633403353
2012-09-18,0.609456028399562,0.025470960463732525,0.026428339807343375,0.0063198748002173104,0.06542826708708875,1.2080341657100981
2012-09-19,0.24169622833929433,0.12372844821940515,0.07013836385327192,0.062019029303507583,0.9702791696607603,0.00010279214256183652
2012-09-20,0.4131104167002338,1.573547964568597,0.17284660646664224,0.17996189166036117,0.046868768262147094,1.8082169959069763
2012-09-21,0.41039402917239887,0.013533605221116787,0.003022346953790928,0.2587982216557386,0.07767978254818582,2.4968228239177694
2012-09-24,1.0713121110005817,0.4894561385092864,0.39914653858972865,0.11233928624384895,0.02325409706785491,1.6913547947002456
2012-09-25,0.37988371371491253,0.14729040066870833,6.525140836111064e-05,0.0006802293717887071,0.05849693162792701,0.12815867132955175
2012-09-26,1.235508880988821,0.0019784059569389802,0.3756901298119302,0.4475318327073978,1.0157676524680166,0.7249812931661825
2012-09-27,1.1394841201273176,0.27667330732528084,0.027979008287780043,0.17440237515182425,0.8223229623755639,0.20386475058873593
2012-09-28,0.7823823360402005,0.29199314861285436,0.7021407706179225,0.0008847523111189494,0.9625463321910641,0.038396893567614956
2012-10-01,0.38211864629489695,0.16442501621935307,0.4976259397589087,0.006572176116714009,0.005013216698661675,2.388149739082291
2012-10-02,0.23408642472879584,0.21966255132752144,0.568026559052893,0.48093424674693436,0.20862546144074556,0.33474172613986714
2012-10-03,0.015683341828786918,0.00601543015128313,0.2505485802061832,0.004221660598279354,0.020923861305226926,0.07444018435462275
2012-10-04,0.21915555420002936,0.5011186951577639,1.5903859593180916,0.09501970140183573,0.0049545723787276725,0.049912713376601206
2012-10-05,0.8624490002705573,0.005574112904637323,0.005137273438493561,0.46984937324738724,0.1300190223038044,0.8926147934817281
2012-10-08,1.0084901598875005,3.635079653476593e-07,0.011029354768556356,1.0193589608106335,0.2576941453307887,1.8323329180383763
2012-10-09,0.07902048722710289,0.034799659286271836,0.5249535517087698,0.12228406323981494,0.8869732329192317,0.0031248090264463465
2012-10-10,3.150332582484582e-05,0.05567083481623148,0.220957223194153,1.1077820289282525,0.05878887859259581,0.06308334722883863
2012-10-11,0.013398341534284784,0.05622434033322948,0.09050754049744772,0.0014377858657997097,0.18449554544571467,0.014199300499145086
2012-10-12,0.37795602327945704,0.016265600138066983,0.0918585000848952,0.08957537053690982,0.025759576201614363,0.17594532461027207
2012-10-15,0.002441519141741613,0.0042637695426673925,0.06304831799770391,0.001825940870798764,0.246233479687345,0.062484124243458644
2012-10-16,0.1295590047679894,0.0030934380095831273,0.09616718807679316,0.015248369759904857,0.056724908619660515,3.7534734209111518
2012-10-17,0.038022954394113226,0.18617508747534992,0.5031588811017367,0.0014008306809323876,1.1350428543640128,0.3053652271683945
2012-10-18,0.19996912558858093,0.08157926441692709,0.0020137919313416566,0.23152524798161475,0.5778929834886829,0.14032027273230982
2012-10-19,0.3503238872888542,0.003116104628350808,0.004340320605759277,0.1402642774047337,0.07144176221762118,0.004940180842522588
2012-10-22,0.0544980745242141,0.0699078199323409,0.019444646554085964,0.011374644400042462,0.04285910247461712,0.09569415150306015
2012-10-24,0.019139516565605613,0.1316035599118491,0.23260128152534867,0.000952730221491586,1.4011539520597096,0.15303147204901266
2012-10-25,0.007586712833302085,0.054542282692685164,0.014346316210454062,0.17544718024649245,0.03399857252385973,1.983243288697871
2012-10-29,0.032268378419899914,0.0016055252610925332,0.0205358826508155,0.840325797864202,1.912833752652451,0.1358853211770174
2012-10-30,0.5842053940541557,0.015894535829834834,0.2920996722309024,0.09034381106561078,1.3332035271213944,0.14746768771768928
2012-10-31,0.10780577253178612,0.00913796720897499,0.001585172116918626,0.0001402627288177193,0.11724917110131847,0.1369349243584198
2012-11-05,1.1978150187839782,1.3086047425589011,0.3747742528837406,0.04844513237656196,0.36122332227785425,8.483306864136297
2012-11-06,0.06910254271470362,0.2598461974192786,0.08345898004033313,0.16689039917159196,0.2020191704648681,0.007200520826609491
2012-11-07,0.6966016328535968,3.691049816302666e-05,0.4432303923553249,0.6237245349661393,0.007156253450696451,1.086664647010466
2012-11-08,0.2702120210266074,0.07366356148087357,0.029962479084531597,1.0496604513110677,0.21696449318163172,1.5039807406550805
2012-11-09,0.0177632160518199,3.7204115527247726e-07,0.16367227517017008,0.007981629855436729,0.0493241420707777,0.08262723702115671
2012-11-12,0.121014721651007,0.045322446998961555,0.001219561253272719,0.004375050859070311,0.08060670101243825,0.2427478017787467
2012-11-14,0.5687973092190192,0.13071378734188274,0.12895673740628932,0.9742575451068316,1.3969474477411679,0.054960469700703576
2012-11-19,0.7630940784144662,0.26449226014264127,0.0007983981177106345,0.8357006058961977,0.11575879294541729,1.2967488312573205
2012-11-20,0.0006186726471183914,0.0030035452949186948,0.8687274193418498,0.07130029817576501,0.31991747245685354,0.2146368221737296
2012-11-21,0.012952434792461418,0.005739134888762214,0.370866795001373,0.0025006774110664194,2.4599948686100807e-06,0.10234159028178376
2012-11-22,0.18580637668127314,0.07436906122048252,0.1419304729873974,0.7841086869782642,0.05960470284866122,0.028720650367458803
2012-11-23,0.08799745312699724,0.06848347605352822,0.49608915534670117,0.007866684347102684,0.02924386893164663,0.15587326276306243
2012-11-26,0.3652179303613739,0.15977911314893412,0.2367194156678306,0.2579217046205,0.5060349763678466,1.0063194801025857
2012-11-27,0.7473539508634837,0.36690786147605253,0.015856940493064634,0.06067526863548742,0.22811711558203385,0.07162274834119381
2012-11-28,0.5721550679019034,0.2715565613626594,0.709966387040067,2.1573746155736754e-05,0.05022110253419268,0.08543291552376765
2012-11-29,0.10940965388915874,0.0024780608337939404,0.014253401286470603,1.2697773206529046,0.5447522785580082,0.40866351163179676
2012-12-03,0.149041814363639,3.490418845136124e-06,0.32505336121579836,0.4215360405631929,3.1234409502463842,0.07981733999620062
2012-12-04,0.5853637305956445,0.00026163038219808893,0.3483426250962204,0.013958189400794347,0.04613729195368495,0.5526438502527046
2012-12-06,0.2874545675160498,0.285975712755136,1.0003916763881164,0.2743109086620302,0.5411019616892873,0.8745211468763207
2012-12-07,0.0017768784966295627,0.00907075630249379,0.27965140114893206,0.8738647970546342,0.13588512548951714,0.24131225930933412
2012-12-11,0.3970379262857945,2.1328845417029614,0.4117540208942434,0.12992844719478244,0.22732154121879133,2.0760385772505723
2012-12-12,0.205320222696115,0.24707789169843192,0.04040388716830584,0.5513165793632487,0.9647944094869954,0.192027501884779
2012-12-13,0.16043378943633793,0.03300783860523855,0.30095992097639845,0.226288375704669,0.003148760586345262,0.0007909190145292158
2012-12-14,0.06891291769065568,0.002171658481016805,1.978372191923063,0.14111299695864846,0.11959610111365819,0.06780999170530616
2012-12-17,0.026305037180284263,0.04244720728894061,2.1597952536465375,0.09459563864377085,0.001885149717619179,0.13060787496362045
2012-12-18,0.11202210318429465,0.4311072876333588,0.05120014486336949,0.003658244093645917,0.08001856089071085,0.0037197261154043055
2012-12-19,0.3556854725740093,0.13907544296076485,4.135610052675362,0.003177737916411337,1.2722341454681967,1.7244504963304839
2012-12-20,0.2433935136256516,0.0884102413373275,0.6166619266027822,0.2864379096551487,0.005267015815794145,0.07457854574953447
2012-12-21,0.011711464639902148,0.4981892462475481,0.2032902235796705,0.14238625527757445,0.0854289779295756,0.5303125277850288
2012-12-26,0.3406873418414496,0.5844119583969507,0.0232659388943735,0.29570815989960975,0.4125832792293722,5.390506242653863
2012-12-27,0.025012832661987214,0.023787100209219404,0.4258603816181892,0.009611088399827182,1.1588332989852526,0.8995671900157215
2012-12-28,0.6561845400301956,0.18263258453569634,0.09448359183563197,0.060948496807843255,0.14225893919155502,0.8334961195089192
2013-01-02,0.4729287631550314,0.15516911475262746,0.6836370381955857,0.09668198563740162,1.2294839769038624,1.2331692922686566
2013-01-03,1.4570067555420463,1.134095704679425,1.5347105840254427,0.5150271180529398,0.004650027047008402,0.04825495536682979
2013-01-04,0.05970112204819138,1.7136713344322187e-05,0.3947479162901941,0.00016954104872750767,0.34112371282276727,2.5808671902656366
2013-01-07,0.16066121162484123,0.008706697659916092,1.4949487723063646,0.046669480480254426,0.008956663617526265,3.572873012339819
2013-01-08,0.013816603637231025,0.0963290572292304,0.004353356690484157,0.15733233875936276,0.02014051949922437,8.663748425630246
2013-01-09,0.6245693902885573,0.003645370852169353,0.48517227458600765,0.21476954826141145,0.18625362958039515,0.12917085082322435
2013-01-10,1.1021064722158285,0.10092269606691909,1.4381266189447675,0.03282686998941395,1.524935061262575,6.238414360728776
2013-01-11,0.07056084856436408,0.01233630703674583,0.3022609123248116,0.09160671855903209,0.1855885141553201,0.3102443630840242
2013-01-14,3.1081353670604663,0.01314097317507702,0.4817426606360179,0.09521651007184626,0.8411136891381679,0.6516420612265005
2013-01-15,0.1741354238338608,0.005590028627135151,0.010462293989474425,0.10798736989194449,0.024086337100309583,0.2834330098855932
2013-01-16,0.05296367120954692,0.030465819492717306,0.43786374836888786,0.15066715912920173,0.22411224589085757,0.6833013493290032
2013-01-17,0.08158442920473907,0.012228039891754972,0.16560333721180676,0.1751524113121128,0.1149723208281697,3.3917876861678704
2013-01-18,2.2923931244757605,0.07672399937877906,1.205241720559219,0.25326069434513204,0.8928096761814663,0.32587314429536
2013-01-21,0.32821829394328417,6.073468588947402,0.2786040161583179,0.09861588004708786,0.17655875562037437,1.9952088928411547
2013-01-22,0.27986067654408375,0.18236678297960046,1.1843200441590476,0.0020549988491907,0.1976602626412518,1.2306042323531214
2013-01-23,0.002433401348992823,0.16306138879473767,0.04114066149349951,0.12425272102594764,0.12651479606597493,0.013771577312894481
2013-01-25,0.1816135887004585,0.013202329898698005,1.501334515013374,1.3726718047793898,2.3453013574120827,29.437080264804276
2013-01-29,0.0010404758230380502,0.00016445798889435945,1.1705033183744986,0.08575913524295559,1.3945077744162988,11.185668570351694
2013-01-30,0.09838249225178844,0.3465157442774374,0.34073293855729586,0.6384093055426577,0.6586286203847442,0.5460958664408271
2013-01-31,0.00026725377625524244,0.00012220764194308733,0.20732344444919001,0.009732113072318183,1.2568274224199982,2.6072203846575173
2013-02-04,0.6794050314068969,0.18418863867355956,9.293286682174344,0.19991396915100215,4.660133881863619,0.2898397817821027
2013-02-05,0.061517513549033315,0.005394336223821403,0.28598509792172555,0.5658249285929302,0.0018628739218205733,1.094380020022095
2013-02-06,0.18936320556522143,1.3996757673057216,0.36813236997938054,0.01396796543113428,0.12764697683180487,5.190156778053706
2013-02-07,0.00859078092822773,0.11278397659695383,0.1974310458552323,0.2038473465592126,0.001295463405128566,0.21317230127711242
2013-02-08,0.06979275786640908,0.06804078012048874,0.0004178096985636731,0.06821185516447888,0.028054699431290384,0.4797427842858927
2013-02-18,7.041959021744295,0.03129430981082966,2.677849565188135,0.2959668937324084,2.9614886581334483,0.0002622670075381324
2013-02-19,0.04696269726717147,0.13117620707985514,0.7083948171317812,0.05372249184108454,0.3303067606867199,0.4145216118120994
2013-02-20,0.49186601522931267,0.011619275416494651,0.1761992716479522,0.15784087491445184,0.8958846614506928,0.6754057040591963
2013-02-21,0.0019524732490497443,0.0019913000414325762,0.08007397873510717,0.41665840569753415,1.3551253631770603,13.886039330795695
2013-02-22,0.16263406508795109,0.2462810003717689,0.0012428267001680354,0.0002596400129291472,0.5510050291505426,0.04046911316463623
2013-02-26,0.0653778306434187,0.01674065666215402,0.2676118621257192,1.0720672871325085,0.4083213646307375,7.1915469888951735
2013-02-27,1.2958112632512462,6.077292802583736e-06,0.04726593925323844,0.044344792524807976,0.6480539951323142,0.020726453332827396
2013-02-28,2.7853169456412905,0.68419759148609,2.4876116131133466,0.07311338826808667,2.3658092339640486,3.5357025015404977
2013-03-01,0.10850921388162585,0.00013471506677158272,1.4042626006690142,0.00018936875615846392,0.016517632613628402,0.2962459341161971
2013-03-04,1.0978402282108277,0.00795681166531651,0.0050316404775843015,0.8243160940585127,0.005288111844897194,3.162231083341535
2013-03-05,0.042100696251491335,0.13851072661169975,1.2345096712745944,0.06561737423157345,0.3091235154373273,2.0231210863152973
2013-03-06,2.3232952722573854,0.3511858136038748,3.3240233172856404,1.7737210488840573,0.41723121837692084,3.6958374372619183
2013-03-07,0.23842041710165288,0.0030360032735312166,2.636060552533586,0.04171295228817789,0.010915329246038559,0.9048777316246015
2013-03-08,0.29037517021681525,0.03362055471554086,2.5680902219696162,0.07481602619591865,0.1442571940551863,0.7468079669917398
2013-03-11,0.17215436125609324,0.058347296938757356,0.08436066168572863,0.010923968147178494,0.46573478162465387,1.510260464933263
2013-03-13,0.1517469234651162,0.5049771646381731,0.3027643692668619,0.018286145231209642,0.004425962480289935,0.4888606864499705
2013-03-14,1.0404420409420574,0.11118084988204383,1.4766990695158047,0.07544084731377802,0.2612681517129346,0.08978881708076314
2013-03-15,0.4708713931413847,0.6425997100955486,0.3611164960657743,0.039811369910831534,0.5070958832664035,1.994397025044744
2013-03-18,0.11759304273750494,0.14944623897845508,3.2239767045384684,0.8176631444482744,0.16507720635789552,0.2136932651506985
2013-03-19,0.16927136704859658,0.06378324107342792,2.8770128412030824,0.15055028542067367,2.1936220635474046,0.07916597615937906
2013-03-20,0.033789345259299115,0.139393910755343,0.010654785703434328,0.4046640810209951,2.4956483992741356,1.8389125549623757
2013-03-21,0.35829739508145936,0.002345913519657319,0.6851936718372319,0.3491042979894486,0.8480113541630848,0.9419752364151864
2013-03-22,2.786659381191845,0.056159796970761566,0.49560344441185283,0.07742709262740201,11.295039637095032,0.13445520314737
2013-03-25,2.581817503944749,1.0805950676735032,1.4467060790892463,0.0745601152823585,8.975858140545968,0.5299417845727704
2013-03-26,0.7901645921450982,0.2941489803518039,1.0370506539072961,0.4123727655729986,1.7135553920981095,0.6992221100357078
2013-03-27,3.069113532147053,0.7882778144338873,7.2853010338878,0.5509383328358416,1.1766727017928649,0.13474600961098307
2013-04-01,0.03688032826905316,5.76486648890207e-06,0.013259681122835825,0.027104998318270308,0.5298030751783581,8.519151467585605
2013-04-02,0.15816441123755795,1.0762213629920265,1.8003881097745082,0.091313624097176,0.004079183224914622,0.5085613749796559
2013-04-03,0.23744576109966326,0.0005634690838532816,0.9722245506038314,0.015854261433774934,3.822372249622287,0.4752908126115196
2013-04-04,1.4125657409932522,0.03290265572867441,0.21570454529188413,0.1776157759683952,0.2712610285710054,2.925576326095289
2013-04-05,0.004928453893402571,0.00012669717175028242,0.7014975268207828,0.05892863745951913,6.656406903343057,1.094289149827994
2013-04-10,0.9827529715477924,0.19900686574653165,1.715885518739129,0.03923922553872785,0.002335184756860527,1.481417062095192
2013-04-11,0.9114459975665008,0.40582928607210783,0.05429560408515183,0.22190520393873378,3.1207317023261263,2.2896725029020386
2013-04-12,0.06894459995006086,0.24977115137501357,0.756761207409677,0.19583348350571414,0.47679665682714417,3.854633563318516
2013-04-17,1.5296881227033443,0.5324994035569749,0.35904814483988196,0.006873561800693447,0.14425590549555878,4.417429245972289
2013-04-18,0.07805975082613738,0.07598830130243361,0.011097588372068938,0.022221122800058408,0.2909998225784835,5.073747578681873
2013-04-22,0.09860019256874349,0.0006058876926150303,14.164016309010515,0.14439467773567352,3.609182781217507,1.0307502481125492
2013-04-23,0.18753901661400113,0.13633442563213471,3.8369707812046743,0.5554773903919308,0.39353586021439074,1.2468897591568395
2013-04-24,0.5277867212982471,0.16685602830430343,0.01920628103931026,1.3483646034009984,0.08411357817999758,0.02857100543568886
2013-04-25,0.11660224030141252,0.0035015716513294667,0.10629425509217746,0.20288070980048842,1.7012668121667716,0.6074299394461041
2013-04-26,0.10316224144223426,0.08391387193953034,0.1828825331476174,0.11142772094408193,0.3023488381911164,0.19130912380498494
2013-05-02,0.09711753218984125,0.016057966767771534,0.927319770539005,2.513836818093284,0.1557740056363037,0.09891161791558616
2013-05-03,1.911046318675866,1.2028924332981488,2.9046834394517322,0.920650406174478,0.41788174620740065,0.21923640122531127
2013-05-07,5.539899828947507,22.304400835886916,0.9295169931799853,0.15422245157868691,1.9494018279335517,4.632874467036768
2013-05-08,0.8441661671255898,0.023645252069825654,0.24116246370561614,0.7721800466098212,0.6538955995614079,0.011042695727444303
2013-05-10,0.10606854308336683,0.008346740730330284,1.260496762881526,0.8044783337484566,0.26494834912921206,0.04499292728751961
2013-05-14,0.22192726637151708,0.8126826226999408,0.4912465092017191,0.10254097774216789,0.003796415185124731,0.21524243216220185
2013-05-15,0.02437235218506633,0.09144511255742285,1.1468131069141403,0.06510373127956465,0.16509802761615458,0.19113966679180608
2013-05-16,0.04854073841206306,0.8444649147344774,1.221813704060522,0.09726553885627638,0.5643565550831747,0.8014071092100586
2013-05-17,1.7179596217178987,0.019048787697834354,0.18137611228010272,0.007457440857291313,0.38499953138749093,0.31400673960716863
2013-05-20,1.7892725697989351,0.20304885756592664,0.0038067880818234362,0.020398559376316145,0.891062013005673,0.9085804884188384
2013-05-21,0.25401462025858595,0.3294635924409019,0.5111238636184299,0.08970261796524631,3.338841578440798e-06,2.541055078525792
2013-05-22,0.1369890469558025,0.03841965111819955,0.6107498819296235,0.09214917787050377,0.5515571462630391,0.16729314409000554
2013-05-23,2.8114319571426853,0.3701346863989037,0.9250810342504131,3.1953583881983287,2.161957166020967,0.6426323897892474
2013-05-27,0.505033707026108,0.1122341185432561,9.05905990742353,0.003038452191638992,0.8052335925076776,7.886739458279828
2013-05-28,3.1527950680760806,0.25979260442793783,0.048888282111919104,0.18911624454302023,2.7155284260907804,0.5807979516885087
2013-05-29,0.22221131730089952,0.16868587026116158,2.5876423891010836,1.2996868665417218,1.2435114776161016,0.05781395541965557
2013-05-30,1.8920059126210396,0.23092946950732146,15.068086638635963,0.88101254582939,1.6254864988905429,1.5059584536780308
2013-05-31,1.4320154747475473,0.10346652682945254,0.9638160152524051,0.549592200521151,1.5001538905121148,0.34639555650423925
2013-06-03,3.7550367775798574,0.026726760625195477,14.076181291388215,0.3777619610251428,2.1638535231084073,0.06900891649041097
2013-06-04,1.0117790307650727,0.3453085639611279,1.790980255674551,6.730972681359637e-05,1.1163939337885254,1.522298815019592
2013-06-05,0.16555460900020313,0.017071649545621445,3.0523832189461686,2.151048698015839,4.583416162307649,0.593650927274088
2013-06-07,7.5893441790286476,0.004344247805190545,4.721769175954592,3.336842704689877,0.17852722727085873,6.539188377086126
2013-06-10,3.3284967315708758,0.46964954533422687,6.543552630739414,0.24461049272624938,0.6538381601264553,0.41985837618992494
2013-06-11,12.725314428755507,0.21290002589399804,22.561682800125645,0.8946809532438893,25.95280499501237,0.24880324576465637
2013-06-13,0.0024584140395541463,4.342453745117984,48.83978359273713,1.5870982404037646,11.951173044849302,1.7503700601524812
2013-06-14,10.681904117386688,1.2153174111707692,4.304769257060092,0.9547295758064821,18.69204512635719,1.4005985821329692
2013-06-17,0.08329495097668196,0.3189412877706861,2.3850076806324845,0.4813472630666673,0.1544585132229917,4.352749899177032
2013-06-18,1.8818519506524016,0.011242079569004748,7.7840899571058975,2.0679789014839427,9.060708305592007,0.005211062749752105
2013-06-19,0.49091896919819145,0.004352703871065385,0.0073067267328541605,0.23930544415203645,0.5149398214486501,0.8027981339139434
2013-06-20,14.022008114889468,0.35556100245200933,8.44303313229194,6.439890329393798,6.254661947035539,0.5925717577118828
2013-06-21,6.284052005785235,0.13611641366031102,5.338266606961527,0.07928431869752992,0.01454297577884608,0.01801540718818832
2013-06-24,3.690210044116883,1.02186786743196,12.073242142749601,2.6171950370095742,6.938904865393822,3.389562685210184
2013-06-25,0.05727386300841203,0.30352690175673824,9.58077002662133,0.25683710892561845,2.2336632231623694,12.066568860272733
2013-06-26,14.062831927033692,0.4881571559140626,30.712577672940398,0.21827712315584374,8.010980349390087,0.011612167934103834
2013-06-27,3.6116913674451063,0.3832467798407215,11.286482896299981,0.19192924400902314,2.3640938699068106,3.8800568990560955
2013-06-28,9.09341146904868,1.553780533112495,4.60619921649673,1.0693018995650576,0.1414373275573603,0.14255342371393898
2013-07-02,3.5696290841147884,0.008663690929960619,0.0701370729275537,0.523636464043225,0.6865250266820789,3.2189036446492008
2013-07-03,10.610679673353074,0.02291241021437277,0.24414460190969128,1.9344167479957683,1.971094111872731,0.2597182915673756
2013-07-04,0.010895854153507224,0.014477042464277839,0.06005145655858474,0.31558972227941817,0.7796063455263593,0.0007117387712061034
2013-07-05,0.20660463692497286,0.0027553973575252834,0.31220272461752213,0.5124581815240277,0.5294927015535869,0.10284694162292776
2013-07-08,14.02414787193732,0.2828178150957034,8.02547406550481,0.2033071212474983,6.648773290441703,0.3562228600359037
2013-07-09,0.45559444347894773,0.042080835150527345,0.016450746758321935,0.5347710209813946,0.18020111892224827,0.31797621425992234
2013-07-10,2.840091633164925,0.015773447572603277,0.08893054902156658,0.08738353790480699,0.5441732956797606,0.048679612720170386
2013-07-11,7.6471127739727,0.49123159517447496,2.433623877949194,3.5782599796536423,17.10722851781361,6.817451588745685e-05
2013-07-12,0.3911442577038599,0.0636689887279039,6.608552231915613,0.15729559237209875,0.2114863853025557,3.786824211226126
2013-07-15,0.003198708339698404,0.0032611912138413904,0.4807250345428964,0.0005514462810664854,0.01350037524363561,0.0004957381676349271
2013-07-16,0.032077030110770316,0.00024568933259210425,0.30401579010587054,0.13475158195926062,0.07386276931077998,0.18330821995882357
2013-07-17,0.5625218108928943,0.01612705413071884,0.01801123916696648,0.2672846636960366,0.2077033684726083,0.06636702491414154
2013-07-18,0.7772799531524963,0.025884038230471206,1.2402595293597247,0.09434757126028036,3.9077075331695523,0.017622932148414743
2013-07-19,0.007088906168342166,0.11935007836968411,0.1696845691847946,0.023598511863356843,0.1298779386598421,1.9132205250649255
2013-07-23,0.8113762281895158,0.17657136824244116,3.3440073811307993,1.5688195128582265,4.416221433567631,0.01105726358856028
2013-07-24,1.0699316081444559,0.06731381632838357,0.8096662995223609,0.41387776591596026,0.6285301337227239,4.101303860523323
2013-07-25,0.8773150614822569,0.0076262686601508995,0.003545540140250241,1.4413206090981168,9.1273132780182,0.23700941480948623
2013-07-26,0.1067011985836016,0.0020073764114207954,0.2894979539478758,0.00016859874681424418,1.8650554477046726,0.19030051501682632
2013-07-29,2.8807863587183045,0.23979130296168924,0.46490089556574565,0.0007223557416221705,2.342632570216603,2.8302162090599006
2013-07-30,0.37198702410094675,0.04239929482523511,0.023655049125373206,0.06845038096805543,1.7003042043441026,0.3423175705702677
2013-07-31,0.0016780058261555131,1.5853049452286125,1.7684958186996609,0.5290325987074649,0.7405761372247195,0.4559545286689558
2013-08-01,0.09139480272859278,0.08580148458890281,0.11264255414268776,0.43661977858418693,1.009371598936331,0.01388924880849297
2013-08-02,0.12601364877558277,0.06941246031978208,3.7341611956195413,0.11133327129273206,1.3441790919878809,0.20415390470095623
2013-08-13,0.06249725413814704,0.49458194871667815,0.09975943089492005,0.0949108067370178,7.015869566698247,0.38280249025806085
2013-08-14,1.0247745119323426,0.005744141822677134,2.383986339617124,0.01955560350534847,0.0112738280891876,1.3607147807300635
2013-08-15,0.09686096879138598,0.007187077979657824,1.315078932858661,0.7354036300220654,0.2692914781107261,0.8448726412236913
2013-08-16,6.337725639208752,0.049176740101144714,0.6982390428189166,0.5312023316222515,0.25435692304868895,0.007164749146293049
2013-08-22,82.74402386107592,14.971102789029741,37.815787684001435,11.834824830776366,45.145852033399585,5.405691651959621
2013-08-23,0.0014460086120797687,0.001654684137567227,0.15849608417387856,0.0003167713637844812,1.034565229523848,3.580946150395952
2013-08-27,24.653412944398077,1.3429954436008102,16.358196412424697,3.2078263122633515,11.261481785251897,0.06609970601427809
2013-08-28,2.151780120441113,0.791687141611622,9.429032020100689,0.9769048768576202,2.008711548074694,6.550539458840542
2013-08-29,3.599196554648695,1.0794416965412423,12.458390750379252,1.2554438840195785,1.7054984853527695,1.0173984941139165
2013-08-30,4.862751604708243,1.9243878071116802,4.749056272295755,0.0897951986010871,0.018727527352083335,0.7775920910693414
2013-09-03,0.5528578964509024,0.038126777409844936,0.020668304960386283,0.72163029387026,2.617401055761739,0.012585419648658018
2013-09-04,4.834514507299553,0.18750222948593037,3.678891904354522,1.6818169335978927,0.868252799660539,0.02328792953904055
2013-09-05,0.30928700589726243,0.05998919507374898,0.023333579429918098,0.6300333286395337,0.6173697017483806,1.6635051370253828
2013-09-06,0.27994855828371945,0.026998309412312113,0.06660946742150388,0.08549370923117282,2.9513432432461983,0.2639756339034092
2013-09-09,8.282694745622887,1.7918594673780694,0.1402879719103975,1.6868524585262943,12.485395769962178,4.316230475201035
2013-09-10,15.245262092607257,1.041443443498535,2.3519652308998413,1.3203399428620315,0.4070305740428574,0.855953997471319
2013-09-11,0.04015230671264924,0.03992307021487848,4.140199457003449,0.2538589129864362,1.6498154593764789,0.15468465267952533
2013-09-12,0.027252048366102795,0.04902524793331337,0.09663794001098773,0.17127815073171876,0.8939974684313508,0.028957793433143177
2013-09-13,0.18806504364158352,0.008156341657306889,1.0236902731426714,0.0006247705607008427,0.05162931328806933,0.03040418564289074
2013-09-17,10.211607504301682,0.05452865171055115,11.430063608951299,3.7022654327320565,9.01281945494877,0.07539973493676269
2013-09-18,1.465856726122087,0.039855265234157736,0.025790655440856562,0.16456633511329755,0.10406604059206924,0.5314446198028229
2013-09-19,20.646049401276123,1.456802904481918,7.6590352349628015,3.23116138312303,11.632410644842702,0.1483187601020198
2013-09-20,3.527453162141025,0.24629120817912767,1.8196753917419266,0.19288305042530746,0.023895765047008667,0.05326044418625984
2013-09-23,0.21027143104138574,0.09244054359082372,0.6874889161457752,0.5208008714603212,11.74044221146538,0.15790583933329003
2013-09-24,5.156335518660866,0.04675377567412009,0.06551810212462164,0.00605422573837019,1.7555468482358993,0.601468834703949
2013-09-25,1.4641114930653374,0.22169277373829072,0.40441652684516394,0.00975084980541651,1.7963514958913427,0.4924226049360383
2013-09-26,0.00039345231607337014,0.30964861962957996,0.040827980871465074,0.1986819731027931,0.7198923311987783,0.0522363378755338
2013-09-27,0.16303996785313746,0.012693607340806086,0.1870220773664142,0.2456063391237395,0.2617028730692965,0.09531492629047018
2013-09-30,6.057025272610561,0.18097972016271566,8.947589157337237,1.7602693549890864,6.010800430347786,1.511769662418994
2013-10-01,0.4709871484371736,0.0005373662453216084,0.009506533971884466,0.1843250166731573,3.216423078801097,0.0062723665985728065
2013-10-02,0.9121526649409054,0.005563116619422729,6.8553923903565215,0.8338600330636088,0.0032259960366494353,0.18994578142613566
2013-10-03,0.4969343834631821,0.0033177873736959006,0.15862696051104935,0.06120984324027045,2.0242921379942986,0.17947022579487973
2013-10-04,0.44251010050166745,0.08559646932531807,0.001962105061727464,0.04562303174558078,0.010447805401408486,1.1040271937483714
2013-10-07,0.1078046846743524,0.00021396765158094035,0.6752693140499516,0.0022555115134241964,0.849679363859132,0.3542749798376768
2013-10-08,1.7077671248122204,0.0014643112334261012,0.03263287594031081,0.09950702533516441,1.862865428441896,0.12184384719243872
2013-10-09,0.31459284606617605,0.22331651136035352,1.4443097053746887,0.07007061261146301,0.0017496485071204256,0.09554709281926195
2013-10-10,0.42751358307245707,0.14717797720598533,0.8257776073317322,0.227086481139015,1.4285134112457667,1.3861179196499993
2013-10-11,0.5446347975054765,0.30468984660541526,0.6937361169650552,0.09528437880637745,0.16279579681974993,0.003203944175155463
2013-10-16,0.37654902268131135,0.09873373464909226,0.009224181601175168,0.03196594614749605,0.20405072067934799,0.7953278682776554
2013-10-17,0.3503561777233056,0.11367958303357885,1.4050463167068716,0.15671682764710193,0.1031174238614531,0.015922144957066335
2013-10-18,0.37185599090050514,0.014556769321509396,0.5084544038029212,0.03875911342681864,1.1200082748210656,0.061452432109669816
2013-10-21,0.4799541548749306,0.028115387021450975,0.024193585327271686,0.008016876612512488,6.086090464883525,0.021799246013659342
2013-10-22,2.0724314711623273,0.0028938768864014953,0.008373660456441511,0.20352812264425565,0.36849635995147323,0.03982937442776438
2013-10-24,3.2507587680784473,0.7182378487091209,0.0904467791087247,0.057991974045338505,0.3756775904167276,0.014350021921594921
2013-10-25,0.09310618852303745,0.005595504753234618,0.4488210159646483,0.15662029115189002,0.6134645373215022,0.0070289836178714
2013-10-29,0.15632846704711983,0.011169758939460407,0.0031130772226093564,0.01246175030750542,0.004534068104833902,0.5411067138688502
2013-10-30,0.0702311913620452,0.009069941414791647,0.6692475033654887,0.45091803992934143,2.9376006602489966,0.15963121566413727
2013-10-31,2.0002423618255802,0.33766814900788616,0.0322132075020533,0.3768387045028771,0.6697406760983621,0.11100429879822521
2013-11-06,1.8460424268697597,0.04432210875869032,2.7384609819838417,0.028124352738419137,0.3021917465139302,1.0446484310185657
2013-11-07,0.6618796943908747,0.03890560555270714,0.3994656908457949,0.00991432469861313,0.4638607244666181,0.2816829224424753
2013-11-08,0.043891295540515345,0.0139169694262903,1.6162394992603326,0.6069706769817012,2.037617721750442,0.06269175532006971
2013-11-11,0.6159215222722654,0.00022395007528579173,2.0320387336312624,0.08857306226368124,0.00392036959807574,0.244188366500526
2013-11-12,1.9176026274831681,0.27344311675784944,0.8767498064985472,0.04130468509354752,0.25876387365819137,0.47179730462831954
2013-11-13,3.2906481854927305,0.4736694264234904,0.002577584525869436,0.18123288429807247,0.3478741735801465,0.09481384851864727
2013-11-14,2.282071852821165,0.009193941218552602,0.011971844667706845,0.5862624158944757,0.5996026121461054,0.12117318441083975
2013-11-15,0.5382044793756287,0.10067171672137622,0.08540767712726127,0.10164429209875868,0.1228203235143567,0.48799819949028583
2013-11-18,1.7747738669269628,0.019794919428434022,0.002464648029753664,0.003020972879588615,0.05382951485341796,1.0404658135361218
2013-11-19,0.01164680928015637,0.6734891017898065,1.4299009751798974,0.11727060148389919,0.6598364073756618,0.12255806034205535
2013-11-20,1.181509087034216,0.22071030766018462,3.280965760635857,0.06062778400556219,0.2933911944188354,0.025715187345796097
2013-11-21,0.3210147780835959,0.0505601816279727,0.2793907647325489,0.13901246403211867,4.336025152633445,0.15401304422221673
2013-11-22,0.03639215888015173,5.247968882494107e-05,0.38860553739952736,0.0002196635143208175,1.507585348249684,0.17320585328614357
2013-11-25,0.15156671811703928,0.036888841956310696,1.7772163963416885,0.06028396579485806,0.20974050884182865,0.026256754070164926
2013-11-26,5.396889602417645,7.921765345669886e-05,0.12318200924781605,0.05050419250783699,0.18490841728746327,0.2827008255456451
2013-11-27,0.14624585243214655,0.0003366590869906908,0.22267532032913526,0.002088456688552235,1.114559988875099,0.020585442155737377
2013-11-28,0.17138007211248474,0.25697433634771794,3.607945352232594,0.20260234550749226,0.9996118721757179,0.020082511967861958
2013-11-29,0.2811953916428753,0.08000290515712737,0.3941937254421715,0.09920011880439189,0.7318889205523887,0.00019006614689981145
2013-12-02,2.335013067726041,0.0894638310030546,0.05479091967551196,0.1520500831043976,0.051992691277758935,0.02178363131860328
2013-12-03,0.5951090782093028,0.1136618708644484,0.5004455261163898,0.0011690358964509106,0.48761916364721475,0.36698772541773916
2013-12-04,1.2384076146581016,0.01718630974942165,1.4620641223974304,0.7219410259727788,0.2766652421931531,0.020950623344791173
2013-12-06,2.065105345965492,0.07661586154356353,2.219925112731691,2.199546339690186,1.2100177915790118,0.022163372828175376
2013-12-09,0.6389853406569449,0.6615340262769361,0.009960320336174834,0.000289727061217539,0.18381615106162147,0.04724513609965818
2013-12-11,1.8302185839079799,0.0026586470038347586,4.082928563180874,2.936326150924419,0.019891492969989696,1.3566389428653223
2013-12-12,1.9691619353090297,0.2370222000325677,4.69394565254763,0.003086464484601453,0.9297088087834496,0.10119383774277599
2013-12-13,0.7948860819073192,0.12441649969874954,0.006367385797558191,0.051945517728471606,1.250252749290229,0.028830711534226172
2013-12-16,1.3867167617821359,0.018037068977423288,0.6151458187091269,0.16027296968918797,0.909604140877427,0.6360766776773854
2013-12-17,1.8427017558280594,0.49833495801501076,3.9347714328386667,0.2032964016778111,0.43398187797816923,0.5190460158301907
2013-12-18,0.11066069615743784,0.03380621432539106,0.299927531216989,0.0356939310769478,0.8907421168129452,0.00690438570501918
2013-12-19,0.7175809345394055,0.005108036579559467,0.41823702402673524,0.07595620005004548,0.05739348207282918,0.041474122462118866
2013-12-20,0.7471973607498448,0.19574489925579971,2.2400606376024976,0.6189601087750132,0.08455261938388815,0.13112720586142657
2013-12-23,0.020128633579035667,0.07934257474814364,0.11417348820678785,0.4901185405915345,1.5437832878099549,0.6972931874594196
2013-12-27,0.3094784920161477,2.3313225089105667,0.354223342634369,1.1460865321032245,4.368536359475244,0.20003410839278954
2014-01-02,7.1639216043688965,0.19073414437447359,2.5298498522977795,0.6195416369073543,28.870663964921427,0.14129755228978286
2014-01-03,2.6293582219706044,0.9753854712060147,0.37080309358074465,1.8754825309235779,0.2509426712142622,0.029007984923736668
2014-01-06,1.681510665711551,0.092110332367662,0.4030203739632186,0.05982425565367465,0.25666864249738036,0.5407582475510397
2014-01-07,0.4154705793813863,0.0496201107598192,0.41355355421568846,0.008867197472393267,6.393887734178917,0.0400612734636233
2014-01-08,0.350253494897777,0.11464133691829737,0.42807250904509947,0.9013174431272705,0.13501803290573386,0.545042864507309
2014-01-09,0.00022134731532362043,0.02852042436304289,0.6746611552312867,0.027706614139678638,0.0017751781236523083,0.35706541002181685
2014-01-10,1.616346626807623,0.007665752363256598,2.581166190480452,0.002397639642539854,0.049987425775799586,0.14319265274793852
2014-01-13,9.870181953404053,0.2085141295626561,2.7549700878719197,0.0712411503747299,4.9033361364055335,0.17412947183680202
2014-01-15,1.324464347423431,0.3575754982452501,0.08603112379777614,0.06109982573481426,0.2601429218383568,1.1303945764969512
2014-01-16,0.4322401823302748,0.3672241325801853,0.1632244193715183,0.007999471692005843,3.596701313474381,1.6746666020735341
2014-01-20,0.1862308310344786,0.08964068517299466,0.15188671323544942,0.13812654769100333,0.786344114812352,13.715761811006649
2014-01-21,0.22195336761630557,0.18303951304143984,0.05146822297314271,0.025192160334092478,0.057982646394002454,1.2560167099020718
2014-01-22,0.3132450488734977,0.0046689296087530216,3.9366027660957483,4.0811176514846986e-07,0.04082152719172672,2.0658164253846816
2014-01-23,0.1709909913586441,0.10219042128617299,0.24058942875510878,1.1551201501631918,1.8870924411960692,0.08696448051510416
2014-01-24,1.7270505717722826,0.1010823637354274,0.12044187811853178,0.6166532465396521,0.23002853008625282,1.4218009695367055
2014-01-27,6.841917214510059,1.7501805756844555,3.2069440809592087,1.203470813906795,4.002676497047131,0.43203052867025865
2014-02-06,5.431624554146089,1.1311120567614654,7.754714358564836,3.2262929770057163,0.26496013148918723,0.10967609163593356
2014-02-07,0.8906723383453368,0.35143395683232764,2.6219005640022623,0.6869189819292035,0.009304661527499149,0.7938010846265284
2014-02-10,0.12743982008827912,0.17354393809346672,0.26646470840227426,0.018131809582427983,0.20311818020503428,1.2335662139402592
2014-02-11,0.18998420294385743,0.19463408972729815,1.1025657686322643,0.1549481291577793,0.18677424834811346,0.12990667948002807
2014-02-12,0.3388231799217232,0.006488388850033013,0.01056799922223129,0.04385211588617495,1.8621727741805896,3.4274044994766455
2014-02-13,0.0105960985119291,0.2172739524291767,0.03006916230773388,0.021459917772708875,0.027823213637182778,1.0930043329786208
2014-02-18,2.03477978927437,0.19732490376434395,2.251661998084973,1.0215190411298098,1.1819221461704987,0.5855968531038334
2014-02-19,0.6352793696880984,0.05307810778897959,2.5982364696753923,0.341971224434046,0.15493633208312946,0.3815445314186646
2014-02-20,0.014692840898684306,0.008042279746615068,0.8452978912456393,0.004849106541876742,1.6816680790167686,1.5183660886710388
2014-02-21,1.0753685893245692,0.025654121749884278,0.4919074014150157,0.18459247995453895,0.0003110022076107949,0.006779852218270523
2014-02-24,0.23731344646905253,0.012674861830189661,0.036496601015191296,0.03627996215978379,0.0471853922713323,1.0979345796646685
2014-02-26,3.93855706538086,0.11274675255374374,0.17349087505746022,0.3225843619862533,0.06182996754377125,5.1467059545130684
2014-02-27,0.6334519538401904,0.24860515216903398,0.257894760634654,0.07536972246299922,1.0489040711128346,0.7306219591911576
2014-02-28,1.2455007881026632,0.0475863821979335,1.2069758892745255,0.20462648632067687,0.30338539903435746,0.08327602057805264
2014-03-03,0.6122596347525752,0.35928407668213824,0.07413679031616031,0.5657344667698252,1.0854320081177335,5.103032991631027
2014-03-04,0.13828862144331153,0.009400627605742895,0.04073955359783745,0.31006241942484225,0.24241778861079752,0.3558057256615759
2014-03-05,1.563072323937217,0.02102082211724599,0.9173305912786244,0.14708477404226145,0.1862119278539926,0.7537642357419256
2014-03-06,0.3767272525867922,0.27288378186844975,0.875134572892552,0.16098589184490766,0.0017773079478463037,0.39395333941332233
2014-03-07,0.0017609724495888217,0.12272037231776325,0.28983256305840366,0.05122262663478977,0.044952422487845436,0.04221867587757931
2014-03-10,0.034091914270135144,0.3116343103740342,0.006934495172557729,0.094574738209332,0.19889669078955854,0.4587412284429714
2014-03-11,0.33053062654151116,0.12642067045545852,0.4234116009581368,0.007842022700319265,1.2602669519189478,0.6735331800505279
2014-03-12,0.17842915176850815,0.29771961242864575,1.0672963853356836,1.054430852926833,0.3338447450085325,0.06653861160849633
2014-03-13,0.7885308388825769,0.00020438210571744667,0.2570232977551112,0.269563895092179,1.0664131715576088,0.7699449095078187
2014-03-14,10.082281219400453,0.5749967918765613,0.36162722738607067,0.06211131202430671,0.015009151324606415,0.07296646850471197
2014-03-17,0.0025336763563468586,0.30764417322486765,0.018717661321238088,0.35698571933669276,0.12809712329609985,0.3477649094033755
2014-03-18,2.1255894030398705,0.09286517416028965,1.070447092912926,0.003021625394869186,0.0854662637777061,0.007222472783043503
2014-03-19,0.1083599721079774,0.03211731543361153,0.003943552208626334,0.1797753549261872,0.4143314465062273,0.9069829938386132
2014-03-20,6.621443703835883,0.0016131440308328646,0.49132439656546134,0.5888452710214948,0.04221070974693434,0.7815081126090753
2014-03-21,0.0006980911632564322,0.016120541561644924,1.4989765288943204,0.2789639229467531,0.005079378810752661,0.0614634326752412
2014-03-24,0.18400179420576304,0.5354400446718821,0.9294222417237549,1.5450118903158574,0.6117970302171151,0.9201413184032455
2014-03-25,0.13526567516006677,0.03271754993950866,1.0203767893381042,0.06074543915961617,0.09241803566093097,0.8885384083599113
2014-03-26,0.28442765020849353,0.011485643824855436,0.03675941502606298,1.5708221116651848,0.2244453696831082,5.3727815518325
2014-03-27,0.012029769774164228,0.17591587681809864,0.26848567283743213,0.36852250725667024,0.10928671290184262,0.12466643109120698
2014-03-28,0.90796250756302,0.04359049185385617,0.48047651833791777,0.09398383162640093,0.9034950727850162,0.49106721603117504
2014-04-01,4.803302239494252,0.02579381694216642,5.805988704921234,0.6843156391896594,1.817541476386234,3.141159013499689
2014-04-02,0.005858126626843344,0.0525343032307198,1.2416817882881699,0.032262953238210455,0.43110915173616027,0.13993763530868963
2014-04-03,0.18715340790800006,0.038342631087036665,9.44316089153912e-05,0.7238591604650871,0.15007793478645912,1.7608379731866686
2014-04-04,0.46880012174733054,0.0027875506167480235,0.15497006592396417,0.05207934182964554,0.003222989990782703,0.3707490684229926
2014-04-08,1.6844262979456899,0.05376350263173887,0.1599110999177553,0.07234890184157525,0.83606402864003,2.9137992093021716
2014-04-10,10.33191733352042,0.15092136828814523,0.6040973564159654,0.00025340587556890026,0.5449530177091243,0.1016229710877628
2014-04-11,1.1263197143996393,0.13659955703852844,0.4014325491787738,0.028041611644236034,0.0008289787346059799,0.015993761713727978
2014-04-16,1.356929251105294,0.155446146508872,1.2516801526046772,2.9052235784969245,0.8256198363481866,20.02088986650058
2014-04-21,0.15586994534809273,0.8969509028065877,2.055324609930231,0.006531018471172648,0.6366395292643351,8.136566985996105
2014-04-22,0.014614912127419935,0.0350301791078692,0.06624278246735853,0.44127315296415387,0.01960829490242266,4.325750095833096
2014-04-23,0.010674568409564404,0.0024812294675255193,0.051836660929122244,0.3568289734879365,0.34532782734274176,0.008016366705541653
2014-04-24,0.0017883972075517268,0.01230122459163642,0.3200649087715196,0.627940952479235,0.0025597734960231566,0.03725401499869588
2014-04-25,0.017986249348093505,0.05326731911718613,0.4749379785247354,0.24942480763333374,1.0509339084682343,2.167150796857253
2014-04-28,2.636694919064373,0.07950635427765991,1.4768681185213073,0.583271660889624,0.04742546246193384,1.0209237630023567
2014-04-29,0.00036708762486514497,0.037559780365592724,0.23509637338921877,0.023526509452904843,0.0060706068169082104,0.7248218719339661
2014-05-06,0.09383623431121164,0.003435190824840726,3.733605151157495,0.058195481905818545,0.34908678382352426,16.327722278074795
2014-05-07,0.3241014865713346,0.0,0.06646318040551771,0.0793592375095636,0.009953230271768414,0.7598466917572125
2014-05-08,0.0005888397649798484,0.016757663055009045,0.061087692317092414,0.12062472285497328,2.8769791455625446,36.6168991048637
2014-05-09,0.5827481751795902,0.04329220109082776,1.4532882419377255,0.01866431122977194,0.014333739239254817,8.261622350936335
2014-05-12,0.09175963360953716,0.0011759000318948584,0.2766434627994512,0.8416994813243146,0.02625454438038771,23.015783978855783
2014-05-14,2.5215541641109986,0.4908652971974465,1.018837396203409,1.2796881361927601,2.2731473179466803,5.688339017553731
2014-05-16,0.634964166884218,0.048428594517453814,0.8388658965724525,0.011520654942397474,0.4342587167403983,5.706524029774728e-05
2014-05-19,0.10887223541655894,0.039146798748631494,0.6039551582892241,2.4098170753789362e-05,0.14547134369335363,0.44651651601482223
2014-05-20,5.771176241062301,0.09838931723836811,0.029593802065508955,0.008675038470541081,1.2914709240648863,0.7004853623608228
2014-05-21,0.08550003881419914,0.0483063241514108,3.1118692127045597,0.012783168979496672,0.34617735113699294,1.3836030379572333
2014-05-22,1.4550765638690972,0.010365301874319556,1.0069558779090106,0.014132257476096003,0.026598995956756244,0.15688823474101146
2014-05-23,0.004079416773699827,0.09931567091775366,0.07964741140902372,0.14271230391409215,0.3569120785475925,0.00196358248226369
2014-05-26,0.033784218599867744,0.11836748083688171,0.09453348209487433,0.021947316666531585,0.37696112468210535,0.22419617425959634
2014-05-28,0.18945566458905397,0.22515001764157033,0.001399748483039676,0.11346829765275673,1.0795909027888566,5.815781634878823
2014-05-30,3.444053689332854,0.008437022765362796,4.357763811864828,0.5345929394209838,0.8431182028572836,0.6992253929751043
2014-06-02,0.13752767026496499,0.23867730393093142,0.8826890192967087,0.03751551350653224,3.115349400984269,0.8707367158504855
2014-06-03,0.37237348495370004,0.19734357634221503,1.7922686495690558,0.02849947429374234,0.8441535530952285,0.12347731025855406
2014-06-04,0.037752278276073005,0.15467738786470303,0.25520939914363383,0.2517648925289671,0.1111372994816562,0.9083158747392213
2014-06-05,0.003696859841083115,0.04142318680753083,0.007519341086888714,0.000261142313740327,0.06712371634705498,0.18260248997763784
2014-06-06,0.0010661437505099702,0.11400797024017234,0.02105460978048858,0.36193195000334544,0.11147887692120093,2.0462575974100843
2014-06-09,1.1251239009674416,0.0028232234098616964,0.3497058300652504,0.03052936761305181,0.0024395918494152977,1.3651043046789162
2014-06-10,1.5403431420527092,0.47728586218196317,0.1328514843167054,0.1189535863529908,0.6602775731788431,0.051097997310176106
2014-06-11,0.27185158173253676,0.008887888662273798,0.2109204815609462,0.013185276131969832,0.13964472694057772,0.372400062692365
2014-06-13,0.837110199670763,0.0076297070283464176,0.1270761878745776,0.009509848027215965,0.2774742476401207,0.5180463082421187
2014-06-16,0.705375075704625,0.0758040464035508,0.15314309216212332,0.008250582102505264,1.1692955457227314,0.1353981230886186
2014-06-17,0.2413113936948382,0.025995753895209247,0.6321044701263011,0.23229968593284425,0.003181471633666129,0.00043964265958209626
2014-06-18,0.19545529946130705,0.01114412800401365,0.0007211315122257839,0.005191305078059596,1.8103738036550783,0.15108518756954484
2014-06-19,0.23399399919684688,0.06800323399585384,0.0031143779729769787,0.05650602257425363,0.5245794199839199,0.22208540187620965
2014-06-20,0.11646192932064224,0.050670212673246874,0.2210198352749986,0.09804459400520579,0.13493612524663529,1.3566950910573845
2014-06-23,0.013227914704864091,0.008719292651055203,0.21155285618908864,0.001846792697815762,0.009224333540115067,0.8324835611811959
2014-06-24,0.17179405154468694,0.19650842055942477,0.21028542798781416,0.02017561079503056,0.28209038743506465,0.4525778908687483
2014-06-25,0.22991363072071763,0.0216125127635639,0.3729212619016317,0.00022566498581848255,0.26710818185386154,0.19631913915561966
2014-06-26,0.4742199881310113,0.0004937688547316804,0.7018726670811367,0.2712205701338807,0.37249847257164015,0.5170985026060478
2014-06-27,0.31537869515182004,0.2298796375926622,0.5307800915299841,0.05273100971750945,0.15139546297492604,0.17553454409236074
2014-06-30,0.4733098032078329,0.008946200643717346,0.0009964329217989987,0.22212195148436442,0.028588643814203785,0.014227516401907735
2014-07-02,0.36817312338719943,0.048015612087883054,0.008438171784410038,0.0638961413722934,0.165689038212413,0.013415149852532697
2014-07-03,0.1591041807988776,0.009603647818087832,0.5019950868185086,0.07991690873837537,0.00879753574350821,1.1425557450367048
2014-07-04,0.12178449685277827,0.040133851777237765,0.8254741786255805,0.0007560985258293004,0.030732489928349968,0.543788255062533
2014-07-07,2.828565725861813,0.16149256826155045,0.27821481779758284,0.3465504622111831,0.24222030712111908,0.0515794258572972
2014-07-08,0.507865318766509,6.283732307189783e-05,0.5260446039645219,0.06267270053329524,0.08426778894065955,0.01741393031133512
2014-07-10,2.097312135997191,2.5174252751395607e-06,0.026537038931430605,0.17843491548069823,0.47535315356549557,1.2553556841733062
2014-07-14,2.3130028481657563,0.16836738652220826,2.408955035315612,0.4288047921870196,0.5422930569701151,0.05315358169186644
2014-07-17,0.987288196531474,0.00843176233728179,0.29169407084097293,0.2325893066572919,0.17605999230453623,0.49522957191134365
2014-07-18,0.09691701621416769,0.2932453752665696,0.043390206024152105,0.0121036980485452,0.021498669125764813,0.9855236862492986
2014-07-21,0.6167970618381681,0.053568603478419685,0.1009631816182213,0.012748393796939393,0.11198461955388102,0.6375502703901695
2014-07-22,0.7294118776175096,0.02115657649504131,0.005166846050873944,0.0063394403922750085,1.3449783096926222,0.2605264822139501
2014-07-23,0.03640739151655389,0.0006305475423761981,0.1115174251550678,0.5107605134530894,1.8365135202231675,0.006448487806267681
2014-07-24,0.011275313238037953,0.07755573471821706,0.001932894409897498,0.15527405655820953,0.023400938493463624,0.5780293749996347
2014-07-25,0.03731325964501396,0.00023852206546940466,2.4400712651539306e-05,0.012315820731187754,2.0597475584066377e-05,0.10202573683572719
2014-08-04,0.3557643314209761,0.006733876226828218,2.4559713603546887,0.9078960377532161,2.552619946395908,0.033657112302808004
2014-08-05,0.039453399241405604,0.0022495522873009466,0.12168469131889854,0.0778201482016317,0.39670768672789136,2.0742712490763013
2014-08-06,1.000933313041509,0.13060149419720157,0.12927405823716417,0.05009915964789182,0.18543406991570516,0.02877330007274162
2014-08-07,0.029878967949693316,0.019361432051357312,0.00805569679289237,0.032824698057356924,8.459089428624032e-05,0.02295987484023567
2014-08-08,0.06823148628711317,2.193155079639553,1.1713661011644245,0.5886271153073765,0.01659857895199446,0.13037423116739263
2014-08-13,5.0199971758665685,0.9657534201536342,2.3330995759012625,0.14436459780043653,2.502197990201237,0.19535001747235384
2014-08-14,0.06074383080165017,0.03622840907606902,1.1329794558147521,0.03980129981175399,0.027950379600961285,0.1699490952156401
2014-08-15,0.016334728770188593,0.021476227858722816,0.5567537034987982,0.36404914372929004,0.09066728296682929,0.027893202311666438
2014-08-18,0.022849381860604746,0.018882532341486867,0.07383867016884392,0.0036062503750800322,0.0760766786607165,0.019299063378932356
2014-08-19,0.026598254872852452,0.31091297990453964,0.6114976734898254,0.012125482243610387,0.0010089401341004407,0.005291705435228242
2014-08-20,0.23311996178203315,0.12876054712136373,0.03756147371999906,0.04729166476756342,0.26217008779574313,0.11568129788953826
2014-08-22,0.028238187178400646,0.17753476185725262,0.26462485870181285,0.0030968279042759635,0.1592019303974373,4.800842106402565
2014-08-26,1.024015636654592,0.2413975274423991,0.03449384223010864,0.005565530806881069,0.04215678791116182,2.0395789062406
2014-08-27,0.1314793466467668,0.31988938190137317,0.038906329584544166,0.30623071327770657,0.0796690947459491,0.0021262391238264806
2014-08-28,0.13811765035467266,0.031009007401576572,0.7023816098271285,0.1135330420055308,0.12536532117371244,0.2674266763696496
2014-08-29,0.851340903525509,0.261657468988831,0.4955496658990157,0.008841351178916521,0.027339232355759385,0.5304489510044635
2014-09-03,2.8380953126708954,0.004418254368919607,4.736247354959166,0.42185617140664583,1.8939787992568975,0.4120755660001979
2014-09-04,0.13015268913204797,0.05403383282111021,0.000702848938922307,0.0052690545413262855,0.05010465529946036,0.006847528720796559
2014-09-05,0.05313977789167637,0.0016105738315274464,0.6758736463631763,0.01900555649059876,0.08417688454501109,0.060284676268203524
2014-09-08,0.310382982950815,0.019784932475392078,0.49646018828183824,0.03837678759103804,0.000806783947323754,0.03523881322309567
2014-09-09,0.893680871476494,0.02618192030407514,0.7074975221071684,0.054149229035860204,0.010075787136669597,4.167654104084861
2014-09-10,1.0961258265718146,0.03049749902407265,0.31957699351237095,0.016799329647386656,0.004401964103190704,0.08965834461024601
2014-09-11,0.0375625384352491,0.06435443200777786,0.0221211613535171,0.06695551564351249,0.006347598891788176,0.0009127480729297871
2014-09-12,0.04318246618382101,0.31656202944771983,6.258787627116994e-06,0.002672531376820755,0.0009603906951453641,0.30967692182074114
2014-09-15,0.000532422857454366,0.20290681623310325,0.31976135418426305,0.9874383683743114,0.020093070093899306,0.11702312235139527
2014-09-17,0.7019446901069925,0.03637838931759229,0.9616028506750401,0.23414945816206015,0.2899324759656126,0.5553623557181904
2014-09-18,0.14741295157343123,0.006969695658820736,0.5834305875045294,0.0006037056940043841,0.7422311165194069,2.5232868414127894
2014-09-22,0.05002007596410559,0.0015647773987404092,0.010406604859006394,0.0004768811825390436,0.1107109988207617,0.3974468524432029
2014-09-23,0.37082117411571364,0.10108917793374686,0.012825473576316103,0.002125071288715082,0.0015208298679321318,0.06349390777035345
2014-09-24,0.0741358867108328,3.572484453037471e-05,1.3088895628822548,0.025671034928364325,0.012237266545046416,1.2550581182876226
2014-09-25,0.2783997212030634,0.027071081773648063,0.6953742237435602,0.0030569064443755323,3.9439783728857575e-05,0.06242872707634174
2014-09-26,1.773857037370705,0.020081169102020038,0.20448738442796546,0.0013736772697448244,0.26202581761457183,0.0003933637361107692
2014-09-29,0.03382475059165094,0.10036279676622836,0.0031245903887434827,0.00572464830756472,0.8137690928776262,0.7451968198598448
2014-09-30,0.007435894115045566,2.623831703079771e-06,0.05927388429047584,0.15629554514161728,5.7262280619754676e-05,0.026741039349213524
2014-10-01,0.004208509596624695,0.0028773493424325246,0.04256128059621678,0.14961312219135195,0.011212376379825945,3.004629336520334
2014-10-02,7.634716702407347,0.17212038299106844,0.985651815595176,1.1877452577067855,1.2459752496443326,0.3078711268649964
2014-10-03,1.0700310332854956,0.029143939860051503,0.4942492217317493,0.5728605620985555,0.0012274404257564266,0.03288473462192411
2014-10-07,2.798632814341574,0.1570179893167691,0.0111545056807271,0.0810751133251316,3.9472639692642435,0.17044470023424502
2014-10-08,2.213395298656567,0.25414306166113004,0.5543353524313599,0.28526499422796425,0.06734345405283884,0.26678425005895107
2014-10-09,0.50492786021112,0.08768225084466469,0.0507749351424961,1.0068270895756457,1.2310913887322676,1.3006861430660994
2014-10-10,0.3857173439922319,1.3134380265188697,0.23112115634057162,1.1912783741274409,0.2569018129445565,1.1363157952621312
2014-10-13,1.0214625218691518,0.4196449534525098,7.949507592232081,0.45699072327320545,0.44903418893207925,0.32286376268870104
2014-10-14,0.037543316947761,0.0020824577131885497,0.10026927733114695,0.05871813456587576,0.08226331351320845,1.90986286105623
2014-10-15,0.6666884692381749,0.2835407016368781,0.4194085291864701,0.018264831338830986,0.0016582647156223145,0.061463146326234785
2014-10-16,0.05220118056903347,1.1512863383504766,0.2845079313909603,1.9635476827692433,1.9138916870108083,8.259777756353886
2014-10-17,2.401521212791849,1.334532384360314,0.13065558018966236,0.18294275798197515,0.02808897995607488,0.10394310598660436
2014-10-20,0.05295968893963536,0.6820323732900742,0.5967605027932473,0.17607334424268978,0.017830135647218397,0.45470823709108055
2014-10-21,0.04937601869574865,0.14785233849906326,0.022101788947837934,0.4617670093308468,0.001205758086122015,3.61468732097829
2014-10-24,0.7492861933764527,1.568877157362465,0.25128796056341457,0.38023211083313285,0.8068196449772416,2.3004737011718994
2014-10-27,0.9333860073643497,0.055500975458590056,1.8899478655394234e-08,0.012190889391246344,0.2671574210268652,3.3387058621007624
2014-10-28,0.21029824646051348,0.019231092306819523,0.2697715150259166,0.20180912111013788,0.3098348275989378,0.16029473922345588
2014-10-29,2.0856586257764307,0.5728148446668961,0.14083441087010687,0.14802067663853669,0.15499349197693785,1.8890368176906005
2014-10-30,0.09009103054818823,0.03077617025176113,1.1862822468294605,0.10134623241119696,0.02936084758005743,0.12183752382437278
2014-10-31,0.36599995355088305,0.44759466669742787,0.38683541393385457,1.5063153705570294,1.4268050232432474,3.8670552794019506
2014-11-03,0.006299956690583469,0.009529082906945485,1.787495602768588,0.25543348807296906,0.09913436241625838,0.14724455955387478
2014-11-04,0.0823051915418368,0.10444617251048294,1.5624532391176984,0.07957424916815799,0.14237766391343937,0.6277720473903923
2014-11-05,0.006567753962698178,0.19166324796607817,0.03346623135812593,0.033036311133644546,0.24020957826115322,0.05330795801379927
2014-11-06,0.4166704192997238,0.15858795533945175,0.1483570818598112,0.010810323283071018,0.04554574859520706,0.019768998174858863
2014-11-07,0.8725924196134424,0.18158828771175933,0.18322058280436804,0.01931094993861713,0.023086267770409955,0.6236490605092192
2014-11-10,0.1960920117599143,0.0419507282241803,0.03569025059146411,0.196762121087947,0.49178981232104435,0.006088225371661931
2014-11-11,1.7909694114194745,0.023838041473186092,0.02981649104043456,0.0720726911864499,0.06050293312064651,0.12237117512864251
2014-11-12,0.1078914965268984,0.23734693487033087,0.15391395963672358,0.06589223406384272,0.3426172268719897,0.0013261692198557181
2014-11-13,1.1721363412338232e-05,0.0005604736023402877,0.22517083136042787,0.41491679213848537,0.9353138312887787,0.019831753616270657
2014-11-14,0.00026364367107900544,0.012389496641970303,0.06737806233712484,0.10526254014987203,0.007116425378717182,0.2165065290611444
2014-11-17,0.0077773736685548015,0.1630876069942203,0.02937437079277873,0.6685494454133231,0.1875579896969864,0.009005628845445535
2014-11-18,0.9131487561029819,0.43109833384024104,0.40122272755744287,0.5762682273281216,0.5998937866672496,1.2495548559882037
2014-11-19,0.247813566360302,0.10887987849933205,0.007197521009165473,0.39266728138820334,0.055474022084301224,0.9956242633424431
2014-11-20,0.4521911580488821,0.013264572432510224,5.519181782679743e-05,0.32514195455703965,0.3179274963984003,0.7075961654503989
2014-11-21,0.13114147000366966,0.5253211126678735,0.009883233918944722,0.7963317881416869,0.44673491894182704,0.8020842154966774
2014-11-24,0.33602169462378695,1.8300403081271042,0.4495518532872376,0.02053170330618281,0.47661254634757116,0.8830888541359957
2014-11-25,0.19783935462807684,0.06805423784382239,0.2745255843589516,0.017801305065496313,0.17468933040492501,0.3347210171309321
2014-11-26,0.0755696843915135,0.038477177169734644,0.9072794235209318,0.019463620205081782,0.132416499634205,2.886292277837938
2014-11-27,0.057085520885181984,0.4458826402754819,1.5578571477594876,0.06763342778969747,0.3056254302704088,0.30067418062597256
2014-11-28,0.007892936545517482,0.24417467551132246,0.15912906306737584,0.08130534901872917,0.1369703725029906,1.2266532037771594
2014-12-01,0.07796695099528546,5.6095118379900955,0.2608481135021375,1.8169746967551006,3.194697736034202e-05,0.06354108453847335
2014-12-02,0.04951956969131658,0.18668241380931788,0.029017980926221886,0.2533397389892074,0.00012760761103053494,0.06234191484206078
2014-12-03,0.035545702998323846,2.464753946795362,0.050483864736738104,0.32651775859788645,0.001323291585821854,0.9073444289149009
2014-12-04,0.046202310543167015,0.5058444621799878,0.6902313562455803,0.0018735754070790768,0.03969272535299276,0.36842092495134204
2014-12-09,1.1343893647124017,0.18986157977528295,2.5649822603142174,0.2056246928508319,5.855861163596789,16.568624854310162
2014-12-11,0.3497471875974903,0.13805145509189518,2.458866125499008,0.0011798551896490372,4.504215812932305,0.8851532122966512
2014-12-12,0.022519998889686945,0.44353487760333643,4.52855455523765,0.02672653477899471,0.6081234441929427,0.47887323743827515
2014-12-15,1.0257594024822063,4.327879148405002,0.5028467563624319,0.8213526319607803,5.934638175809294,1.1860916329907336
2014-12-16,2.644707383842435,1.922267247745833,2.549135735740958,5.899905630843506,1.2981844637802684,5.578640887799707
2014-12-17,0.03657366032000577,0.225057935001445,7.557948619002237,0.1420385112510722,1.5749448164078244,10.322425932732235
2014-12-18,2.3443989048586875,1.1394898257047044,0.8123307839793765,0.25755936878501484,5.962926709100492,3.821372423484676
2014-12-19,0.3718426419657749,0.881975996437105,1.8533759379126067,1.2102023084498905,0.02592092121606548,1.0393109384477575
2014-12-22,0.134731469088991,2.630836944549659,0.03657297134943641,2.421263788950134,2.1713604772171102,7.42543013509799
2014-12-23,0.06711065842668365,0.08195558062463631,0.4314731137854476,0.002164461550608523,0.13613495140014967,0.003998173501073407
2014-12-29,0.5805233567717086,1.2117707237644335,0.37683056414601623,1.1027636167700785,4.732565519924787,0.9437380913679801
2015-01-05,0.640887214063625,3.290655712728737,0.4032224489076765,1.385651317152536,1.008435933399493,4.776516097903284
2015-01-06,0.9614981776356761,1.3471731475260147,0.00023280600561593326,1.9650207486329276,0.14669218272051388,0.9070266097541726
2015-01-07,0.5381252514875561,0.1866377319966924,0.1920063844176542,0.2487679968165954,2.4209488301526316,0.1882446199521073
2015-01-08,0.008174233939181697,1.2068497050705236,0.6231215206713485,1.9808316875089458,1.9073185540090138,0.06599392367200865
2015-01-09,0.008605055479605701,0.06407782019595837,0.22576416153544737,0.03983998417538088,0.26143318414543165,8.383928505929347
2015-01-12,0.30502910809972694,0.023186484614894285,0.3612570176799871,0.037255236536507697,0.01368057052098959,0.6438727006955982
2015-01-13,0.2581424636648902,0.6294099845064423,0.30335780415862557,0.013056275296152303,0.06015103421567799,1.1827257036203367
2015-01-14,1.1117412712905164,0.1558203216659739,1.5231037677003842,0.2000483421333287,0.5884698701485784,0.3847043822814107
2015-01-19,0.0215864964901456,0.4180707241156032,0.005513349480855992,0.3097356555944315,0.6291269541950978,0.9173073755089919
2015-01-20,0.07360857200785176,0.03337303078156968,0.18945085834683312,0.6281703625437101,0.000332705558420078,0.015414511807886075
2015-01-21,0.8975723885244135,1.2886197170055567,0.08137175056870423,0.3735658134349714,0.021834824361532373,0.29509064308347216
2015-01-22,0.5247673986648703,0.4310781190595185,0.602499939014006,0.22165392440545234,2.201387712024545,0.8984030212561889
2015-01-23,1.7873169303040266,1.4161623467517643,3.1414789832046104,1.4770201079584475,5.786710416262183,1.8369560048626983
2015-01-26,1.4562891527741453,0.1361162244552535,0.24869121849199427,0.14531563494816377,0.39547897302030705,0.08953333662644722
2015-01-27,0.10565102330294279,0.13982778237732044,0.3329030264431972,0.16137749335755325,0.008910497633934714,0.05338250189841686
2015-01-28,0.024757891213171606,0.1641138062091174,0.16028150365031085,0.0414009915890821,0.035541287052780084,0.5882063747256124
2015-01-29,0.013570650993227127,0.5864176354618986,0.3299458452946065,8.529098311083005e-06,0.1626085602592756,0.0067666082169553395
2015-01-30,0.255829356058795,0.002666479425686445,0.900060093838744,0.6689477052481732,0.10573163465808391,1.5470793385058452
2015-02-04,0.23823574508913894,1.4742969581453296,0.1152452038449336,0.5999998245347925,1.3617105309695046,6.608219865673522
2015-02-05,0.44625913675603507,1.5049130603024885e-05,0.2953468529062688,0.1037428579281897,0.2556856426872521,1.0274578197188118
2015-02-06,1.390118017183696,0.12358964779638841,0.4905762694108635,0.5253114047229198,0.1256601025284268,1.48761176237335
2015-02-09,0.012410793196986195,0.013971137347813354,0.4918474891672389,0.151731563410159,0.5442046072415887,0.010215848068497176
2015-02-10,0.25605861525887624,0.000644818021176287,0.5876081700917246,0.22412694765034558,0.18153112299784765,0.02855399829764249
2015-02-11,0.0797057343347347,0.4545862982384007,0.2270117944272158,0.0902072038199629,0.40241868320134505,1.5682758241398727
2015-02-12,0.016658087754022752,0.30329609558677806,0.13334705047517975,0.5477908226772886,0.2653782572797003,0.24896047815645847
2015-02-13,0.32935919305459505,0.4380288231810341,0.5785086390756105,0.0424275710766555,0.02378161505975743,0.19237078186861395
2015-02-24,0.639503103309596,0.9597565252839524,0.6191932369975512,0.1101502825965828,1.1492049713118058,2.689522238367255
2015-02-25,0.2618839919744312,0.02408133295223962,0.013772789227761303,0.008765646758150667,0.3426092889966832,0.5201985394353427
2015-02-26,0.013430370287251856,0.07591289816266125,1.0421656423122758,0.18205804822317542,0.07031758800076945,0.4660947052694371
2015-02-27,0.00042818784600725764,0.0003485230885296543,0.1905617297404058,0.46643871945535287,0.1691276827423964,0.4870619193508971
2015-03-02,0.2539845042569811,0.05029962786558505,0.3126996958022187,0.0009155322619587028,0.09445656088503775,0.09671784434758356
2015-03-03,0.003440054127178537,0.051290585018157565,0.001109487306135078,0.2849944965859558,1.5064403515302145,1.0178653723215705
2015-03-05,0.1877831851595915,0.6986970146975238,0.2974795490404008,0.6200080464364067,0.372548098494907,0.0010135093263231145
2015-03-06,1.3557657992180798,0.0023192401066470724,0.29095488348257986,0.4262687817620864,0.9187018266245767,0.24379254073915418
2015-03-09,1.639053402708696,0.7154866372958989,0.2739653555459831,0.14391034913299308,0.30096165440767425,0.8749442853205835
2015-03-10,0.1125235332008661,0.012598933661006888,0.010956232604865182,0.034415000325548895,3.441994467990287,0.04289588686203388
2015-03-11,0.6350858223105815,0.42063248071686926,0.2340260397776895,0.3369860647108219,0.6931442626994514,0.2814549340495116
2015-03-12,0.1393126119066817,0.23876339708699304,0.3950264271523126,0.02184591342142956,0.0010485636900714186,0.11472009477669701
2015-03-13,0.06052207931783348,0.08233776455542142,0.14975229926627073,0.10338845309116428,0.03269504245714142,0.17118732301538428
2015-03-16,0.02628679821631646,0.004614707419296675,1.0229886541538915,0.15510928907832022,2.888934213821367,0.8251832876921641
2015-03-17,0.005097084927871958,0.16877746166036614,0.561533650244928,0.03259987711656637,0.032504986391955565,0.027275448618630065
2015-03-18,0.2296305768459138,0.29276307648893257,0.17504245532663792,0.05935173968410316,1.5028285628559033,0.2817851376809446
2015-03-19,0.5611769652606851,0.410925420756464,0.5544038702193684,0.5234288541804394,0.00169151247791296,0.7350174264783642
2015-03-20,0.03921211358983288,0.09203131755159338,0.002401013074511007,0.5976914544018193,0.020089137976731942,0.0875351236564469
2015-03-23,0.012030170299077237,0.1878328888030679,0.07975006046391005,0.0045857464431602055,0.4257099931045417,0.6301849534292355
2015-03-24,0.037576168670331214,1.0156587908350343,0.02173400395880799,0.008417508837470753,0.1342940827298503,0.3695609979156266
2015-03-25,0.6035845524705463,0.07758654630230492,0.008925565080427082,0.028429899228773012,0.011881738242594425,1.3273973559991321
2015-03-26,0.46382810346155545,0.0013975897927851,0.19589189782561492,0.13467213437238387,1.1866489171446075,0.7293327242857713
2015-03-27,0.2716294727478691,0.07734108125360795,0.00758894994476314,0.28939108513571105,0.00632972044907503,0.7326081869128753
2015-03-30,0.5953257861607327,0.2166415065876992,0.07393563396524969,0.014520498863314508,0.007437397268782718,1.2910439464135437
2015-03-31,2.1333033264441426,0.24016421901448018,0.2690416811238424,0.04414467095774459,0.3945739257492509,1.1742665963851484
2015-04-01,0.8896326015273048,0.05975833103289638,0.43591463484593534,8.43259936268193e-08,1.6789389803216304,5.027521336192921
2015-04-07,1.0543137587248683,2.689867826856535,1.7223171838133426,0.2896040553664896,2.426442135787173,2.865374004441728
2015-04-08,0.4446045722707401,0.11190109299436259,0.32432083225890057,0.020349046182935634,0.09110715464750598,0.005066439612337365
2015-04-10,0.007507193822553349,0.10549300764589391,0.8546485126457442,0.11391450316008414,0.03688857044716799,1.3120853564559076
2015-04-16,1.6747589578002964,0.03866012747831518,4.975307575963204,2.860727054685149,2.02256686501332,6.449272603818758
2015-04-17,0.034703854316126846,0.012682990437289309,0.0002717161380837979,0.03310831843860729,0.04033672422968529,4.954098884637254e-05
2015-04-20,0.033140203155838155,0.02297604741172873,1.0658098382388386,0.3897766899671885,0.1744168957672644,0.33502278298744825
2015-04-21,1.2113393371260164,0.5805963810209963,0.0544395428357061,0.023374410215334342,0.33299955121869035,0.2467824301116245
2015-04-22,0.18528055634442334,0.1866282037511492,0.03147993277118374,0.12474146213073885,1.2344618801853267,0.0023050244299855967
2015-04-23,0.0002802637423784171,0.2205487115899774,0.5634781281295733,0.03460610945920597,0.2144197792984798,0.05028683549517935
2015-04-24,0.00024682870038944635,0.791771000056832,0.48581707871978536,0.08538078240658889,0.4693584086075219,0.6433958745088798
2015-04-27,12.648406746569643,0.025984396464176832,0.018510396560308954,0.006576744318181876,0.18245865115235896,0.3569219711379749
2015-05-06,1.34559942378038,4.402158765166322,1.137634985859513,2.5835546367154185,3.5601618753945496,5.55478912930669
2015-05-07,0.44478069149176885,0.7662081531355223,0.5348037242005617,0.6142590169795025,2.043053487330599,0.4458358634753866
2015-05-08,0.3771330511626395,0.019928807348480508,0.46397318887724404,0.3120603099899311,0.657640426397476,0.07634204310485174
2015-05-11,0.03532618582805422,0.01429590845814989,0.0357384996194286,0.2946813550072898,0.37404436496306753,0.2636616561804715
2015-05-12,0.40763133583663325,0.14576218848800385,0.04572669675854077,0.678405685181421,1.0882554826585715,1.7549365884425463
2015-05-13,0.601238785454854,0.059971670311609146,0.03129148583345171,0.09884967038802017,0.4708622569836986,0.08554842225526053
2015-05-15,0.13215374655539758,0.24246102695059474,0.8801579826716571,0.08245757912752649,1.1658532810372528,0.9921449666144357
2015-05-18,0.041933509824302634,0.40585187504941905,0.1300903600569646,0.010400863727181065,0.01387054339401903,2.535488215148087
2015-05-19,0.3608823852817334,0.5754148327095108,0.24578325032563317,0.025592061634388336,1.0490951955903767,2.1812139243781723
2015-05-20,0.19596174657193757,0.00046435004603592484,0.018179375027995423,0.17356787606107468,0.1475330847045297,5.971785567811706
2015-05-21,0.14884336622868222,0.6989430246750583,0.35087378913514555,2.7436835160000035e-05,0.16249407786536496,0.19908952284433604
2015-05-22,0.0013393316383983331,0.17718475800733285,0.10385404816003051,0.08973497563794851,0.024560109258981628,2.7620741838931635
2015-05-25,0.25535273487308907,1.2813716665964958,0.39028364318442055,0.09534929244101203,1.0725072306732768,0.04402083387616404
2015-05-26,0.37627241506917,0.03514192095586821,0.1818730289544296,0.0006322649655233702,0.4587172176110292,0.5523978309123455
2015-05-27,1.6305733147378807,0.26278280433958146,2.868819169761049,1.0360933048439394,0.03638204364093836,0.01613407720923876
2015-05-28,0.09289553877110839,0.0008442125104533076,1.5385355851405123,0.043917022904522394,0.23318564408123715,1.2976818556551843
2015-05-29,0.16175637342278756,0.21070638869408975,1.000088979944696,0.5679308978212808,0.026645189989238482,0.35631663938367386
2015-06-03,2.755777649347856,0.008906898787978653,0.06159449075461225,1.5724078011426583,0.8814601848958533,0.08519311885461228
2015-06-04,0.45997924939201223,0.19413714086320769,0.011260981449417107,0.020906735400474587,0.3528666322198952,0.03676853789061227
2015-06-05,0.008684258327049959,0.04876629319566928,0.12774566301132897,0.11511891126615631,1.2070156382520698,2.506556857252759
2015-06-08,2.8631289951777483,0.11388472595953489,0.31029185929518194,0.16076705170547004,0.003642617319717812,0.09241530220321474
2015-06-09,5.39204339361036,0.3596149343391963,4.755097056916868,0.5804327590341329,1.1316764317106591,0.8624986467398609
2015-06-10,0.4691106571107529,0.14427156742963476,0.6842449151320619,0.8566699745535202,0.6119818505645692,0.004150959846867841
2015-06-11,0.009259583142542566,0.002513836742868522,2.5750176343529536,0.4307724826444291,0.5091122667419601,1.4479825108969149
2015-06-15,3.474185600164607,0.5314037018985992,0.4042885468974587,0.5413256352456496,0.7337177340200304,0.8652265066483242
2015-06-16,0.5138989778979184,2.1554380089515408e-05,0.4346580908979845,0.5720706077000877,0.00855777187271041,1.104011909129467
2015-06-17,2.220612331349503,0.07176818743478619,0.168039512749438,0.7055588015217679,0.5817775388129298,0.06520068571877662
2015-06-18,2.6357501821211055e-05,0.2574603437068747,0.8682090648712136,0.5919125042338759,0.19945343070603555,0.06520068571877968
2015-06-19,0.6330913983964668,0.045036304026184575,0.005599248099926175,0.0002676953897664463,1.2222055473036972,0.5576393510668617
2015-06-22,0.2682893317484768,0.4048364334840721,0.010983076110923428,0.1834819904342336,0.7077314310076729,2.532902567257008
2015-06-23,0.19060378017977242,0.11633533744652803,0.5769924735166566,0.5488056969873691,0.003047525301484212,0.028952878962029534
2015-06-24,0.10294832612004172,0.07769290013285664,1.4590731712028273,0.1191878926988044,0.9897932556239512,0.2658434884504631
2015-06-25,0.4597633116165823,0.7437535581263364,0.6509609167296125,0.001898616680748426,0.006346063331553127,0.11878318679570993
2015-06-26,0.0036243668585144552,0.13688389620050903,0.27880188369799735,0.7544265215743441,0.008989118874196003,1.138305220697771
2015-06-29,0.6799169955729129,1.189008079441217,0.5181764994910684,1.5221447435554718,0.20394976498668593,2.9047905877084874
2015-06-30,0.3288565719572223,0.7503941090117479,0.001448851461629752,1.2683237273607852,0.19390799307180656,0.04815672603638951
2015-07-02,0.4795067146943047,2.5075168361945925,0.03326889105154832,0.10005867360256512,0.7449602948832494,4.4546752101868
2015-07-03,0.5900483292053752,0.0004309644246906815,0.3239439953248824,0.19930521488550765,0.018547253568924265,3.0835212389872577
2015-07-06,1.7870699421366936,0.9923229842841942,1.1435230946422872,0.08602798556870171,1.2196188291439092,2.004720660562564
2015-07-07,0.04738710636579972,0.07674041054079084,0.028160214155117904,0.057332045154283647,0.5082126391544425,0.6471737836718647
2015-07-08,0.49740099494505063,0.9341713383940962,1.1451299415526084,2.851230167248376,0.837903155191529,1.2834497770835551
2015-07-09,0.4700860152898673,0.11299519053177577,0.03743036543034826,0.28826945919835006,0.024859285945072106,0.029532533775788745
2015-07-10,0.18314463958326352,0.6752638490163405,0.0407051806010846,0.14533394238522537,0.6952740067631211,0.6875992412739603
2015-07-13,0.5116990167010134,0.0009542093454546483,1.941968177767863,0.9043804701106599,0.1493696085557881,1.1557486843628857
2015-07-14,0.025951122363510885,0.08430393949428872,0.3185590211335437,0.025386599891050066,0.022817580617965155,0.5293459485428926
2015-07-15,0.4278446676758552,0.10319622085699251,0.07217400436288125,0.4515105602478725,0.012453152989928605,1.5098714769474855
2015-07-22,0.5679753248373894,0.655860584143166,1.0160544299216925,0.3677734589428461,7.029407555264289,0.027219227957503297
2015-07-23,0.006141486938173151,0.16874481310700887,0.05300800259633301,0.0069527022119745445,0.04834473388842694,0.11720496093426523
2015-07-24,0.8983387485700788,0.009521794253474734,0.02578757504909944,0.012299230686544295,0.2084071690179253,0.014099063118890361
2015-07-27,3.140666581979394,0.4112713174405859,2.4099234843317197,1.3853722556573504,3.208484782030177,0.43974458462229743
2015-07-28,1.4205202998077278,0.34825097675102584,0.8290738851337438,0.961410443837209,0.10091308181817302,0.39673764793722643
2015-07-29,0.01820222105204569,0.0017454435993911187,0.0025806137139315084,0.007858477460738825,0.4445903365549604,1.1618469004620031
2015-07-31,2.922842619074596,1.992124839401758,0.7986085604680028,6.315388538306411,2.5086584402612875,0.34150452806435594
2015-08-03,0.002388800741803716,1.4742851708636076,0.09461947215433551,0.09220938671969046,0.017751958504346105,3.5486906046396727
2015-08-04,0.15887814799583164,1.3923279729057365,0.1088759789934362,0.0030058926962391896,0.4726544365294298,2.0719318651906242
2015-08-05,2.0795162290744327,0.01126003924446256,0.7092290729581523,0.0001201877944863365,0.08574984118494496,1.0951743380428922
2015-08-06,0.8291850645042266,3.2693456325602583,0.9062605005370777,0.027223756458716268,0.162586340962209,0.9998180144684429
2015-08-11,15.231180384496735,12.098036655654308,0.06617719429216509,1.8859690301788128,2.4593952735698204,3.91446645134222
2015-08-13,0.6936917735380189,0.8579314549386091,3.0305921989146682,3.851972314491403,0.08793072953189607,9.690497950065158
2015-08-14,0.0006194593882737238,2.3751521550759116,0.1784266253620411,0.5243738839456266,0.48078483522526533,0.781423803726122
2015-08-18,2.7133548791009097,1.1755943621811136,1.035058530373052,4.3938678256711805,8.792407262604717,2.270980936937449
2015-08-19,0.3403118554403229,0.03226649226318021,0.023622039377660227,0.07607572349892444,0.22387894970131597,0.17180531573804786
2015-08-20,0.8996135677535856,0.1013555996944045,0.8086158107371736,1.0819367767756747,0.22942544547935037,3.7830189655736284
2015-08-24,41.82681163527427,8.479058331072448,48.15124157412283,32.34200494764844,28.597265931741035,52.91792047996648
2015-08-25,2.3828501565623235,4.220058197618384,0.3334814980335565,2.2425030813763387,3.0232379243211325,0.3331087702094354
2015-08-26,0.04756255269746903,1.0921823824174024,0.30105561548791787,0.2129983050136518,0.08262837186105153,8.748711138380475
2015-08-27,19.81475298024956,1.7973534045124124,4.928217475863775,6.199110725653268,8.033162529708955,3.2432476474557395
2015-08-28,0.12305094717924453,0.4718391741331315,1.1807648320751005,0.12687074154847056,0.3372881764148601,7.147604256191434
2015-09-01,0.5803294071920728,0.04801527035209798,0.02838641207843175,6.282562862473165,0.06771821223117,2.282581224434625
2015-09-03,0.21803594346902005,0.16180081336674138,0.028148183185587962,0.6681192451535906,2.3597656799750153,2.0584337640047257
2015-09-04,0.16128973899263718,0.7251046407563841,0.4409027903689969,2.1822893737757063,0.8545180650231134,0.2041243426908673
2015-09-07,6.839794479899349,0.15829194768839142,3.1966681918826967,0.15909778768789337,0.0022476926291722,0.11438525755746001
2015-09-08,0.15973461935940036,0.07257882673942188,0.2643080556207422,1.3159797072878783,0.33159763590164953,4.419822933939195
2015-09-09,0.43830871917633263,1.0363989701208465,0.5472939483719421,2.1742122468679392,1.4952794513438865,0.9737477526332766
2015-09-10,0.008540297852557907,0.4391123453317763,0.5002595796429697,1.9061743593656912,8.669788165272874e-05,0.0022265079369456695
2015-09-14,1.1639601463496267,2.4783059322169674,6.330139345710275,0.33068657029143084,1.8794960690849958,3.0474916236975975
2015-09-15,0.9783990712286759,0.20939107427953615,0.0784643810356316,1.0685742725991532,0.22382988466122833,0.038212103462044116
2015-09-17,0.5122389628737339,4.269813430384892,0.24229334338957687,3.526128306563872,1.9051628534071854,0.019698375195935234
2015-09-18,0.0019523986009149206,0.5206866167846055,0.012345610513221493,0.31549918869019233,0.0019894853043281647,0.44623721398455074
2015-09-21,0.009368890489309535,3.2837791171976227,0.3084561036217138,0.008653306104110192,0.029996087880070504,1.0635967662216426
2015-09-22,0.5399474635723062,0.06269643150043754,0.3390911399032987,0.23034322358709336,0.9361047320875554,0.03556755981570883
2015-09-23,5.381902438595252,1.8681042289997118,3.1642070125480632,0.6329221720850715,0.09079334265143527,0.007018332156528343
2015-09-28,8.780284612288673,0.08659089976065906,2.624800694843621,3.6456680438513747,2.854836472851106,1.899882321263541
2015-09-29,1.9474579665375398,0.10125985896034144,0.40849116090245047,0.020350516516610486,0.05935031360829465,0.4295216464756398
2015-09-30,1.1729870337992283,1.208130011411466,0.25448197502134906,0.011184163256056557,0.00014075152870123814,0.06658788724546248
2015-10-01,0.5336010236151135,0.6273029769849163,0.0019454041514966355,0.1536205110826199,0.08168324488404834,0.025546392140740413
2015-10-02,1.237866881586765,0.09888580750607695,0.3445475605063875,0.09672049583919291,0.007950572990212765,0.011704161008538357
2015-10-05,10.104211232938395,1.3156126772242882,2.5982475805339074,4.238467359502488,1.5414943369472953,1.0642371925617486
2015-10-06,5.395731406797862,0.8126880171123275,1.7820408799224439,2.579142704766387,0.3026449855369444,3.846858875039557
2015-10-07,0.8571436622843615,2.5459805294375313,0.5666107819280671,4.8326915311602425,2.7619730131807514,0.08781280034534102
2015-10-08,0.009179933109739184,0.0304427540564378,0.0007995047637002681,0.25026949609475413,0.011752129924516677,1.5285645994455932
2015-10-09,4.650629575455197,0.7120867236909653,0.20335183929878248,2.9978395039856243,1.872288349417385,0.044563142471441886
2015-10-12,0.8050425935849453,0.03777330169860716,0.02536996761792445,1.2424710637160736,0.006750370471734361,0.47811397383062665
2015-10-13,10.497669123327725,0.005600073189244691,3.7344097410005705,2.4646728144343055,0.1693085638421169,0.04538119998316773
2015-10-15,0.2878873513478895,0.01518631967930982,0.2067164319412286,1.0174196467379153,1.73104727142164,0.06952868342009455
2015-10-16,0.10583783793940975,0.0433289052708892,0.02150902173401715,0.2619112830502584,0.2382351187431649,0.010942056401906096
2015-10-19,1.1132103106901723,0.006455988825748868,0.00015570428820968138,0.04072995101067835,0.010751831345792658,0.071695589485825
2015-10-20,0.12185216397450829,0.5920501835256264,0.007203477782709448,0.03276791891579533,0.014717384242820417,0.49291217068661203
2015-10-21,0.17824506990762365,0.014863282415634461,0.2051016762500345,0.048702137977262645,0.039873850358823716,0.001265397057009902
2015-10-22,0.20224690072417695,0.014018523859424082,0.12261054950057436,0.16754231997946745,0.0005764509938167183,0.6669362408914142
2015-10-26,5.337368989464459,0.00993133953035613,8.188398629168448,2.1580283007795233,0.31892216899808595,0.34980726331908
2015-10-27,0.14210288973615937,0.33430864848358793,0.00034464007195903086,0.9910424326999763,5.964659374480114e-05,0.000806739381747467
2015-10-28,1.9805259516674016,0.3808349409389377,0.24948746252216125,0.15566945350982783,1.0899794650975991,0.13564479958922723
2015-10-29,9.068602702799136,1.35669296226735,1.908582327546709,1.6666213800661491,1.885732907032601,2.224784448009541
2015-10-30,0.14234980044089499,0.005808861365578305,0.5895715294710707,0.011095013347730236,0.12382022285268414,0.12810519675825696
2015-11-03,3.005170075001482,0.5025329928574132,1.1367170011406766,0.0016278065451791948,1.5862825992829235,0.5069658518277022
2015-11-04,3.0210467882307683,0.22973367497308736,0.018157733958101597,1.8359600928815123,0.5800840339702004,0.032987048423571266
2015-11-05,0.591275067425175,0.02995764216429193,1.2036044026820722,0.30810411328895265,0.5233222870158221,0.5584315247797552
2015-11-06,0.054581394221349694,0.028338171238416154,0.0035626915853235563,0.19083578732456632,0.009526966107695593,0.2111000958527072
2015-11-09,2.1876133275514063,0.0005915261434071401,0.4579995682030857,0.1801334458636611,0.7221919537932767,0.07728429957717718
2015-11-11,1.1463379960701992,1.5392935713614901,1.514275087456442,0.2910867074152971,0.7911314772017315,1.3793539776488877
2015-11-12,0.05695196985366595,0.01622659942589426,1.1317117290481251,0.5779022943299233,0.17844469835352447,0.11498386949386769
2015-11-13,0.0564318837096641,0.06670067650563506,0.03046382777314184,1.2832012446883378,0.01750086604284046,0.8746146787419159
2015-11-16,0.4730407133104017,0.03082569676785935,3.3364225414464728,0.11605593741599139,0.19766489764840345,0.1139551410040085
2015-11-17,1.7272486209175033,0.11114397748049905,0.5953207254013785,0.0012964865159775388,0.012446274435875976,0.46949035344105705
2015-11-20,1.7761829976815027,0.00046930932430606703,2.4389765002728074,0.001499999941469759,0.06950764075627677,0.009517988084013726
2015-11-23,0.19832352838969428,0.2923457075619253,0.8281880750391236,0.2454328633906059,0.000743077547748538,0.5509364083708482
2015-11-24,0.00900807570300715,0.13410033135066385,0.002634212455656756,0.4712337003676698,0.44792101161063924,1.0650044531481884
2015-11-25,0.7740979114905537,0.19332973642422532,0.8969585238193845,1.204508922979163,0.06257628921756449,0.09885374367302287
2015-11-26,0.06285970304123585,0.006240171817243574,0.003387648608534637,0.056914262024458075,1.2980456226607238,0.7986838444878854
2015-11-27,0.6353537956638141,0.0008827838511666499,3.7901807394215,0.7927222981508818,0.03857973780063364,1.6520611254316526
2015-12-01,0.004024043655393148,0.00017093455928787843,3.645483220396782,0.1512195067578963,0.2024795140436419,4.661980450890463
2015-12-02,0.06726446099334957,0.1111672469560404,0.03673699964957135,0.21629255528765426,1.6964311559073204,0.4907612747135112
2015-12-03,0.03487128473442633,0.02893836330365072,0.5694826228925247,7.515542190624026e-05,0.007623811263650634,4.849434753797316e-05
2015-12-04,0.40912235581515943,0.1311053394780064,1.0758445375228436,0.028212052962162726,0.27801085382997615,0.2320120810610954
2015-12-08,0.973747899726222,0.006741507743978974,1.47330036497327,0.011014805493981525,4.056356743799795,0.19503275327959452
2015-12-11,2.5455713060508143,3.0929603355202917,2.3217956349181437,2.102356536028858,4.056402760002872,3.55231424945607
2015-12-14,0.19444637803324613,0.3876509701794112,0.026537360646909505,0.4809271177553598,1.0910591927641227,0.046219401253283804
2015-12-15,0.6344630210221274,0.1916487835917953,0.4407998329907117,0.0002906724920254424,6.565523019171146,1.0461579606843896
2015-12-16,2.7911208656440785,0.48064768032794164,2.480083446772195,0.8065727822665738,0.011436042120511119,0.636588420704518
2015-12-17,2.573964072544137,1.8519052378438086,2.0420101111309137,0.5049789914748957,0.739515898151365,0.6292966055000482
2015-12-18,3.744191275108195,0.5848495584669058,0.31468601159347986,0.08521046218224357,3.837730224883112,2.4319216231645364
2015-12-21,0.24176645248272124,0.819011724235375,0.39454985230766887,0.06546600160204404,2.5815503547670526,0.050865972926301906
2015-12-22,0.3563600856099583,0.7500467345106581,0.6477382306182436,0.0678164404335768,0.048441755985647816,0.009421802212408991
2015-12-23,0.012660298938986316,1.5000748204608862,0.26923186772642976,0.13961089723822068,1.025278472821272,0.13537993896269077
2015-12-28,0.5842247683015841,0.1875592586458842,0.07235222883005091,0.16540451202768988,0.7888252417684295,0.9856610711020334
2015-12-29,0.06921782372154156,0.7601289037089141,0.20476067205382495,0.20038059313574444,0.026460045922748084,1.2432471612913079
2016-01-04,0.9125401546082731,3.6724187303003557,2.963781822616963,3.3329487275401024,2.5582186108508584,0.10677073601342238
2016-01-05,0.4933925390838511,0.552019265262548,0.0006260189728078663,0.0037666640965090857,0.6403970306210064,0.6103257695033176
2016-01-06,1.245939258502245,0.018547019136892127,0.09677347094911498,1.1293368042753031,0.284252856588766,0.6546173751910546
2016-01-07,2.953623635357189,0.597179972796234,8.43233058832738,7.222469786690831,8.032391776655519,2.6112099104527844
2016-01-08,0.12181568735119706,0.022417231351049935,0.43377394776529316,0.6052012057340832,2.456961754385171,0.8905000321184489
2016-01-11,3.216187317450562,1.4765090974922774,19.94125853110489,2.4098993977615093,0.6100690561594931,0.15210820022727944
2016-01-12,1.098285542965296,0.053159205390596466,0.4492650585831648,0.3996175334879616,2.7917721158648447,1.297133721724571
2016-01-13,0.29683125175591524,0.005077873456922179,6.508409461934794,0.03069294092783428,3.3851996933563777,0.47856764039329114
2016-01-14,0.2812432309812854,0.3086539597986404,1.7510980129842006,3.7815192299108142,1.453008193333753,1.738450224434193
2016-01-15,0.05707366153793795,0.08988640911054704,0.40155547685291443,0.2741282165419166,1.9325035876424406,3.3230619551668017
2016-01-18,0.8993619046243606,0.13217709883500856,3.203603339854073,2.0901279997752162,0.004125227232259043,9.721047575056177
2016-01-19,0.05436570636918435,0.16377344591288798,0.11974414869925133,3.0219254040807706,2.7870637459126106,3.1331042598819576
2016-01-20,2.043427172835128,0.40930766826331666,2.3859564537730904,9.169858525276222,1.8341360013402621,1.412560852161708
2016-01-21,0.09826649890602937,1.2376890691912608,8.070997260389987,1.1302901009960047,0.07299964039253247,2.068467499299602
2016-01-22,0.92325933349498,2.267591064902362,4.0555697227610095,3.0188997884904865,3.182363480869161,0.004755149744620334
2016-01-26,1.4357745855458468,0.007953780042657836,2.7365166411649753,1.5105738224518899,9.909297559081463e-06,8.543533298658966
2016-01-27,2.588862221458657,0.08973165041493252,9.31661895311713,0.00050095743680171,0.6443691350614783,0.8430323037048443
2016-01-28,0.17475138661202905,0.03352345553499553,0.7384538253707564,0.4057235321575512,0.6206098690028509,0.35415334176555313
2016-01-29,0.07161345487910999,4.060266417835346,3.5165165058703747,6.595452828253581,0.9441336855639458,1.1357652938799774
2016-02-02,0.3631446509451518,0.775224537505025,0.45930070736085243,3.6689600157697053,1.4703064791205815,2.647468728168458
2016-02-03,0.03567496467053366,1.4636645169841902,3.378082144460326,1.233740655651881,0.25212388517910334,0.23737080932211274
2016-02-04,2.265955631008385,2.035586330530044,3.9764343093011876,0.09203503010112284,0.17018227894749346,0.324590371339881
2016-02-05,7.914847418253745,0.11754434529438876,2.801981677553132,6.240756864707938,0.49736157145726756,0.22889123716273818
2016-02-15,1.4898557583268495,0.5696306700616318,1.1625150195815634,0.34263245238875917,1.9016219011903506,0.031110994758453494
2016-02-16,0.008135157967424077,0.8223025667451359,0.5846703445771698,1.9507791999591175,0.005547306854622978,0.6089275106842555
2016-02-17,0.18590261581008308,0.0016201608122847664,0.036347556841646894,1.3714756321489678,0.004768104913676813,0.033354364835430556
2016-02-18,0.0775234939178661,0.8815539412682796,1.8309751710008864,2.7592222752115525,0.2245405596961924,0.9791355334316528
2016-02-19,2.9394980847520173,0.0938923521080196,0.6937891691916704,0.0006938737205163219,3.8343925231044245,0.07747890204077512
2016-02-23,0.8657422098505587,0.020504159474513468,0.1606709857631779,0.3254355864995042,0.1791758119328437,1.690273748984765
2016-02-24,0.006206492221645052,0.6157421845973601,0.5433060169970672,3.8787108301850894,0.21349213071868056,1.4332756364991457
2016-02-26,2.580582762347377,0.0019255858466434095,0.0009079537784178073,1.2469229800853345,0.6937123812429972,0.11583357319991554
2016-02-29,0.6329793171339592,0.2743425609345126,2.225254697005709,0.41536720796298476,0.6397905208522527,1.4345464137033532
2016-03-01,0.035746113137957794,0.934035599391365,0.7620411913375129,0.3525560632972522,1.1844912051339274,0.15268358234684581
2016-03-02,1.366804228356048,1.4456061648514784,5.048761313918002,2.7156644476352194,1.8329940415648662,2.3205877116375455
2016-03-03,0.026259219097773498,0.028055728116536265,1.3686367902999765,4.840354614687482,1.0437258485078211,0.0013559844274740951
2016-03-04,0.019932408593562066,0.06441281330814443,0.8624841118415837,3.083159736210032,0.0002103675225194013,0.32479932933187755
2016-03-07,0.15905497481512249,0.10298207954389912,0.00855945452566713,0.22718192797170791,1.3663324754211432,0.19672492890521973
2016-03-08,0.18137810488342707,0.3538403402698559,0.10924743583319341,2.5511770572680184,2.3270219492086124,0.06704251321688967
2016-03-10,0.13799681518685972,0.03259541744613299,3.605657592919499,1.1800298694402689,0.10399492462030814,0.0435069822955514
2016-03-11,0.1834830358232621,0.11049243083525219,0.5109369344301872,0.4903546647616056,1.0716089501030013,0.054820280572765535
2016-03-14,1.7309900700372598,0.04927138659353246,0.04021687507019867,0.4112736232810164,0.0038067667840304804,0.01553748280154657
2016-03-15,0.325538736281581,0.3066763130453955,0.2460445156645069,0.07182799187028488,0.6669203565388333,0.46788140340115425
2016-03-16,0.057666210525161625,0.02200191119676307,1.35971971060306,0.028173828877902245,0.13811748019458572,0.27714918184024834
2016-03-17,0.24752946738833456,0.3302616138990357,4.155694636503379,1.5785303849091061,0.030287179161939175,0.1434781185771898
2016-03-18,1.6790149858761658e-07,0.5915406285032128,1.7433202514368074,0.8470521295296309,0.039908874359562245,0.3547768848575277
2016-03-21,0.00012441189621360585,0.013835460564729677,0.9005724620718594,0.8141467540247823,0.590708450106555,0.3824437757898858
2016-03-22,0.3558833020598942,0.13777261584909783,0.2182524517484572,1.9318829257025574e-06,0.06545111920691958,0.05661206311191616
2016-03-23,0.001582083221360925,0.00013441444735055343,0.06009154940645991,0.0021309480126774556,1.1342830005279496,0.4400977987843056
2016-03-28,2.799980215890884,1.6695898360623769,0.12073729220953133,3.275505422449069,2.7321448906725143,0.03083064178569569
2016-03-29,0.025780911840087174,0.5463445633082838,0.6774360664698124,0.15749590744556802,0.07621574957360351,1.6918663765601787
2016-03-30,0.5428501721793143,0.026230622990517212,0.11611318344295557,3.560615760088893,1.5483806646282174,0.0820363374163266
2016-03-31,0.3533323318319363,0.0001952057178114097,0.2572827075634697,1.2453094178734119,0.03379172378288597,2.3609761033258883
2016-04-01,0.0020345481475063337,0.16820768339466755,0.056029414775518684,0.6271993621055457,0.2470848425522543,0.24837371131636252
2016-04-04,0.02079859962416259,0.7312269320088366,0.01681090829305674,0.355710101963323,0.0010322090433739922,0.21947108419017297
2016-04-05,0.02646015281334325,0.17295641610998577,0.23792692869181356,1.4926764938443067,3.700761569838045,0.6502081069506935
2016-04-07,0.03589938565469996,0.13017891540363255,0.03615601824279313,0.20370531273144832,1.532609109506133,3.9726058470635257
2016-04-08,0.17955657244667533,0.11708404998983012,0.03862971758845946,0.0351493172455889,0.9025144048134482,0.016738520155682078
2016-04-11,1.5376999296653433,0.03302542443304547,0.3702108781243241,0.0010726707613927002,0.00021309420446946918,1.4485253179951376
2016-04-12,0.7849257932710378,0.00026656785865128104,0.0429680152244056,0.037014088564713284,1.2790376649170996,0.009672983955461437
2016-04-19,1.162636299661649,0.05050839358311549,1.5870804890234258,22.639207412597678,4.7666333036865725,4.055369661913545
2016-04-20,0.011950747659247318,0.017158720505686217,0.036227127952408025,0.003973497834896362,0.005398733361028157,0.0019361828338197685
2016-04-21,0.29355937698236684,0.5362339385471058,0.6103286267765271,0.13428945226953765,0.39669444667251547,1.8129455293059942
2016-04-22,0.05629318100061263,0.0416585365842152,0.0011491789259951038,0.4756793474765337,0.8529545560284825,8.224458296478529
2016-04-25,0.536738925945266,0.04040849613034724,0.005260255497746209,1.890215754506325,0.022191607746627467,0.023109883571410462
2016-04-26,1.7860578551354025,1.6694204389378888,0.27922576803199506,0.03762297445470776,0.5073718277335851,1.3447148162382494
2016-04-27,0.42712464689088464,8.941475845729923e-05,0.19027351538451676,0.47780746832116866,0.24045038505392555,0.574735402082491
2016-04-28,0.0031768004048209337,1.0904140304749037,0.06278529592617613,0.18746765440817903,0.720091535877331,0.14922228181093744
2016-04-29,0.04099849023337603,0.014855972565920033,0.0020852707531954767,0.6960094434884511,0.11233896222146716,1.2679311037370364
2016-05-04,0.10954123382532502,0.8267074860216554,1.1824939437736113,5.441844834151852,0.9905208429606195,0.013669374666438734
2016-05-10,1.5401540458602923,1.7429987688074768,1.7028826724423718,1.3403919243731688,0.0016802697071853642,0.9865746690420749
2016-05-11,0.5938975748003139,0.2839390074887215,9.255955303353604,0.09151368145537239,0.3101257926097652,2.184940429799583
2016-05-12,0.004890558711206102,0.07139035444041349,0.9430354036180655,0.20891484292281462,1.4764491262328574,0.10012804107817747
2016-05-13,0.7568740492504082,1.5989443453042314,2.292404455548189,0.1462760962066507,0.10937396649079262,0.0451998218181686
2016-05-16,0.40354022896300257,0.18828709208350797,1.005578124620092,0.0017678184194889642,0.044344868268094875,0.6540668793560934
2016-05-17,0.0025875772826499635,0.5602311071061666,0.030358391606091113,2.6670863082045084,0.4065503356496707,2.091440303121296
2016-05-18,0.012082526367711175,0.020318728806176117,0.01578477771519395,0.020716129879638643,0.18703572718615774,0.1360330525517523
2016-05-19,0.4078877235321553,0.01437465936879022,2.0447430874550117,1.7990193041496823,1.1042732643121087,0.27405031852686523
2016-05-23,0.697247881996086,0.004780615553859649,2.68176385153482,0.948729149789199,0.09081361909854872,1.7641854952927634
2016-05-24,0.4836980423783893,0.30813029041309054,0.4656495093312824,0.3664898091248768,0.03453511896154541,0.009314504945912296
2016-05-25,1.720199051399705,0.09885932510560475,2.0939769800634864,0.35476881685529654,0.9239516919804244,0.0019479261470902634
2016-05-26,0.058799923631435734,6.353281706577124e-05,1.392825632670506,0.05763788161488011,0.0820846329125381,1.5414648593940843
2016-05-27,0.39502082880512374,0.1393409302479004,0.22792703931865643,1.0970203424779548,0.614432083388236,0.3867388623335743
2016-05-30,0.1948896571843536,0.20079968609745039,0.5012407187177916,0.0423297269528381,0.6516547883779886,1.0926818502136861
2016-05-31,0.661189475462042,0.056512838789545994,0.7124689038987659,0.04147559352737826,0.00012626515805813152,0.408480666983015
2016-06-01,0.7890190003745805,0.0009452907242807259,1.7721326539866364,0.0003472017213478311,0.3599936598628401,0.05259994801987881
2016-06-02,0.017746235108639857,0.061239736845480904,0.23404966392823795,0.026542874284769917,0.3416977439053306,0.3188405644368373
2016-06-03,0.18258915985008695,0.1317846147606109,0.4391405966306174,0.2546291931974633,0.7480378277302174,0.057269031925490724
2016-06-06,0.7459119221533439,0.5818066272610316,1.2358287795054854,0.6112892781751266,0.23565413802449592,0.08684974815271423
2016-06-07,0.5966188310398552,0.4939349125802996,2.1533189586504733,0.3504294832698258,0.00480303224289362,0.5463239377639599
2016-06-08,0.13250580819933516,0.027870840863330967,0.025200726541167704,0.25047829155960666,0.046685905388949865,0.2643652145201503
2016-06-09,0.6431369063779784,0.1968901422780594,5.952589647990567,0.42408781576906335,0.4713173811232255,0.2899481508405838
2016-06-10,0.3493039620871142,0.3186023477298339,0.12604663153943527,0.5404736505685013,0.2021319414862041,0.05071518286876541
2016-06-13,0.7153122211161431,0.49013123275838455,0.34841789908256166,1.7921916837406444,0.2658385529575841,0.9977520742797014
2016-06-14,0.08901264863473553,0.05054682229488486,1.5771960075522904,0.3792043391497387,0.1917572010749225,0.08775507714243125
2016-06-15,0.019717192356706405,0.012928207420312763,0.3081879409199364,0.04563187556403764,0.22499170463851326,0.06446647330739398
2016-06-16,8.092179908990494e-05,0.6487694987255344,0.6954443111038392,0.6744344044620981,2.7738645591394056,0.09307403829809574
2016-06-17,0.1849978104516992,0.3283353872138847,0.5754207963119282,0.1849834244260578,0.5116113076918669,0.8870938325002118
2016-06-20,0.34268731934977986,0.38051963374851305,0.3203119823360048,1.8120148891095467,0.0022213560558869737,1.340004690027309
2016-06-21,0.09715470806699603,0.04472984305726757,1.7439908364622405,0.16692934405149704,0.38148786469085305,0.06028208064242971
2016-06-23,0.008158888896267797,0.019526098777445274,0.2336006477824521,0.02484348428513479,0.15258694041687743,0.45918941523253576
2016-06-24,0.6701740524727119,0.13121847860493194,1.697600089295419,4.471797684117996,2.65379787175426,3.369381524211017
2016-06-27,0.0009405480477245126,0.0770684612358601,1.2615662635632,0.041098804537773544,0.614343723606984,0.0064822963514295714
2016-06-28,0.9008557067792421,0.07672871957548953,0.40936440227603055,0.9459419243900784,0.8394853794112535,0.022374607549470526
2016-06-29,3.944590845244963,0.2487387978482964,2.90711494104313,1.7022295822245368,0.132407558851655,1.5998943395637542
2016-06-30,0.5344787812507907,0.5186973418515956,0.0008548488817044282,2.9281487123222076,0.02604153177747469,0.1149497839529286
2016-07-11,1.078594292736911,0.00016114585491283284,0.776869283426643,1.517242736589068,2.5805781779605006,9.698586379209473
2016-07-12,0.3602028895978113,3.6539191005083525e-05,0.8460711170191705,0.7901556300649221,0.19688818101728703,1.0258696754299192
2016-07-13,0.4519934633211135,0.1500851505758531,0.00584256439164512,0.09230905213822216,0.03320146330543556,5.913979503479399
2016-07-14,0.9730575162403295,0.11454408202152666,0.023241855666382132,0.016443339240158592,0.5580973812330511,1.5788632652192742
2016-07-15,0.273173053470097,0.671909858928878,0.8552610335225795,0.3994354373956191,0.04932852249934367,0.10240017476301945
2016-07-20,6.5668465343259514,0.005255662389854222,0.07424543011097878,0.4824539541311622,1.4428900403871323,0.42139191721157
2016-07-21,0.24430911746227024,0.5264167608110589,0.3882709589422838,0.031941870730396386,0.23678734806927185,0.010932569841245922
2016-07-22,0.14345526653477336,5.2411976020572485e-05,0.9106224427306,0.02738568274533297,0.18231802820009546,2.1950688227429334
2016-07-25,0.20440852535108212,0.42496969541180707,0.08753920815729187,0.2784069442504352,0.05458690051150789,0.007699770691450488
2016-07-26,0.004733740806519463,0.16879674482336185,0.09361428309468786,0.01499437734952295,0.27071518330682776,0.011970188867707685
2016-07-27,0.9060181953968434,0.016569732681736275,0.8871690924383743,0.07510211741583567,0.4917884916003892,1.3288744958064709
2016-07-28,0.2209746524373032,0.09280188450126838,0.8768716295190231,0.6092287028928944,0.36475401299513766,0.02460593089054967
2016-07-29,2.505444845420964,0.10013916276958959,0.599008581420873,2.977516877040052,0.0011194427167513152,0.5624737696445273
2016-08-01,7.578068876721118,0.5204378922260026,1.7716502780416186,0.6843660728075412,0.5686833001372248,0.350501442504176
2016-08-02,0.04789867673455886,0.09042680950758089,0.15816897628660925,1.5553875609194114,1.0079172264671565,3.6863107690273633
2016-08-03,0.1599245042950952,0.5027308714089843,3.517316333660649,1.0476205535083076,0.4394356392421219,0.490708871861532
2016-08-04,0.16805605220895942,0.16895882510563948,1.2906746142974495,0.023956472640109323,0.0009311990359251278,0.0027283684991339686
2016-08-05,0.7386097740281551,0.27795675102009165,0.010624591824261566,0.017934724066594267,0.5055490909357343,0.522164647986774
2016-08-08,0.5070233879285643,0.26819540763780086,0.08469907249537391,2.2362056968806385,2.37184544537786,0.10850120680336535
2016-08-10,0.41442544149944616,0.0004376821979946739,0.5194442295403374,0.027794197471943213,0.1443144877326166,8.724649112103208
2016-08-11,0.008040221856897062,0.11853631666551791,0.7635954546769467,0.04006424119286586,0.08462066924165165,3.31370299381757
2016-08-15,3.3667698979225125,0.4684675020685622,0.07060901691877323,0.008279470597394112,0.05180878458805563,0.013617096812733445
2016-08-16,0.9202356136343864,0.3180736159624816,0.08476945255063076,0.08628579885738866,0.5639741997401387,0.042617123073194665
2016-08-18,2.736612974576011,0.08746882308800918,0.14718987783658216,0.5870431666528316,0.37863107777135363,0.1483873800454153
2016-08-19,0.6972803206973405,0.1807272079950748,0.07715750471743235,0.06142723897922691,0.2859188889139525,0.06072421504777731
2016-08-22,0.04221701591563408,0.04026428927924504,0.4022623332674032,0.009912059389152128,0.0009726798036254112,0.4858001335776595
2016-08-23,0.03425011305045749,0.2248616658674022,0.3345423911736084,0.10542218291236265,0.00283697890070396,0.05052633156256665
2016-08-24,0.05905151434089894,0.0036024875191944155,0.7638540424152734,0.44787956410448954,0.2353852744253667,0.05951279873490185
2016-08-25,0.8524122141713453,0.0109597785004609,0.021740684438397415,0.06561348988633312,0.049812269612668936,0.11842548973722095
2016-08-26,0.07876069218964998,0.027522526181685273,0.013290383736693962,0.4521426097706322,0.11785728160646354,1.9458382995570973
2016-08-30,2.0073795107131733,0.08957870799504242,0.4180048385388421,1.0592459254635944,0.04490998505314691,0.5389051069255737
2016-09-01,0.26956960180095396,0.20119319321286172,0.07714318894609384,0.178361768863174,0.1731372229415818,0.2690332836981638
2016-09-05,0.17569528786937222,0.20225831158260235,0.014208604783847481,1.5487836102653152,9.689574901431394,0.48412454762296503
2016-09-06,0.0796727198464793,0.49434398740548813,0.3359264875642207,2.4308113943114678,0.08586890363952751,0.00957626923420322
2016-09-07,0.029647038086941316,0.00042927546990100603,1.702998442455335,0.010034894477660119,0.42265531954638036,0.15635578711267067
2016-09-08,0.036532954125652904,0.011464836298934416,0.3939126814614777,0.0008226619290685112,4.677741182125626,0.5209114220247778
2016-09-09,2.802128019813674,0.08555643452332412,1.2510840735093953,0.5378469585620279,0.48496510111552793,0.014770745591973819
2016-09-13,1.5980275327115618,0.30315153648174814,0.17355538398287504,3.728549708552131,0.011637007454088827,1.1652375844228904
2016-09-14,1.801144434990305,0.8947709708381126,0.003185599017105753,0.10297909431854886,0.6105947277930895,0.21898464087701644
2016-09-15,5.294391705434754,0.25693208851393784,4.534477273100856,0.01861212506565496,0.1267197411761422,0.004910947842149617
2016-09-19,1.11991470281583,0.0060011680191446835,3.009882195826893,2.7161149624202294,3.9406113410783976,0.06773540023681043
2016-09-20,0.1326521360231433,0.06057128118189263,1.581721971005594,0.007986696769330906,1.6322863935251353,0.6880967621741632
2016-09-21,0.5675772327435972,0.03168481719898263,0.002324554648531489,0.01917197402150414,0.8180236270387531,0.5888374504758368
2016-09-22,0.49367766182584755,0.43135941838392455,1.2683559596100002,0.02699462212873565,1.5814239866827615,0.18738658631600144
2016-09-23,0.025782542922403156,0.006339757685040293,0.2504548819325056,0.14584782964500875,0.7644598125947814,0.16227503452799213
2016-09-26,0.4687429761932224,0.007958047800747449,1.4090614644750732,0.060352975618108366,0.03374783596600043,0.19068262831052896
2016-09-27,1.5691136738924578,0.08221162003666735,0.9783077318094736,0.12989633994115796,0.0025344691120859535,1.3289215709966167
2016-09-28,0.011177790433407987,0.00020779837901106418,0.15301578920509715,0.006028784557782416,0.43671161727723024,0.07120350963820356
2016-09-29,0.014871276954510253,0.07879066227270515,2.794695383819717,0.9303325497261601,0.6363561213792079,0.07082502631605474
2016-09-30,1.5474365960784362,1.0585249317291388,1.2311824190013507,0.3185048222522423,0.3054546979026162,0.16842593796891836
2016-10-04,3.9371334494053896,0.2757039683993618,1.3603696348924408,0.27801766583750637,3.1525183585690377,0.04989378616226427
2016-10-05,0.8999813191145101,0.010096001349340062,1.070360526057186,0.009769922049440426,8.599621196060388e-05,0.17158170003652462
2016-10-06,0.04357587396676451,0.052371941615308136,0.06618958405211228,0.014149125945414799,0.06791092101123879,0.0016602559773925161
2016-10-07,0.35635865846413317,0.0065655817257375725,0.30357914410533654,0.12006209532827074,0.39796285252736335,0.24158812994681006
2016-10-10,0.09240567515856174,1.3005866395085749e-05,0.3326113332322844,0.030293369894892657,10.215038416667694,2.0657868027696096
2016-10-11,0.15531826815529515,0.04159898874327987,0.03404718369599388,0.242864253568228,1.0437963312154717,1.450918422339225
2016-10-12,0.10469569055488709,0.010266357188614144,1.4819513774559119,2.239104402801532,6.400791763095528,0.00017394046214404084
2016-10-13,0.20460228075778622,0.014555710169933244,2.5472586806541297,0.08580464454496166,0.22191852260564487,0.1652653421569041
2016-10-14,1.2270159932811127,0.13251324689053348,1.1007170837799194,0.12060837635016121,20.104676463039258,0.06655078557066979
2016-10-17,0.03715357230126998,0.10084975993264146,0.17777102316040014,0.004223049503260622,0.00033400278857027556,0.7824128173687471
2016-10-18,0.13270039280930576,0.6965938240130061,8.138620258857868,0.2305822766218756,0.00018338267945090794,0.02465216872945059
2016-10-19,0.1467238089703435,0.001761718626825607,3.8701630574249353,0.24307580708437107,0.34784097128778957,1.00452985274835
2016-10-20,0.010721551635299299,0.0042714653952515445,0.011427754802528459,0.004946714789527226,0.1875125230356817,0.1321778583418663
2016-10-21,0.010550261128116563,0.028157848593742495,0.6747387053295524,0.16605484894816266,0.2606200438319544,0.05177204079039946
2016-10-25,0.04468449023708808,0.1981365893398092,0.8449621646103365,0.6541307101464279,0.16462536405972553,1.6157764320282437
2016-10-26,0.0011849260239016565,0.04387704397631449,1.296141529285095,0.8042049555976644,0.916082906870706,0.14500897240376145
2016-10-27,0.10063648227252235,0.08558963022115032,0.4350644122858556,0.00017096794841457661,0.17415954167899544,0.23738752737204455
2016-10-28,0.01471483799012251,0.005515509961890113,0.2951832230625164,0.20180718210512202,0.06862573205730842,0.6197795788501322
2016-11-02,0.007924186258498651,0.4107152457633427,4.324726634000997,0.10521160659042537,0.07914114686481806,2.5699536701869263
2016-11-03,2.0024660364821396,0.48520244145836644,1.6117179522024336,0.03254801190901984,0.13865555006538766,0.3170767312999294
2016-11-04,0.38469246672898194,9.428156248989223e-05,0.8534312750012516,0.22568325120629237,0.24552642220843912,0.018196971402386034
2016-11-07,0.19197226429178343,0.020298641792638027,0.1751054390341431,0.18898275005291096,1.2301697366562059,1.2216080928519348
2016-11-08,2.4216090641336976,0.6373391141890584,2.3261069924072073,0.4710566012085944,0.2526421243815576,0.11802753164511817
2016-11-09,1.072403241242295,0.9573275697006357,6.848350775907175,1.171468988458104,0.0007372887102107817,0.847802879399363
2016-11-10,0.43881860190791633,0.09626693746311536,0.7720997696878883,2.4719344853358804,0.10206399024811906,1.3764679672859246
2016-11-11,16.714747939603882,1.2740264216310204,8.534930109643637,0.4762019506282733,1.7200536246912028,0.023032342746907658
2016-11-14,5.047340499860995,1.1658174196437026,2.2397214222844837,0.9520999858321528,2.9149945126869623,0.8273746899698678
2016-11-15,0.5337305164660825,0.7350695428126308,0.04358158585171138,0.1355287103852901,0.24096941323366267,0.03226234262339917
2016-11-16,4.344454314596706,0.032348828591988475,2.493066129538996,0.01621479724195642,0.01521280850930677,0.002541464758025476
2016-11-17,0.02116997025768135,0.0027931885312459646,1.4312100265624477,0.4832288101199268,0.0028718240394970842,1.9777397824772115e-05
2016-11-18,0.19542854880207405,0.033392235885092096,0.062235083660660266,0.7932410884477359,4.612520515392573e-07,0.038365807065271186
2016-11-21,0.178381678549032,0.045830922860571124,1.5939327653519328,0.6042332612162714,0.09048137904149484,0.02382558162419375
2016-11-22,1.1852265293648072,0.01569481733552711,6.548607047984314,0.03847077973939013,0.24798448877006116,1.2627913380542262
2016-11-23,0.019764839314039637,0.004230235176551021,0.2472479695208049,0.38169726619519606,0.5130665605953968,0.03354056819287147
2016-11-24,4.092031745848319,0.14376229068515028,0.28616088996122563,0.020112153862229865,0.17518825615185546,0.5352902590740807
2016-11-25,0.08015433386277261,0.035197704050561794,0.05727977375168406,0.2996812545502148,0.47359482187527907,0.11641672849901177
2016-11-28,0.021656536449001538,0.007395776876403966,0.8813810949569079,0.2855336373898051,0.0006412896744013785,2.489362601844398
2016-11-29,0.18582540830281574,0.011294916848659542,0.4220875925869904,0.02435807577870043,0.057677685915536445,1.128491013094866
2016-12-01,1.443536712958718,0.0009077877039669824,1.5038149353849308,2.8988772221892427,1.0203419287489435,1.562540691322789
2016-12-02,0.8169182836447999,0.023969517181566858,0.10117094985894116,0.09921308529403217,0.5060026791098157,0.0442096043361275
2016-12-06,0.2637119121182674,0.0022334560425632047,1.3859626646963263,1.0279893131439226,0.9644538809044902,4.29960859108713
2016-12-07,0.020785665570158724,0.028218704498494146,0.7875680685049313,0.13165156037527892,0.071135858630256,0.09774323274352073
2016-12-08,0.5270773937639106,0.47417403838120176,5.018722751706894,0.001096584633785394,0.10267354121109605,0.6671887581177598
2016-12-09,0.006852033211160624,0.020120551879373633,0.08730725149300361,0.008522142245024114,0.0035560404966356865,0.39992524615132247
2016-12-13,0.07489472227517269,0.05517108879555209,5.431706583654438,0.0009269919587559241,0.06478965010825005,1.6293369614613369
2016-12-14,0.3405591772655234,0.014646969877057957,0.47187150157278573,0.0015678449537484072,0.3448731378460797,2.5222292904281183
2016-12-15,0.025852165102917178,0.14754586754721385,1.1228964210728822,0.6265231250967174,0.01107343852283659,0.013735802289306178
2016-12-16,0.1876174740036878,0.002387419456852033,0.004505794735530906,0.05838350636696355,0.035352794726965245,1.8989271634653826
2016-12-19,0.5814092059037984,0.04550490789355782,4.055409528172122,0.7174927202702986,5.218921393937009e-05,0.015131324470478148
2016-12-20,0.3232534535148755,0.00018113719888885224,0.6882290038048741,0.0036941559024342564,0.5021518574754301,3.047666524746242
2016-12-21,0.9889747907549151,0.09125031771966766,0.17233485811088214,0.10932390234185477,0.04160127175712107,0.41448471209182774
2016-12-22,1.8215292221893313,0.15436640354164136,2.233770595361983,0.46217767001082305,0.08726945007884013,0.17573360910005192
2016-12-23,0.09071835721641919,0.139436796575499,0.1277290443426296,0.14596653928150982,0.15119549096380552,0.0010969053817843058
2016-12-27,2.2070575049621715,0.024438326703514833,2.0447058815882944,0.2611686954025574,0.2200560202931016,0.005897308074392531
2016-12-28,4.2657461311621105,0.4271203983323464,7.772717340076881,0.1880154520882782,0.24449651511175025,0.0029423041348227725
2016-12-29,3.1391152242729046,0.21801478629155432,0.007182326839310079,0.09998671768945475,0.7443030415914953,0.03374736479397834
2017-01-04,0.0006802486830308719,0.33726798056626817,7.5298351602787275,1.225417662125682,2.7618023448345586,2.220770036990334
2017-01-05,0.209518062609059,0.5577655579029016,6.284753500061871,1.248889866728759,0.2271648089273367,0.02702156733551862
2017-01-06,0.162604747766891,0.8829465551340058,0.2875017402410007,0.08235796877007055,0.0007486863927209904,0.3465283440575899
2017-01-09,0.33064772545160687,0.20614226406931735,0.1501390406153124,0.40482816935893695,0.22279102701960093,0.165360045444043
2017-01-10,0.014691319307276232,0.061756374451173636,1.4451512991041584,0.6686320647190025,0.2615837694358511,0.04839978090998353
2017-01-11,0.026808667061563193,0.03564768715853334,0.3352994475618326,0.028608264106139585,0.0027864314071100998,0.7924686589164797
2017-01-12,0.025670299481149426,0.023136508657459687,0.6166300535090309,0.07018920449955374,0.06779177119314721,0.0008473652841699612
2017-01-16,0.18537037452819163,1.2861905016279658,0.12954279106405414,0.4488861701619813,0.0355329863367077,1.7469643548286018
2017-01-17,0.0034027012014038534,0.06364091172802035,2.5701855922264265,0.00013501933983701023,0.09989772290713884,0.9873606939453522
2017-01-18,0.27805079047703585,0.014301522957368324,0.21401069768024625,0.17424933199711365,0.14769629074235693,0.0437085638788323
2017-01-19,0.00618011442724551,0.008000910803683885,1.5523144179067445,0.07091155837699958,0.14587262732446743,0.020181941837624433
2017-01-20,0.7156257848524211,0.009458753369873675,0.034363600571648875,0.009030935939750177,0.27063632322862247,0.33321348055289796
2017-01-23,0.0040512179266742375,0.14812654392978775,3.763939274848803,0.22761542024781425,0.24781033260624347,0.01679730916450531
2017-01-24,0.608471279665371,0.31321969597664134,0.0025189511949229386,0.2947394295601857,0.2599976193116594,0.37308435844615384
2017-01-25,0.0010247216724410591,0.037094399394021114,0.41430644319317744,0.00436897189681566,0.11962491854617704,0.726991486165947
2017-02-02,1.2672796027558666,0.38751872879751914,1.7945338222464402,0.018522867600873332,0.5419230501693614,0.7099499539974625
2017-02-03,0.017338573441806105,0.4714505089355075,0.0001195265912077499,0.004946252817060069,0.4244944886241906,0.1626262469444055
2017-02-06,0.42901908282121687,0.13619625095722482,0.8694424185764623,0.24099484515767236,0.15182991120934455,0.0019601323280317123
2017-02-07,0.07260411823649396,0.020166824044117286,0.19040124950745038,0.23107372544779378,0.1737367626637908,0.0711670017689344
2017-02-08,0.1440657295481048,0.00040530405374766224,0.14729948539411405,0.027720492323579364,0.18223290967864544,0.00034295995699296084
2017-02-10,0.03887725657677013,0.379940557675519,2.907734808398178e-05,1.2058755840056963,0.06510616308141445,0.061277282387592384
2017-02-14,0.028030675895653116,0.3416882123006337,0.15435677326144898,0.8183168173598304,0.6780635399082059,0.12373751298602559
2017-02-16,0.0024670347831711997,0.0058814061228550174,1.1123156853910494,0.6165376819803348,0.05858335694189909,0.19058603981040095
2017-02-17,0.25456255341943307,2.7831892379473344e-05,0.28032745991225505,0.12482102675206405,0.01288346785419065,0.04601479280879859
2017-02-20,0.024347577818945084,0.08209509115662253,0.2511720809909832,0.12482102675205946,0.0015936338599980254,0.1514500981575547
2017-02-21,0.11696903046126557,0.12440874930365257,0.0004188085641994348,0.006522818590535833,0.7993841476815697,0.6976288028039487
2017-02-22,0.10937457333791625,0.008029766880858378,0.0890919664132908,0.8121119457061515,0.2360975915692635,0.009263756814110824
2017-02-23,0.06871017518074929,0.04451422830157453,0.18062370315143933,0.24115670360252828,0.09042311802819572,0.0026625546491196445
2017-02-24,0.05982813961146788,0.1298081848521141,1.10103677829578,0.43138649962320674,0.030392104137058413,0.11245989467102692
2017-02-27,0.003170373559335001,0.07070581678782294,0.13396283458074243,0.07299178939985675,0.17653152398821828,0.1720848713197968
2017-02-28,0.005026968359562851,1.705306861394865e-05,0.07962988799429586,0.1498414608976461,0.009634330280584823,0.8671879937657683
2017-03-01,0.19337632774945848,0.05343696852909619,0.3312528189532648,0.707690672611201,0.23818320434986062,0.03198168748152243
2017-03-02,0.7043065715190383,1.1099110303162165,0.7954415216448015,0.19190629423602198,0.030736938077124822,0.0804812288835032
2017-03-03,0.09957431323062083,0.18131795259647399,0.02829479942352522,0.20415910653974764,0.056886666563088994,0.5179040848937719
2017-03-06,0.11864570379395517,1.220730427557614,0.8405949848559675,0.0007069569993518287,0.6514146698368997,0.26386651342289147
2017-03-07,0.01774510517282524,0.005660135936289227,0.07018141239610519,0.08160670921320755,0.05809027757944971,0.0012177291027715234
2017-03-08,0.026884123110923416,0.03263420806583699,3.01281160341438e-07,0.22397097110331798,0.01438492407951934,7.011085402220879e-05
2017-03-09,0.02551205514831517,0.22248931694021815,0.00014888886898729539,0.713170484289433,0.025790534592902474,0.012477036080082134
2017-03-10,0.04708098956757506,8.669004197042979e-05,4.268499767785654,0.21544310495901878,0.3648747648462017,0.25280649120084675
2017-03-13,0.11986016711422975,0.06368935836840994,1.4582408008452796,0.1931162540957171,0.08187699128316056,0.08227912178804177
2017-03-14,0.16793302732115709,0.0010196357615314417,0.15638366555741082,0.014214952713114628,0.24633532161361424,0.40608603540163707
2017-03-15,0.00021468342531311702,0.08827261494060602,0.01202861307936859,0.036138539594226575,0.023225880280736435,0.04836091112724229
2017-03-16,2.459152911582963,1.3114536641686274,0.11658490368107415,0.685810262477193,1.1006617930080262,0.062145192313862556
2017-03-17,0.16106665289825897,0.21428040130669712,0.8251879769361388,0.03424758552086498,0.06354331333051584,0.3776599017935611
2017-03-20,0.013526380566036698,0.058055624599610604,0.15061542580043585,0.013496942789464074,0.026853034711569804,0.40388511952254186
2017-03-21,0.026999015203544065,0.09013338878143026,0.00847881232513921,0.05083985866469673,0.11194107954548625,0.024058864360055752
2017-03-22,0.026405010261922237,0.13227150306553892,0.8800611718097558,1.6555270709392966,0.01828659465880497,0.20559573719005617
2017-03-23,0.28582662358747285,0.005533634031691919,0.40121363295686013,0.07834312577803361,0.017265828517556932,0.8542655487652208
2017-03-24,0.0036774568816370008,0.0051232441376469744,0.1858789374493722,0.25951269065241467,0.09295287745293837,0.1281004140726765
2017-03-27,0.21798346280507275,0.0021012027160869917,0.10618179379830477,0.26114600684044065,0.03666301916300101,0.03644904036059065
2017-03-29,0.8494735720585656,0.09760574212979967,1.147286253502637,3.3421794807412257,0.08077906883930235,0.1784565901395655
2017-03-30,6.256747600494442e-05,0.004394908913325978,0.013739304532279022,0.12703155712155145,0.09688851502517548,0.2203576431483505
2017-03-31,0.19823043821335387,0.27565736821141423,0.08123668665913084,0.003471170302239656,0.09143342669355457,0.04594994798267336
2017-04-03,0.4793130136820743,0.09600680870700624,0.16687471055412365,0.1519237361486289,0.1327794658970798,9.390889681060383e-05
2017-04-04,0.6399991658078575,0.00947578889291475,2.0105005867911965,0.07046246852522535,0.034992310388254844,0.05921570035985776
2017-04-05,0.19724318902034296,0.02083110161383545,3.3582898566223305,0.006238732501835744,0.011532610522169192,0.01616153588523766
2017-04-07,0.17198272818467109,0.02864005564551416,3.6783033730714765e-05,0.0005135938565010235,0.0079358514352888,0.42496069680660653
2017-04-10,0.026449784474199777,0.015974168561424872,0.201984996741306,0.017284589737301192,0.021870258326220634,0.06938333050658489
2017-04-11,0.08431622296235262,0.044850680598496416,0.04707365354678461,0.04444352394693161,0.01010270377263026,0.039934354131658856
2017-04-12,0.08284065066192785,0.22427274985002413,0.13751132304165326,0.12534886702168327,0.17949527284403513,0.6230669887297199
2017-04-17,1.411860763013879,0.3406626570733723,0.29190371867696613,2.2765032965516543,0.7372963900394897,4.21810827041546
2017-04-18,0.269506705315111,0.14740438846132922,3.5193372568703136e-05,0.0005866169439299328,0.00894776935178664,0.33077847937615956
2017-04-20,0.04006514447936988,0.0033651254146570254,0.11355089209261537,0.00011730944567458156,0.2686948730434586,0.10113592326573241
2017-04-21,1.5095006971939617,0.6817857843783693,0.03775193107659716,0.0038602349825532976,0.05688085683119513,0.0012310271248257662
2017-04-25,0.08277777900013601,0.30657003814248207,2.563077890964039,0.5846469484616047,0.2448731849889195,0.4627932656860355
2017-04-26,0.6429440572630406,0.031164343915630693,0.11353331123466326,0.0962304795212741,0.1104187441817097,0.12045127848943656
2017-04-27,0.11637354948140752,0.0031976370381565844,0.723475187127474,0.005722258547136395,0.001994945339095422,0.8278834555365907
2017-05-03,1.1043368789036,0.06723065518578894,0.07672600521129624,4.300083046010553,0.028656577834105752,0.17572883708027395
2017-05-04,0.1521958678606274,0.6144616019390894,0.9064486252151187,0.08078986380657961,0.3241114401466194,0.11838556839686289
2017-05-08,0.4561160891126425,0.28900833080246785,6.910156563672067,0.06687151246748511,0.10257617823439266,0.19238886064416366
2017-05-09,0.03590697692949531,0.008093344540833141,0.23898928183478105,0.16039754138736256,0.24296346058073634,0.20347839705100285
2017-05-12,0.14753160164868,0.27628217320567067,1.8824594657057199,0.02675255657580118,1.1123929818358949,0.20289508028905304
2017-05-15,0.05774708587370829,0.024467916212932924,0.29872183159072796,0.07487796886549088,0.17908447651497325,7.6024362302498186e-06
2017-05-16,0.5457363790359767,0.0007904621933361263,0.0543344996259803,1.2644701001893215,0.33542445598598397,0.0019471363174968152
2017-05-17,0.3130422165886139,0.019794939282547754,0.20620985672107942,0.0125221367777075,0.015720693880859487,0.08931189356438367
2017-05-18,0.28311746787509506,0.2291675711666899,0.7805042405282221,0.0057326769689791945,0.024267118805547397,0.0008341732889707268
2017-05-19,6.557426361943131,0.003942803174335849,0.01636414872138286,0.021678781694106485,0.059016184773353866,0.8744203608307548
2017-05-22,0.5408562554530478,0.14174372030616972,0.2501838428011824,0.01085484357917946,0.27112489171302506,1.9353449181023894
2017-05-23,0.10763833401299054,0.1929672844881485,0.005087785910200966,0.08031025366839224,0.19874326297086367,0.182267560387664
2017-05-24,0.22602198414656796,0.04711456547200382,0.1076995225970042,0.07020195346702399,0.008699482317647687,0.05953096758396209
2017-05-26,0.054921288465467545,0.005302094176726195,0.1427628124332095,0.1343051444058238,0.0396074284199862,0.008129884280049075
2017-05-29,0.006156611355810424,0.17554355602393043,0.05539921203745804,0.022915924220479486,0.004916717357028534,0.14538627553700426
2017-05-31,0.20344714337492772,0.0030814736327930705,0.387055383284805,0.01347959693021494,0.17305454279931606,1.290671471252277
2017-06-02,0.005587930652229577,0.3912377357062099,0.8029046740825853,0.8190325495088028,0.1441259079538208,0.017979894354619216
2017-06-05,0.010152781288097152,0.380849542673283,1.3881746686141705,0.0027542800962397787,0.0022901285201792467,0.39873317084663507
2017-06-06,0.49755053208096095,0.029241928316636027,0.3659878437508849,0.00625469878247786,0.01793873942063398,1.0947507291228156
2017-06-07,0.027621497178027903,0.08099708964777269,0.38033843099913545,0.026468519230540336,0.022852470880832223,0.08165772075907955
2017-06-08,0.06362601014726514,0.00038436118733316005,0.29971441210703464,0.04115261849528481,0.05565328029651121,0.1961963940619557
2017-06-09,0.23193320330621553,0.03450908302002752,0.1571302994088936,0.27888353169774044,0.0535630288649144,0.002989042371904077
2017-06-13,0.318524663134117,0.06203667573720833,0.8273817561663296,0.010461135202813573,0.1323554480521553,0.9059477874973421
2017-06-14,2.1981026019851684,0.19562811146155193,0.3671072016949763,0.015784712373133513,0.08682698338060764,0.26144260321003676
2017-06-15,0.0824881914994215,0.017066351725906294,0.000363932174303008,0.4330678938804231,0.04852267240405151,0.0006913013728621583
2017-06-16,0.8383459490980614,0.005271000835750473,1.0781340213102846,0.000404709025203921,0.03749623378841999,0.007753339225177074
2017-06-19,0.1015988012684179,0.018125479466310095,0.6046366621387524,0.23610523674754505,0.08341693217749334,0.5353046091335428
2017-06-20,0.7515646049396819,0.21056903912902714,0.10656998952457378,0.26778252442345424,0.02544250053872445,0.02284868632688048
2017-06-21,0.21071263553865746,0.0835598087774538,0.15880083322873564,0.7935865639741951,0.010411942529131194,0.0057078552008573745
2017-06-22,0.03669227485854653,0.010963411290960358,0.1267786865818663,0.18443961499760433,0.06100884802913462,0.020951716166975012
2017-07-03,1.8821058752031046,0.24410066233636232,0.010824597945750107,0.06036226721312666,0.009011154516664963,2.6514430816030243
2017-07-04,0.5808569376473414,0.139350803710709,0.17203061151379545,0.14592188493467192,0.11298723108313379,0.18467899848931396
2017-07-05,0.4755757412485382,0.11865081043871488,0.0360090842209666,1.3508599443323719,0.003340367457315749,0.1280344192074299
2017-07-06,0.17646203321976667,0.017941963570335215,0.25162201159621117,0.4774239774034213,0.11707893843863178,0.30778602641204034
2017-07-07,0.3556762670581168,0.36058671348719357,0.00016718329304530775,0.006842543180499453,0.00016249247613891318,0.7887350807340574
2017-07-11,0.512199056485102,0.07773493628845761,0.1569165148275631,0.10029618351338213,0.00016233562557336898,0.6798861804797852
2017-07-12,0.62452785918656,0.015836292233541167,1.031854649871397,0.09470059849652494,0.13100356395845072,0.3884389808734916
2017-07-13,0.03509839593919743,0.038845082873180656,0.0003667066739006676,0.6896810647392927,0.08068555411245726,0.2830842521711631
2017-07-14,0.000901750913260937,0.004835557415427193,0.4147541757636081,2.518598075963009,0.010531331178329542,0.00809641514076595
2017-07-17,0.026408990651179354,0.00011712188553052764,0.3774870809829612,0.10777473105375654,0.055124121582072895,1.2629996229749312
2017-07-18,0.10533929652444177,0.00023649182967449002,0.0537686582447057,0.0563697406850849,0.026699217220124017,0.03416869014247985
2017-07-19,0.07255596857112147,0.017907328556576677,0.06295742686056774,0.3280455308074829,0.0757062816558153,0.24521837320237994
2017-07-20,0.10137966056989174,0.008718141798391425,0.7458607350437214,0.9316694098565145,0.0013085647564979143,0.14092201229265977
2017-07-21,1.0642067791217868,0.04034763923905534,1.1545520928242476,0.4036974535320869,0.012639467985824495,0.7328443894016926
2017-07-24,0.3909772704777116,0.025837500790030242,0.11535153864044809,0.010045991754492938,0.04179043134821992,0.07764817916028806
2017-07-25,0.04232732033470328,0.005865598333738292,0.012988828631346214,0.26323021702781646,0.08821705541068091,0.9726872472251816
2017-07-26,0.05268874305115328,0.022722054742351176,0.6755194154675649,0.07117244170075063,0.01223210640661485,0.7358315672297329
2017-07-27,0.11308794379783925,0.05299025829474366,0.01057604711588628,0.2891252823766613,0.017786188262244967,0.094873302263594
2017-07-31,0.1321516530640036,0.3235553365960588,0.1191960338244499,0.5680880448759977,0.09952898981606662,2.4019433237131
2017-08-01,0.3765814428969279,0.0837219077656247,1.9592607960539035,0.06778574717080893,0.0005509771016883049,0.17238441140651178
2017-08-02,0.10726448725724248,0.0960855470203447,0.1851710852050634,0.10051197463794101,0.06713969261217803,0.005437965968638262
2017-08-03,0.5665131365545548,0.00530448932231454,0.0025934667532908707,0.030885746520611126,0.02102347024976364,0.0823892936008953
2017-08-04,0.0028668025019429597,0.021998367996144016,0.5047514065414314,0.2418608271379582,4.022476051090002e-07,0.0005805106374166723
2017-08-07,0.23924039923661722,0.03621107268930425,0.5574511496798737,0.030982058507660993,0.08482548781681358,0.29564652549317944
2017-08-08,1.1237591352047196,0.04415791889136988,0.005198236809662784,0.006087437743858666,0.057252223435269076,0.03167280670487542
2017-08-10,0.0699015146886622,0.047529844798495,0.06451454546721093,0.024145486076732482,0.13568711756271856,5.374583002622147
2017-08-11,1.0647745454589024,0.3720081572932583,0.22646289511991305,1.737694412409139,0.43486368215804,0.030519970558292888
2017-08-15,1.4110424501399383,0.0941503430711638,1.0326754630418367,0.21407821491068876,0.14129475364981023,0.017476312572934482
2017-08-16,0.9419837883179237,0.005883242323571675,0.2144856765795711,0.23635819329527147,0.000443505238559634,0.10562318708624792
2017-08-18,0.0010303906923264622,0.019363968916023967,0.13821844696703117,0.6816352829230228,0.003991259692246804,0.3557176054459207
2017-08-21,0.31214266208079716,0.06724244371388982,0.0,0.023676078598379318,0.03883058769437587,0.000548059721506861
2017-08-22,0.10800067440042835,0.021506038819135116,9.954437138531765e-05,0.26632808210941344,0.05161162033976653,0.9688258317365634
2017-08-23,0.32709448330783275,0.005208807566390219,0.04603402940598272,0.013146023633400445,0.000145942758158283,0.3820605299233259
2017-08-24,0.11368363681831914,0.020820206602208447,0.005965158156283015,0.13747356509948958,0.026843906266709256,0.24361225205841244
2017-08-25,0.12946059674616403,0.1275588732749727,0.016247233954084825,0.14860906498390525,4.8709048461562316e-05,0.05824458994102414
2017-08-29,0.21164216845215986,0.2069522005339706,0.6993743709279066,0.09880837609339191,5.763611331671159,0.09643956367142371
2017-08-30,0.07133900734149654,0.4626652200388188,0.010997703135148534,0.23887354885607226,0.002457909463822483,0.3541462014990839
2017-09-05,0.5282435235318492,0.039712393980111865,1.3394002257253719,0.18462305430532286,0.19174405474139042,3.024496090265885
2017-09-06,0.010047291302092504,0.02589514657515594,0.6651293976582299,0.33594481982425556,0.0029476719637557317,0.024455348072434626
2017-09-07,0.01966413305083035,0.3488586774459451,0.23756978554798808,0.018637330005463214,0.487522451512952,0.15894172929783593
2017-09-08,0.18016142665868295,0.029891441269929726,8.21718267661261e-06,0.00023987750988300387,0.032587723446698316,0.3144186003559961
2017-09-11,0.06335958596032283,0.025418066923840098,0.10923850460602863,2.403127532943737e-06,0.013908076117959545,0.2177517132096539
2017-09-13,0.19917087357768654,0.03482494256963608,0.00322132967561365,0.0032819821780996983,0.10838216044443832,0.44042965144273727
2017-09-14,0.0114848051816922,0.06942787056408636,1.2632103534557677,0.08510566045696033,0.9580470500032116,0.19359843711879932
2017-09-15,0.12098188038809775,0.07731084470452153,0.19385155757673164,0.1254900576213127,0.007423101192591362,0.0038476407921942558
2017-09-18,0.04320366693497518,0.02237295059624138,1.891485802069436,1.0020631188360758,0.33715492652899903,0.06455471458263363
2017-09-19,0.08045672633283522,0.15462478402909416,2.551743768337756,0.2417412822213528,0.020447635641550745,0.05780487246420719
2017-09-20,0.007898571001976704,0.030107053250828634,0.47782629687055805,0.05981170463385625,0.013467972109203162,7.544651051672741e-05
2017-09-25,0.041093671705880866,0.06282626945997076,0.09528004602643549,0.004508903550494102,0.03361124569551212,0.0012076686242899683
2017-09-26,0.27177584539391897,0.040347483197417086,0.8259544991774369,0.014498015476140373,0.016756390030288067,0.0008153842729008171
2017-09-27,0.00025431069612835493,0.005850652361576402,0.39913176758362734,0.5592138136020273,0.0009696191170403344,0.03856537678705305
2017-09-28,0.1410722258776089,0.12313330241572794,0.6472181710363446,0.07773271194526843,0.05492946824075396,0.01704307612265526
2017-09-29,1.0377591983260874,0.01992897125610707,0.035539180081314736,0.05030516214284317,0.16585063994209923,0.002471373319292531
2017-10-02,0.04974554515399375,0.002077098749287772,1.0671324575624637,1.6946332891676754,0.848131490895832,0.07432008577569164
2017-10-03,0.18400709678378555,0.0774401375926746,0.46757428418863023,0.24236432436466984,0.006198098811189912,0.27949750354228065
2017-10-04,0.04088652904148502,0.015187645193160855,0.1396210652908933,0.08464168782898226,0.016968121539868226,0.9126400913178109
2017-10-05,0.6995306995014035,0.024401177869356746,0.36181997605629324,0.6010383257144564,0.03367386291445803,0.002850133166970157
2017-10-06,0.003459086902253198,0.0776930404264133,0.04128806231300572,0.8078624328596932,0.09070004241032813,0.10154115137387643
2017-10-09,0.02613844414861097,2.897915863381276e-06,0.4590486792417551,6.730113967455268e-05,0.048999018843802464,0.02059135884797459
2017-10-10,0.024076751314210068,0.027071094810604504,0.13377680390777827,0.006292999422351986,0.7511454137230282,0.043552472644002235
2017-10-11,0.15193404269984895,0.04965541533606944,0.22306603002909875,0.0696725861525983,0.17668420589945644,0.16504264226773377
2017-10-12,0.540701747419743,0.033430750659244626,0.2799213399654899,0.4801973125968686,0.009387765442989545,0.055511576958122096
2017-10-17,0.12662938033850057,0.08182008676753418,1.2620614395457133,0.6119242094604298,0.48680469449627223,2.282609121254116
2017-10-19,0.3852589220163357,0.08196121733403786,0.01491044763874333,0.031141204692830268,5.801512586260627,0.005965675833055668
2017-10-20,0.10321168915832898,0.03674755625991825,0.6172487894836843,0.030403989942042003,0.29382421506955786,0.06373133350513528
2017-10-24,0.14379021120800145,0.06730673342145578,2.852509746322631,0.03296547216117262,0.2957683518264769,0.037517861931649354
2017-10-25,1.5004849731943992,0.028047828984244547,0.0798460143662338,0.07606971345054452,0.16993627469227587,0.4332835327532922
2017-10-27,0.6986347692377465,0.1650714136570061,0.007948316865222087,1.5995749674261286,0.1762944072373541,1.3422590293114665
2017-10-30,0.0004058306073896982,0.016143194555073723,0.6922107505807455,0.09588454973226551,0.023452987025769787,0.32844529436894326
2017-11-02,0.9026769413516048,0.17506395851443177,3.1903863641339663,0.017981356073032258,0.9568761268616053,2.0827125733927696
2017-11-03,0.019528757251817082,4.7504480158395165e-05,2.743349735765867,0.0028654372324885243,0.0007309815053839823,1.6105789338131635
2017-11-06,0.03483141405628979,0.006097708551904717,3.024350987169414,0.0001849584297947068,0.36214220608269265,0.401024504248731
2017-11-07,0.02528845808480861,0.2452617471559287,0.00021883897605841726,0.8460452720429241,0.003479520184485336,0.021296197497390076
2017-11-08,0.03342156482125777,0.14874777443453507,0.02446700028550112,0.056881464332352895,0.012292744416005093,1.2009928090346715
2017-11-09,0.013114978715645048,0.022360150801596885,0.017708541957915006,0.006039867504651993,0.4623942467106489,0.006624433238471964
2017-11-10,0.11698581120734926,0.0674276672236011,1.0374841800070238,0.012394997942454737,0.6571720196022343,0.8165333494273389
2017-11-13,3.8178614256058655e-05,0.07579447794256848,1.5236823656090241,0.0008049731804176503,0.017449076265303374,1.6225677644966052
2017-11-14,0.30502108120407284,0.04997935559871799,0.3527304333970957,0.3455469160765042,0.8450475540845473,0.03141706741440573
2017-11-15,0.07141014633673409,0.37758359179500905,1.6267666824471876,0.8065613061485098,0.531695926507956,0.03673564451754316
2017-11-16,1.193229762175028,0.0804463799195013,0.6611595067964184,0.6669876747749846,0.0034284710183456885,1.322919787142029
2017-11-17,0.05230528416862161,0.04260593876018366,1.6053674223100471,1.4931866415917803,1.1369602940750017,0.05598658141887734
2017-11-20,0.0006560802239223905,0.03681112153575221,0.01717907999163637,0.015474671195629116,0.08530883036017271,2.054923853830812
2017-11-21,0.1256645566791365,0.01820485488535918,0.15586352532331504,1.1674351940926087,0.051869179170085856,2.6220307261771723
2017-11-22,0.3928140664463343,0.027580746492022176,0.08067550599773336,0.03754932703972228,0.023965767737350728,2.407643774607318
2017-11-23,0.01162203549812137,0.017369557058446523,0.8720801201741991,0.03996393729335883,0.11303547600838111,0.012420409757430535
2017-11-24,0.004128244493840794,0.055219626167779284,0.06859363529479236,0.30572586250205536,0.4599364576787142,0.04003127495146629
2017-11-27,0.001771706759988539,0.023420246974762506,0.0016721167787590667,0.028339867229715078,0.00010040893691016342,0.10524108628585811
2017-11-28,0.010196422223059233,0.10036395171787812,0.7028982294250175,0.030331816008404837,0.4068209543229692,0.07651995560114984
2017-11-29,0.023751203549022583,0.12043279592084162,0.20931626964788505,0.009537187924633877,0.004866541457863451,1.3330552700464129
2017-11-30,3.3068948029271827,0.021487979737275963,0.0,0.025154292325148556,0.21779291256775393,0.05399977346957139
2017-12-01,0.0,0.0,1.8003416486379484,0.21614036311067342,0.01770432688481027,1.1856330258021421
2017-12-04,0.5941399994230386,0.0760221826624925,0.5389659937537125,0.10331748015360734,0.014423793248324377,1.007958662010595
2017-12-06,0.38457786797450544,0.09185468575466131,0.31043938412228633,1.4573563373674336,0.036045612170813646,5.448492695038791
2017-12-07,0.22676782566317658,0.0017554231296828678,0.3089113215600115,0.07147219820253405,0.27940064009091126,0.908592246891035
2017-12-08,0.16063187759385864,0.016356619464106825,2.480457282829842,1.1481677090560214,0.03413558387611542,0.0258373725174914
2017-12-12,0.0005488615303356571,0.23251882534405272,0.12454107277490142,1.4094795971627294,0.0651416976685346,1.9118197935880008
2017-12-13,0.13533755996917557,0.21777235555058042,0.09370556703672811,0.00867867316342943,0.0779824251360573,0.09476164654308518
2017-12-14,0.9419603881275117,1.4898803590356098,1.4550615345023765,0.9131880319872818,0.2219142164595144,1.515441957717351
2017-12-15,0.008887003441291829,0.1140385685501483,2.1803973223374897,0.3023444900236792,0.024746020511994957,0.0054400888745850945
2017-12-18,0.05635246667081894,0.006658653652823014,1.0478560789622582,0.003851363602270471,0.12240140241288222,5.852900644529729
2017-12-19,0.30024602269845097,0.7092716731868591,0.4588218620200423,0.09214488421979328,0.24769432173336844,0.48369257788207803
2017-12-20,0.898420988316578,0.30886322014236606,0.0016037278737791427,0.07973633181208098,0.11365598467709362,0.048149842324756206
2017-12-21,1.4459738159189575,0.06857775098304131,0.03504586546747611,0.13260845084793962,0.0051755072737498945,0.6152709155115564
2017-12-22,0.3679562724792365,0.26452532651534727,0.41319562028897205,0.008829662912470263,0.08833284798235021,0.4349561806150999
2017-12-27,0.8074220993733774,0.4255279707818224,0.47962453750436135,0.030933095575480095,0.3826766469774206,2.8244392997745886
2017-12-28,0.3431859823182953,0.17091579829242043,0.2693282826793593,0.04788731302707254,0.30158855046664246,0.7212830319433283
2017-12-29,0.4314021219035619,0.9811493461462604,0.07451272187626727,0.012614528634027658,0.3551405172297532,0.588250710650543
2018-01-03,2.731319433129555,0.05016774080820573,3.677631461002542,3.193713429854314,1.975057880810306,4.639498571076832
2018-01-04,0.42404750709196165,0.3514572050551804,0.0323284499153904,1.1213729325146835,0.48973459359952015,1.9330767822731045
2018-01-05,0.9434818029679548,0.6430448644547803,0.11875321030932326,0.11223842547549481,0.06102672785231618,0.48815961715369205
2018-01-08,0.24715436997050955,0.6036786671368086,0.08071067815117272,0.4215633710447915,0.021650346334250666,1.0142651755441463
2018-01-09,0.03693363903835923,0.08078504032176674,4.087281187807969,0.12561389113433272,0.017895240751513136,1.074834622760237
2018-01-10,0.0009559913911303113,0.048763587592323854,0.0014776929411010943,0.01421589709508743,0.00026084768276129583,0.19294921995590486
2018-01-11,0.0565217303356271,0.11015018484910502,1.4573778958263741,0.04882106962728528,0.19189321104316448,0.9300739815979646
2018-01-12,0.06510114207743113,0.10123444812991482,0.00024164384522865653,0.050212969991503514,0.16734160754303387,0.03419296930753294
2018-01-15,0.03619088155462227,0.031542772024109864,0.23791414990162493,0.20177874600521065,0.471311292101812,1.598258764277712
2018-01-16,0.5497578452608675,4.3185689478686296e-05,0.006992744634377626,0.15168549731712758,0.0020750301960194553,0.002300902302586868
2018-01-17,0.05304900724955506,0.020244390675405663,0.03320543714877481,0.054785994217393455,0.1491731495585673,7.266046061941501
2018-01-18,0.18994120392748287,0.14836616786713414,0.10224398922908386,0.34023991001219295,0.2746792300082243,2.227964056193997
2018-01-19,0.07910141849953341,0.156908814689004,1.1518957833907122,0.6750168563633414,0.012314335856161159,1.2525197661730674
2018-01-22,0.02199139587621701,0.05566852326330869,0.15088428460139455,0.28695980920858216,0.02227087095729633,5.1760301941031175
2018-01-23,4.212951039612616,0.07096873870212878,0.2908243967154923,0.4001250220331802,0.17836851856227315,0.0
2018-01-24,0.08968849274800704,0.0029615999877090054,0.7733174272985052,0.2271263521186015,0.15303630506060487,0.0
2018-01-25,6.150424602309083e-06,0.2294107016873267,0.7762594316047451,1.0399855494234902,1.156450023760354,2.717682293769534
2018-01-26,0.46551939308600804,0.18983922652950075,0.217117638699441,0.023566204993025246,0.27640504447030345,0.9944302392586167
2018-01-29,0.08990230476499812,0.7946184822751262,0.03705135871047959,0.07727980263816227,0.22059406973596105,0.27545832342232385
2018-01-30,2.515788169391594,0.010768564011048209,2.7187521003697226,0.6322540621382747,0.3526842736892089,0.004686411500096113
2018-02-02,0.6524358753708244,0.010328888163446114,1.2668848259985905,0.28576622307172167,0.0016405308878170868,0.2482888580273146
2018-02-05,0.35079351880588916,0.8744826667268835,4.995952297298358,1.7883775945710207,0.876699076321205,27.37455227966013
2018-02-06,2.892845116749711,4.9125176006614355,0.5837791936811049,4.938957086194481,1.479975781277359,12.97988078101024
2018-02-07,0.7493824553317421,1.7636182687003583,1.8514707387924265,0.4435068683184479,0.027999978227056365,7.961530227958621
2018-02-08,0.02229414889074039,0.02254569444122217,0.06743834331516702,0.8931184820972713,0.004666577943148059,2.810847775852459
2018-02-09,0.35927369450463303,1.149951687271768,2.7192486768555,1.2955374659811303,0.00013827672230068704,3.62962619061194
2018-02-12,0.07576284980162042,0.3216383811230911,0.0345001281425766,0.05240377920401295,0.5257196092413002,13.696016108906965
2018-02-13,0.6978656433491056,0.02421160282380583,0.9295295052979232,0.7832282702816473,0.0010388514507854748,2.9151366249260393
2018-02-21,0.9733844504535062,1.857023666535675,0.25645839214667343,8.521364759756858,0.003938479358866426,6.525692187852074
2018-02-22,0.5785544054073842,0.027880779046464608,1.3114625092319394,0.6286936586580806,0.48733723548825153,1.0570411610255286
2018-02-23,0.1638794604008257,0.1197306769221026,0.3196713260390289,1.6254366329806034,1.167375066305132,6.061146537248207
2018-02-26,0.9776432946857708,0.005823832751009171,0.14604052127402117,0.40762272179636255,2.057235068031216,1.1098734393465919
2018-02-27,0.4527496803523871,0.3720243765062118,1.1689684943723415,0.1898607872453029,0.04278599274237977,0.20680838557397438
2018-02-28,0.0006701092904686159,0.6703504420300367,1.882624041495726,0.4046595776614435,0.0002018151382048836,0.21968559970494608
2018-03-02,0.05113767350421199,4.905691487846176e-05,0.03899479727892776,1.226158933831945,0.993380191137093,0.10621173162813305
2018-03-05,0.23339539926259223,0.5289436196589111,0.7389559029186399,1.377106255722657,0.029130080787918802,6.271612757952367
2018-03-06,0.5985058948977733,0.09707572630151431,0.09605048549274592,2.366783675297272,0.2969232837134736,5.867202673222209
2018-03-07,4.1991546055060205,0.32268514405490906,0.2814540873988429,1.4107528581726563,0.9467372089891912,0.5174786533796802
2018-03-08,1.3619213804846568,0.008749677833253333,0.07405621993560267,0.7369384069383441,0.023687893670881685,1.1306522033729547
2018-03-09,0.022695962518544062,0.054510023641907615,0.012430358368471534,0.021694427060159074,0.03945627300472433,0.004336115816125719
2018-03-12,1.0850772699686888,0.8720584282229753,0.9267652426764629,2.4176433913567874,1.9475731681869424,0.06555355138360812
2018-03-13,1.850829426315917,0.02276040892899959,0.16174566467054158,0.1457230717096633,0.28166494719564106,0.38607695383158336
2018-03-14,0.22316622573804687,0.14034034618845567,0.7137103290423465,0.16303254320781155,0.037323963021832905,0.1771453773803536
2018-03-15,0.9136970928387668,0.4056422143760458,3.6846979620298943,0.37750359152874896,0.021808147262809933,0.0034637040846108923
2018-03-16,0.07209323851740798,0.0036817040624875642,0.3434852324326967,0.025293147382088408,0.05671799297114628,0.9974406411529522
2018-03-19,0.05965275966219698,0.007040622046504524,0.0010043294592883356,0.1561213059939321,0.43940204251350484,0.6115582574050769
2018-03-20,0.5387133383670315,0.20814362653868473,4.663440414621399,0.18355576873893348,7.695041983648439e-06,0.0002150316693176123
2018-03-21,1.2168204400945366,0.2556507980296919,3.554642534283597,0.0038531829840667484,0.007798138371067002,0.7331787667052281
2018-03-22,0.8744327998579404,0.3499374875499541,7.218828525152051,0.31850748279262336,0.02560038071803506,0.06564974532295392
2018-03-23,0.48438793628736215,0.3876930535526067,3.645509729913486,4.0995611503573866,0.05837152592988386,2.6049934915518733
2018-03-26,0.028774830157186494,0.08127488628297648,0.23345689440953532,0.0683008154845703,0.14690232692687547,2.300415772292264
2018-03-27,0.021881002876696514,0.018623548371023445,2.0592108245020664,0.6160838734252428,0.006746516483478778,0.0018952840862810456
2018-03-28,1.2310342342747924,0.06062091267689321,0.7032390228528842,2.750510511280358,0.9616038386833001,0.00189363494469093
2018-04-02,2.595519024588714,0.0006672741511414016,0.5540687455270937,1.9835760584021507,0.02308416937873832,4.233763275376192
2018-04-03,0.0343631463785282,0.16661062065895227,0.01328030564052899,0.2958545466199261,0.9229074113944817,0.4868215787920069
2018-04-04,1.3485372949683758,3.6115125449313217,0.40485984573898653,4.606000407822409,5.322806411399176,0.0745994084085879
2018-04-05,0.17935587356897206,1.2225483265546955,0.09348259086559939,3.823910038195462,0.7436846944646224,0.018688058703988236
2018-04-10,5.197954156545048,1.807175222718871,1.2022429786493107,3.124056071646005,1.4434215522399716,0.17139854639366334
2018-04-11,0.306427989943126,0.2281393241943638,0.013574335279703706,0.14842070244846833,0.016596083785975487,6.876485598412463
2018-04-12,0.6260287434746381,0.03971141816513684,1.5382677130845492,0.1029999411196817,0.05007549815514482,0.2551272403059051
2018-04-17,0.1580556441660137,0.1339552790557873,16.449047002660826,0.7215768933411203,0.43673587655319646,2.8803395971347223
2018-04-18,0.2951609898999723,0.003873758872072148,0.8080493992825024,2.8559243866110897,0.8262310256560542,1.6569095640461944
2018-04-19,0.32077190851268134,0.7062500521746277,2.053878655165803,1.3071310159943617,1.7189871766984073,15.46184295303098
2018-04-20,0.08228543120915507,0.15430798216333966,0.33330735616716356,0.4997226275142208,0.12432513833575794,5.1925971368820365
2018-04-23,0.21836806504844902,0.1538525015674522,0.008812381675034911,0.02966722572319049,0.384859221080524,15.388808069672109
2018-04-24,1.5686102281965342,0.6431905737877626,2.4180685584233244,0.019640279174034103,0.011757872809531994,0.134754003874671
2018-04-26,27.88636807418889,0.4944057621808047,0.05027114785720358,0.16520532279138764,0.709587833735032,11.399460126510128
2018-04-27,0.028816027511550893,0.36341617021108025,1.824866712450986,0.04047953107712837,0.07369054545376913,0.2657245186741282
2018-05-02,2.4302735778595044,0.3792065279127423,0.03791984303039541,1.1206677750336997,0.5396829575906515,4.150409300291588
2018-05-03,6.689380941632548,0.00015421967860356143,6.928301874024394,1.2130746979410976,0.0003394204431433773,0.0649847091538284
2018-05-04,1.2986724951432569,0.29144306184275715,0.02162887933679673,0.7242068404412327,0.3748071407284256,0.0010968063093336
2018-05-07,2.5237015329584316,0.5517175524562574,0.02931912878318939,0.12514209041474286,1.5444358015427173e-05,11.527073354605276
2018-05-08,3.5851040689375258,0.9931172253730056,0.3436345627684023,0.08491471766971552,1.21996033443071,0.029082786818750688
2018-05-15,1.192274346986033,0.008368404088746178,15.914286220787567,0.006890549687308673,0.14048307260389467,1.4959716524242503
2018-05-16,0.0032861491497585505,0.29467583219060944,0.04339300124579753,0.04121537013474369,0.8526571178474215,3.148433563620018
2018-05-17,0.1920592123864551,0.04234702081637583,5.083105630727714,0.011014968333905485,0.0010971412620103783,5.290250228971539
2018-05-18,0.31615635579994,1.0488435405941922e-05,0.08080435848092629,0.04494401450417409,0.02871656566344706,0.9139055359233268
2018-05-21,0.7375868395704037,0.0024625154966473168,0.0344640145447883,0.2870629804074491,0.6445658294407463,6.18561731610704
2018-05-22,0.0903942323858974,0.2137515396695391,0.023979721228747333,0.02028551848806121,0.18552029896982317,8.44432124026381
2018-05-23,0.5017391332358994,4.995475516002705,1.2713536579243778,1.776334031179276,0.1637263075386677,0.09416243946995428
2018-05-24,6.933422173628588,2.551299858814744,1.4648014131690235,0.8640002670778023,1.4639969440757539,0.09354098255644148
2018-05-25,0.24001079443622758,1.4808421478812415,0.004306116043441304,0.19856081245685764,0.2509029842420188,5.102024122111429
2018-05-28,2.3637052446486937,1.4562838530849298,0.0036357822536973233,0.022297535375564267,0.14730092997478045,11.507710437476804
2018-05-30,0.8991493771767233,10.476819602541033,5.227323445733386,4.5838888519018255,0.29528964411089303,3.1745443375649987
2018-05-31,0.20977284879445693,1.5217080744898177,0.13045436409927635,0.21064117094617943,0.011240151002989812,5.617901278036056
2018-06-04,0.2710270316489074,0.6929521195440875,1.1959879776253912,1.2992834515897234,0.10852929542000524,18.367478551325636
2018-06-05,1.4940539146561687,2.927246943926461e-06,1.934187356521817,0.2035636444096815,0.4372650393721092,0.7742910799836842
2018-06-06,0.0984753231012408,1.5502919615162944,0.0019335890142075068,0.19506486403267448,0.11909712662619033,1.307116136377681
2018-06-07,0.3690485965055127,0.23740480328351576,2.1723955568258666,0.023059732616145,0.10593653220032523,0.04472070728010766
2018-06-08,3.492978209180332,0.17665700165387985,0.6481360334345657,1.1291432109515633,0.4061809850100612,0.04996974718050491
2018-06-20,3.405238660047322,15.462123859443501,40.824892355219376,12.735380750559962,11.647934983957038,33.064944744112736
2018-06-21,1.1114218962454205,1.0499740488463685,5.184176897710291,0.23103231287395382,3.2690028109354112,1.402842790270673
2018-06-22,8.007809165323765e-05,0.011681668504947,0.24363490841316093,0.1463459859082367,0.0010913622795507576,1.989431760158945
2018-06-25,0.407242126874357,0.9061075292758405,1.1802967613491069,0.6580602414493697,0.6080840897551119,0.5547289143115333
2018-06-26,0.3274942372170217,0.01784171603151397,0.08442078416356644,0.3750103658529138,0.010968982954143447,0.5776899779148571
2018-06-27,0.4304717249670393,0.3425669813277,5.694168074462444,0.6379293900460711,0.10766580466941526,2.090261736159072
2018-06-28,4.407154068213651,0.0005762626500465093,2.379886457137808,0.00739464126404906,1.4119511926285648,1.4406426719399106
2018-06-29,5.294686591907712,2.3661295449293664,3.1782683064332455,0.11633541402701951,0.06144614885698051,0.12790663734562024
2018-07-02,0.8259836516514393,0.14595787060422574,0.22600003224657372,0.8365370097132074,0.5328738327506118,2.041463435658903
2018-07-03,3.9320795503469657,0.07735415954535123,0.2952273325545094,0.008817801582933767,1.432124285327098,19.71993378205284
2018-07-04,3.077198783545357,0.23010393983904764,1.230989720534917,0.0769702891059622,0.025116784028229897,0.9727468071881128
2018-07-05,0.009848519665833123,0.01695634755762131,2.4814590521298228,0.13220882662434702,2.9578165117452193,2.9533322717115746
2018-07-06,0.6036775424069516,2.5513319496900007,0.4223939698875191,4.05062433292496,0.688166770052436,3.9742833536405033
2018-07-09,3.824174904814669,0.27636526661147715,1.5628630897985216e-06,1.3283618543349458,0.25656996380944713,0.06803097612145327
2018-07-10,1.6198506801780477,0.7450490676879615,0.4189981089478747,2.0020033089886566,1.5970197635272156,0.19189588472345098
2018-07-11,0.03881323601861805,0.009440094905370214,1.9017140865717743,0.6231649603368867,0.1805986986372712,3.963633358697249
2018-07-12,0.060496630722764,0.761352707780806,0.052669370155841735,0.014612486548246803,0.0688503174313798,0.3566597437770223
2018-07-13,0.3732089351968525,1.1491343346085983,0.4342776670172227,0.05079871185482655,0.024872698627878286,1.5373579699541464
2018-07-16,0.43145888427042783,0.07556657869206662,0.16220718959760666,0.7206359578703185,0.9367334914548249,0.023310466243883395
2018-07-17,0.550469665575324,0.37527447724504653,0.027541631245513384,0.04480104753630241,0.009915542319229144,1.2297737616737887
2018-07-18,0.24732866921867705,0.8186300062596826,0.8829693790078265,0.00070468759088369,0.3595806517204149,5.137497652140811
2018-07-19,0.11168788449849959,0.12343881236401934,0.7324692753612334,1.29452743516047,0.45240929018826453,0.028062425860795256
2018-07-20,0.0008451253170738072,0.06765523335111674,0.025210951835453455,0.37937359164524603,2.122709396946316,1.2704143818136833
2018-07-23,0.5324936637791948,0.03508854118066259,0.09531815702207153,0.015628073785409837,0.07854766198493623,0.12835327083052472
2018-07-24,0.07337110684915522,0.07970483032769407,0.8975745716362827,0.0010361647876334448,0.008344065741288374,0.08086486050995785
2018-07-25,0.001190860324518903,0.0023234503275989665,0.8017397558263557,1.066518881746489,0.8889607318754962,0.487628970046595
2018-07-26,0.04250989025249631,0.019267400049170772,4.002986731494323,0.002829201411369397,0.48327586439984205,0.07714896377572054
2018-07-31,0.02661873326316199,1.0303952022380685,0.006430836959093803,0.06928444771084277,2.207345694832063e-05,7.733496742906945
2018-08-01,2.6256082014349937,0.051661366648098256,4.5943597247532955,0.07492776725043263,1.39512893457735,0.14381146820031807
2018-08-02,0.12977422511751957,0.3259062052409382,1.0175720283235605,1.6611358113390855,0.6408299255053103,0.006696650547456746
2018-08-03,0.0048496183608390565,0.012136384444921749,0.590169071661716,0.39502523410282075,0.04963061476075994,0.4000143688452082
2018-08-06,2.389841574347219,0.0003648123706782527,0.0007078301723066314,0.3584247920741992,0.8650479567886352,0.0043074036698045265
2018-08-07,0.02627075640097446,0.4034090423803615,1.3850115510118781,2.722708859179529,0.4193496117461271,0.128802567778225
2018-08-08,0.0034504844555627748,0.5755697443740155,2.60100612416967,0.1582420095567384,0.7035152324551666,0.9720711029859048
2018-08-10,0.08416538469398324,0.00319261909851003,0.3525399869747868,1.6111618468569624,0.8371068202981303,0.051720236975651694
2018-08-14,26.925221107978,1.49849263050875,13.076786660643942,1.6488900078922772,0.38922431373962085,1.0136862952331414
2018-08-15,0.6502929772907182,0.014644142899497089,0.03041644286369409,0.07300122388954867,1.2782910403311918,3.0367785115107533
2018-08-16,0.3196339491503069,0.23681502107073027,0.09791803920791442,0.47402139431525325,0.07739491307633202,0.09134650226934589
2018-08-20,3.4475324730356434,0.3345737628397354,0.05023597102537389,0.05064258836225755,1.4636612382807348,0.304983740191636
2018-08-24,1.6665411925772993,1.3653436469705842,12.139734159287853,0.06674418840961191,0.019867893571019615,3.174260526130425
2018-08-28,1.514158807949034,1.0146608351288442,1.0021765771358286,1.1440015485080521,0.7014711218903846,0.6745299105868974
2018-08-29,0.1381204339896914,0.11781775141724485,0.030330015042328812,0.012508856317264158,0.05708480754852001,0.5011119301857042
2018-08-30,0.5843024103700755,0.002898814931616901,0.08014083121812898,0.3165501416569078,0.011301745987789423,0.9937430996517262
2018-09-04,3.6346447765776206,0.14433450391754946,0.13269998438147027,0.2233853550009045,0.1228693711259298,5.027597623536246
2018-09-05,14.655860285731709,0.9152780352481924,2.7466807927660026,2.9021431945347107,2.719442123441863,0.5951473928318798
2018-09-06,2.6116092152925363,0.029184261443495358,2.177681807589859,0.07427240249814979,0.2006014165099395,1.1321899098796782
2018-09-07,1.6806904315528934,0.0011128696881410683,0.27661643236782807,0.17929197756302484,0.06919211555422801,1.2355032160706323
2018-09-12,0.837770026269133,0.6032645093941588,3.945241344320894,0.09686398002770039,0.3595275350025986,3.429446091044831
2018-09-13,1.0641893884381,0.16880634016270335,0.8298641622995954,0.05180633493664656,5.156022495462262,0.009061480413323345
2018-09-14,1.5339222432905903,0.3851833580503693,1.949073240365413,0.8879147553120657,0.06104899297599557,0.11733872803706448
2018-09-18,4.141855917555037,0.36200469465648466,2.977038332366416,0.4912123509173817,1.641939897824529,0.046934329704186505
2018-09-19,1.119074541755774,0.18699673989666538,0.8056938543679332,1.3899007246710755,0.09482557916978523,0.042489865265420236
2018-09-20,0.9546166292022129,0.027525256812422867,1.4522394862785535,0.014746858705038864,0.017404046680819393,0.8461749911512603
2018-09-21,0.1983998213715708,0.1474789185177866,11.70026781132598,1.355872877162258,0.05226068752999679,0.03108885911694358
2018-09-24,1.627571572084624,0.33631332235779215,0.46669807158892407,0.0021145919168778417,0.1461148849904986,0.682465225133428
2018-09-25,0.01815954869853947,0.10057980345929463,1.8878994561500606,0.2748187971767193,0.006687620723915124,0.002959444516438348
2018-09-26,0.00030620213833476714,0.05596002578643471,0.7676329635836956,0.00870113371569225,0.012304733265087613,0.012513066278646935
2018-09-27,0.8987507709249274,1.9760362396705175e-05,0.515648358074004,0.007694772008947992,0.029729943222237102,0.3236427065128898
2018-09-28,0.6323514310692449,0.09345056429451915,0.35963709622378937,0.4100542219523119,0.03888458502186007,0.029993312712259197
2018-10-01,0.28735951581415825,0.0014815352478959956,0.5701637109117235,0.0023845446634892594,0.05330694120522436,0.17532456332502003
2018-10-02,1.3623523469847845,0.10045197325747743,1.5627136554376009,0.15544947141730406,0.4980207387212204,0.3384784842660407
2018-10-03,0.01802122298481897,0.010595638942801832,1.1984709344659514,0.5781572293067957,0.12340116104688305,0.02493426313954663
2018-10-04,3.6552319837861726,0.11916018726660928,2.7005441324475408,1.2144543285597749,0.5236478981124005,0.09926637700940427
2018-10-05,0.18465647253965217,0.5279607867476086,0.04565178952152229,0.4581633886219357,0.2650148797868191,2.2471102521224946
2018-10-08,0.25711023325553356,0.006211053648705863,0.15021581470709358,0.7864983550165868,2.0233222967854165,1.4987994015070998
2018-10-09,0.3819905845334173,0.008125582746687383,0.01472133689969361,0.21888965195791396,0.0017027206355537464,4.9378994487654655e-05
2018-10-10,0.16897884205353017,4.9329579955081,0.6862796773911062,1.2438400909775298,2.1219663561589,0.05022251522170246
2018-10-11,4.18363065061277,2.4028880168409934,2.828435161354209,7.409435724410697,5.230038502195114,24.57252432351521
2018-10-12,0.8773794780939445,1.6742091234804006,3.005468843778755,0.5071846807626884,0.6169050593829077,6.376765897669081
2018-10-16,0.5884112417892065,0.12378388617231142,0.06437401740259208,1.3048654927716576,0.010153156553576168,0.4817731893702814
2018-10-17,1.3504254996636684,0.04651639905400075,2.558589809501063,1.4524504074521452,0.027827544612577977,0.723629773456434
2018-10-18,0.1593209955255195,0.022002690433685364,0.3408333791528979,0.0021696674833376647,0.5157974889144631,0.7060782493180836
2018-10-19,0.01852884550821266,0.1144563251278604,0.02065236864133191,0.054531317356801,0.8015785661112176,0.28279641626223206
2018-10-22,0.0028994818225745295,0.31341595943747774,1.3843349169154493,0.25651217284700706,0.3160210313682549,0.25741189670338355
2018-10-24,5.147623551176525,3.6126870209130124,2.2084417346814624,2.2652263787627755,4.599119971690406,10.76709069102414
2018-10-25,0.6313919929278939,0.04175898871486285,5.321393500724642,0.4052205668557711,1.6457675625091919,1.8783448283948752
2018-10-26,0.2695430598610146,0.04389522686618235,1.9311163007925607,1.8608566075383806,0.8819518767791383,1.0662494652473486
2018-10-29,0.27603960460340526,0.0015837121687199446,0.3978566270199393,0.10227816608707387,0.23524861644962475,1.7984739222813344
2018-10-30,0.35713963636892393,0.01720499646627209,1.7328988115987056,0.257457137003094,0.009906308130768756,0.00021395507487496508
2018-10-31,0.5362788858870896,1.888742600154739,3.0805802992295694,3.0602192537173853,3.4192629003072286,8.359770374221702
2018-11-05,2.291245156524161,0.0007562051767028693,1.0388801974463913,1.8928615500380475,0.00796195653752768,1.3700259143649056
2018-11-07,0.10583037786065476,0.1261465680557979,1.2284718974508009,0.023947703776507442,0.08061564017367076,0.13306460206742973
2018-11-08,0.38394839803671627,0.14489038555959766,3.246589615590616,0.8197544893013703,0.14538048544108367,0.19872163226898168
2018-11-09,3.0013206252814415,0.6043181047074392,0.29139655728366454,0.2449064956576514,0.6218893618274713,1.6974850813900346
2018-11-12,2.7783180705865793,0.49289911254118657,0.37632553653196443,0.10211456688064967,0.6767796980668396,0.1747485165848013
2018-11-13,1.0029041492407813,0.25659261991786614,1.43133051140516,0.22595646620439774,0.08848992328563965,1.2309316040756877
2018-11-14,0.15602650588098663,0.0024769071873710934,1.325547122503845,0.11661995067950619,0.20401436075791565,0.6093054780642668
2018-11-15,2.7213461145441293,0.11759786513416658,0.18091930092182676,0.13834353908265623,0.6700634656460416,0.17677744380591828
2018-11-16,0.8950941293900802,0.5123178108346029,3.47125200594855,0.8971941004462577,0.05474389989080808,0.013422498157412886
2018-11-19,0.013778324046786469,0.06422655195583654,6.7841996743111075,0.3632891599619661,0.008186221372137243,3.8809935749996556
2018-11-21,0.9174118732272402,0.8113438913713814,0.004379253463050871,0.7494579991306359,1.3855567615525075,0.499926735929401
2018-11-22,0.513072490746002,0.0002174137438625032,0.001625333334589709,0.008064319318496794,0.644286209043079,0.04056596279087109
2018-11-23,0.06584297504403655,0.00023510164606064903,0.9662835749239822,0.1329569725280481,1.2037865933919367,0.49025251885779625
2018-11-26,0.07595315752291024,0.12933847879286503,0.6128928499845058,1.7706716163143468,0.2841654232787816,0.11074909536335575
2018-11-27,0.023313233798877394,1.0101067787359788,0.04528576851705828,0.009289211762250768,0.045964166585194914,0.05137601908773332
2018-11-28,0.13855518093077257,0.008785483968847463,0.17785666298062885,0.017407425140537905,0.15086108300670098,0.5837540507109678
2018-11-29,3.6724887950946266,0.3349999011034311,0.039082238558257834,0.23258956530489608,0.06383803658701233,0.1348809435984728
2018-12-03,0.0332829723311364,0.039622715907606146,4.908053508352068,6.642302705949523,4.766176029810459,6.973437541551744
2018-12-04,0.3169095325699413,0.07765580013389747,5.039665454919142,0.515681368877376,0.0003007453556510161,0.5760735236751867
2018-12-06,0.3710732266525663,0.4756779027250827,4.8964855020318705,2.7682695199801426,1.2495933074895762,0.17651589407032947
2018-12-07,0.03149554872376256,0.02771229816116139,0.9808472363097697,0.019972787304888988,0.051261916814123724,0.15528436733461357
2018-12-11,0.6653562339461337,2.804697895643745,0.01791593801027532,2.8234833370334242,0.9941711399438596,0.17572877604874712
2018-12-12,0.4090845218538764,0.4118552138576892,0.2474885820931861,1.747493317859202,0.005944439042965883,0.48919904137337683
2018-12-13,1.0221531582084487,0.5813217831826194,0.21349286745210375,0.12752579309704906,1.49833548870843,0.011493179388242097
2018-12-14,0.016280508732857978,0.707684200690886,0.00037153215253953346,1.2068305927091303,0.11808042716072899,0.7372998310023756
2018-12-17,1.726431123633041,1.5163580448579366,0.0027855882532072094,1.4409551279852615,0.24644134361534595,3.804612162851613
2018-12-18,0.014938474616507153,0.14831214044335506,1.791947446051406,4.977412142440114,1.3193801777303797,0.47312652003175903
2018-12-19,2.3636969567099126,1.5295052641349391,4.507184627360943,0.18450221067051398,1.2682407050635505,0.7527253666526589
2018-12-20,0.20971077417432457,0.09517729389638044,0.045835152276353285,0.06910185425541622,0.09861125471525202,0.011847175872512989
2018-12-21,0.06521649320050979,1.4105445453284722,1.2383575349518412,0.022574698196824547,0.002328589112244424,0.4268998309895855
2018-12-26,0.33830907267164756,0.019265239671696383,0.15829836820665974,1.3271883331529926,5.9363450093923396,5.1707180444151435
2018-12-27,1.0393800423200072,1.161042672742896,0.19123316274048516,1.2306519349449676,0.303954464027068,1.0218246626330156
2018-12-28,0.0038752744505163423,0.006370328253215531,0.0495642375570779,0.0812260309782833,0.9934416718097135,0.8506424531308789
2019-01-02,0.04635990434059312,2.0338637538839754,0.09609670842647965,0.22783865007398865,0.017327227778686966,0.00784121474055013
2019-01-03,0.41266286497007953,0.21319445332087397,6.368391916400313,0.7388930371837664,0.14297281471259837,2.337441188209798
2019-01-04,0.7340970667808437,0.13080084472601644,1.0873621329188063,2.3307673587961197,0.9278969972045457,0.09284089508254326
2019-01-07,0.040782805638915426,0.3144687258110711,0.11662922529299286,1.999877197177701,1.2333027433462582,0.974716743235447
2019-01-08,0.1509133092708809,0.14628232213350995,1.2198802359820198,0.41859627836491775,0.006453748743096797,0.06130442711895079
2019-01-09,0.022448875226072078,0.08711994225498769,3.874077128393785,1.2513232561042238,0.04831855337538534,1.1457134073879058
2019-01-10,0.803504136310241,0.4360691760369274,2.694613028824439,0.6437272626628684,0.032619644684537784,0.021297739619703222
2019-01-11,0.26642498620124583,0.06665179427825736,1.0431058916597258,0.22509810798950922,0.34923361172068274,0.23983173970938312
2019-01-14,0.15941465313010733,0.17666259142439514,2.272311423735143,0.6251040614014572,0.8284397224484371,0.010172419538334266
2019-01-15,1.3004167489268335,0.03775398960982706,0.017872714066770202,1.4798098876401593,0.12431025500428775,0.7569214594822354
2019-01-16,0.005093903302956978,0.14305861316160073,3.5093314029328946,0.2724196999365258,0.0006758710205615613,0.011618309320771233
2019-01-17,0.02635436620084237,0.34737579148014575,0.6265500502973297,0.20733906558170714,0.03350547769758452,0.565871832139275
2019-01-18,0.14344894679144868,0.30043407965334473,2.2543129461626554,0.09456637469113136,0.04810827345580903,0.0020656806295003263
2019-01-22,0.09983499003554666,0.34027050855388175,0.22940104485106344,0.9718473231585636,1.2771682386423315,0.22081793353164028
2019-01-23,0.07248648673601611,0.6801614758999122,0.056537105262691394,0.4608177031397838,0.9405661753125707,0.026251093442390325
2019-01-24,0.057477303315015285,0.10388865182896363,0.878785934527872,0.38044303182839606,0.037858076947396915,0.007184928826521648
2019-01-25,0.062508686086049,0.19214643617887317,0.02107572001794506,0.12988550084682662,0.03628822665167498,9.806520309884e-05
2019-01-28,0.1390700695043864,0.04315535562869408,7.986550820647066e-05,0.007381217659500023,0.007535524241414107,0.1313530954148251
2019-01-29,0.11889393647431325,0.17518051714849237,0.0014821881256086734,0.13675569567718657,0.0036389327323482963,0.16831355636244283
2019-01-30,0.1845347162499583,0.13941991493916264,0.7817667585684481,0.1750750789273361,0.2757049709109422,9.656130507261004e-05
2019-01-31,1.1202090712199786,0.0011863118022065171,0.11860668634206842,0.24620269557076455,0.31099927689830176,0.3229701960659793
2019-02-11,0.3397253536864138,0.08900272987906752,0.4527281600532545,0.25342076246332657,0.05173653055797747,2.8303317818900506
2019-02-12,1.1299871223974196,0.004641698889374438,0.4126580192023111,0.025541923743236584,0.07493313327628165,1.507297239342366
2019-02-13,0.01259824894925646,0.015655284456600846,1.2677016498127285,1.831795949165984,0.6445858275845862,0.6707641400506853
2019-02-14,0.00019736148179081556,0.04966557186542074,0.7966731913166661,0.0666842431875147,0.034893091405114804,0.5584081362488501
2019-02-15,0.23327665909455897,0.0001856144595371324,1.0732405907447813,0.17087706976490233,0.911148259174718,0.023217401642789723
2019-02-18,2.8476218222013805,0.05347917955457319,0.00045647754472193797,0.6502363396363131,0.005650116021992265,1.1855174366939456
2019-02-20,0.05294990512690632,3.826872456565099,0.13078843992930608,0.1438352814569649,0.3474426463916662,0.9230013405292818
2019-02-21,0.14657351477179037,0.06778317379826958,0.010013010290535454,0.00020553476054474925,0.013884588175925916,3.0114567646423556
2019-02-22,0.31151921133271565,0.28781816752669204,0.1505133705831811,0.05985968162667513,0.5163624897864946,0.018385899123958008
2019-02-26,0.36824278251774,0.019791727412901763,0.10653223871699521,0.06366196351760935,0.06887425568089775,0.035062510495546824
2019-02-27,0.05460664601223547,0.10457934785473824,1.5564695931063275,0.1278123352937556,0.010554780177058295,0.10541745037002362
2019-02-28,1.6122231577818893,0.11181410137426127,5.546739845692139,1.334621502981139,0.5048298851168955,6.432616723093135
2019-03-01,0.7631760690773028,0.1672626839781414,0.6895372454053735,0.057454695739437046,0.5341090304360456,2.1199126899355654
2019-03-04,0.03116144857365392,0.15908359330027538,0.19362667195181546,0.8990316099295005,0.1404425126678271,2.117664343229004
2019-03-05,0.5317024218096679,0.24534601436033002,0.0039954480300480036,0.27518897977851176,0.05107582582951379,0.024040898970950075
2019-03-06,0.06685445004821634,0.005064058662601194,3.786298594147546,0.12099554551910008,0.6830495298745264,0.042164904954789896
2019-03-08,1.3604955399656387,0.16898556453419128,0.09626999945834384,0.7062045568630859,0.08020280875360787,0.8713525869358154
2019-03-11,0.0680857810850829,0.8338251926247944,1.2998168778529566,0.019417128332499648,0.027274929397080813,0.0043553235396335864
2019-03-12,0.03962323983478989,0.15895674534665302,0.2523248961010371,0.4232402637507968,9.654179471775707e-05,2.8354994154312814
2019-03-13,0.13980168081392325,0.17270690046510578,0.0575594397914355,0.2703858935893884,0.5468094870547922,0.16616131612123558
2019-03-14,0.31144363546048065,0.04924186025874012,0.04110789281579988,0.005311672408945523,0.05355244106004278,0.16967593220347227
2019-03-15,0.5540969796492821,0.12878228494124436,0.37898104556128365,0.004990897279861053,0.39972721223333946,0.2919301769296386
2019-03-18,0.55383779017908,0.38060991562942253,0.9098408870463462,0.15884860782840807,0.24339427703611347,0.5896220847029287
2019-03-19,0.20172573419793507,0.03723804241977619,0.14197961964797887,0.06122607375364863,0.5944744830009596,0.27267618170300434
2019-03-20,0.0014103286517271095,0.04236387415356459,0.03549036768435135,0.17018403945821267,0.022994233134250735,0.1824162746677072
2019-03-21,0.08624353347775235,1.5071423963132229,1.4903264549439588,0.03480689022548874,0.15305108038574267,4.2788525031439235
2019-03-22,0.13014644747048354,0.032458674956147106,0.5405390830650006,0.0023268388083732615,0.561495256489827,0.4947451792745799
2019-03-25,3.107647614178019,1.1154793955294282,3.589837861846129,0.8328331631464271,1.5516725954608683,3.6224859121297714
2019-03-26,0.8320259293450748,0.0022931612929928537,0.31152594911845144,0.29586258795130715,0.15481099080970637,0.0008333650523755722
2019-03-27,0.1530378940244921,0.1917921423008331,0.34012802036777795,0.003490334416612591,0.03205600087743211,0.3957436384185434
2019-03-28,0.31115973818362774,0.007269576526877525,0.03805518538026427,0.026290490220022892,0.0883349511185219,0.5210537094295441
2019-03-29,0.03453932571435888,0.019609841523856014,0.31783786185243246,0.08402669419654189,0.07229449167076031,0.05112088189272641
2019-04-01,0.06244076500922678,0.8371520998635483,1.0465829121284582,1.3558775280414013,0.13313574887637178,0.622711928615118
2019-04-02,0.13165172598846517,0.06538591437666916,0.24495156818785555,0.8036128844055342,0.1722515242330536,0.07591969595462202
2019-04-04,0.08193614195612126,0.5577438579034761,0.10164280691368462,1.2201846579027593,0.1941066770830157,0.012436969132934704
2019-04-05,0.10104244619358493,0.03934575239310357,0.058688746849434766,0.03752211250257025,0.014194222938597326,0.056564964803526595
2019-04-10,0.004425230740937578,0.020518613818558754,2.905363747400777,0.022701583898382723,0.9297646415544485,0.5561481966649282
2019-04-11,1.1187293147814352,0.8710582592211935,0.43639222082005763,0.009067241396351702,0.03351376967280549,0.16859144993261305
2019-04-12,0.004502464527824161,0.1332604448828742,0.896669001180088,0.00121226231452407,0.006713866639808608,0.0959920142693345
2019-04-22,0.019176557506328434,0.24873643221372052,0.3793461059855146,0.5912818273627194,0.6110014796973418,3.058472614696967
2019-04-23,0.5575712800958293,0.10964108731312878,0.029759358314801636,0.015890602375119,0.016834901772182446,0.04898214859730989
2019-04-24,0.05354116326029745,0.41911437174341964,0.12832942127358882,0.07119742883428518,0.016069600195580815,0.8413802347686166
2019-04-25,1.372464504607226,0.020261914449370002,0.36360381863239244,0.13104207117725988,4.329588639273393e-05,0.08179602355707695
2019-04-26,0.19623372987389953,0.02720186775540657,0.11026025072168999,0.03955627395046648,0.1364599365215137,0.3181402502013759
2019-05-02,0.17416747359480741,0.14097420405717087,2.8218256976337672,1.1618585079672235,0.5161062493408782,0.013557584314146668
2019-05-03,0.7499213433067933,0.09580726801019303,0.1769668388494771,0.00093968050106326,5.107034933930451e-05,0.19942979835335023
2019-05-07,0.12318645195179688,0.015962938426741603,0.5218036771902744,5.66248956712565,0.31317039133676394,2.946938105165869
2019-05-08,0.1862106577650807,0.1264818090306552,0.041133073891188005,0.7561587380230841,0.8891311351506787,0.44129595798028226
2019-05-09,1.311527096209845,0.8532665100609215,4.760156063893321,0.1862158493339463,0.19084734745675697,0.19675598038509337
2019-05-10,0.027638428770889643,0.2617825570295673,0.029992933259760525,0.013491432324332914,0.013155105393555737,0.34023262177362834
2019-05-14,5.0455268919230845,0.4767439199870962,1.541803627045378,2.3491358128438784,0.8186532926650792,1.7789615737725994
2019-05-15,2.2464379643509567,0.5813761243139711,0.844544143573577,0.023517849215386476,0.5964854000975442,1.1264203118743525
2019-05-16,2.056020245016068,0.5813761243139827,1.8207504705723365,0.12697301471395714,0.16238150441216093,2.6262650682181784e-05
2019-05-17,1.3806294611586454,0.14828714190225162,2.0826711516729732,0.5939844622624487,0.16979168512127663,0.006550567895700553
2019-05-21,4.469896665054072,0.010193444947959727,3.2397899198551268,0.48299187003174104,0.02187166465215107,0.9992321893185646
2019-05-23,1.842041409517755,0.01361192885292035,1.1286545909541874,0.5049511520054573,0.001889766811211136,0.1322316963784838
2019-05-24,0.16637709507194282,0.04922406651140351,0.5362589829708088,0.08392682038509808,0.07215420782959242,1.6866379258591708
2019-05-27,0.4689057997665366,0.0358710053460694,0.08146354159128125,0.0007706935407319291,0.4381665306981424,0.2760505799681125
2019-05-28,1.1777955362311732,0.6759513151073528,0.21953681448973175,0.029593936737019193,0.19549322860549698,0.10402211586206625
2019-05-29,1.3674264702017669,0.31589032171062637,0.21964857114599395,0.004156441581362658,0.6083671729899802,0.0022407257466090496
2019-05-31,2.909437585315168,2.7379485800378096,4.775000320080015,2.100955985310751,0.0028188029211712053,1.457854547552272
2019-06-10,1.6590258808005185,0.08117626592606711,0.885908061854207,4.978922836606281,7.34464850182064,0.09867687770253838
2019-06-11,0.06766649051353245,0.06670194642412706,0.032138204616585515,0.45048438881081426,0.11602125901673341,0.007436495145576241
2019-06-13,0.27379436302904214,0.20504046422828112,0.06677632472507482,0.11876076684900912,0.049750570858944076,1.572772206604388
2019-06-14,0.13278015829056827,0.0969448929468484,0.5890342640085352,0.0037390754084910276,0.011702306776878217,0.13753649118081304
2019-06-17,0.9223687712338826,0.0001970067289839893,1.0436049400189833,0.20731541500005624,0.09328640911841947,0.49118922990626546
2019-06-18,1.152124766878969,0.7615097985931946,0.02718002505992146,0.9094868264111344,0.9546830734705213,0.09669202766913283
2019-06-19,1.69228916616879,0.689401523019932,1.4200897410321547,2.2951897425417958,1.7438181821567216,0.35986276221763724
2019-06-20,0.0031625224069080715,0.2830491630734233,0.004550947194525682,0.6365881475517465,0.4783520004042999,0.9886597806351948
2019-06-21,0.10260660081628128,0.16405754409413562,0.1690260834697469,0.043120545075648914,0.00156728200599098,4.347611277084001e-06
2019-06-24,0.18316885100972988,0.13196618042324648,0.004021252585606095,0.08856720639670028,0.004410601850337695,0.14425052485921674
2019-06-25,0.25731385741418017,0.0008197989904444409,0.10835980840775764,0.04816926369929614,0.0961757315111336,0.0800292678807617
2019-06-26,0.02485214131339034,0.016008662886653296,0.06540223555370893,0.008361140645710904,0.002612281235211855,0.010859065324702467
2019-06-27,0.44466949085200497,0.011439956557539802,0.30078576486677727,0.6807305842646552,0.2981834559216096,2.8371018744648913
2019-06-28,0.008672935481965058,0.0011613945191834667,0.5206258161848222,0.04419190294692125,0.005640664330478617,0.5206921111045825
2019-07-01,0.10932401113998386,0.4689467248730914,0.3008663519778519,2.2902306910382566,0.3708911601384282,2.6768890731054666
2019-07-02,0.006663701132341396,0.19130438438959338,0.38232250213444896,0.0018751172162071966,0.24984004046336572,0.14185509501974947
2019-07-03,0.12214597676858274,0.0031576164850534282,0.00012920156441738608,0.00792799176393524,0.13096043807374172,0.02736405642726909
2019-07-04,0.043897220826122706,0.023160667455148425,0.11807392597911971,0.01743589985260782,0.6669444334494525,1.7123657421805274
2019-07-05,0.0015254136933613434,0.08629786752026906,0.4293706151493264,0.026064534328646395,0.15763787959817602,0.055740228021885434
2019-07-08,0.11578075223450902,0.084714628994522,0.6749483920805306,0.9455546886214616,0.00013341004811998235,0.8574835426784665
2019-07-09,0.3282509752469516,0.09688363836298014,0.013879401106903505,0.020496083967852123,0.30605783233627726,0.07784784766320961
2019-07-10,0.12208059956992502,0.053832055218647784,0.20137847368419265,0.10800472613133155,1.0760181815036383,0.22426721898462829
2019-07-11,0.009903377368183497,0.0002983679084645848,0.8833022401555768,0.08988761923513683,0.0034359315249304703,0.2602773344485349
2019-07-12,0.46737840335772035,0.34328166726285414,0.024180370759672037,0.042204334394350985,0.26047045304389294,0.10929577473457179
2019-07-15,0.4925935800436828,0.030540271496261002,7.331794231825967,0.0784457201050364,0.04355389045953261,0.08683158346460075
2019-07-17,0.13599207992943585,0.7944547277782538,2.522436816878279,0.2541329967520451,0.28064953367250417,1.0548655294784992
2019-07-18,0.018421628220119477,0.27060126252856004,0.08878212961781133,0.012903244827551917,0.07111881630752377,0.44325946855040677
2019-07-19,0.6857311388395969,0.3135983681884053,0.021157232264082577,0.2518560060846665,0.4546501557580252,0.4126348488032384
2019-07-22,0.12726526080622358,0.02835601697806921,0.07919257640887677,0.379298763524897,0.18865772545747903,0.000932935243963303
2019-07-23,0.21463436345654954,0.00026601958316237466,0.0031500840598261653,0.22352283139219997,0.024645149011090814,0.5666023093221839
2019-07-24,0.08665429628141272,0.03884597682842262,1.201954946682021,0.01935855297491158,0.0010914695948543397,0.011273095461285982
2019-07-25,0.06563130662091235,0.06352217809233708,1.814748687113915,0.14430214379115022,0.09982200711681796,0.43492616517354393
2019-07-26,1.4313275560161818,0.2721786129333021,1.1487990805562756,0.2692598203114741,0.5622261879230173,0.02590218012166156
2019-07-31,1.0538667882030803,0.635982029591409,2.9000875837390554,3.575761282968742,0.12240251657860682,0.028994005200622296
2019-08-01,0.01969859810772399,0.06582752611291923,0.42077313247828796,0.07454959233022942,0.513165297531725,0.33195578174136975
2019-08-02,0.42283452774402536,0.568314314774337,0.15330673399311773,0.8745386442764278,0.7899232125378183,0.4002371124742299
2019-08-05,6.908720231861886,1.0204002784300874,8.97221919556901,4.257597551762577,1.2485567284959673,3.340562125258884
2019-08-06,0.8366863841596953,0.0073369622433070185,2.4796393761525493,0.5706113100378165,0.10823536475594668,0.7769290899621951
2019-08-07,1.8906144577014667,0.1943570181353158,3.6901725620778363,0.20026537961148008,0.014914370705878106,0.018700377782457783
2019-08-08,1.2758582070417634,0.49414651244328156,0.001664994893952233,0.24579840594678556,0.06713362767232502,0.92010813722938
2019-08-13,1.0414724255000494,2.0801273947493217,2.5637414359776907,0.494675399129463,7.468790265464848,0.7501146600204701
2019-08-14,0.8163911527651199,0.21656881840101572,0.8051349823027631,0.0007643925823592005,0.0023188765348231685,0.046184149123173784
2019-08-15,0.02423440783187749,1.5649662350897182e-06,0.14424313818284626,0.4702171596926729,0.9153369807438075,1.1551929062529198
2019-08-16,0.21483310094717753,0.004474207512282701,0.17712939794199092,0.12561765268982908,2.8626359478427488,0.004005032621331665
2019-08-19,0.025553847749200238,0.03005398333890552,3.275102289179156,0.18480250640609397,0.12856254965304273,0.011034840125787015
2019-08-20,0.000240809498717009,0.1551194213495219,0.42263188519725087,0.057335550261446024,0.5134623034790515,0.13716056837314472
2019-08-22,0.8124612767721596,0.0003053171876586577,0.2342518303875394,0.06871984434317664,0.240416422012749,1.614159743804419
2019-08-23,0.06850833050079413,0.18247808771876087,0.265934898503845,0.3108513480825604,0.6399126563648663,0.2337611153680885
2019-08-27,0.12974908177919445,1.3353556320238595,3.300277935285993,1.9226228243984782,3.661579613351774,2.52967378031435
2019-08-28,0.0030621567944841117,0.004113793863537389,1.6487338543631966,0.13023280175896043,0.00816140521456836,0.002314112027376066
2019-08-29,0.014136549950806074,0.11328930824058021,0.3314553795611923,0.6827644241830981,1.8611508200900193,0.018496617615006542
2019-08-30,0.3890659410502183,1.118492764844168,1.1976233108035461,0.6367294949241632,0.9179504091025812,0.31070709872968555
2019-09-03,1.1287815606707794,1.6571287622360455,4.914393337157938,0.2629863211547697,0.5906603496711831,0.22920861935927178
2019-09-04,0.016606269235170924,0.2751358483590661,0.2135467782226513,1.6487080610175948,0.9861970638958422,0.03125900938772528
2019-09-05,0.3488263973294646,7.659575503879846e-05,0.5307278534860888,0.27600143389205894,0.44888594506667695,0.007388951577896419
2019-09-06,0.0011584749372843069,0.08679497446935215,0.19864260258571245,0.006726851241472791,0.0002614546688757654,0.07718669954427697
2019-09-10,0.19224302830793658,0.2901946054161572,0.002530981085401853,0.12709007240736325,0.06130728105499974,0.15439861956804138
2019-09-11,0.5070140762779937,0.1627019643388197,0.23362726923392033,2.355863166500029,0.23525917031064938,0.009596135134236303
2019-09-12,0.39096897478422943,0.006588463231552188,0.0870180050951058,0.08926729523858538,0.6410758386245554,0.48300095107030666
2019-09-13,0.013377004971209456,0.00024379766499593874,0.3611988705781938,0.26630191537573905,0.005935406044726213,1.290179555355754
2019-09-17,2.438410675371038,0.036213350949649094,0.5695501052050367,0.7940329335177805,0.014035170161319607,0.9210320248118891
2019-09-18,0.4075643661350768,0.09016402358336227,0.045704768299946595,0.25906830203655123,0.3482252472552475,0.025487293601979
2019-09-19,0.263924045336488,0.040356058409642424,0.0025171681816500814,0.06462012797096413,0.6695534252241988,0.03832144002604813
2019-09-20,0.04341146614384772,0.005007663450674681,0.2596458866124087,0.0007756832938674914,0.0741021213010412,0.4600301763056985
2019-09-23,0.165168937042279,0.07887490360565048,0.002092932831448215,0.2721315609460759,0.6772526345849542,0.08131115602249915
2019-09-24,1.235119145399226,0.0014197572151765467,0.11247825951481978,0.150556520573461,0.22465723318471828,0.0035672638263835503
2019-09-25,0.020508793290383916,0.029877883960773784,0.0008488913927677132,0.8906834408500888,0.01692751065869027,0.007061434536994804
2019-09-26,1.8394889808994817,0.04619181765568066,9.218264987135627e-06,1.0254659820835853e-07,0.2628520372641915,0.12168149355736724
2019-09-27,0.2897154997102172,0.3110681468396694,0.9667324370226524,3.3227119461697755e-05,0.1826483801056708,0.508470357560894
2019-09-30,0.2019716099542397,0.00021079380078349718,0.2650253864799184,0.03261750932475554,0.15893321380384498,0.016476141719767353
2019-10-01,0.2513625875160394,0.1214676470043849,0.25534721645670816,0.6908196752209987,0.6483511896880895,0.09216362947384099
2019-10-02,1.8455638296105805,0.8445467320476504,2.8328373344529707,1.8569430200238537,0.4166873117946329,0.7121593493279543
2019-10-03,0.07807132682441255,0.47175348517633575,0.738669334778812,0.25004725860160065,0.033484735618350955,0.01613895772230806
2019-10-04,0.14107266525680562,0.1707523541545866,4.351231675669438,0.09714972504432742,0.08649116000498751,0.2409829666689633
2019-10-07,1.0120162698353723,0.007283715473152367,0.07721772078096475,0.46749035667592986,0.2317620763342624,0.20857118589705906
2019-10-08,0.4200974786696641,0.00018140250033228498,0.9064628081317933,0.13407922052647545,0.009115033360769078,0.2708861696639593
2019-10-09,0.02993726935301385,0.23636635385528196,0.955955521478669,0.4566158733094973,0.06171490253152866,0.0015580929337602103
2019-10-10,0.008387095940441012,0.0017015640289701046,1.1767906240621688,0.00018471714233141698,0.29000337446547364,0.002076148828270115
2019-10-11,1.8352648007636836,0.10223697220416905,1.1827842682408343,0.6234120063567155,1.3093844985959031,0.20311548644742297
2019-10-15,0.729299152342119,0.3616027511891187,0.015067540858034174,0.004987587340001095,0.0038560296603477196,0.014864761725684131
2019-10-16,0.03436084715764585,0.3047424620946054,0.9061495513230658,0.351885621127866,0.2087091965716789,0.02013166604403829
2019-10-17,0.03421335346897287,0.0006453232888045397,0.037048351403574487,0.07494842805644936,0.010324353310153437,0.21872157546665877
2019-10-18,0.031229225688942503,0.04536519670266884,0.32844116458608047,0.14742202356172932,0.007045901213400875,0.003925934343847424
2019-10-21,0.012912257062736025,0.00019604473371245582,0.00559417528230845,0.6388176343487222,0.42895044131142857,0.3269430115910346
2019-10-22,0.1821094025930941,0.0403797347198191,0.6547288175194388,0.466758714035358,0.4313550511685984,0.13570978211592935
2019-10-24,3.3014143351617977,0.035907946218264764,0.0028694390030683087,0.06713740757089073,0.4160995753813499,0.41889214129375935
2019-10-25,1.9227861897173075,0.004994916535284139,0.12876445689866262,0.27495288074225455,2.9686995556465114,0.08908266153792652
2019-10-29,0.21110126262620463,0.2449793747446406,0.7452635712880206,0.130083176876068,0.0169024520293096,0.0049372555093783604
2019-10-30,0.05396950411096333,0.019591280685777066,0.13004915922936974,0.11541876514842961,0.4424896661654519,0.2528235466574774
2019-10-31,1.1595418129569615,1.2803991472694292,0.2882027362793755,0.46542697676248396,0.0004505363853389861,0.042861459531613376
2019-11-04,0.5978634469240035,0.12151322702141147,1.0593885781601726,0.040667651696201026,1.6588499040496785,5.458224649007444
2019-11-05,1.814201314905894,0.03924683076683827,0.3127651293228056,0.14226189774204992,0.08087459301616548,0.0348328405987598
2019-11-06,0.5577220733488268,0.04728260555313679,0.9587061799578188,0.18650803529478538,0.03139425178722077,0.003094709139833103
2019-11-07,0.7032113680062685,0.14326959000918854,0.3545239476711995,0.4947443449974124,1.0705230115185245,0.007378480045947323
2019-11-08,0.04011811202173577,0.0006176961085157872,0.00995175153509065,0.4277732249745531,0.034161945081503955,0.022650073231335992
2019-11-11,0.22515799084607918,0.009642960457303468,0.49204223402362274,0.5287417079661381,0.9313135034166445,0.316919810425211
2019-11-12,0.2736949024903285,0.009642960457302566,0.0013652547627229054,0.6960721289291488,0.06310355420953084,0.024110785939083963
2019-11-13,0.39022789154699733,0.6086888272083973,0.6608336734447551,0.7716637768785441,0.4657141815117341,0.29974305667429263
2019-11-14,0.5062788056972184,0.052915512539242544,0.030029462449628386,0.05188336982040424,0.12367426763939902,0.002154644588327776
2019-11-15,0.231178989542443,0.005665898746418069,8.937394834933697e-05,0.0469454684312099,0.20326728817217868,0.05039738722690725
2019-11-18,0.008720547816049333,0.3609522161244947,0.4328387908375854,0.3714404867904766,0.12922400607749823,0.500451437405253
2019-11-19,0.23048736395794472,0.003504720689892595,0.15611407920035364,0.3710638735924904,0.002176471777826563,0.29263311886453003
2019-11-20,0.0024070226128864573,0.06765389116792607,0.03172456031210867,0.07898950666766955,0.4230536674862829,0.6014759947252959
2019-11-21,0.37837300134753643,0.3142156806253067,1.0149653514319312,1.369035224973242,0.09717258776469707,1.624035903026809
2019-11-22,0.07855541251066614,0.08504599934956326,0.0,1.0859714494929273,0.13501656117372282,1.0581536700993344
2019-11-25,0.23467305895898344,0.11860844690447106,0.3677168727396917,0.024257870789302326,1.1307229210269487,0.021420288560157808
2019-11-26,0.5430997680422205,0.22198053356409536,0.6799444012062822,0.15808535898816145,0.11303888142016678,0.0020300120235781354
2019-11-27,0.0027319106055248097,0.0435838385248096,2.7586923271234736,0.05718048918825444,0.0172112087880494,0.019931618076372535
2019-11-28,1.3657607452199263,0.04625929205441044,0.7646414638409181,0.21629524554197818,0.35814110176076513,0.6376703658084799
2019-11-29,0.9650753353394753,1.9621047974731365,0.14672001286762104,0.043784396836058774,0.1978128363406337,0.0013757872644982046
2019-12-02,3.7925783068114596,0.3164433231731615,3.1342904003989576,0.034768698374881876,1.7765597498192112,1.4053373603618802
2019-12-03,0.003923260753427254,0.27941830664688594,0.07828942147620375,0.219173014863919,0.01467253360746608,0.37801192397786904
2019-12-04,0.11780467744844837,0.007362882560224302,0.2509236476069542,0.17616215695678017,0.019366518827626786,1.6885184752580487
2019-12-06,1.4474895891481028,0.23036405543266955,0.033114225796227394,1.2079598333219066,0.17099233811076756,0.05883294289626687
2019-12-09,0.012506695742922874,0.13395518381929897,0.07916592169109286,0.21824703762292713,0.1501878206390539,0.0671424077286297
2019-12-11,0.04897505411224012,0.0009430983724686878,0.0072134560554611765,0.047465049452450774,0.005392861359813,0.19715463081191936
2019-12-12,0.4366283502222956,0.07029526769240275,0.3410593000152185,0.46755594239618264,0.5963411717235572,0.438503199201396
2019-12-13,0.8817346347357319,0.059259560128998745,3.058016077923771,0.36579122534529235,0.4111729544890103,0.042334685223425844
2019-12-16,0.05292733132967805,0.013287552425156349,5.107134528838408,0.061488414360547125,2.395010755983135,0.23880706378125996
2019-12-17,0.27669622165622365,0.23339192962229302,0.13980036920378885,0.027269890418920615,0.004950095949618555,0.6034564279803953
2019-12-18,0.46873054501401823,1.9473210526417328,0.0017339938629951277,0.07435673005067976,0.9402758519372098,0.09268164824706086
2019-12-19,0.3544394069721516,0.03765324974078279,1.073912126813308,0.004366375661903903,0.3879318228685099,0.014098126846023766
2019-12-20,0.30202014845441844,0.7813210288396043,2.387365833205653,0.023973061385525598,0.0014062985895607588,0.1891018852942379
2019-12-23,0.11705881372579105,0.06155925296504737,1.6171561617401475,0.0025109355848704135,0.0017064890309587766,0.09939307427448421
2019-12-26,0.045956095578556344,0.43654684343571903,0.14890397234164163,0.07802132625269284,0.11998352431491717,0.007672066456990867
2019-12-27,0.024360995615862947,0.1929869699925576,0.11912012376620246,0.012050953114134112,0.0026331459629774885,0.2620837755128786
2020-01-02,0.5258863664246296,0.25483013941964844,0.8741731751703485,0.6182560927755054,1.2298956230465001,0.10721099091003002
2020-01-03,0.4003595963297175,0.3053720576743671,1.5583960596220754,0.16492570912938573,0.002838418919601179,0.025090783025604947
2020-01-06,1.1029685967718523,0.7205129298712972,0.28744811158287437,0.3821457789561194,2.8006558911541597,0.9476915195201793
2020-01-07,0.12254546568412461,0.6851374478407901,0.3000307737686128,0.804440017830836,1.1256671532978295,0.10418131600211707
2020-01-08,0.7365454616936798,1.8802318264788396,1.7989057592549307,0.003682104091721686,2.726368756901855,1.0770730792986123
2020-01-09,0.609815486371153,0.16919970381708885,0.6249423599272552,0.00239862295551874,1.6845980662213698,1.3693209243773996
2020-01-10,5.092024387976826e-05,0.0691365325559818,0.07182689140751604,0.06784836206117693,0.003925305461773158,0.7569453657796249
2020-01-14,0.6416194385036441,0.46885558573562175,0.04481210646033529,0.1999023510652165,0.1567319119247895,0.02532195977012335
2020-01-15,0.4446865624467386,0.08226768588796592,2.7794744101672806,0.17261874235963126,0.13639939023468578,0.0033517503388054595
2020-01-16,0.0018219959677615446,0.029827208682809546,0.02146072420396178,0.41384784144588543,0.8704563177443678,0.48331550818873903
2020-01-17,0.00795584262519408,0.24817182898871282,0.814911433571771,0.008536394354697465,0.08320530830089401,0.22669554123548885
2020-01-20,0.5530126444220523,0.1894088284334061,4.953574651363687,0.0008209289722449022,0.508293450837999,0.0011366961882311104
2020-01-21,0.012186084733265806,0.009526478939286723,1.309986187389223,1.0174886271180146,0.8022718186177517,0.620613610020936
2020-01-22,0.005680111260627391,0.349020542457284,0.0007758660412775101,0.043249518598416054,0.0004939056794828199,0.26492293235801173
2020-01-30,8.18955560974016,4.301411014856484,1.0474751738205401,6.717127219595151,10.66872226608436,10.681729656091257
2020-01-31,3.839978914772865,0.8921460095726457,6.916688327769776,0.2873154317165072,0.4204560781785892,5.865133827993191
2020-02-03,0.8933100736362567,0.35616653309921925,0.791042023485395,1.4247393800829018,1.4430269874800687,0.8272024151231094
2020-02-04,0.41806166623154634,0.82066829011837,1.5658689059322946,1.6477286493822638,2.392384599856944,0.010465883525116184
2020-02-05,0.8911141076334362,0.004152528216313097,2.985239194997928,1.8783745913860912,0.9346273866598053,0.11755125071272374
2020-02-06,0.02083230990827535,1.0701063504857753,4.261196713425293,0.9546298370211619,0.011555369954525137,1.8356018915555294
2020-02-07,0.04323413472490893,0.01225595019768081,0.00017401123547736893,2.4384141087911946,0.001283200032445931,0.05531683625401142
2020-02-11,0.572144344480769,0.037566572040085365,0.8230841905794176,0.03457092697440633,0.5467352153891255,0.4204100666861029
2020-02-12,0.48482102000940175,0.3046655955185844,0.5770786760561052,2.23211582769201,1.0786760492679426,0.10337598500726047
2020-02-13,0.487141158755366,0.06016296954360961,0.07332890094667392,0.010365188646206665,0.21177704196517116,0.0035645724311596516
2020-02-14,0.0072837574033242855,0.11816228379217,2.7211798467600383,3.4787432316423534e-06,0.17893160824570917,0.007095648592579051
2020-02-17,9.709049136443473e-05,0.22693570328640664,0.37701396801018716,0.04776870298794122,0.003871261422066991,0.08196272937884753
2020-02-18,0.10939559876719847,6.785214302713065e-06,0.0029226847155333783,0.26091530308623556,0.7965428666065542,0.5393743252289994
2020-02-19,0.5013002146863355,0.03615556963809386,1.0123007532533472,0.28397469648224055,0.2907521418200934,0.007993508429144836
2020-02-20,0.05324027604284878,0.0028549428460235182,0.04703790687810791,0.21975633041310294,0.9108186045823736,1.007648372641439
2020-02-21,1.037857644892915,0.060793267919688344,0.34191967673576057,0.3061575339420908,0.06648150495472795,0.2901840002942764
2020-02-24,1.6557278410730611,7.417606347347942,6.27641572636864,1.5084450109706198,16.509045739891913,10.499319840007198
2020-02-26,4.223880599507082,0.11811752018031864,15.5146102687709,0.6217883575296553,24.372162351999332,0.6711009248893882
2020-02-27,7.4549021367796495,0.4804673717255515,0.698694488171288,0.03491797750682902,4.31178674010868,0.07578985649404375
2020-02-28,2.2816898996127155,2.359459699835927,6.844577335972744,10.804592918586676,15.915405584857801,3.3315279697661397
2020-03-02,2.8612476269435803,1.1333164815757237,0.3257339787776082,0.012466558339627537,0.12867735381980616,0.06430877070166095
2020-03-03,8.371090967355036,0.6311027730166099,0.3714502902039249,0.15435767281459195,8.408747417182303,0.4848687144344406
2020-03-04,5.546208939027256,0.5806094478830305,1.2621812800847874,0.03275642669328711,0.06798763595865522,0.019412132948754914
2020-03-05,0.04525094674899986,0.005251123725600944,0.06485026263954961,0.05005030004980996,0.7787930281657891,0.19539212899833946
2020-03-06,6.284958700873811,0.28437696211909985,2.807142915783528,3.672411890666309,3.633346181517909,0.04391255846205632
2020-03-09,46.30873820597779,16.444878248766333,49.01119992752186,38.7097542236624,68.81543934212591,42.01600464009923
2020-03-10,2.6320436359410673,0.19543922599811517,0.008347181426945648,3.193628046092011,1.4680760525485612,0.057738544793007704
2020-03-11,1.6543565083624405,0.8641995639968724,0.30307254165279557,3.0226246832189743,2.8713672643939137,10.062685801317658
2020-03-12,26.446743996964084,2.904929644666578,104.36431323785428,14.806326134631473,130.6033994561496,28.39132734538161
2020-03-13,0.058177017873871015,29.211104475952794,1.0006714959496201,2.8242683377844044,1.557224680425034,0.9522274265858317
2020-03-16,20.436156973903262,23.869061966032536,67.98707630708763,29.05888820663287,58.068656852611106,3.4010756349170403
2020-03-19,177.59346362247305,23.74695544045388,205.12994888082437,59.16221098368626,0.03270286758784229,8.849689625176318
2020-03-20,4.653272676028122,43.90770069935477,10.92062933649902,17.853514146486077,58.56955595286016,5.099806319623413
2020-03-23,25.2102008221131,11.470213774007433,0.5525203589768616,58.32812490938017,91.4061280461645,39.324753398937766
2020-03-24,1.7136500554207137,6.0069491369373145,0.4216175660267374,31.325298850220037,0.8307202860159212,1.2394404253652411
2020-03-26,94.17186602718557,7.9615584469428695,152.40008932383608,26.803842174667924,29.914575557537564,26.762370723497046
2020-03-27,21.651870932759888,1.261378293250277,6.402268809378571,2.698375885719674,0.5066268135373575,0.07082811079282285
2020-03-30,8.560733464648807,1.1313339041435067,6.789687023005325,20.717480427411548,1.19166454221337,24.77812989942355
2020-03-31,7.7266002350909115,2.6985156799503183,13.229726532892661,7.044665235234334,11.8140213335536,0.0016614736162584704
2020-04-01,2.621121331770711,4.460019849252957,2.64745948922159,2.770793341905352,3.3271216525089744,6.951204185299923
2020-04-03,11.995983246713035,0.3627263510464039,1.3099732003831104,4.457346961263395,8.822916564718813,9.745314866975539
2020-04-07,10.90262996633351,8.459263503365614,30.39006865334001,54.235460197908765,41.851471163513224,38.44203678103121
2020-04-08,10.441337899466424,0.39014123340888657,6.221039815759637,1.6122483554271656,0.5752464448238681,0.031670113685362086
2020-04-13,0.0036667359735721105,0.15562335522051357,3.243646979240851,1.1862969281674196,6.447977671593705,5.51228933667026
2020-04-14,3.1348289058265153,1.3134020266126543,8.898593927483725,6.700187124853209,2.464718062230298,0.044657326796299024
2020-04-15,2.9827650918765185,1.3667648473260954,7.936165516198216,1.2259717741699168,2.6404397707772485,1.6134694756828007
2020-04-16,10.184694113865781,0.008250775046429312,53.780580479649785,0.06575496698429054,8.711159126247216,0.19958579053045353
2020-04-17,11.450794497029845,2.2192446335424263,21.841874121873378,0.008086335917600714,10.273121962474573,1.2849435357813008
2020-04-20,1.6366314320004183,0.1679892181846421,0.955474614153597,0.41305584034056136,4.700210235005911,0.45939792499491316
2020-04-21,2.6571308944696854,5.046177834721531,6.2353078924667615,3.1820248655103396,1.145196768916964,12.978873344019766
2020-04-22,2.0955016771379813,0.00013413089918808328,0.10980168274813665,0.005430595969681656,0.4999030676581952,0.07337371163819835
2020-04-23,0.3219965361562671,0.0003273494645082877,0.21327083409483386,0.0907393737222351,0.7156860992898572,0.4184349588364568
2020-04-24,4.601763006164265,0.734446086388442,5.917418257181453,0.9155278121906449,1.1802750890091964,0.12581821963008938
2020-04-27,0.14372052418047188,0.0005122043261354197,0.07087567009236792,1.5201799717989855,0.46682424992833305,0.5795257679139346
2020-04-28,0.13177882667423851,0.02213279268036251,5.103314350298379,0.28099760165930143,0.3555561315507303,0.2143187476000118
2020-04-29,0.6895285543921522,0.34640835094658123,1.512661456049961,0.2102907474012567,0.3616041650000625,0.06117926674185717
2020-05-05,1.8654761275118033,0.4461019830578555,0.23969215655127407,0.008479820841633045,0.10001310798769815,0.4169040654287033
2020-05-08,0.5024063628298037,0.2728948319326545,0.7755978930096717,0.5714798566178922,0.9822909533923759,39.50301539511876
2020-05-12,0.03584757566014084,0.029695664441699327,0.27817958168283013,0.02469471093520246,6.889361171325724,6.857207009411869
2020-05-13,0.5654096866049071,1.534457914743796,0.20321318000332877,0.37506837746174587,0.15701780916258515,0.017681439614764604
2020-05-14,0.7988555015725483,7.37592021195026e-05,0.25441398088786693,3.807386963334658,1.2079403467505798,0.047179085218478835
2020-05-15,0.019057815822742404,0.19539093826745432,0.0,0.002415606150939299,0.000790234929941661,0.41888395005680423
2020-05-18,0.00585745143486989,0.2281852023460852,9.922874030804012,0.3861290262707929,0.20205339345251475,1.438811714455018
2020-05-19,0.6889021820173695,0.9497530450544279,1.9223671804185767,2.6975475398219073,3.254501491523865,1.1212214832868541
2020-05-20,0.0035349330968438425,0.6083596322805532,0.2198220043088507,0.5685218997206083,0.8663975230142997,0.6772038230630518
2020-05-27,4.331509148038098,1.324218482717504,1.0977994571438132,2.7929889408028887,2.951113143683692,0.28556446314343864
2020-05-28,2.5442627284134147,0.15734740606374562,0.7009405750634096,0.02836868916605225,0.3210468364795163,0.20698026600685418
2020-05-29,0.6248094658004952,1.155239213278245,22.181774429550327,0.03192329980802569,0.15876393094547148,0.12739465877064873
2020-06-02,3.8258604317219285,5.339701695367437,9.86811850307289,15.518076069790432,5.31903158851987,1.4110319109714626
2020-06-04,2.008991473460687,12.45098423359977,61.69110716463876,12.917101806065267,6.995251764262201,1.0709445880610002
2020-06-05,0.397030191251428,0.12490104632100361,0.6506465176001462,2.634565645442423,3.0090918750030267,0.06871175486394104
2020-06-09,3.057267431394121,1.4463474970816281,3.310593292067646,2.3681695587710996,3.6938907659771374,2.18921692079829
2020-06-10,5.279572149414127,4.875172676100566e-05,4.922811877104687,0.052345624144133844,0.5412999561506163,0.0040136529571572445
2020-06-11,1.819464641056928,1.32370855875911,0.32597291632412795,12.259233940775594,2.4423034068944895,13.637598035712113
2020-06-15,0.6312225747607509,14.620429879007302,24.446542075786212,11.54242241936661,16.007090795481844,16.86618366891294
2020-06-16,12.049492982984116,1.5669581033374047,3.5917517257071605,4.024988749151294,3.4447641623581693,7.854033490557961
2020-06-17,0.0006983075944868988,0.3200142391156195,1.709952727627882e-05,0.010777488107327609,0.4353265904028641,0.03904379114606073
2020-06-18,1.5914974394298174,1.995567530941595,1.1068646946013398,0.022038450970066615,0.05419761517692457,0.009426952973098842
2020-06-19,0.11910046642873195,0.024346015715291366,0.2779300089821752,1.3532564983366957,0.024790000590039662,2.3775972708277777
2020-06-22,0.22608313062187751,0.06954085339381669,0.2612458666012667,0.038132216098695035,1.8744121310194801,0.0977642075595444
2020-06-23,0.6566525438796195,0.0774515251775117,0.6166769343686274,0.03947553502844882,0.09847944100563082,0.12540748334730042
2020-06-24,3.024953412883502,0.08588291024196212,3.045405182860494,0.05730054000072759,2.924673865671949,0.9656953175585761
2020-06-25,1.9022653260080984,0.8060231435844553,1.3152334642486228,2.1736450689768434,0.3224214251210543,0.3568032861992914
2020-06-26,0.02254470091205311,0.005069473865893652,1.4291166878609545,0.3056774072788535,0.1127703276633927,0.09356070152514719
2020-06-29,0.00214360007809816,0.17790438540515655,1.9865918612992493,1.3793480839287267,0.0019013158133607449,7.240799310682349
2020-06-30,0.005312896322262891,0.19067606714731777,2.774254483631311,0.37492301453370136,0.4826096114547972,0.26395018375735907
2020-07-01,0.033571027926332916,0.797023944208345,0.0010270506625923432,0.6071886777450791,0.5997193725803388,4.853797558668691
2020-07-02,1.124540022085371,2.051988304367239,6.029727615226881,1.0219182085689107,3.287389262317178,0.0173403520116891
2020-07-03,0.019915379646837074,1.1234379086972799,0.018152064428496248,0.37750167561138565,0.018346430642155975,0.3830874038106421
2020-07-07,0.07118529636410428,0.8137986780923532,2.774026603119826,0.10184706393880708,0.004788757689422695,3.415334170441734
2020-07-08,3.135314362349224,1.1349373144474797,0.08316379474755231,0.09166686845660423,0.6188127200759833,0.015626450929499956
2020-07-09,0.21311588170583518,0.0002492943593319428,2.218187134642415,0.4004783344553115,0.06031157370187564,1.8878106377661734
2020-07-13,0.05306390189611377,2.112564186476312,0.10475317063449754,0.666617633495353,2.9967062836435434,0.7868050762657975
2020-07-14,0.08372450621341622,0.2296599709069571,1.5146816910582127e-05,0.17202802375683907,0.009388487408856856,0.004934067346866753
2020-07-15,0.004286335940666028,0.6863094741669494,6.577611814070703,1.1875792008243842,0.9651844371479361,0.04290380130290079
2020-07-16,0.19695358139939065,0.5849159312112338,4.650159719580963,0.9159162621205105,0.22791115558115055,0.6277983835430785
2020-07-17,0.13631693332067213,2.078643792542749,0.9271265107391847,0.039207243799406044,0.7495503404829005,0.3025848721746239
2020-07-20,0.3161067275200207,0.18655517333629348,1.0247760095844454,0.006936636195180673,0.009010029768907019,1.5014548821169582
2020-07-21,1.5658223973567909,0.16553980773910262,0.054865303671807523,0.2513574068619819,1.8715978255584134,0.0011330265098316945
2020-07-22,0.007823446433261326,0.3162763605226873,1.3950229789038269,1.7873781624460852,2.1319894745736234,0.5929839946327068
2020-07-23,0.4612130221816454,1.4823796003641052,0.3398546599034302,0.46851872751109114,0.03691953391916057,0.038069041547022814
2020-07-24,1.470728123242415,1.1065849339856635,0.18319797987841982,1.600420968653586,1.9241444298036756,10.714506391324338
2020-07-29,1.6964894019504002,1.8569815996595787,0.38200696144152685,0.055322335038016014,0.03680583194228868,22.389428181159236
2020-07-30,3.2366132712875678e-09,0.2276404575393667,0.40438353840968644,2.92383022631654,2.90302172243786,1.6712179001127756
2020-08-03,7.976392769804303,3.844731467914326,13.328032870844288,3.208316752546255,0.17337801315891163,2.80071675899205
2020-08-04,1.8618990970030789,0.044742078029310295,1.0752823595955945,1.5165107791046166,0.5219654028599142,2.475940854259596
2020-08-05,1.0411524153359608,0.2468154759236421,1.0012119124249275,0.4530475143114183,0.24031587104014224,1.5093873640970843
2020-08-06,0.988196473839101,1.6771226202559064,1.3826623142604346,1.076139933709205,0.09566518141686953,0.07129440622734118
2020-08-07,0.44371664148521633,0.4339198121567715,0.927073485317132,0.28351851287942526,0.44056429342434794,0.028526148799952415
2020-08-11,0.8021420255068967,0.7271446847000563,3.3460034715439235,0.002856464986098828,0.8740472395681478,0.036993688246553386
2020-08-13,0.8858426501208464,0.5530616537844586,5.698513690548147,4.065733309832147,0.5389163016563142,1.987562569765937
2020-08-14,0.025908452907789852,0.567414830772844,0.11753696606030982,0.32027775678095016,2.1583182662441316,0.25536728070629205
2020-08-18,0.8114115687332699,0.7122277029764045,1.6910338214784324,0.5023019450949059,0.053045651375760776,0.25796792249307093
2020-08-19,0.17912946098360155,0.024543273035630718,3.513893204394875,0.006402478782626074,2.640705172522157,0.3171223716823505
2020-08-24,0.006433460063571025,0.1871248197637825,2.703822648760704,0.7738213828792496,0.4132617057382014,4.127378834966549
2020-08-25,1.3576675157662366,0.7605456372040532,0.02747423390617403,0.6418513254255488,0.007236983862297241,0.3897315001367304
2020-08-26,0.000727228466565397,0.12012453071658337,0.13843679721328767,0.44164233279793746,0.24725770862925225,0.005533598472506158
2020-08-27,0.3381329427156003,0.11223687634414237,0.027234187044718916,0.774250262658603,0.10341890709073945,0.0201247832938772
2020-08-28,0.2143786511866349,3.6871663040544163,0.4007880564011487,0.6138455918709239,0.06976947697497753,0.2371438175251532
2020-09-01,0.45591893293107116,0.06157159935721613,2.1142639269030155,0.001808663679745211,1.8215637681535055,2.0739605568941086
2020-09-03,0.3180594102016816,0.15770991321920433,0.207873406827712,0.07110186170786655,0.2376423017506272,1.8585263119302422
2020-09-08,0.48745637263404035,0.06673874752996804,19.57839102861992,1.1521129427397587,1.9406943021784873,2.376968479271083
2020-09-09,3.320673635161804,2.246042751039338,2.8601859118450976,0.04709760437317568,0.0009562533377313043,0.008493981239823385
2020-09-10,26.403687561441284,0.1953089545962286,0.26477363743454,0.08415662352490787,0.03773362938539987,0.0031627737052030386
2020-09-11,6.392656277222977,0.967578907098682,1.2205337939733971,0.006445864481986937,0.7230300534714447,0.0002847617108647838
2020-09-14,8.131669690467264,0.18633802173496983,0.2379057005607693,0.09196737411149725,0.3565402314878962,0.39434214279432594
2020-09-15,1.4114925987962805,1.7145566574560915,0.1230013412707165,0.017433553994501076,1.1704921912177744,0.03562254438342947
2020-09-17,1.518177193937204,1.4312155546250047,1.5595795366172716,0.35952683878678093,0.01918015691146305,0.06150561453056159
2020-09-18,0.17009000546046876,0.18192716678721924,0.34127578099528594,0.015089628180746089,0.09620456093802161,0.5927837774192054
2020-09-21,1.416829770987539,0.22946975305052741,5.050017338004963e-05,0.23193655072434807,1.0653750146264263,0.5973025247310948
2020-09-22,1.7268735484954898,0.17858941738774098,0.06494256700836805,0.820916935961976,0.3507800286114204,0.037221986530133463
2020-09-23,0.10732249639211068,0.38382797441282185,0.0007002664962422783,0.5213154834435801,0.08178481015601623,0.4815094749114654
2020-09-24,2.374329189718455,0.08309735316737879,0.6390892714250608,1.5117682064519626,1.737061296478231,0.1853426709964717
2020-09-25,4.43227288041643,0.30709663693544065,0.014934698671088388,0.7600567405644391,0.04089146307968284,0.001164515412820731
2020-09-28,0.6346202638242093,0.02783710368575805,0.15096760037590293,0.18755172075036844,2.078904056535556,0.21588979330716176
2020-09-29,0.31474489533856775,0.2648807999843585,0.11438272450174294,0.21175957796409386,0.2031613990817499,0.8800033176965605
2020-09-30,0.03453792647914699,0.0037393694298624475,0.14949313591429353,0.040842941452144635,2.6493716009821098,0.01848851333475859
2020-10-01,4.135871931315446,0.2877022126475315,1.8652729648219233,1.8872836370939625,0.7211749771036915,0.9529808677190771
2020-10-02,0.7678194024584514,0.05549108540188692,0.8337087768912642,0.03434057755916133,0.6541725157930541,0.2100701799336074
2020-10-05,0.4200676011932281,0.648434603098145,1.0255744532805653,0.7098938322769331,0.19308904456097226,0.2733808865752189
2020-10-06,0.6600921401354517,0.03838025576606414,0.22831608471915685,0.22730876075550996,0.3299128503753696,0.011702056161331758
2020-10-07,0.010420923985174878,1.7629898385880771,0.5271848352232338,0.12898669876864186,1.1638621868152557,0.19476670865798598
2020-10-08,0.4806481777075207,3.9420062256384827,1.603637428013077,0.03495173146158823,0.7675501245290526,0.009163677306202376
2020-10-09,0.08279986482678557,0.5128209198558709,0.03464128437225235,0.159937591689188,0.366073145478324,0.31360747365351954
2020-10-12,0.6042211035158743,0.6114473303089222,0.008403208562942598,0.5857352458992374,0.24519188745968026,0.03914702987585796
2020-10-14,2.6131360099200895,0.10044262545059604,0.03924592500535691,0.015407090569806204,0.553642084970728,2.3656635745419194
2020-10-15,1.9049222651708797,0.3750476037683542,0.04825387788626008,1.584760235333571,2.8149377422814874,0.0750977601457549
2020-10-16,0.001156511609032366,0.4489379170550214,0.4535928950280134,0.13822403931764912,0.5615980024166028,0.003278963071844937
2020-10-19,0.20072899976097494,0.8919511047784441,4.109238833806022,0.1727531543905551,4.167660318905222,0.0017086378411738496
2020-10-20,0.26841545977659287,0.22224824037908453,2.3734219878467084,0.34657553045562944,0.02519184425676848,0.005979311374785592
2020-10-21,0.0044321118184317025,1.5292365873797196,7.169115729836953,0.014373757808250865,0.22919818952639226,0.3275908040251104
2020-10-22,0.008260376891238638,0.18311910312243757,1.0948188723129282,0.012275569148793374,0.0557927806285197,1.3246371755092923
2020-10-26,1.0416142194577982,0.07837351823136111,5.215329780155432,0.04076591111187649,0.2169823454577432,0.008968461036581693
2020-10-27,0.09491727205680361,0.1469269016203286,1.391074692937637,0.17189167343524872,0.006576129491286263,0.20834304768793385
2020-11-03,0.3685445017992417,6.900781086964634,1.5558231568954082,0.3903089949165051,1.0379980649941256,1.3816447539913956
2020-11-04,1.1174447601478423,0.04665277198581659,4.031184229745688,0.5601445469986839,0.008252279413591145,0.21525773723005417
2020-11-05,8.960179899142965,6.1846499668833275,7.603285583752671,8.101183767202476,11.347177800181141,0.04584457176764804
2020-11-06,2.0149705373573754,1.443730196330984,0.37691380266113333,0.1480207785932624,0.11284289287816932,0.0033140827412070245
2020-11-09,0.14671496882572402,0.09455006317161423,5.738322018611824e-06,1.3988758270881445,4.107973582067784,2.1011838576147506
2020-11-10,3.893490873512994,10.726481687292965,25.98200682834292,12.957761323628178,17.767269712171473,8.938431274224147e-05
2020-11-11,0.726926366261303,0.1006879300689609,0.025474634284069014,0.09341175274022501,0.09315875296975434,0.0011297213251294182
2020-11-13,0.7803433757473566,1.5406882375642232,0.6040160670095718,0.004856236506399329,0.0070490712231142,2.1514716333152775
2020-11-16,0.38102759660383995,0.3908920731364312,0.557125109830244,1.7988162206060276,0.11581645205003839,2.614940684665197
2020-11-17,0.40470571552541895,0.4272229594253255,0.35070242240066135,1.2223186588434143,0.008567866279897491,3.5600857195920512
2020-11-18,0.247472689409797,0.11285409200553316,1.7487718102138143,0.13009704461539565,1.1859442952184083,0.22726516077397513
2020-11-19,0.4294886997121317,1.746810138524793,0.5944300163575722,0.17346516430809836,0.12484438238418215,0.9890184423772188
2020-11-20,0.16103225280363556,0.40175862553866715,5.907944180554707,1.659943528232339,2.0855591161920954,0.4666750014882298
2020-11-23,2.0887138658158078,0.05464586383058751,0.015148918450190304,1.5966230048707473,4.8977632996494265,0.17837041193459724
2020-11-24,0.722838999336162,1.4452910784415607,0.958837635061674,2.2288918501153483,1.7752449713273737,0.024898612579656722
2020-11-25,0.14653472119287794,1.460377335552499,2.307163001301057,0.5875339581666633,1.0004733254405256,0.17547825635870623
2020-11-26,1.9892924967482453,0.8197336103176702,1.1216338071355063,0.17767315578599796,1.568176903272189,0.3614717362335366
2020-11-27,0.1646415974800835,0.07883342271920067,3.9478313612453206,0.0033764174540887467,0.08639929919683474,0.17773633687776136
2020-12-01,1.0369315254636327,0.110290619778232,9.991292074800318,2.163663856701312,1.399706936768493,0.017882008708794264
2020-12-02,2.392905456952017,0.04892271359005931,1.0173851274693246,0.012704811390889513,0.04232172651688746,0.2902563684716866
2020-12-03,0.023687660679751733,3.3520758891073634,2.5293430213374175,0.16352901648665014,2.0345018144692038,0.29031539725623207
2020-12-04,0.04587862904112728,0.15559143710897452,0.691360658338578,0.3842663347291846,0.6352965735726008,0.027417268361302243
2020-12-14,11.68247169529222,6.199791351396975,4.1476208611903544,0.4103356676613111,3.231913554801654,16.693457744457962
2020-12-15,0.0015783214024114986,0.45712377697432,0.5463107016113328,0.0024693220717432593,0.005348663947321102,0.6927758012586854
2020-12-16,3.1879721250608433,0.19402407162149882,0.9817368711725515,0.31506640550737314,0.10877355558807769,1.2199074044400842
2020-12-17,0.006737383507286895,0.1770500668581243,0.0005299066439268206,0.26605961657106303,0.0147330356309293,2.0641473967885817
2020-12-18,0.0219841019425926,1.7270638948323433,0.11983686706636708,0.10036576215454493,0.010365689932939784,2.192631063716556
2020-12-21,0.998389345933543,0.07770406026397489,0.43682940050133595,0.0074619572165332965,31.25484083598751,1.6074554836667916
2020-12-22,5.454974024785338,0.9483697825152114,0.09728744417068627,0.45804629264036356,2.560250780361978,0.04795454907334828
2020-12-23,0.05873603326812349,0.9028277290852372,0.00076299566683414,0.0461424259368583,0.3473368315872407,0.1771055150673424
2020-12-28,1.9660553627241801,0.04785178168299895,1.3145703421041506,0.056450880943117385,6.5296293703035095,1.3122005677262212
2020-12-29,0.8951401751353503,0.29537053594010054,0.059949909936880055,0.07911860820275551,0.4054957581591337,0.5549207078341868
2021-01-04,1.281662282258023,4.011257933881444,0.6498922841411306,0.14218852522526504,0.18432169867027273,3.5727820241549164
2021-01-05,0.2809513001635525,0.12961702808704273,0.7808198192050843,0.0007442270463466262,6.668924797123552,1.1499318142027897
2021-01-06,1.3794196260779459,1.0478734413942208,1.4822387803982908,0.01354467228302679,0.908191778975097,0.8776630886951992
2021-01-07,2.0723338118176615,0.47243992442057525,1.026231768351691,2.321896091982964,2.030939552422034,1.3339004712332734
2021-01-08,2.819599719321484,3.492963058967405,5.585725482381137,8.54299203398069,2.2076493425241592,0.9288877612518626
2021-01-11,3.918050364743108,0.9619579840092206,0.0417480435874082,0.09663093975203702,1.061066253336632e-05,2.1381765407685847
2021-01-12,0.039708369234544114,0.10411554414094377,0.4109908970649954,0.05098466267203642,0.04771626584658777,0.3865727035398198
2021-01-13,0.3797857209571379,2.3029252088499437,0.04429579818325348,0.00013047445263321175,0.2335773436541089,0.27446934330354483
2021-01-14,0.011476146932859192,0.0035872538932407837,0.17427977550971946,0.5662418960609535,0.5401332964718575,0.01294098839395064
2021-01-15,0.7357286772934851,0.28440424725806074,0.2285796641173034,0.026310661575698745,1.2167844507269219,0.32609379409239897
2021-01-18,0.06621916016559609,1.1681222563782174,0.23520459428202267,0.23302050579569555,0.35308109324936987,0.03588271429594931
2021-01-19,1.1439282997582607,0.22639206448676072,0.004801511048378799,0.03401117491749774,0.675201841206369,27.541540391562137
2021-01-20,2.8642323701647916,0.00045050822984801954,0.5915032877636449,0.009041616616511483,0.20450794299321223,0.1055259451193829
2021-01-21,0.06103841278432105,0.17785818246392932,0.0017760313108579956,0.3733740035551512,0.021289469872176666,6.600825920548618
2021-01-22,2.8177048648340426,0.01477871688393486,1.7735404014452012,0.7272120393570671,1.0775861639623647,0.04862344987429338
2021-01-25,0.5972581568891723,1.608009795468349,0.13225280875583756,0.3593823072264437,0.06218757835749047,0.003916873597976013
2021-01-26,3.647883449015102,0.006908876051684338,1.803821417732381,0.9034014041626712,0.553166712990658,6.76157056018748
2021-01-27,0.25623710464367666,0.11323605519788109,2.69237464759044,0.197216384702515,0.953429786967153,12.16950048366727
2021-01-29,17.00712169039211,0.8167032705474091,13.878277535876538,3.66605764769244,4.414963475991419,14.189134331591086
2021-02-02,9.295675558834697,0.8019043070952421,14.3455284079413,0.2576358967816788,1.703107616383178,3.1498771717738654
2021-02-03,0.31293407185755795,0.024981010884024046,0.015048854837596333,0.12134369801758556,0.0919513037247819,10.698092971323405
2021-02-04,0.23398843762824226,0.014541264844626742,0.41422436975918014,0.5633261654705485,0.006884718398404106,0.006553579964634993
2021-02-05,0.5273937035110344,0.1571285104281253,2.7495227438564873,0.00277143790937535,0.8370377919952255,1.728785632859906
2021-02-08,0.8547230659766578,0.11309910474704674,0.005696644782975124,0.6923228097914643,1.730904114258903,15.664350744194987
2021-02-09,0.1926805904196826,0.6565416528378614,0.3398476858388623,0.017407044540410217,0.01470442540302471,8.346588799606792
2021-02-17,0.5509823981186223,0.3316000245547258,1.9959785075418193,0.25690772698183567,0.049083862614981114,12.948351612917369
2021-02-18,0.19471024907754816,1.5048224851203635,2.8584014179708066,0.1578468657480747,0.06576644530043828,2.5487828873734144
2021-02-19,0.25881969666394034,0.33083599600234215,1.2422323812525775,0.9497268965419506,0.48811183001433633,0.005619188273080102
2021-02-22,0.14022080651476165,0.8412064956203386,2.855978816092732,0.00039155249365128395,2.2561560894372663,0.017199096556251608
2021-02-23,0.07800501380493693,0.1190761787030092,0.004039967211665258,0.10813174635814639,2.276215459034088,0.04885188428265999
2021-02-24,0.12067571385300922,0.2307551755339471,0.7489176646421551,1.3577462493494514,0.40333716403771275,1.7852090551538884
2021-03-01,1.9304617925945797,0.3767757512186426,2.949027066229742,2.6963730872984817,0.4300058961263085,4.234691066200953
2021-03-02,0.10622088096930975,0.030293362484075752,0.4560220666438684,0.0008563249257301517,0.026383849127959554,0.0013754677373442104
2021-03-03,0.07596932597402231,1.38435390552143,0.11222882899034457,0.787031420972457,6.9091161051441645,0.0008207623047958845
2021-03-04,1.841875892450617,0.20581315684167062,0.7601777159781721,0.22955743950279922,0.3645010313954633,2.448912301147324
2021-03-05,0.26088943754712074,1.4057942885199357,0.00026491490908811766,0.0009517541267388626,0.4221470357134647,0.0002116227550263627
2021-03-08,0.027044462043910974,0.5298652121479279,3.330852652426759,3.548306159327776,0.0005138276594682964,0.0012919806924680526
2021-03-09,0.6151983405338242,0.6423433485997814,0.021479634298966762,1.4628039621289686,0.19487600037379083,0.29237612149471554
2021-03-10,1.0888987758086384,0.8501044861566083,0.37364139260796564,0.8669995038142926,2.0681199281482914,0.48375947699541444
2021-03-12,2.1961312430527204,2.199430593093587,1.38903423428348,0.25203435051096873,0.09575251415659139,0.9532547762298094
2021-03-15,0.28664151159319745,0.1044480689562056,7.032622684102471,0.12087777979560199,0.024645679763653842,0.06430273321663976
2021-03-16,0.05312251574445035,0.03510640936848764,0.01019727211539937,0.0002489089216582568,0.011800784973155922,0.15537065856320925
2021-03-17,0.2662066631853446,0.003865720717080337,0.013944554458106434,0.01774735553651827,0.030413850343130544,0.2737899242910557
2021-03-18,1.250906818242778,0.034476431578074875,0.941246142592817,0.8040929312576439,0.01726362655580446,1.548133291232658
2021-03-19,0.01720203594267372,0.01223898850329892,8.886500542550438,0.009896784593195927,0.09626553732389057,0.3310498706600423
2021-03-22,0.7560871559831376,0.3403836507395758,0.40701542502022797,0.04256061997989503,0.023513323747888445,0.0010124742198036737
2021-03-23,0.5950337211466782,1.7822293556068587,0.6353825310993466,0.013673437269708995,0.01817025704497594,0.8528859825364001
2021-03-24,2.4227843711996484,0.19775437477658675,0.6127665541436669,0.0025121643210637558,0.17620166589581424,3.4057844849812335
2021-03-25,0.29355406830647035,0.08518581815491855,1.6498566247492323,0.07167682388534798,0.00017884031432423397,0.012314795662716047
2021-03-26,1.3927101748325879,0.05321803524306956,0.3071222688554578,0.26582708789181125,0.058977328668707016,0.0058597397555957146
2021-03-29,0.21624996440893032,0.37676876496569267,0.922149589385544,0.3095918518088873,0.32689642139335895,1.3278733275984687
2021-03-30,2.4294962752091043,0.016848091156161576,0.8953532126221287,0.23161848039989513,0.12634738237016177,0.8177751702540457
2021-03-31,2.031358252214495,5.027510808403243,2.489195712385787,0.6463096401325913,0.021335281042289864,0.1825736474519551
2021-04-05,0.06495841019884074,0.4618550637895238,0.6476249852095236,1.9402905858973134,0.22734564713783895,13.511617161248186
2021-04-07,1.2207532473898948,1.054215360739175,5.673080368859955,0.19053222044477042,2.1701296220751867,0.2609251761465543
2021-04-08,0.33628162970353576,0.012774214028380443,2.607126102638902,0.08603732844320137,0.02123478049341805,0.3656617949695199
2021-04-12,4.199197540930691,0.14061280511699228,0.16496390805778235,0.15375622042596104,1.3055553336735173,1.9936693717555019
2021-04-16,5.236203082087658,6.196973773561174e-06,0.13413032778155745,0.762149171364702,0.25748430383586673,1.2168555319298842
2021-04-19,0.30862325204450747,0.2542758330739525,0.29281911468562,0.061654634782521055,2.76039507498852,3.0629959648129166
2021-04-20,0.05531448642199317,0.20600718306596752,0.3937122083863854,0.3006093085948498,0.10575753795553507,0.3708468135979464
2021-04-22,0.5382338757595709,9.90928928101811e-05,1.7279623444094974,0.01893796767373113,0.5648080537929184,10.511479982603742
2021-04-23,0.14261767810794013,0.0018952724975377744,0.34293483628950194,0.03848763104487907,0.8773051209687703,2.7977982020669034
2021-04-26,0.7546643151769306,0.8662461239140101,0.0313892989833061,0.11521087441346554,0.1456302166477321,7.069875969155053
2021-04-27,0.0076057434563668765,1.0807357670657964,0.2666682493582796,0.08815962194067198,0.00037023711245062616,0.10681777025151634
2021-04-28,0.062000692968385986,0.01281641697432898,3.087039870495846,0.025430543306600734,1.2541900121877592,0.6403727056381737
2021-05-05,0.0005744603381653884,4.252446603571866,7.045193347356062,4.286228278621479,3.1115549161458214,4.676889519912552
2021-05-06,0.009013796910176924,0.02844928739142561,0.07224769019241241,0.37650475124636384,2.114087690812533,0.21854865463287462
2021-05-07,0.4967628986618364,0.33196337326979414,0.14733592032974424,0.7318027361436418,0.6908752991269811,0.494132324659674
2021-05-10,0.6362928957309902,0.04955564200104862,0.8714691912196078,0.3128518140396605,0.03867040037193267,2.0187690621450574
2021-05-11,0.3949274100135752,0.1578271087230156,0.022200833341920738,1.4537097949234996,0.3390029194870123,0.07920945242281853
2021-05-17,3.1515649112085793,0.13558837731504345,0.4705190332265804,4.306800115514358,3.6231469679241264,0.04475457206886188
2021-05-18,8.383454070265576e-05,0.24517602136957617,0.3844430598585781,4.092961177136719,1.2819862951068561,0.22984220258376933
2021-05-19,1.620925162440103,0.4637484109322146,0.00024110287704450043,1.5130844038594875,0.08495309617208355,0.6085100033578476
2021-05-20,0.4102011272264598,0.10860498378774888,0.5969455781715545,0.032486739889340366,0.24413238606935583,1.5332689494683411
2021-05-21,0.17900241903753034,0.7026603289444449,0.0006745474129827214,0.06733021374382653,0.018275202346684522,0.19866645501053448
2021-05-24,0.027056285679082907,0.37923932330871074,0.3089137531585278,0.033597500268114096,0.0014447382007812422,1.1845107713600658
2021-05-25,0.8131349533947767,0.14515825468725835,0.26503796130643054,0.5142354639093377,1.1498211999088097,0.6615170731155926
2021-05-27,0.19878938179717195,1.0281442917141592,53.103982582539864,0.3523328977010432,0.8327956765552003,0.14714322948478534
2021-05-28,0.013486296886991076,0.0011470563275088146,0.01973404216604396,0.18739633059412722,0.003834987150358617,1.6572716233953806
2021-05-31,2.808853841195936,0.46968374752072894,0.4786837177199408,0.20246242667011943,0.5346675647475791,0.3285055315434949
2021-06-02,1.9723295534402723,0.8183138390918381,10.022104503580131,0.010495000347815172,2.2270720265833686,0.9100841784183166
2021-06-04,0.3083831882821641,1.5060053832842424,0.4422994270531005,0.1003958401009669,0.13902700521403008,6.007915266735579
2021-06-08,1.189756130497145,0.36081971245612454,0.03868403974644775,0.2597297760478519,0.00701150653212638,16.17789966642353
2021-06-09,0.6378458526815922,0.1672027985232832,1.8328910328724775,0.187100712620373,0.6835415465441953,0.9635770887636844
2021-06-10,0.9767199619523129,0.009990717397095053,0.15167599150846175,0.08176337105158772,0.0037833960515026694,0.4923594509595709
2021-06-11,0.038944917504754484,0.09028181411545672,0.21667727894540714,0.020547709490880642,0.479216411602334,4.4320627369374535
2021-06-14,0.06162787406775339,0.213785781280728,0.019691246231157877,0.023429174709223222,0.0458354836315592,0.5411007585268014
2021-06-15,0.020229438198167218,0.00474744035173259,0.7271487730675016,0.47169092548563696,0.4361936430516269,0.17083895349647152
2021-06-16,0.029618367578878084,0.03727218987427146,0.0023480637963032218,1.2501149380967562,0.02333271776456515,0.6335008462154236
2021-06-17,0.027770006234309395,0.2244604206043862,1.519453947950138,0.0016113199625953064,0.1939615683128882,0.06266399013988277
2021-06-18,1.0316942976074504,1.3255270015919078,0.2829246928442906,0.034680821952234396,0.08358494986936796,1.7005139602823875
2021-06-21,0.0327859628367637,1.1310399540303957,0.12530516237400477,0.7050326008328375,0.5437225812783203,0.13969971554579108
2021-06-22,2.2979139250457923,0.012803395584338672,0.3986128171247343,0.07754394190115929,0.014098755942796228,0.284425125779956
2021-06-23,0.7732586379828497,0.34814778725347434,0.48472090489726405,0.09151781732256795,0.2007883566364665,0.05057788004916056
2021-06-24,0.1393760112835903,0.33645288471135393,0.22048960920878816,0.001027864360689861,0.16022131078174803,0.04275684664767609
2021-06-25,0.029544821312049437,0.06495864023976555,0.8694890259773268,0.004025713092267207,0.03706481254911791,0.5639250493998573
2021-06-28,1.9225398157824474,0.9301717637929179,0.03266069098465559,0.028559061651193148,0.04901360335936092,1.2596863062253096
2021-06-29,0.025966283869677895,0.054190540762024224,0.07237418409923876,1.4471222022382153,0.5980851444343719,0.09026561530291116
2021-06-30,0.3728923617903199,1.0360866633218653,0.6240707807802386,1.735521826255779,0.05243550373970891,0.011178120719324593
2021-07-01,0.11655234874037686,0.01088676587908611,0.8023173056760555,0.04019685345897959,0.1403695952855739,0.3645273399631648
2021-07-02,0.08036053288054447,0.003291837559609576,0.30002966961020194,0.023178192062362196,0.9256445385565973,0.0505610286336511
2021-07-05,0.08369010181359446,0.004171187503884357,0.23628310912543773,0.14823460557172308,0.00250377987953568,0.4168242183273023
2021-07-06,0.47427516095314,0.002270428366339678,0.3925844842613694,2.451819225454336,0.5873615004294187,16.601013312283214
2021-07-07,0.002584975931231376,0.009345962951436231,0.5032771174648463,2.3943306610380755,0.8765458433924385,6.058281445881023
2021-07-08,0.004697617180956091,1.9911554011651336,0.06746049870286361,1.1847714934050646,4.455429147689129,1.0078273448945338
2021-07-09,7.343390559083263e-07,0.6141632683728586,1.7139752247681501,0.5825693775276045,0.2958991279164935,4.095422426959989
2021-07-12,0.408435704050779,0.2570564545182988,1.3190066842580066,0.2513931417820929,0.021045595210109062,14.799235172407151
2021-07-13,1.21138385787151,0.1935224992082745,3.0009997807334603,0.388218817119954,1.8371931745517405,0.009141491530764054
2021-07-14,0.29959967875015353,0.22810154673264452,0.34931820046944717,0.18687190985626295,0.00674863025929916,1.871533753406208
2021-07-15,1.2616504221863005,0.3141342098138451,2.511886500479067,0.17518393061570633,0.021625888593602437,1.185182208099543
2021-07-16,0.18065954864285155,0.011901580177342417,0.2581987597164832,0.15334557640106197,0.022503829143619425,0.1728051567276786
2021-07-19,0.8313259357553218,0.027224764096505465,2.5785347322493193,1.722360282436757,1.3760065148043605,19.26799845022637
2021-07-21,0.04362920710495431,0.051634806552921964,2.8876017982514726,0.0626976290109885,0.9547583712022845,4.709216077506415
2021-07-22,3.1265622281513576,0.5318371130600466,2.3671350823055626,1.6449058826009595,0.5509586999608724,3.1842211341003512
2021-07-23,0.34332078285418066,0.07507974358766588,0.7281295924983691,0.004896686948459032,0.21974782702626056,3.758916111255879
2021-07-27,0.005789945938196527,0.3386699493151556,0.0007958762801981698,0.3357387625235025,0.23487052376824635,0.4049468671243178
2021-07-29,0.1502363315463469,0.012169576579691761,0.1601488374981911,1.7501359015822535,9.518703881445989e-05,1.6822789629176262
2021-07-30,0.6915333173468552,1.4858652760810482,12.570656517738227,0.18552252398426558,1.07477021075254,1.5967544948591652
2021-08-02,0.18982087081016552,0.011472072726749967,7.67004699546818,0.03268082009799775,0.04384017224183958,0.1009987039707803
2021-08-03,0.30980105192639956,0.23531370256565562,3.059656917591087,0.14392087778114607,1.0094236514809831,1.8957198194932552
2021-08-04,0.21457955317531802,0.35642370265073525,0.14641805529088672,1.129622695255247,0.12019004151390036,0.029744811896755936
2021-08-05,0.5628726930121848,0.08877537685048709,0.3338583361786645,0.06019866157434377,1.4026150574017744,0.6506576147304501
2021-08-06,0.0010244375746143843,0.1604734670226015,0.01265049191808686,0.004288032743635445,0.15178196303108388,0.09313073832939936
2021-08-13,1.073403233603105,1.045314021362732,11.678736266595036,0.13587558336175332,0.18729878442938966,1.3368233399374847
2021-08-16,0.7117772050414694,0.021590902090289694,9.093448890682726,0.40051612696061817,0.036435195075344144,1.0399916754691483
2021-08-18,0.24546110242801344,2.1771525186791885,6.370753657988781,0.2012671330917829,1.790991731046274,0.5381083523138147
2021-08-19,4.318417047816811,0.45824308431481453,0.3273452400715552,2.045736959407957,0.2403794731103742,1.0340849576584419
2021-08-20,0.40909821616714526,0.04125196752693932,1.6322563931713643,0.25997733072039475,0.33024278719728184,11.285807091304966
2021-08-23,1.6961462916801906,0.08377070259210923,0.3948452193876061,0.24085137339708282,3.396503578688167,5.411821632013326
2021-08-24,0.11109870477766517,4.0477349242611105,1.7251719431114212,0.4193914170452618,0.09602217840960847,8.536462420535401e-05
2021-08-25,0.15143412419658026,1.107018069013652,4.508555007954158,1.753464022549647e-05,0.7185952045355898,0.6870757170728501
2021-08-26,0.821564243838832,1.0206889905527097,0.0005640966090007898,0.0038547367432279255,0.00786524864117011,0.41707504207820617
2021-08-27,0.07632792312883677,0.07747829970889393,0.24841311783891826,0.856849474770467,0.33437584355785643,0.8540485329092148
2021-09-01,0.6676702296235365,0.042375309036454915,0.00010045666961263651,0.052545188610725366,2.0579297784854442,2.625105897371367
2021-09-06,0.3473715381263843,0.11192281067666489,1.7806900008707676,0.1830656596468856,0.7160914851954351,0.7669996218071843
2021-09-07,0.056436362494570916,0.01426342459872494,0.2667386606301901,0.05757561639195534,0.5267400960936053,0.11158382585831124
2021-09-08,2.025702012426727,0.7914486243726113,0.28007011773917684,1.6429469072304677,0.0596010697202441,0.3840242724271654
2021-09-09,0.4869845980975636,1.3922127135608022,0.13376406371507243,0.008080793856367051,0.48032882890403394,0.5999757427909345
2021-09-10,0.19208432561817762,0.03426721699485494,0.44780596366268693,0.771554439371781,0.1456830617231696,0.00978336080029104
2021-09-13,0.012154793024530578,0.13782771648944744,0.0011560570264016131,0.6295550693069976,0.009461861184288704,0.0834204953018611
2021-09-14,0.4491269766270606,0.8751507408284106,0.4734236979131427,0.03877956548720391,0.3709320521307949,0.016653923824599327
2021-09-15,0.095041913665793,0.00025834746299738205,0.3387265566140501,0.5025616351025601,0.06672754988994044,0.20841186139179305
2021-09-17,0.14136843034648455,0.18918636759192925,0.22413245462138642,0.1695402817359623,0.021582855895070217,0.25475391726266844
2021-09-20,0.8696933209383969,1.7970679664376499,0.6369244112839738,0.9315532033594605,1.9581556607562207,0.02554094882181258
2021-09-21,0.06572733883579007,0.02780653842675845,0.11504480496728864,0.4947264253048895,0.5378634211711617,0.6256621683862371
2021-09-22,0.6096661018868185,0.008615875316825386,0.019152996323633084,0.24582233345587914,0.08554180984474086,0.6493080782631847
2021-09-23,0.31624088991653354,0.4524863886016609,0.126479644713472,0.8595157768907726,0.5058470896293378,0.02367845502237307
2021-09-27,0.1086765158511706,0.16764798699845115,0.34910549392277224,0.5968847192080168,0.46878609877322025,4.3023212472943095
2021-09-28,0.023524500104965644,0.7995809190975272,1.0495062778405422,0.5357654701841015,0.047314459672904347,1.1555484032608667
2021-09-29,0.6488933833312802,0.0028782294008880107,0.4977715565382486,0.01207343116655316,0.0008813872745790169,5.575325206713236e-05
2021-09-30,3.9934379708636145,0.40765821968112614,0.07307582711760156,0.16176792524144765,0.49179693949180747,0.04519276782388765
2021-10-01,0.861920188114837,0.7568129807398309,0.17808954522790887,1.3449155023787,0.0010091992560187218,0.2869590069123234
2021-10-04,3.2802232944436405,0.017407075419443762,0.2885279417248341,1.5755999010273043,0.33445563618594204,0.12092171607270087
2021-10-05,0.7484885360841216,0.27125758903883684,0.08521878236933884,0.4889855136065379,0.3632589527782049,1.2548666056334208
2021-10-06,4.141334852054307,3.5237856748195218,1.1787964163743978,0.26249966092402827,0.08613697043924387,0.363335054701863
2021-10-07,0.0002088069499184242,0.014362637256100201,2.2967886813755984,0.3118633324831855,0.76641396144775,0.05397992920568891
2021-10-08,1.0275643376165018,0.027898667660141558,0.41133797187420096,0.1408422160949915,0.12088393209509803,0.2422625428098201
2021-10-11,0.11635571577485705,0.1949244347564907,9.582513641413076,0.0004770132102112282,0.13309781271433047,2.384064119474745
2021-10-12,0.1684945097828807,0.6886930736510088,0.051764193280567805,0.0021399103837163227,0.38752105289265504,0.002592471181648349
2021-10-14,4.550238230528121,0.29389239690275853,1.1102533891069049,2.8315351685190673,0.02643196092726833,0.04482698163798263
2021-10-15,0.011873506189137453,0.13034914722154656,0.17777202023813443,0.08153217047842864,0.025728138040082907,0.0037272440365911127
2021-10-18,0.1464104873583114,0.230385389835779,0.007742681287755136,8.013068288126613e-06,0.1156100060874363,0.04120747172235733
2021-10-21,0.1506602585514724,0.805605832896361,1.6002059493602219,0.21295045509378446,0.0009253600265611252,0.5991085962486224
2021-10-25,0.012044058518747243,0.05358394218574388,1.9033081477856817,0.17483585145212405,0.3165305728189124,0.0020688464658782054
2021-10-26,0.22126960560739464,0.05560280063724394,0.3145605098387475,0.007157377283491025,0.011718595239009127,0.2013151221701667
2021-10-27,0.6814804594843338,0.00500172021645768,0.09188938690531419,0.17934491548956938,0.26247286379303847,4.9754210402948855
2021-10-28,1.4172729416962293,1.0606284016610008,1.0134208232528035,0.19971796116485313,0.041189751629499984,1.0980607841681203
2021-10-29,1.0523159517500198,0.08456897888068311,2.1021519614539406,0.031156570684525577,0.0029367544660995164,0.1886851350804401
2021-11-02,2.2471792843907825,2.5355019609413874,0.5251586129660409,1.1314372168666222,0.11685375018296192,0.31975259299791386
2021-11-03,0.8141739554094879,0.16856468657720589,1.2134579456940924,0.1544951516778753,0.1366631462681051,0.31740778656063395
2021-11-05,0.20392803188205988,0.0006822161588982633,4.616982949404344,0.49143675521165014,0.780085161782742,0.7086925724109253
2021-11-08,0.5844865445310388,0.05758395884059154,0.5663079511925689,0.4392310676885229,3.0606983886338746e-05,0.5722632892702788
2021-11-09,0.32006235293135654,0.5534329278878818,0.37530174333544714,0.39620288276566124,0.11650547782685466,0.17178257774236846
2021-11-10,0.03920803355461335,0.046703932367566314,0.7933732694025417,0.13969361685881523,0.005594333358576446,0.05786856915694252
2021-11-11,0.015024226503823575,0.015465374435301191,0.3585070268976527,0.043545288081035874,0.01458040089965355,0.03327572444540998
2021-11-12,0.364701644205809,0.6579368512022069,0.4841080974394,0.0885278881388143,0.0084354680759104,0.5636350562840569
2021-11-15,0.2787899355797728,0.3382797112304214,0.30213408769313593,0.14064146040322306,0.08569082255487098,0.04706888635908585
2021-11-16,0.28122175560077683,0.0013050354069580458,0.11599962128304696,0.0030188907357414385,0.10348095627162122,0.4729748116245648
2021-11-17,0.13625914638366796,0.02160313438959253,0.05720550596948969,0.03577441184072894,0.001287327246924586,0.40826744424175
2021-11-18,0.3492331864074799,0.007726012697876794,0.47498113456911295,0.018000679162854732,0.15179687587728447,0.16706406750361513
2021-11-19,1.5743316015559485,0.013174292721411027,0.06629492043768774,0.020932278741372105,0.13078328928799932,1.4313283722317711
2021-11-22,0.0021586521054104556,0.0075936203975130135,0.0008318077830210168,0.021472584707870793,0.0739617799038368,0.12374425833606428
2021-11-23,0.46130741782062273,0.068466112981919,2.6047452904722084,0.08729455060124414,0.03584298683474437,1.2666258581863685
2021-11-24,0.006535834631849863,0.0016050236166454737,0.05861257421647927,0.0001387292051535794,0.042555484281799186,2.9233447816121516
2021-11-25,0.05767316406798225,0.09440447640552128,0.45415676948580647,0.030487276257345736,0.006800697907209603,0.6380046596767257
2021-11-26,4.319161130629314,0.12612250941172068,1.5381228931157978,2.992574362361726,5.395639056073712,0.27012449460305266
2021-11-29,0.5037565163711906,0.011918590215748547,1.1477524641784782,2.112760533042931,1.7092917059388433,0.30256487971864754
2021-12-01,2.3538947338983736,0.8227664510721154,12.877093667696142,0.5157352648600277,0.004961307553184023,0.0005554876551111937
2021-12-02,1.3531686190106669,0.10291580229436031,1.4955817222672017,0.039350476409720336,0.004188692346839829,0.04479342408639521
2021-12-07,0.08086603241374363,0.06318138160046062,2.6200863811524,1.867854321652931,1.1873009070204674,5.804620014691
2021-12-09,0.3900231887748349,0.06486788045528778,1.4846584621701624,0.061605608046060516,0.3075872674361348,2.118136957039408
2021-12-13,0.08102622098763325,0.21392556650483874,0.2673184064394364,0.5163535540662141,0.2195372580122312,0.31255773969178396
2021-12-14,0.5061420776353857,0.8777818401394981,0.3778629002946398,0.0013349344124722006,0.08727044713739876,0.00016567875262696078
2021-12-15,0.025726377764475235,0.01626721275739551,2.317406914707905,0.03967017644632987,0.18401556210366285,0.0012415814826230497
2021-12-16,0.22647424614850176,0.015211588937100692,1.9646983888377876,0.1988240868202467,1.756149809159849,0.0056551081903051074
2021-12-17,0.01169034670943241,1.3530084453967468,0.7856994746077853,0.30281832252564345,0.047712081424757205,0.046279448939893456
2021-12-20,0.6952799153129811,0.29311950422886723,0.6827299991339211,1.5630390127544582,2.534569618399683,0.027681684135072916
2021-12-21,0.012071419511278894,0.007696962325969111,0.9595153923841495,0.15469300415773718,0.15871094577727635,0.009100575448846005
2021-12-22,0.14274262757526937,0.2668280158045774,0.44911310925654446,0.00619888064200099,0.07810334048212512,0.005239601519570475
2021-12-23,0.1574152723919466,1.1393299075460777,3.217895507645234,0.09045804280830987,0.8070133129612521,1.992176913695392
2021-12-24,0.012553527986326942,3.8895976914175265e-06,0.8416331862640983,0.13667510480178346,0.06721057970041516,1.8717637228671866
2021-12-27,0.03646257355007597,1.3105690125685772,1.0210917457003963,0.016915920670995375,0.0019346686711859608,0.6385359851594573
2021-12-28,0.12085645062482764,0.1513942538608809,0.19081796473025142,0.6015467344830184,0.09380981530270817,0.13645173276183128
2021-12-29,0.0012507558590647483,0.11147788767866335,0.4311062275790423,0.09407555320888672,0.5139105679741143,0.3307731842534792
2022-01-05,0.8634891232309153,0.035404866585405176,11.366784961224795,0.6509247179121507,1.985243048643222,5.947214864096805
2022-01-06,0.01806190060111376,0.8968178892556994,0.006880715634582687,0.431974330825662,2.036697029847767,0.15831941486297707
2022-01-07,0.5159928315093393,0.40176006915708257,1.1145560081472294,0.4304296019680152,0.07688699806425632,3.466888916717747e-05
2022-01-10,0.023165975127596543,0.20837213184177525,3.3527749781613827,0.45903456638610235,0.001141443351341725,2.6694297971607823
2022-01-11,0.4186475962315851,0.8221849020156593,0.5974284465403779,0.35629710608955784,0.36633975049368733,0.5791412105719106
2022-01-12,0.00018545586293858122,0.0048594956786819,3.277166125530086,0.07015294425360367,0.4628017749526057,1.469449968423449
2022-01-13,0.028805073108011357,0.16228843568878265,1.6269602003442278,0.005076863146801291,0.008193368815794121,0.9252594386149108
2022-01-14,0.27557216591909744,0.8236944583684092,0.4059047630345171,0.5692999152112309,0.19434597696830672,4.021230809949274e-06
2022-01-17,0.5256546235118384,0.6417548081431441,0.26822758877243263,0.033139016095105146,0.06409589315322158,8.577861779061374
2022-01-19,0.6428815520882174,0.6713153747061731,0.2710908915426086,0.014892595804378947,1.2481725921689404,0.48184734199398965
2022-01-20,0.27866335859286445,0.028469978687333752,0.09426181293265783,0.10940586933808095,0.005963214059068003,2.3966942995639546
2022-01-21,2.221087665441473,0.00204040322509053,0.557196727868816,1.4767232665705363e-06,0.06533750830270392,0.26692283112663867
2022-01-24,1.1326658759992965,0.1163557055652535,0.31592560986956025,0.12246070847916742,0.5480403225323072,5.1914495767721585
2022-01-25,1.7312529302288777,0.7302903703338289,0.23935668817733075,1.1878256491995078,0.007819702365655944,7.461944120148481
2022-01-26,0.24581963610511498,0.20515566478694033,0.22645335580363896,0.5335545664373026,0.0702452165196789,0.01824720563541268
2022-01-27,0.024510793475291427,0.0002301733985314266,0.07513637403290822,0.12486372278452598,0.3199614230229289,0.5372614259470304
2022-01-28,0.268564646197465,0.07048074887629178,0.08804115024010872,0.17734670362510227,0.1064302914906592,0.3091208848418566
2022-02-07,5.620102833807264,0.48566852598180127,3.076893475492905,13.207795390693988,5.17660639929671,1.5787299229773026
2022-02-08,0.051431094344033826,0.0013392882433529516,1.103309971884834,1.0856348489041592,0.17296407534971917,0.04932842611286783
2022-02-09,0.4380163451157284,1.932689874800187,0.3499328125170913,0.28785325799276884,1.2492297548202316,0.08529131122850837
2022-02-10,0.025774943299893483,1.4186333317341926,0.8751963818625867,0.05404427232557732,8.829891972092423e-05,0.00876474574947853
2022-02-11,0.013882504633540805,0.31167451845045613,4.872017345617935,0.0007677160204666632,0.0499021248714827,0.11404814077306151
2022-02-14,1.433683959883544,0.0979801950216963,1.5401721365777103,0.05119925202172152,0.7354756146606164,4.003846034921644
2022-02-15,1.1627416252809257,0.9816021610558507,0.4873575009691531,2.765892680700817e-05,0.9799543082480097,1.9670652734045644
2022-02-17,0.16395211081044211,0.11400005083390195,3.059696144517516,0.346195528248079,0.35237222077282443,1.0317646841125927
2022-02-18,0.7066698963074133,0.015083146349921334,0.07349892722811746,0.13603563723752415,0.008949981413898222,0.043725235891179694
2022-02-21,0.021639161935438786,1.6338466541269918,0.3960216413056271,0.047233256122081665,1.2279941089792599,0.15834090640373227
2022-02-22,0.3543721206325874,0.1315495292152857,0.8593703187108899,1.0955337059014818,0.035736887543262916,0.2391227349223014
2022-02-23,0.7099399692455696,0.336920189898853,1.0735859798490315,0.04979781843704632,0.09902193807279372,0.34291576160519954
2022-02-24,2.2153754068342293,0.6011102040759716,4.3487185526080365,12.301144223799996,4.0332711320223975,1.3469467288223498
2022-03-01,2.2753388044966707,2.0237459011331835,6.929828453861142,0.006148406391743598,3.5355623562169307,0.06893651847977401
2022-03-02,0.5917487149749964,0.010801336384252817,1.87084307283447,1.101495034399206,0.06978884617181415,0.7897102913909818
2022-03-04,0.7546535352277209,0.13305404491435535,0.2691255281800451,0.2965519175364148,1.1584458541259173,1.7549000236417673
2022-03-07,0.7379498355437252,3.9038503683637806,0.543740259617932,1.475599585080733,7.4526959204720695,0.17477158278439375
2022-03-08,0.6435153421499442,2.7130605068198346,18.935634441828803,1.512113482697134,0.21930194363598807,2.9065282793306784
2022-03-09,0.5399906479544324,0.9889779979343938,0.030266457527973092,2.150758118549895,2.2628821561870858,4.143903255485769e-06
2022-03-10,0.7465252400678722,1.341423483568845,3.6550772093854627,1.9860213916681118,0.04370997361020558,0.1308186023197331
2022-03-11,0.0004122840254354615,0.6113758727482641,0.03137939960128291,0.0757208071669689,0.437462850717134,0.7249480262949388
2022-03-14,0.18207531056389387,0.0024752777083638074,17.97591983473095,0.2959269239550987,0.016637916781030517,1.9409742980787716
2022-03-15,0.24061828338596697,0.41209606044404856,8.608135618254853,0.015374518777081828,0.9133113764656128,0.20047369794731373
2022-03-16,1.1384190540889547,0.7906391553994635,0.008645588714089757,2.8259902236584358,2.0238265093435666,0.20484656351461442
2022-03-17,0.16111085280888146,1.530497825586132,1.8414944241105715,0.9253765352669518,0.6828547185957698,0.018944679557511585
2022-03-18,0.01831963597703778,0.000570426614203258,2.6413582725326665,0.05667907870208828,0.037417832777857235,0.2804915592052127
2022-03-21,9.672620811706072e-06,0.06655802595216993,0.5341673660641023,0.5538832942997234,0.07662893079793424,3.042510301896478
2022-03-22,0.42780331934045907,0.007240689352824042,0.5618410061307616,0.025367130569149392,0.05696915059594143,0.3468240297098041
2022-03-23,0.004522702942026564,0.5749277402447368,4.8918425281957506e-05,0.17614502370074503,2.2707294998286918e-05,0.009178514871835448
2022-03-24,0.581850841944701,0.004649874934265278,1.078701203914215,1.0981252402722588,0.03064749642336352,0.07395450643009682
2022-03-25,0.4503903761665035,0.07313682218417045,0.35340448417970094,0.16864347823025877,0.05934970536292331,0.00025655385818377634
2022-03-28,0.448829889658642,0.11172362945353201,0.017829759946308286,0.28584682816652035,0.1991686899564229,1.0559980128443454
2022-03-29,0.29081197518403235,0.8343789748031437,0.07315241106250593,0.0030952313070264996,0.1039797392145377,0.9569197018395467
2022-03-30,0.3482628500864715,0.00015967635920512586,0.5288331430564472,0.0641772432109661,0.2613234581237347,0.2354496444813368
2022-03-31,0.0667920681387242,0.06820038416854582,0.25734658279100986,0.9903734037455071,0.034682648824417656,0.01209317325637134
2022-04-01,0.010698042536391702,0.890478649423608,0.4967187626331115,0.09623207375194952,0.12775327530182032,2.607401303697469
2022-04-04,0.2785363882740517,0.04753875992793065,0.02082660708435912,0.003920385493892321,0.009058308314756455,0.2950865363946971
2022-04-05,0.20232270061874724,0.01776996498733743,0.009945594973471113,0.6679180207648631,0.010571313858162297,0.09410156815978009
2022-04-07,0.08599523653874135,0.06259470083497647,10.676018151967098,1.4180141175887493,1.2309569429172622,1.3687883076788174
2022-04-08,1.3555578680652804,0.1642092027340281,1.7409175064538225,0.3810726794544555,0.04543505340198409,1.8599564295348143
2022-04-12,0.0029926891137142648,0.40211878406024487,3.1090251549874934,2.4958582658850306,0.48161132408669377,3.317796568560508
2022-04-18,0.6975157167075257,1.0124699314926338,2.1041124070719768,0.671582956755333,0.14120517638587549,2.460735599454945
2022-04-20,0.4368509845135356,0.6310101614782512,4.283816548024533,0.9440624374057955,0.538870639496302,11.55525548921722
2022-04-21,0.45342615588463137,0.08198567522650067,1.2985817178474433,0.1545967797080222,0.36624986930115483,1.109638997468357
2022-04-22,0.48673898956157485,0.05203232835327161,0.8005655224937306,0.14218793413345107,5.575056825903772e-06,0.4305144066915168
2022-04-25,0.01777493884427852,0.564403358149962,0.10066519767790137,0.41257976665356394,0.8221820793956337,25.802530842890924
2022-04-26,0.05012594922246966,0.1768271325549516,0.3398506276333381,0.277306962879407,0.14466478653275014,5.262405488369011
2022-04-27,0.2406150516143212,0.45212264917513484,2.81384250230501,0.001726657459575391,0.18072143607871805,0.8508547277394046
2022-04-28,0.19867730682416251,0.5067305027853748,0.4372905921247141,0.18776150733680105,0.12347443263691059,0.04225639258884651
2022-05-10,33.94177259317536,7.352566649201532,7.652694600829341,9.437921158175653,7.468559132614787,18.869944766599236
2022-05-11,0.0027737898802389165,0.00753576255930865,1.6226452929682322,0.06319153888683683,0.34037922923789693,0.37728932433236545
2022-05-12,10.405274451526928,1.2255704388195345,2.4740718406217774,3.630852100441035,3.249009286795478,24.369069377939013
2022-05-13,0.0007831372532883733,0.13242749658600272,5.626900771739636,0.6682335107010186,7.808900060941034e-05,21.452008293001718
2022-05-17,0.49265110911349796,0.07340299340461068,11.03719338439311,0.11267887290800954,3.544161896073734,14.310288636994274
2022-05-18,4.914723179559102,0.16535665232904065,3.983308673313242,0.532940130714897,0.13037109730349244,1.0072145297005026
2022-05-19,0.19313624502746543,0.1255605745222842,1.0183876947728714,1.1659791504445596,0.791326795990424,0.005026687038062895
2022-05-20,1.904174303211038,0.00035047864433663303,1.6568071739693322,2.4052597658925614,1.104874453340366,0.005614355376186645
2022-05-23,1.2648413878090095,0.1817385168038449,0.7579797063177611,0.6963932222806758,0.57283866421705,3.1715419491716648
2022-05-24,1.1380059235098328,0.5339027352401226,2.7706601135595466,0.33729529010334064,0.3079829211606479,1.4121508187671683
2022-05-25,0.19721948787620297,0.07717805090956072,0.09504889228755575,0.23527179225722605,0.004170945798673573,7.852071042943518
2022-05-27,4.213231728834245,0.5281297165338102,3.7138247235202635,2.529142932113031,0.6914162254356296,1.776605441880464
2022-05-30,0.025864747258377212,0.058606559699616874,2.0158649850165866,0.06695157757158339,0.8148694248167343,0.43132302787253085
2022-05-31,2.466815491103524,3.026816470355456,0.4910372583423069,0.039488912086481295,0.34915865540076013,0.009192737981910195
2022-06-02,1.1944532688976308e-05,1.6767317152872028,1.7036063368333179,0.03191949305022719,0.9039326696874808,0.09895455997192167
2022-06-07,0.01154864731765348,2.429337771216718,0.9992873058590218,0.022281041945327207,0.9225473270176614,0.04478744600494077
2022-06-08,0.5318588504059344,0.018428484260198056,0.053296561671090134,0.031606412748648595,0.0924674639420874,1.62365203625605
2022-06-09,0.021272569607580786,0.8703073332884966,0.026592065452372825,0.2528490767334595,0.07370419048434365,7.074018263381591e-05
2022-06-10,1.8173799934815997,1.1012334892646676,11.834419059499218,0.7616958267210726,0.2837562062479329,3.3503010196293244
2022-06-13,1.677974106644656,3.874764491869557,0.940753010417865,1.7980837855036915,4.058177294897572,20.64588542406384
2022-06-14,0.6009469452666266,1.2471157899523628,0.01350598112214186,0.9506422542731243,0.03438953185785868,0.0708307718816595
2022-06-15,0.37138037906644844,2.286454324861609,5.879929269982882,0.009569796526002268,0.3525539762038084,1.796441565238617
2022-06-16,0.37910176659443606,0.875987831551289,1.3404429275218792,0.07369856984327244,4.230136527628483,3.432463040017097
2022-06-17,2.6274021534888963,1.19769798832689,0.9328679200476211,0.0004541485625545834,0.012011213026773515,2.4820888579092313
2022-06-20,0.32093390276365336,1.1443026623048984,0.001412298403402671,0.0029779518344590114,0.00013333519590477043,9.475270511815939
2022-06-21,0.9324839672557066,1.3177849877055623,0.5969730583630574,0.46034353440109643,0.9547671380366347,0.4543743324349223
2022-06-22,0.7258850630819647,3.4373036696965578,3.5424610339117284,0.6057887080716104,0.8559621246806958,0.07469355672343019
2022-06-23,0.039848419050515164,1.2171439132130374e-05,2.8231309474711805,0.0002718827698476898,0.023903275828371394,2.766255864563167
2022-06-24,0.4048411063082234,0.1552602999441579,6.15292752383565,0.36920880672300604,0.5087853089757942,0.08202104243451461
2022-06-27,0.14624146300599739,0.009759831774254036,0.11651828683792179,0.6865721747096943,0.5279309648535733,2.1086071885158946
2022-06-28,0.0782531453490041,1.3203117952865784,2.869875791528367,0.007235176289654995,0.8081980935261898,1.593519408496492
2022-06-29,0.6026811735337383,0.0503316528058438,0.4456759215152349,0.028965348278081986,0.2717255970915615,6.739655204910519e-07
2022-06-30,0.19730733173616694,0.25143695203531663,5.626952109413213,1.096836278751943,1.2808156790221283,2.8779439800812714
2022-07-01,2.927656100218153,0.1455315775518237,0.025929865119893664,0.04563357791312554,0.07636981177391404,0.01177041876893082
2022-07-04,5.336528177732292,0.7165289068685738,0.08755423586752836,0.6290666815523144,0.6266217058466407,0.07923482010522115
2022-07-05,0.9230692164355466,0.05226142967911517,4.092629932682121,0.2686187572629103,1.4963767405666326,1.4358126528100246
2022-07-06,0.7255639947289161,1.9460889517961508,4.48254545450248,0.00021037333512877076,0.0010103280665179678,7.389865614079534
2022-07-07,0.008628661250374921,0.02314650633546225,2.098464783419376,0.6821487621451303,1.7582207352968187,2.1222407761584665
2022-07-08,1.7126076610347505,0.24922102419051076,0.02233229772131692,0.0035309847527277183,0.08319737498501051,0.17074362421214087
2022-07-12,0.10615914242501877,0.00041337850194443637,0.03493600201908345,0.21374134368622957,0.5085384523872017,0.08953044158679059
2022-07-14,0.1770204160709672,0.17894804241907852,2.6124756630556267,3.1271620794378316,0.4189973967896507,0.3889752826845113
2022-07-15,0.3275980510346904,0.013030922062576266,0.7221183195471452,0.07578640806005443,0.05050748746536134,0.061161716110138854
2022-07-18,0.012189441322241977,0.6076368791138744,1.3917577737642706,0.5283980948264929,0.5525006833516918,0.05490651008969446
2022-07-19,1.3162053030212821,0.0029789705409168387,0.07736357992567208,0.016193031733056827,0.5466934353405976,0.024421952526729802
2022-07-20,4.151153706118383,0.329101108042109,0.0331813234610965,2.7884486659576875,0.14696751417067314,1.7763769532234184
2022-07-21,0.023865871734740533,0.8538700993789392,0.08841206124205965,0.32384271981437773,0.20527784778850175,0.13100651843170316
2022-07-22,0.11026516048231252,1.1272105243671215,0.01330399867566242,0.8409181037162375,0.17165890800884587,0.09612572533088014
2022-07-25,0.17262482405441135,0.054308851532920095,0.7458774710140194,0.00074826269644345,0.23715902623387256,0.2759737706228845
2022-07-26,0.036580059108478814,0.1422061694803,0.04695592060550748,0.1336877960519785,0.20977135453978918,0.08353043586940943
2022-07-27,0.15015453922181918,0.22892840906533637,0.04878239064444181,0.16568384697447128,2.2039346751628384,0.25250931116971226
2022-08-01,1.0358826061441324,4.4516232377483265,1.439165679591409,1.0882068292775744,1.1277465139198686,11.078415276275445
2022-08-02,0.0770761016915466,0.21943952499446825,0.6292636729543373,0.0001524401703723147,0.06574487433779215,0.6898714562213188
2022-08-03,0.6944344099288099,0.09006737183802718,1.1229800919921546,0.15822416776011478,0.12241842232152331,0.4270040010021521
2022-08-04,0.023079667219132606,1.307216382509864,0.674586321920932,0.2979569901722632,0.0633852752243919,0.1229567831793093
2022-08-05,0.14913369371351687,0.16760648109422122,1.4504146267126026,0.15791458640561065,0.021390584744267117,0.012653997734054612
2022-08-08,0.000959034759580448,0.1356440081705631,0.20041470232847602,0.13187225686129228,0.23497676817156313,0.1021359274837244
2022-08-10,7.489461369268371e-05,0.06132185050258061,0.3395004888034851,0.21919589894481062,0.2673253930944288,0.0003957934739759044
2022-08-11,1.083562193547638,0.779041618302292,10.08657688113309,0.22512703129611458,0.09720843080092538,0.12474291780580278
2022-08-15,0.8866937523517118,0.010610648025332568,0.7258308162562874,1.8947356079875588,0.033907734955322226,3.0696263055874184
2022-08-16,0.31901603491309677,0.9550213450517143,2.756504086885373,0.008663838201125986,0.08338577054688344,0.0014782571055336911
2022-08-18,0.550107749355004,0.020255805494225832,0.14470328871573016,0.36398904732293164,0.14045121701966262,0.0065345598080929065
2022-08-19,0.03870162603776996,0.6501961914919416,0.3285394178279658,0.684434727097843,0.3872766152485838,0.12415918384401108
2022-08-22,0.8147901068674982,1.3021641223482912,5.524569911972313,0.24350998603785612,0.38829123811030847,0.4785997007311449
2022-08-23,0.6002214056527707,0.1044856680961655,1.6679548996967999,0.25271727715943065,1.1936079292512214,0.6726558406784502
2022-08-24,0.19180753295382624,1.077508258310541,0.14294652518704312,0.15438607758884465,0.01530807057162965,0.24843948460769552
2022-08-25,0.08140248251801667,3.631762333753942,0.890259733131188,0.1952675220928366,0.5343291186137074,0.8344386477124279
2022-08-26,0.2965192634461621,0.10269095730137628,0.4686789130398297,0.00283578010368749,0.005873067309682429,0.24085977971748973
2022-08-30,0.11487896586809931,0.6096376299366272,0.857211498340952,0.09883711714779975,0.1053563656159426,0.06162685255845778
2022-09-05,1.0126444871689668,2.197646958653821,0.04533627823746177,0.5461064843014022,1.1450785382334279,0.025465216834077535
2022-09-06,0.0003092975006604683,0.01055819643760184,0.25143685847443703,0.07300763591506047,0.5316561099406012,1.5321566993151632e-05
2022-09-07,0.4141287315056145,0.04273931729621452,5.499767374363725,0.17215347139954187,0.13660830213472847,7.377847328826583
2022-09-08,0.39413059691872787,0.051249797409788474,0.36396862451177664,0.49980635214628505,2.3770383611194887e-05,0.47852333202977404
2022-09-09,0.021608143864316826,0.014485061325039298,0.034505935592529034,0.815857996543412,0.7876794010275658,1.3041739898741895
2022-09-12,0.026537327563472952,0.00912105087411,2.714976919414723,0.12964904350436973,0.4486442323940745,0.004521626169754024
2022-09-13,0.7607822505199832,0.45951798860636484,0.04317527422069756,0.21898132366778528,0.07814655121167226,0.009540868265419812
2022-09-14,0.29947544027118467,1.7226058172046668,3.207096200243116,0.9588814920172346,0.07391781827478558,0.3758397161006742
2022-09-15,0.1424678122484154,0.005925004707444496,0.01194252184510477,0.09317122318704665,0.7463700617362258,0.1547128388602677
2022-09-19,2.3065074764229117,1.1706235247996555,4.515045123087017,0.12797651986586472,0.43207352477767436,10.77753757683412
2022-09-20,0.0004135278684590825,0.4327354796152976,0.029361163843250777,0.10621593286267327,0.18433168189454657,1.2403443891166932
2022-09-21,0.014420191016536694,0.9163634901311957,2.787581306754871,0.02488861585535936,0.09870797281863763,0.4759099851621189
2022-09-22,0.18034782588667858,0.30882900062422874,0.3999634375946969,0.00153942101965465,0.5216265208786933,0.11712349031286168
2022-09-23,0.31375390229158473,0.9804700912225479,0.4508199524461522,1.2286746144134684,0.6869365388836858,0.8922637492009945
2022-09-27,0.8566152589126863,0.990270362620755,15.216122261483992,3.714450746384899,1.698899903389137,9.61561731410119
2022-09-28,0.24922299533595396,0.40770718851693455,5.5679431217382485,2.452792187518036,0.5001437336767716,3.9376181571955224
2022-09-29,0.3348281742694816,0.09837071404461874,0.853458639492205,0.001558427301741998,0.18479524811543518,2.391654578614972
2022-09-30,0.004270531631707891,0.042262126105014515,10.952841605707638,0.23569244576940884,0.032316197058972505,0.2861665228807753
2022-10-03,0.19572264992691318,0.04586604194136811,0.5333273629795439,0.5510168141987037,3.996292091783965,16.955331578512116
2022-10-04,0.788910648153083,0.6997161483500365,12.084134069904376,1.0374978487814532,1.6187858980810172,0.5881297526576773
2022-10-05,0.001956487457747896,0.6254381384626528,0.00021090256663277695,0.20747379537054095,0.020664305473244753,5.7303230555022
2022-10-06,0.000306240389210524,7.135932874956363e-05,0.8302747564112589,0.002806151165200015,0.3161208854131044,7.453651936358921
2022-10-07,0.4995384470356088,1.042622153581894,0.0012290709032895168,0.033348590596226274,0.36102529888170876,13.391049366085785
2022-10-11,1.575137664867902,1.8866329278986358,2.074013590899234,1.7050384010274209,1.1679827974480477,8.46775569328694
2022-10-12,0.18691906114877122,0.20402378580769912,0.01144801688371868,0.4968782440047465,0.01480152765539757,7.860720182392412
2022-10-17,1.292135143575296,0.16976728835851063,3.8967761764484936,4.891263387808721,0.45985246077894426,2.5843649211732234
2022-10-18,0.002445424665823738,1.0226538427288543,6.8490410387289264,0.11245050626938788,1.4384258364246774,1.304619909377935
2022-10-19,0.1433096640065651,1.096386318993683,0.10267980057211923,0.010370351374606417,0.010645170479535412,0.1143012847418557
2022-10-20,3.0186344670820042,2.5148638796904925,2.2889732996875494,1.096587668794745e-05,0.06354788789696471,0.023389721624898708
2022-10-21,0.28125460165689703,0.3639785272841182,1.4477348142668796,3.0994850134002463,0.007844397463913688,13.823102148731788
2022-10-25,0.18941130116193594,0.019337990238460126,2.221451323306808,0.22751137369457766,0.3424869899058477,4.808718395414832
2022-10-26,0.003972286832378051,0.5316136485417544,0.622801581298787,0.6539588934629135,0.06903293614188524,0.19005186287055584
2022-10-27,0.4578138727420703,0.0037440875916420406,3.1178408324460247,0.05188085021962822,0.13469919786585025,11.756009395437333
2022-10-28,0.25499743177559303,0.2184207298587242,1.5524562987948491,2.0940203036283584,0.054353101673009455,0.004000430289849778
2022-11-02,0.32889446621102586,0.08800559234707914,0.7302722472712493,6.9867254146889985,1.3759214305655478,0.16542173506629776
2022-11-03,0.07225159140703474,4.730116197381577,0.6577555395168975,1.530442646380937,0.0013626659500674662,0.10948571303673216
2022-11-04,0.024208255260669744,1.5683882146643604,0.22729974231365693,0.7844144624243525,0.0018531495234884114,5.049190747098641
2022-11-07,0.6462977357971894,0.07109017960703476,3.1099864424523465,0.12757376624838382,0.02864100756165217,4.95903292212355
2022-11-08,0.5456342075997345,0.002852545813906789,0.010605303361803592,0.020674474643592754,0.3083088891206636,0.43593079367182086
2022-11-09,0.07991211724310299,0.11238009657511994,0.5728350410545338,0.38853154534446027,0.3897042754459702,0.16044969786857646
2022-11-10,2.164150329020535,0.06011086533704406,1.4267142433043942,0.058718841617570156,0.03946606735453651,15.751336654060546
2022-11-11,3.0317934037660907,1.6026855740731372,3.664367510765592,2.9689984035216925,1.2302679253018596,0.5877644540297541
2022-11-14,0.9794538089804233,0.08245682173987003,1.1570601607686728,1.0015164054227246,0.7279607228320238,2.0259041819688477
2022-11-15,0.05253923413209421,0.8531270526707954,1.0098007768078836,0.1963191367209362,0.1361004099079028,9.894366349346946
2022-11-16,0.09035395440915431,0.02220797319345783,0.17570532374975667,0.07758173772504948,0.33475318785572017,11.17558049000805
2022-11-17,0.18950938758066918,0.004208765782212407,0.033159217767467206,0.36786451733802367,0.09671012927748251,7.602516501605635
2022-11-21,0.06701550739265286,0.00881348373098478,6.096863979136311e-05,1.174496907631762,0.05847800390031193,0.7961555814120825
2022-11-22,0.21478983641622879,0.2131732883296102,0.1694096508290688,0.07542995793289549,0.04765252430985968,0.7954965643291928
2022-11-23,0.11168609203039932,0.023474747861536027,1.5546334079986524,0.012009114124725417,0.3135203616587336,0.41583258211412566
2022-11-24,0.13945663146904988,15.718798359174645,0.09587830833399474,0.009132709815560127,0.0011877962147447834,0.032615609828184636
2022-11-25,0.14995116072057138,1.053981827263047,1.353871277674464,0.06574306531081123,0.06444813707513221,6.126390414606435
2022-11-29,0.34123427660631667,0.41801441201376865,6.745190739503284,0.9518738282577405,0.04786720084932082,36.734361235979684
2022-12-01,0.015496393620616564,0.9610158024193652,0.47740436270196357,0.24839450057900284,2.1600124723177014,0.15869736533425588
2022-12-02,0.0002749482802150327,0.4265968502684679,13.670823972187293,1.0513791378820632,0.17137090775799865,17.084105039989844
2022-12-06,3.337132731856589,0.48181614089235236,7.877965370398055,0.04323598911531398,0.27975942070108506,8.660386225288793
2022-12-07,1.1593985938201463,0.10103502256355572,5.112483034430723,0.6908164935946417,0.431365162406669,0.5388682275570345
2022-12-09,2.3455014948753754,0.49054547844469537,0.7035019207527327,0.4021788972249025,0.00274368194338251,1.0632678260247939
2022-12-13,1.981642527796772,0.23016658264241552,0.0011789897446275288,0.6032841255250845,0.029285242323049777,0.17254475312454817
2022-12-14,0.015843784318537717,0.7810479858632334,0.2454200389541239,0.049551560893295904,0.20899104287337383,0.08071083091188994
2022-12-15,0.5419589614243645,1.1823526243976876,0.5363703946403376,0.02164593428580085,0.6464549110849943,0.21570770200572384
2022-12-16,0.7914012546815902,0.6001641222837857,1.1584327447370981,1.022687278925757,0.0061486697098326005,0.07261701564958402
2022-12-19,0.2286256936123645,0.00962808254282847,1.6226610833017459,0.23653567826841293,0.002504673614928457,1.813928705292506
2022-12-20,0.028233896351046745,0.44041033388012923,0.4641796461898754,0.006577691541876307,0.7292546320802381,2.194697316647454
2022-12-21,0.5935769314494277,0.10601861941613852,0.9329175933806018,0.004651266228181405,0.11710941599229385,0.1732700004356016
2022-12-22,0.003051891219077263,0.1566405266507232,0.7348852473263834,0.16715590220328064,0.17402500955417535,0.13353161685002948
2022-12-23,0.12163193382021667,0.1850504237628254,0.29975297493398556,0.1313948483401602,0.0029613588331371845,0.04938517395306526
2022-12-27,3.179632769991314,4.495641031873184e-07,0.13268883673105814,0.07080347611334262,2.4675851006712106,2.426216148447347
2022-12-28,1.1084965341529744,0.134589265150161,0.0006240155261508949,0.000326303377409858,0.06271131088567701,1.2053971949970186
2022-12-29,0.019435793565827544,0.601103360558342,5.2113899033397094e-06,0.29613416195506115,0.7080789602700472,0.3958340163318585
2023-01-03,0.1740635589229259,1.4152628792981456,0.08900864762117913,0.011220145725923338,1.1321575695893464,11.36808176583409
2023-01-04,1.2151056270952878,0.09100709096498823,3.9669679158707463,0.010600329549301438,0.11646178039100141,0.05495359308774023
2023-01-05,5.6042714224936345,0.595064188693875,0.4038237078588785,2.360350775154688,0.3167041704140644,0.8117646910153878
2023-01-06,0.21213864046871786,0.0006585984618091694,1.9332482608763986,0.23549754535048878,0.359056502113073,0.17281172935392802
2023-01-09,0.0030737341286594375,0.7491158468387414,3.3017882888829693,0.7737382317778173,1.0524093878924246,0.0692225607636781
2023-01-10,0.9764846806549236,0.3098600481903844,0.24534240389656173,1.6951373269153014,0.0002940963652747427,0.006660349929719101
2023-01-11,0.3319501535857752,0.033975702776750695,0.49456819919979494,0.06928722663888567,0.11235583455834929,0.052227109776663644
2023-01-12,0.47383654600170305,0.00281797155472202,3.3638435438077994,0.013014035905538221,0.01015894919782105,0.003558701823832669
2023-01-13,0.03213694122106075,0.1823190687641578,2.9315868137499836,0.6266098316353331,0.11529222597744196,0.12758021973973244
2023-01-16,0.4810640443912871,0.009677088580084689,1.801782793970994,0.09525383950366578,0.034575607728487195,0.37475803914331507
2023-01-17,1.3887818732148125,0.15125265263182627,0.20002482824440027,0.008864413470408273,0.05151959647902731,4.022686466488597
2023-01-18,0.0005272349505039979,0.06713765514090927,1.3125594717775213,0.07572904402743127,0.06832733597931621,0.8349687871773404
2023-01-19,0.6347958805663564,0.002316582526633325,0.2153775413288396,0.16586913631402916,0.032474989042135124,0.7891600724610666
2023-01-27,1.3289120319822938,0.007895460778995552,0.01947993320594694,12.526601037127131,0.18159288157499656,0.6572756271765033
2023-01-30,0.14811284378327674,0.015077297232096276,1.3408623902096368,0.22102705040476758,2.2686005111549292e-05,1.7140630852404162
2023-01-31,0.2336438193239303,0.8661936631253316,6.669276111566994,0.14007409143405883,0.33898365626002563,0.6050810133388357
2023-02-02,0.5568994588992534,0.08354988021228586,7.84328348735746,0.0034979668707804325,0.4396791921543666,9.422105000593415
2023-02-03,0.0940145893207932,0.0020211432528383414,0.34557894738200845,0.37314439326956117,0.11760313310479525,0.0016679215067438302
2023-02-07,0.11588416399599269,0.9021842245278032,4.415121517483407,0.010402402506351825,0.21829669226601223,1.1141738901180562
2023-02-08,0.004833320439744165,0.14597551055523186,0.36711819644944416,0.051484895700822576,0.3670219539522806,0.35617558780737385
2023-02-09,0.38194335378386757,0.17330454749958768,1.3607735028461696,0.7408147112778452,0.004909172023614227,0.5879330834697908
2023-02-10,0.061157451174066534,0.45839309880103785,0.24566199010919307,0.0012967080029909301,0.07616074719755635,0.6787287097613596
2023-02-13,0.0826698053589498,0.0015468906417779795,0.3076934861492858,1.1592533483786887,0.00036965610942103424,1.2216869517708149
2023-02-14,0.36328417487378234,0.35374445210137645,0.4860021558034849,0.038297600548191764,0.5347178370475655,0.2361888824871934
2023-02-15,0.15546168811104635,0.0806371374714036,0.20541495891738756,1.2834715920689086,0.10591102544296879,0.8394668425834446
2023-02-16,0.07471184146029584,0.06991999487906318,0.008212808686431386,0.8512467968766264,0.4349070482835518,0.91776219330142
2023-02-17,5.216570856463308e-07,0.24711091083034747,0.29452942531291737,0.26656715630808137,0.16000404976887558,0.009280525009709788
2023-02-20,0.00020910090170367222,0.05438051035762977,0.26641289757748987,0.34954762889356816,0.1323582798158313,6.512002780573765
2023-02-21,0.0958429544379056,0.0013930403966359453,0.7043810875634219,0.003264332957890103,0.4326879163515574,0.16913904185654585
2023-02-22,0.8597364592610978,0.4643290039715682,2.2714051001555875,0.042622828735835755,0.30235095535235146,6.846416409130562
2023-02-23,0.1866698663029866,0.1889509528293363,0.039671670528558994,1.1441082078880684,0.17919711102942637,0.003460404796204627
2023-02-24,0.06251490586863787,0.0034021987383927653,0.0,0.2815479265375127,1.2606511683992345,1.8150207850841693
2023-02-27,0.0006888338021831881,0.007970895992587594,1.6981207697096812,0.33917196035296204,0.16730867128492016,3.1577928002505513
2023-02-28,0.0283800019445978,0.00810864085632598,0.43012921983764635,0.0003496196155479482,0.09469218930189605,0.11242619282329398
2023-03-01,0.0006149906899979926,0.07549085945326785,0.5987903670078267,0.05367125521505874,0.021371776851621768,2.362077222441523
2023-03-02,0.03317644835938454,0.13258065762420373,0.05364182053446241,0.3867461207032862,0.20622449527201267,0.08005662345072773
2023-03-03,0.4101918367356217,0.017788443472776035,0.24588146308544795,0.007932584629583144,0.1280339362701123,1.5504718457013602
2023-03-07,0.4766335317340398,0.12363789203727114,0.5546325940998746,0.16738104344458773,0.5200667346462281,1.6061590688003446
2023-03-08,0.0201501012336085,0.07578303865249211,0.00901714983401021,0.3236467745719341,0.13382506476464318,1.180976964777076
2023-03-09,0.11908541996247311,0.12480913731333401,2.3555514579957664,0.14704333047627552,0.010081798420339549,0.4136971055728827
2023-03-10,0.258631932457124,1.302666721971895,0.08632377744378972,1.3461257887378943,0.8221011076056383,0.07826579895763904
2023-03-13,0.10211428104415494,0.62113315996463,0.47854975846940867,2.0399633304478035,2.8075618629748615,0.0003608159625681254
2023-03-14,4.673070208064487,3.955890773987089,5.457886710328396,0.007002589793927149,10.088757243756225,1.4659340258862175
2023-03-15,0.04249012045274836,0.5213075251462859,1.2809459258303968,1.8766659484737307,7.0859981386491055,4.404587524685249
2023-03-16,0.8949923647767464,0.7781600969631477,0.9040684992071443,0.3016892178887912,0.44028113502029526,1.966140070411206
2023-03-17,2.8868069929528493,2.062596352701275,1.0136373800466483,0.7660573706119277,0.33468480108245835,0.046658381558347416
2023-03-20,0.9788495791653324,0.497248972523407,0.0837872800365058,1.894959824327079,0.27781217519364326,4.542701346022625
2023-03-21,1.4147456402441387,0.11394889535265666,1.5088511769297526,1.1716285415571603,1.9247718911331744,0.8241032078763478
2023-03-24,1.1028411033372236,0.2383430681543861,1.1829998876293588,1.4695378110643886,0.8571741958720277,1.9080150398240325
2023-03-27,0.6266804161796703,0.04915971897941216,0.011708723599877756,0.6692738182376743,0.009109185245121856,0.2706486133246383
2023-03-28,0.5823964590421007,0.7927031360555831,0.015141071878317787,0.25849712030945887,0.7160264176749424,0.037512946479207575
2023-03-29,1.3534644619789553,0.6334920239631361,0.1767645347875889,0.04613356559415282,0.0503562066024401,0.03736805541867157
2023-03-30,0.19955713903959238,0.08968700316045239,0.043095211251010096,0.027036426484388174,0.10059607164823645,0.08642601431130328
2023-03-31,0.0029135808602688594,0.020134244546085166,4.87265768078058,0.0027869508989969627,0.05443418416792298,0.2397323675517269
2023-04-03,0.10320950478303675,0.572012147748736,0.21645531261296377,0.4600875178951735,0.3007092143238126,1.8652562093058924
2023-04-04,0.007725620355564174,0.06972814820354223,0.7946084976069319,0.8306273255009057,0.1565683067752782,0.005918641286002386
2023-04-05,0.03912919068325925,1.7577866400225277e-05,0.06459313837277438,0.05465602137641703,2.097535042488331,0.049826966184738315
2023-04-11,0.015048914994317495,0.1958179881700102,0.018755093724163334,0.4044576817872003,2.687750593197182,1.1242726431526229
2023-04-12,0.03293571012811854,0.006419773684804224,0.02486752308845248,0.12653152022196706,0.07714998665142299,8.743291732272217e-07
2023-04-17,0.028071570883516386,0.0001244029414597774,0.31136275338343533,1.0068710197478885,0.235029781915488,2.170415299807257
2023-04-18,0.25297287042532046,0.031391123138418936,0.3977449449631393,0.08564997607015501,0.16870817233103688,0.013168844967989504
2023-04-26,1.6554670501668092,1.6190190961766366,1.3488879361030286,0.2246746205366777,10.117756912675361,1.8414695933887597
2023-04-27,0.26007516886447546,0.07200461737547739,0.4382424563087297,0.13054780476426955,0.6843780995102178,0.012651021417117669
2023-04-28,0.18440040858537093,0.021965416317310246,0.3929500549263411,0.12363685531105514,0.019014145841182255,0.8257060505705139
2023-05-08,4.558189687383831,1.5589416481851501,0.135472550661677,0.15498550016181128,4.594457846904775,0.1688619932220452
2023-05-09,0.023335303489406538,0.005998325534277378,0.10941090697095052,0.20482186102878636,0.02376160624243431,0.0009810073041391046
2023-05-10,0.22067783719177933,0.2364865984675994,0.29356842878699146,0.0004141713806113597,0.09776833199921592,0.18078142955884496
2023-05-11,0.680619232441316,0.001230405305588727,0.06402837910669568,0.1550043006145214,0.018965460418128695,0.011616973271996895
2023-05-12,0.5121234890586966,0.02518664423693551,2.1563671276515883,0.4255849013418287,0.149567456472055,0.8480601097426534
2023-05-15,0.0035132527823874904,0.15273174837758016,0.7049554996493125,0.03690687127127325,1.6570624522781296,0.012454638359607435
2023-05-16,0.2761279747591366,0.18624312950293825,1.0058138361602018,0.0004474413025219161,0.009992591390734756,0.000352127880345569
2023-05-17,0.04066556322166495,0.0034797823738059856,0.48843683338555305,1.584196296847666,1.2470536181871363,0.26470799405580914
2023-05-19,0.3140875266691064,0.0866976520791365,0.19599917222410815,0.8131793819058429,0.2671337673756067,0.3884602986541342
2023-05-22,0.18761260093347656,0.44897676694709887,0.43318164541142107,0.07025605375155533,0.8888784105426745,0.11155772609547839
2023-05-23,0.010923205366447334,0.2778411092205457,0.06821734873268945,0.04728284826868789,0.13360817687159457,0.20106234556761662
2023-05-24,0.01830294009899977,0.018527934956439205,0.03513837803065065,0.014480284327447962,0.011826527951531073,0.14565212315518508
2023-05-25,0.38215866316120994,0.25786865207383064,0.7155904674424971,0.040852369197481433,0.00503573816619504,0.07135084013094953
2023-05-26,0.06621996958321787,0.0012705502892152913,0.21036634718665653,0.00010589739639394357,0.08924593657586984,0.006683379548905065
2023-05-29,0.007788724524739967,0.01929281499436353,0.9206730841733117,0.1445181985290058,0.43500451799129847,1.1008741895280583
2023-05-30,0.4502222732158817,0.32773779382628326,1.585185293932047,0.05760872006449771,0.16043519197261044,0.08132745245320004
2023-05-31,0.002270693316236035,0.49463471148756155,0.2631032042009345,0.8214754197669261,0.006852846734255725,0.07155972693514195
2023-06-06,0.04682583346210769,0.08131928530811741,0.0015739955452301498,0.9728288260819952,0.10665167584159144,9.215804761787117
2023-06-07,0.00015799743917695907,0.10713974974709484,1.689247285408266,0.10931589706874016,0.09305515613111573,0.012302856628539683
2023-06-08,0.4915626403547547,0.08484915837644452,0.14958013692700428,0.04877703492389871,2.8905799786667146,0.5529490855904797
2023-06-09,0.1718667647254901,0.010961170927121946,0.24381109500539302,0.00012751702441321522,0.07946669699386395,0.3161644467066298
2023-06-12,0.17859474754245402,0.5988392912366677,0.0,0.08130131092301804,0.05674192613857238,0.5831574033164091
2023-06-13,0.002497828057633691,0.1981938035369356,2.8504680419443164e-06,0.043646342889013326,0.4982805975395281,0.33107598933529364
2023-06-14,0.08272440356089113,0.12096168251414528,1.2797666832471397,0.8047415486550071,0.0064059438198987555,0.2025223817587841
2023-06-15,0.044062076302036186,0.07113163133946933,0.1800587028740025,0.5850847646605271,0.04866329360231863,0.0016224341258812623
2023-06-16,0.05169869464483454,0.2467022641160438,0.5234973377329991,0.2791858340189543,0.011619968331122924,0.024585211583996028
2023-06-19,0.0348193326682413,0.008505106200755615,0.8013094569808615,0.33663843969174223,0.025128262158977153,0.7822402072538185
2023-06-20,0.14721129166260086,0.005191914390124734,0.0004984497770968543,0.4201077707934527,1.5608268370751521,0.32502599858767567
2023-06-21,0.3983412901535529,0.1355047545762261,0.14714117627717863,0.011332736225169471,1.022553064332111,0.36534451810351276
2023-06-22,0.5688793632287612,0.007659895316716198,0.09052587510728201,0.0014563431709925076,0.7142726368095911,0.37172526729606914
2023-06-23,0.03553576451007301,0.07365899735731712,0.03151579987900672,0.9241598038003407,0.06321529110300014,0.13098194666076288
2023-06-26,0.14050479640114105,0.005276926320608382,4.023445040113427,0.003621779191477771,1.8247053119972105,0.054927966371072834
2023-06-27,0.0017520287742638868,0.051155321235412235,0.09657232059701208,0.24017275984041725,0.23743579281074878,0.04119629586409581
2023-07-03,0.2720318568217931,0.4325105446497221,0.00678800418098696,0.0029791207073488757,3.7084196276298678,0.6107089426253791
2023-07-04,0.050028995706272665,0.059473099565138285,0.009243643854101816,0.010792820585619015,0.3142002749638384,0.33161455720689403
2023-07-05,0.3086251871677009,0.03465870212604464,0.0010198581651467398,0.331395151829153,0.1813954173149534,0.05344480880336975
2023-07-06,0.3239976719250176,0.08099885757930037,0.3448341632410354,1.2171880602948846,1.5070636648089684,0.5521828368120864
2023-07-07,0.36807504862973545,0.35905161063400176,2.195809668993864,0.12144829291302899,1.127541707641232e-05,1.0955709924740076
2023-07-10,0.047015270349842625,0.1524730488034128,0.00011713391280355794,0.09813130702258938,0.18243853394571674,0.9169134777331626
2023-07-11,0.9488225557532086,0.36663624268246403,0.08768979227621043,0.2115934940448094,2.183379763676619e-05,0.05714415700786802
2023-07-12,0.027521352455863086,0.22392540585112822,1.1243746679891748,0.13209866961945765,0.15174304511892742,0.04441867036137965
2023-07-13,0.0008660864213705294,0.017157594917734692,2.9296186273231126,3.8717844684601865,0.03723158042822269,0.9358770339385758
2023-07-14,0.7531446830523091,1.2757971285731464,0.49187889058677664,0.09830964112736584,2.5187337455477268,0.06521661853468913
2023-07-17,0.00124938563434277,0.18070618070658573,1.2628458605319928,0.031819109695060646,0.5072997319927554,0.1632239943294482
2023-07-18,0.29094073864128794,0.04777252699308803,0.11275548922389052,2.7262859678468906e-05,0.18167458674849804,0.006691059807556237
2023-07-20,0.24636117751079786,0.06786966699620571,1.6614914115485555,0.3798986799042346,0.8536741241303845,0.011898462517147256
2023-07-21,0.0584328162048056,0.2346119600517087,0.26387375599631285,0.014316310314142528,0.27995044613376824,1.2319670859049319
2023-07-24,0.0728293447491502,0.6195490666893616,0.06034664816871892,0.16179720407760462,0.126992671409023,0.16452646387731307
2023-07-25,0.07028090250688211,0.7152559769290597,0.20185192773580363,0.41178853772496543,0.026657808083557222,0.18843185490810982
2023-07-26,0.19439721352996892,0.750358306552454,0.07298670622469083,0.3254332181284841,0.012567282063235432,0.16993125746169274
2023-07-27,0.5559628403119704,0.018638811407683475,0.000328232516557934,0.9552465373388844,1.4830503558031876,0.0856869950327944
2023-07-31,0.251823075203093,0.3143773935622944,1.6978425217775908,1.1870147479652045,0.6811974314839887,4.465195586679359
2023-08-02,1.2430211714612973,1.0488151886378803,2.7389917280955687,2.1366708572495745,0.13849148447652662,0.040878028194726745
2023-08-03,0.40143667222221485,0.03526219816212796,2.0493827046144855,0.39988700677215605,1.9085713005879374,0.6081005379926719
2023-08-04,0.4328681381338615,0.05417807265945476,3.7372067769440425,0.12519714420619357,0.008984096771317583,1.5216082607669985
2023-08-07,0.23815555165875138,0.0017234618199027504,0.7722930534787689,0.28039533957315865,0.017918557861830567,1.5663427455149326
2023-08-08,0.06513908907883559,0.12839431379828445,0.28764698521382914,0.014009377312247145,0.8507234362583327,0.00425450728089711
2023-08-10,0.12638855175233812,0.29706350394318903,0.1301504935076748,0.07586399981769691,0.9624752720485792,3.082629185746049
2023-08-11,0.03728088938433456,0.014737178432934196,0.46327275827757697,0.749828392387679,0.013009604497597613,0.894645718740998
2023-08-15,0.25928275487001823,0.04574717347542055,1.2072629069563845,3.556078801286818,0.8919220563014993,0.02226476317937223
2023-08-16,0.04444463558973861,0.04881662748698544,1.35485234876774,0.353366881763301,0.005923027155721806,0.5528693854620391
2023-08-18,0.3486621924379734,1.433845288070511,3.5605006154250387,1.5413368181915967,0.0008389202895147911,29.08160780605395
2023-08-22,0.6737177034135734,0.14098927802351127,1.5520901808669625,0.1968280753396488,2.986313040821017,0.04494443636763089
2023-08-23,0.005139000428759686,0.6238951443813716,0.2795582545545999,0.20387885568943384,0.048569760498992386,0.45430481850969834
2023-08-24,0.10152022571931887,0.09994847112223824,0.5535837708468099,0.04236464329427019,0.29248449293072143,2.030960720400387
2023-08-25,0.003278305162211664,0.00015535346656557922,1.1186245833470214,0.08269562778120189,0.03203311844791207,0.2574822009117362
2023-08-29,0.8113716727028946,0.47122667233901483,1.0922854647589224,1.0727350191415677,0.30287638869248684,3.111740357274701
2023-08-30,0.016051569162868935,0.029596166733620772,1.260746893978559,0.007936723426340922,0.2497648895983639,0.521587233427783
2023-09-05,0.12885024177770205,0.03954021783901888,1.260746893978574,0.04204895885386931,3.4009753570708363,3.1777518849912534
2023-09-06,0.0036842507460537036,0.15776582756761331,0.07169152483426172,0.01500433901549907,0.00353098373718405,0.7194907575034776
2023-09-07,0.34793750420183256,0.0014187033006116494,0.8903972297252274,0.01323755776259518,0.010396033892868797,0.0359716287929884
2023-09-08,0.18722777815485508,0.12340050331716661,0.4131366928095479,0.3429417019627285,0.04242234381446358,0.017854855637274375
2023-09-11,0.30920422529208347,3.8336268471622924e-05,0.030069530930724925,0.10740745503805096,0.16280436310194293,2.097389099277001
2023-09-12,0.1793060237258511,0.012874298592059788,0.0032267505584984675,0.014106210725645182,0.08731438683201133,3.1212396050656377
2023-09-13,0.00047214321029967775,0.00010654049413821681,1.7134019845878552,0.019310331959243466,0.43759936706300706,0.32225289038997246
2023-09-14,0.11791930763433084,0.07442847742621768,0.918612961946648,0.8940144601562221,0.40732188376088463,1.4026151894519558
2023-09-15,0.11323617232971159,0.4222429578304726,1.7704206647573884,0.9119351398481629,0.04059344121151686,0.08390163797921048
2023-09-18,0.4504408110345662,0.00508487769001193,0.0008349864720519618,0.2795499989036673,0.8876554480585291,1.6257299462595713
2023-09-19,0.4041995042340533,0.0005122729374023135,1.5840254068538262,0.48465475268917774,0.09135012985619266,0.0006545840740980111
2023-09-20,0.20093869477046694,0.17585887925847102,0.013145196893288125,0.001487172959964815,0.9876013489392661,1.4369523878233037
2023-09-21,0.08336256295551135,0.05338855923680839,0.7823378419093004,1.4791073016414276,0.17714895231982905,1.2021573804780938
2023-09-22,0.13128603774531317,0.019428651471282612,0.6174607845105331,0.003936057963963237,0.3009545508010944,2.67951003310709
2023-09-25,0.06941969543025714,0.21959565211471116,0.23813967948375978,0.10862221811321213,1.0106367570358399,11.541216926620844
2023-09-26,1.1479178551392655,0.021137033763757113,2.146334087389299,0.00010523625030030287,0.790192993708413,1.769831410018125
2023-09-27,0.040967848834961955,0.14216039632839025,3.0710987151254057,0.21986324660797715,0.04379939714208214,1.9229344679771436
2023-09-29,0.0008847658137709828,1.2388292460844341,0.7087102032521442,0.2933811297277828,3.002791153807561,0.0006758197769928527
2023-10-02,0.0962768548308602,0.1448534049971517,0.07006820627219665,0.07080353671823301,0.017950473610695166,0.0090750098350391
2023-10-03,0.08758466186514391,0.007755675924856985,0.0005364965392274073,0.26609235659722374,2.308933244917328,10.683716279206383
2023-10-04,0.6171000548268414,0.08649188802757657,0.015279511181579514,2.0118158569065563,0.07428179259396828,0.885317688428617
2023-10-05,0.029161546411011704,0.0002873640428055986,3.6757267397826734,0.05986430637034737,0.008017629091665517,1.7375339257639013
2023-10-06,0.039585799765186946,0.008168948759381862,1.7109960229339334,0.3715185188859083,0.951513460442002,1.7072998751511268
2023-10-09,0.001817082395662909,0.0007191106935143556,0.015505231053526341,0.06177292431253203,0.21992468219929892,0.6060662073826656
2023-10-10,0.19799414021587705,1.5770092042717383,0.03621700159362879,1.0465547429753346,0.03628903885110923,0.30803497563665444
2023-10-11,0.019066812456290775,0.008450969283840185,0.026090282652035782,0.03763322157940065,2.221473536417584,0.3851648462229108
2023-10-12,0.0024017885559352472,0.25905153077912274,0.021142208746908517,0.6486998832455655,0.1299898720443446,0.0048291522978458285
2023-10-16,0.31572430100966653,0.11368620305257063,1.0626137375396407,2.94883664481986,2.6992038817598494,0.7899409059197041
2023-10-17,0.3921836178391107,0.12862725523325858,1.7299324362950816,0.06282460992054112,0.1934109831979145,3.052807721519015
2023-10-18,0.028519191350693893,0.027804145505189854,0.04051622056066988,1.2461052908743449,0.09607915206213198,2.6910741096090356
2023-10-19,1.399653126558021,0.07213895109538392,0.6186653228400275,1.409615271254368,1.0719433160732181,2.014426845995019
2023-10-20,0.0016024449645174025,0.01262371894596596,1.522249377302578,0.5503826218999651,2.8182452585188966,3.37838828040453
2023-10-24,0.38571803495086365,0.14042833682031683,2.869378054518911,0.05448404205725752,0.3556124098122859,0.037024712571357206
2023-10-25,0.1640568856632651,0.22723652338386494,0.059736657936980075,0.02739297429513575,0.5838869948552466,0.14755969201459027
2023-10-26,3.1310420453242007,0.01755577377193661,0.355855315870409,0.05901131066605166,4.833366061964028,18.362010800338208
2023-10-27,0.4319270953257881,0.008136558412134851,0.8896411348275165,0.0951635763782619,1.5199702087401805,0.23877164172174822
2023-10-31,0.00949302666451734,0.0002769775454588206,0.03902598779346659,0.03693279216214926,0.21352388662408317,9.643302922812484
2023-11-03,0.2928516937527782,0.2902175966807268,0.0670644910304835,5.976346527338269,7.33281679466047,21.32142753055886
2023-11-06,1.7339273723233892,1.0230664382245644,0.08338439605714813,1.3595934324213494,0.032318242869293176,1.4138672012584073
2023-11-07,0.2608926373496316,0.007885429521381838,4.224200006167097,0.044735692537021886,0.3977553318746084,0.7458390495009208
2023-11-08,0.3381922943464144,0.156085120200856,0.14896251922032955,1.9569892194433214,0.060560889827772975,9.129956144189089
2023-11-09,0.25031055844671135,0.13420263609481362,0.28922030779912716,0.031959775635517024,0.23312681042948064,0.0017061233763225653
2023-11-10,0.1802370749495697,0.23950693080692684,0.18181257865238745,0.8421098198159952,1.2147613563821649,1.2148681903111338
2023-11-14,0.59645765592321,0.20386324097408265,0.6910266102292391,0.004230586467326746,0.06469491698163053,0.5300502581996255
2023-11-15,1.9361511458164467,1.0735785625414624,0.9625918593710382,0.7754473268680653,4.325945619978848,1.309101680363533
2023-11-16,8.037494505530275e-06,0.02171433723675049,0.10838606342102516,0.0008812442670181273,0.00014415482577274534,0.07266772585554936
2023-11-17,0.07961198091769417,0.07516154496514785,0.10831136466088474,0.07173472814682627,0.0009664382162625386,4.779742663796966
2023-11-20,0.06075553295409788,0.06608067269105494,0.20791418156118127,0.1762313459358609,0.06665431469319572,0.05019912685891521
2023-11-21,0.2249597311318519,0.1969463356292342,0.1654070260565933,0.24106761274562638,0.0860543651240902,0.37729255707023795
2023-11-22,0.6253689591596098,0.2647210154519365,0.5066133276062879,0.3579207040521947,0.4445192434592424,0.09127677625732346
2023-11-23,1.960548428895756,0.031949021376985715,0.012473591802052817,0.01036681851344921,0.2858097077124966,5.291901747240125
2023-11-24,0.005692377830949928,0.0018784299468648253,0.13862937110530088,0.29797788362775063,0.428719825796522,0.4250871900618609
2023-11-28,0.20030701876347987,0.1653453283906033,0.4058828937623871,0.8784079779083508,0.08129146820157625,0.00026996309042071195
2023-11-29,0.0050187045783718215,0.01816092287967863,0.49936048090878904,0.37212444819371027,0.9693559669706028,0.44962656293444253
2023-11-30,0.4002350740808909,0.2117773121985358,0.43977507857976866,0.14465594838815193,0.2944676783245413,0.6229744807299576
2023-12-01,0.08684159603698796,0.06262437962576435,0.11837673538246281,0.3158892590906429,8.871701652863438e-05,0.5347066481770756
2023-12-04,0.2266978374253088,0.13594980890504285,0.3913281454691509,0.04072353983829199,0.05463000119110432,2.720585966130202
2023-12-06,0.007658454552876922,0.12889344709800998,0.11642920862463747,0.010487064311130527,0.18788138354243453,0.2795501211752317
2023-12-07,0.4411033379015846,0.04228329170023644,1.2850708170716865,0.17751556887195055,0.6110888847716751,0.19317618491479094
2023-12-12,0.017071694418858314,0.08732401312712228,0.8462703626283503,0.824970579464171,0.12213427794160657,0.2981080037953953
2023-12-13,0.4952241164445009,0.0040395409389951615,0.3412322425656889,0.003948245667591421,1.36354288867089,1.4355458045904153
2023-12-14,1.9962172754597658,0.3204201988858286,5.970530166357885,0.3603225656749097,2.348289472403048,0.1339218193100039
2023-12-15,0.04343791189100739,0.17990883407537211,1.112093317515165,0.04261182427127439,0.7620339166513219,0.501011926570286
2023-12-18,0.9975116653544811,0.03737619361881121,0.0020603148731345284,0.011088573392041346,0.0292240331031582,0.9021057574713132
2023-12-19,0.9121347759292066,0.0007082800234661345,0.49608364510194997,0.011845115759765365,0.011422069203725238,0.163207316046184
2023-12-20,0.19512169571803412,0.005739724887632229,6.359303871408638e-05,0.07617735044786955,0.15317347582271834,0.16483410228596215
2023-12-21,0.019396209296784667,0.3782839975654411,0.6292158010150654,0.020654501246135347,0.10156389204465423,0.02298207282804083
2023-12-22,0.14917731423761854,0.00680163248896979,0.23999452733914886,0.7918268884357018,0.0003166277902575948,0.0032638555364340105
2023-12-27,0.013445049758328002,0.0001210925698696417,0.34731939880228685,0.930565547854021,0.14389331019186957,2.89536037810059
2023-12-28,0.635022880462354,0.04801607054039949,0.7525930987601953,1.8685180822610095,0.1471013740811194,0.3802432948523992
2024-01-03,0.11565897427729555,0.1154295683729029,0.09659702856469235,0.21761371500210688,0.9367589926303732,1.798066940463851
2024-01-04,1.2147983256556325,1.026295268482854,2.503217914540681,0.636804064323187,0.12043669214679877,0.32585260920060033
2024-01-05,0.015455700702881431,0.4874508817739593,0.16802845482628972,0.10476383602157881,0.2145769662342188,0.11802082327032476
2024-01-08,0.8395519187536052,0.29414315382060663,0.0951628916800554,0.007290035632744738,0.44650904705579236,0.22662698242722468
2024-01-09,1.3254001602145564,0.043701166340516906,0.019771356840045832,0.11742802411977409,0.06173206614433463,0.019045001133196435
2024-01-10,0.14106428915801486,0.6429266229637409,1.2101812303224513,0.3186025029875887,0.009940822275714595,0.06466657387109118
2024-01-11,0.010305126787086807,0.06757092182044115,1.0561321569200668,0.4519475569490444,0.1400533563270959,0.0034252738431133703
2024-01-12,0.0857583915750192,0.08539273242300283,0.19740272924893035,0.09189161895666513,0.14058388377933914,0.4213826457560849
2024-01-15,0.05614295305832513,0.8492650995272377,0.3129942403812601,0.05806035761518306,0.21308711672068764,0.002524270227862195
2024-01-16,0.06745140751966748,0.23374901881512924,0.4257987446944804,0.20433769562016713,0.14242875833682306,0.6034028324453893
2024-01-17,0.34069496747746225,0.03176308806971034,0.9534137310606761,1.827795593091233,2.2938958164798415,0.0025743958188708034
2024-01-18,0.5243808389360654,0.656088376797861,0.8878647641254839,0.006034245360005964,0.03888817248375496,0.31375037739396183
2024-01-19,0.12467841136782674,0.23512666272060787,0.0126890266867958,0.1581209200659388,0.11011000094754501,1.1203821443093407
2024-01-22,0.08043180395259908,0.10481516510495752,1.492146424169866,0.010122357815245923,0.8369173451995542,0.01323459626030597
2024-01-23,0.01310125882362555,0.10850283455672222,0.33841040480384144,0.1948489872440563,0.9633436090558314,0.2062692888507807
2024-01-24,0.15384869572654386,0.283694714500624,0.7625994115447251,0.3306418323088178,3.2428932002014537,0.1485757892019817
2024-01-26,1.595947895528609,0.02097741108782198,0.008413142522406394,0.03858197701762414,0.8998275123152881,0.052863388305665046
2024-01-29,0.07898843110713501,0.363583279040978,0.6925295357563507,0.372313751731188,0.3510264256737097,2.893888078905763e-06
2024-01-30,0.23853283602873274,0.030403317886423194,0.017121086651225356,0.09570507906284156,0.05217248564674885,0.11306910807822454
2024-01-31,0.04769936533668451,0.00023109021980634412,0.13560440307601138,0.008881020549750571,0.3965681848795869,1.7132578057426457
2024-02-02,0.18233520675150608,0.056480744568262645,0.8294959364559377,0.7142477656129448,2.025752854619974,0.49733912383012074
2024-02-05,0.30966078125264596,0.11979344180308121,0.0974452592852254,2.0753824276120967,0.00011731175337547256,1.312405125307974
2024-02-06,0.4563322371698731,0.011762511558488132,0.16086298037879676,0.07567164568638474,0.8781756067350035,0.04154627049619506
2024-02-07,0.028647825665308387,7.382707279138865e-05,1.212004989514486,0.9411059971839115,0.04787856295817958,0.7090694435364681
2024-02-15,0.8784033979337744,1.0082626776110277,0.5776840799393691,0.42079304942305834,0.8369935161018655,0.10935700902327998
2024-02-16,0.1943075378730311,0.11404040604584184,0.01682042778200862,2.000495867059672,0.005199853995326535,0.3563698361907522
2024-02-19,0.2818775210730502,0.10850837106752267,1.1915891640220477,0.015163689156723873,0.005841603808401308,1.5735090531706803
2024-02-20,0.582421226017605,1.2046096373329558,0.67413563725676,0.31478788437877553,0.2045285044283795,0.17194248282043384
2024-02-21,0.002371999034310599,0.04213727875740193,0.38563778649630714,0.6959189069421502,0.8170298011268358,2.6437139379484506e-06
2024-02-22,0.016328367973376754,0.19901684328822078,0.0070409745123596835,0.03277888063302904,0.4016333185590364,0.049368690526269306
2024-02-23,0.37052147973663474,0.05473527714757124,0.02120673905282637,1.408960622549511,0.09561419982969369,1.5757517057356472
2024-02-27,0.017990740610890926,0.38884737599397945,0.5820126231440311,0.7569722864360874,0.1011714656569798,4.321826897591073
2024-02-28,0.35147197062000524,0.7243088163570828,0.05325108427287607,0.34124669155791965,0.7046102623553886,1.8813005066335942
2024-02-29,0.029260315880682227,0.14271786265969635,0.9736755990507032,0.008646651830363129,0.6836372691058625,0.02107643954008965
2024-03-01,0.0033031975684785784,0.7547450738491334,0.13131319907240915,0.03764598863023722,0.05635489631160127,0.19541166603893625
2024-03-04,0.23231884097627203,0.006599988867373551,0.2139442234081508,0.187532317022364,0.12521049416665805,0.061724117373090574
2024-03-05,0.16266238353122395,0.022166783478264254,0.44482361847779855,0.23534385776801775,0.05986997286900917,0.45846568289887907
2024-03-06,1.276285290280636,0.12711051846247823,0.15256613951126366,0.8654326716200467,0.6842124517857231,0.32776867591414666
2024-03-07,0.36084803350750133,0.07934022602620953,0.36092237558380846,0.005666432630645906,0.013783011994934796,0.20498459627575571
2024-03-08,0.0115914774019496,0.06867391242966979,2.3169155823627157,0.1796311295704838,1.0688977996847295,2.816444292658484
2024-03-13,0.28192697630404356,0.012635955173035047,0.11226735863770555,0.186761938133717,0.019006024318634834,3.3845305774570655
2024-03-14,0.026575485184297462,0.13301523323320158,0.0012369235350409553,0.6547855041566039,0.5621970148353126,0.2431894157728003
2024-03-15,2.034015639486845,0.3439262919552829,4.461781381345146,0.17866078265076693,0.4087664717558592,0.0014420309906953304
2024-03-18,0.12251555621728884,0.0027199352088838314,0.20514290767274196,0.0010541707799354087,5.215880470508384e-05,2.6014451007111203
2024-03-19,0.21955143070937436,0.31388897522066134,0.005032200552348942,0.0026074975702559543,0.06320572413493432,0.007831341848301586
2024-03-20,0.005868329972097081,0.3543895550633877,0.014811708592524824,0.015315873192632695,0.4536339803503589,1.983006314163959
2024-03-21,0.009703267611698605,0.13342013179848733,2.373310838580908,1.7977104546922633,1.094281018490898,1.6599934627132102
2024-03-22,0.025809687352691017,0.004039451880133585,1.3775863626387554,0.005558885146436878,0.22592711132306592,0.17690904715867936
2024-03-25,0.14055481758081873,0.09918776556373643,0.17672443016404932,0.38363193867777157,0.38567397900368006,1.1957204376691162
2024-03-26,0.026923140870651358,0.003273925467234896,0.429684027458928,1.2002683822096185,0.1188608439998413,1.266685379522265
2024-03-27,0.5735607076718197,0.259706923335736,0.006032569179211655,0.3213086885845366,0.06814785584730175,0.004707052555972664
2024-04-01,2.0944256864862485,0.7620623205208247,1.2075505075027178,0.2689572374078138,0.009567449792890634,0.014990521511234344
2024-04-02,0.1954372665773057,0.06594066003842601,0.07730762439276158,0.1566823064208781,2.10612094474315e-06,0.18473962337792876
2024-04-03,0.948501812858387,0.5067064789889784,1.953611930332349,0.6000244396376428,0.0748957661630605,1.4814046434548742
2024-04-04,1.4744296934739387,1.1033587459044942,0.28836651286779585,0.14630196135086718,0.017141036333726153,0.06429845271347821
2024-04-05,0.19960250081633762,0.01672466782494173,1.4458752777295791,0.269483320479434,0.015111425458298708,1.0846762827407521
2024-04-17,4.685739163764696,0.9179880649495685,20.05547704033062,3.980275579627708,0.3970015919093531,25.74922362515745
2024-04-19,0.37482812621359257,0.21444207250200154,0.011926130375355566,0.47512029825027174,6.673451700687168,2.3528631494425456
2024-04-22,0.03633649587296853,0.5986148147787771,0.0002809708593097905,2.3111676334698568,1.6919221432944396,1.6893979231324001
2024-04-23,0.27206252328037545,0.017255875037062027,0.9381592041660392,2.142065441069024,0.3441335300205386,1.1727907466469314
2024-04-24,0.7958636616895761,0.3945444789616652,1.016983560721238,0.3865121617852972,0.07171152337122769,5.606024745553128
2024-04-25,0.07210331602461775,0.02016513136350337,0.00104972726430961,0.02673239615439641,0.054117784386833664,0.002819530920745249
2024-04-26,2.823065529299688,0.1413066668250219,0.6658462645051836,0.05426573657647724,0.10105807793070258,0.14204730247271172
2024-05-02,1.3214562871683027,0.1061363361510206,0.07191215609010904,0.26067435005048384,0.05909842593809084,0.31800640597725105
2024-05-03,0.05893287092951804,0.3435561738515849,0.21855482055389724,0.014444244085834983,0.2382241587095622,0.1468401316931458
2024-05-07,0.024295775343491244,1.0143060987612955,0.0020971662464869542,0.046521151642368086,0.22063867398588763,4.996201928580575
2024-05-08,0.2400526678879088,0.003356986934176348,0.37399621713196407,1.1704624092432612,0.04889315487431366,0.02144857938571844
2024-05-13,0.021767142616442907,0.013161425550310305,0.6860807341838363,1.419697949631167,0.0036544576672037955,0.6814425310073955
2024-05-14,0.047761348071291995,0.03426746424826049,0.0038702368711918027,0.08578299696720833,0.08767310783672459,0.062326033867224434
2024-05-15,1.814560727033688,0.027276631407181166,0.5705946614591466,0.5254159235482639,0.19918775129380883,0.7914504364695899
2024-05-16,0.859284609951998,0.24039813175761857,1.1133587798738978,0.22299276098548634,0.2807012048769657,1.3010619376829522
2024-05-17,0.9384363999756157,0.11656580839197427,0.020616573917666567,0.06582026760990453,0.12915010692856876,0.11607083775446338
2024-05-20,0.4805106590270191,0.44991203334250934,0.9286367742506565,0.0002959446265704015,0.08309918473120498,0.12284587209079263
2024-05-21,1.2457161882998173,0.11086735373098813,0.5442492202459315,0.03450319978624509,0.32771354602274066,0.0011865300373836128
2024-05-27,0.01793489353272726,0.055588939092510656,0.8834801962977575,0.10139602763600719,0.10619640687949278,0.5527542959203057
2024-05-28,1.1450793291062114,0.022956945237778754,1.1554236490027807,0.12260959684564249,0.07233920146893176,1.2149042841979671
2024-05-29,2.4827136771088076,0.4225972949153956,1.940183100760033,0.04289859499973984,0.9004802728066669,0.5065517433860525
2024-05-30,2.240744018742038,0.004612976672844277,0.38503052351782546,2.9314238720966874e-05,0.015656851452651846,0.2478473182821189
2024-05-31,0.8199198638527576,0.2243054914276016,0.9182229789328816,0.15737498727383661,0.18881415102831392,0.13243681589129835
2024-06-04,3.3405194441647166,1.3586494811538692,0.5303777127215485,0.004956442815008954,0.38651751578902055,2.9345177399184283
2024-06-05,4.661945680629469,0.18163642323745946,0.7326695761004133,0.0717202612429526,0.005587334944652283,0.004178978523871569
2024-06-06,0.1529761317287985,0.14799495837373844,1.1203098070174067,0.0005770820664556739,0.5523896188839654,0.003785773302666088
2024-06-07,1.2306046907486872,0.037501535634405996,0.018665249473493038,1.4450180958411349e-06,0.10589830705414227,0.09778254928406717
2024-06-10,0.11663101057655828,0.04663416917428981,0.8584666179379621,0.06824623630311268,1.1425879956137346,0.05745493176519257
2024-06-11,0.9139980045630209,0.03188274042876087,0.5698176348884494,0.1506711273137184,0.03515534974990194,0.23638990013065303
2024-06-13,0.12428912838368396,0.006714491672421875,0.09036043540890076,0.2133369349333224,0.10809519944635868,1.7491808047036805
2024-06-14,2.0336933575664315,0.03138667363889871,0.012460486110468747,0.6639864287608838,0.15898097757829716,2.8007247199637466
2024-06-19,0.013821295457909777,0.22050230328116058,0.07683371521895573,0.03818398767351739,0.0440747206005909,8.791122811582337e-05
2024-06-20,1.861218377704886,0.1978489284988695,0.11412543200657518,0.01467458915124788,0.18065321341817986,0.038390074012022345
2024-06-21,0.7842130904457216,0.021248406830952388,8.861202127386855,0.0332182126805733,0.3887397014470205,0.00047690471732176655
2024-06-24,0.017807167181036553,0.001993730588575258,3.3630517749754243,0.060175810027433455,0.6191222354691647,4.841244218909871
2024-06-25,0.0088037025373135,0.07268680646013366,0.1789443469118395,0.13369557294700313,0.033439414472795054,0.03777958573460462
2024-06-26,0.11069986411488518,0.12300185902299764,0.049711365397333354,0.02650704200054739,5.75788164114639e-07,0.13820069891821438
2024-06-27,0.8068459468146659,0.14324534221927274,1.487580609225986,0.12184693036921812,0.5435817446635429,0.02910866606825998
2024-06-28,1.8578696973464892,0.10524069023690404,0.11103420332067047,0.09988895342386941,0.4241116108015517,1.2092769262564491
2024-07-01,1.1467816845257033,0.2588131823369153,0.042083871501827005,0.029921592482106525,0.01533393861934575,0.5464740769679213
2024-07-02,0.04123833280538105,0.0002255226326103946,0.3894947715093212,0.7650622438977372,0.6927762016937395,1.4560329328950323
2024-07-03,1.000109065141682,1.167535337663162,2.022059207602093,1.9705000648896978,0.22450232115569185,0.30742310604414314
2024-07-04,0.11208327260034275,0.00783074793778416,0.7866108669261668,0.5054821964845371,0.23863266947528136,0.056550237845840255
2024-07-05,0.20145520762165933,0.12605556408494953,0.051424062860778066,0.7202468903381117,0.7024260985020715,0.06042380176797632
2024-07-09,0.051185190721866815,0.044447407213329494,0.9594557090892877,0.19979809233910817,0.36313892017336086,0.6858817153038685
2024-07-10,0.05611274898304366,0.06001841768575783,1.0648102052059156,0.9660222285125225,0.06463610114162877,0.3628967539784848
2024-07-11,0.033577988652051666,0.08553098083491506,3.351213058862695,0.19039469198426598,0.2108294699504893,0.027740186044004325
2024-07-12,0.13802643583361085,0.06272268961334639,0.3459728263337211,0.42467743782693007,0.040259976911867966,0.0565767163705356
2024-07-15,0.4449799475694965,0.4387441122186534,0.38057374480617734,0.003636317026738147,0.1201903861527723,0.005276581139178403
2024-07-16,0.5662968911604143,0.05622398631848898,0.11130613351477396,0.11756881849839736,0.2135428286785645,0.011280250205691022
2024-07-17,1.0834162820464204e-06,0.21632511831447443,0.09536042448195355,0.002264439588909916,0.01324917088105837,0.9643834972427657
2024-07-18,1.7735953648711758,0.00027318635763126306,0.06674293701979367,0.2798126802951404,0.14127492652632945,0.20662853095086045
2024-07-19,0.1322508784942157,0.028078058296899154,1.6498950890441988,0.46540438207981577,0.332766062804149,0.5789189613600527
2024-07-23,0.07026681075201249,0.1769622269019615,0.32434844469817625,0.15500096238221928,1.4195582670531992,6.976762349452139
2024-07-25,1.022386614926014,0.7987480683170011,1.5238164056293322,0.7942969609214547,0.590126273444588,0.012536733895905887
2024-07-26,0.4346273907906783,0.020307246356641995,0.6925108104841896,0.013476087286752446,1.4469260834676483,0.5194428542577421
2024-07-30,0.406211581212583,0.0033990960176990058,3.221760974240465,0.19849800121101824,0.004528842157596824,0.05627214749404043
2024-07-31,0.03676194084257075,0.7089815588084124,0.03705909739795351,0.1688053733839925,0.943811596760154,0.26698930085768796
2024-08-01,0.9276883242091257,0.006598632747441352,1.2607570005447928,1.1026429455174478,0.02044540474459887,3.9248590030994253
2024-08-02,0.059590792153351786,0.665856021838677,1.7725968692737402,1.2744592168191977,0.5383763885204297,0.6124804127570632
2024-08-05,11.96509559633955,22.460109006010647,6.84473707300131,17.30494806480401,8.813852476055883,16.028441731399298
2024-08-06,0.9614257278055686,5.940836755433377,0.0005361229664269777,1.971836086048271,0.002682638928092351,3.4304951964000674
2024-08-07,1.3371086842995012,1.2191511434077558,2.471188011096923,2.5298992935400104,1.6638698347339584,0.21310748872452326
2024-08-08,0.05575640342321308,0.008769166345851152,0.0464509170584895,0.13835288443353894,0.19421284347923076,0.389017827650505
2024-08-13,4.928350891514385,1.4311398090979348,2.3499090431422265,0.009998834240607855,0.014098412603664527,3.285014665806827
2024-08-14,1.1524587487608564,0.03086054370250875,0.6665964990358118,0.7170304522218423,0.15504494699324647,2.378027734772922e-05
2024-08-15,0.1278227354935857,0.001338369978636699,0.032355544596561106,0.7959440741531281,0.048713788258807435,0.30715616710799226
2024-08-16,0.09265922382400178,0.45861530295403774,5.205640867252684,1.2420709752305137,1.0304574417210313,5.364467227292595
2024-08-19,0.21749127588940614,2.297161713436625,0.3828614469247359,0.00633712388703329,2.408634297013163,0.5581057481573143
2024-08-20,0.8016362124114726,0.12983163026643804,0.6296661653014586,0.19237492855662278,0.12782992894366316,0.7441049789899746
2024-08-21,0.07461597742601483,0.20660500335311374,0.4065471502435585,0.010467472204955516,0.5306336824352635,0.8093492360217696
2024-08-22,0.7680259557393802,0.14972835577904461,0.7831822843465168,2.8445257541304292e-05,0.05707950668468313,0.009792042530907406
2024-08-27,2.0959483425649426,0.41657759672878086,0.027005297162225494,0.5403431232642295,2.962134270146241,0.030002243274012446
2024-08-28,0.6393173034000356,1.9028008157839087,0.04888020882231908,0.04803123838613806,0.01066864591562339,0.004719186262862219
2024-08-29,0.16739007550728488,1.6983071386731812,0.9211172100149404,0.1564634999892822,0.37249577343618284,5.480696959213365e-06
2024-08-30,0.31791479495261354,2.296667556110926,0.007548774869692994,1.2619304457617297,0.014935414096961582,0.035010060583696115
2024-09-04,0.0007949711576347164,0.2613212207175867,0.05008961423387604,0.002027822562632679,0.22209811272420746,0.3975959773479832
2024-09-05,0.011261933809238388,0.10564746604761999,0.14055657398829122,0.2508693272296063,7.846388298931856,0.35604795202250694
2024-09-06,0.28070268906057605,0.49738725074948653,0.16502639266814284,0.014693544215860345,2.7218416148477758,0.2046388013312271
2024-09-09,0.06138152112211719,0.00973189581400651,0.47878391909036305,1.4645889798103673,0.05961429446344723,0.2403215208141221
2024-09-10,0.5753613681775167,0.28627893029488594,2.958258459464842e-05,0.21209279127313282,0.04702187575488792,0.9818980427278181
2024-09-11,3.114101474695797e-05,1.551045036059071,0.325735393790924,0.2759221082286351,0.7879450143310072,0.02441991230867841
2024-09-12,0.22863801595019792,0.00826380044769015,1.3049743384249157,0.5121005328826512,0.18919300865535166,0.06024845673616875
2024-09-13,0.03206783672797756,0.7076555144098167,0.0006713044988734283,0.029558683842141942,0.03899692814990896,0.13690556430328993
2024-09-17,0.0630963595945467,0.5351113118912081,4.615529358007904,0.7395571655283842,0.728552977013593,0.33263176828621305
2024-09-18,0.0011401522040285761,0.04926956006549891,0.07375232529111447,0.0007746489381096093,0.0033395615159619715,0.22231483916019845
2024-09-19,0.9395078242365926,0.09256879103770815,0.4152288206532242,1.2728872879086421,1.7409750021900965,0.25233875757301955
2024-09-20,4.307745375567205,0.03614962108230316,0.48169023258562105,0.053833146470964405,0.046982765736527654,0.00366642554826304
2024-09-23,0.177894447552535,0.04458182945323743,5.056640490167671,0.14397707442276955,0.06833555180311143,0.0785444168047104
2024-09-24,0.001259683587618229,0.09240622049305915,0.040597555560468304,0.18938773464686018,0.9524772462666996,0.44708117292779803
2024-09-25,0.23466157560902606,0.03241368717659313,0.884989578814853,1.200086537100526,0.001265434463203324,0.6692996014919499
2024-09-26,0.0021789757657876725,0.01517416910468851,1.6823820231919275,0.0008426870093897142,0.20173331364228086,0.09670676510158313
2024-09-27,0.38010473202426664,0.4545327034891897,0.1672422670710546,0.061461667156381836,0.11286394176145288,0.0019487643545271723
2024-09-30,4.928281867025142,0.45661277533531,4.48434864827863,0.11108986244627758,0.008293970036755343,0.05341181967525012
2024-10-01,2.2670514577330394,0.20485219497882554,2.1597979043332645,0.014603859691149692,1.1808849686051743,0.10904190631911741
2024-10-02,1.0762241088908258,1.0743502823258164,0.09257971487807655,0.01072235046094043,0.8271051731758756,0.1142301950532245
2024-10-03,0.06619525834492306,0.018645625212096888,0.03527242729876404,0.04087478720682061,0.35897905965901344,0.5763536966008403
2024-10-04,0.402983909498694,0.5011727314105239,1.131017896649075,0.10661232182457021,0.011088450541960943,0.34637583629752167
2024-10-07,0.011502777321253741,0.10618413815092423,1.3342003929847357,0.07834419016931048,0.3013415639321105,0.0027820245719093325
2024-10-08,0.4954636043811949,0.00040703804171495167,0.05335490327716815,0.42911090587770107,0.0017069138071356634,0.02601642163850253
2024-10-09,0.5503752879525358,0.001884918735648166,2.2708546741895597,0.3101810572381626,0.0821483969465864,0.5974680039460253
2024-10-10,0.08013782316793933,0.13552962128074125,0.03094818336173182,0.08341490788688796,0.623497780483519,0.12335390503839772
2024-10-11,0.29189136393822734,0.20372784081730214,1.888371986186686,0.1037554137970054,0.011562805795644058,0.02486463643701851
2024-10-15,1.9717738348620093,0.2643123840599207,3.909967290169275,0.3668053875714361,0.11934737956130609,0.32375015557222525
2024-10-16,0.0828799227986792,0.3254141340004651,0.06724270864074527,0.01821931527981584,1.8348795918706293,0.015618170370339208
2024-10-17,1.2529367265971012,0.2896221276111817,0.244326296835148,0.9212792477463903,0.4513266511239966,0.301088511662053
2024-10-18,0.10429925804753998,0.07662661667239129,0.04321462793209005,0.16913565506176995,0.12140531193967939,0.0067941729317094945
2024-10-21,0.02605528853631114,0.0003546279144881512,0.015077089059850064,0.49846058181059494,0.005258471316561105,0.19680373124396347
2024-10-22,0.04435442798699996,0.036475549732511305,0.007766738429751824,0.5693032581865661,1.5500475135847722,0.6006392197446851
2024-10-24,0.8729289613358278,0.3964820374977145,3.0995305714409223,0.2378920934310889,0.43630275838038396,0.9753997218903553
2024-10-25,0.08069116352209191,0.7346067488147293,0.17392458056416166,0.10280356721695455,0.03615650314554718,0.13964142082834968
2024-10-28,0.6134042859066648,0.23524459871762007,0.15669175492187243,0.06758699248419438,0.5076763045000218,0.0267355724555891
2024-10-29,0.13529778337827322,0.08170565887467468,2.005552416974323,0.030648379342217112,0.01658406480203079,0.310375295938392
2024-10-30,0.23455028979461753,0.6734699218274869,0.307516788316523,0.7755708860121691,0.0746731479583414,0.06247973272249176
2024-11-04,1.4416633359718387,0.8175965412944431,3.9989754952934047,0.13623602067885898,1.1716526197700023,1.236823523206791
2024-11-05,0.02756458360071614,0.06959452967899919,2.8661174981561226,0.07158717024703079,1.6166990126467098,0.0071101049569573
2024-11-06,2.1109045435142604,0.6850761212570935,1.6459265764870805,0.35421585473461487,0.9339430641309246,1.532964136157592
2024-11-07,3.664716070133054,0.44705877015941486,4.535108363738793,3.755110553103931,0.024526686542332976,0.01473285559367191
2024-11-08,0.35568622392006827,0.015813796874063483,0.28366533827432894,1.892159882776992,0.1175331319754429,0.3276224769794669
2024-11-11,0.08116249264770868,0.5500937394185613,0.2853340851597435,0.1637125572854607,0.31673215751355976,0.03203879723985176
2024-11-12,0.5794780853603636,0.002661226178390786,3.5701834178616445,0.5644770358903647,0.6174743538698799,0.1943555469915317
2024-11-13,0.03312921216423363,0.03636042356462471,2.0062435366637,0.05685229551413402,0.195283536107242,0.009595797735844706
2024-11-14,1.6796387590070228,0.4538514468160472,5.6155619141311535,0.22833131995954492,0.008658442983534957,1.3043803421141393
2024-11-15,0.5499278603764189,0.26637760035865,3.265056368329452,0.03055523816142764,0.26816533110056234,1.1819027969632745
2024-11-18,0.1424868931960719,0.5267967871091213,1.5891725107594172,0.10561425198010414,0.49156117404385424,0.014175946719347951
2024-11-19,0.7352709526822343,0.011245152604409227,0.3805683876807954,0.4606677509630677,0.25328903709377654,0.9768103702203695
2024-11-20,0.04578120695723857,0.06757525514908824,6.265518718547884,0.14596516280642954,0.026303849223726306,0.8848644501514293
2024-11-21,0.303107428666319,0.35545430230047115,2.649258372508722,0.013955778065315302,2.3016323278177406,0.9302138287758973
2024-11-22,0.5813057971361416,0.004790629613539443,1.476183286400217,0.033012075853352175,0.1637112715551155,0.0003506766753295014
2024-11-25,2.670027134516775,0.23164170064925937,1.051115775704302,0.15312810585670825,0.04282736409536126,0.2872709111767263
2024-11-26,0.878140038757662,0.12687001367476267,0.3991390401508785,0.2606045814412826,0.12334360125065968,0.35995468096567884
2024-11-28,0.4008533539257181,0.12509079232056244,6.269435800630811,0.4454496864339928,0.5105421498719778,2.5925842722889196e-06
2024-11-29,1.440187925153145,0.04020509375126081,0.13883938768634588,0.0029780751498940704,0.0010834827918906112,0.44889158505958393
2024-12-02,0.9028980663763335,0.00556663110164891,3.7336622436831206,0.1036863796725101,0.4464153095367141,0.0035951954303536297
2024-12-03,4.379688800658317,0.5140247409204037,0.016592974420257197,0.8516626516685426,1.4900603797583782,0.012178028246815825
2024-12-04,3.2422597136525475,0.19599552316370863,0.003985462365050409,0.1325617784005987,0.07355315380951583,0.5723787875208138
2024-12-06,0.5801858207263554,0.002709529022162455,0.00014841214225345462,0.009905332639670097,0.006169538560525963,5.609868273534911
2024-12-09,0.5498020179534067,0.012741013128509308,0.5247673617564373,0.0010673071309944444,0.09337088790387187,0.08461291681662766
2024-12-11,0.1315062481617176,0.26218654058128754,0.3229967227094183,0.003063466474807406,0.09608219536884757,0.15343680313683417
2024-12-12,0.9008253956029003,0.004883828029256328,0.00041916868283230934,0.18729429530341746,0.0480587723216745,0.014178933555837624
2024-12-13,0.8905060287581721,0.17261718063226564,0.14041999477987285,0.0008037180063784122,0.3277684106192798,0.14279179119289312
2024-12-16,0.8232174917058953,0.013965433520943312,0.00041614707873907896,0.07834140042139542,0.7025754368375149,0.009328015244634193
2024-12-17,1.9594575234094624,0.3531054607078546,2.9924831292155556,0.3066279796958643,2.943541719164256,0.026872167121993557
2024-12-18,0.488578271651841,0.01981364486950808,0.25313954373390907,0.28720178296921767,0.05851681201197556,0.11468072504561018
2024-12-19,3.4411057054030585,0.0010162641957937536,1.304997001672389,0.19703975013576103,2.3808053849095483,0.8081531599464532
2024-12-20,0.009013892743849306,0.295872802346629,0.028361299091732944,1.3178484334120513,0.8256251291169524,0.05076158564805913
2024-12-23,2.557251184463977,0.09032048530591849,3.945883633469232,0.7520650928876345,2.5193960844304066,0.1742376670775678
2024-12-27,0.7179139553653888,3.9253492232286464,0.008779041882666826,0.26319326571115764,1.0891524872672338,0.951829495645653
2025-01-02,3.1814316113691423,0.08415405191126837,0.10909658723203057,0.5939753513153108,2.4148359938221153,0.18211117256315837
2025-01-03,0.000291984489632203,0.04370408214470219,0.6596937493335905,0.0007200258751953107,0.12617176857184265,1.4351325900221041
2025-01-06,1.3894565697432015,0.06010641198978148,0.10428094660391693,0.2755677499006495,0.7715251863419825,0.4342211890889308
2025-01-07,0.0015744676431734062,0.0704482765930023,1.4681152951183252,0.027385509303472676,1.740670708086884,0.0023163993521706588
2025-01-08,0.0017142596165231384,0.8503671454715521,0.5568102813956403,2.3242952881524097,0.05173588360116779,0.10618792680465787
2025-01-09,0.049682084849262335,0.7603618540793827,0.05212547246652427,0.39588563538223775,3.238549654154937,0.17685439045477694
2025-01-10,0.1176991253155155,0.009979601857055896,0.05497767741683927,2.5373408978369656,0.1351578010728722,1.525095444996381
2025-01-13,1.0418070555978995,1.1134915831414331,5.696915601833137,0.06744771322297921,1.0056633024564394,0.175796578127988
2025-01-14,0.742754476665533,0.33347783932516745,0.4720218540535061,0.0059756168993621225,1.0937105731917762,0.2850878204367433
2025-01-15,3.0666470068909195,0.835018070258207,0.2377204580559856,0.1833805112175612,0.9204208747558781,0.3327205813226502
2025-01-16,0.15533063564777685,0.17817622601406824,1.0632307993874472,0.5683986652730408,0.0020329648551951837,0.24868344625276592
2025-01-17,0.4369735771243135,0.5128659500084172,1.8843176672750235,0.0642896392453595,0.7849038576417502,0.29360154581919706
2025-01-20,0.05038999588575467,0.1282134479910733,0.0012328697616807419,0.005441558921701777,9.404670286289652e-05,0.0012403693451998933
2025-01-21,0.02385156630040523,0.26532649774142497,0.023275367755774212,0.10984567093454148,0.7982092322342742,0.07688628368664781
2025-01-22,1.0881285913736474,0.21469524922239522,0.016421192940951786,0.13971745247858564,0.4635436775982899,0.08185465938819957
2025-01-23,0.11421762920098198,0.44867879303611163,0.2300199755860364,0.4468234308512936,1.6922324752485869,1.8682525367895249
2025-01-24,0.8554555346154187,0.04851035660194326,1.701216421619839,0.0036850378909015734,0.5384737798444775,0.18435173083650744
2025-02-03,3.6712413351184994,1.6523698468225638,46.066988009277466,0.33886433442212105,13.97213741911756,0.9114576129175567
2025-02-04,0.37879559832867565,0.4914767462281534,11.847423398205242,0.00818349115230183,0.06692168326804424,0.8564591066833397
2025-02-05,0.48780286881373797,0.40188590938891433,9.639922520019205,0.04001586879972093,1.2180889700949216,0.15137086954105317
2025-02-06,4.57775823105007,0.4552964499930155,0.3901352224008489,0.15498087386228226,3.747589899787667,0.021662235202863398
2025-02-07,3.8132521775021413,0.13064727524931508,1.9691664363257326,0.6497220649201583,2.4769549226893606,0.08534886175664384
2025-02-10,1.9894094276313619,0.0036440848337625058,3.7388385704859166,0.12561418471959815,0.8260786761672054,0.8849819273953391
2025-02-13,0.27187398887922815,0.021445589363642124,1.5679111343788914,0.03689168551741187,1.137041504926112,0.3132385464373434
2025-02-14,0.1411188539387491,0.001824874703908148,0.7258122329327046,0.01714227635157013,0.8829986874606025,0.2025383263760581
2025-02-17,8.164689901464898,0.3102066161959681,1.2672122839230786,0.4940373707540021,1.5264389718191922,0.06951324015612594
2025-02-18,0.3878232606624131,0.01724677004434023,2.8190360617336494,0.27980247656036616,0.0063291199141530296,0.1805870585568251
2025-02-19,1.3256477257859596,0.0625888909764548,0.16648648921710055,0.046563877024444256,0.14455204498422114,0.6592497592052439
2025-02-20,0.010102499706930826,0.04131276469823343,0.7637409234349911,0.027597775873589657,1.7652695871201145,0.1172593983298531
2025-02-21,0.048457275026993714,0.7110740575802269,0.26668676106122946,0.0038254707389373424,0.0023189631603101864,0.08476846710729224
2025-02-24,0.6210120676502339,0.18237293544102653,0.0011524811118945886,0.003106956896371622,0.6968812648956849,0.36056241006635936
2025-02-25,5.94004067699499,1.0590542482171639,0.27372498996985273,0.0917596747110277,5.820895192187684,0.011529068788923912
2025-02-26,0.08375821481331776,1.7166944008018172,1.751961512758329,0.039960651381190794,4.124205524911009,0.00023557606659466667
2025-02-27,3.401947953042192,0.01766227957092935,0.1157414038172415,0.11266920370892453,1.5865614156855563,0.1374731263687118
2025-02-28,11.34971832697687,0.5667981136146629,4.3301589534309395,0.4253382295307278,0.9856450865457704,0.03487449222007938
2025-03-03,15.171305068136277,0.044274877363468336,0.424784284492641,0.1147673348756621,1.6385099168984743,0.09407965540230077
2025-03-04,4.661722596660233,1.0121713026383439,0.19794519928330337,0.21683804487661681,0.8288026255255032,0.037557862582046214
2025-03-05,5.471024791982082,0.3153116181114594,0.8955798583316517,0.038481636606932636,6.047822491964561,0.3028627512498273
2025-03-06,1.7289527814500367,0.12448868014281875,2.5319798141145773,0.22802533831426883,2.111105487234646,1.0612188848677557
2025-03-07,0.07503526073314935,0.5617173751333306,1.566178312923218,0.004341415883116686,1.089245646123363,0.350731246280503
2025-03-10,0.3261189020242851,0.49154916087559936,0.9744193374376992,0.15558389662893995,4.272190590182384,0.10143256454957898
2025-03-11,0.6347968961551772,1.1389186944347978,6.024220603607999,3.595810736801427,0.7425593416296423,0.02881333029986292
2025-03-12,3.256370962161397,5.526623736036667,0.0331498069357391,0.03574402013105683,5.5168380942015025,0.01966588972357912
2025-03-13,0.07013686690405217,2.832246515112982,0.5666151410134914,0.013462106753993437,0.0013115528225036146,0.3743917074856848
2025-03-14,4.009733620492912,0.019682904497580953,0.6893024013508539,0.0015284491454275553,1.4647425248556227,8.187247062994511e-05
2025-03-17,0.45253625807699516,1.061493462535096,0.036765289172578416,0.36796581555019275,0.09227298568264035,0.5767885171931181
2025-03-19,6.289168676457944,0.44431267551236836,0.01206361190619306,1.5885264957153395,2.7201733698197326,0.7641367888480175
2025-03-20,1.216979031067154,0.7983551015388346,0.0250998757369689,0.320245873680359,0.4495798768813123,0.0027940647092661096
2025-03-21,3.8185608974795047,0.007347898251216511,0.8021783970500508,0.01057607031569384,0.17122886309827717,0.024013229974574717
2025-03-24,2.438229645936975,0.011735878520934164,1.4391624116939294,0.06315870935984294,0.08429065849959419,0.4050748456224285
2025-03-25,1.4408224830827547,0.42021527751948506,0.27132920047134235,0.2127910164251167,0.1866264896862843,0.014447930784992189
2025-03-26,13.884792070593061,0.08618601563030645,0.01011964146923794,0.053762809285715134,0.20903400119031643,0.1924355354900559
2025-03-27,0.3474548386466278,1.3407733151707082,0.18606372842280164,0.20212087555781005,0.04279549520932892,0.029612217415906802
2025-04-08,67.76323980524097,38.30805320017728,4.808961387124195,189.54239023891185,100.49641693350758,242.83090641699198
2025-04-10,17.731516527683297,1.8132384980986613,1.399606859587695,9.45848934566116,28.90987918720006,9.54829881257414
2025-04-11,0.017177774867272136,0.32913566692568563,0.005774046954021006,3.3929305963104217,0.21864517083439727,20.5039468602513
2025-04-16,4.739648653026776,2.2855158719142494,0.7296976219321032,17.468826409345453,0.8157317822745299,0.9993919390151899
2025-04-21,0.5109638376517517,2.2960809967258964,0.003033812355947556,6.801232246775182,0.13585331596738764,0.07141333196592495
2025-04-22,2.021338261297237,0.784203013631138,0.01527127012129582,0.9179436272170383,0.6720005099781855,0.6837487157170882
2025-04-23,2.1294836070649428,1.0003838097314268,0.13821479736875994,0.9366296823520934,0.7157527870054928,1.3269747595182129
2025-04-24,0.09954455474450717,0.12561923426324018,0.02632377749117998,0.0001090334646964993,0.3608522646848225,1.0295212609212465
2025-04-25,0.9694101764722011,0.031588254506656206,3.149553718640248,0.04521971887246413,1.10876771732298,0.22991639583380186
2025-04-28,0.4321543053074356,0.6684929048932405,0.09458775169138285,0.09846657948392565,0.0020904236351229994,0.039156646221949205
2025-04-29,0.150240575288727,0.15767030333509402,0.001851860198567212,0.030215232212709286,0.989184571697987,0.0016617646152264328
2025-05-06,4.776215058818374,1.9369173912284496,6.907563973602163,2.076508171424472,2.0143570908077426,1.608133220756549
2025-05-07,0.16442254588392158,0.7204723434013522,0.5268738531485089,0.01648825512378965,7.246220730694709,0.4565410925067849
2025-05-08,2.0505539804731394,0.21440405391547426,1.3966880886536919,0.19773519572825848,1.2710286920141483,2.377733233918144
2025-05-09,0.005473439535801727,0.059256373591227304,1.1440830425190156,0.5233443178132777,0.12950628840204695,0.038838738839183304
2025-05-14,4.53549029036643,5.5930334959669725,2.0709181059536066,0.017401553686574363,0.22596651151316807,10.845400713162023
2025-05-15,0.7394882440439786,0.44176723922676153,1.7032086378668596,0.2896519449118717,3.3970746563566356,0.07000773820803577
2025-05-16,0.8803021190139364,0.006523836335754261,0.00042311335523468165,0.02318150117122082,0.0114712198353582,0.816128421348678
2025-05-19,0.23542300543384823,0.9962520914812906,0.027381734970165186,0.31080630240517243,0.5344537484544635,0.15418075151169877
2025-05-20,0.4265814463133406,0.21928388891352413,3.492524258869881,0.026373641548832857,0.030648027021047408,2.0864038037366446
2025-05-21,0.4520095743602039,0.06922928784570288,0.39653348930503474,1.6617255558238312e-06,0.6204572490389595,0.35867519085725746
2025-05-22,0.1174510960831553,1.3401181500702015,1.2182280697275947,0.004016960259694578,0.299593329053121,0.48797633103523347
2025-05-23,0.43055764097907934,0.29809132866302385,2.8700150395791617,0.003603343152644386,0.06476853645716127,0.0022258378145528133
2025-05-26,0.12845829769618913,0.004950920697429979,0.13089338574463663,0.030910411365505305,0.030911865107685753,1.8600723156803824
2025-05-27,0.021769059141142227,0.2829690739193649,0.006936856351042329,0.27804465320556826,1.6432954421868222,0.2984907987188625
2025-05-28,0.10372490112499194,0.030892286628817246,0.41333515474898697,0.16441187378405292,0.05318820257956556,0.023603733189561604
2025-06-04,2.247781589424631,1.0471066266278857,0.5444566401925415,0.042328196216352386,6.277059036972977,0.08293732522562457
2025-06-05,0.391818346917825,0.45002200625514543,0.000770249362641369,0.12469931937431464,0.574121549449811,0.07376369445226959
2025-06-10,2.6759311786636446,0.005944659348487784,0.2094927633439515,0.16840458837578096,0.016629828352213914,3.785558092225939
2025-06-11,0.0131565742144894,0.2053661848971327,0.27953858198042025,0.14112060796096967,0.04503098565611748,0.00612845274711243
2025-06-13,0.6144031957054232,0.1419263954923015,0.049895093270951534,0.03797940331569726,2.7811480004445674,0.0004860899508385006
2025-06-16,0.46068541455248657,0.015317007825406218,0.3368144392313379,0.005731018732421778,0.5386917891349386,2.9066672293566196
2025-06-17,0.28742362000472094,0.30344515355247487,0.0277955408502106,0.3202213785489387,0.00667294901642334,0.5089174637565245
2025-06-18,0.45417582229801334,0.00042030031746146133,0.24989426268722423,0.06269791202103732,2.961608086362922,0.004074685561012594
2025-06-19,3.909031378959371,0.4865854271239844,0.09515700607935366,0.4644649803800607,5.711946338227486,0.1490639362511987
2025-06-20,0.785805489236628,0.007490787766454521,0.07374542473462962,0.07641615188355035,0.010604184867539324,0.03966342949294353
2025-06-23,3.071512434050012,0.8440959307700283,3.743910236488185,0.011542275387531812,0.20730711071850225,0.4254396112184308
2025-06-24,1.4433017144425022,0.02343542312903262,1.4172594034597352,0.4139772070910557,11.855030899714993,0.3974954121903902
2025-06-25,0.29214216226086137,0.1314414205102816,0.2717599251583723,0.3066362113476904,0.48405878650124506,2.1412899126534567e-06
2025-06-26,0.9036627827051724,0.30164552471279615,0.006267322111356668,0.10072863097203653,0.0075170460077418864,0.006249030387379784
2025-06-30,0.19187469505063934,0.0983488341161172,0.291804709462196,0.4273247399196531,2.4447527377282587,0.5755436935710195
2025-07-01,0.031679033871453315,0.31080260223148387,0.8487652088882981,0.41015046874884376,3.457753003684569,0.01652369452492445
2025-07-02,0.2445691016815028,0.31527458036580996,0.005588166326850021,0.27585253368457846,0.2605042794990625,0.23882880305298018
2025-07-03,0.00215590073751856,0.006198115230995315,0.6003679014771897,0.04803553437447003,1.0552473644750642,0.03614886806102227
2025-07-04,0.035017775575513,0.005996441495196592,1.3025443846388223,0.021943750444462957,0.4186683092462753,0.13095209101546393
2025-07-07,0.269620791557923,0.6713678917279251,0.2142287282192229,0.20559224977171844,0.07445343264613331,1.170955996536301
2025-07-08,0.0025125179888541628,0.23275973611096426,0.016906544664365867,0.15685864081428616,0.43118386092581934,0.9047781873321181
2025-07-09,0.3259248362712193,0.0034617982099622168,1.1958188048756544,0.06039441390362228,0.22248993013901586,1.241559484315582
2025-07-11,2.1896358787102517,0.19858592374820688,0.47044492059431414,0.5422095876344917,0.9248239698679421,3.35033324901818
2025-07-14,0.4941069284407509,0.008780804254695017,1.0072863877155165,0.27262994512549815,3.8378791672025456,0.7477170344432008
2025-07-15,0.3703646031133044,0.6252925750465352,1.0200565905258687,0.06649404903426721,2.3601282680350435,0.44442650809162226
2025-07-16,0.5173394816772748,0.8379848997145101,3.635159531329672,0.09075893700291493,0.08500189519143464,1.0190985235150167
2025-07-17,1.722134127701873,0.3876296399740957,0.44065784564993005,0.49515915721957054,11.813303798066569,0.9616250456218828
2025-07-18,0.11630792062953646,0.10430637130457085,0.016821203445935868,0.4519318438844414,0.49625994847160876,0.23690583507647678
2025-07-21,1.3760268481493403,0.006933508199654163,0.6000490629492213,0.17633970027253965,0.016482417915951213,0.6726766922283197
2025-07-22,0.5258842080919747,0.11627846835542499,0.002154933931282945,0.0007210715193995609,1.8634703136759478,2.6753597330452594
2025-07-23,2.8251114579735646,0.4644368609054713,2.7646008575049983,0.2976021164233675,5.3437329859093,0.03361042213473701
2025-07-24,0.6761593193221995,0.47054874414391035,0.07858131034054777,0.9649752318096924,0.3437761255066742,0.32980661934294153
2025-07-25,0.027950847887169783,0.1821504570683449,0.23223179124491256,0.07895217094548167,0.14714835031107465,0.43888802593469134
2025-07-29,0.9633493411008973,0.4227520492271889,1.8985676103285516,0.555834216188073,1.819675742853539,6.221996022582795
2025-07-30,0.8044182665610142,0.0019907894918553717,0.012934983035938843,0.05603614487756598,0.7128296309051557,0.8980946651524866
2025-07-31,0.7604411553455813,0.5486115518792025,1.0859593412718431,1.1827946015802482,0.020730593106574616,0.11527266949158961
2025-08-01,0.5060473444511601,1.7411363612348973,0.7231788604143968,0.22933465357426686,3.8117467510704017,0.23785453627715128
2025-08-04,0.9502835013534688,0.17330174583296973,0.4515865375630805,1.0803440927741703,0.8181623762976706,4.759973439152043
2025-08-05,0.4553241227346179,0.5786649619918356,0.006148256334507646,0.0729290524807247,2.011374212131205,1.520412348936557
2025-08-06,0.02318775317979869,0.03400565871335097,0.0715672282689274,0.2054662898326156,1.9444855070161982,2.8972670658789563
2025-08-07,0.03274839259237074,0.24379714038096753,0.008760437671909914,0.5150379667255754,0.0028909186511361803,0.2635664108766646
2025-08-08,0.3307631287132907,0.25679272424157656,0.1587675333503659,0.18589706543952098,0.23207352226823266,0.03932685988371602
2025-08-13,21.734791129525536,3.551457650879562,0.05092759546023528,0.5985716248676244,2.095829088148338,2.7804272686076867
2025-08-14,0.23481234269169932,0.12278943414517067,0.27763187414997037,0.1450089437201818,0.7155205512545882,3.200310161092739
2025-08-15,0.17253501963451218,0.08901461037186724,0.14591487516555515,0.3751194619573502,0.3294888480285883,0.4273067256056122
2025-08-19,0.20207608605426064,0.7707539861325403,0.3691973392198901,0.11528518379173576,3.596772593610761,2.171937133950589
2025-08-20,1.0471770987529707,0.016316761517868823,1.016943923338127e-05,0.006308551185709725,0.9920681461956504,0.3749305014941085
2025-08-22,1.156592678695841,0.3379722536666158,0.0034902572210829498,0.6246051951727369,0.17685869113821512,1.3029326344106793
2025-08-26,0.35411848149310426,0.9980930857107803,4.8152671981794155,0.04802435421606851,0.028928592114717433,1.7895480651570417
2025-08-27,0.14747996966045793,0.15904615773488956,4.256400897126894,0.001919907706243576,0.06680776618368059,0.09507702572520241
2025-08-28,0.04012018393369725,0.0028004477777575764,1.7803863389914218,0.037322528261831175,0.027198269509118148,0.23219427717339555
2025-08-29,2.3743820559777538,0.5712424614008852,0.3145456558816639,0.1395518554144848,1.1754394263010108,0.006445487360116475
2025-09-03,0.4964815311477419,0.04649434822371048,1.4091631377475504,0.21040100171497644,3.3088503108997367,0.0029279074904991495
2025-09-04,0.055252655374219084,0.0005495327792760923,0.1549229241286146,0.03052001684159485,0.28971156868583997,0.7878709714332047
2025-09-08,1.6528919471683976,0.2212070961892355,0.006871105427831999,0.07381559194800812,1.1594301637151403,18.683980437201015
2025-09-09,3.225461015675795,0.005916567923856912,0.11636164426479344,0.0647578527411549,0.6152281756847897,0.6150034620566089
2025-09-10,0.8438889964221953,0.061496787164071774,0.0018320610464980138,1.2796147795668975,0.02379838693920656,0.13113921048917435
2025-09-11,0.40083059139857313,0.24786447371688702,0.012332675696706253,0.04627359617803928,0.6050389635156235,0.7707413531131861
2025-09-12,1.8518165102257373,1.178934452266756,0.08351177428939408,0.07086019714252077,0.1875361163553095,0.3272182232185671
2025-09-17,4.645488740086015,0.5190645213760247,2.7125212008960653,0.2228702613650977,1.0105659955570858,0.04940554070754156
2025-09-18,0.04363395580346399,0.632788927732069,0.1361644383191644,0.06678786086380813,0.552874683754181,0.12048329954140967
2025-09-19,0.2825836225055543,0.0019178657855790273,0.24403358729290298,0.052927031419969094,0.10976763572941597,0.15581132863294372
2025-09-22,0.018962459186609028,0.10189996861195898,0.6334303605059439,0.015420988426414251,0.6250461307482164,2.1548992233102013
2025-09-23,1.1101879793704794,0.0001716618209940456,2.4382421586392127,0.01519073839937772,0.5342351353951255,0.002454774344873765
2025-09-24,0.00027885370588563295,0.05899185408608371,0.02579938141871162,0.08155571663637108,0.16677152404957135,1.8183165781347828
2025-09-25,1.129050879250559,0.005538702735590062,1.1959402182373386,0.14919506908414584,0.5891074021905401,0.2696988542084727
2025-09-26,0.5285170048586315,0.4352132805128949,0.06310568311548237,0.03405652275557454,0.5501586110739997,0.10499956672440433
2025-09-29,0.0869073782691478,0.013925503466503689,0.24107104851265632,0.008783655596895652,0.5284885582476734,0.12071575317099237
2025-09-30,0.5905012986943571,0.003331204479626832,0.5456553668525876,0.49605663726119775,1.1772058183256806,0.08250927458258991
2025-10-01,0.045838612526285114,0.30934024814980365,1.467932610244425,0.2835693776597371,0.004552335771957101,0.040561085385495854
2025-10-02,0.1144548271925751,1.0797014924637443,0.05179510440048936,2.7350252570083216,1.0704089992662744,0.5533556929381476
2025-10-03,0.3402897420538101,0.028035179367357266,1.294114822296225,0.1445147971710925,0.16982314229722373,0.1745254722126338
2025-10-06,0.07055898947784989,0.03427575880743254,3.2139103157789486,0.04882674204940127,0.38193488481876586,8.84404690494525
2025-10-07,0.12986710195431322,0.24329266025865368,1.910386406721973,1.2921621464954627,2.2892489482065397,0.36410279342986823
2025-10-08,0.0015852356047880184,0.024128727045366113,0.059916572399033245,0.12780909612898964,0.0006010074826170382,0.5486921315455813
2025-10-09,1.070030498085789,0.017754821625787606,0.46261516430691396,0.1261527449585029,0.47976850549830424,1.1922218605244943
2025-10-10,0.007029980091212673,0.20825466362225195,0.1051440008193527,0.09188553111435849,4.31389948574537,3.220212549761636
2025-10-14,5.495738419186869,0.44535580748976455,0.40256106944946674,2.7295432893018825,2.6036832682498128,0.593068405429266
2025-10-15,0.036266929181220924,3.125140299893087e-05,0.08633480949294846,0.10156836465969625,2.531453882178363,0.031242083843800356
2025-10-16,0.8276961239799724,0.002107487467270088,4.9831436028234173e-05,0.07846762044685243,0.13692569905238605,0.2550192069697773
2025-10-17,6.798148599559524,0.1007699959083439,0.004619198911930783,0.3943492868592213,1.7247813478423861,4.1572219972548075
2025-10-21,15.940256125088636,0.3583568074338742,0.004311885994984696,1.4323154441788708,1.5775213136328154,15.94189099558717
2025-10-22,1.0892332236536004,0.7715837418334625,1.0683742156925136,0.08604672851807783,0.8046317142108298,0.8133878588699036
2025-10-24,2.105840409727451,0.4329319205615997,0.5084386686603183,0.41188322766042074,0.7809512220768963,0.07752459710587929
2025-10-27,3.5582995368611114,0.10001183166263884,0.8286047935841592,0.1666546268370944,0.5310646395058604,3.375069844215606
2025-10-28,0.09154133292280062,0.08896484703954648,0.10654744442741501,0.05121455584902443,0.49082064804243253,2.814969211801454
2025-10-29,0.8195685187572753,0.01569223651646842,0.03170669731091258,0.05213446268297134,0.010696542961763233,0.10027709875162372
2025-10-30,0.04762024333360834,0.027197942096011486,0.3286220304875106,0.003894302231771626,0.005666495822555756,0.939332335111435
2025-11-03,1.2232859742142757,0.2580072272317318,2.988087289821344,0.02407225623473874,0.19483139400094843,10.2358581141402
2025-11-04,0.16134840969191008,0.004427887265684168,0.44436368085344047,0.2375786476955071,0.6193337197077217,4.580450857721864
2025-11-05,0.8561558833087258,0.014443244728629305,0.702809170323492,0.01605323143909577,0.06513233957047798,0.030975045219478695
2025-11-06,0.04951651263385574,0.025951088203914785,0.09050861089476234,2.32513445622667,1.908839046256764,0.5520248822173379
2025-11-07,0.47294252750226556,0.0001378113155652508,1.7284975516492616,0.026088640227832208,0.6320984577499805,7.216601336017348
2025-11-10,0.0015928052729108802,0.25830705359682155,0.9798752012807996,0.008379720206943612,0.06593848812044054,1.3629185312754708
2025-11-11,0.08708074553793596,0.20861452100549274,1.686112302186272,1.4341047716077127,0.19734781096534246,0.6782053056730832
2025-11-12,0.06928733459181961,0.038870019492566625,2.2435835661719183,0.3437687317165855,1.4676891122414928,5.625713037940661
2025-11-13,0.03908325780101077,0.0016357784694664857,0.051407437205204985,0.023437208749734015,0.04181255782580695,0.0006625895391050654
2025-11-14,0.00034882332994746036,0.16415709461622965,6.3615272194174,0.42804769470001724,2.022551534971589,0.06056766820805045
2025-11-17,0.3061975041846424,0.011708341410355622,11.753502929869477,0.0029775652566008076,0.7192160760560795,1.3285752555735584
2025-11-18,0.4291133266946876,0.6805154850565546,0.15162999878981723,0.7400808170512265,0.6187859989722452,0.11015191482240028
2025-11-19,0.2836240044104173,0.3686595735880251,0.9724803867379684,0.00014921377887522415,0.028080091511434317,0.4356481626659925
2025-11-20,0.025140527247932632,0.05871321569835493,3.976790796872649,0.021754937660451987,0.5698814032426319,0.17892677672148063
2025-11-21,0.004371886930993242,0.021798855706970918,1.2365873157159546,0.9054856030592064,4.672426895269265,0.004099910507022384
2025-11-24,3.37037906424603,0.005592157539172164,0.165674738383781,0.37603561617272907,0.0177485226599565,0.6169476621587812
2025-11-25,0.3203363607170545,0.18996195507887081,0.5732665257168535,0.059989407781457865,1.6207015411975239,0.20966024203487155
2025-11-26,0.8784001459390647,0.6218491794658944,0.22682806137912528,0.1256765343640921,0.36096048396296077,1.433673327817772
2025-11-27,0.43063331513314723,0.1886236743688748,0.35299757853184155,0.02981666624986965,0.4540953626107228,0.055406820733550834
2025-11-28,0.18989432608662216,0.6502047890152043,0.7846688419491307,0.10477788042961751,0.10061966053482435,0.15620159262401767
2025-12-01,0.2208668681835189,1.549941984189487,0.3010103828668248,0.0024949394804106573,2.463492832284302,0.39639182484541
2025-12-02,0.6324152759994764,0.13726268861475288,0.007272730206822183,0.06709973820933868,0.006254871872772768,0.8106128656312585
2025-12-03,0.0037225103710903885,0.2275624421975869,2.2153400291656933,0.1326844360515363,0.04677180481374988,0.7276910420234725
2025-12-04,0.10846761744205594,0.011909091313513547,0.09588961126444251,0.1818311595982481,0.006788567032927472,0.09945445923289968
2025-12-09,0.038556634580172645,0.1819425143278392,2.254051638898288,0.23431729544072602,0.09403380864376545,0.3248645605953054
2025-12-11,0.18045081738215787,0.4798161244989,0.04985628539472346,0.028233123867429523,1.6751993560579015,7.849160514254979
2025-12-12,0.2144995513602881,0.5794594454388445,0.6036422197022452,2.07668976224795,0.0019943768122101767,9.667324836347865
2025-12-15,0.015677223234511484,0.1297388993268823,0.12405636197798771,0.0035143066370157574,2.332444727033728,0.002856723925669954
2025-12-16,0.18030563718054865,0.07776335347356954,0.001492382247430388,0.04239986096218931,1.0078568203930331,3.980584197891362
2025-12-17,0.01104441282881723,0.17444709957161073,0.14797857782807763,0.00861988152074172,0.09258201052020776,0.10842096625481594
2025-12-18,0.4678385632648409,0.11028231099795349,0.6163953778157143,0.011341434008596033,0.29257979203752793,0.03927180886412242
2025-12-19,0.010071311684929486,1.3157890545201842,3.425830626645933,0.00032988951488052053,0.028712108889817355,2.613324440401082
2025-12-22,0.1769524070271981,0.10434670842218681,4.051824106552145,0.7789392551111193,1.9240383538627643,7.313697947150699
2025-12-23,0.5023388736624816,0.10214369849887943,0.00011589021577539503,0.3846027571962883,0.012669313384922354,1.4374361396783522
2025-12-29,0.4766398110289089,0.06713800651083184,0.03314490941033764,0.013216705573879804,1.8301041583476925,0.9635020531771564
2026-01-05,6.032161557549295,0.001589459470903826,3.3383217103529996,1.0124738576123333,4.217597058135073,3.588630387321993
2026-01-06,0.6997325023838163,0.22604425875348566,6.040102485451588,1.5941360507909603,0.1721500476162844,2.3912237334184914
2026-01-07,0.015709261508656334,0.07157078656203399,0.16770809292697347,0.02600519496277833,0.22566061984994054,6.071612362047333
2026-01-08,0.04686351963182243,0.1882695506375874,0.2053846837061633,0.032493224032135413,4.61436080481739,0.10491459209607046
2026-01-09,0.015960769574863053,1.0227357976207572,0.18806752746790617,0.013898788218525592,0.0015271692664665527,0.43933935220518006
2026-01-12,0.3409601400439107,0.2770067895702513,1.2656256570533422,0.21633395527109903,0.9074888426278397,0.2535877236961463
2026-01-13,0.5084587556470356,0.5621844950728957,0.030489111609638096,0.7105189470305776,0.3102564356951676,1.8344668082140683
2026-01-14,0.8788324387430728,0.025130389332320934,0.08768852033407082,0.012510887129428931,0.5269695669371114,0.19994520289238907
2026-01-15,0.2236971182594121,0.06155251682836349,2.3035032857572872,0.1865357880470325,1.8608062107139467,2.4867623486138477
2026-01-19,0.4123785476385276,0.027271225058478184,0.5926094106781857,0.0010149168157325243,2.9386945299178606,2.857360243926817
2026-01-20,8.200071475456486e-05,0.6052527320042544,1.7632236336044704,0.020277250100709753,1.042671180173683,0.02198414491569652
2026-01-21,1.8792747848873332,0.15720544168098557,0.12881168217791308,0.14139042505779167,2.628788280868688,0.194800090396348
2026-01-22,0.04064674513190756,0.438246528895368,1.1584609648617608,0.1464159140218567,0.20279817804480085,0.02068891653479341
2026-01-23,0.21061242165887295,0.02750113079830396,1.0535292346900553,1.687473306600074,0.04386582688960138,0.4047567556015282
2026-01-26,0.07364697023560196,1.932923057263359,0.8876780299087192,0.3917519599764471,0.31189331382469765,2.124461261250218
2026-01-27,0.0029746141150594875,2.391377864248963,0.27571413898394836,1.6109583752321888,4.297841242255018,0.5178408849373709
2026-01-28,58.21157057811433,0.7002372549466966,0.5960372128913575,0.0774334085330161,0.11083667200950595,2.3064883891239094
2026-01-29,1.1396343652355323,2.1555403126703725,4.432991057156045,0.17686636149565158,0.3440185953316991,0.4452121804686866
2026-01-30,1.3835726082163866,0.3312002218563285,2.8316838379535123,0.25638599900778164,0.16833122712009843,0.5954885826743919
2026-02-03,6.333405566672455,0.17895250827083495,1.314840103089346,0.6258898298275635,0.6212789846306962,0.7374863962185614
2026-02-04,0.08791508301318175,0.09712902689847963,0.20626911987371171,0.18671949211525932,0.6046574666834484,1.4858031759966492
2026-02-05,0.2779582618177263,0.4615325555124639,0.020314807597039963,0.04352463611673211,0.0005303334426246618,0.24637823987384574
2026-02-06,4.421235526650087,0.010921155997195434,0.019290185702465674,0.7000853051912305,0.3320627268994252,2.341669072228285
2026-02-09,1.464532815618529,1.1241326927429873,0.4295684833988153,0.28514937804641927,11.585304517136576,0.0014571983296447551
2026-02-10,1.5268983644211223,0.04619448012248791,3.827618109825318,0.004749242625306001,0.46157233775298573,0.002027610738841295
2026-02-11,3.7604249790660504,0.25517323964721966,0.13940890654482221,0.167030302919315,0.007973532994218383,5.817326392252016
2026-02-12,0.09574073360123843,0.09980571236570378,0.18073599966076814,0.41410479925527033,4.372470253398774,0.9118020614937655
2026-02-13,0.4150849390935687,0.4199866164625636,1.8180662883646934,2.5180822323951837,0.5996844407909421,0.302199550840395
2026-02-23,4.899854118957712,1.1119024697296584,2.607309011457067,4.3073506128021,11.72589201436969,3.8300529885123877
2026-02-24,1.9103673832296375,0.05111265330183569,0.8324222819134068,0.16668047649053933,0.46790066518832957,0.16105286871002844
2026-02-25,0.24865194797766912,0.12538621214888615,1.1922778960773763,0.06783862574835761,2.9027072461349066,0.12954799199101694
2026-02-26,1.1035344945998677,0.15511353854336196,0.007124162363707257,0.7559124774982692,1.3368249020499912,1.0029328971704161
2026-02-27,7.3740222995674525e-06,1.9807061816126956,0.046161865480169435,0.3798255482721559,0.1234935321314673,0.001347067700656435
2026-03-02,7.240858025890093,0.9215342125488831,8.003149900499432,4.445039211715963,17.01100919010935,3.37529926847501
2026-03-04,31.829537359228787,0.013715300920725523,3.4924687167748543,2.5919334880211036,33.02448511314034,2.307302128447934
2026-03-05,3.049236879371414,0.7712900090134834,1.3128239406252076,0.49007570304427406,5.442013739920677,0.2896805251799747
2026-03-06,2.664947002992239,0.08025000196273054,0.8962462182529267,0.0012154152594096006,0.23956592354926143,5.173277218924664
2026-03-09,11.077469775681493,6.696830498851566,25.99824021613993,3.6414616439504615,3.8489490277708054,45.28441165573876
2026-03-10,1.9637025772694816,2.656405680030837,3.9418651481621936,4.680707893591292,2.6715083500149137,2.068045055655618
2026-03-11,0.4826320472449445,0.17336004668655644,0.26583139380523285,0.0042503728328442975,0.012617687404539465,9.190563512660757
2026-03-12,0.13681437861873275,0.017008395539804134,0.531894606330055,0.03045048592875643,2.5069132896410444,1.187257788454366
2026-03-13,9.62571775152176,0.5086981658415217,0.8059876457956002,0.07254746224706665,2.075334304345736,0.6164193083121547
2026-03-16,2.6351382019002756,0.018193453580803164,0.7541792928833171,0.29607440521218903,0.09468153059648692,0.031965905869581916
2026-03-17,1.4324351005902372,0.7173138959888058,0.10462335342028102,1.8835798276153402,4.134109064551758,1.0073757815984659
2026-03-25,7.34807098957025,0.1102292858562541,0.09054663966904311,0.40805746604327453,2.762199677161936,9.57054703030727
2026-03-26,3.6418780799294557,0.11414348327883038,0.99430073280293,0.11745986717127775,1.0681342541728351,0.6742398838878128
2026-03-27,0.8837790227479294,0.010571567816968408,0.03616958094638733,0.04535496691656501,0.08169115115763911,2.8843703811935733
2026-03-30,0.005766343322935984,2.1189826128427267,3.0460991324717934,0.0003531627630732914,0.03148547551709713,0.3785098876137214
2026-03-31,0.3776636572786319,0.021209499591280195,1.8077488291178885,0.05829217369768987,0.01043391286603888,0.5129550299512119
2026-04-01,3.6641180205934685,1.1899292050335102,0.6932946570500581,3.3601700435434743,2.4509945121816905,2.8364136332063627
2026-04-07,9.093093924835031,3.582281017880912,0.4660001012432661,0.12872332417216342,0.19976536836670708,2.256563474007239
2026-04-08,18.713983009913242,1.3299509689531046,4.804984396246255,0.5841786184332868,1.9512929727980597,21.181370949404926
2026-04-10,5.920266401983576,0.08713872964340863,0.018549081929992398,0.01768536955085727,2.12568419705142,0.1395672526969117
2026-04-16,4.667284380172717,0.00895895901360016,0.32225639177605436,0.13579265674852367,1.304126942544954,15.30945777231565
2026-04-17,0.027382619567955943,0.1056061808186998,1.145772605211328,0.039158127008047036,0.23998151323745479,0.021396208304461616
2026-04-20,0.2745140245714387,0.17419793404558304,0.07913522860668742,0.015072087524187282,0.0016386374407091995,1.191009643689679
2026-04-21,0.21012108698442214,0.58142909342658,0.001969442232052796,0.04725803527658352,0.012384797430188185,0.03912026340869772
2026-04-22,0.055377046834334524,0.08317646709363559,0.23555085385984642,0.05971327850498881,0.06440280027947597,1.6661697620720144
2026-04-23,4.774750231813804,0.434376321610388,0.009224926880503186,1.3888306708964138,1.5639355176802108,0.4909952743206488
2026-04-24,11.795783427811397,0.006244485949359516,0.45710529583687337,0.1855289179033181,0.1295306982920311,0.8406116635826145
2026-04-28,0.6465719248290884,0.28817871284503555,1.6871151853884618,0.5140671183922345,2.6947089987250106,1.462677645589872
2026-04-29,0.16554232469314933,0.2832029058893606,0.4873612406821174,0.3004943588664188,0.6031132325007862,1.3588928551093222
2026-05-05,0.3884292548596187,2.4266458865812175,0.027618496170989115,1.4870407672111954,0.012100041797927067,1.2386027457572089
2026-05-06,0.24981602227107827,0.29026730466923917,1.3578279479670021,0.018903612051207885,3.1798657591427704,0.7539261361284108
2026-05-07,1.3167307767006213,0.0126868365220213,1.2488988858247485,0.08729796453236541,0.38475027636610065,0.8785753145823932
2026-05-08,8.398132690158794,0.3786602262366674,1.4936833408863224,0.16543667621581143,0.22729054370714938,0.11062491415097198
2026-05-11,0.8451076264777049,0.024787707148917593,0.1876759382613346,0.1790383003997347,0.5484212632915508,1.0874651021689177
2026-05-12,0.4608600504222977,0.09021290613148947,0.06184603060419219,0.0042675170131836575,0.14860086184522991,0.08702559243130216
2026-05-13,3.98595970293976,0.05908527694903684,0.17881624331900034,1.357323342240873,5.045162284756057,0.020650919578211017
2026-05-18,3.4698478469434844,1.1466585303977097,0.007829848073114116,0.02079046970412653,0.0010004369851911393,2.3890191272192838
2026-05-19,12.424523688243683,0.0006485726084200567,0.5708102304002179,2.2543574151369867,0.0047898817064379,0.6108950153327913
2026-05-20,0.6763829405943846,0.3093370748870741,0.003326216995902475,0.2940213557649275,0.5945658699474496,0.00024591003311356523
2026-05-21,12.976398759628408,0.29664290111263664,0.21359685814910628,0.0002512998158239146,0.07674236820230687,0.7356853582429941
2026-05-22,1.1989419853918868,0.06349112562834186,0.46930971134895205,0.19691145906191596,0.15265385651872637,1.096562561629964
2026-05-25,0.5132475240794655,0.059428170906293536,0.6425987747169678,0.0022412103896962635,0.5699265034467771,0.2237361993956386
2026-05-26,1.5245050408147736,0.309599524756987,0.5940656586947608,0.683582735996835,0.038123895030113146,0.009631023351158619
2026-05-29,0.002100777363322988,0.8896547099077825,10.993790039738965,0.03240048163084691,0.9247790104744387,1.219177987667328
2026-06-02,1.21970102355131,0.0,6.073152313210505,1.3813659247410626,1.556586110630852,4.026416035289631
2026-06-04,34.948660744857264,0.000127509918035046,0.00016513718555713036,0.3458659666619454,0.17883664881834596,0.07714287547671256
2026-06-05,18.372062779903434,0.3628489553701824,0.19927083395538245,0.12062856227872126,0.588755712946219,0.16039735626257826
2026-06-08,21.34954199315735,0.6803015872624204,0.9959852087854555,2.9704329405121856,1.7707224363302567,7.1053707690586485
2026-06-09,53.27674479347643,0.05742837152057957,1.2574260954096002,1.4236698822813085,2.0390364349147676,0.01978003281785201
2026-06-10,7.1493445547017735,0.042555673265014554,0.005356836805011449,1.6649401213859822,1.7049164733054356,0.3513613802436839
2026-06-11,0.07688712768149011,0.0011524597249946919,0.27900018616067557,0.34588708710084876,0.30999994988444346,0.08017451570869683
2026-06-15,36.958562818886385,0.495147941243554,35.497248136768356,3.1408938333922336,1.503804989294441,0.0015140948324254182
2026-06-18,1.768284094563551,1.3818542360051913,3.681988584839127,6.941707569117263,0.1758020648632699,2.947919500645511
2026-06-19,0.006041176556405059,0.0013980395299889585,0.08879863482127828,0.14984270238963976,0.6329139436652207,0.10564741701445392
2026-06-22,0.967105900321768,0.4300200582617731,2.718531674283271,0.04733263549609427,0.01073362752808227,3.28688937942345
2026-06-23,0.0631927984562381,1.5316604887492018,2.249635082014629,0.0011053680868039703,4.552276551272957,0.35673503976013243
2026-06-24,13.170162767849424,0.01728307293124877,4.954112313339135,0.0386926369162631,0.22459901572528088,0.22973810419357354
2026-06-25,3.756845263771859,1.1978687879035088,1.745862426168472,0.003239755088342255,0.4422340653759957,0.6387790848131563
2026-06-26,2.993692821271784,0.055379241326545696,0.00037781563007776604,0.27365135778865934,1.0931145019570003,0.2240730274941573
2026-06-29,1.6540141261154,0.012053173017060537,1.0046649762958855,0.10712087467692609,5.169768620038825,0.8264221836762163
2026-06-30,9.601202848702428,0.012345577461938418,2.501317858041707,0.5389786723780591,0.7183806058682048,0.07362217389928838
2026-07-01,0.8388384087824535,0.18960129192551814,0.28103801049483323,0.03136979923942044,0.03584978908868475,0.14926432073091886
2026-07-02,0.7471264666726152,0.09079776504407297,0.8574181500517791,1.150046508916098,0.11224962980947262,0.0021223188877182524
2026-07-03,5.101332851932139,1.0627152254052763,1.0242270783588305,0.26921736542048097,1.222875130898199,0.05246433030698811
2026-07-06,0.4669763486056667,0.07100149204920428,0.3357590314900437,0.08732275860140482,0.12037131829226709,1.0056487133611816
2026-07-07,1.4004586144069346,0.0012705162351724134,0.13747165912964687,2.418077553113003,0.6267592447746115,0.06621907696554447
2026-07-08,3.639516768130979,0.0016316347200113703,0.20951261887382241,0.2603768553173215,3.0740427569127555,0.08669469558699731
2026-07-09,0.4395688659092149,0.12618382092931615,0.6896091963156671,1.4174350004179572,4.0518238110891875,0.4952932961950541
2026-07-10,0.04055048204293374,0.6759699047880551,1.0089003605470162,0.42190354108836603,0.6731810582869433,0.45393673078768615
2026-07-13,3.6001223820117922,0.1681292485155859,0.11174188839857656,0.0003683593953628575,0.1527514955309209,2.3475851896480866
2026-07-14,0.0007732505175358122,1.5823688196939854,0.024004449060356457,0.21241255578981713,0.01321066274978668,0.11401504974939163
2026-07-15,0.0016465173368230006,0.1295697398866982,0.5479222121707529,1.3451868627672754,0.06591223158956344,1.8658370303519582
2026-07-16,1.1887813707150279,0.24077765563352915,0.12869110357884553,0.13433881201488432,0.09680596048477917,1.5217155793885195
2026-07-17,1.2016417473261451,0.2875615777867755,1.5391419779176791,0.2939112842287507,0.05246600440858893,0.8741179119114614
