date,Indonesia,Malaysia,Philippines,Singapore,Thailand,Vietnam
2010-01-05,1.1529098786288487,0.9742697185065212,0.7773327576057751,0.8849836728848166,0.023223860361766,2.9346618181404445
2010-01-06,0.0760277373794528,0.3819664167810674,0.3780239755582103,0.3490129082967437,0.4932421163955816,0.3748832881519659
2010-01-07,0.632044200818661,0.1354180127540369,1.237410104723009,0.5900344737903805,0.1496199300984153,0.2247612858543509
2010-01-08,1.0564873156763115,0.120719447310386,0.0194996445780269,0.3259082204228548,0.5876844269005191,2.3526032855410683
2010-01-11,0.6798361108998751,0.1182636053455714,0.3299578457516673,0.3678107334587677,1.0754442811905365,1.1197028179606252
2010-01-12,1.0335764457389098,0.1283187818367863,0.5900261716231744,0.5955912829650778,0.2291963782674375,3.3158751284180656
2010-01-13,1.0082028810732453,0.2586756069372948,0.2876398530716781,0.9554822430254932,0.2010751518152229,2.0459547700660505
2010-01-14,0.466416697788266,0.4024392852707125,0.8107953255751535,0.7292375087031462,0.3582498650149449,0.7248537957137237
2010-01-15,0.0721497357837195,0.2984624252498641,0.1102478316792839,0.0378174295520459,0.3877116738463145,1.356019599106267
2010-01-18,0.1717317194907404,0.0454419362981375,0.3910164501723696,0.1237053608179084,0.049550373479437,3.6880754141596825
2010-01-19,0.8862230478931779,0.1816533657306021,0.7020037344284885,0.0308982533712415,1.4035884663584048,1.7097912957545554
2010-01-20,0.0448150320869313,0.4810206248168509,0.0230191773402069,0.681706715204373,0.6374817644925446,1.218289179947763
2010-01-21,1.0888139395556984,0.1330786854326688,0.0557577574611915,1.4676132558717505,1.7659800068212554,2.2937259334143176
2010-01-22,1.0685366114741155,0.6064112458999243,2.0334502772140377,1.1028759043647332,0.6824461469576818,0.1673640558029537
2010-01-25,0.4792444179145679,0.2818310626399261,1.853033375260621,0.2841203636954488,0.5208838743904103,0.6885786205224508
2010-01-26,0.7513186327448866,1.0675321043316142,0.4139342046279272,2.571444567873096,1.2365217681187617,3.473990536452011
2010-01-27,0.539031736800378,1.3536041117477775,1.2329981377774486,1.2510768092971545,1.609084398371655,2.336792299617983
2010-01-28,2.12236842410642,0.0995944998329741,1.433424133693412,1.8822110224477124,0.1072398302224999,0.9502240471186196
2010-01-29,0.3353134306980348,0.4239843963086576,0.2853830677933373,0.4481114786235776,0.9853884971790562,0.041502386982939
2010-02-02,1.1768444839581444,0.364655288562576,3.0603849780431127,0.895688178182626,0.3566730101048072,1.2166352771191158
2010-02-03,0.9372887424165138,0.2678891489633481,0.7176987798364004,1.6031073727322809,1.9376825153845043,1.545688694825128
2010-02-04,0.4359223893658159,0.1674443023441621,1.0366201881946824,0.7209017059030183,0.7275757324807521,1.6612010148467091
2010-02-05,2.904783627163512,1.3633702376543702,2.0529313604094037,2.262948876636607,1.5940946406323098,2.167018987581978
2010-02-08,1.738101009037314,1.021308994659545,0.3170614534039323,0.3741764271341901,0.4813269588472735,0.3657797209757414
2010-02-09,0.5604415817644905,0.1101613162232315,1.7359814309872503,1.8902310674441696,0.320239598936099,1.7041783953436478
2010-02-10,0.2432019158483717,0.9927427933083978,2.109060085204582,0.3880031047026152,0.3667265288052294,1.6430848184510662
2010-02-11,0.9742440431769502,0.2604595885423076,1.7911966584140966,0.7011661709334416,1.0117009405883417,1.8167637355517887
2010-02-12,1.046680431433506,0.3172413359170665,1.391839905044635,0.1912015478248678,0.3760562687237164,1.4102925171658471
2010-02-23,1.9350337496409225,1.0350068748462364,2.1296202597078837,0.8535776840858291,2.4831302799628525,2.133042099778806
2010-02-24,0.1640445230498589,0.3428947312801791,1.0676947069169231,0.7362088287013427,0.0559177530480877,0.34312275060793
2010-02-25,1.1848967306483835,0.0,1.667263622359066,0.4713965250405348,0.2681017821582829,0.0808407481374461
2010-03-02,1.075317693588362,1.3514024106782698,1.0053959385228506,0.8349473715017904,2.218961351597468,1.2048338516174577
2010-03-03,0.3694616931419041,0.1530568025802677,0.2413939946416695,0.3812824411494501,0.2520009248634183,1.2496443487779505
2010-03-04,0.0562698865034247,0.1564094655430738,1.1521588109492162,0.507615727337222,0.5757688187549194,0.902674889089312
2010-03-05,0.5103389416303219,1.2144772265536996,0.2235386411060877,0.7767668761636749,0.9431028828720464,0.2925974973502379
2010-03-08,1.8320171688526976,1.8628542812381617,1.7621362247376977,1.574472722374709,0.5082294401927576,1.4886693478128965
2010-03-09,1.1627036986699788,0.4753717664356311,0.3988866581908215,0.1751806672775807,0.2112433204857327,1.1827684621255043
2010-03-10,0.4899974622158216,0.7769810862041686,0.3944063129504969,0.7979936411172163,0.2875790921331917,0.3038938711021511
2010-03-11,0.2357690965194134,0.5125153731469567,0.1899118399673301,0.4051423953093347,0.7063922839080631,0.2094640392629165
2010-03-12,0.3747309110673791,0.7771812987370729,1.698851910425574,0.2589000845737812,1.0128319421879175,1.30671303492292
2010-03-15,0.1160740319289885,0.8832291306290898,0.1261891636605474,0.2442811397459035,0.2029725033630871,0.0752303966269287
2010-03-17,3.194378898150088,0.1752683185460189,0.3652981140297705,1.5524247447437296,4.094223525908276,4.028162541151961
2010-03-18,0.6924577048178391,0.0007688317123953,0.4168660857866115,0.1837781040885713,0.8553285217750841,1.7077845677644052
2010-03-19,0.2091953951239158,0.4109979840797752,0.1200343065481835,0.0603814249775335,2.030573853711294,0.7144956532833536
2010-03-22,1.4902185081354522,0.227773569906896,0.4316405077590903,0.9137210270098234,0.3025559980211439,0.8563695776875102
2010-03-23,0.6808171816429326,0.8620373698882591,1.459840817816945,0.568782756461497,1.3160006222844205,1.001874601594959
2010-03-24,1.964796275720026,0.3519091505937429,1.1868327478448129,0.6664298829201866,0.5175213480396307,1.0995594779766484
2010-03-25,0.8718689022611845,0.2311297955908237,0.1432622892491479,0.069613982597219,0.2749948475048001,1.7134835767289227
2010-03-26,0.496527466560938,0.2024672588365234,0.3003878101095847,0.6181553221375524,0.7062309701461617,0.3767229596647528
2010-03-29,0.6530520733650501,0.3089907996236021,0.0981363805724874,0.7834904951591636,0.9624215902263972,0.0791295788074301
2010-03-30,0.1250508258261734,0.0106129594882983,0.771505547277419,0.1449886277858977,2.230571038982244,0.993648875003829
2010-03-31,0.7521076147201397,0.0924248330308122,1.2687179462206264,1.5781504781106657,0.10401037743364,0.3000302280681166
2010-04-05,3.8823537138809874,1.5911311173885132,0.786636965346921,2.763910056631918,2.5275031026988946,3.0771658666753687
2010-04-07,0.3918523592544383,0.2486167827760316,2.5895293411835647,0.6621456618317701,0.5528192348278786,0.1940617725272758
2010-04-08,1.6610085103314334,0.9081332917742854,0.4366825700457991,0.8371395634287194,3.5956186106946264,0.0193854803359852
2010-04-12,1.0641459430375126,0.499894890527904,1.1818258523723648,0.4706787669330892,2.981774603871876,0.7723537139065796
2010-04-16,0.0924342971939988,0.5119018061960418,0.8929445491376056,1.003290979580038,3.305452534156703,0.4031102492968743
2010-04-19,1.3374987974080357,0.4587421515719444,1.9053240028644045,1.5502683334321752,1.3498096077880617,1.0205152589499744
2010-04-20,1.774215266335618,0.6933163976578189,1.7763424555277003,0.6879580632420845,5.291946362406265,0.2907260502995049
2010-04-21,0.742786043089609,0.1693183299358242,1.793821400453487,0.461260480710376,1.0383372810097082,0.869654722425223
2010-04-22,0.4694379097366989,0.2523727837838616,1.027636858704188,0.4384436765347582,0.4384406488133002,1.830365684954544
2010-04-26,0.6191897123890184,0.228602649621868,1.685144627916429,0.7330482214584573,0.4142900334353064,0.358321929828239
2010-04-27,0.1838853238035251,0.0261196286849301,0.4581579438293702,0.3650200225205254,0.3066195798604442,0.8435704724690631
2010-04-28,1.2316545184380847,0.4901017125780844,0.6956407713182672,2.013663985220141,1.6553593490847869,0.6512256711182568
2010-04-29,0.8075615776868534,0.2015670327779284,0.3713276557376635,0.9156316413987944,0.4937850794091201,0.5917177028088518
2010-05-04,1.09261936574293,0.5248750675712219,0.1918754512655218,1.973722901118298,5.63481732676258,1.227683765864119
2010-05-06,5.145274179264838,0.8240052823045108,3.804737401876472,2.1436756469939384,1.4676847838759328,0.0728199558849151
2010-05-07,2.5689201628517897,0.0765562059870478,0.8168181141754703,0.6550308149333302,2.149653163101215,1.3742772404029793
2010-05-10,3.975434534362384,0.0809908371382579,0.0,2.082647754430538,1.3582454806041426,1.4121379217210273
2010-05-11,1.325598794234299,0.5047324720118,3.774688936341396,0.7950360004681911,0.8986903270263457,0.0
2010-05-12,1.2271464351332495,0.2517864688209465,0.1983969832940304,0.7898317898707575,0.2108854845416949,2.808533742599142
2010-05-14,0.3772498725183306,0.3577500062208667,1.848888509447124,0.8759516152477628,0.6392191462360858,0.211477537240901
2010-05-17,1.3707869805614308,0.3762785416571321,1.242056455601323,0.756565330712992,2.040735501496328,1.821755808289989
2010-05-18,0.5205869502126916,0.3077553800634816,0.7396611206133977,0.3754876225436819,0.9052673686030668,0.5884677633096776
2010-05-19,3.7642244295053375,1.663172302581277,1.321998852929274,2.484962303559695,0.7118298081895313,2.6716102495016507
2010-05-24,4.491171279408874,2.6756910188598457,0.9635998407050168,1.8431275535398963,2.812382702132552,1.7735660075817314
2010-05-25,3.7278423247633214,1.8670603624837303,2.818796114091268,2.726386352022636,3.1416366344616065,0.0205655527717244
2010-05-26,7.013607677839123,0.0952405168399635,0.7244975920059018,1.698677594939179,1.0550182350362505,1.3074752140177293
2010-05-27,0.633674528955272,1.606014660165232,0.9991081471519602,1.6071788867439516,1.137635091988502,0.90918900866387
2010-05-31,3.013682679347453,1.2411216772037812,3.6151160763427823,0.4697547509030268,1.767858744705193,2.030728752862537
2010-06-01,2.620492151418296,0.1588828189602579,0.1868645956523229,1.3591973748837307,1.275373162208309,0.2558804663537787
2010-06-02,0.3320817208563724,0.5431805740780388,0.6997987977359734,0.4457146693810502,1.1753804856959786,0.3923881824878814
2010-06-03,2.7884180460374264,1.4332249840150455,1.9766481605502135,2.3873412169646486,2.148353869661897,0.0978569409726779
2010-06-04,0.4356921707025637,0.0038570905518116,0.0542310033561828,0.4657181874623894,0.7180744882602383,0.1566171032744946
2010-06-07,2.6203446827330525,0.6292980715549141,2.746291946886676,1.9657450145660007,1.5189709375490368,2.680593342230521
2010-06-08,1.075917756347359,0.1483838859409643,0.2492185125908036,0.1916808801500861,0.3216330262837618,0.0603561028281161
2010-06-09,0.208778104996674,0.1473786724724131,0.5951821382913267,0.0294973818989708,0.8937966272325135,0.0804181788413641
2010-06-10,0.5401126463923466,0.0953054459180579,0.936527577797917,1.2227375994808132,0.5155360562861806,0.5811057330305516
2010-06-11,1.116594025088219,0.2598618016467632,1.2619703160225126,0.5993687302871414,0.1807902741550385,0.7563730327404393
2010-06-15,1.0040499249312629,0.2853757463941672,0.5186433089724112,0.7808365214139477,1.3962247364891691,0.7310118495802341
2010-06-17,2.129845196685793,0.4687177724247054,0.943014290717928,0.909199596928804,1.142902734045633,0.5496676579902369
2010-06-18,1.322585184259064,1.008335353806039,0.6605516855292667,0.3716544248303378,0.3174761837305155,0.0782778904940766
2010-06-21,0.4194498606026931,1.3268366887439793,0.6693196369368303,1.826930572286929,1.779864735101188,0.701757265864654
2010-06-22,0.2489229420201201,0.8914162937091892,0.1845108799675013,0.4633555664964877,0.2409642734315984,0.4282661792000736
2010-06-23,0.3344750749043841,0.4718953116565387,0.2605054102514721,0.0435286025919649,0.2967766263816412,0.0390091676489375
2010-06-24,0.3663398166797079,0.2884472100260544,0.269584735812328,0.8197749834886333,1.6665927503309406,0.2147389795414111
2010-06-25,1.12361926172146,0.0437319837481819,0.5530615755769419,0.1414146011428336,0.0604943709991258,1.2982086337039214
2010-06-28,0.295082240995896,0.0686210844257324,0.3406593065999749,0.6414312336694357,1.3428952055893273,0.4346115098637438
2010-06-29,2.1324022696444884,0.4309461818885042,0.2615577804028293,1.3911665207697343,0.6623074417804831,0.6679789080953797
2010-07-02,0.7568959750248403,0.9439509246410146,2.453117709840576,0.4881419587383653,0.4345473909026522,1.3801480901993357
2010-07-05,0.2000397994624738,0.6091406887624464,0.6288341249522666,0.00597452893678,0.181753061284453,0.5543470937133311
2010-07-06,1.1521990360835357,0.5816032923795112,0.7211810474504562,0.8403351891216495,1.4189352187962192,1.1317503902849235
2010-07-07,0.2960421899603813,0.3566515561481096,0.4298710917398179,0.2440192926686056,0.1030581429920078,0.7818021177613902
2010-07-08,0.4765952054102928,0.3257527672747315,1.424983332931547,1.2545751343086085,0.3541145864215934,0.3415372481182654
2010-07-09,0.9552623314842515,0.6271962068681071,0.1059915282291472,0.6886480019987284,0.3699215281137148,0.1803426999150726
2010-07-12,0.5046871405336192,0.183318479573369,0.3646219093999238,0.2789958317304901,0.1207150765049642,0.080048033091636
2010-07-13,0.0919191962667985,0.4609710274436011,0.8443989568331374,0.1154722114642503,0.2761229664118807,1.8236382488765808
2010-07-15,0.6423654270581323,0.0907374373474482,0.9206953518581574,0.5057730618582503,0.4480123653213794,0.7690070431954332
2010-07-16,0.396884308815625,0.1924619240056948,0.7221111718145036,0.480233883921962,0.7909924419107799,0.1977457634687678
2010-07-19,0.5656136911427115,0.2471947946475301,0.5356055616856055,0.4167296338063301,0.345012391222706,0.1184600335960279
2010-07-20,0.6655142107410602,0.3234773303679779,0.5446617322862074,0.1082514287354845,0.7239595410668497,0.0394710879409099
2010-07-21,0.5977862299464201,0.2501205628882471,0.3815730471533611,0.7666818422451501,0.7877600231196503,0.2371542613481123
2010-07-22,0.1154772216886693,0.3712996885420143,0.1115094090758367,1.005824219728268,0.2500111987488774,1.0142276459934445
2010-07-23,1.0607246023837489,0.7181965304511704,0.0351396669550633,0.6004278066266576,0.8641895072091541,0.0
2010-07-27,0.0112445100363317,0.4855565636757246,0.598014815887455,0.1985574706723085,1.5868854036629585,0.5210432629650911
2010-07-28,0.5180114113471492,0.2186555615468872,0.444794932898258,0.2011816823967247,0.0117175945463813,1.3553358069987844
2010-07-29,1.2785016531622415,0.2373300644055463,0.6556908254393018,0.4101613120318084,0.0948269511483744,0.0203645250678279
2010-07-30,0.8931444451580015,0.1846050612714231,0.0700128805718522,0.3324771510784756,0.1449925070743371,0.568529450138009
2010-08-03,3.1650841765365456,0.2135912076818573,1.6533404745232807,0.9019704226820024,1.00563692462766,0.4057623745285046
2010-08-04,0.3220154035838201,0.079951433474643,0.555556848584194,0.428808165925877,0.3302940230210823,1.0627526961885505
2010-08-05,2.0469169786134733,0.0484460775836389,0.5013856778226012,0.1627623453039219,0.8701346340398711,0.1027854957385579
2010-08-06,0.5127195774621061,0.1197419409973113,0.1369847592755509,0.389880598192561,0.0171457454347923,0.7017572658646535
2010-08-10,0.1122022663517965,0.0544078492837965,0.2706592785872513,0.3602408623860287,1.510661302455295,4.468715971043322
2010-08-11,0.717043653688079,0.5013559594415637,0.0876803553577466,1.180758095750535,0.0243558636423135,0.3027683973763229
2010-08-16,0.5677163996385056,1.29761224574026,1.2295970914261567,0.5354633133648502,0.1869131608682228,0.3664192050995106
2010-08-18,0.6363708644958468,1.083433410381783,1.571929522334458,0.4831781885399079,2.237295114997741,2.0211488837688507
2010-08-19,1.0769354674414204,0.507551198438251,0.7213324778874265,0.93417821491222,1.2657852488254893,0.7271156856143564
2010-08-20,0.3975494154069784,0.1764944150214475,0.9284453482900816,0.349808339112273,0.301375742389984,0.5733202032511506
2010-08-24,0.0892397954931922,0.7676443174595116,1.771784399285441,0.4652377393054088,0.3889299962122815,4.589199325665537
2010-08-25,0.7666019800154612,0.6279624779298864,0.6679238586060467,0.1265070459421325,0.6693136231703023,2.449178100884411
2010-08-26,0.198123971738872,0.7864673251740104,1.1589427745474887,0.0232359134989098,0.179595310184515,0.7544190236539309
2010-08-27,1.2929125202130969,0.2163884972188736,1.0318477475007626,0.4389002327814067,1.5976001028294395,0.4671814150058104
2010-09-01,0.9802247877474652,1.4709965200343738,0.971473033264296,1.4891625756462814,2.085026597285918,6.692439325773668
2010-09-06,2.576529671968672,0.1897757357674465,4.105564422693239,1.7200514685312622,1.3161631022189235,1.5571248870430323
2010-09-07,0.4261766301496338,0.0285842675551362,0.8354381937045706,0.049747713365162,0.8224648733252368,1.1655646739060996
2010-09-15,3.830024172589911,2.661113683268168,5.113066602678304,1.1442487444277478,0.3024451302224752,2.6175474404647208
2010-09-17,0.8194167499628648,0.4068130340207587,0.1476233792468963,0.1737348832540405,0.2678021800516063,1.9640927083650488
2010-09-20,0.4047335659940831,0.1852425246588918,1.841780133926923,0.1497353267051245,0.0552368127068057,0.0655379597461595
2010-09-21,0.1765085794522587,0.4277490141687957,0.8509743306371369,0.4666151331964633,1.5213164940255894,1.0096661716246136
2010-09-22,0.64677811967193,0.08404605702096,0.8297627787537127,0.0229413301922418,0.8277527391182555,0.1322751515616309
2010-09-23,0.1839970359206738,1.1368012274532535,0.3262902793558516,0.419800976266984,0.2219730960609667,0.6853127296798628
2010-09-24,1.794570602398678,0.4736602496821586,0.2808684433176539,0.3092730096041003,0.5055354450624452,0.2443088388959549
2010-09-27,2.051146183604585,0.9273374856678712,1.0719821710100206,0.6696628601002791,1.104285350077456,0.111123469597023
2010-09-28,0.1346006713476246,0.3467403977639829,0.0271649578926122,0.5187696696105095,0.3330267513405012,1.0825246549964491
2010-09-29,0.6531745710851808,0.146505124153273,0.3133066466941441,0.2798454109732594,1.0762607928124548,0.4845824460428153
2010-09-30,0.1666996853320997,0.1175935899538404,0.2674418960999404,0.2708127697920968,0.5809896641317549,0.352656305536539
2010-10-01,1.3001437613964015,0.1924996901899431,0.2903149378736043,1.0683206826132934,0.3357455288816899,0.6179670956975114
2010-10-04,0.6290388512091654,0.2765787895722238,1.8390172029877587,1.2092450087236104,1.4783104793697106,1.31478217087899
2010-10-05,0.619927216454311,0.6761012107658736,0.3932920643210276,0.209430378466545,0.5234104107363406,1.159691855090984
2010-10-06,0.3254713941865161,0.5027481372882502,0.5941241334779478,0.8724263290526578,0.9978084466239148,2.1279732439192927
2010-10-07,0.4789716878077391,0.1242775287615613,1.14479062848012,0.7368665630803193,0.8308141008606162,0.3034245934349569
2010-10-08,1.1000016382922535,0.0026944906196915,0.1902805544898947,0.4211979497082537,0.7972806546333341,0.6077726544472999
2010-10-11,0.0505092429576139,0.4042015366904646,0.4302380368182482,0.3188295483886557,1.5105564096003503,0.0
2010-10-12,0.042222326218633,0.0564958687339504,1.246720662613067,0.4451240213742383,0.0787709574041931,1.0945818566390109
2010-10-13,1.808371786326573,0.697162888823685,0.6588092791416539,1.662626294762759,1.5759189059734404,0.7456174894238804
2010-10-14,0.1797680329093356,0.0394184330441432,0.9331448176248908,0.2232200944508397,0.1127708794319782,0.2182453943529992
2010-10-15,0.5944718396594574,0.436671527605922,0.4030852643484331,0.2890947710085092,0.344578713148515,0.0654236202596486
2010-10-18,0.8406875752616446,0.6167230023085911,0.0294192082911117,0.7203807140608125,1.324482031834506,0.1746725334941537
2010-10-19,0.7226617846196707,0.5354769430312963,0.5676637151244883,0.3458045554277249,0.5310902975898601,0.7237667300230501
2010-10-20,0.3857919365069114,0.1256958039435335,0.0169376871748564,0.4124705080554661,0.1173304382468198,2.699550434201176
2010-10-21,0.2527126655578388,0.2847735261087863,1.355525569030556,0.4925332759009471,0.0698061599970608,0.6536707598462854
2010-10-22,0.2709558899769966,0.0254894844156558,0.8833238896011363,0.3168656738340095,0.3472929306947466,0.0224643379581028
2010-10-26,1.5543093195205349,0.4217417567623197,0.1713749979323443,0.3491139534462598,0.382239169566214,2.199355562120646
2010-10-27,0.8143131747814827,0.144860357994009,0.1293706673484592,1.2130193194871126,1.2202127210395453,1.126959225823088
2010-10-28,0.3953827963781938,0.0220077079974554,0.5705741706457528,0.1637421385579946,0.3317753734085644,0.022219753452169
2010-10-29,0.0962848839400508,0.4139696986340894,0.1887651388958369,0.4183636817836278,0.2809732072457493,0.5538952900549976
2010-11-02,0.2709323282518308,0.0604145196715187,1.6956486772469703,1.9742574990942092,2.1226495637590643,1.401736156421283
2010-11-03,0.5480445156150591,0.0683458042292,0.9198017174533673,0.6124179603103191,0.8535629947476441,0.4716460174897166
2010-11-04,0.6461310817538453,0.2742332622259442,0.3517411212235669,0.4745383527898673,1.702053804330143,1.0747976281927298
2010-11-08,1.916381842008746,0.5343744831620748,2.3394745593492163,1.837462133643492,1.746950691838568,1.787929759544442
2010-11-09,1.0279033208784214,0.4392161321285114,0.6813780702034202,0.3994618279941672,0.213603039296715,1.698882558646997
2010-11-10,0.519936640484176,0.0969036624588948,1.6276400949933336,0.7381729855281635,0.5043501629622719,0.4218947081726685
2010-11-11,0.3292406155062449,0.9409289087688634,1.2745268558366076,0.1260864720458192,1.1987792904544372,1.024507847488255
2010-11-12,2.1260461199377847,0.9218480042871025,1.6477561085260413,1.2647205118388132,1.0738515622607303,1.1482733395187352
2010-11-15,0.2563136791935598,0.1166134218697553,1.5248565769389957,0.4684989168912291,1.003917542594058,1.851269874228908
2010-11-18,0.5847049317565637,0.327531322568242,0.4527814756752941,0.6689427042230333,2.401464968429562,0.6480004160531708
2010-11-19,1.2736724308600058,0.6261068300040822,1.9937658325060883,0.5567141941949768,0.4022919716405979,0.979942512833101
2010-11-22,0.4334404769576886,0.1894225144770483,0.3983076688619783,0.2019381544982282,1.027641028121461,0.0703647267217096
2010-11-23,1.6992272310104413,1.0479090637848554,0.948864794243411,2.0459039684632434,0.9582784940992364,1.0735225617716817
2010-11-25,0.6454813599565172,0.6005313507517237,1.209495128981367,1.0478108535032151,1.3011852311784202,2.090348307244041
2010-11-26,1.6206450318137955,0.297131349407627,1.0774187765462284,0.0364048098252052,0.4738090303234349,0.0
2010-11-30,3.102940518269532,0.4581416743701503,2.4948623568715744,0.4245792171372903,1.3431463500104914,2.624940392083296
2010-12-01,2.4582862746715626,0.0127960867325277,1.2362235782608682,1.177257468971171,1.2379302891588349,0.3771496428380435
2010-12-02,2.064318531643926,1.1911864355089203,3.582914256066041,0.5022039043359086,1.3983333078331344,1.6532945741554073
2010-12-03,0.0454598299943828,0.1491239388781539,0.6625566498097928,0.801210487294087,0.2023289665690423,1.5187968235055602
2010-12-08,1.9751623185721885,0.6031208839162752,1.0624569690965402,0.9524453033396793,0.872224269073411,2.52957229347632
2010-12-09,0.4262529594610381,0.7409260878099326,0.2768499095118533,0.2307782824883045,1.045170668556947,1.6862328806388258
2010-12-13,2.5104517797127133,0.7588090636688427,2.259370595407945,0.8722713264520164,0.2445454605712158,6.250061539865065
2010-12-14,0.0695191965465194,0.0523059765177174,0.7902324479149583,0.1701513413379611,0.3950387784223049,0.1020512385740523
2010-12-15,0.853356735420577,0.0980223481134094,1.4149627455974507,0.9395845470899752,0.1871853690000901,0.7729900165264572
2010-12-16,2.395005348157617,0.7703010911138477,1.2387701575922485,0.0149318639932556,0.5685048041563026,2.732017508638347
2010-12-17,0.2747516918605731,0.1574688610129237,0.4428999147656652,0.1695083459945698,0.6958843732387553,1.0564572624017792
2010-12-20,0.3567616059592172,0.2670442468053606,0.4851013739976507,0.6379323133113927,1.5722598684623537,1.452910572491924
2010-12-21,1.9049576067834613,0.6197862366727245,0.3623505854093146,0.2196827076031637,0.6614860616013922,0.7290939494519681
2010-12-22,0.4618818455079473,0.6535945883650861,0.532076103504869,0.1419429669335995,0.5855376987877572,0.0622858942590745
2010-12-23,0.2531197136033379,0.0376341122610154,1.264553201234568,0.2078936009321919,0.2087821193638238,1.2749676312086713
2010-12-28,1.3329429178509296,0.1952533018118343,0.049214820633003,1.452847425992555,0.6889114490144616,0.817015123949203
2010-12-29,1.065997375736399,0.4536841230945785,0.8446434532834138,0.7575580249173861,0.6069095474129262,0.1043732481767564
2010-12-30,0.116036190292473,0.3568512217407489,0.0435709542084672,0.1417379272482897,0.1770340343181032,0.5415551665153521
2011-01-04,1.5153641400257962,2.148055754478602,0.4178180683142694,1.1707248525939873,0.9300533228729942,0.9510098551522322
2011-01-05,0.6269551330128469,0.9159624168914314,0.1363899118445628,0.1217599216225816,0.7997400593625483,0.8472000254206798
2011-01-06,1.2620411771235325,0.1403683797736251,0.101302571965612,0.7790105545966957,0.0190270222622087,0.0829703428639096
2011-01-07,2.84515187212521,0.2445387659350559,0.3498906849484352,0.5610689878890706,1.3921678281736294,0.0829703428639223
2011-01-10,4.301753727347444,0.5542545886591673,2.163376222238525,0.9885138483948857,1.793194933219742,0.0
2011-01-11,0.6756072290000755,0.0371076641891382,1.969626629286799,0.3776986076381886,0.4568255326238115,0.9381909741557328
2011-01-12,2.843006887286601,0.2268816000679408,0.1204486916325471,0.1063744319617954,0.6020968598765649,0.2301496988279389
2011-01-13,0.2857115016672145,0.3231352395363631,0.8111244099303133,0.336271510241532,1.5156546667503323,1.163528605263981
2011-01-14,0.1179417981215815,0.1063231350938155,1.5101188697034629,0.3048422922596474,0.2728093187030032,1.0479906867368654
2011-01-17,0.9405748101075658,0.2925841571514942,0.3893658890634185,0.2260769431428211,0.8825382412803142,1.2190317557369128
2011-01-18,0.3646891691553148,0.2830282491146761,1.8385717818441096,0.3375416571017517,0.1318569136879732,0.4432809998918009
2011-01-19,0.4056232131867959,0.2250900341039981,0.8143392622671312,0.234770813756072,0.9964449018455752,1.6944489928586068
2011-01-21,4.4770230621685245,1.225469626707643,2.215694437185179,1.785135002006501,2.7659699621609866,2.6527789241391706
2011-01-24,0.9956640377755984,0.2886413454007541,1.2307671674102327,0.0364159043644048,4.3544516181162845,1.8652182478172052
2011-01-25,2.59145468529258,1.0777400766399712,1.464861869231009,0.1448146209442043,0.4690972351663928,1.5614508369380766
2011-01-26,1.9555040864730135,0.422137593590221,0.7263177990941395,1.238083940341354,1.9512940260555167,0.1395395422271429
2011-01-27,0.3679124735339451,0.4568470299439353,1.4857413620781277,0.0294987947700439,0.8794949269071693,0.2788846429071864
2011-01-28,0.771583741175109,0.3325812029384016,0.5062272445741115,0.3057551858971136,0.4958004188467905,1.5592934108853935
2011-02-08,0.7967463466524709,1.153720451991592,2.340843621921108,1.382079306655493,0.172997577125075,1.9587555361470077
2011-02-09,1.2348466789224604,0.2263026010888429,0.9093702879231708,1.0985112775066503,1.396549234762878,0.3642292917658578
2011-02-10,1.29073098649611,2.110560156103926,2.7715963069959564,1.5085205637264307,2.167901902885459,0.4603000071960854
2011-02-11,0.5357284550868192,0.6316471953198469,0.2895468257526785,0.8452181131806031,0.0505599180826645,0.0384541439078259
2011-02-14,0.7344045533891648,0.720701595170017,1.2611043231695631,0.8784030636579704,1.826163097816499,1.1411012514014005
2011-02-16,0.0005216105949048,0.0644231067838079,0.4024324356468226,0.3129453200383837,1.539170712920474,0.2141953890689502
2011-02-17,0.5136355616175351,0.1499247134809274,1.415414929198893,0.3849392450405659,1.3652848445274808,0.62573532287544
2011-02-22,0.4856668745378199,0.3355150363558519,2.151847042897724,2.088259461843517,0.8432639796094763,8.128579723791079
2011-02-23,0.6649037455687801,0.1666272223363269,0.7168744301529104,0.5736639204850783,0.3740880731022166,0.1488253702992325
2011-02-24,1.0122949308091491,1.415560586605026,0.6997990792936726,0.9630319028370816,1.3911909914102885,2.017235784332173
2011-02-25,0.1277979289825012,0.0402784421745138,0.1660431739913571,1.7365474815140114,0.8853269473109582,1.2280667105122551
2011-02-28,0.7757731873007694,0.1328614300211306,0.7913381210987043,0.4854450724760014,0.2026527990285423,1.206391192924411
2011-03-01,1.2106479177056118,0.7342626597402477,0.4635180539339065,1.8786025875256835,0.6628394546695073,1.0134857639042
2011-03-02,0.7549864163617,0.1972308615474884,0.2783834327013012,1.315502602269645,0.6952308788011227,1.796779586022894
2011-03-03,0.2390018727597102,0.505627890148219,1.5863106388785682,0.3244954162433334,0.2518106149932361,1.2086731034668885
2011-03-04,1.374498692736619,1.038466664752119,1.2611654893566204,0.7857491185880308,0.5871099884494569,1.514016852155922
2011-03-07,0.5296274399436575,0.4522195849819127,0.0970505253595655,0.1700426456490668,0.7034102978265826,1.940971005145376
2011-03-08,0.5207752764714862,0.1265935376989314,0.3182938987664857,1.2096708391981572,1.546400094970782,1.5260999869283194
2011-03-09,0.5115239481558237,0.3965288556666517,0.7153354073296277,0.3530952381614979,0.153273057398914,1.0360595900659126
2011-03-10,0.3068915290066308,0.4459592526175028,0.838870714767159,0.5661169134874464,0.2170640670667746,2.518496175360632
2011-03-11,1.2740905015217288,1.4134560192405208,0.9028101530340108,1.0443081353972543,1.2002407676023872,2.5778841588336765
2011-03-14,0.7764612500622656,0.0180556498145049,0.1440803622732088,0.4158436971770359,1.5596776170271611,3.118201350317766
2011-03-15,1.2786794571509246,0.7524787039919792,0.5729987245125898,2.8370943420103085,1.9536788058288093,2.361484393553936
2011-03-16,0.1982478062355614,0.5576835423028421,0.459697061821203,0.8423096825409343,0.5001953862200568,1.094079346306377
2011-03-17,1.3474889904170286,0.0234526440290841,1.5868703089917489,0.9509942600806824,0.5749915719366032,0.6709255770235195
2011-03-21,0.9891758455250448,1.1189858225980178,0.7029855525872967,1.3711809135976172,1.7386771597604642,1.6796260494134587
2011-03-22,0.0319758207787353,0.0145773467642713,0.2553719096392448,0.6428072436822571,0.0774841534650578,0.7501910651794546
2011-03-23,1.0887942333784837,0.1899986449562782,0.0358025382079411,0.6453179303881965,0.8208485311983936,0.6006024060211949
2011-03-24,1.5461006972501867,0.1236029621485579,0.3632554698808694,0.6872024429507138,0.6644261063682902,1.3564639034138586
2011-03-25,0.1254531369656284,0.1128995065796779,0.8881350297948947,0.9097429243538696,0.3223721329554532,0.7834642904178525
2011-03-28,0.1180074188708269,0.0858174722397504,0.9800065771686196,0.4392866701231241,0.4626568006980256,0.3924994136145316
2011-03-29,0.3153576361196168,0.3849254267401847,0.17260760699662,0.0140630830526631,0.3305511216767556,0.3488122132691977
2011-03-30,1.3678245246966074,0.7563009830459483,2.938313791822205,1.2473644547694818,1.3713538047824887,0.4575669820091001
2011-03-31,1.030004641634591,0.8775521388107684,0.7773369801601416,0.3396145932432241,0.3040836830130847,0.2388449729519181
2011-04-01,0.7801924143526645,0.6611839541752167,1.818084432519234,0.4696160735442877,1.5977000351366877,0.4129094207303293
2011-04-04,0.2008750476880698,0.0064275207783482,1.9161258279184663,0.6436647858624924,1.3355300467947075,0.414621434134714
2011-04-05,0.3821048832242271,0.1550584497173579,1.010937537988036,0.1949904217650037,0.2348284903541921,0.0218698743353971
2011-04-07,1.204001816466307,0.5688687843005976,1.2482176511878529,0.7881752225610893,1.208135013953231,1.3685453085254229
2011-04-08,0.3005204417606172,0.2846725617248107,0.510130366526056,0.492539283314963,0.6003995957938275,0.1724510019966307
2011-04-18,0.3946521641689988,1.9168182728719767,0.6622706810748591,1.3560624113805162,0.7343595589925976,1.913517832586299
2011-04-19,0.1495204422560221,0.4190935314746621,0.5632820668082569,0.6063981459234816,0.4765471341501462,0.3959530030094799
2011-04-20,1.6503274001520862,0.6217765904980574,0.693902503792796,1.2853090017932056,1.0421092947189796,1.0524105026601287
2011-04-25,0.1640954091683586,0.456289554090137,1.3153611914757926,0.6900114826972095,0.1744342749118672,1.5366604720708592
2011-04-26,0.3614496145736393,0.2156340717629184,0.5974423785773122,0.4997185499852818,0.7700891243739167,0.7978478980668449
2011-04-27,0.7931598222333051,0.1681294604489104,0.3651377991565143,0.3414854659919995,0.4003120990326469,1.5893805363812428
2011-04-28,0.1050202476602708,0.3516901000613851,0.9881244465969208,0.0725558555463231,0.8241904419078759,0.7641726849458068
2011-04-29,0.2802361187297394,0.02280580785066,0.9462289641919996,0.3856736383113146,0.1143709433079996,1.511046588706456
2011-05-04,0.1228610596776684,0.4256675499089001,0.4943267763779191,1.9770308943784949,1.807644743803136,1.3448014812527609
2011-05-06,0.4301329884423209,0.8495682393037187,1.8583964923037672,0.3574833814682748,2.1762698197998973,2.898149255023168
2011-05-09,0.345569889170486,0.2576706590319857,0.8985216417196243,1.200051669890945,2.036503482503712,1.0103222121594324
2011-05-10,0.3973147334386773,0.2602858658896158,1.0742738279745745,0.6140001654434287,1.2131664767860546,0.7926616388278857
2011-05-11,0.9850514131228664,0.8276202092924734,0.7388208773725312,0.6606203943081097,1.3650393662325933,0.3939870311541491
2011-05-12,0.7697879872613581,0.2437810921453443,0.5326748061643221,1.48172408020722,1.299660313797525,0.2279085209028533
2011-05-13,0.6101800367951156,0.5499440218864733,0.4625676695585544,1.055913679442769,0.1206743426088821,0.4990652903558414
2011-05-18,0.2134448891837967,0.034395040925951,0.2606085974464397,0.7127821808058414,0.837623706296224,5.308329393205992
2011-05-19,0.5091186514725482,0.1782652971642906,0.1250955296557293,0.8748078005336288,0.1476696108965363,2.2228076763962314
2011-05-20,0.3399259753321285,0.1938374498462669,0.2975624969506429,0.0085215279967966,0.4241053508090107,2.734278336406127
2011-05-23,2.470227626039381,0.7850209395111231,0.5140234774551108,1.849387746148312,1.783853056837453,3.550390532546936
2011-05-24,0.1980069502981116,0.2051560403002122,0.850622675793292,0.0838781453807068,0.9696961298062946,3.705933591677423
2011-05-25,0.1528132853756915,0.0945921673555733,0.8576873699311224,0.1784354269274659,0.8208398890658176,4.10704108673283
2011-05-26,0.9125516611582026,0.4794266080120093,0.9399793712194632,0.1617996443117201,0.9344677974444224,2.957890294607481
2011-05-27,0.4593068501472813,0.5016792656993733,1.0335035252794242,0.3776854772780087,0.1453773018466176,3.165447276996542
2011-05-31,0.1196741545298183,0.6179716810542816,0.7012378382337237,0.7754818043898973,0.6380683536082266,2.547602331568551
2011-06-01,0.0206898619078924,0.1200750819197939,0.980416563446312,0.4086724184227687,0.7665477712760316,3.3371431753307825
2011-06-03,0.1629579021697511,0.2201306693051233,0.2600200006589871,0.8609698812176488,0.731819245158794,1.7518364058814542
2011-06-06,0.2557649022345439,0.4955013824833658,0.9050520318757446,1.0205521015828345,1.112163540367301,2.188869878943698
2011-06-07,0.2280000410191248,0.0161080916215992,0.5285187551037521,0.0712707818525297,1.096649864097246,2.2565059992089727
2011-06-08,0.4467953965777939,0.006442389952703,0.4472450171170266,0.4171132220608724,1.9685101048138691,0.9283435855397428
2011-06-09,0.5145192817334766,0.0580159361407972,0.7335152064731233,0.1744978571099573,0.2234838954878686,0.9959339902758488
2011-06-10,0.4882671121251594,0.3411519480040897,0.1127383057436326,0.6224184327405337,0.345571227934217,0.2249719734015546
2011-06-13,1.0320632339910965,0.6647157971108071,1.145033398842816,0.6292616855685501,0.475462928450285,0.5181942428144889
2011-06-14,0.651818088900134,0.1699853931564135,0.7524273735618383,0.0539578330121794,1.8913498958190145,0.2714319694080574
2011-06-15,0.5544239115914148,0.4947304039543931,1.4652007038150587,0.0840882229699807,0.4464386803773184,0.0
2011-06-16,1.427549500983067,0.1253814726698234,0.6758623850368523,1.142085544587602,1.049844319704114,0.8345599357375055
2011-06-17,0.4868968247673602,0.5895486029678082,0.4796972751939488,0.492908658434731,0.0578820642486715,1.4252022707201502
2011-06-21,1.932577069306631,0.1690031558860391,1.403507969908229,1.5921000372820713,0.8560207021863683,0.8620743043906954
2011-06-22,0.7061569311602265,0.4194151226597297,0.7915228978981961,0.3503722696662351,0.3762943671652157,0.7027117208628957
2011-06-23,0.0475541278835573,0.2657711921054737,0.0975593667046028,0.0620904181052305,0.9548677318983804,1.09790672824119
2011-06-24,0.6493121826651529,0.0940002169644078,1.1790194033074142,0.7242074762545759,0.8649729715313222,0.3225066144795788
2011-06-27,0.9170811829792092,0.1368654791691394,0.0501100114705926,0.6073501317978451,1.2413717004531697,0.2074450438517666
2011-06-28,0.4408318507370097,0.478845552636932,0.0163229383290386,0.0823079544650275,0.3142567304735263,0.4615747867190052
2011-06-30,1.5105180466083323,0.5747661559486927,0.028427878221064,2.257341246396701,2.7233072798738167,0.046253469834785
2011-07-05,0.9102646933907252,0.1759000596275392,3.399776860302857,0.2959940649841164,4.055924417080188,0.3474236268186278
2011-07-06,0.3873549505739129,0.5981374391752117,0.924609429945213,0.4797901940758596,1.1041763902109978,0.6284205482422491
2011-07-07,0.7776588071484208,0.0691465023641049,0.5219600683727094,0.3576644480920038,0.9648553621674618,0.39613240662827
2011-07-08,1.616973242538133,0.2825765324712266,0.3560927963449509,0.8096046871390148,0.4955023712266265,0.0697431156945882
2011-07-11,0.2026184575395095,0.3870199648542704,0.3558696256721628,1.081899358905535,1.036161180224086,1.215820447980952
2011-07-12,1.451371861190116,0.6618931471344661,0.5906542053719126,1.3538519075886193,1.3881104675724965,1.8519047767237529
2011-07-13,1.0817338988141865,0.1627259288017951,1.231672023749418,0.4208391842260156,1.4029653091139018,0.2154399397026224
2011-07-14,0.4208837745769064,0.0525281135969433,0.4429278130745404,0.0090666622251859,0.2326982056413877,0.1672440958456018
2011-07-18,0.8801160377048823,1.0985281259272497,1.1789475231142188,0.3161660689632631,0.3724760894906359,0.7427852529076571
2011-07-19,0.2372559438832244,0.4451227257933422,0.2151418552875584,0.5561138602891683,1.1767017526483938,1.3803343025898942
2011-07-20,0.6741398452266542,0.4457633159612616,0.4757236644131524,0.9774020227745218,0.418534057896631,1.620545804114351
2011-07-21,0.4296484385264237,0.2058620307834629,0.6015401167801441,0.3824395373581286,0.2520975320637837,0.8916796036438305
2011-07-22,0.9480016699779334,0.0479100049681937,0.036834880246093,1.406025626752035,1.518103042283072,0.9485660325247564
2011-07-25,0.4815236541717151,0.3494836881764599,0.0477769893071264,0.3587981611007679,0.5816843616604115,0.0390930419365041
2011-07-26,1.11153404984406,0.1390443490086312,0.3270576929365939,0.4724681885499752,0.529071554393983,0.0097708730352645
2011-07-27,0.9952053947643208,0.2307722014114124,0.3803887817086713,0.2184906955695912,0.8062730654599509,0.0
2011-07-28,0.6799275104108969,0.4025631535113551,0.0020150603432302,0.1156107252795878,0.3240531027287355,0.2445586936678636
2011-07-29,0.3631276448210576,0.1999520450744266,0.4635904615145851,0.0185006335482892,0.0749567322269588,0.6633116078108957
2011-08-01,1.505057285533946,0.5922440218842051,1.035995024118493,0.8122423548542913,0.9316592738482412,0.928626743843168
2011-08-02,0.3725769860336184,0.2030309927251078,0.2045766313820199,1.194563041345127,0.3967190137477765,1.3525566244641158
2011-08-03,0.994417629162578,0.6290444880680517,1.1690422080835694,1.482405823413733,0.5411218806368676,1.289325238706346
2011-08-04,0.3492341489668564,0.11578557939289,0.2909817174441854,0.7480800840159862,0.8372210034341127,1.1631581768023438
2011-08-05,4.984861516966612,1.462586823577862,1.4314912932443011,3.679006919515474,2.7628836707599027,0.4056902919646543
2011-08-08,1.8368449333365096,1.8164186066473675,2.4248449066319644,3.7692563469751015,1.3990165278929525,0.3173566374102299
2011-08-10,0.3450894532418729,1.1063028254854137,0.9534530955566604,2.2054853176615445,1.6816690065172069,2.6586432991002003
2011-08-11,0.1497247591280004,0.2746086325894722,0.4855141271390416,0.8854871613199295,0.175281858103923,0.4153692368693516
2011-08-15,2.315916553408006,1.5644448955123624,0.500018130053717,2.757542820980182,2.2576004518768915,0.0208138204518671
2011-08-16,0.1704693483375732,0.1000673877037694,0.9205991073854838,1.4603018761041138,0.8597801726891383,0.5604581354532545
2011-08-18,1.6984229585917512,0.3371644769987298,0.7028059822262828,0.2746712703152936,1.114446754183722,4.158345158852343
2011-08-19,4.534136214364239,1.2935069728251023,1.4557487906016888,3.286383794952481,1.843179416561045,0.5300827443612542
2011-08-22,0.0815394908672928,0.799692113473946,1.1305875000250487,0.0665938810238074,0.1272775042096312,1.3064304106434417
2011-08-23,1.0582409851611734,0.6911421768244213,1.9450281070955244,1.213043311523133,0.9938284392591904,1.1767610492995548
2011-08-24,0.8655935113524648,0.8958136161774186,0.2045323223318549,1.579772602990022,1.0315177817645678,1.152952768657673
2011-08-25,0.0687278662038762,0.3006273227040642,0.5456408436009126,1.6011105035566602,2.0691809772014653,1.2451152301897188
2011-08-26,0.0688513934284414,1.369988006424466,0.8586733952093429,0.636937721571303,1.1851416344666763,0.6823424526494868
2011-09-05,0.6341865948472056,1.2593272992451432,1.7725817575507568,0.9052192504255876,1.1512514265800962,7.461829832325102
2011-09-06,0.6136787991190852,0.5998324768631035,1.8301978385570148,0.0692168748006585,0.6052759318054628,0.0986363038600453
2011-09-07,2.825088428820903,0.7016171614448214,0.2814918218590407,2.034582657867289,1.2352340767475392,1.7792891147898588
2011-09-08,0.0988353915763317,0.355773252362892,0.9575789749179008,0.8708049348526432,0.3260259267843812,2.066387261471801
2011-09-09,0.1721147983076925,0.0483139191279546,0.2449823463889899,1.1090716556276228,0.9219645760836764,1.4586649044251128
2011-09-12,2.5938876361350545,1.56826580670338,1.1575997614077769,2.9382704747450727,2.048382723248108,0.6523293436187534
2011-09-13,0.549125224078037,0.1202373275468987,0.0731089349961319,0.5192809129137882,0.8839538483607214,1.3879428665699964
2011-09-14,1.974200829862377,0.7201291652102356,0.7963374326798214,0.3649845358911432,0.8478484077024996,0.5147439253524533
2011-09-15,0.6523703197749137,0.4657382239261575,0.7611510540070229,0.9663437151488457,1.2869381300839022,0.7849367349575275
2011-09-20,0.5905562114433716,1.4281107570380325,1.6820565818901942,0.536893316017736,0.962914575408,3.5245367412283417
2011-09-21,1.4663112153884632,0.5937101671637481,0.3686989605027784,0.3929909222457411,0.3219988998501207,1.5078894037823976
2011-09-22,9.299683582391944,2.225360684654193,2.607011650568157,2.6911797579200805,3.8615158205882185,0.3768834674157624
2011-09-23,1.6835942759292404,1.5884213904543598,5.266527785368842,0.696393572068354,3.3286001710694104,2.014547197531592
2011-09-26,3.2693831756439478,2.531134606469142,4.331848385403337,1.6622491876946728,5.811902344048519,1.342148575308722
2011-09-28,5.771708960869323,2.941007540860946,4.078311989955316,1.7500227572471871,3.0007784632993686,0.1059419721382224
2011-09-29,0.6811598342579457,1.1533186473849626,0.0389428507259035,0.2573332974530834,0.5802497287889485,1.3665313284189522
2011-09-30,0.3345657277679413,0.0237841310108913,3.098272083328869,1.2249157744713792,1.0855394493050754,0.1121914852158942
2011-10-03,5.81002831574378,1.4237973212179282,3.403040594574516,2.0300669839170986,5.254582930366947,1.2898545348000734
2011-10-04,2.3952543335212035,0.4499999966856152,0.9332532082253164,3.5086097686305364,1.607213017860582,0.9377671959612424
2011-10-05,0.7249524305702744,1.0442022360708705,0.1774466655112814,0.0913115428362356,0.838141458873344,0.2322269684647934
2011-10-06,4.450237539886611,1.3013946818455129,1.7473401617030877,2.900149478584282,5.751507159526214,0.9755476826341706
2011-10-07,0.5072774756755999,0.4553121215054082,3.0063858262263263,1.418179493812772,0.4992070128033392,0.7959434819060844
2011-10-10,0.7387196312523493,0.2152244534817838,0.7781577288687214,1.0549018250359907,1.5281304450125546,0.4059125460638886
2011-10-11,2.310594827499223,1.0403509675113352,1.685713655361302,0.9232814633055356,2.3159870916460363,0.4609568820753823
2011-10-12,2.90708456524795,1.186569240322194,0.2537361138861037,1.6462016731177431,0.8400299935809239,1.6461078390955577
2011-10-13,1.079245204562559,1.1394406051238748,0.3578797047406895,0.1381660581480543,1.6882382750823242,0.4080151379886413
2011-10-14,0.2916625577602676,0.1690120143938046,0.4565692314283591,0.3723878235681239,2.006797682697758,0.4594485037248004
2011-10-17,1.740309444934471,1.5764876528024088,1.459189051064216,1.2601712081724956,1.6415932605905847,0.8845004534370535
2011-10-18,2.911025352820401,1.749269976265297,1.3662995883019438,1.9725706238406573,1.9622538826824247,1.5997200657719428
2011-10-19,1.7319695254048708,0.7134550002674201,0.8691436969243748,0.1645569821317175,1.5400050022329537,0.7871221440219085
2011-10-20,1.7112987272682845,0.6273695624256533,0.5494909042384241,0.967827529122337,3.149741745902802,0.6410915506557636
2011-10-21,0.0583097667176953,0.1632006951291513,0.0952296018841079,0.680671263075702,0.7932431878239962,1.7919866826904316
2011-10-25,2.4503264966055998,1.309823067187855,1.8057057970336143,2.098813197192848,2.820145121099872,0.4022384477739716
2011-10-27,2.7256588670968185,0.8966406865871501,0.5870738766103312,2.7640384849377595,1.852137895719282,1.3032109015166522
2011-10-28,0.4437043743883601,0.7376135434618643,1.539816947027299,2.0215175038248048,1.3458718092707946,1.749524798667763
2011-11-02,1.7628819287940478,0.736260839687073,1.7060908700293145,2.4727448179209066,0.7612291611605441,3.441884104196525
2011-11-03,1.5323655640132885,0.5850013418824282,1.1843408102411852,0.8755017848980149,0.8568381072833772,0.1592688672071023
2011-11-04,2.0781444959066167,1.0299841129074585,1.4494578379100247,1.3502524212677824,0.026111433367056,0.5201413419145939
2011-11-08,0.5802946598531245,0.1994578835543352,1.000421936648432,0.6397501071860044,2.692936644796033,0.4809755722961393
2011-11-09,1.3497533310708052,0.6181665950297904,0.7281118942568789,0.2745804482698291,1.5989819735159334,0.8380589484309
2011-11-10,1.9233569165662223,1.147097435414636,1.4167377082783903,2.5423120883263115,0.0475131904379846,1.0319855423412982
2011-11-11,0.1321234691633934,0.2651816595599611,0.6489866319259249,0.1448603718341918,0.2753597646897491,1.186473727941028
2011-11-14,1.422923706749328,0.6866580425567754,1.0129502264854429,1.401490457587764,1.361489752735582,1.157314576979221
2011-11-15,0.5021141474548427,0.1116356135640636,0.1573255193301581,0.6646709539843181,0.0700714926474802,0.9928122492025528
2011-11-16,0.0065036466212788,0.0257276353949545,0.5079614392064979,0.14736154893793,1.22499260663556,0.7755958546833934
2011-11-17,0.5741844181359955,0.7728656707551969,0.1604365514035492,1.0451782120786557,0.3747805668961531,1.295158110657878
2011-11-18,1.0005162477526683,0.7582528911333984,0.746319161392556,1.7395057326576275,0.9324816336593188,1.630385698797893
2011-11-21,2.0088809248121446,1.406996324406692,0.0688210958023737,1.1922838136609608,1.9587813014764663,0.1265222373429057
2011-11-22,1.502392883865889,0.2722800397234037,0.2263353075168443,0.7098582744561691,1.2654398950456665,0.6886608896132382
2011-11-23,1.3074935750732648,0.3357493667734043,0.4242369493135134,1.5065770757025472,0.0501466305951686,1.7681194847831976
2011-11-25,1.3603378021821853,0.1130997261449402,0.2343793273790843,1.2269728862034666,0.9968964534548436,1.3524923752479747
2011-11-29,1.3809753433728498,0.9157703431959524,1.1932636074409035,1.656823993302772,2.1358808910438927,0.1174551521654761
2011-12-01,2.499306033189712,2.7674336795961847,1.871455886202784,2.7076904156264328,3.098082730707444,0.7339482488045688
2011-12-02,0.0334134229619267,0.2528350882630623,0.007692775145109,0.4148055401645136,0.9977989375222018,0.989562775422384
2011-12-06,0.721193411694691,0.5454652616672002,0.1901142881107211,0.8735113942340296,0.1359154833778383,1.6329424439583855
2011-12-07,1.0750573547209934,0.1396767514346684,0.7536702030722048,1.2043284711492122,1.5364885604341605,0.7692246673804889
2011-12-08,0.3029474795039448,0.6813458548602773,0.0528458354212549,1.968539964108708,0.3339754663685345,1.451562867897673
2011-12-09,0.5874838045307493,0.8721378714724646,0.4738930961646108,1.2432584783862142,0.8896469566339404,1.178205223875262
2011-12-13,0.1055460854760387,0.3595952445070031,0.2304314586669056,0.32935150143358,0.3283930349110379,1.444791525721217
2011-12-14,0.3186910451418178,0.1550290064454067,0.0772606484231006,0.4983128656282572,0.6942279683422791,1.1362221520167812
2011-12-15,1.3434523079556189,0.0676400746593441,0.0760977061929223,1.399510875729406,0.0664231731237994,0.8387683561279314
2011-12-16,1.788934255686795,0.1440101113432239,0.5186558264396122,0.9054781539419088,0.9620060360873068,0.4243616996535051
2011-12-19,0.0512852510703736,0.7853341037731096,0.3056962599303054,1.558775783793012,0.049333263959006,0.3735875525672635
2011-12-20,0.4772071667169432,0.8569674788929018,0.5556417140711546,0.1391346183231561,0.0251601242418283,0.4719885445170442
2011-12-21,1.1112183764761534,1.3429984312215693,0.6130089899907051,2.2267439566250324,1.0072072919121278,0.5590491659699068
2011-12-22,0.0309899948287992,0.4354188785339846,0.036160125832549,0.3192145016963367,0.1179119289201274,2.0190497569589563
2011-12-23,0.0449849867381956,0.3139678440145089,0.0407259410098713,0.4369724953651178,0.4952218533596796,1.1610836848808403
2011-12-27,0.2036711376094643,0.3176455376193188,0.247549165619261,0.1065347961753332,0.8703906077304462,2.389284265697332
2011-12-28,0.534778423446607,0.2129737812460729,0.5702503778415836,0.2760412409180401,0.0184835412426917,0.8189491121799574
2011-12-29,1.044029909946833,0.1713801480615005,0.811389044356624,0.2446149400605816,0.4171311969039326,0.0427856303858632
2012-01-04,2.557071929128516,0.1640680943161849,2.6144511280626865,1.420581484120929,1.1941182399742312,0.4775872379338896
2012-01-05,0.0296142590289969,0.6764694058986394,0.6914925409687098,0.0737457716475983,0.0569305409798191,2.290685563600599
2012-01-06,0.9478054076287074,0.0198146197071643,0.7898114074408085,0.0946860614607826,0.0521006685240296,1.2425086435827015
2012-01-10,1.7783438973970649,0.5177662887849696,1.7186719894780422,0.1560133702598485,1.606316920433701,2.333502808461437
2012-01-11,0.744151122289772,0.0197123015103034,1.841701630047316,0.9987280610137668,0.1339910162833986,0.7946755492829827
2012-01-12,0.0036531465382574,0.2145788461495071,0.0484184930692409,0.126392424211006,0.0570356968980488,0.1955315917564501
2012-01-13,0.6584967120447972,0.1633594666761887,0.7402324329750065,1.7300665425523938,0.7076596251347245,1.7710160509905
2012-01-16,0.6534822561417057,0.9241020254522052,0.759518622202538,1.2635301163089776,0.7493524965259889,0.9941109670098576
2012-01-17,1.1459739001459843,0.6802204663230521,1.384582110583519,2.130607680313214,1.865787337116556,0.2762548322556474
2012-01-18,0.5892716446572587,0.1304017305196106,0.7480492117187841,0.7289030378471073,0.4648590834843553,1.0533415941359
2012-01-19,0.5751235446446582,0.0375682659189041,0.4851795333365333,0.5636246947512463,0.6917488102077543,2.926481445036244
2012-01-20,0.3645185953010212,0.3849343886173076,1.0061140504451018,1.3489964545887256,0.0264362704401027,0.1152151032426459
2012-01-30,1.8061214092591835,0.600091063578431,2.20207732358944,1.3563259398739935,1.504683164343407,3.1509058343162213
2012-01-31,0.6754181069871068,0.5100767613246283,0.8137707850742449,0.6350311559071935,0.8579378933379529,0.7840539059353511
2012-02-02,1.8900627878042189,1.033231141625313,2.938605737657665,0.1945649727202879,0.7078473774334372,3.4553451419584804
2012-02-03,0.0237306778294952,0.1092412454412755,1.325822044901654,0.5811991338037422,0.664645994484539,0.0323644740486077
2012-02-08,0.6808570580737762,0.932106804418534,0.9876315158859638,2.177996860539073,1.546737255348893,1.9205047476593775
2012-02-09,0.2437581268965406,0.7785764888803417,0.7556819432814428,0.0345452094720489,0.0976234615201412,0.4531508996876323
2012-02-10,1.6878300710657448,0.2340861664278522,0.291001952316547,0.7126546370791121,0.382050401605886,1.5605221076570106
2012-02-13,1.2575013907121244,0.0742467335306926,0.3862019186908869,0.5505118950743318,0.402634268974235,2.3684528709423347
2012-02-14,0.2295775522848766,0.2064709426472649,0.5449944264135901,0.3712374573778847,0.9884009349424592,1.1862416055599978
2012-02-15,0.0057685638608033,0.3037717878917627,0.0724720570439009,0.8091278035152465,1.7977138746139936,0.7145842585199111
2012-02-16,0.6455581942384603,0.6947835132608327,0.1237103807793407,1.151479479271185,0.5545834604501974,0.2267231926454958
2012-02-17,1.238202914339045,0.4286239297163535,2.366376128808036,0.7825720186605026,0.8603856753436867,1.6979440441497513
2012-02-21,0.6619225616359979,0.4248742997980658,0.4136318415364395,0.8125289019016015,0.9214590572459056,1.869351053551715
2012-02-22,0.1982252931262648,0.2086874434465277,0.6781788640227928,0.9793017810448464,0.225621825353285,1.8087600623873177
2012-02-23,0.9106324956585726,0.2476589262080154,0.8305097307725317,0.9138332888505932,0.1975513161613601,1.3012174572168862
2012-02-24,1.63620190280259,0.1354538948266055,0.0098090522862687,0.3275920191632196,0.5310170742571835,0.1085776436745328
2012-02-27,0.8650833529761519,0.0173211021101674,1.9337613861332223,1.056576507895665,0.9731860642457864,1.1692469797423255
2012-02-28,1.09577686138414,0.1482817411130461,0.4395173721877394,0.7757974292167078,0.9836550152158878,1.4554175765046733
2012-02-29,2.0701839436651026,0.8265225261581499,1.5892306131956528,0.8159312432354617,1.26911102217769,0.3357532768955797
2012-03-01,0.5768895328986654,0.241794956487423,0.8328409104674395,0.5096352951485618,0.3508315330877149,1.0122328352150254
2012-03-02,1.068949784155997,0.654378366542247,1.5608683814862896,0.4905935048854877,0.0145952324769986,2.685885620184768
2012-03-05,0.4999143060151593,0.3428898037306258,0.284272992626058,0.0564698265289915,0.6198696889828965,3.927758141796137
2012-03-06,0.4482176934042468,0.0434120961609096,1.2640722358956349,2.0187031288392494,0.4145128428282443,2.706852178118754
2012-03-08,0.0149473634935257,0.7291108348622372,0.2257290207783007,1.3001653315640564,1.3052280572573742,3.043604083541582
2012-03-09,0.5999354945682903,0.0405411267750748,0.4935154734205784,0.2436992585773794,0.8251026669060577,0.1041944130293511
2012-03-12,0.1052276316820794,0.9065668450831263,0.1112918134715989,0.0998507509941306,0.7388785069298229,0.9510261999122902
2012-03-13,0.532671955833104,0.0466624569679801,0.6127726512585802,0.7710958870812399,0.2934365113541114,0.3195673402239923
2012-03-14,1.1331888369535037,0.744649730805175,0.8997058389148357,1.2411436967455178,0.931870358496034,1.0356304550680453
2012-03-15,0.3544704746679643,0.2326428495125597,0.3810554525531566,0.0184994136261915,0.5976796157852202,1.8248556549098005
2012-03-16,0.2836426728263577,0.5065410760083179,2.2424608819496545,0.5022823770515432,1.543517668707994,0.7565037157674237
2012-03-19,0.0944758959399861,0.1399015281841117,0.3677671572171482,0.6862427483770887,0.0050489346450725,0.1026705847727326
2012-03-20,0.0637497971384285,0.2551406597683375,0.4840987876279071,0.4218351686621246,0.5951130810058648,0.505488575776222
2012-03-21,0.3490997968633612,0.3107471539547164,1.2682448184174395,0.0965289241959446,0.9208738202124744,1.2369523219991732
2012-03-22,0.1318477981433068,0.0448523389268294,0.1106998136472435,0.8815566617812101,1.3899629399895592,0.0224356098939719
2012-03-26,0.2441146134763055,0.0164239862432336,0.275785541904388,0.1595633342955139,0.2252790633366857,3.003773065329834
2012-03-27,1.1756621976956954,0.3229183519341463,0.959079565334922,1.48198523253915,1.5837710992212224,2.9521786857293333
2012-03-28,0.273905279949489,0.2742865108125268,0.2057991679223116,0.2792957005589447,0.2720550121113503,0.0941471903841965
2012-03-29,0.3561364704842936,0.1066481717833661,0.3463068683472023,0.5462477945041355,0.0083038958246373,1.5102719478260018
2012-03-30,0.3983073486720863,0.6845282671566808,0.4412802571697351,0.5452503008488571,0.5948344253701766,0.3179436284971569
2012-04-03,2.2525392089477525,0.6431603553771827,1.0084489503239042,0.1500312150834021,1.1877944619673435,1.069022359238108
2012-04-04,1.950068622389918,0.4591533251745492,0.3478827282382081,0.99800300040274,1.0775628466919864,1.355126096631631
2012-04-10,0.3805656295933135,0.1313946669645777,0.3305745138263616,0.0871422385763456,2.748405098435235,2.488282697586642
2012-04-12,0.2475177927796348,0.2563735915159854,0.4864360821997084,0.1442829286365495,0.3288968494349354,3.146169916598204
2012-04-17,0.4296836507177314,0.3177573737599834,2.16588934834313,0.2833389271070629,0.7915266569362857,1.6160675770278208
2012-04-18,0.2131669759440657,0.16713632826239,0.5592022331808886,0.4673331576774246,0.6717489019744223,0.143915368754681
2012-04-19,0.0605284635018349,0.1401974423225217,0.2494414175219458,0.2539575143616387,1.4693890917271095,1.081736198711519
2012-04-20,0.4230603337610736,0.2992045171286347,0.3256585257167703,0.4574617228890971,0.7781756449699765,0.2915954038698825
2012-04-23,0.6207861993069087,0.5069792916761091,0.128491723963716,1.0787682032548995,0.4404462001900669,0.118166499586114
2012-04-24,0.3570048097393675,0.0960190273477823,0.126012777014486,0.404938603172668,0.8797952235598316,0.1031348794712494
2012-04-25,0.1610262906749641,0.185350881998277,0.6793596922350845,0.1817190855114499,0.1249365083928491,1.5386230310804483
2012-04-26,0.3994057886051801,0.0215233634621924,0.2711173682121467,0.0566975534165209,0.656265171595776,0.5641105852927955
2012-04-27,0.3912908539194972,0.7555194248222417,0.9611224150045052,0.0036929900298048,0.2073489282987547,0.754256843884635
2012-05-02,1.319645646118206,0.926297769199849,1.1500544837677895,0.8203440476665235,2.2262697717868027,0.2768884598776984
2012-05-03,0.1115206020966987,0.0492822311517949,1.3594779264793169,0.1731274634067579,0.0782521585124274,0.7776849002809862
2012-05-04,0.1734878147083296,0.4958721091291806,0.0539792873816436,0.3454831657206166,1.0229310408699923,1.591365900466326
2012-05-08,0.848039175341612,0.0276626819717288,1.0529850635362443,1.979276568318252,0.2953086223179299,2.436894092172241
2012-05-09,1.251817773206278,0.3589958931524937,0.5215735350022963,1.0653505481772585,1.951432654157893,0.0922424196020242
2012-05-10,0.1106371106670102,0.1991853122509184,0.436056825072912,0.0926929485853434,1.3845648778880633,0.3183767542609341
2012-05-11,0.4726309434985382,0.2357923093568542,0.6562182526087204,0.5615686564127499,0.0302297850354532,1.235823091366438
2012-05-14,1.4956001571870323,0.5849222551281948,1.4552446609599428,0.8074504919547346,2.1642926998698746,2.192151291580909
2012-05-15,0.1833095093362246,0.8934587567353828,2.110587834804712,0.4382598294258059,1.620422900609459,3.034793167894982
2012-05-16,1.623429915948103,1.6163747686992174,2.300932522697567,1.596083182830372,1.1308534875273046,1.2677408180437304
2012-05-22,1.0149063127865388,0.7006416676133018,1.9180768108012292,0.2617166243569257,3.4492583127005427,0.4388267887373813
2012-05-23,0.9877328120257874,0.4620056525537865,0.604846826513389,1.5463821470416426,1.857147561874756,2.5298345860158724
2012-05-24,0.0827260779847768,0.5531199201716838,0.4944622784429612,0.0320108128144691,1.3485751539466428,2.276430696840173
2012-05-25,2.0886016099683635,0.1851986656652432,0.4425150387035804,0.2442251698800979,0.6242733096166648,2.4205740414412698
2012-05-28,0.4136715404858524,0.2459674502757324,0.5419752951917046,0.5205065296602887,0.624801626511815,0.4353511447197664
2012-05-29,0.0096936700659592,0.6653319625328843,1.410823046132076,0.5235275346170775,1.1972622788784004,0.9320419984007724
2012-05-30,0.0293206222084812,0.6272989238809196,0.095405526402195,0.6409183143861032,1.311373729598562,0.8998883957719429
2012-05-31,2.19580220872418,0.3485604729844607,1.4424266518603917,0.4106883362166375,0.2517397364805574,1.4204324230147556
2012-06-01,0.8662345981812009,0.4489224092849458,0.5670878891782973,0.9724202254673904,2.3318445546725832,0.0932400999951134
2012-06-06,1.0879419661012066,0.2647081159254281,1.911707873959342,0.5491708071012376,0.2471865896203459,0.5636189337562179
2012-06-07,0.0191386203990751,0.3739585164582015,1.1285959194987527,0.0568856079055054,0.0518742079583734,1.863436819356055
2012-06-08,0.3983365067803191,0.2981672746176005,0.5766276010219165,0.7775019863259948,0.7632591188166018,0.3482034164655752
2012-06-11,1.0631262593805766,0.4947590134626377,1.6242844445936453,1.806885086946892,2.71068393892796,0.0924428076000854
2012-06-13,0.1488856477049465,0.138212540756192,0.6629035779035813,0.0333713910426965,0.012953854625173,1.1370761152123996
2012-06-14,1.79937704056546,0.3361778471424934,1.752379207703588,0.470080095241017,0.4508395794594543,0.5463789694929609
2012-06-15,0.6962424403178245,0.5263245098181076,1.8132516359791844,1.331844440427964,1.0971560721599325,1.8197783073330331
2012-06-18,1.0952101495405815,0.221381767808166,2.400271387890502,0.4691917981546645,0.1992106135049704,0.5755875355943726
2012-06-19,0.5338073963501817,0.7709992940157099,0.6158654559621044,0.6420043045058895,0.8285886601849037,1.040774622552348
2012-06-20,1.6123894183521523,0.5882446437135576,1.2680978483479466,0.4657716492883006,0.0127880065529378,0.4189966429394163
2012-06-21,1.0734382209689004,0.1846617536545655,0.7221205682748697,0.8980290165486399,1.2168397806528122,0.4050790812737579
2012-06-22,0.3148416690065972,0.1023493662836102,0.2080190092213456,0.0728076061698142,0.5311535548508941,0.9250802884274668
2012-06-25,0.8244109161455463,0.0031220126719674,0.9162917033492096,0.4546980076783149,0.4764504921791036,0.716562640341554
2012-06-26,0.6153733950037993,0.5642429075733233,0.5142284372982013,0.3426552222033163,0.3184584142301587,1.1692156297131229
2012-06-27,1.3680927929645863,0.4874892921159505,1.2262218515167047,1.2739237264472811,1.285262850632089,0.2747156034163195
2012-06-28,1.2091510302294808,0.4787063737303023,0.0336695414347338,0.1835297680547762,0.4569353766086336,0.0287012678363362
2012-06-29,1.7340900297198154,0.3075125823300086,0.1854738050821095,1.1049331998553,0.0674258770671173,1.0017572737879292
2012-07-02,0.9050673474173956,0.1062469582368555,1.020808381377056,1.1103902108850183,1.4088383520930832,0.7295052965828717
2012-07-03,1.4513346278312471,0.4294737135142689,1.2274732503184431,1.1865051710039003,0.7817969443605957,1.4921167280747236
2012-07-05,0.4912211032074161,0.4152526402173979,0.0797301207355836,0.883587832272489,0.3108589673956403,0.1789774579249243
2012-07-06,0.3603414762636978,0.3783641459499021,0.1360297578952916,0.2379851309197102,0.1432288927005475,0.3882938060844398
2012-07-09,1.7450688762656417,0.0148102804106919,1.8622037670734932,1.6748214091334053,1.100123401614468,1.7776950728959104
2012-07-10,0.6162348564148066,0.2453296150613048,0.446695421092227,1.2060494655291334,1.4611209149378777,0.6711682089000058
2012-07-11,0.2355288337092398,0.3171683324669174,0.0924011756840358,0.8293709265380067,0.3522458125972348,0.4651342875976206
2012-07-12,0.874973265709904,0.2433201817865315,0.5794685758424917,0.5794012283131933,1.29405076217708,0.3529415428462057
2012-07-13,0.8884090683173458,0.0547386378912465,0.1790852270084105,0.7882613088037507,1.4279922332051338,2.000793399536769
2012-07-16,0.6890201086602105,0.5873074965720575,1.588050180570944,0.1064323225256968,0.3266569654385493,0.7220595538265748
2012-07-17,0.8170928998133722,0.1948065560959597,0.2432200573272447,0.5337974011551079,0.8169103849321155,0.8586634119594005
2012-07-18,0.0235935897598495,0.3562554529891732,1.2292624091999402,0.0799041193132764,0.333008782772216,0.3060812069427728
2012-07-19,0.3561043689971633,0.0243205507662371,0.5990397807831968,0.3886763006671025,0.590199714373713,2.254554247433012
2012-07-20,0.3667399381788214,0.0973339654541835,0.4138367640553674,0.4443701209466998,0.3642286810164111,0.9169320267025588
2012-07-23,1.765167889298477,0.4165667433964837,1.3814370614880689,1.1017093355530554,1.9585749388664155,0.5859714803194095
2012-07-24,0.4418937287528285,0.2202744251711429,0.3949913916452515,0.6523548753218001,0.2132572125784302,1.5186175659830787
2012-07-25,0.2183442994137471,0.1542400432496055,0.0399081984285404,0.3701061309350968,0.0824809170949361,0.6565789874964517
2012-07-26,0.0983501679822319,0.6860985269578499,0.1791628116102867,0.4553479396005118,1.3296562600885125,0.4566824817390943
2012-07-27,1.9641169174567397,0.0634013431707529,1.2917463943496887,0.2025660294811659,0.4330178829044698,0.396154921693957
2012-07-30,0.3643795546223811,0.4549823412332886,1.1117118965558597,1.1377475956817866,1.2912711040407725,0.4443593092265485
2012-07-31,1.0487517226363006,0.045956587841113,0.5622816771148035,0.1186269678619872,0.4998800481339566,0.1253797724165399
2012-08-01,0.2870146973172712,0.0533073832427379,0.1685767096897521,0.482308090901135,0.1524690466496794,0.466731195618061
2012-08-03,0.7448593549787319,0.1573105442185585,0.242050301219174,0.0081934840083975,0.3001657790271015,1.3626288162119349
2012-08-06,0.1385940244146224,0.2681360436526278,0.0331123628178718,0.6692655324731285,0.8713259062497425,1.1766659406102145
2012-08-08,0.360899945477284,0.2143289116967448,0.4627622492518591,0.6391218505621575,0.5053389237532214,0.0968431570969564
2012-08-10,1.2355184941282231,0.5753832264016867,0.8573593644958114,0.0638652982910159,0.4306552975509694,0.4687158958621961
2012-08-14,0.4842686858602634,0.457213935542169,0.049193132540167,1.0954169262389344,0.6091083999105534,0.9145941675379592
2012-08-15,0.4944545363787454,0.0532258875545152,0.0136759174030156,0.8367589908369817,0.0008159082202724,0.3022414650850309
2012-08-16,0.4461792844211198,0.2233783421504034,0.8992932355917929,0.0254623725865488,0.1982622973731445,0.0139275766241925
2012-08-23,0.0516958806048593,0.0920749711431146,0.3198882538937188,0.2130904013647714,1.075540418202397,9.236208905958208
2012-08-24,0.4155069336238253,0.2054660928714365,1.1499963184823925,0.1925745364031006,0.0363720542535247,1.741281031253376
2012-08-28,0.061551768640422,0.0673671776935203,0.6254524251370314,0.3421666297007485,0.3262623386285634,3.549704319749463
2012-08-29,1.2063797031138246,0.0929349215519591,0.3876089719977161,0.0493287993599126,1.0597982582411494,1.869501317574588
2012-08-30,1.6649964845212848,0.0322040842783212,0.8972514604780383,0.9829282055789222,0.4608347678782784,1.060353344498536
2012-09-04,1.9597608990916684,0.4848171176984888,0.5144727108809202,0.0089657293567442,1.7757506022969405,1.208526837845672
2012-09-05,0.7310220242734322,0.7951179090095807,0.4853468367447318,0.5210257935007261,0.1999954312370163,0.7890178261614809
2012-09-06,0.6726408329464844,1.4127279773754438,0.0135948113156623,0.2218786264578677,0.8136489164167359,1.390857048133928
2012-09-07,0.990054452427794,0.4046252299069292,0.9894358608158796,0.7478818771048448,0.1750935478797463,1.0367765958325064
2012-09-10,0.4089664444594775,0.2162941738781112,0.2022640079855079,0.0989957760684283,0.3868663245907865,2.1949278273453063
2012-09-11,0.1275658889014189,0.4203691043862371,0.0917474901441113,0.2549305561297435,0.2088713310638248,0.5828514243654228
2012-09-12,0.4499993524650876,0.0284980228022041,0.405080691630951,0.4386338022688131,0.928133911517978,0.4464696372110524
2012-09-13,0.0828787842890707,0.9018681239119372,0.6393815960845547,0.015841462926969,0.1803284995488135,0.7720857633151221
2012-09-14,2.049492816074354,0.8895424096584498,1.5520608057902112,1.320554699174472,1.4547562132333007,1.900769676562717
2012-09-18,0.780676647786753,0.1595962420100565,0.1625679544293505,0.0794976402179166,0.2557894976090472,1.0991060757315911
2012-09-19,0.4916261062426347,0.3517505482858629,0.2648364851248255,0.2490362007891776,0.9850274969059292,0.0101386459925296
2012-09-20,0.6427366620165943,1.2544114016416612,0.4157482489038796,0.4242191552256465,0.2164919588856526,1.3446995931831676
2012-09-21,0.6406200349445831,0.1163340243484974,0.054975876107534,0.5087221458278955,0.2787109300838161,1.5801337993719928
2012-09-24,1.035042081753482,0.6996114196532861,0.6317804512563907,0.3351705330780869,0.1524929410427083,1.3005209704961491
2012-09-25,0.6163470724477504,0.3837843152979396,0.0080778343855956,0.0260812072532831,0.2418613892871845,0.3579925576454792
2012-09-26,1.1115344713452755,0.0444792755891885,0.6129356653123802,0.6689782004724801,1.007852991496288,0.851458333194398
2012-09-27,1.0674662149816816,0.5259974404170431,0.1672692688086489,0.4176151040753007,0.9068202481062958,0.4515138431861596
2012-09-28,0.8845237905450596,0.5403639038766879,0.8379384050262421,0.0297447862846407,0.9810944563043174,0.195951253039155
2012-10-01,0.6181574607613314,0.4054935464583291,0.7054260696620934,0.0810689590207868,0.0708040726135275,1.545363950363244
2012-10-02,0.4838247872203282,0.4686817164425357,0.7536753671527902,0.6934942297863295,0.4567553627936355,0.5785686874865137
2012-10-03,0.1252331498796821,0.0775592041687067,0.5005482795956682,0.0649743072166172,0.1446508254564312,0.2728372854919627
2012-10-04,0.46814052826051,0.707897376148382,1.2611050548301246,0.3082526583856751,0.0703887233775956,0.2234115336695964
2012-10-05,0.9286813233130928,0.0746599819490825,0.0716747754687349,0.6854555953870296,0.3605815057706155,0.9447829345843034
2012-10-08,1.0042361076397823,0.0006029162175192,0.1050207349458018,1.0096330822683226,0.5076358392891391,1.353636922530697
2012-10-09,0.2811058292300302,0.1865466678508942,0.7245367842344306,0.3496913828503856,0.9417925636355554,0.055899991292006
2012-10-10,0.0056127823603669,0.2359466779088688,0.4700608717965717,1.052512246450488,0.2424641800196388,0.2511639847367425
2012-10-11,0.1157512053254081,0.237116723014699,0.300844711599602,0.0379181469193803,0.42952944654088,0.1191608178015957
2012-10-12,0.6147812808466577,0.1275366619371347,0.3030816723012053,0.2992914474837359,0.1604979009258824,0.4194583705330865
2012-10-15,0.0494117308110292,0.0652975462224071,0.2510942412675048,0.0427310293674136,0.4962191851262353,0.249968246470344
2012-10-16,0.3599430576743902,0.0556186839972246,0.3101083489311327,0.1234842895266635,0.2381699154378246,1.9373882989507167
2012-10-17,0.1949947547861563,0.4314801124911204,0.7093369305920401,0.0374276726625152,1.0653838999928678,0.5525986130713635
2012-10-18,0.4471790755263275,0.2856208403056876,0.0448752931059136,0.4811707056561265,0.760192727858326,0.3745934766280772
2012-10-19,0.5918816497314765,0.0558220801148686,0.0658811096275653,0.3745187277089541,0.2672859184798578,0.0702864200434379
2012-10-22,0.2334482266461112,0.2644008697647209,0.1394440624554734,0.1066519779471645,0.2070244006744546,0.309344713067898
2012-10-24,0.1383456416574285,0.3627720495184946,0.4822875506638635,0.0308663282800463,1.1837034899246135,0.3911923721764174
2012-10-25,0.0871017384057407,0.2335428926186476,0.1197761086797115,0.4188641548837671,0.1843870183170706,1.408276708853012
2012-10-29,0.1796340124249857,0.0400690062403915,0.1433034634990219,0.9166928590668753,1.3830523318560477,0.3686262621911486
2012-10-30,0.764333300369777,0.1260735334232956,0.5404624614447356,0.3005724722352511,1.1546443292726096,0.3840152180808585
2012-10-31,0.3283378938407599,0.0955927152505618,0.0398142200340359,0.0118432566812393,0.3424166630018441,0.3700471920693627
2012-11-05,1.094447357703411,1.1439426307988094,0.6121880861987928,0.2201025496821015,0.6010185706597212,2.912611691272336
2012-11-06,0.2628736249887075,0.5097511132104359,0.2888926791047726,0.4085222138043315,0.4494654274411638,0.0848558826871154
2012-11-07,0.8346266427892155,0.0060754010701374,0.6657555049380552,0.7897623281507794,0.0845946419739244,1.0424320826847502
2012-11-08,0.5198192195625393,0.271410319407486,0.173096733315599,1.024529380404031,0.4657944752588117,1.226368925183234
2012-11-09,0.1332787156744088,0.0006099517647097,0.4045643028866611,0.0893399678499871,0.2220903916669465,0.2874495382169829
2012-11-12,0.3478717028604181,0.2128906926076421,0.0349222171872394,0.0661441672339316,0.2839131927410881,0.4926944304320343
2012-11-14,0.7541865215044745,0.3615436174818783,0.3591054683603263,0.9870448546579996,1.1819253139438075,0.2344364939609522
2012-11-19,0.8735525619071048,0.5142881100537336,0.0282559395120855,0.9141666182355368,0.3402334388995551,1.1387488007709692
2012-11-20,0.0248731310276449,0.054804610161178,0.93205548082818,0.2670211567942979,0.565612475513804,0.4632891345301869
2012-11-21,0.1138087641285214,0.0757570781429842,0.6089883373278777,0.0500067736518406,0.0015684370783076,0.3199087217969897
2012-11-22,0.4310526379472386,0.2727069145080163,0.3767366095661495,0.8854991174350566,0.2441407439340292,0.1694716801340531
2012-11-23,0.2966436466991957,0.2616934772850256,0.7043359676650776,0.0886943309749991,0.1710083884832748,0.394807880826944
2012-11-26,0.6043326322162108,0.3997237960754077,0.4865381954870867,0.5078599261809303,0.7113613542833533,1.0031547637840263
2012-11-27,0.8644963567670391,0.6057291981372968,0.125924344322552,0.2463235040256764,0.4776160755062939,0.2676242671007131
2012-11-28,0.7564093256312374,0.5211108916177625,0.8425950314593998,0.0046447546927407,0.2241006526857802,0.2922890958003183
2012-11-29,0.3307713014896527,0.0497801248872875,0.1193876094344409,1.126843964643244,0.7380733558109304,0.6392679497924143
2012-12-03,0.3860593404693623,0.0018682662671943,0.5701345115109226,0.6492580693092639,1.7673259320924322,0.282519627630012
2012-12-04,0.765090668218901,0.0161749924945296,0.5902055786725676,0.1181447815216328,0.2147959309523459,0.7434001952197111
2012-12-06,0.5361478970545812,0.5347669705162577,1.0001958190215137,0.5237469891675084,0.7355963306660027,0.9351583539039368
2012-12-07,0.0421530366240626,0.0952405181763192,0.5288207646726176,0.9348073582587132,0.3686259967630025,0.4912354418294084
2012-12-11,0.6301094557977959,1.4604398452873577,0.6416806221900763,0.3604558880012677,0.476782488372624,1.4408464794177664
2012-12-12,0.4531227457280367,0.4970693027118371,0.201007181882404,0.7425069557675865,0.9822394868294572,0.4382094269693191
2012-12-13,0.4005418697668671,0.1816805950156443,0.5485981416085899,0.4756977776957435,0.0561138181408578,0.028123282428074
2012-12-14,0.2625127000559319,0.0466010566512907,1.4065461926019576,0.3756500991064004,0.3458266923093968,0.2604035170755306
2012-12-17,0.1621882769508458,0.2060272003618469,1.46962418789517,0.3075640399067662,0.0434183108563562,0.3613971153227713
2012-12-18,0.3346970319323054,0.6565876084981797,0.2262744900853154,0.0604834199896626,0.2828755219009076,0.0609895574291559
2012-12-19,0.596393722782198,0.3729282008118518,2.0336199381092235,0.056371428192049,1.1279335731629752,1.3131833445221897
2012-12-20,0.4933492815700167,0.2973385971200636,0.7852782478859212,0.5351989439966681,0.0725742090263073,0.2730907280548618
2012-12-21,0.1082195206046587,0.7058252235841024,0.4508771712780217,0.3773410331219949,0.2922823599356889,0.7282256022586879
2012-12-26,0.5836842826746748,0.76446841556532,0.1525317635588519,0.5437905478211347,0.642326458453466,2.3217463777626235
2012-12-27,0.158154458242527,0.1542306720766638,0.6525797894650042,0.0980361586345935,1.0764911978206104,0.9484551597285564
2012-12-28,0.8100521835228861,0.4273553375537696,0.3073818339388845,0.2468774935222797,0.3771722937750797,0.9129600864818348
2013-01-02,0.687698162826564,0.3939151110996219,0.8268234625333184,0.3109372696178469,1.10882098505749,1.110481558725158
2013-01-03,1.207065348496943,1.0649392962415394,1.2388343650486302,0.7176538985144161,0.0681911068029285,0.2196701057650535
2013-01-04,0.2443381305653937,0.0041396513554069,0.6282896754604472,0.0130207929377403,0.5840579704299628,1.6065077622799202
2013-01-07,0.400825662383088,0.0933096868493089,1.222680977322525,0.2160312025617004,0.0946396514021806,1.8902044895565715
2013-01-08,0.1175440497738232,0.3103692272588093,0.0659799718890828,0.3966514071062433,0.1419172980972523,2.9434246084502056
2013-01-09,0.790297026622622,0.0603769066131195,0.6965430888222262,0.4634323556479537,0.4315711176392544,0.3594034652354153
2013-01-10,1.0498125890918952,0.3176833267058866,1.1992191705208717,0.1811818699247084,1.2348826103166952,2.4976817973330343
2013-01-11,0.2656329207089439,0.1110689292140058,0.5497826046036848,0.3026660181768546,0.4307998539406903,0.5569958375823146
2013-01-14,1.7629904614207266,0.1146340838279655,0.6940768405846848,0.3085717259760626,0.9171225049785704,0.8072434956235327
2013-01-15,0.4172953676161057,0.0747664940139308,0.1022853556941287,0.3286143178437977,0.155197735487054,0.5323842690065074
2013-01-16,0.230138374048195,0.1745446060258446,0.661712738557214,0.3881586777713487,0.4734049491617695,0.8266204384897601
2013-01-17,0.2856298814983108,0.1105804679487068,0.4069438993421658,0.4185121399817606,0.339075685987907,1.8416806688912903
2013-01-18,1.514065099153851,0.2769909734608315,1.0978350151817982,0.5032501309936561,0.9448860651853568,0.5708529970976416
2013-01-21,0.5729033897118119,2.464440826830176,0.5278295332380691,0.3140316545303799,0.4201889522826301,1.4125186345111185
2013-01-22,0.5290185975408461,0.4270442400730871,1.088264693978008,0.045332095133478,0.4445899938609188,1.10932602617676
2013-01-23,0.0493295180291965,0.4038086041613498,0.2028316087139761,0.3524949943275048,0.3556891846345274,0.1173523638998997
2013-01-25,0.4261614584878113,0.1149013920659711,1.2252895637413117,1.171610773584551,1.531437676633327,5.42559492266095
2013-01-29,0.0322564074725945,0.0128241174703899,1.0818980166237937,0.2928466070197085,1.1808927870117163,3.344498253901726
2013-01-30,0.3136598352543539,0.588655879336508,0.5837233407679496,0.7990051974440828,0.8115593757604826,0.7389829946898826
2013-01-31,0.0163478982213385,0.0110547565302492,0.455327842822279,0.0986514727326368,1.1210831469699285,1.6146889436227392
2013-02-04,0.8242602934794911,0.4291720385504624,3.0484892458682453,0.4471173997408311,2.1587343240574137,0.5383677012805492
2013-02-05,0.2480272435621404,0.0734461450575958,0.5347757454501144,0.7522133531073018,0.0431610231785644,1.0461261969868143
2013-02-06,0.435158827975742,1.1830789353655662,0.6067391284393817,0.1181861473741076,0.3572771708797035,2.2781915586828307
2013-02-07,0.0926864657230371,0.3358332571335868,0.4443321346191746,0.4514945698003605,0.0359925465218643,0.4617058601286239
2013-02-08,0.2641831899769724,0.2608462768001275,0.0204403937966878,0.2611739940432027,0.1674953713727349,0.6926346687005298
2013-02-18,2.6536689736559635,0.1769019779731975,1.6364136290034177,0.5440283942336176,1.7208976315090472,0.0161946598463238
2013-02-19,0.2167087844716302,0.36218256043031,0.8416619375567492,0.231781129173806,0.5747232035395125,0.643833528027315
2013-02-20,0.7013316014763007,0.1077927428749016,0.4197609696576758,0.3972919265659093,0.9465118390441256,0.8218307027966261
2013-02-21,0.0441867994886453,0.044623985046526,0.2829734594182062,0.645490825417011,1.1640985195322002,3.726397634552128
2013-02-22,0.4032791404076723,0.4962670655723276,0.0352537473209308,0.0161133489048412,0.7422971299624852,0.2011693643789636
2013-02-26,0.2556908888549193,0.1293856895570527,0.5173121515349501,1.0354068220426735,0.6390002853135024,2.681705984796837
2013-02-27,1.138337060475168,0.0024652165833013,0.2174073118670079,0.2105820327682492,0.805018009197505,0.1439668480339394
2013-02-28,1.6689268844503915,0.827162373108261,1.5772164128975283,0.2703948747075038,1.5381187320763143,1.8803463780751932
2013-03-01,0.3294073676796344,0.0116066819880439,1.1850158651549836,0.0137611320812811,0.1285209423153612,0.5442847913695523
2013-03-04,1.0477787114705222,0.0892009622443419,0.0709340572474485,0.907918550343869,0.0727194048717204,1.7782663139534345
2013-03-05,0.2051845419408863,0.3721702924894728,1.1110849073201357,0.2561588847406497,0.5559887727619393,1.4223646108910672
2013-03-06,1.5242359634444351,0.5926093262883017,1.82319042266178,1.3318111911543833,0.6459343762155106,1.922456095015415
2013-03-07,0.4882831321084652,0.0550999389612295,1.623594947187748,0.2042374899184229,0.1044764530697638,0.95125061451996
2013-03-08,0.5388647049276982,0.1833590868093012,1.6025262000883531,0.2735251838422171,0.3798120509609803,0.8641805175955657
2013-03-11,0.4149148843511079,0.2415518514496574,0.2904490690047545,0.104517788663837,0.6824476402074037,1.2289265498528636
2013-03-13,0.3895470747741744,0.7106174530914457,0.5502402832098554,0.1352262741896324,0.0665279075297723,0.6991857310114177
2013-03-14,1.0200206080967469,0.333437925080582,1.2151950746755866,0.2746649728556192,0.511143963784113,0.2996478217520747
2013-03-15,0.6862006945066325,0.8016231721298659,0.6009296931137404,0.1995278675043452,0.7121066516094366,1.4122312222312408
2013-03-18,0.3429184199448973,0.3865827711867862,1.7955435679867164,0.9042472805866072,0.4062969435743955,0.4622696887647929
2013-03-19,0.4114260164945778,0.2525534420146119,1.6961759464168458,0.388008099684367,1.4810881349694909,0.2813644898692425
2013-03-20,0.183818783749918,0.3733549393745086,0.1032220214074222,0.636132125443288,1.5797621337638574,1.356065099824627
2013-03-21,0.5985794810060393,0.0484346314082942,0.8277642610292086,0.5908504870011098,0.920875319553676,0.9705540873208388
2013-03-22,1.6693290212513066,0.2369805835311441,0.7039910826223957,0.2782572418238239,3.360809372323136,0.3666813373317082
2013-03-25,1.606803505082295,1.039516747182797,1.2027909540270272,0.2730569817498877,2.995973654848448,0.7279710053104934
2013-03-26,0.8889120272249095,0.5423550316460648,1.0183568401632583,0.6421625694269315,1.3090284153134757,0.8361950191406953
2013-03-27,1.7518885615663609,0.8878501080891342,2.699129680820801,0.7422522029848356,1.0847454548385371,0.3670776615526789
2013-04-01,0.1920425168264912,0.0024010136378001,0.1151506887640531,0.164635956942189,0.7278757278398271,2.918758549038547
2013-04-02,0.3976988951927802,1.037410894001035,1.3417854186771103,0.3021814423441254,0.0638684838156866,0.7131348925551574
2013-04-03,0.487284066125359,0.0237375037409851,0.9860144778875366,0.1259137062983015,1.9550888086279576,0.6894133829651986
2013-04-04,1.188514089522397,0.1813908920775087,0.4644400341183823,0.4214448670566474,0.5208272540593526,1.7104316198244491
2013-04-05,0.0702029478968125,0.0112559838197415,0.8375544918515946,0.2427522141186752,2.5800013378568347,1.0460827643298565
2013-04-10,0.991338979132664,0.4461018557981256,1.3099181343653232,0.1980889334080222,0.0483237494081381,1.2171347756494315
2013-04-11,0.9546968092365768,0.6370473185502846,0.2330141714255848,0.471068152116797,1.7665592835583317,1.5131663830861557
2013-04-12,0.2625730373630561,0.4997710989793363,0.8699202304864952,0.4425307712529312,0.6905046392509931,1.963322073251996
2013-04-17,1.236805612334996,0.7297255672901799,0.5992062623503546,0.0829069466371392,0.3798103546449975,2.101768123740649
2013-04-18,0.2793917515356124,0.2756597564071216,0.1053450918271418,0.1490675108803337,0.5394439939219673,2.2524980751782837
2013-04-22,0.3140066759939086,0.0246147860566577,3.7635111676479074,0.3799929969560933,1.8997849302532923,1.0152587099417316
2013-04-23,0.4330577520539277,0.3692349193022441,1.9588187208633356,0.7453035558696408,0.6273243660295611,1.1166421804485265
2013-04-24,0.7264893125836381,0.4084801443207533,0.1385867275005448,1.1611910279540565,0.2900234097103156,0.1690295992886715
2013-04-25,0.3414707019663803,0.0591740792182647,0.326027997405403,0.4504228122558719,1.3043261908613089,0.7793779182438415
2013-04-26,0.3211887940794857,0.2896789117963721,0.4276476740818514,0.3338079102479178,0.5498625630019891,0.4373889845492053
2013-05-02,0.3116368594852689,0.126720033016771,0.9629744391929648,1.5855083784367978,0.3946821577374682,0.3145021747390408
2013-05-03,1.382405989091434,1.0967645295587147,1.704313187020429,0.9595052924160856,0.6464377357544968,0.4682268693969957
2013-05-07,2.35369917979072,4.722753522669473,0.964114616204933,0.3927116646837561,1.396209807992177,2.152411314557877
2013-05-08,0.9187851583072018,0.1537701273649263,0.4910829499235502,0.8787377575874507,0.8086381140914691,0.1050842315832604
2013-05-10,0.3256816591141829,0.0913604987416897,1.1227184700010622,0.896927161896916,0.5147313368440006,0.2121153631576921
2013-05-14,0.4710915689879379,0.9014891140218726,0.7008897981863619,0.3202202019582273,0.0616150564807396,0.4639422724458312
2013-05-15,0.1561164699353221,0.3023989294911985,1.070893602051175,0.2551543283574955,0.4063225659696426,0.4371952273204799
2013-05-16,0.2203196278411505,0.9189477214371214,1.1053568220536398,0.3118742356403882,0.751236683797573,0.8952134433809954
2013-05-17,1.3107095871007806,0.1380173456411706,0.425882744755059,0.0863564754797885,0.6204833046807069,0.5603630426849799
2013-05-20,1.337636934971121,0.4506094290690405,0.06169917407732,0.1428235252901851,0.9439608111599088,0.953194884805221
2013-05-21,0.5039986312070559,0.5739891919199367,0.7149292717594027,0.2995039531713168,0.0018272497307267,1.594068718257087
2013-05-22,0.370120314162574,0.196009313855744,0.7815048828571857,0.3035608305933158,0.7426689344943944,0.4090148458063662
2013-05-23,1.6767325240307964,0.6083869544943445,0.9618113298617422,1.787556541259137,1.470359536311091,0.8016435553219694
2013-05-27,0.7106572359626742,0.3350136094896088,3.009827222187933,0.055122156993708,0.8973480888193152,2.808333929268353
2013-05-28,1.775611181558643,0.5096985426974829,0.221106947226719,0.4348749757608734,1.647886047665548,0.7621010114732224
2013-05-29,0.4713929542334076,0.4107138544792001,1.608615053112796,1.140038098723776,1.115128457898955,0.2404453272984434
2013-05-30,1.3755020583848792,0.4805512142397743,3.88176334139988,0.9386226855501576,1.2749456846825056,1.2271749890207309
2013-05-31,1.1966684899116995,0.3216621314818587,0.9817413178900056,0.7413448593746037,1.2248076953187854,0.5885537838670645
2013-06-03,1.9377917270903644,0.1634832120592065,3.751823728720236,0.6146234302604667,1.4710042566588335,0.2626954824324373
2013-06-04,1.0058722735840135,0.5876296146052613,1.3382751046307897,0.008204250533327,1.0565954447131245,1.2338147409638094
2013-06-05,0.406884024016922,0.1306585226673769,1.7471071000216811,1.4666453893207585,2.140891441037506,0.7704874608156111
2013-06-07,2.754876436254201,0.0659109080895609,2.1729632247128787,1.8267026864517053,0.4225248244433204,2.5571836807484374
2013-06-10,1.824416819581226,0.6853098170420637,2.5580368704808407,0.4945811285585504,0.8086025971553983,0.6479647954865487
2013-06-11,3.56725586813667,0.4614109078619599,4.749913978181673,0.9458757599409604,5.094389560586467,0.4988018101056334
2013-06-13,0.0495823964684458,2.083855500057042,6.988546600884702,1.2598008733144157,3.4570468676095936,1.3230155177292824
2013-06-14,3.268318239918917,1.102414355481082,2.0747937866352144,0.9771026434343948,4.323429787374509,1.1834688767065102
2013-06-17,0.2886086467462158,0.5647488714204625,1.54434700784263,0.6937919450863258,0.3930121031507703,2.086324495177352
2013-06-18,1.3718060907622482,0.1060286733341729,2.789998200197609,1.4380469051751903,3.010101045744479,0.0721876911235711
2013-06-19,0.700656099094407,0.0659750246007183,0.0854793936153864,0.4891885568490298,0.7175930751119677,0.895990030030437
2013-06-20,3.74459718993772,0.5962893613439781,2.9056897859702677,2.537693899861407,2.5009322156019222,0.7697868261485661
2013-06-21,2.5068011500287044,0.3689395799589833,2.3104689149524447,0.2815747124610623,0.1205942609697745,0.1342214855684004
2013-06-24,1.9209919427516824,1.0108748030453425,3.474657125926183,1.6177747176320856,2.634180112557572,1.8410765017266892
2013-06-25,0.2393195834201874,0.5509327561116132,3.095281897763325,0.5067909913619405,1.4945444868461994,3.4736967139162758
2013-06-26,3.750044256676672,0.6986824428265409,5.541892968376455,0.4672013732383968,2.8303675290304766,0.1077597695529451
2013-06-27,1.9004450445737984,0.61906928516986,3.359536113260279,0.4380972997052403,1.537561013393228,1.969786003365872
2013-06-28,3.0155283896937,1.2465073337580068,2.1462057721702106,1.0340705486402064,0.3760815437606056,0.3775624765703538
2013-07-02,1.889346205467592,0.0930789499831225,0.2648340479008575,0.7236272963641055,0.8285680579663199,1.7941303310097627
2013-07-03,3.2574038241140864,0.1513684584527859,0.4941099087345763,1.3908331129203706,1.4039565918762342,0.5096256386479938
2013-07-04,0.104383208197043,0.1203205820476191,0.2450539870285418,0.5617737287195069,0.8829531955468304,0.0266784326977074
2013-07-05,0.4545378278262139,0.0524918789673725,0.5587510399252266,0.7158618452774443,0.7276624915120931,0.3206975859324915
2013-07-08,3.744882891618551,0.5318061818893265,2.8329267667034403,0.4508959095484215,2.57852153189414,0.596844083522576
2013-07-09,0.6749773651604531,0.2051361380901165,0.1282604645178004,0.7312803983298025,0.4245010234643119,0.5638937969688285
2013-07-10,1.6852571415558295,0.1255923866028641,0.2982122549821965,0.2956070667369219,0.7376810257013261,0.220634568280155
2013-07-11,2.765341348545004,0.7008791587531156,1.5600076531700715,1.8916289222925415,4.136088552946323,0.0082567860507256
2013-07-12,0.6254152682049423,0.2523271462365948,2.5707104527572944,0.3966050836437914,0.4598764891822104,1.9459764158966897
2013-07-15,0.0565571245706357,0.0571068403419537,0.693343374197011,0.0234828933708452,0.1161911151665032,0.022265178365217
2013-07-16,0.1791006144902086,0.0156744802973529,0.5513762690811698,0.3670852516231899,0.2717770581023718,0.4281450921811712
2013-07-17,0.750014540454313,0.1269923388662436,0.1342059580159036,0.5169958062654247,0.4557448501876991,0.257617982513142
2013-07-18,0.8816348184778641,0.1608851709464586,1.1136693985917565,0.3071604975583292,1.976792233182221,0.1327513922654476
2013-07-19,0.084195642217054,0.3454708068269794,0.4119278689100734,0.1536180714087924,0.3603858191714015,1.3831921504494324
2013-07-23,0.9007642467313608,0.4202039602888592,1.8286627302842915,1.2525252543794183,2.1014807716388058,0.1051535238998688
2013-07-24,1.0343749842994348,0.2594490630709303,0.899814591747856,0.6433333241143041,0.7927989238909977,2.0251676129454874
2013-07-25,0.9366509816800797,0.0873285100076195,0.0595444383653943,1.2005501276906836,3.0211443656366703,0.4868361272640787
2013-07-26,0.3266514940783244,0.044803754434431,0.5380501407377158,0.0129845580138195,1.3656703290709191,0.4362344725223195
2013-07-29,1.697287942194342,0.4896849017089349,0.6818364140801998,0.026876676536026,1.530566094690655,1.6823246443715614
2013-07-30,0.6099073897740105,0.2059108904969213,0.1538019802387902,0.261630237105835,1.303957132862926,0.5850791147958263
2013-07-31,0.0409634694106287,1.25908893459859,1.3298480434619817,0.7273462715292248,0.8605673345094615,0.6752440511910903
2013-08-01,0.3023157335114942,0.2929189044580476,0.3356226365170975,0.6607721079042206,1.004674872252875,0.1178526571974216
2013-08-02,0.354984011999953,0.2634624457485015,1.9323977840029576,0.3336664071984653,1.1593873778801806,0.4518339348709393
2013-08-13,0.2499945082159747,0.7032652051087684,0.3158471638228212,0.3080759755920896,2.648748679414158,0.6187103443923181
2013-08-14,1.0123114698215874,0.0757901169195373,1.5440163016034267,0.1398413511996665,0.1061782844520837,1.1664967984225518
2013-08-15,0.3112249488575522,0.0847766358123382,1.146768909963407,0.8575567794741439,0.5189330189058373,0.9191695388902372
2013-08-16,2.5174839898614554,0.2217582920685148,0.8356069906474674,0.7288362858847325,0.5043381039032139,0.0846448412266988
2013-08-22,9.09637421509669,3.8692509338410375,6.149454259038068,3.440178023122694,6.719066306667883,2.3250143337105733
2013-08-23,0.0380264199219407,0.0406778089081409,0.3981156668279692,0.0177980719119932,1.0171357969926376,1.8923388043360396
2013-08-27,4.965220331908553,1.1588768025984515,4.044526722921323,1.791040566894941,3.355813133243849,0.2570986309070472
2013-08-28,1.4668947202990108,0.8897680268539784,3.070672893699472,0.9883849841320032,1.4172902130737706,2.5594021682495587
2013-08-29,1.897154857846005,1.0389618359406867,3.529644564312284,1.120465922739098,1.3059473516772295,1.0086617342369624
2013-08-30,2.2051647568171053,1.3872230560049383,2.179232955031599,0.2996584699304979,0.1368485562659809,0.8818118229357902
2013-09-03,0.7435441455965492,0.1952607933248376,0.1437647556266357,0.8494882541096492,1.617838389877598,0.1121847567571371
2013-09-04,2.198752943670469,0.4330152762731707,1.9180437701873547,1.2968488476294733,0.931800836906975,0.152603831993304
2013-09-05,0.5561357800908537,0.244926917821927,0.1527533287032335,0.7937463881111735,0.7857287711089499,1.2897694123467895
2013-09-06,0.5291016521271876,0.164311622876509,0.2580881001160338,0.2923930731586725,1.71794739245595,0.5137855913738816
2013-09-09,2.877967120316507,1.33860355123467,0.3745503596452652,1.2987888429326355,3.53346795230439,2.077553964449789
2013-09-10,3.9045181639489472,1.0205113637282708,1.5336118253651545,1.1490604609253734,0.6379894780032485,0.9251778193792364
2013-09-11,0.2003804050116908,0.1998075829764188,2.0347480082318423,0.5038441356078646,1.284451423517635,0.3932996982957466
2013-09-12,0.1650819443976318,0.2214164581355988,0.3108664343588541,0.4138576454914404,0.945514393561172,0.1701698957898934
2013-09-13,0.4336646672736707,0.0903124667878521,1.0117758018171177,0.0249954107928004,0.2272208469486665,0.1743679604826837
2013-09-17,3.195560593120037,0.2335137077572774,3.3808377081651373,1.9241271872545371,3.0021358155401248,0.2745901217028076
2013-09-18,1.210725702263765,0.1996378351769968,0.1605946930656694,0.4056677644493059,0.3225926852736578,0.7290024827137579
2013-09-19,4.543792402968705,1.2069809047710398,2.7674962032427075,1.7975431519501917,3.410632000794384,0.3851217471164408
2013-09-20,1.878151528003272,0.496277350056526,1.3489534431335748,0.4391845289002192,0.1545825509137712,0.2307822440879277
2013-09-23,0.4585536294059679,0.3040403650682319,0.8291495137463298,0.7216653458912387,3.4264328698320328,0.3973736772023155
2013-09-24,2.270756596084412,0.2162262141233576,0.2559650408251518,0.0778089052639233,1.3249705084400556,0.7755442184066289
2013-09-25,1.2100047491912325,0.4708426209874067,0.6359375180355095,0.0987463913538946,1.3402803795815794,0.7017282985144879
2013-09-26,0.0198356324848332,0.5564607979270237,0.2020593498739048,0.4457375607942336,0.8484646906022538,0.2285527026213731
2013-09-27,0.4037820796582452,0.1126659102870344,0.4324604922607546,0.4955868633486359,0.5115690306002666,0.3087311553608903
2013-09-30,2.461102450653073,0.4254171131521576,2.9912521052791985,1.3267514292395115,2.451693380165592,1.22954042732193
2013-10-01,0.6862850343969141,0.02318116143168,0.0975014562551989,0.4293308941517688,1.7934388974261424,0.0791982739620808
2013-10-02,0.9550668379442904,0.0745863031623282,2.6182804262256787,0.9131593689294376,0.0567978523946939,0.435827696947011
2013-10-03,0.7049357300230866,0.0576002376183979,0.3982800026502076,0.2474062312074424,1.4227762079801232,0.4236392637550015
2013-10-04,0.6652143267411395,0.2925687429055231,0.0442956551111671,0.2135954862481433,0.1022145068050934,1.0507269834492552
2013-10-07,0.328336237223905,0.0146276331503405,0.8217477192240643,0.0474922258209088,0.9217805399655234,0.5952100300210648
2013-10-08,1.3068156430086917,0.0382663198312315,0.1806457194076594,0.3154473416200625,1.3648682824514224,0.3490613802649023
2013-10-09,0.5608857691778033,0.4725637643327655,1.2017943690060662,0.2647085427625316,0.041828799972273,0.3091069278085853
2013-10-10,0.6538452286837131,0.3836378203540226,0.908723064157465,0.4765359179946618,1.1952043386993567,1.177335092337776
2013-10-11,0.7379937652212765,0.5519871797473337,0.8329082284171859,0.3086816787669418,0.4034796114052728,0.0566033936717178
2013-10-16,0.6136359040027819,0.3142192461468461,0.0960426030528909,0.1787902294519923,0.4517197368716005,0.8918115654540792
2013-10-17,0.5919089268825953,0.3371640298631793,1.1853464964755545,0.3958747625791545,0.3211190182182505,0.1261829820422165
2013-10-18,0.6097999597413115,0.1206514372956634,0.7130598879497578,0.1968733436166985,1.0583044339040943,0.2478960106771987
2013-10-21,0.6927872363683749,0.1676764354984056,0.1555428729555671,0.0895370125284091,2.4670002968957108,0.1476456772603226
2013-10-22,1.439594203642932,0.0537947663476801,0.0915077070876629,0.4511409121818322,0.6070390102386116,0.1995729802046469
2013-10-24,1.8029860698514693,0.847489143711659,0.3007437100069172,0.2408152280179526,0.612925436261808,0.1197915770060438
2013-10-25,0.3051330669118597,0.0748031065747581,0.6699410540970364,0.3957528157219984,0.7832397700075643,0.0838390339750608
2013-10-29,0.3953839488991932,0.1056870802863832,0.0557949569639529,0.1116322099911375,0.0673354891928016,0.7355995608133886
2013-10-30,0.2650116815577102,0.0952362400286343,0.8180754875715863,0.6715043111770329,1.7139430154614232,0.3995387536449215
2013-10-31,1.4142992476225038,0.5810922035339023,0.1794803819420198,0.6138718958405549,0.8183768545715122,0.3331730763405489
2013-11-06,1.3586914391684963,0.2105281661884944,1.6548295930348362,0.1677031685401893,0.5497196981316298,1.022080442537947
2013-11-07,0.8135598898611427,0.1972450393614682,0.6320329824034462,0.0995707020092413,0.6810732152027549,0.5307380921344117
2013-11-08,0.2095024953085651,0.1179702056719844,1.271314083639575,0.7790832285331916,1.4274514778970395,0.250383216929709
2013-11-11,0.7848066782796037,0.0149649615865124,1.425495960580479,0.2976122683352977,0.0626128548947877,0.4941541930415303
2013-11-12,1.3847752985532231,0.5229178872039562,0.936349190472522,0.2032355409212363,0.5086883856136204,0.6868750283918608
2013-11-13,1.814014384036888,0.6882364611261819,0.0507699175286846,0.4257145573011011,0.5898085906293214,0.3079185744943739
2013-11-14,1.5106527902933768,0.0958850416830102,0.1094159251101358,0.7656777493792514,0.7743401139977868,0.3480993886964465
2013-11-15,0.7336242085534178,0.317288065835096,0.2922459189231926,0.3188170197758562,0.350457306264767,0.6985686791506515
2013-11-18,1.3322063905142336,0.1406944186115214,0.0496452216205514,0.0549633776217275,0.2320118851555195,1.0200322610271313
2013-11-19,0.1079203839881807,0.8206638177657197,1.19578466923602,0.3424479544162867,0.8123031499235134,0.3500829335201237
2013-11-20,1.0869724407887331,0.4697981562971322,1.8113436340561824,0.2462270984387425,0.5416559742298015,0.1603595564529788
2013-11-21,0.5665816605605902,0.2248559130375999,0.5285742755115396,0.3728437528404072,2.08231245317158,0.3924449569330924
2013-11-22,0.1907672898590105,0.0072442866332677,0.6233823364513366,0.0148210497037429,1.2278376717830757,0.4161800731488037
2013-11-25,0.3893157049452787,0.1920646816994491,1.3331227986729837,0.2455279328199911,0.4579743539127804,0.1620393596326674
2013-11-26,2.3231206603225854,0.0089004299590918,0.3509729466038886,0.2247313785563489,0.4300097874321738,0.5316961778550275
2013-11-27,0.3824210407811612,0.0183482720437291,0.4718848591861528,0.0456996355406937,1.05572723223146,0.1434762773274292
2013-11-28,0.4139807629739391,0.5069263618591145,1.8994592262621997,0.4501137028657229,0.9998059172538027,0.1417127798325259
2013-11-29,0.5302785981376915,0.2828478480687583,0.6278484892409725,0.3149605035625767,0.8555050675199936,0.0137864479435354
2013-12-02,1.528074954878209,0.2991050501129237,0.234074602799005,0.3899359987285062,0.2280190590230539,0.1475927888435044
2013-12-03,0.771433132688312,0.3371377624420741,0.7074217455778341,0.0341911669360803,0.6982973318345236,0.6057951183508655
2013-12-04,1.1128376407446423,0.131096566505083,1.2091584356061162,0.8496711281271,0.525989773848459,0.1447433015541347
2013-12-06,1.437047440401844,0.2767957036219376,1.4899413118414064,1.4830867606752431,1.1000080870516415,0.1488736807772797
2013-12-09,0.7993655863601741,0.8133474204034437,0.0998014044799713,0.0170213707208773,0.4287378582089777,0.2173594628712037
2013-12-11,1.3528557143716324,0.0515620694293272,2.020625785043058,1.7135711689114108,0.1410372042050951,1.1647484461742468
2013-12-12,1.4032683048188004,0.4868492580178876,2.16655155778662,0.0555559581377322,0.9642140886667492,0.3181097888194829
2013-12-13,0.8915638406234964,0.3527272312974284,0.0797959008819262,0.2279155934298301,1.1181470159555178,0.1697960881004806
2013-12-16,1.1775893858990645,0.134302155520391,0.784312322170911,0.4003410667033648,0.9537316922895176,0.7975441540613193
2013-12-17,1.3574615117299125,0.7059284368935783,1.983625829847622,0.4508840224246265,0.6587730094487548,0.7204484824261834
2013-12-18,0.3326570248130014,0.1838646630687666,0.5476563988642779,0.1889283755208513,0.9437913523724114,0.083092633277681
2013-12-19,0.8471014901057639,0.0714705294478743,0.6467124739996402,0.2756015240343302,0.2395693679768538,0.2036519640517097
2013-12-20,0.8644057847734736,0.4424306716942212,1.4966832121736708,0.7867401786962537,0.2907793310809559,0.362114906985927
2013-12-23,0.141875415696433,0.2816781403448689,0.3378956765139025,0.7000846667307709,1.2424907596477146,0.8350408298157759
2013-12-27,0.5563079111572544,1.526866892990534,0.5951666511443404,1.0705543106742528,2.0901043896119744,0.4472517282166605
2014-01-02,2.6765503179221004,0.4367312038021483,1.5905501728325893,0.7871096727314144,5.373142838685887,0.3758956667611145
2014-01-03,1.621529593307074,0.98761605455056,0.6089360340633034,1.369482577809436,0.5009417842566761,0.1703173065890154
2014-01-06,1.296730760686871,0.3034968407869545,0.6348388566898049,0.2445899745567562,0.5066247551170199,0.7353626639631902
2014-01-07,0.6445700732902407,0.2227557199261541,0.6430812967391358,0.0941657977845102,2.5286137969604843,0.2001531250408629
2014-01-08,0.5918221818230346,0.3385872663262713,0.654272503659675,0.949377397628188,0.3674480002745067,0.7382701839484709
2014-01-09,0.0148777456398347,0.1688799110700941,0.8213775960125079,0.1664530388418266,0.0421328627516848,0.5975495042436374
2014-01-10,1.2713562155460691,0.0875542823810269,1.6066008186480087,0.0489656986322043,0.2235786791619442,0.3784080505855267
2014-01-13,3.1416845725508558,0.4566334739839559,1.6598102565871558,0.2669103789190857,2.2143477902997835,0.4172882359194925
2014-01-15,1.1508537471909412,0.5979761686265181,0.2933106268067629,0.2471837893851744,0.5100420784978008,1.0632001582472377
2014-01-16,0.6574497565063621,0.6059902083203864,0.4040104198798817,0.0894397657197616,1.8964971166533264,1.2940891012884446
2014-01-20,0.4315447034021836,0.2994005430405808,0.3897264595013398,0.3716538008563929,0.8867604607854096,3.7034796895631343
2014-01-21,0.4711192711153998,0.4278311735269414,0.2268660903994749,0.15872038411651,0.2407958604170812,1.1207215130897024
2014-01-22,0.5596829896231417,0.0683295661390662,1.984087388724536,0.0006388362584798,0.2020433794800679,1.4372948289702714
2014-01-23,0.4135105698269926,0.319672365534109,0.49049916284853,1.074765160471436,1.3737148325602622,0.2948974067622572
2014-01-24,1.3141729611326975,0.317934527435174,0.3470473715770396,0.7852727211228289,0.4796128960800083,1.1923929593622673
2014-01-27,2.615705873088574,1.322943904965156,1.790794259807421,1.097028173706945,2.000669012367396,0.6572902925422364
2014-02-06,2.3305845949345176,1.0635375201474866,2.784728776481623,1.7961884580983467,0.5147427818718658,0.3311738088012601
2014-02-07,0.9437543845436358,0.5928186542546782,1.6192283853744234,0.828805756452743,0.0964606734762885,0.8909551529827573
2014-02-10,0.356987142749258,0.4165860512468783,0.5162021972079103,0.1346544079576602,0.4506863434862812,1.1106602603587918
2014-02-11,0.4358717735112672,0.441173536975302,1.0500313179292626,0.3936345121528082,0.4321738635643223,0.3604256920365529
2014-02-12,0.5820851998820475,0.0805505360009045,0.102800774424278,0.2094089680175492,1.3646145148651283,1.85132506585868
2014-02-13,0.1029373523650628,0.4661265412194168,0.1734046202029631,0.1464920399636406,0.1668029185511536,1.0454684753633754
2014-02-18,1.4264570758611597,0.4442126785272387,1.5005538970943273,1.010702251471624,1.0871624286050814,0.7652430026493763
2014-02-19,0.7970441453822357,0.2303868654871184,1.611904609359807,0.5847830575812247,0.3936195270602431,0.6176929102868711
2014-02-20,0.1212140292981151,0.0896787586143735,0.9194008327414324,0.0696355264349796,1.2967914554841764,1.232219983879112
2014-02-21,1.0369998019886837,0.1601690411717704,0.7013611062890611,0.4296422697483791,0.0176352546794991,0.0823398580170656
2014-02-24,0.4871482797558178,0.112582688856634,0.1910408359885166,0.1904729958807384,0.2172219884618781,1.047823735016853
2014-02-26,1.984579820864069,0.3357778321356902,0.4165223584124389,0.567965106310461,0.2486563241580058,2.2686352625561184
2014-02-27,0.7958969492592558,0.4986032011219282,0.5078333985025542,0.274535466675982,1.0241601784451662,0.8547642711245935
2014-02-28,1.1160200661738404,0.2181430315135771,1.0986245442709377,0.4523565919942771,0.5508043200941306,0.2885758489168015
2014-03-03,0.782470213332479,0.5994031003274326,0.2722807196923064,0.7521532202748488,1.041840682694688,2.258989373952659
2014-03-04,0.3718717809182508,0.0969568337237912,0.2018404161654386,0.5568324877598668,0.4923594099951757,0.5964945311246164
2014-03-05,1.2502289086152252,0.1449855927919943,0.9577737683182936,0.383516328260299,0.4315228010823908,0.8681959662091996
2014-03-06,0.613781111298476,0.5223827924697078,0.9354862761647292,0.4012304722287524,0.0421581302698104,0.6276570237106587
2014-03-07,0.0419639422550935,0.3503146761381305,0.5383609969698805,0.2263241627285734,0.21201986342757,0.2054718371884072
2014-03-10,0.1846399584871464,0.5582421610502329,0.0832736163052724,0.3075300606596565,0.4459783523777343,0.6773043838946943
2014-03-11,0.5749179302661478,0.355556845603426,0.6507008536632919,0.0885551957838684,1.122616119570242,0.8206906725743432
2014-03-12,0.4224087496353599,0.5456368869758035,1.0331003752470926,1.0268548353719882,0.5777929949458824,0.2579507929983863
2014-03-13,0.8879925894299889,0.0142962269748856,0.5069746519848021,0.5191954305386162,1.0326728289044933,0.8774650474564891
2014-03-14,3.175260811240622,0.7582854290282527,0.601354493943523,0.2492214116489727,0.1225118415689129,0.2701230617787233
2014-03-17,0.0503356370412341,0.5546568067056129,0.1368125042576083,0.5974828192816031,0.3579065845944998,0.5897159565446534
2014-03-18,1.4579401232697695,0.3047378777905524,1.0346241312249227,0.0549693132108196,0.2923461369296781,0.0849851327176907
2014-03-19,0.3291807590184721,0.1792130448198778,0.0627977086256046,0.4239992392990667,0.643685829039468,0.9523565476430628
2014-03-20,2.5732166064744497,0.0401639643316352,0.7009453591867638,0.7673625421021636,0.2054524513042722,0.884029474966234
2014-03-21,0.0264214148609879,0.1269666946944943,1.2243269697651524,0.5281703540968132,0.0712697608439418,0.2479181975475806
2014-03-24,0.4289543031673223,0.7317376884320516,0.9640654758488942,1.2429850724428904,0.782174552268939,0.9592399691439288
2014-03-25,0.3677848218185013,0.1808799323847415,1.0101370151311673,0.246465898573446,0.304003348108094,0.9426231528876804
2014-03-26,0.5333175885047234,0.1071710960327244,0.1917274498502053,1.2533244239482388,0.4737566566108683,2.317926131660045
2014-03-27,0.1096803071392683,0.4194232669012279,0.5181560313625927,0.6070605466151381,0.3305854093904367,0.3530813377838129
2014-03-28,0.9528706667554732,0.2087833610560386,0.6931641352074686,0.3065678254911969,0.9505235782372872,0.7007618825472566
2014-04-01,2.1916437300561085,0.1606045358704617,2.40956193216137,0.8272337270624666,1.3481622589236928,1.7723315190730229
2014-04-02,0.0765383996882829,0.2292036283105479,1.114307761925838,0.1796189111374703,0.6565890280351632,0.3740823910700551
2014-04-03,0.4326123066996593,0.195812744955574,0.0097175927531149,0.8507991305032505,0.3873989349320144,1.3269657015863932
2014-04-04,0.6846897996518793,0.052797259557178,0.3936623755503746,0.2282089871798338,0.0567713835552975,0.6088916721576939
2014-04-08,1.297854497987232,0.2318695810832867,0.3998888594569187,0.2689775117766823,0.9143653693354916,1.7069854156676827
2014-04-10,3.214329997607654,0.3884859949704046,0.7772370014454828,0.0159187271968867,0.7382093319033053,0.3187835803296067
2014-04-11,1.0612821087720452,0.3695937729975012,0.6335870494089773,0.1674562977144665,0.0287919908065764,0.1264664450110304
2014-04-16,1.1648730622283674,0.3942665931940874,1.1187851235177724,1.704471642033661,0.9086362508441904,4.474470903525978
2014-04-21,0.3948036795017148,0.9470749193208464,1.4336403349272198,0.080814716921936,0.7978969415058157,2.8524668246968456
2014-04-22,0.1208921508098021,0.187163509017835,0.2573767325679587,0.6642839400167325,0.1400296215178155,2.0798437671693266
2014-04-23,0.1033178029652412,0.0498119410134309,0.227676658727069,0.5973516330336233,0.5876460051278676,0.0895341650183976
2014-04-24,0.0422894455810398,0.1109108858121529,0.5657427938308358,0.7924272537458785,0.0505942041742249,0.1930129917873299
2014-04-25,0.1341128232052905,0.2307971384510348,0.689157441028344,0.4994244764059264,1.0251506759829183,1.472124586051484
2014-04-28,1.6237902940541222,0.2819687115225019,1.2152646290093805,0.7637222406671316,0.2177738792002701,1.0104077211711897
2014-04-29,0.0191595309145382,0.193803458084712,0.4848673771138029,0.1533835370986888,0.0779140989610238,0.8513647114685727
2014-05-06,0.3063270055205901,0.0586105009775614,1.932253904422888,0.2412373974030945,0.5908356656664561,4.040757636641277
2014-05-07,0.569299118716457,0.0,0.2578045391483977,0.2817077164537095,0.0997658772916292,0.871691855965864
2014-05-08,0.0242660207899822,0.1294513926344906,0.2471592448545925,0.347310700749305,1.6961660135619228,6.051189891654674
2014-05-09,0.763379443775892,0.2080677800401296,1.205524052824217,0.13661738992446,0.1197235951650919,2.8743038028253616
2014-05-12,0.3029185263557466,0.0342913988034151,0.525969070192774,0.9174418135905484,0.1620325411156281,4.797476834634617
2014-05-14,1.5879402268697014,0.7006177968032545,1.0093747550852503,1.1312330158693036,1.507696029691224,2.3850239029313167
2014-05-16,0.7968463885117495,0.2200649779439105,0.9158962258752094,0.1073343139093807,0.6589830929093692,0.007554153843929
2014-05-19,0.3299579297676583,0.1978554996673873,0.7771455193779503,0.0049089887709985,0.3814070577393051,0.6682189132423761
2014-05-20,2.4023272551969894,0.3136707146648665,0.1720284920166103,0.093139886571442,1.1364290228891931,0.8369500357612889
2014-05-21,0.2924038967151415,0.21978699723007,1.7640490958883654,0.1130626772170935,0.5883683804700869,1.1762665675590858
2014-05-22,1.206265544508794,0.1018101265804122,1.003471911868494,0.1188791717505468,0.1630919861818975,0.3960911949804129
2014-05-23,0.0638703121465664,0.3151438892280059,0.2822187297275355,0.3777728205073681,0.5974211902398445,0.0443123287840268
2014-05-26,0.1838048383472746,0.344045753987579,0.3074629767872456,0.1481462678116853,0.613971599247152,0.4734935841799721
2014-05-28,0.4352650509621166,0.474499755154384,0.0374132126800102,0.3368505568538617,1.039033638911107,2.4115931735843885
2014-05-30,1.8558161787560896,0.0918532675813049,2.087525763161937,0.7311586280835259,0.9182146823359358,0.8361969821609645
2014-06-02,0.3708472330555602,0.4885461123895383,0.939515310836768,0.1936892188701587,1.7650352407202154,0.9331327428884304
2014-06-03,0.610224126820384,0.4442336956402734,1.338756381709927,0.1688178731466024,0.9187782937658184,0.3513933839140317
2014-06-04,0.1942994551615444,0.3932904624634356,0.505182540418445,0.501761788629791,0.3333726135747449,0.9530560711412636
2014-06-05,0.0608018078767656,0.2035268699890283,0.0867141342970609,0.0161598983208536,0.2590824508666208,0.42732012587478
2014-06-06,0.0326518567697148,0.3376506630234455,0.1451020667684943,0.6016078041409914,0.3338845263278922,1.4304746056501962
2014-06-09,1.060718577647927,0.0531340136810847,0.5913593070758677,0.1747265509676529,0.0493922245845973,1.168376781983841
2014-06-10,1.2411056127714148,0.6908587859917272,0.3644879755447433,0.3448964864317855,0.8125746569878014,0.2260486613766516
2014-06-11,0.5213938834820915,0.0942755995063081,0.459260799068401,0.1148271576412559,0.3736906835078682,0.610245903462174
2014-06-13,0.9149372654290364,0.0873481941905293,0.3564774717630521,0.0975184496760278,0.5267582440172348,0.7197543388143754
2014-06-16,0.8398661058196271,0.2753253464604209,0.3913350126964406,0.0908327149352328,1.0813396995036904,0.3679648394733097
2014-06-17,0.4912345607699424,0.1612319878163426,0.7950499796404633,0.4819747772786915,0.0564045355770804,0.0209676574652987
2014-06-18,0.4421032678699707,0.1055657520411504,0.026853891938149,0.072050711849777,1.345501320569801,0.3886967810125842
2014-06-19,0.4837292622912603,0.2607742970383658,0.0558066122693089,0.2377099547226696,0.7242785513764162,0.4712593785551749
2014-06-20,0.3412651891427578,0.2251004501844607,0.4701274670501593,0.3131207339113873,0.367336528603725,1.1647725490658614
2014-06-23,0.1150126719316793,0.0933771527251458,0.4599487538727425,0.042974326030966,0.0960433940472486,0.9124053710830488
2014-06-24,0.4144804597863293,0.443292703029753,0.4585688912124482,0.1420408771974834,0.5311218197693112,0.6727390956892191
2014-06-25,0.4794930976778682,0.1470119476898524,0.6106727944665881,0.0150221498401022,0.5168250979333933,0.443079156760527
2014-06-26,0.6886363250156147,0.0222209103038485,0.837778411682431,0.520788412057988,0.6103265294673337,0.7190956143699166
2014-06-27,0.5615858751356021,0.4794576494255381,0.7285465609897449,0.2296323359579601,0.3890956989930961,0.4189684285150383
2014-06-30,0.6879751472312302,0.0945843572887047,0.031566325757031,0.4712981556131579,0.1690817666521254,0.1192791532578419
2014-07-02,0.606772711472096,0.2191246496583236,0.0918595220127453,0.2527768608324215,0.4070491840213084,0.1158237879389752
2014-07-03,0.398878654228172,0.0979982031370363,0.7085161161318129,0.2826957883279752,0.0937951797455936,1.0689039924318295
2014-07-04,0.348976355721671,0.2003343499683411,0.908556095475442,0.0274972457862474,0.1753068450698659,0.7374199990931444
2014-07-07,1.6818340363608453,0.4018613794103017,0.5274607263082085,0.5886853677569904,0.4921588230653994,0.227111043010456
2014-07-08,0.7126466998215237,0.0079269996260816,0.7252893243144573,0.2503451627918847,0.2902891471286165,0.131961851727441
2014-07-10,1.4482099764872465,0.0015866396172854,0.1629019304103871,0.4224155720149273,0.6894585945258029,1.1204265634896855
2014-07-14,1.5208559590460091,0.4103259515582804,1.55208087267243,0.6548318808572317,0.7364054976506592,0.2305506054901319
2014-07-17,0.9936237701119444,0.0918246281630467,0.5400870956067854,0.4822751358480882,0.4195950336986083,0.703725494714625
2014-07-18,0.3113149791034278,0.5415213525490657,0.208303158939446,0.1100168080274337,0.1466242446724443,0.9927354563272628
2014-07-21,0.7853642860725003,0.2314489219642634,0.3177470402981298,0.1129087852956509,0.3346410308881459,0.798467451052433
2014-07-22,0.8540561325917106,0.1454530044208139,0.0718807766435084,0.0796206028128085,1.1597319990810904,0.5104179485617155
2014-07-23,0.1908072103369102,0.0251107057323405,0.3339422482332354,0.7146751104194754,1.3551802537755513,0.0803024769622188
2014-07-24,0.1061852778780465,0.2784883026595858,0.0439646950392869,0.3940482921650715,0.1529736529388758,0.7602824310738968
2014-07-25,0.1931664040277552,0.015444159590907,0.0049397077496082,0.1109766675080296,0.0045384441810015,0.3194146784913417
2014-08-04,0.5964598321940683,0.0820601987983713,1.5671539044888632,0.9528357874015942,1.5976920687028235,0.1834587482318791
2014-08-05,0.1986287976135525,0.0474294453615151,0.3488333288533344,0.278962628682825,0.6298473519257594,1.4402330537368948
2014-08-06,1.0004665476873822,0.3613882872994109,0.3595470181174698,0.2238284156399536,0.4306205637399417,0.169626943828926
2014-08-07,0.1728553382157847,0.1391453630249938,0.089753533595577,0.1811758760358479,0.0091973308240076,0.1515251623996347
2014-08-08,0.2612115738000772,1.4809304776523282,1.082296678902982,0.7672203824895273,0.1288354724134408,0.3610737198514905
2014-08-13,2.2405350200045007,0.9827275411596208,1.5274487146550166,0.3799534153030297,1.5818337429076537,0.4419841823780053
2014-08-14,0.2464626357110752,0.1903376186571352,1.0644150768449083,0.1995026310898029,0.1671836702580766,0.4122488268214236
2014-08-15,0.1278073893411042,0.1465476982375459,0.7461593016901942,0.603364851254438,0.3011100844655145,0.1670125812975371
2014-08-18,0.1511601199410901,0.137413726903417,0.2717327182524105,0.0600520638702787,0.2758200113492792,0.1389210688806142
2014-08-19,0.1630897141847163,0.5575957136712402,0.7819831670118133,0.1101157674613876,0.0317638180025708,0.0727441092819772
2014-08-20,0.4828249804867527,0.3588321991145217,0.1938078267769366,0.2174664681452371,0.5120254757292289,0.3401195347073412
2014-08-22,0.1680422184404879,0.4213487413737611,0.5144170085658257,0.0556491500768517,0.3990011659098721,2.19108240520583
2014-08-26,1.011936577387433,0.4913222236398422,0.1857251793110149,0.0746024852594139,0.2053211823245761,1.4281382657994288
2014-08-27,0.3626008089438947,0.5655876429885762,0.197246874714263,0.5533811645490896,0.2822571429493842,0.0461111605126837
2014-08-28,0.3716418307385118,0.1760937460603771,0.8380821020801772,0.3369466456362651,0.3540696558217217,0.5171331321523014
2014-08-29,0.922681366196104,0.5115246513989634,0.7039528861358662,0.0940284594094603,0.1653457963050751,0.7283192644743537
2014-09-03,1.6846647478566457,0.0664699508719512,2.1762921115877725,0.649504558418681,1.3762190229963025,0.6419311224735859
2014-09-04,0.3607668071373085,0.2324517860140253,0.0265112983258517,0.072588253466565,0.2238406917865033,0.0827497958958
2014-09-05,0.2305206669513091,0.0401319552417702,0.8221153485753543,0.1378606415573305,0.2901325292775891,0.2455293796436661
2014-09-08,0.5571202589664237,0.140658922487669,0.70459931044661,0.1958999428050913,0.0284039424609288,0.1877200394819255
2014-09-09,0.945346958252098,0.1618082825570902,0.8411287191073483,0.2326998690069683,0.1003782204298801,2.041483309773769
2014-09-10,1.0469602793668031,0.1746353315456888,0.565311412862301,0.1296122280010133,0.0663472991401361,0.2994300329129428
2014-09-11,0.1938105735899079,0.2536817533993682,0.1487318437777099,0.2587576388119054,0.0796718199352078,0.0302117207873002
2014-09-12,0.2078039128212484,0.562638453580734,0.0025017569080782,0.0516965315743789,0.0309901709441133,0.5564862278805659
2014-09-15,0.0230742899664186,0.4504517912419744,0.5654744505141351,0.9936993349974184,0.1417500267862384,0.3420864252661822
2014-09-17,0.837821395111746,0.1907311964980881,0.9806135072876776,0.4838899236004612,0.5384537825715524,0.7452263788394707
2014-09-18,0.3839439432696279,0.083484703142676,0.7638262809726629,0.0245704231547685,0.8615283608328903,1.588485707021876
2014-09-22,0.2236516844651647,0.0395572673315588,0.1020127681175567,0.0218376093595211,0.3327326236195689,0.6304338604827654
2014-09-23,0.6089508798874615,0.3179452436092524,0.1132496074002736,0.0460984955146595,0.0389978187586451,0.2519799749391873
2014-09-24,0.2722790603605661,0.0059770263953219,1.1440671146756447,0.1602218303739048,0.110622179263683,1.1202937642813258
2014-09-25,0.5276359741365854,0.164532920030151,0.8338910143079611,0.0552892977381295,0.0062801101685287,0.2498574134908583
2014-09-26,1.3318622441419026,0.1417080417690543,0.4522028133790915,0.0370631524528719,0.5118845745034439,0.0198333995096849
2014-09-29,0.1839150635256692,0.3168008787333589,0.0558980356429766,0.0756614056673858,0.9020915102569286,0.8632478322358214
2014-09-30,0.0862316305948436,0.0016198245902195,0.2434622851500327,0.3953423138769961,0.0075671844578915,0.1635268765347566
2014-10-01,0.0648730267262496,0.0536409297312465,0.2063038550202511,0.3867985550533403,0.1058885091963521,1.7333866667654778
2014-10-02,2.763099111940675,0.4148739362638589,0.9927999877090934,1.0898372620289625,1.1162326144869323,0.5548613582373496
2014-10-03,1.0344230436748283,0.1707159625226988,0.7030286066240472,0.7568755261590611,0.0350348458788736,0.1813414862129571
2014-10-07,1.6729114783339776,0.3962549549428614,0.10561489327139,0.2847369194978614,1.9867722489667112,0.4128494885963225
2014-10-08,1.4877483989763076,0.5041260374758777,0.7445370054143446,0.5341020447704392,0.2595061734387813,0.5165116165769663
2014-10-09,0.7105827609864456,0.2961118890633483,0.2253329428700919,1.0034077384471607,1.1095455775822225,1.1404762790457763
2014-10-10,0.6210614655509001,1.1460532389548357,0.4807506176185025,1.0914569960046254,0.5068548243279889,1.0659811420762242
2014-10-13,1.0106742906936694,0.6478000875675379,2.819487115103043,0.6760108899072599,0.670100133511462,0.5682110195065747
2014-10-14,0.1937609789089666,0.0456339535125826,0.3166532446243792,0.2423182505835575,0.2868158181014577,1.3819778800893414
2014-10-15,0.8165099321123871,0.5324854003978683,0.6476175794297666,0.1351474429607567,0.0407217965667321,0.2479176200398729
2014-10-16,0.2284757767664517,1.0729801202028286,0.5333928490249568,1.401266456734494,1.3834347425920777,2.873982908152706
2014-10-17,1.5496842300261846,1.155219626028018,0.3614631104133067,0.4277180823649792,0.1675976728838288,0.32240208744145
2014-10-20,0.2301297219822667,0.8258525130373305,0.7725027526120845,0.4196109439024318,0.1335295309930294,0.6743205744236791
2014-10-21,0.2222071526655896,0.3845157194433841,0.1486667042341288,0.679534406289223,0.0347240275043379,1.9012331053761635
2014-10-24,0.8656131892343443,1.2525482654821989,0.5012863059803395,0.6166296383025494,0.8982313983474646,1.5167312554213088
2014-10-27,0.9661190440956796,0.2355864500742563,0.0001374753747236,0.1104123606814307,0.5168727319436238,1.827212593569988
2014-10-28,0.4585828676046604,0.1386762139186801,0.5193953359685825,0.4492317009185103,0.5566280873248652,0.400368254515085
2014-10-29,1.444180953266048,0.756845324136244,0.3752791106231559,0.3847345534762074,0.3936921284162764,1.3744223578254977
2014-10-30,0.300151679235996,0.175431383314848,1.089165849092534,0.3183492302663805,0.1713500731836944,0.3490523224738274
2014-10-31,0.6049793001011547,0.669025161483055,0.6219609424504521,1.227320402566921,1.194489440406757,1.966482972060005
2014-11-03,0.0793722665077889,0.0976170216045618,1.3369725512397732,0.5054042818110756,0.3148560979499339,0.383724588153893
2014-11-04,0.2868888139015476,0.3231813306960706,1.249981295507136,0.2820890802001346,0.3773296488661332,0.7923206720705905
2014-11-05,0.0810416804039636,0.4377936134368319,0.1829377800185788,0.1817589368742141,0.4901118017974605,0.2308851619610911
2014-11-06,0.645500131138425,0.3982310326173134,0.3851714966866204,0.1039727045097463,0.2134144994961848,0.1406022694513103
2014-11-07,0.9341265543883454,0.4261317727085829,0.428042734787507,0.1389638439977001,0.1519416591011496,0.7897145436860202
2014-11-10,0.4428227769208742,0.2048187692184979,0.1889186348443798,0.4435787653708719,0.7012772720693609,0.0780270810146191
2014-11-11,1.3382710530454862,0.1543957301002398,0.172674523426111,0.2684635751576923,0.2459734398683047,0.3498159160596363
2014-11-12,0.3284684102419872,0.4871826504200769,0.3923186965169052,0.2566948267181143,0.5853351406433666,0.0364166063747807
2014-11-13,0.003423647676432,0.0236743236934086,0.4745216869231878,0.6441403512732962,0.9671162449720192,0.1408252591557021
2014-11-14,0.016237107842193,0.1113081157956162,0.2595728459163725,0.3244418902513546,0.0843589081171466,0.4653026209480712
2014-11-17,0.088189419255117,0.4038410665029255,0.1713895294140769,0.8176487298426648,0.4330796574499735,0.0948979917882646
2014-11-18,0.9555881728563732,0.6565807900329106,0.6334214454511647,0.7591233281411668,0.7745281057955544,1.1178348965693474
2014-11-19,0.4978087648488142,0.329969511469366,0.084838204891225,0.6266316951672676,0.2355292382790324,0.997809733036536
2014-11-20,0.6724516027558282,0.115171925539648,0.0074291195862496,0.5702122013400271,0.5638505975862758,0.8411873545473677
2014-11-21,0.362134602052427,0.72479039222928,0.0994144552816376,0.892374242199811,0.668382314952922,0.8955915450118304
2014-11-24,0.5796737829363917,1.3527898240773044,0.6704862812073321,0.1432888806090089,0.6903713104899212,0.9397280745705088
2014-11-25,0.4447913607839937,0.2608720717973129,0.5239518912638369,0.1334215314913463,0.4179585271350795,0.5785507904505292
2014-11-26,0.2748994077685754,0.1961560021251826,0.9525121645002398,0.139512079065154,0.3638907798147749,1.698909143491181
2014-11-27,0.2389257643812864,0.6677444423396438,1.2481414774613844,0.2600642762658829,0.5528339988372719,0.5483376520228869
2014-11-28,0.0888422002514429,0.4941403398947737,0.3989098432821329,0.2851409283472458,0.3700950857590392,1.1075437705920066
2014-12-01,0.2792256273970666,2.368440803142459,0.510732917973903,1.3479520380025027,0.0056521657230076,0.2520735696943917
2014-12-02,0.2225299298775708,0.4320676032860111,0.1703466492955523,0.503328659018347,0.0112963538821398,0.2496836295035395
2014-12-03,0.1885356809686799,1.5699534855515185,0.2246861471847744,0.5714173243767522,0.0363770750036593,0.9525462870196392
2014-12-04,0.2149472273446834,0.7112274335119447,0.8308016347152792,0.043284817281341,0.1992303324119918,0.6069768734897089
2014-12-09,1.065077163736225,0.4357310865376522,1.601556199549119,0.4534585900066641,2.4198886676036957,4.070457573088087
2014-12-11,0.5913942742346178,0.3715527621911795,1.5680772064853847,0.0343490202138145,2.122313787575321,0.9408258140041924
2014-12-12,0.1500666481590328,0.665984142156055,2.1280400736916705,0.1634825213256595,0.7798227004857853,0.692006674417433
2014-12-15,1.0127978092799206,2.080355534134731,0.7091168848380582,0.9062850721272973,2.4361112814913226,1.0890783410713545
2014-12-16,1.626255632993299,1.3864585272361496,1.596601307697372,2.428972134637099,1.139378981630023,2.361914665647281
2014-12-17,0.1912424124508101,0.4744027139482288,2.7491723516364406,0.3768799692887275,1.2549680539391528,3.212853238592176
2014-12-18,1.5311430060117466,1.0674688874645033,0.9012939498184688,0.507503072685294,2.441910462957332,1.954833093510716
2014-12-19,0.6097890143039434,0.9391357710347876,1.3613875046850572,1.100091954542842,0.16099975532921,1.0194660065189802
2014-12-22,0.3670578552340094,1.6219854945558727,0.1912406111406163,1.5560410627454964,1.4735536899675934,2.7249642447375324
2014-12-23,0.2590572493227774,0.2862788511654962,0.6568661307948885,0.046523774036599,0.3689647021059734,0.0632311118127256
2014-12-29,0.7619208336643044,1.100804580188706,0.6138652654663043,1.0501255242922527,2.175446050796201,0.9714618321725152
2015-01-05,0.800554316747855,1.814016458781104,0.6349979912627098,1.1771369152110285,1.0042091084029725,2.1855242158126007
2015-01-06,0.980560134635136,1.160677882759043,0.0152579817019137,1.4017919776603545,0.3830041549650785,0.952379446310226
2015-01-07,0.7335702089695001,0.4320158932223355,0.4381853311301671,0.4987664752332452,1.5559398542850658,0.4338716629973745
2015-01-08,0.0904114701748716,1.0985671145044,0.789380466360391,1.4074202242077332,1.3810570422719743,0.2568928252637832
2015-01-09,0.0927634382696421,0.2531359717542301,0.4751464632462788,0.1995995595570814,0.5113053726936885,2.8955014256479563
2015-01-12,0.5522944034658752,0.1522710892286986,0.6010466019203395,0.1930161561541098,0.1169639710380491,0.8024167873964242
2015-01-13,0.5080772221472738,0.7933536314320634,0.5507792699063987,0.1142640595119581,0.2452570778095466,1.0875319322301928
2015-01-14,1.0543914222386848,0.3947408284760697,1.234140902693199,0.4472676403824993,0.767117898467099,0.6202454210080157
2015-01-19,0.1469234375113297,0.6465838879183452,0.0742519325058681,0.5565389973707426,0.7931752354903031,0.95776164858956
2015-01-20,0.2713089972851099,0.1826828694255969,0.4352595298748014,0.7925719920257781,0.0182402181571405,0.1241551924322381
2015-01-21,0.9474029705064332,1.1351738708257677,0.2852573409549774,0.6112003054931922,0.1477661137119481,0.5432224618731005
2015-01-22,0.7244083093565882,0.656565395874256,0.776208695528468,0.4708013640649869,1.4837074213012973,0.9478412426436132
2015-01-23,1.3369057297745517,1.1900261958258584,1.7724217847918171,1.2153271608741605,2.4055582338123065,1.3553435006900274
2015-01-26,1.2067680608858296,0.3689393235414917,0.498689501084587,0.3812028789872445,0.6288711895295467,0.299221216872145
2015-01-27,0.3250400333850321,0.3739355323813457,0.5769774921460951,0.4017181765336904,0.0943954322726196,0.2310465362181759
2015-01-28,0.1573464051485499,0.405109622459301,0.4003517249248601,0.2034723361764004,0.1885239694383186,0.7669461354786348
2015-01-29,0.1164931371078448,0.7657791035683192,0.5744091270989751,0.0029204620030199,0.4032475173628172,0.082259395918979
2015-01-30,0.5057957651649477,0.0516379649646115,0.9487149697557976,0.8178922332729253,0.3251640119356444,1.243816440840788
2015-02-04,0.4880939920641709,1.214206307900486,0.3394778399909685,0.7745965559791707,1.1669235326145002,2.570645807121923
2015-02-05,0.6680262994493817,0.0038793208945671,0.5434582347395877,0.3220913813317421,0.505653678605478,1.0136359404237854
2015-02-06,1.17903266162719,0.3515531934094589,0.7004115000561195,0.7247836951276704,0.3544856873393153,1.2196769090104764
2015-02-09,0.1114037396005457,0.1181995657682944,0.7013183935754422,0.3895273590008268,0.7377022483641952,0.1010734785613772
2015-02-10,0.5060223466003021,0.0253932672410678,0.7665560449776159,0.4734204765853982,0.4260646934420261,0.1689792836345405
2015-02-11,0.2823220401150691,0.6742301522762095,0.47645754735046,0.300345141162568,0.6343647871700833,1.252308198543742
2015-02-12,0.1290662146110389,0.5507232477268216,0.3651671541570788,0.7401289230109094,0.5151487719869866,0.4989593952983133
2015-02-13,0.5738982427700882,0.6618374597898143,0.7605975539505833,0.2059795404321883,0.1542128887601728,0.4386009369217238
2015-02-24,0.799689379265222,0.9796716415636172,0.7868883256203203,0.3318889612454485,1.0720097813508074,1.6399762920137764
2015-02-25,0.5117460229199942,0.1551816128033203,0.1173575273587566,0.0936250327538029,0.5853283599798349,0.7212479042848878
2015-02-26,0.1158894744454899,0.2755229539669268,1.020865144038269,0.4266826082970519,0.2651746367976573,0.6827112898359284
2015-02-27,0.0206927003072885,0.0186687730858151,0.4365337670105324,0.682963190410254,0.4112513619945792,0.6978982156094806
2015-03-02,0.5039687532545853,0.2242757852858508,0.5591955792048241,0.030257763664202,0.3073378611317482,0.3109949265624498
2015-03-03,0.0586519746230128,0.2264742480242678,0.033308967353178,0.533848758157173,1.2273713177071617,1.00889314217194
2015-03-05,0.4333395725751244,0.8358809811794522,0.5454168580456611,0.787405896876831,0.6103671833371344,0.0318356612358392
2015-03-06,1.1643735651491234,0.0481584894556201,0.5394023391519357,0.6528926265183934,0.9584893461194948,0.4937535222549346
2015-03-09,1.2802552099908424,0.8458644319841678,0.5234169996723292,0.3793551754398417,0.5485997214797637,0.9353845654705788
2015-03-10,0.335445276015129,0.1122449716513256,0.1046720239837999,0.1855128036701211,1.855261293723956,0.2071132223254563
2015-03-11,0.7969227204130784,0.6485618557368829,0.483762379456784,0.5805050083425826,0.8325528588020411,0.5305232643810369
2015-03-12,0.3732460474093218,0.4886342160420134,0.6285112784607072,0.1478036312863441,0.0323815331643117,0.3387035499912822
2015-03-13,0.2460123560267522,0.286945577689257,0.3869784222230882,0.3215407487258252,0.1808177050433431,0.4137478978984477
2015-03-16,0.1621320394503087,0.067931637837584,1.01142901587501,0.393839166511306,1.6996865045711715,0.9083959971797344
2015-03-17,0.0713938717809306,0.4108253420376671,0.7493554899011069,0.1805543605581609,0.1802913930057549,0.1651528038473161
2015-03-18,0.4791978472884804,0.541075850957084,0.4183807540107909,0.2436221247836558,1.225899083471353,0.5308343787669979
2015-03-19,0.7491174575863822,0.6410346486395755,0.7445830176812848,0.7234838313192904,0.0411280011417156,0.857331573242444
2015-03-20,0.1980204878032394,0.3033666388243661,0.049000133413196,0.7731050733256245,0.1417361562083999,0.2958633530135946
2015-03-23,0.1096821329983933,0.4333969183128416,0.2824005319823425,0.0677181396906339,0.6524645531402773,0.7938418944785136
2015-03-24,0.1938457342072072,1.0077989833468946,0.1474245704040137,0.0917469827158951,0.3664615706044091,0.6079152884371527
2015-03-25,0.7769070423612765,0.278543616516884,0.0944752088138845,0.1686116817684143,0.1090033863813158,1.1521273176169082
2015-03-26,0.6810492665450536,0.0373843522450918,0.4425967666235429,0.3669770215863438,1.089334162295761,0.854009791680266
2015-03-27,0.521180844571123,0.2781026451754962,0.0871145794041568,0.5379508203690287,0.0795595402769211,0.8559253395669948
2015-03-30,0.771573577930668,0.4654476410808193,0.2719110773125098,0.1205010326234365,0.0862403459454026,1.136241148002282
2015-03-31,1.4605832144880149,0.4900655252254337,0.518692279799731,0.2101063325027225,0.6281511965675548,1.08363582276757
2015-04-01,0.9432033723048836,0.2444551718268533,0.6602383167053661,0.0002903893827722,1.295738777810416,2.242213490324443
2015-04-07,1.0267978178418906,1.6400816524967696,1.3123708255723086,0.5381487297824734,1.5577041233132731,1.692741564575564
2015-04-08,0.6667867517210732,0.3345162073717245,0.5694917315105642,0.142650083010616,0.3018396174253903,0.0711789267433653
2015-04-10,0.0866440639775937,0.3247968713609999,0.9244720183140992,0.3375122266823591,0.1920639748812046,1.1454629441653308
2015-04-16,1.2941247844780257,0.1966217879033633,2.2305397499177646,1.6913683970930606,1.4221697736252588,2.5395418098189992
2015-04-17,0.1862897053412422,0.1126187836787865,0.0164838144276074,0.1819569136872993,0.2008400463794143,0.0070385359874318
2015-04-20,0.1820445087220105,0.1515785189653492,1.0323806653743757,0.624320983122615,0.4176324888789956,0.5788115263083902
2015-04-21,1.1006086212300976,0.7619687533101317,0.2333228296496211,0.1528869196999349,0.5770611329995206,0.4967720101934332
2015-04-22,0.4304422799219697,0.4320048654253204,0.1774258514737459,0.3531875735791661,1.1110634006146214,0.0480106699597662
2015-04-23,0.0167410794866525,0.4696261402328212,0.7506518021889865,0.1860271739805934,0.4630548340083276,0.2242472641866102
2015-04-24,0.0157107829336875,0.8898151493747631,0.6970057953272594,0.2921999014486297,0.6850973716250282,0.802119613591938
2015-04-27,3.5564598615153304,0.1611967631938583,0.1360529182351814,0.0810971289145422,0.4271517893587231,0.5974294695928339
2015-05-06,1.1599997516294476,2.098132208695706,1.0665997308547912,1.6073439696329528,1.8868391228174568,2.356860014788042
2015-05-07,0.6669188042721309,0.8753331669344663,0.7313027582339353,0.7837467811605369,1.429354220384366,0.6677094154461105
2015-05-08,0.6141115950400542,0.1411694278109836,0.6811557743110191,0.5586235852431681,0.810950323014595,0.2763006389874112
2015-05-11,0.1879526159117085,0.119565498611221,0.1890462896208984,0.5428456088127542,0.6115916652171345,0.5134799472038528
2015-05-12,0.6384601286193471,0.3817881460810483,0.2138380152324202,0.8236538624819415,1.0431948440529082,1.3247401965829173
2015-05-13,0.7753958895008756,0.2448911397164241,0.176893996035625,0.3144036742597328,0.6861940374148544,0.2924866189336882
2015-05-15,0.3635295676494521,0.4924033173635153,0.938167353232704,0.2871542775713545,1.0797468597024271,0.996064740172262
2015-05-18,0.2047767316476719,0.6370650477379991,0.3606804126327968,0.1019846249548483,0.1177732711357676,1.592321643119909
2015-05-19,0.600734871038575,0.7585610276764229,0.4957653177922324,0.1599751906840193,1.0242534820982434,1.4768933354776073
2015-05-20,0.4426756674721772,0.0215487829363035,0.1348309127314483,0.4166147813761229,0.3841003575948995,2.4437237093852704
2015-05-21,0.3858022372002037,0.8360281243325839,0.5923460045743075,0.0052380182473909,0.403105541844025,0.4461944899304966
2015-05-22,0.0365968801730193,0.4209331989845097,0.3222639417620757,0.2995579670747358,0.1567166527813226,1.6619489113366763
2015-05-25,0.5053243857890584,1.1319768843030744,0.6247268548609228,0.3087868074270856,1.0356192498564696,0.2098114245606374
2015-05-26,0.613410478447483,0.1874617853213508,0.4264657418297859,0.0251448795090247,0.6772866583737119,0.7432347078227345
2015-05-27,1.2769390411205543,0.512623452779505,1.6937588877290206,1.0178866856600195,0.1907407760310793,0.1270199874399252
2015-05-28,0.3047876945860977,0.0290553353182046,1.2403771947034952,0.2095638874055413,0.4828929944420784,1.1391583979654385
2015-05-29,0.4021894745300871,0.4590276556963532,1.0000444889827131,0.7536119013267245,0.1632335443137791,0.5969226410379103
2015-06-03,1.660053507977335,0.0943763677409692,0.2481823739805312,1.2539568577677058,0.9388611105460984,0.2918786029406957
2015-06-04,0.6782177005888391,0.4406099645527864,0.1061177716003173,0.1445916159411554,0.5940257841372673,0.1917512396064554
2015-06-05,0.0931893681009264,0.2208309153983411,0.3574152529080551,0.3392917789545693,1.0986426344594815,1.583210932646929
2015-06-08,1.6920783064556286,0.3374681110261159,0.5570384720063615,0.4009576682213099,0.0603540994441787,0.3039988523057525
2015-06-09,2.322077387515403,0.5996790260957909,2.1806185032959955,0.7618613778333516,1.0638028161791353,0.928708052479282
2015-06-10,0.6849165329518283,0.3798309721831999,0.8271909786331461,0.9255646787521228,0.7822926885536955,0.0644279430594198
2015-06-11,0.096226727797128,0.0501381765012303,1.6046861482398835,0.6563326006259548,0.7135210345476579,1.2033214495291418
2015-06-15,1.8639167363819145,0.728974417862931,0.6358368870217099,0.735748350487889,0.8565732508198177,0.9301755246448512
2015-06-16,0.7168674758265424,0.0046426695003538,0.6592860463395115,0.7563534938770943,0.0925082259732096,1.050719710069944
2015-06-17,1.490171913354128,0.2678958518431859,0.4099262284234055,0.83997547673832,0.7627434292164894,0.2553442494335375
2015-06-18,0.0051339557673602,0.5074055022433978,0.931777368726679,0.7693585017622642,0.4466020943816045,0.2553442494335435
2015-06-19,0.7956704081442685,0.2122175865148423,0.0748281237231442,0.0163613993828904,1.105534055243753,0.746752536699315
2015-06-22,0.5179665353557861,0.6362675800982415,0.1048001722847984,0.428347978207244,0.8412677522689628,1.5915095247145108
2015-06-23,0.4365819283705779,0.3410796643696719,0.7596002063695458,0.7408142121931579,0.0552043956717598,0.1701554552814265
2015-06-24,0.3208556156903627,0.2787344616886413,1.2079210119882953,0.3452359956592076,0.994883538723981,0.5156001245640492
2015-06-25,0.6780584868701094,0.8624114784291408,0.8068214900023503,0.0435731187861097,0.07966218256835,0.3446493679026699
2015-06-26,0.060202714710505,0.3699782374687855,0.5280169350484862,0.8685772974090125,0.0948109638923474,1.0669138768887445
2015-06-29,0.8245707947610762,1.0904164706391852,0.7198447745806511,1.2337523023506265,0.4516079771070103,1.7043446211692304
2015-06-30,0.5734601746915144,0.8662529128445964,0.038063781494089,1.126198795666549,0.4403498530393834,0.219446408119134
2015-07-02,0.6924642335126809,1.583514078306408,0.1823976179985592,0.316320523524107,0.8631108242185643,2.110610151161697
2015-07-03,0.7681460337757237,0.0207596826731692,0.5691607816117361,0.4464361263221287,0.1361883018798761,1.7559957969731186
2015-07-06,1.3368133535152518,0.9961540966558308,1.069356392715865,0.2933052770897614,1.1043635402999816,1.4158815842303212
2015-07-07,0.2176857973451638,0.2770205958783405,0.1678100537963024,0.2394411099921725,0.7128903416055252,0.8044711204709991
2015-07-08,0.7052666126686068,0.9665253945934872,1.0701074439291638,1.6885586064002565,0.9153705015956812,1.1328944245089898
2015-07-09,0.6856281902677772,0.3361475725507709,0.1934692880804296,0.5369073096898105,0.1576682781826202,0.1718503237581726
2015-07-10,0.4279540157344753,0.8217443939670903,0.2017552492528623,0.3812268909523899,0.8338309221677505,0.8292160401692434
2015-07-13,0.7153314034075489,0.0308902791417405,1.393545183253081,0.9509892060957684,0.386483645909873,1.075057526071459
2015-07-14,0.1610935205509858,0.2903514069094357,0.564410330463169,0.1593317290782036,0.151054892730971,0.7275616458712572
2015-07-15,0.6540983623858534,0.3212416860511607,0.268652199624126,0.6719453551055119,0.1115936960133887,1.228768276343219
2015-07-22,0.75364137680822,0.8098521989493922,1.0079952529261695,0.6064432858420036,2.651302991976641,0.1649825080349529
2015-07-23,0.0783676396108314,0.4107856047952616,0.2302346685369799,0.0833828652180683,0.2198743593246537,0.34235210081766
2015-07-24,0.947807337263264,0.097579681560634,0.1605851022016035,0.1109018966769473,0.4565163403624511,0.118739475823714
2015-07-27,1.7721925916726415,0.6413043875107872,1.5523928253930188,1.177018375242014,1.791224380704488,0.6631324035381603
2015-07-28,1.1918558217367266,0.5901279325290626,0.9105349444879882,0.9805153970423968,0.3176681945334991,0.6298711359772143
2015-07-29,0.1349156071477488,0.041778506428439,0.0507997412781946,0.0886480539027159,0.6667760767716253,1.0778900224336447
2015-07-31,1.709632305226652,1.4114265263915646,0.8936490141369836,2.513043680142948,1.5838745026867778,0.5843838875810625
2015-08-03,0.0488753592498686,1.2142014539867787,0.3076027830731307,0.3036599853778737,0.1332364758778395,1.8837968586447087
2015-08-04,0.3985952182300129,1.1799694796501037,0.3299636025282731,0.0548260220719978,0.6874986811110475,1.4394206699886674
2015-08-05,1.442052783040355,0.1061133320769005,0.8421573920343823,0.0109630194055441,0.2928307381149475,1.0465057754465057
2015-08-06,0.9105959941182624,1.8081331899393525,0.95197715336928,0.1649962316500479,0.4032199659766478,0.999909003094003
2015-08-11,3.902714489236528,3.478223203828976,0.2572492843375178,1.373305876408753,1.5682459225420675,1.9785010617490757
2015-08-13,0.8328816083562051,0.9262458933450712,1.7408596149358708,1.9626442149537453,0.2965311611481938,3.11295646453097
2015-08-14,0.0248889410838172,1.541152865576907,0.422405759148761,0.7241366472880837,0.6933864977235029,0.8839817892502775
2015-08-18,1.6472264201077245,1.0842482936030444,1.017378263171104,2.096155486997847,2.9651993630453783,1.506977417527366
2015-08-19,0.5833625420271025,0.1796287623494083,0.153694630282454,0.2758182798491145,0.4731584826475332,0.4144940478921837
2015-08-20,0.9484796085069966,0.3183639422020096,0.8992306771552968,1.040161899309754,0.4789837632731932,1.944998448732962
2015-08-24,6.4673651230833,2.9118822660046626,6.939109566372535,5.687003160509799,5.347641155850029,7.274470460450471
2015-08-25,1.5436483267125072,2.0542780234472606,0.5774785693283834,1.497498942028454,1.7387460781612514,0.5771557590542049
2015-08-26,0.2180884056924371,1.0450752998791055,0.5486853519895696,0.4615173940531947,0.2874515121912764,2.957822026150403
2015-08-27,4.451376526452189,1.3406540957728106,2.2199588905796825,2.4898013426081342,2.834283424378895,1.8009018983430884
2015-08-28,0.3507861844190055,0.6869055059708952,1.0866300345909368,0.3561891934751398,0.5807651646017176,2.673500375199419
2015-09-01,0.7617935463050818,0.2191238698820783,0.1684826759000217,2.50650411180057,0.2602272319169729,1.5108213740990777
2015-09-03,0.4669431908369797,0.4022447182583525,0.1677742029800409,0.8173856159448798,1.5361528830083988,1.4347242815275434
2015-09-04,0.4016089378893816,0.8515307632472148,0.6640051132099789,1.4772573823730604,0.9244014631225512,0.4518012203291037
2015-09-07,2.615300074541992,0.3978592058610576,1.7879228707868515,0.3988706402931825,0.0474098368397551,0.3382088963310398
2015-09-08,0.3996681365325492,0.2694045781708653,0.5141089919664333,1.1471615872613057,0.5758451492386208,2.10233749287292
2015-09-09,0.6620488797485671,1.0180368215938196,0.7397931794575712,1.4745210228640144,1.222816196876655,0.9867865790703056
2015-09-10,0.092413731948006,0.662655525391418,0.7072903078955414,1.380642734151631,0.009311169725267,0.0471858870526524
2015-09-14,1.0788698468071238,1.5742636158588457,2.515976817403188,0.5750535368915062,1.3709471430675202,1.7457066258961147
2015-09-15,0.9891405720263808,0.4575926947401326,0.2801149425425777,1.0337186622089944,0.4731066313858096,0.1954791637542071
2015-09-17,0.7157087137053272,2.066352687801599,0.4922330173704085,1.8777987928859343,1.3802763684882768,0.1403509002320086
2015-09-18,0.0441859547923876,0.7215861811208731,0.1111108028646247,0.5616931445996046,0.0446036467604182,0.668009890633777
2015-09-21,0.0967930291359328,1.8121200614743005,0.5553882458440346,0.0930231482165068,0.1731937870712183,1.031308278945555
2015-09-22,0.7348111754541476,0.2503925548023294,0.582315326866208,0.4799408542592445,0.9675250550179852,0.1885936367317541
2015-09-23,2.3198927644603,1.3667860948223434,1.7788218046077755,0.7955640590707146,0.3013193366703094,0.0837754866087231
2015-09-28,2.9631545036141254,0.2942633170489639,1.620123666527843,1.90936325612791,1.6896261340459628,1.378362187983819
2015-09-29,1.3955135135632115,0.3182135430184288,0.6391331323773244,0.1426552365551664,0.2436191979469078,0.6553790097917691
2015-09-30,1.0830452593494089,1.0991496765279358,0.5044620649973088,0.1057552043922972,0.0118638749446055,0.2580462889589046
2015-10-01,0.7304799953558712,0.7920246063001555,0.0441067358971012,0.3919445255168388,0.2858028076909818,0.1598323876463729
2015-10-02,1.1125946618543363,0.314461138308181,0.5869817377963198,0.3109991894510224,0.0891659856122993,0.1081857708228691
2015-10-05,3.178712197248816,1.1470016029737222,1.6119080558561358,2.058753836548335,1.2415693041257485,1.0316187244140873
2015-10-06,2.322871371126232,0.9014921059622916,1.3349310393883438,1.605970953898727,0.5501317892441269,1.961341090947609
2015-10-07,0.925820534598559,1.5956129008746236,0.7527355325265754,2.198338356841422,1.661918473686586,0.2963322465499511
2015-10-08,0.095811967466174,0.1744785203296893,0.0282755152685193,0.5002694235057287,0.1084072411073941,1.2363513252492566
2015-10-09,2.1565318396571835,0.8438523115397417,0.4509454948203635,1.731427013762239,1.3683158807151896,0.2110998400554626
2015-10-12,0.89724165840923,0.1943535482017428,0.1592795266753529,1.1146618607075751,0.0821606382140156,0.6914578612110984
2015-10-13,3.2400106671626445,0.0748336367500918,1.932462093030694,1.569927646241796,0.4114712187287428,0.2130286365331378
2015-10-15,0.5365513501500947,0.1232327865436379,0.4546607877761492,1.0086722196719384,1.31569269642331,0.263682922124461
2015-10-16,0.3253272781975249,0.2081559638129285,0.1466595436172401,0.5117726868935645,0.4880933504394061,0.1046042848161876
2015-10-19,1.0550878213163928,0.0803491681708583,0.0124781524357447,0.2018166271908198,0.1036910379241748,0.2677603209697527
2015-10-20,0.3490732931269711,0.7694479732416133,0.0848733042994642,0.1810191120180279,0.1213152267558381,0.7020770404212148
2015-10-21,0.4221907979902258,0.1219150623000885,0.452881525622358,0.2206856089038491,0.1996843768521306,0.0355724198925221
2015-10-22,0.4497186906546991,0.1183998473792263,0.3501578922437339,0.409319337412084,0.0240093938660833,0.816661644067734
2015-10-26,2.3102746567160493,0.0996561063375252,2.861537808446439,1.4690229068260043,0.5647319443754585,0.5914450636526439
2015-10-27,0.37696536941231,0.5781942999404162,0.018564484155479,0.995511141424332,0.0077231207257689,0.0284031579537816
2015-10-28,1.4073116043248566,0.617118255230663,0.4994871995578678,0.3945496844629683,1.044020816410094,0.368299877259316
2015-10-29,3.011412077879601,1.1647716352432995,1.381514505007714,1.2909769091916978,1.3732199048341096,1.4915711340762603
2015-10-30,0.3772927251364582,0.0762158865695224,0.7678356135730295,0.1053328692656297,0.3518809782478788,0.3579178631449637
2015-11-03,1.7335426372032163,0.7088956149232503,1.06616931166709,0.0403460846325786,1.2594771134414962,0.7120153452192601
2015-11-04,1.7381158730737052,0.4793054088710948,0.1347506362066673,1.354976048822086,0.7616324795924871,0.1816233697065751
2015-11-05,0.7689441250345664,0.1730827610257357,1.0970890586830553,0.5550712686574154,0.7234101789550809,0.7472827609277195
2015-11-06,0.2336266128277121,0.1683394524121311,0.0596882868352205,0.4368475561618336,0.0976061786348364,0.4594563046174328
2015-11-09,1.479058256983614,0.0243213104788196,0.6767566536082861,0.4244213070330719,0.8498187770303012,0.2780005388073505
2015-11-11,1.0706717499169385,1.240682703740763,1.23055885168343,0.5395245197535484,0.889455719640799,1.1744590148868064
2015-11-12,0.2386461184550588,0.127383670169666,1.0638194062189903,0.7601988518341259,0.4224271515344681,0.3390927151884388
2015-11-13,0.2375539595747966,0.2582647411197182,0.1745389004581553,1.132784730073785,0.1322908388469907,0.9352083611377284
2015-11-16,0.6877795528440793,0.1755724829461022,1.8265876769119167,0.340669836375326,0.4445952065063269,0.3375724233464702
2015-11-17,1.3142483102205242,0.3333826292422853,0.7715702984183479,0.0360067565323168,0.1115628721209524,0.6851936612674238
2015-11-20,1.332735156616461,0.0216635482852202,1.5617222865390656,0.038729832706452,0.2636430176512869,0.0975601767321776
2015-11-23,0.4453352988363872,0.5406900290942356,0.9100483915919656,0.4954118119207554,0.0272594487792497,0.7422509066150396
2015-11-24,0.0949108829534693,0.3661971208934661,0.0513245794493901,0.6864646388326713,0.6692690128869252,1.0319905295826064
2015-11-25,0.8798283420591506,0.4396927750421029,0.9470789427599922,1.0975012177574852,0.250152531903166,0.3144101519878499
2015-11-26,0.2507183739601784,0.0789947581630805,0.0582035102767405,0.2385671017228865,1.1393180515820522,0.8936911348379178
2015-11-27,0.7970908327561007,0.0297116786999094,1.9468386526421495,0.8903495370644507,0.19641725433534,1.2853252994598887
2015-12-01,0.0634353502031253,0.0130741944030169,1.9093148562761413,0.3888695240796022,0.4499772372505546,2.1591619788451406
2015-12-02,0.2593539299747539,0.3334175264680014,0.1916689845790689,0.4650726344213926,1.302471172774016,0.7005435566140846
2015-12-03,0.1867385464611587,0.1701127958257424,0.7546407243798368,0.0086692226817772,0.0873144390330181,0.0069637883036443
2015-12-04,0.6396267316295962,0.3620847131238854,1.0372292598663246,0.167964439576247,0.52726734568905,0.4816763239573805
2015-12-08,0.9867866536015888,0.0821066851357365,1.2137958497924064,0.1049514435059448,2.014039906208364,0.4416251275455174
2015-12-11,1.5954846618036835,1.7586814195641836,1.523743953201503,1.4499505288211934,2.014051330031802,1.8847584061242624
2015-12-14,0.4409607443222652,0.6226162302569788,0.1629029178587956,0.6934890898603667,1.0445377890551029,0.2149869792645215
2015-12-15,0.7965318706882527,0.4377770934982726,0.6639275811342015,0.0170491199780353,2.5623276564817283,1.022818635284081
2015-12-16,1.6706647975114812,0.693287588471005,1.5748280689561622,0.8980939718462505,0.1069394320188354,0.7978649138197005
2015-12-17,1.604357838059869,1.360847250004132,1.4289891920973068,0.7106187384771778,0.8599511021862609,0.7932821726851349
2015-12-18,1.93499128553805,0.7647545740084892,0.5609688151702195,0.2919083112592781,1.959012563737944,1.5594619659243172
2015-12-21,0.4916975213306665,0.904992665293689,0.6281320341358725,0.2558632478533094,1.6067203723009964,0.2255348596698566
2015-12-22,0.5969590317684776,0.8660523855464276,0.8048218626616971,0.2604158989646692,0.2200948795080154,0.0970659683535326
2015-12-23,0.1125179938453682,1.2247754163359446,0.5188755801985961,0.3736454164555223,1.0125603551498903,0.3679401295899793
2015-12-28,0.7643459742169014,0.4330811224769376,0.2689836962160549,0.4066995353177698,0.8881583427342388,0.9928046490131044
2015-12-29,0.2630928043895187,0.8718537169209718,0.452504886220939,0.4476389093183751,0.1626654416978237,1.1150099377545062
2016-01-04,0.9552696763784942,1.9163555855582637,1.7215637724513615,1.8256365266777783,1.5994432190143102,0.3267579165275455
2016-01-05,0.7024190623010249,0.742979989813015,0.025020371156477,0.0613731545262999,0.8002481056653657,0.7812334923077208
2016-01-06,1.116216492667191,0.1361874411863742,0.3110843470011228,1.062702594461547,0.5331536894637099,0.8090842818835715
2016-01-07,1.718610961025557,0.7727742055712225,2.903847549085072,2.687465308927881,2.834147451466758,1.615923856638296
2016-01-08,0.3490210414161259,0.1497238503079918,0.6586151742598201,0.7779467884978273,1.567469857568295,0.9436630924850504
2016-01-11,1.7933731673721902,1.2151169069238883,4.465563629723004,1.5523850674885755,0.7810691750155636,0.3900105129702012
2016-01-12,1.0479911941258362,0.2305628014025603,0.6702723764136225,0.6321530933942834,1.6708596936502014,1.138917785322791
2016-01-13,0.5448222203213772,0.0712591991038503,2.5511584548857003,0.1751940093948257,1.839891217805112,0.6917858341953029
2016-01-14,0.5303237039594642,0.5555663414918514,1.3232906003536036,1.9446128740473807,1.205407895002249,1.3185030240519713
2016-01-15,0.2389009450335807,0.2998106220775826,0.6336840512849558,0.5235725513641033,1.3901451678304826,1.822926755294025
2016-01-18,0.9483469326276964,0.3635616850480927,1.7898612627391188,1.4457274984502495,0.0642279318697017,3.1178594540254982
2016-01-19,0.2331645478394697,0.404689320235768,0.3460406749202344,1.7383686042035995,1.6694501328019986,1.7700576995911623
2016-01-20,1.4294849327065773,0.6397715750666926,1.5446541534508915,3.028177426320364,1.3543027731420556,1.18851203282159
2016-01-21,0.313474877631413,1.1125147501005372,2.84095006298773,1.0631510245473146,0.2701844562378311,1.4382167775754815
2016-01-22,0.9608638475325108,1.5058522719385066,2.013844513054821,1.7374981405718068,1.783918014054783,0.068957593814027
2016-01-26,1.1982381172145404,0.0891839674081493,1.6542420140852956,1.2290540356110833,0.0031479036769065,2.922932311679312
2016-01-27,1.6089941645197652,0.2995524168070298,3.05231370489947,0.0223820784736742,0.8027260647702168,0.9181679060525064
2016-01-28,0.4180327578217155,0.1830941166039901,0.8593333610251358,0.636964309955865,0.7877879594172856,0.5951078404504121
2016-01-29,0.2676069036462064,2.0150102773522884,1.875237719829242,2.568161371147378,0.9716654185283872,1.0657228973236792
2016-02-02,0.6026148446106782,0.8804683625804081,0.6777172768646617,1.9154529531600888,1.2125619485702912,1.6271043998983157
2016-02-03,0.1888781741507834,1.2098200349573445,1.837955969129926,1.1107387882179505,0.5021193933509274,0.4872071523716711
2016-02-04,1.5053091479853515,1.4267397557123178,1.994099874454935,0.3033727576779478,0.4125315490329115,0.5697283311718674
2016-02-05,2.813333861853894,0.3428474081780242,1.6739120877612217,2.4981506889513168,0.7052386627640799,0.4784257906538256
2016-02-15,1.2205964764519228,0.754738809166212,1.0781998977840628,0.585348146310176,1.3789930751060175,0.1763830909085491
2016-02-16,0.0901951105516484,0.9068090023511765,0.7646373941792082,1.3967029748515314,0.0744802447271958,0.7803380746088554
2016-02-17,0.4311642561832823,0.0402512212520908,0.1906503523250007,1.1711001802360752,0.0690514656881142,0.1826317738933468
2016-02-18,0.2784304112662015,0.9389110401248244,1.353135311416004,1.6610906884368333,0.4738571089433949,0.9895127757799052
2016-02-19,1.7144964522424704,0.3064185896906707,0.8329400753905832,0.0263414828837771,1.9581604947257067,0.2783503225088398
2016-02-23,0.9304526908180548,0.1431927354111006,0.4008378547033425,0.5704696192607492,0.4232916393372821,1.300105283807725
2016-02-24,0.0787812936022572,0.784692414005233,0.7370929500389127,1.9694442947656807,0.4620520865862209,1.1971949033048652
2016-02-26,1.606419236173228,0.0438814977711952,0.030132271378338,1.1166570557182427,0.8328939795934397,0.3403433166670319
2016-02-29,0.7955999730605571,0.5237772054361592,1.4917287612048342,0.6444898819709932,0.7998690648176442,1.1977255168457226
2016-03-01,0.1890664252001338,0.9664551719512732,0.8729497072211623,0.5937643162882493,1.088343330541391,0.3907474662065588
2016-03-02,1.1691040280300329,1.202333632920363,2.246944884486044,1.6479273186749528,1.353881103186268,1.523347534752837
2016-03-03,0.162046965716034,0.1674984421316696,1.1698875118146943,2.2000805927709743,1.021629017064326,0.0368236938325597
2016-03-04,0.1411821822807753,0.2537967953070811,0.9287002271139938,1.7558928601170494,0.0145040519345251,0.5699116855547687
2016-03-07,0.3988169690661651,0.3209082104650785,0.0925173201388104,0.4766360539989688,1.1689022522953505,0.4435368405276158
2016-03-08,0.4258850841288376,0.5948448035158884,0.3305259987250525,1.5972404506736042,1.5254579473746932,0.2589256905308735
2016-03-10,0.3714792257810115,0.1805420101974413,1.89885691744257,1.0862917975572994,0.3224824407937712,0.2085832742468854
2016-03-11,0.4283491984622617,0.3324040174776054,0.7147985271600573,0.7002532861483804,1.0351854665242366,0.2341373113640061
2016-03-14,1.315670958118807,0.2219715896089688,0.2005414547424015,0.6413061852820511,0.0616990014832532,0.1246494396359108
2016-03-15,0.5705600198765954,0.553783633782541,0.4960287447966165,0.2680074474157106,0.8166519188361914,0.6840185694856202
2016-03-16,0.2401378989771536,0.1483304122449711,1.1660701996891354,0.1678506147677221,0.3716416018082283,0.5264496004749631
2016-03-17,0.497523333511439,0.5746839252137088,2.0385520931542023,1.2563957915040571,0.1740321210637254,0.3787850559053113
2016-03-18,0.0004097578536009,0.7691167846973649,1.3203485340760626,0.9203543499813704,0.1997720560027409,0.5956315008942422
2016-03-21,0.0111540080784266,0.1176242345978484,0.94898496409156,0.9023008112734812,0.7685755981727205,0.6184203875923608
2016-03-22,0.5965595544955208,0.3711773374670089,0.4671749690945109,0.001389921913527,0.255834163486661,0.2379328962373975
2016-03-23,0.0397754097572976,0.0115937244813974,0.2451357774916993,0.0461621924596033,1.065027229946704,0.6633986725825622
2016-03-28,1.6733141414244022,1.2921260913944803,0.3474727215329735,1.8098357446047608,1.6529201101906028,0.1755865649350647
2016-03-29,0.1605643542013207,0.739151245218652,0.8230650438876701,0.3968575404922628,0.2760720007056194,1.3007176390593689
2016-03-30,0.7367836671502119,0.1619587076711753,0.3407538458226929,1.8869593954531436,1.2443394491167663,0.2864198621191041
2016-03-31,0.5944176409158264,0.0139716039813405,0.507230428467644,1.1159343250717813,0.1838252533872481,1.5365468113031533
2016-04-01,0.0451059657640354,0.4101313001889365,0.2367053332215366,0.7919591921971395,0.4970762944983942,0.4983710578638797
2016-04-04,0.1442171960071426,0.8551180807402196,0.1296568867937864,0.5964143710234714,0.0321280102616703,0.4684774105441723
2016-04-05,0.1626657702571234,0.4158802906005354,0.4877775401674554,1.2217514042735154,1.9237363566346728,0.8063548269531804
2016-04-07,0.1894713320127875,0.3608031532617648,0.1901473592843012,0.4513372494393171,1.2379859084440876,1.9931396958225296
2016-04-08,0.4237411620868043,0.3421754666685356,0.1965444417643487,0.1874815117433954,0.9500075814505105,0.1293774329459434
2016-04-11,1.2400402935652306,0.1817289862213661,0.6084495690887817,0.0327516528039838,0.0145977465545018,1.203546973738515
2016-04-12,0.8859603790638935,0.016326905973003,0.2072872770442161,0.192390458611422,1.1309454738921323,0.0983513292002779
2016-04-19,1.078256138244364,0.224740725243814,1.259793827982748,4.758067613285637,2.183262078561933,2.013794841068361
2016-04-20,0.1093194752056893,0.1309912993510875,0.1903342532294385,0.0630356869947204,0.0734760733914664,0.0440020776079922
2016-04-21,0.5418112004954926,0.7322799591325068,0.7812353209990746,0.3664552527520074,0.6298368413109188,1.34645665704693
2016-04-22,0.2372618405909653,0.2041042297068221,0.0338995416782455,0.6896951119708865,0.923555388717148,2.867831636703684
2016-04-25,0.7326246828665179,0.2010186462255361,0.0725276188616875,1.3748511754027506,0.1489684790371019,0.1520193526213372
2016-04-26,1.3364347552856453,1.2920605399662544,0.5284181753422142,0.193966426101807,0.7123003774627563,1.1596183925060215
2016-04-27,0.6535477388002231,0.0094559377354813,0.4362035251857976,0.6912361885210935,0.4903574054237639,0.7581130536288707
2016-04-28,0.056363112093114,1.0442289167011722,0.2505699421841657,0.4329753508090028,0.8485820737426233,0.3862929999507336
2016-04-29,0.2024808391758984,0.1218850793408284,0.0456647648980642,0.8342718043230581,0.3351700497083043,1.1260244685338932
2016-05-04,0.3309701403832754,0.9092345605077138,1.0874253738871515,2.332776207472944,0.9952491361265376,0.1169161009717598
2016-05-10,1.2410294298928983,1.32022678688454,1.304945467229329,1.1577529634482344,0.0409910930225746,0.9932646520651356
2016-05-11,0.7706475035970167,0.5328592755021925,3.042360153458759,0.3025122831479284,0.5568893899238566,1.4781543998512412
2016-05-12,0.0699325297068975,0.2671897349083858,0.9711000996900708,0.4570720325318698,1.2150922295171085,0.3164301519738242
2016-05-13,0.8699850856482588,1.264493711057604,1.5140688410862264,0.3824605812455065,0.330717351360331,0.2126024972058621
2016-05-16,0.6352481632897513,0.4339206057373952,1.0027851836859638,0.0420454328017796,0.2105822126108824,0.8087440134901114
2016-05-17,0.0508682345147732,0.7484858763571739,0.1742365966325419,1.6331216452562585,0.6376129983380755,1.446181282938379
2016-05-18,0.1099205457032996,0.1425437785600484,0.1256374853106904,0.1439309899904765,0.4324762735528479,0.3688265887266702
2016-05-19,0.6386608830452631,0.1198943675440603,1.4299451344212517,1.341275252940157,1.0508440723114485,0.5234981552277574
2016-05-23,0.8350137016816467,0.0691419955877732,1.637609187668053,0.974027283903895,0.3013529809020457,1.328226447294573
2016-05-24,0.6954840345963301,0.555094848123355,0.6823851620099036,0.6053840178968031,0.1858362692305929,0.0965116829503677
2016-05-25,1.3115635902996488,0.3144190279000378,1.4470580430872448,0.5956247282100505,0.9612240591976589,0.0441353163248012
2016-05-26,0.2424869555902662,0.0079707475851247,1.1801803390459045,0.2400789070594918,0.2865041586304431,1.2415574329824957
2016-05-27,0.6285068247880239,0.3732839807008873,0.4774170496731934,1.0473873889244394,0.7838571830303247,0.6218833189060262
2016-05-30,0.441463087000888,0.4481067797941138,0.7079835582256071,0.2057418940148994,0.807251378678283,1.0453142351530884
2016-05-31,0.8131355824596793,0.2377242915428417,0.8440787308650574,0.2036555757335857,0.0112367770316106,0.6391249228304393
2016-06-01,0.8882674149008172,0.0307455805650296,1.3312147287296052,0.0186333497081934,0.5999947165291042,0.2293467855015169
2016-06-02,0.1332149958099307,0.2474666378433281,0.4837867959424254,0.1629198400587538,0.5845491800570167,0.5646596890489326
2016-06-03,0.4273045282349427,0.3630215072975855,0.6626768417793226,0.5046079599029957,0.8648918011694974,0.2393094898358415
2016-06-06,0.8636619258444498,0.7627624972827595,1.1116783615351544,0.7818499077029597,0.48544220873807,0.2947028132758733
2016-06-07,0.7724110505681901,0.7028050316981941,1.4674191489313724,0.5919708466384352,0.0693039121759632,0.7391372929056955
2016-06-08,0.3640134725519581,0.1669456224742984,0.1587473670369613,0.50047806301536,0.216069214347972,0.51416457921579
2016-06-09,0.8019581699677224,0.4437230468186878,2.439792951869188,0.6512202513505422,0.6865255866486154,0.5384683378255251
2016-06-10,0.5910194261503713,0.5644487113368529,0.3550304656496894,0.73516913058731,0.44959086010083,0.2252003172039627
2016-06-13,0.8457613263303916,0.7000937314091482,0.5902693445221102,1.3387276361309064,0.5155953383784458,0.9988754047826492
2016-06-14,0.2983498762103573,0.2248262046445762,1.255864645394674,0.6157956959493455,0.4379009032588566,0.2962348344513711
2016-06-15,0.1404179203545844,0.113702275352399,0.5551467742137537,0.2136161875046871,0.4743329048658898,0.2539024877928414
2016-06-16,0.0089956544558973,0.8054622888289273,0.8339330375418875,0.8212395536395566,1.6654922873251037,0.3050803800608878
2016-06-17,0.4301137180464013,0.5730055734579592,0.7585649585315211,0.4300969942071879,0.7152700942244593,0.9418565880749636
2016-06-20,0.585395011381016,0.6168627349325886,0.5659611138020039,1.346111024065083,0.047131264102366,1.1575857160605036
2016-06-21,0.311696499927407,0.2114943097515098,1.3206024520885309,0.4085698765835497,0.6176470389234073,0.2455240938124601
2016-06-23,0.0903265680531913,0.1397358178043313,0.4833225090790332,0.1576181597568465,0.3906237837317096,0.6776351638105388
2016-06-24,0.8186415897526291,0.3622409123841921,1.3029198322596134,2.1146625461567137,1.629048148998138,1.8355875147241052
2016-06-27,0.0306683558040615,0.2776120696869286,1.1231946685963212,0.202728400915544,0.783800818835362,0.0805127092540648
2016-06-28,0.94913418797304,0.2769994938181107,0.6398159128030738,0.9725954577264272,0.9162343474304232,0.1495814411933196
2016-06-29,1.986099404673634,0.4987372031925194,1.7050263754684647,1.3046952066381392,0.3638784946265099,1.2648692974231583
2016-06-30,0.73108055729228,0.7202064577963707,0.0292377988519045,1.7111834245112965,0.1613738881525592,0.3390424515498444
2016-07-11,1.0385539431040214,0.0126943237280618,0.8814018853092175,1.2317640750521457,1.606417809276435,3.1142553490697376
2016-07-12,0.6001690508496846,0.0060447655872733,0.9198212418829924,0.8889069861717378,0.4437208368076566,1.0128522475810178
2016-07-13,0.6723045911795587,0.3874082479450497,0.0764366691558778,0.3038240479919622,0.1822126870045979,2.4318674929936868
2016-07-14,0.9864367776194932,0.3384436171972027,0.1524527981585846,0.1282315844094527,0.7470591551095878,1.2565282588224087
2016-07-15,0.5226595961714441,0.8197010790092191,0.924803240436894,0.6320090485077086,0.2221002532626734,0.3200002730671014
2016-07-20,2.562585907696745,0.0724959474029702,0.2724801462693728,0.6945890541400449,1.2012035799093892,0.6491470690156199
2016-07-21,0.494276357377399,0.7255458364645606,0.6231139213195961,0.1787228880988565,0.4866080024714676,0.1045589299928319
2016-07-22,0.378754889783318,0.0072396115932122,0.9542653942853634,0.1654862010722736,0.4269871522658445,1.4815764653715762
2016-07-25,0.4521156106031754,0.6518969975477775,0.2958702556143349,0.5276428188182184,0.2336383969117831,0.0877483372574688
2016-07-26,0.0688021860591614,0.4108488101763979,0.3059645128028541,0.1224515306132306,0.5203029726100243,0.1094083583082558
2016-07-27,0.951849880704328,0.1287234737013272,0.9418965401987494,0.2740476553737245,0.7012763304150434,1.152768188234942
2016-07-28,0.4700794107779059,0.3046340173080944,0.936414240343996,0.7805310390323337,0.6039486840743489,0.1568627772626434
2016-07-29,1.5828597049078494,0.3164477251768285,0.7739564467209205,1.7255482830219653,0.0334580740143738,0.7499825128924856
2016-08-01,2.752829249467013,0.7214138148289112,1.331033537534505,0.8272642097948764,0.7541109335749117,0.5920316228920344
2016-08-02,0.2188576631844516,0.3007105078103871,0.3977046344796717,1.2471517794235838,1.0039508087885365,1.919976762626924
2016-08-03,0.3999056192342078,0.709035169373836,1.875450968076918,1.0235333670712976,0.6628994186466918,0.7005061540497214
2016-08-04,0.4099464016294806,0.4110460133678947,1.1360786127277678,0.1547787861436745,0.0305155539999707,0.0522337869499615
2016-08-05,0.8594240943958664,0.5272160382804109,0.1030756606782686,0.1339205886583324,0.7110197542514092,0.7226096096695462
2016-08-08,0.7120557477673811,0.5178758612233253,0.2910310507409371,1.4953948297625743,1.540079687996001,0.3293952136922535
2016-08-10,0.6437588379971542,0.0209208555751115,0.7207247945924556,0.166715918471942,0.3798874671960324,2.953751701159596
2016-08-11,0.0896672842060975,0.3442910348317509,0.8738394902251481,0.2001605385505991,0.2908963204333318,1.820357930138348
2016-08-15,1.8348759897940004,0.6844468584693498,0.2657235723807228,0.0909915963009448,0.2276154313487019,0.1166923168539105
2016-08-16,0.9592891188971062,0.5639801556459958,0.2911519406609387,0.2937444448111124,0.7509821567388527,0.2064391510183925
2016-08-18,1.6542711309141591,0.2957512858602802,0.383653330282147,0.7661874226668248,0.615330055962939,0.3852108254520053
2016-08-19,0.8350331255090067,0.4251202276945603,0.2777723973281585,0.2478451915596244,0.5347138383415493,0.2464228379184391
2016-08-22,0.2054677977582718,0.2006596354009571,0.6342415417389523,0.0995593259777914,0.0311878149863919,0.6969936395532311
2016-08-23,0.1850678606632105,0.4741958096265742,0.5783963962315191,0.3246878237821102,0.0532632978767177,0.2247806298651346
2016-08-24,0.2430051734858724,0.0600207257469819,0.873987438362402,0.6692380474124955,0.4851652032301644,0.2439524517911264
2016-08-25,0.9232617257155986,0.1046889607382789,0.1474472259433775,0.2561513027223034,0.2231866250756728,0.3441300477104854
2016-08-26,0.280643354080673,0.1658991446080578,0.1152839266189956,0.6724155038148899,0.3433034832425438,1.3949330806734412
2016-08-30,1.416820211146486,0.2992970230307051,0.6465329369327151,1.0291967379775329,0.2119197608840358,0.73410156444839
2016-09-01,0.5192009262327582,0.4485456422849984,0.2777466272452176,0.4223289817940204,0.4160976122757517,0.5186841849316054
2016-09-05,0.4191602174221359,0.4497313771381783,0.1191998522811479,1.2445013500455977,3.112808201838236,0.6957905917896311
2016-09-06,0.2822635645039567,0.7030960015570336,0.5795916558787063,1.5591059599371262,0.2930339632867281,0.0978584142228108
2016-09-07,0.1721831527384178,0.0207189640161135,1.304989824655861,0.1001743204502038,0.6501194655956553,0.3954184961691482
2016-09-08,0.1911359571761758,0.1070739758248213,0.6276246342054124,0.0286820837644079,2.16280863280264,0.7217419358917547
2016-09-09,1.6739557998387156,0.2925003154243156,1.1185186960929152,0.7333805005329961,0.6963943574696222,0.1215349562552841
2016-09-13,1.2641311374661894,0.5505919873025289,0.4165997887455958,1.93094528885521,0.1078749621278674,1.0794617104941195
2016-09-14,1.3420672244676513,0.9459233430030748,0.0564411110548486,0.3209035592176392,0.7814056102902573,0.4679579477656261
2016-09-15,2.300954520505513,0.5068846895635514,2.1294312088209977,0.1364262623751562,0.3559771638408034,0.0700781552421981
2016-09-19,1.0582602245269497,0.0774672060884132,1.7349012063592824,1.6480640043457746,1.985097312747765,0.2602602548158486
2016-09-20,0.364214409411741,0.2461123344773533,1.257665285759925,0.0893683208375927,1.2776096405104085,0.8295159806623156
2016-09-21,0.7533772180943602,0.1780022954879589,0.0482136355041962,0.1384628976350854,0.9044465860617492,0.7673574463545896
2016-09-22,0.702621990707555,0.6567795812781672,1.1262131057708396,0.1643004020954777,1.2575468129190108,0.4328817232408888
2016-09-23,0.1605694333377407,0.0796225953171604,0.5004546752029654,0.3819002875686385,0.8743339251080112,0.4028337554475694
2016-09-26,0.6846480673990268,0.0892078909107678,1.187038948171067,0.2456684261725718,0.1837058408597844,0.4366722206764806
2016-09-27,1.252642676062275,0.2867256877865451,0.9890943998473926,0.3604113482413643,0.0503435111219505,1.152788606378731
2016-09-28,0.1057250700326464,0.0144152134570066,0.3911723267373309,0.0776452481339484,0.6608415977200817,0.266839857664112
2016-09-29,0.1219478452229077,0.2806967443215278,1.671734244376096,0.9645374796897008,0.7977193249377929,0.2661297170855873
2016-09-30,1.243960046013712,1.0288464082306643,1.1095865982433957,0.5643623146988487,0.5526795616834552,0.410397292838194
2016-10-04,1.98422111908058,0.5250752026132655,1.166348847854895,0.5272738053777244,1.775533260338718,0.2233691701248502
2016-10-05,0.9486734523082798,0.100478860211191,1.034582295449321,0.0988429160306414,0.0092734142558501,0.4142242146911798
2016-10-06,0.2087483508120831,0.228849167827432,0.2572733644435667,0.1189500985515136,0.2605972390706371,0.0407462388128342
2016-10-07,0.5969578364207418,0.0810282773217941,0.5509801667077832,0.3464997768083996,0.6308429697851624,0.4915161543091031
2016-10-10,0.3039830178785679,0.0036063647063332,0.5767246598094141,0.1740499063340531,3.196097372838896,1.4372845239442362
2016-10-11,0.3941043873839711,0.2039583014816506,0.1845187895472813,0.4928125947743503,1.021663511737339,1.204540751630772
2016-10-12,0.3235671345407118,0.1013230338502265,1.2173542530651922,1.4963637267728498,2.5299786092169887,0.0131886489885826
2016-10-13,0.4523298362453954,0.1206470479122189,1.5960133710762356,0.2929242983177764,0.4710822885713757,0.4065284026447649
2016-10-14,1.1077075395974845,0.3640236900127978,1.049150648753514,0.3472871669816799,4.483823866192701,0.2579743893697004
2016-10-17,0.1927526194407484,0.3175685121869633,0.4216290112888345,0.0649849944468769,0.0182757431742262,0.8845410207382963
2016-10-18,0.3642806511596598,0.8346219647319414,2.852826713780188,0.4801898339426561,0.0135418861112811,0.1570100911707607
2016-10-19,0.3830454398244985,0.0419728320086411,1.96727300022771,0.4930271869627182,0.5897804432903736,1.0022623672214526
2016-10-20,0.1035449256859036,0.065356448765608,0.106900677278156,0.0703328855481362,0.4330271620068211,0.363562729583034
2016-10-21,0.1027144640647877,0.1678030053179695,0.8214248019931906,0.4074982809143649,0.5105095923016084,0.2275347023871292
2016-10-25,0.2113870626057519,0.4451253636222151,0.919218235573216,0.8087834754410033,0.4057405132097675,1.271131949102155
2016-10-26,0.034422754449661,0.2094684796725142,1.138482116365951,0.8967747518734369,0.9571222005944204,0.3808004364542686
2016-10-27,0.3172325365918861,0.292557054642595,0.6595941269340226,0.0130754712501912,0.4173242644263516,0.4872243090939168
2016-10-28,0.1213047319362378,0.0742664793960917,0.5433076688788006,0.4492295427786579,0.2619651351941865,0.7872608073885885
2016-11-02,0.0890178985288838,0.6408706934814095,2.0795977096546814,0.3243633866366939,0.2813203634023283,1.6031075042513294
2016-11-03,1.4150851693386302,0.6965647431921648,1.2695345415554606,0.1804106757068989,0.3723648077697296,0.5630956679818532
2016-11-04,0.6202358154194112,0.0097098693343367,0.9238134416651728,0.4750613131021009,0.4955062282236613,0.1348961504357557
2016-11-07,0.4381463959589117,0.1424733020345848,0.4184560180402991,0.4347214626090032,1.109130171195521,1.1052638114278124
2016-11-08,1.5561520054717333,0.7983352141732559,1.525158022110236,0.686335633060527,0.5026351802068351,0.3435513522679225
2016-11-09,1.0355690422382735,0.9784311778048754,2.616935378626529,1.0823442097863802,0.0271530607889936,0.9207621187903872
2016-11-10,0.6624338471937529,0.3102691371424418,0.8786920789946204,1.5722386858667103,0.3194745533655522,1.173229716332622
2016-11-11,4.088367392933747,1.1287277889867957,2.9214602700779,0.690073873312324,1.311508148922912,0.1517641022999433
2016-11-14,2.2466286964830204,1.0797302531853512,1.4965698855330758,0.9757561098103116,1.70733550091567,0.9096013907035696
2016-11-15,0.7305686254323289,0.8573619672067515,0.208762031633416,0.3681422420550107,0.4908863547030643,0.179617211378529
2016-11-16,2.0843354611474387,0.1798578010317831,1.5789446252288255,0.1273373364020012,0.1233402144854093,0.0504129423662761
2016-11-17,0.1454990386830145,0.0528506247006217,1.1963319048501748,0.6951466105217854,0.0535894023058392,0.0044471786364809
2016-11-18,0.4420730129764472,0.1827354259170676,0.2494696046829358,0.8906408302159383,0.0006791553957227,0.19587191494768
2016-11-21,0.4223525524357962,0.2140815799188971,1.262510501085806,0.7773244246878336,0.3008012284574231,0.1543553744584028
2016-11-22,1.0886810962650206,0.1252789580716854,2.559024628248879,0.1961396944511491,0.4979804100263997,1.123739888966404
2016-11-23,0.1405874792221542,0.065040258121805,0.4972403538740645,0.6178165311766884,0.7162866469475728,0.1831408425034445
2016-11-24,2.022877096080807,0.37915998033172,0.5349400807204725,0.1418173256771889,0.4185549619247817,0.7316353320296121
2016-11-25,0.2831154073214183,0.1876105115673474,0.2393319321605123,0.5474315067204434,0.6881822591983021,0.341198957353348
2016-11-28,0.1471615997772569,0.0859987027600066,0.9388189894526568,0.5343534760716029,0.0253236978816558,1.5777714035450123
2016-11-29,0.4310747131331363,0.1062775463052264,0.6496826860760493,0.1560707396621815,0.2401617911232685,1.0623045764256436
2016-12-01,1.2014727266811835,0.0301295154950587,1.226301323241939,1.7026089457621332,1.0101197596072178,1.2500162764231468
2016-12-02,0.9038353188744064,0.1548209197155438,0.3180738119665641,0.3149810872005368,0.711338652900161,0.210260800759741
2016-12-06,0.5135288814840577,0.0472594545309529,1.1772691555869144,1.013898078281995,0.982066128580194,2.0735497561156158
2016-12-07,0.1441723467595597,0.1679842388395237,0.8874503188939262,0.3628382013725662,0.2667130642286875,0.3126391414131006
2016-12-08,0.7260009598918659,0.6886029613508802,2.240250600202329,0.0331147192919613,0.3204271230890045,0.8168162327707253
2016-12-09,0.0827770089527317,0.1418469311595201,0.2954780050917557,0.0923154496551044,0.0596325456159276,0.6323964311658649
2016-12-13,0.2736690013048111,0.2348852673020428,2.3306021933514174,0.0304465426404366,0.2545381113080123,1.2764548411367074
2016-12-14,0.5835744830486709,0.1210246663992839,0.6869290367809369,0.0395960219434782,0.5872590040570512,1.58815279190263
2016-12-15,0.1607860849169392,0.3841169972120654,1.059668071177424,0.7915321377535579,0.1052304068358409,0.11719983911809
2016-12-16,0.4331483279474686,0.0488612265180893,0.0671252168378688,0.2416267914925072,0.1880233887764106,1.3780156615457542
2016-12-19,0.7625019382951091,0.2133187940467455,2.013804739335997,0.8470494202053966,0.0072242102640614,0.1230094487040656
2016-12-20,0.5685538264006984,0.013458722037729,0.8295956869492959,0.0607795681330022,0.708626740587335,1.7457567198055524
2016-12-21,0.9944721166301824,0.3020766752327423,0.4151323380692983,0.3306416524605676,0.203963898171027,0.6438048711308635
2016-12-22,1.3496404047705934,0.3928949013943059,1.4945804077941016,0.6798365024112952,0.2954140316214518,0.4192059268427057
2016-12-23,0.3011948824539009,0.3734123680001762,0.3573920037474672,0.3820556756305419,0.3888386438663286,0.033119561920175
2016-12-27,1.4856168769107907,0.1563276261686169,1.4299321248186203,0.5110466665604594,0.4691012900143226,0.0767939325363178
2016-12-28,2.0653682797898565,0.6535444884109622,2.787959350506546,0.433607486199533,0.4944658887241366,0.0542430100088737
2016-12-29,1.7717548431633832,0.4669205353071916,0.0847486096600415,0.3162067641424749,0.8627299934460928,0.183704558446377
2017-01-04,0.026081577464388,0.5807477770652835,2.744054511171148,1.10698584549473,1.6618671261068252,1.4902248276653876
2017-01-05,0.4577314306545477,0.7468370357065198,2.5069410643375467,1.1175374117803658,0.476618095467783,0.1643823814632171
2017-01-06,0.4032427900990804,0.9396523586593106,0.5361918875188254,0.286980781185902,0.0273621342866559,0.5886665814003628
2017-01-09,0.5750197609227068,0.4540289242650928,0.3874777937060554,0.6362610858436472,0.4720074438179984,0.4066448640325401
2017-01-10,0.1212077526698529,0.2485082985559509,1.2021444585007903,0.8176992507756152,0.5114526072236323,0.2199995020675809
2017-01-11,0.1637335245499931,0.1888059510675798,0.5790504706515941,0.1691397768301105,0.0527866593668334,0.8902070876579672
2017-01-12,0.160219535266925,0.152106898783256,0.7852579534834594,0.2649324527111651,0.2603685295751912,0.0291095394015426
2017-01-16,0.4305465997173728,1.1341033910662492,0.3599205343739839,0.6699896791458666,0.1885019531376471,1.3217277915019423
2017-01-17,0.0583326769607212,0.2522715039952399,1.6031798377681858,0.0116197822628916,0.3160660103635613,0.9936602507624788
2017-01-18,0.5273052156740305,0.1195889750661336,0.4626129026305322,0.4174318291614975,0.3843127512096846,0.2090659318943005
2017-01-19,0.0786137038133016,0.0894478105024594,1.2459191056833283,0.2662922424273745,0.3819327523589296,0.1420631614375255
2017-01-20,0.845946679674565,0.0972561225315593,0.1853742176562018,0.0950312366527458,0.5202271842460969,0.5772464643052376
2017-01-23,0.063649178523169,0.3848721137336242,1.940087440000786,0.4770905786617613,0.4978055168499476,0.1296044334292053
2017-01-24,0.7800456907549524,0.5596603398282224,0.050189154156281,0.5428990970338647,0.509899616896953,0.6108063182762223
2017-01-25,0.0320112741458546,0.1925990638451317,0.6436664067614353,0.0660981988923727,0.3458683543578063,0.8526379572631909
2017-02-02,1.1257351388119083,0.6225100230498455,1.3396021134077238,0.1360987420987914,0.7361542298794196,0.842585279955366
2017-02-03,0.1316760169575542,0.6866225374508963,0.0109328217404177,0.0703296012860877,0.6515324156357768,0.4032694470752843
2017-02-06,0.6549954830540565,0.3690477624335701,0.9324389623865266,0.4909122581049208,0.3896535784634148,0.0442733817099136
2017-02-07,0.2694515137023616,0.1420099434691715,0.4363499163600818,0.4807012850490352,0.4168174212575463,0.2667714410669448
2017-02-08,0.379559915623482,0.0201321646562823,0.383796150832853,0.1664947216087626,0.4268874672307041,0.0185191780863234
2017-02-10,0.197173163936602,0.6163931843194885,0.0053923416141767,1.0981236651696822,0.255159093667881,0.2475424860253132
2017-02-14,0.1674236419853932,0.5845410270465484,0.3928826456608245,0.904608654258752,0.8234461366162367,0.3517634332701817
2017-02-16,0.0496692539018979,0.0766903261360585,1.0546637783630617,0.7851991352391664,0.2420399903774149,0.4365616105550292
2017-02-17,0.5045419243426983,0.0052755940309574,0.5294595923318937,0.3533001935352768,0.1135053648696424,0.2145105890365289
2017-02-20,0.1560371039815373,0.2865224095190855,0.5011707104280768,0.3533001935352703,0.0399203439363694,0.3891659005585596
2017-02-21,0.3420073543964597,0.3527162447402339,0.0204648128307941,0.0807639683926925,0.8940828528059185,0.8352417630865621
2017-02-22,0.3307182688300062,0.0896089665204235,0.2984827740645862,0.9011725393653268,0.4858987462108371,0.0962484120082551
2017-02-23,0.2621262580909232,0.2109839527110404,0.4249984742930724,0.4910770851938912,0.3007043698189232,0.0515999481503581
2017-02-24,0.2445979141600923,0.3602890296027817,1.0493029964198997,0.6568001976424845,0.174333313331269,0.3353504058011961
2017-02-27,0.0563060703595536,0.2659056539222567,0.3660093367398466,0.2701699268976041,0.4201565470014936,0.414831135909296
2017-02-28,0.0709011167723249,0.004129536125759,0.2821876822157478,0.3870936074099469,0.0981546243464098,0.9312292917245292
2017-03-01,0.4397457535320364,0.2311643755622743,0.5755456706059605,0.8412435275300494,0.4880401667382108,0.1788342458298254
2017-03-02,0.8392297489478303,1.053523151295792,0.8918752836830952,0.4380711063697559,0.1753195313623808,0.2836921375073747
2017-03-03,0.3155539783153127,0.4258144579467376,0.1682105805932707,0.4518396911956138,0.2385092588623951,0.7196555321080856
2017-03-06,0.3444498567193129,1.1048667012620184,0.9168396723833276,0.0265886629854122,0.8071026389728259,0.5136793877730461
2017-03-07,0.1332107547190738,0.07523387492539,0.2649177464725706,0.2856688803723772,0.2410192473215567,0.0348959754523573
2017-03-08,0.163963785973987,0.1806494064917928,0.0005488908455617,0.4732557142849075,0.1199371672148352,0.0083732224395515
2017-03-09,0.1597249359001755,0.471687732446179,0.0122020026629769,0.8444942180319727,0.1605943168138352,0.1117006538928136
2017-03-10,0.2169815419974129,0.0093107487330735,2.0660347934596004,0.4641584912064184,0.6040486444370202,0.5027986587102702
2017-03-13,0.3462082712966716,0.252367506562176,1.2075764161514912,0.4394499449262875,0.2861415581196841,0.2868433750115937
2017-03-14,0.4097963241918564,0.0319317359617582,0.3954537464197435,0.1192264765608488,0.4963217924024838,0.6372488018047873
2017-03-15,0.0146520792146752,0.2971070765576041,0.1096750339838953,0.1901013929307899,0.1524003946213278,0.2199111437086404
2017-03-16,1.5681686489606157,1.1451871742945026,0.3414453157989931,0.8281366206594133,1.049124298168728,0.2492893746509517
2017-03-17,0.4013311013343708,0.4629043111774799,0.9083985782332218,0.1850610318810121,0.252077990571402,0.6145403988295327
2017-03-20,0.1163029688616619,0.2409473481896213,0.3880920326423049,0.1161763435018682,0.1638689559116363,0.63551956659299
2017-03-21,0.1643137705840386,0.3002222323237076,0.0920804665775495,0.225476958168006,0.3345759697669369,0.1551092014035781
2017-03-22,0.1624961853765258,0.3636914943541283,0.9381157560822416,1.2866728686574909,0.1352279359407847,0.453426661313664
2017-03-23,0.5346275559559878,0.0743883998462927,0.6334142664614211,0.2798984204636275,0.1313994996853372,0.9242648693773992
2017-03-24,0.0606420388974266,0.0715768407911873,0.431136796677542,0.5094238811171053,0.3048817433906766,0.3579111818212397
2017-03-27,0.4668869914712475,0.0458388777795333,0.3258554799267687,0.5110244679469278,0.1914758970810713,0.1909163176907376
2017-03-29,0.9216689058759472,0.3124191769558963,1.071114491313901,1.828162870408768,0.2842165879031383,0.4224412268464875
2017-03-30,0.0079099605564721,0.0662941091902288,0.117214779495928,0.3564148665832438,0.3112692002514471,0.4694226700409243
2017-03-31,0.4452307696165595,0.5250308259630231,0.2850205021733188,0.0589166385857141,0.3023796069406047,0.2143593897702486
2017-04-03,0.6923243558348026,0.3098496550054659,0.4085030116830519,0.3897739551953528,0.3643891681939514,0.0096906602876483
2017-04-04,0.7999994786297411,0.0973436638560248,1.4179212202344658,0.2654476756824692,0.1870623168579253,0.2433427631137975
2017-04-05,0.4441206919524725,0.1443298361872397,1.8325637387611735,0.0789856474420242,0.1073899926537347,0.1271280295026933
2017-04-07,0.4147080035213585,0.1692337308148531,0.00606490179069,0.0226626092165272,0.0890833959573208,0.651890095650031
2017-04-10,0.1626338970639263,0.1263889574346781,0.4494274098687195,0.1314708702994743,0.1478859639256567,0.2634071572804826
2017-04-11,0.2903725589003765,0.2117797927057641,0.2169646366272269,0.2108163275150471,0.1005122070826736,0.1998358179397749
2017-04-12,0.2878205181392179,0.4735744396079925,0.3708251920267193,0.3540464193035756,0.42366882448917,0.7893459246298291
2017-04-17,1.188217472945874,0.5836631366407958,0.5402811478082186,1.508808568557209,0.8586596473804331,2.053803367027978
2017-04-18,0.5191403522315627,0.383932791594218,0.0059324002367257,0.0242201763810657,0.0945926495653158,0.5751334448422901
2017-04-20,0.2001627949429411,0.0580097010391971,0.3369731325975639,0.0108309485122302,0.5183578619481513,0.3180187467205863
2017-04-21,1.2286173925164667,0.825703205987702,0.1942985616946177,0.0621307893282654,0.2384970792927979,0.0350859961355776
2017-04-25,0.2877112771514805,0.553687672015986,1.6009615519943128,0.7646220951957933,0.4948466277433034,0.6802891044886986
2017-04-26,0.8018379245602197,0.1765342570597296,0.3369470451490312,0.3102103794544504,0.3322931599983811,0.3470609146669163
2017-04-27,0.3411356760607244,0.0565476528085524,0.8505734460512355,0.0756456115523987,0.0446648109712268,0.909881011746366
2017-05-03,1.0508743402060972,0.2592887486679454,0.2769945941914684,2.0736641594073406,0.1692825384796251,0.4192002350670547
2017-05-04,0.3901228881527299,0.7838760118405776,0.9520759555913166,0.2842355780098255,0.5693078606049801,0.3440720395453006
2017-05-08,0.6753636717448182,0.5375949504994144,2.6287176652642,0.2585952676819224,0.3202751601894731,0.4386215460327544
2017-05-09,0.1894913637332723,0.0899630176285408,0.488865300297312,0.400496618446851,0.4929132383906283,0.4510857978821799
2017-05-12,0.3840984270322908,0.5256255066163272,1.3720275018037065,0.1635620878315057,1.0547004227911805,0.450438764194483
2017-05-15,0.2403062335306937,0.1564222369515694,0.5465545092584343,0.2736383907011055,0.4231837384812574,0.0027572515718102
2017-05-16,0.7387397234723314,0.0281151594933432,0.2330976182331778,1.1244865940460658,0.5791584031903396,0.044126367599167
2017-05-17,0.5595017574490843,0.1406944891690778,0.4541033546683832,0.1119023537630353,0.1253821912428535,0.298850955434952
2017-05-18,0.5320878384957648,0.4787144985967,0.883461510496197,0.0757144435955201,0.1557790704990481,0.0288820582537105
2017-05-19,2.5607472272645597,0.0627917444759727,0.1279224324400645,0.1472371613897337,0.2429324695740647,0.9351044651966725
2017-05-22,0.73542930010508,0.3764886722149416,0.5001838090154282,0.1041865806098821,0.5206965447484985,1.391166747051693
2017-05-23,0.3280828157843543,0.4392804166909202,0.0713287172897492,0.2833906379335638,0.4458063065624618,0.4269280505982993
2017-05-24,0.4754176943978505,0.2170588986243223,0.3281760542711857,0.2649565124072703,0.0932710154209103,0.243989687454126
2017-05-26,0.234352914352409,0.0728154803371247,0.3778396649813377,0.3664766628392916,0.199016151153584,0.0901658709271367
2017-05-29,0.0784640768492845,0.4189791832823326,0.2353703720468191,0.1513800654659638,0.0701193080187514,0.3812955225766548
2017-05-31,0.451051153833939,0.0555110226242777,0.6221377526599756,0.1161016663541697,0.4159982485531833,1.1360772294400927
2017-06-02,0.0747524625161578,0.6254899964877215,0.8960494819386847,0.9050041709897269,0.3796391812679782,0.1340891283983128
2017-06-05,0.1007610107536499,0.6171300856977263,1.1782082450119633,0.0524812356584692,0.0478552872750676,0.6314532214239112
2017-06-06,0.7053726193161746,0.1710027143545857,0.6049692915767584,0.0790866536305454,0.1339355793679707,1.0463033638112875
2017-06-07,0.1661971635679379,0.2845998764015415,0.6167158429934612,0.1626914848126365,0.1511703373047511,0.2857581508182742
2017-06-08,0.2522419674583616,0.019605131658144,0.5474617905452714,0.2028610817660322,0.2359094747917328,0.4429406213726121
2017-06-09,0.4815944386163689,0.185766205268955,0.3963966440434298,0.5280942450905335,0.231436878791852,0.0546721352418586
2017-06-13,0.5643798925671581,0.2490716277242519,0.9096052749222212,0.1022796910574801,0.3638068829092645,0.9518128952148852
2017-06-14,1.482599946710227,0.442298667713969,0.6058937214520186,0.1256372252683635,0.2946641874755187,0.5113145834122441
2017-06-15,0.2872075756302774,0.1306382475613719,0.0190770064292857,0.6580789419822086,0.2202786244828388,0.0262926106132913
2017-06-16,0.9156123355973648,0.0726016586294726,1.03833232700821,0.0201173811716118,0.1936394427497146,0.0880530477903921
2017-06-19,0.3187456686269131,0.1346309008597584,0.7775838618044696,0.4859066131959361,0.2888198957438586,0.7316451388026458
2017-06-20,0.8669282582426772,0.4588780220592692,0.3264505927771824,0.5174770762299082,0.1595070548243069,0.1511578192713843
2017-06-21,0.4590344600775169,0.2890671354157262,0.3984982223658415,0.890834756828782,0.1020389265385088,0.0755503487805144
2017-06-22,0.1915522770904761,0.1047063096998474,0.3560599480169966,0.429464334954143,0.2469996923664777,0.1447470765403399
2017-07-03,1.3718986388225278,0.4940654433740153,0.1040413280660628,0.245687336289697,0.0949271010653173,1.6283252382749045
2017-07-04,0.7621397100580322,0.3732972056025989,0.4147657308816574,0.3819972315798531,0.3361357331244832,0.4297429446649636
2017-07-05,0.6896199977150737,0.3444572693944996,0.1897605971242887,1.1622650060689137,0.0577959121159598,0.3578189754714385
2017-07-06,0.4200738425798096,0.1339476150229455,0.5016193891749113,0.690958737844324,0.3421679973910941,0.5547846667059575
2017-07-07,0.5963860050823768,0.600488728859413,0.012929937859298,0.0827196662257498,0.0127472536704544,0.8881075839863419
2017-07-11,0.715680834230666,0.278809856871054,0.3961268923306812,0.3166957270210353,0.0127410998572874,0.8245521090142122
2017-07-12,0.7902707505574023,0.1258423308491271,1.0158024659703269,0.307734623493238,0.3619441448047623,0.6232487311447105
2017-07-13,0.1873456589814598,0.1970915596193319,0.01914958678146,0.8304703876354007,0.2840520271225982,0.532056624966895
2017-07-14,0.0300291677084287,0.069538172361856,0.6440141114631015,1.587009160642436,0.1026222742796589,0.0899800819113094
2017-07-17,0.1625084325540658,0.0108222865204414,0.6143997729353106,0.3282906198077498,0.2347852669612659,1.1238325600261505
2017-07-18,0.3245601585599221,0.0153782908567399,0.2318806983013155,0.2374231258430503,0.1633989510986041,0.1848477485458772
2017-07-19,0.2693621513337044,0.1338182669017077,0.2509131859041444,0.5727525912708583,0.2751477451403433,0.4951952879444431
2017-07-20,0.3184017282771746,0.0933709901328642,0.8636322915707364,0.9652302367085868,0.0361740895738637,0.3753958075054379
2017-07-21,1.0316039836690176,0.2008672179302918,1.0745008575260644,0.6353719017489575,0.1124253885286793,0.8560633092252539
2017-07-24,0.6252817528744234,0.1607404765142565,0.3396344191044955,0.1002296949735603,0.204427080760402,0.2786542286782816
2017-07-25,0.2057360452976174,0.0765871943195355,0.1139685422884149,0.5130596622497392,0.297013560987846,0.9862490797081545
2017-07-26,0.2295402863358702,0.1507383651972887,0.8218998816568627,0.2667816367382707,0.1105988535501831,0.8578062527341083
2017-07-27,0.336285509348588,0.2301961300603111,0.1028399101316521,0.5377037124445593,0.1333648689207355,0.3080151007070822
2017-07-31,0.363526688241735,0.5688192477369756,0.345247786125342,0.7537161567035682,0.315482154512845,1.5498204166009364
2017-08-01,0.6136623199259735,0.2893473825104086,1.3997359736942905,0.2603569610569476,0.0234729014331059,0.4151920175129958
2017-08-02,0.3275125757238071,0.3099766878659502,0.4303150999036211,0.3170362355282768,0.2591132814275988,0.0737425655143504
2017-08-03,0.7526706693863889,0.0728319251586455,0.0509260910859146,0.1757434110304313,0.144994724903231,0.2870353525280384
2017-08-04,0.0535425298425743,0.1483184681560055,0.7104585888997552,0.491793480170242,0.0006342299307893,0.0240937883575139
2017-08-07,0.4891220698727642,0.1902920720610931,0.7466265128428495,0.1760172108279784,0.2912481550444802,0.5437338737775856
2017-08-08,1.060075061118183,0.2101378568734579,0.0720987989474359,0.0780220337075282,0.2392743685296632,0.1779685553823355
2017-08-10,0.2643889458518684,0.2180134050889876,0.2539971367303398,0.1553881786904412,0.368357323210383,2.3183146901622624
2017-08-11,1.031879133163813,0.6099247144470031,0.4758811775221973,1.318216375413816,0.6594419475268767,0.17469965815162
2017-08-15,1.1878730782957994,0.3068392788923279,1.0162064076957185,0.4626858706624709,0.3758919441140103,0.1321980051775914
2017-08-16,0.970558492991496,0.076702296729444,0.4631259834856722,0.4861668368937473,0.0210595640638555,0.324997210889952
2017-08-18,0.0320996992560127,0.1391544786056991,0.3717774158915939,0.825612065635564,0.0631764172159739,0.5964206614847617
2017-08-21,0.5586972902035566,0.2593114801043136,0.0,0.1538703304681553,0.1970547834851412,0.0234106753748554
2017-08-22,0.328634560569074,0.1466493737427307,0.0099771925603006,0.5160698422785558,0.227181910238836,0.9842895060583362
2017-08-23,0.5719217457903072,0.0721720691569129,0.2145554226906948,0.1146561103186413,0.0120806770571141,0.6181104512328892
2017-08-24,0.3371700414009512,0.1442920878018211,0.0772344363369282,0.3707742778288289,0.1638411006637506,0.4935709189755941
2017-08-25,0.3598063322763567,0.3571538509871799,0.1274646380534022,0.3854984630110803,0.0069791868051774,0.2413391595680737
2017-08-29,0.4600458329907574,0.4549199935526802,0.8362860580733763,0.3143379965791471,2.4007522428753783,0.3105472003921847
2017-08-30,0.26709363029001,0.6801949867786581,0.1048699343718138,0.4887469169785854,0.0495773079525551,0.5951018412835604
2017-09-05,0.7268036347816714,0.1992796878262104,1.1573245982546867,0.4296778494469116,0.4378858923753886,1.739107843196012
2017-09-06,0.1002361776111425,0.1609196898305361,0.8155546564505839,0.5796074704696753,0.0542924669153625,0.1563820580259597
2017-09-07,0.1402288595504875,0.5906425970465939,0.4874113104432314,0.1365186068104389,0.6982280798657069,0.3986749669816703
2017-09-08,0.4244542692195273,0.1728914146796472,0.0028665628680726,0.0154879795287508,0.1805207008813624,0.560730416827905
2017-09-11,0.2517133011191956,0.1594304454106558,0.3305124878216081,0.0015502024167649,0.1179325066212007,0.4666387395080416
2017-09-13,0.4462856412407714,0.1866144221908802,0.0567567588540224,0.057288586804875,0.329214459652729,0.6636487410089296
2017-09-14,0.107167183324431,0.2634916897438824,1.1239263113993585,0.2917287446532486,0.9787987791181656,0.4399982239950513
2017-09-15,0.3478244965325153,0.2780482776507014,0.4402857680833343,0.3542457587908608,0.0861574209954741,0.0620293542783919
2017-09-18,0.2078549179956423,0.1495759024583886,1.375312983313048,1.0010310279087635,0.5806504340211923,0.2540761983788203
2017-09-19,0.2836489491128695,0.393223580204817,1.5974178440025504,0.4916719253947217,0.1429952294363373,0.2404264387795302
2017-09-20,0.0888739050676671,0.1735138416692704,0.6912498078629448,0.2445643159454303,0.1160515924457875,0.0086859950792484
2017-09-25,0.2027157411398554,0.2506516895214767,0.3086746604864667,0.0671483696786013,0.1833337003813323,0.0347515269346538
2017-09-26,0.5213212497049386,0.200866829510044,0.9088203888433825,0.1204077052191444,0.129446475542164,0.0285549343004115
2017-09-27,0.0159471218760112,0.0764895572060422,0.6317687611647377,0.747805999977285,0.0311387076970181,0.1963806935191264
2017-09-28,0.3755958278224199,0.3509035514435953,0.8044987079146521,0.2788058678458336,0.2343703655344548,0.1305491329831618
2017-09-29,1.0187046668814703,0.1411700083449281,0.1885183812823427,0.2242881230534581,0.4072476395783028,0.0497129089803899
2017-10-02,0.223037093672765,0.0455751988398051,1.0330210344240158,1.3017808145642935,0.9209405468844511,0.2726171047012488
2017-10-03,0.4289604839420358,0.2782806813141627,0.6837940363798373,0.4923051130799576,0.0787280052534669,0.528675234470351
2017-10-04,0.2022041766173118,0.1232381645155463,0.3736590227612513,0.2909324454731412,0.1302617424260409,0.9553219830600628
2017-10-05,0.8363795188198976,0.1562087637405685,0.6015147346959119,0.7752666158905956,0.1835043948096558,0.0533866384685359
2017-10-06,0.0588140026035739,0.2787347133501913,0.203194641447568,0.8988116781949894,0.3011644773380953,0.3186552233588466
2017-10-09,0.1616738820855458,0.0017023266030293,0.6775313123699561,0.00820372718187,0.2213572199947462,0.1434968949070836
2017-10-10,0.1551668499203682,0.1645329596482252,0.3657551146707019,0.0793284275802312,0.8666864564091378,0.2086922917694907
2017-10-11,0.3897871761613624,0.2228349508853345,0.4722986661309756,0.2639556518671239,0.420338204187362,0.406254405844089
2017-10-12,0.7353242464516881,0.1828407795302914,0.5290759302458296,0.6929627064978812,0.0968904816944861,0.2356089492318195
2017-10-17,0.3558502217766635,0.2860421066338559,1.1234150789203932,0.7822558465492155,0.6977139059071936,1.510830606406329
2017-10-19,0.6206922925382075,0.2862886957845836,0.1221083438539043,0.1764687074039765,2.408632928916448,0.0772377875981418
2017-10-20,0.3212657609492941,0.1916965212514777,0.785651824591329,0.1743673993097391,0.542055546110874,0.2524506555846811
2017-10-24,0.3791967974653814,0.2594354128130078,1.6889374607494,0.1815639616255732,0.5438458897762094,0.1936952811290181
2017-10-25,1.224942844868445,0.1674748607530233,0.2825703706446127,0.2758073846918253,0.4122332770316776,0.6582427612615973
2017-10-27,0.8358437469035385,0.4062898148575793,0.0891533334498609,1.2647430440315253,0.4198742755127469,1.1585590314314875
2017-10-30,0.0201452378340316,0.1270558717851077,0.83199203757052,0.3096523045809049,0.1531436809854386,0.5731014695225822
2017-11-02,0.9500931224630588,0.4184064513298424,1.786165267866881,0.1340945788353588,0.9782004533129216,1.443160619402002
2017-11-03,0.1397453299821396,0.0068923493932327,1.6563060513582226,0.0535297789318107,0.0270366696429864,1.2690858654217072
2017-11-06,0.1866317605775871,0.0780878258879367,1.7390661250134838,0.0135999422717417,0.6017825239093377,0.6332649558034386
2017-11-07,0.1590234513674276,0.4952390808043411,0.0147932070917167,0.919807192863224,0.0589874578574576,0.1459321674525191
2017-11-08,0.1828156580308639,0.3856783302631029,0.1564193091836846,0.2384983528923269,0.1108726495399343,1.095898174574021
2017-11-09,0.1145206475516317,0.1495331093824939,0.1330734457279701,0.0777165844891037,0.6799957696270241,0.081390621317643
2017-11-10,0.3420318862435917,0.2596683793294846,1.0185696736144385,0.1113328250897045,0.8106614704068735,0.903622348897668
2017-11-13,0.0061788845478823,0.2753079692681788,1.23437529366438,0.0283720492812495,0.1320949517025665,1.2738005198996447
2017-11-14,0.5522871365549562,0.22356063069941,0.5939111325754853,0.5878323877403355,0.91926468119065,0.1772486034201842
2017-11-15,0.2672267694987426,0.6144783086448284,1.2754476400257235,0.8980875826713728,0.7291748257502834,0.1916654494621896
2017-11-16,1.0923505674347536,0.2836307104660941,0.8131171544103706,0.8166931337870942,0.0585531469551013,1.1501825016674654
2017-11-17,0.2287034852568312,0.2064120605976881,1.2670309476528374,1.2219601636681043,1.0662834023255738,0.2366148376980559
2017-11-20,0.0256140630108226,0.191862246249105,0.1310689894354739,0.1243972314628791,0.2920767542276734,1.4335005594107078
2017-11-21,0.3544919698373103,0.1349253678348115,0.3947955487632998,1.0804791502350282,0.2277480607383647,1.6192685775303528
2017-11-22,0.6267488064977342,0.1660745208995714,0.2840343394692504,0.1937764873242424,0.1548088102704453,1.5516583949462968
2017-11-23,0.1078055448394069,0.1317936153933358,0.9338523010488324,0.1999098229036253,0.3362074895185726,0.1114468920940846
2017-11-24,0.0642514162788712,0.2349885660362633,0.2619038665136358,0.5529248253624134,0.6781861526739648,0.2000781721014721
2017-11-27,0.0420916471522384,0.1530367504057849,0.0408915245345422,0.1683444897515659,0.0100204259844661,0.3244088258445786
2017-11-28,0.1009773351948804,0.3168027015634149,0.8383902608123602,0.1741603169737723,0.6378251753599643,0.276622406180609
2017-11-29,0.1541142548534125,0.3470342863764928,0.4575109503037988,0.0976585271475762,0.069760601042877,1.1545801271658944
2017-11-30,1.818486954291172,0.1465877884998473,0.0,0.1586010476798579,0.4666828822313434,0.2323785133560575
2017-12-01,0.0,0.0,1.3417681053885386,0.4649089836846277,0.1330576073917244,1.088867772414145
2017-12-04,0.770804773871464,0.2757212045935033,0.7341430335797735,0.3214303659482211,0.1200990976166115,1.003971444818325
2017-12-06,0.6201434253255496,0.3030753796577038,0.5571708751561646,1.207210146315642,0.1898568201851428,2.334200654408012
2017-12-07,0.4762014549150145,0.041897769984605,0.5557979143177955,0.2673428476741692,0.528583616933888,0.9532010527118794
2017-12-08,0.4007890687055457,0.1278930000590604,1.5749467555539274,1.0715258788550193,0.184758176750355,0.1607400775086643
2017-12-12,0.0234277939707446,0.4822020586269336,0.3529037726844266,1.187215059356446,0.2552287163869587,1.3826857175757623
2017-12-13,0.3678825355588052,0.4666608571013648,0.3061136505233442,0.0931593965385641,0.2792533350491222,0.3078337969474521
2017-12-14,0.9705464379036748,1.2206065537410529,1.206259314783673,0.9556087232687246,0.471077718067321,1.2310328824679506
2017-12-15,0.094270904532055,0.3376959705861891,1.4766168502145334,0.5498586091202712,0.1573086790739626,0.0737569581435209
2017-12-18,0.2373867449349667,0.0816005738510644,1.023648415698602,0.0620593554774014,0.3498591179501861,2.419276884635103
2017-12-19,0.5479470984487927,0.8421826839747176,0.6773639066410627,0.3035537583687497,0.4976889809241997,0.6954801060289777
2017-12-20,0.9478507204811198,0.5557546402346687,0.0400465713111515,0.2823762238788545,0.337129032681989,0.2194307232926971
2017-12-21,1.2024865138199918,0.2618735400590165,0.1872054098242786,0.364154432690225,0.0719409985595828,0.7843920674710807
2017-12-22,0.6065939931117325,0.5143202567616283,0.642802940479407,0.0939662860416983,0.297208425153713,0.6595120776870579
2017-12-27,0.898566691667,0.652325049941992,0.6925493033021991,0.1758780701948941,0.6186086379751099,1.680606824862552
2017-12-28,0.5858207766188352,0.413419639461432,0.5189684794661034,0.2188317002334729,0.5491707844256124,0.849283834735672
2017-12-29,0.6568120902537969,0.9905298310229028,0.2729701849584809,0.1123144186381591,0.5959366721638745,0.7669750391313547
2018-01-03,1.6526703945825238,0.2239815635453189,1.9177151668072456,1.7870963683736572,1.4053675251727948,2.153949528442306
2018-01-04,0.6511893020404755,0.5928382621383175,0.179801139916827,1.058948975406598,0.6998103983219456,1.390351316133122
2018-01-05,0.9713299145851294,0.8019007821761869,0.3446058767771137,0.3350200374238753,0.2470358837341575,0.6986842041678716
2018-01-08,0.4971462259441477,0.7769676100950468,0.2840962480413508,0.649279116439757,0.1471405665826072,1.0071073306972531
2018-01-09,0.1921812660962541,0.2842270928707655,2.021702546817402,0.3544205004430933,0.133773094273524,1.0367423126120767
2018-01-10,0.0309191104517952,0.2208247893519291,0.0384407718588102,0.1192304369491592,0.0161507796332343,0.439259854705509
2018-01-11,0.2377429921903632,0.3318888139861074,1.2072190753240997,0.220954904058012,0.4380561733878025,0.9644034330081808
2018-01-12,0.2551492545108277,0.3181736131892694,0.0155448977233257,0.2240825071073231,0.4090740856410167,0.1849134102966384
2018-01-15,0.1902390116527687,0.1776028491441223,0.4877644409975218,0.4491978918085109,0.6865211519697059,1.26422259285211
2018-01-16,0.7414565700436321,0.0065715819616502,0.0836226323095466,0.3894682237578922,0.0455524993388887,0.0479677214654487
2018-01-17,0.2303237010156685,0.1422827841848959,0.1822235910873639,0.2340640814336823,0.3862294001737404,2.6955604355943312
2018-01-18,0.4358224454149681,0.3851832912616202,0.3197561402523552,0.5833008743454727,0.5240984926597522,1.4926366122382222
2018-01-19,0.281249743999054,0.3961171729286727,1.0732640790554355,0.8215940946497494,0.1109699772738607,1.119160295119992
2018-01-22,0.1482949624101136,0.2359417793933679,0.3884382635650028,0.5356862973873628,0.1492342821113712,2.2750890519061264
2018-01-23,2.052547451245066,0.2663995846508188,0.5392813706364168,0.6325543629073949,0.4223369727625953,0.0
2018-01-24,0.2994803712232357,0.054420584227928,0.8793846867546109,0.4765777503394399,0.3911985494101491,0.0
2018-01-25,0.002480004960138,0.4789683723246522,0.881055861795803,1.0197968177159067,1.075383663517516,1.648539442588358
2018-01-26,0.6822898160503409,0.4357054355060317,0.4659588379883367,0.1535128821728823,0.5257423746192649,0.9972112310130772
2018-01-29,0.2998371303974845,0.8914137548159812,0.1924872949326256,0.2779924506855578,0.469674429510444,0.5248412363966115
2018-01-30,1.5861236299203143,0.1037716917615214,1.6488638816984629,0.7951440511871259,0.5938722705171617,0.0684573699472607
2018-02-02,0.8077350279459374,0.1016311377651855,1.1255597833960622,0.5345710645664631,0.0405034676023805,0.4982859199569205
2018-02-05,0.5922782444137967,0.9351377795420756,2.2351627004087105,1.337302357199381,0.9363221007330784,5.232069598128462
2018-02-06,1.70083659319457,2.216419996449553,0.7640544441864761,2.222376450152962,1.2165425521852324,3.602760161460965
2018-02-07,0.8656687907807131,1.328012902309446,1.3606875977947424,0.6659631133316979,0.1673319402476896,2.821618370360992
2018-02-08,0.1493122529826015,0.1501522375498353,0.2596889356810702,0.9450494601327866,0.0683123557136486,1.6765583126907513
2018-02-09,0.5993944398345993,1.0723580033140836,1.649014456229993,1.1382167921714783,0.0117591123092131,1.905157786277016
2018-02-12,0.2752505218916404,0.5671317140868523,0.1857421011579674,0.228918717461052,0.7250652448168373,3.70081289839232
2018-02-13,0.8353835306906078,0.155600780280196,0.9641211050993144,0.8850018476148213,0.0322312185743182,1.7073771185435394
2018-02-21,0.9866024784347068,1.3627265560396462,0.5064172115426898,2.919137673998412,0.0627573052231087,2.554543440196716
2018-02-22,0.7606276391292813,0.166975384552528,1.145191036129754,0.7929020485899129,0.698095434370009,1.0281250707115008
2018-02-23,0.4048202816075619,0.3460212087749862,0.5653948408316342,1.274926128440626,1.080451325282695,2.4619395884643893
2018-02-26,0.9887584612461078,0.0763140403268571,0.3821524843227127,0.6384533826336599,1.4343064763261777,1.0535053105450356
2018-02-27,0.6728667627044652,0.609938010379917,1.0811884638546332,0.4357301771111371,0.2068477525678724,0.4547618998706624
2018-02-28,0.0258864692545858,0.8187493157432479,1.3720874758905592,0.6361285857917749,0.0142061654997006,0.4687063043153421
2018-03-02,0.2261364046415614,0.0070040641686425,0.197471003640858,1.1073206102262998,0.9966845996287356,0.3259014139707483
2018-03-05,0.4831101316083034,0.7272851020465847,0.8596254433871998,1.1735017067404108,0.170675366669941,2.504318821147253
2018-03-06,0.773631627389789,0.3115697775804231,0.3099201276018483,1.5384354634814137,0.5449066743154038,2.4222309289624326
2018-03-07,2.049183887674803,0.5680538214420435,0.5305224664411894,1.1877511768769822,0.9730042183820126,0.7193598914171405
2018-03-08,1.1670138733042794,0.0935397125998008,0.2721327248524195,0.858451167474507,0.1539087186317971,1.0633213076831267
2018-03-09,0.1506517922845396,0.2334738178938007,0.1114915170247115,0.1472902816215621,0.1986360314865466,0.065849189942821
2018-03-12,1.0416704229115314,0.9338406867463932,0.9626864716388523,1.554877291414595,1.3955547886725703,0.2560342777512576
2018-03-13,1.3604519198839469,0.1508655326076821,0.4021761612409935,0.3817369142612007,0.5307211576672265,0.62135091038123
2018-03-14,0.4724047266254296,0.3746202693240926,0.8448137836484124,0.4037728856768512,0.1931941071094895,0.4208864186218814
2018-03-15,0.9558750403890494,0.6369004744668085,1.9195567097717885,0.6144132091099189,0.1476758181382786,0.0588532419209927
2018-03-16,0.2685018408082298,0.0606770472459526,0.586076131942512,0.1590381947272051,0.2381553966870083,0.9987195007372952
2018-03-19,0.2442391444101395,0.0839084146346749,0.0316911574305568,0.3951218875156527,0.6628740774185583,0.7820219034049346
2018-03-20,0.7339709383667936,0.4562276038762722,2.159500038115628,0.428434089141998,0.0027739938687114,0.0146639581736178
2018-03-21,1.1030958435668845,0.5056192223696523,1.88537596629521,0.062074012147329,0.0883070686359082,0.8562585863541621
2018-03-22,0.9351111163160988,0.5915551432875502,2.6867877707686647,0.5643646718147969,0.1600011897394362,0.2562220625218561
2018-03-23,0.6959798389948966,0.6226500249358436,1.9093217984178272,2.024737304036597,0.2416019990188075,1.6139992229093152
2018-03-26,0.169631453914616,0.2850875063607251,0.4831737724768754,0.261344247085277,0.3832783935038283,1.5167121586814896
2018-03-27,0.1479222866125876,0.136468122178857,1.4349950607936135,0.7849101053147697,0.082137180883439,0.0435348605864432
2018-03-28,1.109519821488013,0.246213144809316,0.8385934788995704,1.6584663129772512,0.9806140110580208,0.0435159159927828
2018-04-02,1.611061458973156,0.0258316501823132,0.7443579418042732,1.408394851738017,0.1519347536896622,2.057611060277474
2018-04-03,0.1853729925812501,0.4081796426317122,0.115240208436678,0.5439251296087781,0.9606807021037124,0.6977260055293961
2018-04-04,1.1612653852450678,1.9003979964553008,0.6362859779525135,2.1461594553579677,2.307120805549457,0.2731289226877811
2018-04-05,0.4235042780999645,1.1056890731822828,0.3057492287244555,1.9554820475257404,0.8623715524439697,0.1367042746368534
2018-04-10,2.2799022252160395,1.3443121745780893,1.0964684120617934,1.7674999495462524,1.2014248009093085,0.4140030753432435
2018-04-11,0.5535593824903756,0.4776393243801894,0.1165089493545612,0.3852540751873604,0.1288257885129196,2.622305397624858
2018-04-12,0.7912197820293917,0.1992772394558316,1.2402692099236154,0.3209360389854678,0.2237755530775085,0.5051012178820252
2018-04-17,0.3975621261715126,0.3659990151022094,4.055742472428547,0.8494568225290325,0.6608599522994236,1.697156326663729
2018-04-18,0.5432872075615,0.0622395282121591,0.8989156797400424,1.6899480425773716,0.908972510946318,1.2872099922103597
2018-04-19,0.5663672911748006,0.8403868467406113,1.4331359513897497,1.1432983057777886,1.311101512735916,3.932155001145171
2018-04-20,0.2868543728255769,0.3928205470228609,0.5773277718654833,0.7069106220125857,0.3525977004118971,2.278727086968081
2018-04-23,0.4672986893288371,0.3922403619815944,0.0938742865487398,0.1722417653276652,0.6203702290411138,3.92285713092793
2018-04-24,1.2524417065063485,0.8019916294998113,1.5550140058608233,0.1401437803615776,0.1084337254249433,0.3670885504543434
2018-04-26,5.280754498572045,0.7031399307256022,0.2242122830203635,0.4064545765413248,0.8423703661306183,3.3763086539163045
2018-04-27,0.169752842425542,0.6028400867652053,1.3508762757747232,0.2011952560999597,0.2714600255171452,0.515484741456164
2018-05-02,1.558933474481674,0.6157974731295528,0.1947301800707723,1.0586159714616532,0.7346311711264718,2.037255335075009
2018-05-03,2.58638375761072,0.0124185215949227,2.6321667640984288,1.1013967032550522,0.018423366770039,0.2549209860992782
2018-05-04,1.1395931270165054,0.5398546673344199,0.1470676012478504,0.8510034315096695,0.6122149465085164,0.0331180662076396
2018-05-07,1.5886162321210342,0.7427769197116032,0.1712282943417629,0.3537542797122642,0.0039299310446148,3.395154393338435
2018-05-08,1.8934371045634248,0.9965526706466676,0.5862035165097548,0.2914013000480875,1.1045181458132365,0.1705367609014276
2018-05-15,1.091913159086396,0.0914789816774661,3.989271389713611,0.0830093349407684,0.3748107157004648,1.2230991997480214
2018-05-16,0.0573249435216342,0.5428405218760013,0.208309868335126,0.2030156893807562,0.9233943457956744,1.7743825865973826
2018-05-17,0.4382456073783913,0.2057839177787609,2.254574379063089,0.104952219290044,0.0331231227696058,2.3000543969592413
2018-05-18,0.5622778279462387,0.0032385854019837,0.2842610745088506,0.212000034207955,0.1694596284176472,0.9559840667727296
2018-05-21,0.8588287603302557,0.049623739244915,0.1856448613476503,0.5357825868833823,0.8028485719242118,2.48709013027414
2018-05-22,0.3006563360148883,0.4623327153355461,0.1548538705643076,0.1424272392769768,0.4307206739521835,2.9059114302166558
2018-05-23,0.7083354665946774,2.2350560431458324,1.1275431955913608,1.3327918183944842,0.4046310758439936,0.3068589895537595
2018-05-24,2.633139224125566,1.5972788919956165,1.2102898054470357,0.9295161467547524,1.209957414157934,0.3058447033323309
2018-05-25,0.4899089654581018,1.2168985774834489,0.0656210030664063,0.4456016297735654,0.5009021703307132,2.2587660618380623
2018-05-28,1.537434631016452,1.2067658650645243,0.0602974481524494,0.1493235928296807,0.3837980327917021,3.3923016430554647
2018-05-30,0.9482348744782187,3.236791559946521,2.2863340625843342,2.141001833698847,0.5434055981593243,1.7817251015701043
2018-05-31,0.4580096601540812,1.233575321773996,0.3611846675860928,0.458956611180381,0.1060195783946994,2.3702112306788305
2018-06-04,0.5206025659261654,0.8324374568363004,1.0936123525387738,1.1398611545226565,0.3294378475828259,4.285729640484294
2018-06-05,1.22231498176868,0.001710919911605,1.3907506449834266,0.4511802792783407,0.6612601903729796,0.8799381114508475
2018-06-06,0.3138077804982547,1.2451072088444008,0.0439725938990129,0.4416614812644119,0.3451045155111569,1.1432917984389117
2018-06-07,0.607493700794924,0.4872420376809823,1.4739048669523642,0.1518543137883972,0.3254789274289892,0.2114727104855557
2018-06-08,1.868951098659441,0.42030584299279,0.8050689619123108,1.0626115051850151,0.6373232970871701,0.2235391401533631
2018-06-20,1.8453288758504056,3.9321907201258055,6.389435996644726,3.56866652274487,3.4129071162217466,5.750212582514905
2018-06-21,1.0542399614155311,1.024682413651356,2.276878762189654,0.4806582079544193,1.808038387572402,1.1844166455562304
2018-06-22,0.0089486363013164,0.1080817676805251,0.4935938699104365,0.3825519388373776,0.0330357727251953,1.4104721763150612
2018-06-25,0.6381552529552327,0.9518968060014912,1.0864146360156912,0.8112091231300161,0.7797974671381742,0.74480125826393
2018-06-26,0.5722711221239647,0.1335728865882368,0.2905525497454229,0.612380899320769,0.1047329124685428,0.7600591936914237
2018-06-27,0.6561034407523247,0.585292218748635,2.38624560229295,0.7987048203473365,0.3281246785437134,1.4457737499896282
2018-06-28,2.0993222878380657,0.0240054712523314,1.5426880621622143,0.0859921000095303,1.188255524972876,1.2002677501040802
2018-06-29,2.3010185987748364,1.5382228528172914,1.7827698411273525,0.3410797766315375,0.2478833371910676,0.3576403743226151
2018-07-02,0.908836427335216,0.3820443306793411,0.4753946068757761,0.9146239717573597,0.7299820770064234,1.4287978988152603
2018-07-03,1.9829471879873568,0.2781261576072111,0.5433482608369234,0.0939031500160339,1.1967139530092803,4.440713206462768
2018-07-04,1.7541946253324792,0.4796915048643739,1.1094997613947093,0.2774351980300304,0.1584827562488421,0.9862792744390976
2018-07-05,0.0992397081103785,0.130216541029246,1.5752647562012625,0.3636053171013139,1.7198303729569435,1.7185261917444188
2018-07-06,0.7769668863001509,1.5972889374468229,0.6499184332572197,2.012616290534527,0.829558177617722,1.9935604715283917
2018-07-09,1.9555497704775169,0.5257045430766955,0.001250145227483,1.1525458144190823,0.5065273574146288,0.2608274834473033
2018-07-10,1.272733546418121,0.8631622487620514,0.647300632587266,1.4149216617850815,1.2637324730840842,0.4380592251322314
2018-07-11,0.1970107510229278,0.0971601508097338,1.3790264995901182,0.7894079809179071,0.4249690560938187,1.9908875806276076
2018-07-12,0.245960628399677,0.8725552749143208,0.2294980831201902,0.1208821183974156,0.2623934401454804,0.5972099662405361
2018-07-13,0.6109082870585834,1.0719768349216312,0.6589974711766523,0.2253856957635656,0.1577108069470139,1.2399024033988104
2018-07-16,0.6568552993395332,0.2748937589179984,0.4027495370544908,0.8489027964792663,0.9678499323008836,0.1526776546973505
2018-07-17,0.7419364296052081,0.6125965044342373,0.1659567149756628,0.2116625794426176,0.0995768161733902,1.1089516498359109
2018-07-18,0.4973214948287245,0.9047817450963976,0.9396645034307864,0.0265459524388124,0.5996504412742601,2.266604873404452
2018-07-19,0.3341973735661302,0.3513386007315725,0.855844188717335,1.1377730156584265,0.6726137749022574,0.1675184343909507
2018-07-20,0.0290710391467833,0.2601061962951224,0.1587795699561296,0.615933106469563,1.4569520915068952,1.1271266041637396
2018-07-23,0.7297216344464476,0.1873193561292121,0.3087363875899171,0.1250122945370168,0.280263558075138,0.3582642472122005
2018-07-24,0.2708710151514097,0.2823204390895106,0.9474041226616458,0.0321895136284077,0.091345857822281,0.284367474423426
2018-07-25,0.0345088441492743,0.0482021817721871,0.8953992158955444,1.0327240104434916,0.9428471413095,0.6983043534495507
2018-07-26,0.2061792672712179,0.138807060516282,2.0007465435417657,0.0531902379330023,0.6951804545582694,0.2777570229098097
2018-07-31,0.1631524846980946,1.015083840004395,0.0801924993942314,0.2632193908336595,0.0046982397712676,2.780916529295143
2018-08-01,1.6203728587689297,0.2272913694976082,2.1434457596947247,0.2737293686297337,1.1811557621996136,0.379224825400867
2018-08-02,0.3602418980595116,0.5708819538581844,1.0087477525742303,1.2888505775841843,0.8005185353914738,0.081833065123193
2018-08-03,0.0696392013225242,0.1101652597006958,0.7682246231810823,0.628510329352526,0.2227792960774406,0.6324668915012138
2018-08-06,1.5459112440069835,0.0191000620595393,0.0266050779421266,0.5986858876524477,0.9300795432588738,0.0656308134172092
2018-08-07,0.1620825604467503,0.6351448987281261,1.1768651371384395,1.6500632894466591,0.6475720899993507,0.3588907462978462
2018-08-08,0.058740824437207,0.7586631297051515,1.6127635053440632,0.3977964423630991,0.8387581489649841,0.985936662765872
2018-08-10,0.2901127103282158,0.0565032662640845,0.5937507785045733,1.269315503276062,0.9149354186488412,0.2274208367226972
2018-08-14,5.188951831341085,1.2241293356948644,3.616183991536374,1.2840911213353503,0.6238784446826328,1.0068198921520877
2018-08-15,0.8064074511626974,0.121012986491108,0.1744031045127755,0.2701873866218567,1.13061533703165,1.7426355073596869
2018-08-16,0.5653617860718099,0.4866364362342079,0.3129185823947092,0.6884921163784327,0.2781994124298828,0.302235838823502
2018-08-20,1.8567532073583832,0.5784235151165065,0.2241338239208306,0.2250390818552581,1.2098186799189103,0.5522533297243539
2018-08-24,1.290945851915292,1.168479202626467,3.484212128916357,0.2583489663412879,0.1409535156390915,1.781645454665553
2018-08-28,1.2305116041504989,1.0073037452173224,1.0010876970255047,1.0695800804559012,0.8375387285913318,0.8212976991243172
2018-08-29,0.3716455757703721,0.3432459051718532,0.1741551464709809,0.1118429985169575,0.2389242715768325,0.7078925979170175
2018-08-30,0.7643967624016179,0.0538406438633204,0.2830915597790386,0.5626278891566857,0.1063096702458879,0.9968666408561008
2018-09-04,1.9064744363818835,0.3799138111697829,0.3642800905642117,0.4726365993032115,0.3505272758658444,2.242230501874472
2018-09-05,3.8282973089523376,0.9567016437992528,1.6573113143782017,1.7035677839565735,1.6490731103992518,0.7714579656934523
2018-09-06,1.6160474050263922,0.1708340172316256,1.475697058203295,0.2725296359997382,0.4478854948644123,1.064044129667411
2018-09-07,1.2964144520765315,0.0333597015595324,0.5259433737274651,0.4234288341185858,0.2630439422496325,1.1115319231001115
2018-09-12,0.9152977801071808,0.776701042482987,1.986263160893061,0.311229786536733,0.599606149903917,1.851876370345718
2018-09-13,1.0315955546812423,0.4108604874683173,0.9109688042406257,0.2276100501661703,2.270687670170044,0.095191808541089
2018-09-14,1.2385161457528886,0.6206314188392087,1.3960921317611574,0.9422922876220868,0.2470809441782097,0.3425474099114814
2018-09-18,2.035155010694526,0.6016682596385525,1.7254096129228027,0.7008654299631147,1.2813820264950375,0.2166433237009313
2018-09-19,1.0578631961438936,0.43243119671997,0.8976045088834688,1.1789405093858958,0.3079376222058377,0.2061306994734657
2018-09-20,0.9770448450312876,0.1659073741954313,1.205088995169466,0.1214366448195884,0.1319243975950597,0.9198777044538368
2018-09-21,0.4454209485100255,0.384029840660575,3.420565422751914,1.1644195451649968,0.2286059656483111,0.1763203309801328
2018-09-24,1.2757631332205144,0.5799252730807584,0.6831530367267089,0.0459846922016212,0.3822497678096072,0.8261145351181203
2018-09-25,0.1347573697373894,0.3171431907818527,1.374008535690394,0.5242316255022386,0.0817778742932043,0.0544007767999534
2018-09-26,0.017498632470418,0.2365587153043293,0.8761466564358364,0.0932798676869358,0.1109267022185714,0.1118618177871562
2018-09-27,0.9480246678884086,0.0044452629164882,0.7180865951081415,0.087719849572078,0.1724237316097674,0.568896041920569
2018-09-28,0.7952052760572234,0.3056968503182837,0.5996975039332658,0.6403547625748651,0.1971917468401253,0.1731857751440897
2018-10-01,0.5360592465522428,0.0384907163858507,0.7550918559431848,0.0488317997158538,0.23088295997155,0.418717760938105
2018-10-02,1.167198503676553,0.3169415928171584,1.2500854592537267,0.3942708097454135,0.705705844329789,0.5817890375952788
2018-10-03,0.1342431487444293,0.1029351200650285,1.0947469728051096,0.760366509853502,0.3512850139799349,0.1579058679705939
2018-10-04,1.9118660998579824,0.3451958679744143,1.6433332384052666,1.1020228348631325,0.7236351968446536,0.315065670947192
2018-10-05,0.4297167352334002,0.7266091017511469,0.2136627939570254,0.6768776762620671,0.5147959593730501,1.499036441225661
2018-10-08,0.5070603842300575,0.0788102382226184,0.3875768500660141,0.8868474248801689,1.422435340107035,1.2242546309927114
2018-10-09,0.6180538686339705,0.0901420143256594,0.1213315165144391,0.4678564437494839,0.0412640356188503,0.007027018890515
2018-10-10,0.4110703614389271,2.221026338319314,0.8284199885270189,1.115275791442426,1.4566970708280085,0.2241038045676656
2018-10-11,2.04539254193731,1.5501251616695322,1.681795219803591,2.722027869881331,2.2869277431075767,4.957068117699737
2018-10-12,0.9366853677163663,1.2939123322236328,1.7336288079570998,0.7121689973332793,0.7854330394011368,2.5252259102244854
2018-10-16,0.767079684119718,0.3518293423981454,0.2537203527559271,1.1423070921480167,0.1007628728926293,0.6940988325665743
2018-10-17,1.162078095337688,0.2156766075725431,1.5995592547639688,1.2051765046880665,0.1668159003589825,0.8506643130262571
2018-10-18,0.3991503420085213,0.1483330389147521,0.5838093688464565,0.0465796896011305,0.7181904266379935,0.8402846239924205
2018-10-19,0.136120701982515,0.3383139446251963,0.1437093199529241,0.2335194153743988,0.895309201399839,0.5317860624933979
2018-10-22,0.0538468366997963,0.5598356539534417,1.1765776289371854,0.5064703079618854,0.562157479153533,0.5073577600701339
2018-10-24,2.268837488930515,1.9007069792350983,1.4860826809708343,1.5050669017564553,2.1445558914820584,3.281324533023843
2018-10-25,0.794601782610569,0.2043501620133022,2.3068145787480714,0.6365693731682126,1.2828747259608757,1.3705272081921158
2018-10-26,0.5191753652293362,0.2095118776255474,1.389646106313604,1.3641321811094336,0.9391229295353928,1.032593562466544
2018-10-29,0.5253947131475585,0.0397958813034709,0.6307587708624742,0.3198095778538752,0.4850243462442115,1.3410719303159448
2018-10-30,0.5976116099683171,0.1311678179519355,1.316396145390401,0.5074023423311071,0.0995304382124823,0.0146272032485696
2018-10-31,0.7323106484867536,1.3743153204977157,1.7551581977786417,1.7493482368349034,1.8491249012187436,2.891326749819484
2018-11-05,1.5136859504283446,0.027499185018885,1.019254726477337,1.3758130505406785,0.089229796242778,1.1704810610876648
2018-11-07,0.3253158124971099,0.3551711813418959,1.1083645147020906,0.1547504564662329,0.2839289350764919,0.3647802106302228
2018-11-08,0.6196356978392354,0.3806446972697737,1.8018295190141091,0.9054029430598126,0.3812879298392275,0.4457820457005662
2018-11-09,1.732431997303629,0.7773789968267982,0.5398115942471637,0.4948802841674453,0.7885996207375904,1.3028756968299142
2018-11-12,1.666828746628333,0.7020677407068256,0.6134537770133659,0.3195536995258382,0.8226662130334754,0.4180293250297176
2018-11-13,1.0014510218881307,0.5065497210717484,1.1963822597335518,0.4753487837413679,0.2974725588783605,1.1094735706972418
2018-11-14,0.3950019061738647,0.0497685361184262,1.151324073622994,0.3414966334819513,0.4516794889718988,0.7805802188527883
2018-11-15,1.649650300683187,0.3429254512779222,0.4253460954585416,0.3719456130708578,0.8185740440827828,0.4204490977584781
2018-11-16,0.946094144041744,0.7157637954203907,1.8631296267164423,0.9472033047061532,0.2339741436373004,0.1158555055118784
2018-11-19,0.1173811060042734,0.2534295798754292,2.604649626017117,0.6027347343251143,0.0904777396498014,1.9700237498567512
2018-11-21,0.9578162001277908,0.900746296895736,0.0661759281238342,0.8657124228810835,1.177096751143468,0.7070549737675289
2018-11-22,0.7162907864450038,0.0147449565568198,0.0403154230362241,0.0898015552120162,0.8026744103576985,0.2014099371701185
2018-11-23,0.256598860176807,0.0153330246872771,0.9829972405474912,0.3646326542262063,1.097172089233014,0.7001803473804419
2018-11-26,0.2755960041853115,0.3596365926777544,0.7828747345421908,1.330665854493286,0.5330716868103028,0.3327898666776916
2018-11-27,0.1526867178207633,1.0050406851147762,0.2128045312418377,0.0963805569720925,0.2143925525413486,0.2266627871701337
2018-11-28,0.3722300107873794,0.093730912557424,0.4217305573237833,0.1319372015033588,0.3884083971887078,0.7640379903584427
2018-11-29,1.9163738662105123,0.5787917597058817,0.1976922824954425,0.4822754040015892,0.2526619017323592,0.3672614104401289
2018-12-03,0.1824362144179066,0.1990545551038864,2.215412717385198,2.5772665182222663,2.183157353424269,2.6407267070925275
2018-12-04,0.5629471845297224,0.2786679029488281,2.244919921716394,0.7181095799927585,0.0173420112919758,0.7589950748688602
2018-12-06,0.6091578011095042,0.6896940645859457,2.212800375549469,1.6638117441526077,1.11785209553392,0.4201379464774986
2018-12-07,0.1774698529997773,0.1664701119155069,0.9903773201713424,0.1413251120816431,0.2264109467630126,0.3940613750859294
2018-12-11,0.8156937133177709,1.6747232295647376,0.1338504314908074,1.6803223908028555,0.9970813105980172,0.4192001622718521
2018-12-12,0.6395971559144681,0.6417594672910476,0.497482242992839,1.3219278792200435,0.0771001883458522,0.6994276527085391
2018-12-13,1.011015904033388,0.7624446099111852,0.4620528838261955,0.3571075371607957,1.2240651488823746,0.107206246964634
2018-12-14,0.1275950968213825,0.8412396808822596,0.019275169325833,1.098558415701746,0.3436283270638918,0.8586616510607514
2018-12-17,1.313937260158582,1.2314049069489437,0.0527786723327445,1.2003979040240205,0.4964285886362166,1.9505415050317727
2018-12-18,0.1222230527212733,0.3851131527789658,1.3386364129409472,2.231011461745572,1.1486427546153677,0.6878419295388724
2018-12-19,1.5374319356348471,1.236731686395614,2.1230131010808537,0.4295372052226838,1.126161935541932,0.8675974680994977
2018-12-20,0.4579418895169174,0.3085081747642685,0.2140914577379333,0.262872315498259,0.3140242900083559,0.1088447328652746
2018-12-21,0.2553752008330288,1.1876634815167435,1.1128151396129733,0.1502487876717298,0.0482554568131359,0.6533757196204841
2018-12-26,0.5816434239907192,0.138799278354379,0.3978672746113454,1.1520366023495054,2.43646157560351,2.273921292484668
2018-12-27,1.0194998981461485,1.077516901372269,0.4373021412484567,1.109347526677266,0.5513206544535294,1.0108534328145775
2018-12-28,0.0622517023905077,0.0798143361384127,0.2226302709810099,0.2850018087280909,0.9967154417433862,0.922302799047514
2019-01-02,0.2153135024576794,1.4261359521041377,0.30999469096499,0.4773244704328374,0.1316329281702985,0.0885506337670721
2019-01-03,0.6423884066280147,0.4617298488519818,2.5235672997565,0.8595888768380885,0.3781174615282907,1.5288692515090354
2019-01-04,0.8567946467974947,0.3616639942350032,1.0427665764296468,1.5266850882864218,0.963274102841214,0.3046980391839489
2019-01-07,0.201947531896073,0.5607751116187942,0.3415102125749578,1.4141701443524046,1.1105416441296825,0.9872774398493298
2019-01-08,0.3884756224924299,0.3824687204641838,1.1044818857645515,0.6469901686771737,0.0803352272860219,0.2475973083838974
2019-01-09,0.1498294871714913,0.2951608752104311,1.968267544922129,1.1186256103380718,0.2198148160961525,1.0703800294231511
2019-01-10,0.8963839223849572,0.6603553407347649,1.641527650947263,0.8023261572844727,0.1806090935820724,0.1459374510525082
2019-01-11,0.5161637203458277,0.2581700878844359,1.0213255561571568,0.4744450526557414,0.5909599070331952,0.489726188506785
2019-01-14,0.3992676459846294,0.420312492586641,1.5074187950716096,0.7906352265118581,0.910186641545808,0.100858413324493
2019-01-15,1.1403581669488028,0.1943038589679244,0.1336888703923038,1.216474367851686,0.3525765945213717,0.8700123329483528
2019-01-16,0.0713715861036938,0.3782308992686884,1.873320955664804,0.5219384062669903,0.02599751950786,0.1077882615166013
2019-01-17,0.1623402790463364,0.5893859444202464,0.7915491458509255,0.4553449962190286,0.1830450154950539,0.7522445294844456
2019-01-18,0.3787465469036631,0.5481186729653942,1.5014369604357871,0.3075164624717372,0.2193359830392839,0.0454497593998068
2019-01-22,0.3159667546365387,0.5833271025367172,0.4789582913480708,0.985823170329529,1.1301186834321126,0.469912687136281
2019-01-23,0.2692331456860691,0.8247190284575179,0.237775325176292,0.6788355494077957,0.9698279101534306,0.1620218918615331
2019-01-24,0.2397442456348333,0.3223176256877114,0.9374358295520137,0.616800641883904,0.1945715214192378,0.0847639594787882
2019-01-25,0.2500173715685552,0.438345110818945,0.1451747912619304,0.3603963108118986,0.19049468930045,0.0099027876428226
2019-01-28,0.37292099633084,0.2077386714810078,0.0089367504276706,0.0859140131730559,0.0868073973887831,0.3624266759150395
2019-01-29,0.3448100005427819,0.418545716915718,0.0384991964280902,0.3698049427430447,0.0603235669730189,0.4102603519259969
2019-01-30,0.4295750414653513,0.3733897627669546,0.8841757509502555,0.4184197401262709,0.5250761572485864,0.009826561202812
2019-01-31,1.0583992966834297,0.0344428773798955,0.3443932147154883,0.4961881654884209,0.557673091423911,0.5683046683478672
2019-02-11,0.5828596346346295,0.2983332530561545,0.6728507710133462,0.5034091402262444,0.2274566564380508,1.6823589931670502
2019-02-12,1.0630085241414668,0.0681300145998402,0.6423846349363527,0.1598184086494312,0.2737391701534175,1.227720342481286
2019-02-13,0.1122419215322709,0.1251210791857265,1.1259225771840302,1.3534385649766243,0.8028610263206118,0.8190019170006169
2019-02-14,0.0140485402014165,0.2228577390745512,0.8925655109383659,0.2582329242902901,0.1867969255772557,0.7472671117136429
2019-02-15,0.4829872245666121,0.0136240397656911,1.0359732577363092,0.4133727975628081,0.9545408630198698,0.1523725751006057
2019-02-18,1.6874897991399476,0.2312556584271468,0.0213653351184094,0.8063723331292518,0.075167253654715,1.0888146934597942
2019-02-20,0.2301084638315295,1.9562393658663295,0.3616468442131164,0.3792562213820162,0.5894426574245083,0.9607295876204094
2019-02-21,0.382849206309469,0.2603520190017154,0.1000650303079725,0.0143364835487908,0.1178328824052349,1.735354939095272
2019-02-22,0.558139060927217,0.5364868754468203,0.3879605270941634,0.2446623829416266,0.7185836693012823,0.1355946131819329
2019-02-26,0.6068301100948601,0.1406830743654039,0.326392767562327,0.2523132250152761,0.2624390513641172,0.1872498611362551
2019-02-27,0.2336806496315762,0.3233873031749055,1.247585505328724,0.3575085107990516,0.1027364598234643,0.3246805358656777
2019-02-28,1.2697334987239997,0.3343861560744722,2.355151767018877,1.1552581975390346,0.710513817681891,2.536260381564388
2019-03-01,0.8735994900853038,0.4089776081622824,0.8303837940406674,0.2396970916374186,0.7308276338754889,1.4559919951481757
2019-03-04,0.1765260563589804,0.3988528466744037,0.4400303079923194,0.9481727743030278,0.3747566045686548,1.4552196889916669
2019-03-05,0.7291792796080179,0.4953241507945378,0.063209556477229,0.5245845782888702,0.2259996146667374,0.1550512785208496
2019-03-06,0.2585622749904099,0.0711621996751168,1.9458413589364232,0.3478441396934841,0.8264681057817818,0.2053409480712259
2019-03-08,1.1664028206265786,0.4110785381580888,0.3102740715212018,0.8403597782278052,0.2832010041536009,0.9334626864185924
2019-03-11,0.2609325220915992,0.9131402918636294,1.1400951178971677,0.1393453563363331,0.165151231896952,0.0659948751012803
2019-03-12,0.1990558711387079,0.3986937989819418,0.5023195159468096,0.6505691844460486,0.009825568417031,1.683894122393472
2019-03-13,0.3739006295981905,0.4155801973928808,0.239915484684577,0.519986435966736,0.7394656767252907,0.4076288951009675
2019-03-14,0.558071353377398,0.2219050703763664,0.2027508145872659,0.07288122123665,0.2314140035953805,0.4119173851677934
2019-03-15,0.7443769069828013,0.3588624875091354,0.6156143643233836,0.0706462828453207,0.6322398375880307,0.5403056328872008
2019-03-18,0.7442027883440642,0.6169359088506865,0.9538557999227903,0.3985581611614647,0.4933500552712176,0.7678685334762251
2019-03-19,0.4491388807461842,0.192971610398463,0.3768018307386243,0.247439030376472,0.7710217137026425,0.52218404964438
2019-03-20,0.0375543426480495,0.2058248628168244,0.1883888735683489,0.4125336828165825,0.1516384948957577,0.427102182934842
2019-03-21,0.2936724935668173,1.227657279664493,1.2207892754050385,0.1865660478905225,0.3912174336423962,2.06853873619614
2019-03-22,0.3607581564850385,0.1801629122659464,0.7352136309026109,0.048237317590982,0.7493298716118469,0.7033812474572946
2019-03-25,1.762852124875487,1.0561625800649388,1.894686745044185,0.9125969335618146,1.2456615091833207,1.9032829301314536
2019-03-26,0.912154553431092,0.0478869637061367,0.5581450968327604,0.5439325215054779,0.3934602785665999,0.0288680628441808
2019-03-27,0.3912005802967221,0.43794079771224,0.5832049557126362,0.0590790522656939,0.1790418969890347,0.6290815832771958
2019-03-28,0.557816939670738,0.0852618116560839,0.1950773830567354,0.1621434248436331,0.2972119632829774,0.7218405013779319
2019-03-29,0.1858475873245571,0.1400351438884397,0.5637711076779587,0.2898735831298566,0.268876350151441,0.2260992744188411
2019-04-01,0.2498815019348707,0.9149601629926564,1.0230263496745615,1.1644215422437878,0.3648777177033037,0.7891209847768073
2019-04-02,0.3628384295915541,0.2557066959949801,0.4949258208942584,0.8964445796620861,0.4150319556769739,0.2755352898534451
2019-04-04,0.2862448985678544,0.7468225076304785,0.3188146905550066,1.1046196892608602,0.4405753931882893,0.1115211600232651
2019-04-05,0.3178717448808323,0.1983576375971028,0.2422576043170467,0.1937062531323402,0.1191395104010308,0.2378339017119439
2019-04-10,0.0665224078107338,0.1432431981580932,1.704512759530059,0.1506704479929051,0.9642430407083312,0.745753442274944
2019-04-11,1.057700011714775,0.9333050193914064,0.6605998946564082,0.0952220636005737,0.1830676641922475,0.4105988917820079
2019-04-12,0.0671004063163865,0.3650485514049798,0.9469260801034514,0.0348175575611511,0.0819381879211922,0.3098257805111358
2019-04-22,0.1384794479564691,0.4987348315625454,0.6159107938537159,0.7689485206193711,0.7816658363375886,1.748848939930767
2019-04-23,0.7467069573104494,0.3311209557142658,0.1725090093728488,0.1260579326148061,0.1297493806235022,0.2213191103301066
2019-04-24,0.2313896351617709,0.6473904322303656,0.3582309607970657,0.2668284633135775,0.1267659267925763,0.9172678097309512
2019-04-25,1.1715223022235752,0.1423443516595232,0.6029957036599783,0.3619973358703899,0.0065799609719765,0.286000041183698
2019-04-26,0.4429827647594199,0.1649298873928148,0.3320545899723267,0.1988875912430599,0.3694048409557104,0.5640392275377448
2019-05-02,0.417333767618686,0.3754653167166987,1.679829067980956,1.0778954067845468,0.7184053516928157,0.1164370401296197
2019-05-03,0.865979990130715,0.3095274915257012,0.4206742669209481,0.0306542085375444,0.0071463521701148,0.4465756356468076
2019-05-07,0.3509792756727908,0.1263445227413583,0.7223597976010808,2.3795986147091384,0.5596162893776091,1.7166648202738557
2019-05-08,0.4315213294439577,0.3556428110206295,0.2028129036604624,0.869573883015747,0.9429375033111572,0.6643011049067149
2019-05-09,1.1452192349981924,0.9237242608381148,2.1817781885181,0.431527344827586,0.4368607872729675,0.4435718435440795
2019-05-10,0.166248094036863,0.5116469065963043,0.1731846796335072,0.116152625128892,0.1146957078253399,0.5832946269027586
2019-05-14,2.246225031452344,0.6904664510221306,1.2416938539935591,1.532689078986302,0.904794613525677,1.3337771829554588
2019-05-15,1.4988121844817504,0.7624802451958812,0.9189908288843676,0.1533553038384603,0.7723246727235537,1.0613295020276938
2019-05-16,1.4338829258402055,0.7624802451958888,1.349351870555763,0.3563327303433648,0.402965884923477,0.0051247098144365
2019-05-17,1.1750018983638475,0.3850806953123613,1.4431462682877898,0.7707038745604233,0.4120578662290973,0.0809355786765039
2019-05-21,2.11421301316922,0.1009625918246938,1.7999416434582336,0.6949761650817537,0.1478907186139518,0.9996160209393228
2019-05-23,1.357218261562139,0.1166701712217838,1.0623815656129334,0.7105991500174041,0.043471448229972,0.3636367643383763
2019-05-24,0.4078934849589324,0.2218649736019715,0.7322970592394925,0.2897012605859665,0.268615352929784,1.2987062507969886
2019-05-27,0.6847669674907929,0.1893964237942982,0.2854181872118195,0.0277613677748761,0.6619414858566748,0.5254051579192124
2019-05-28,1.085262888074209,0.8221625843513878,0.468547558407609,0.1720288834382738,0.4421461620386374,0.3225245972977352
2019-05-29,1.1693701168585449,0.5620412099754131,0.4686668018389973,0.0644704706153341,0.7799789567610015,0.0473363047418052
2019-05-31,1.7057073562939125,1.6546747656375889,2.185177411580125,1.4494674833575092,0.0530923998437743,1.2074164764290207
2019-06-10,1.2880317856328385,0.2849144887963178,0.9412268918035688,2.2313500031609297,2.710101197708425,0.3141287597507404
2019-06-11,0.2601278349456906,0.2582671996675673,0.1792713156547514,0.6711813382468365,0.340618935199929,0.0862351155016113
2019-06-13,0.5232536316443892,0.4528139399668269,0.25841115441303,0.344616840634652,0.2230483599109038,1.2541021515827122
2019-06-14,0.364390118266904,0.3113597484371549,0.7674856767448727,0.0611479795945134,0.1081772008182788,0.3708591257887731
2019-06-17,0.9604003182183368,0.0140359085557006,1.021569840989339,0.455319025519532,0.3054282389014144,0.7008489351538357
2019-06-18,1.073370749964321,0.8726452879567932,0.164863655970385,0.9536701874396276,0.9770788471103656,0.3109534172012471
2019-06-19,1.3008801505783651,0.8303020673344924,1.191675182687025,1.5149883638304935,1.3205370809472643,0.5998856242798599
2019-06-20,0.0562363086173699,0.5320236489794634,0.067460708523745,0.797864742642352,0.6916299591575685,0.9943137234470792
2019-06-21,0.3203226511133443,0.4050401759012748,0.4111278188954706,0.2076548700985578,0.039588912664924,0.0020850926303366
2019-06-24,0.4279823022155588,0.363271496849459,0.0634133470620034,0.2976024300920614,0.0664123621800768,0.3798032712592359
2019-06-25,0.5072611333565584,0.0286321321323516,0.3291805103704617,0.2194749728312915,0.310122123543506,0.2828944465357383
2019-06-26,0.1576456193916924,0.1265253448391005,0.2557386078669174,0.0914392729942168,0.05111048067874,0.1042068391455305
2019-06-27,0.6668354301115118,0.1069577325747877,0.5484393903311261,0.8250639879819354,0.5460617693279851,1.6843698746014462
2019-06-28,0.0931285964780156,0.0340792388292853,0.7215440500654289,0.210218702657307,0.0751043562683192,0.7215899882236327
2019-07-01,0.3306418169862727,0.6847968493451846,0.5485128548884264,1.5133508155871382,0.6090083416000377,1.6361201279568278
2019-07-02,0.0816314959580026,0.4373835666661396,0.618322328672068,0.0433026236642446,0.4998400148681233,0.3766365556073248
2019-07-03,0.3494938865968656,0.0561926728769279,0.0113666866068079,0.089039270908601,0.3618845645696176,0.1654208464108109
2019-07-04,0.2095166361559929,0.1521862919423048,0.3436188673212222,0.1320450675057869,0.816666659935039,1.3085739345488
2019-07-05,0.039056544821084,0.2937649868862337,0.6552637752457604,0.1614451434037159,0.3970363706238712,0.2360936848411779
2019-07-08,0.3402657082847301,0.291057776042012,0.8215524280778012,0.972396363949116,0.0115503267538188,0.926004072711598
2019-07-09,0.5729319115278461,0.3112613666406098,0.1178108700710741,0.1431645346021567,0.5532249382812359,0.2790122715279914
2019-07-10,0.3494003428302912,0.2320173597355331,0.448752129448087,0.328640725004269,1.0373129621785502,0.473568600083059
2019-07-11,0.0995157141771263,0.0172733293972119,0.939841603758621,0.2998126402190822,0.0586168194712957,0.5101738276788951
2019-07-12,0.683650790504714,0.5859024383486163,0.1555003882942806,0.205436935321648,0.5103630600306932,0.33059911484239
2019-07-15,0.701850112234573,0.1747577508903711,2.707728611184283,0.2800816311453438,0.2086956886462502,0.2946719930101956
2019-07-17,0.3687710399820407,0.8913218990792573,1.588218126353644,0.5041160548445617,0.529763658316144,1.027066467897039
2019-07-18,0.1357262989258879,0.5201934856652475,0.2979633024682928,0.1135924505746395,0.2666811135186063,0.6657773415717951
2019-07-19,0.828088847189477,0.5599985430234665,0.1454552586333082,0.5018525740540408,0.6742775064897428,0.6423666000059767
2019-07-22,0.3567425693777287,0.1683924492905463,0.2814117559891142,0.6158723597669382,0.4343474708772678,0.0305439886714768
2019-07-23,0.4632864809775368,0.0163101067796129,0.0561256096610644,0.4727820125514506,0.1569877352250513,0.7527299046286018
2019-07-24,0.2943710180731329,0.197093827474182,1.0963370588838184,0.1391350170694336,0.0330373969140176,0.1061748344066803
2019-07-25,0.2561860781168882,0.2520360650627943,1.3471260843417423,0.3798712200090318,0.315946209214192,0.6594893215007684
2019-07-26,1.196381024597173,0.5217074016470363,1.0718204516411671,0.5189025152294736,0.7498174363956984,0.1609415425602152
2019-07-31,1.0265801421238774,0.7974848146462784,1.70296435186972,1.8909683453111377,0.3498607102528188,0.1702762614125125
2019-08-01,0.1403516943528791,0.2565687551377198,0.6486702802489782,0.273037712285738,0.7163555664135828,0.5761560394037103
2019-08-02,0.6502572781169199,0.7538662446179276,0.3915440383828079,0.935167709171156,0.8887762443595228,0.6326429581321757
2019-08-05,2.6284444509751173,1.0101486417503551,2.9953662873793934,2.0633946669899523,1.1173883516915537,1.82772047240788
2019-08-06,0.9147056270515096,0.0856560695065272,1.574687072453619,0.7553881850001471,0.3289914356878408,0.8814358115950334
2019-08-07,1.3749961664315529,0.440859408582051,1.920982186819502,0.4475102005669592,0.1221244066756441,0.1367493246142656
2019-08-08,1.1295389356023826,0.7029555550981026,0.0408043489588087,0.4957806026326419,0.2591015779039661,0.9592226734337445
2019-08-13,1.0205255633741124,1.442264675692129,1.6011687718593848,0.7033316423490863,2.73290875542248,0.8660916002481898
2019-08-14,0.903543664005852,0.4653695503586539,0.8972931417896624,0.0276476505757578,0.0481547145648603,0.2149049769623165
2019-08-15,0.1556740435393052,0.0012509861050746,0.3797935467893659,0.6857238217334096,0.956732449927255,1.0747990073743647
2019-08-16,0.4635009179572113,0.0668895172077262,0.4208674351170341,0.3544258070313575,1.6919326073584458,0.0632853270619001
2019-08-19,0.1598557091542252,0.1733608471913584,1.8097243682890376,0.4298866204083281,0.3585562015264033,0.1050468472910397
2019-08-20,0.0155180378500959,0.3938520297643798,0.6501014422359412,0.2394484292315279,0.7165628398675524,0.370351952030963
2019-08-22,0.9013663388279816,0.0174733278930677,0.4839956925299433,0.2621447011541081,0.4903227732960697,1.270495865323622
2019-08-23,0.2617409606859311,0.4271745401106682,0.5156887612735467,0.5575404452437154,0.7999454083653873,0.4834884852487063
2019-08-27,0.3602069985150128,1.15557588760923,1.816666710017551,1.3865867532897025,1.9135254409993545,1.5904948224732924
2019-08-28,0.0553367580771056,0.0641388639090013,1.2840303167617175,0.3608778210959499,0.0903404959836305,0.0481052182967302
2019-08-29,0.1188972243191828,0.3365847712547022,0.5757216163747826,0.8262956033908798,1.36424001557278,0.1360022706244515
2019-08-30,0.6237515058500607,1.0575881830108391,1.09435977210584,0.7979533162561349,0.9580972858236168,0.5574110680007041
2019-09-03,1.0624413210482635,1.2872951340838843,2.216843101610472,0.5128219195342275,0.7685443056006486,0.478757370031284
2019-09-04,0.1288653143214687,0.5245339344208972,0.4621112184557429,1.2840202728218877,0.9930745510261766,0.1768021758568748
2019-09-05,0.5906152701458578,0.0087519000816279,0.7285107092459855,0.5253583861442196,0.6699895111616875,0.0859590110337271
2019-09-06,0.0340363766767896,0.2946098682484213,0.4456933952682185,0.08201738377608,0.0161695599468806,0.277824944064202
2019-09-10,0.4384552751512252,0.5386971370038616,0.0503088569279988,0.3564969458597973,0.2476030715782818,0.3929358975304259
2019-09-11,0.7120492091688563,0.4033633155590871,0.4833500483437654,1.534882134399912,0.4850352258451435,0.0979598649153637
2019-09-12,0.6252751192748912,0.0811693490891247,0.2949881439907472,0.2987763297829756,0.8006721168022247,0.6949826983963749
2019-09-13,0.1156590029838121,0.0156140214229371,0.6009982284318264,0.5160444897251971,0.0770415864629371,1.135860711247534
2019-09-17,1.561541121895622,0.1902980581867537,0.7546854346050655,0.8910852560320929,0.1184701234966842,0.9597041339974988
2019-09-18,0.63840768019744,0.3002732481979743,0.2137867355565976,0.5089875264056588,0.590106132195936,0.1596474039938608
2019-09-19,0.5137353845478118,0.2008881738919502,0.0501713880777688,0.2542048936802046,0.8182624427555005,0.195758626951785
2019-09-20,0.2083541843684636,0.0707648461502933,0.5095545963019161,0.0278510914304537,0.2722170481454848,0.6782552442154048
2019-09-23,0.4064098141559564,0.2808467617859435,0.0457485828354083,0.5216623054678916,0.8229536041508988,0.2851511108561549
2019-09-24,1.111359143301222,0.0376796658050008,0.3353777862572591,0.3880161344241512,0.4739802033679448,0.0597265755454266
2019-09-25,0.1432089148425611,0.172852202649471,0.0291357408137791,0.9437602666197008,0.1301057671999603,0.0840323422081927
2019-09-26,1.3562776194052166,0.2149228179037318,0.0030361595786677,0.0003202289777774,0.5126909763826466,0.3488287453140398
2019-09-27,0.5382522640084454,0.5577348355981266,0.9832255270397796,0.0057642969616162,0.4273738177587284,0.7130710746909413
2019-09-30,0.4494125164637048,0.0145187396417009,0.5148061639878824,0.1806031819341939,0.3986642870935958,0.1283594239616529
2019-10-01,0.5013607359138122,0.3485220896935873,0.5053189254883574,0.8311556263546549,0.8052025768016949,0.3035846331319176
2019-10-02,1.3585153034142017,0.9189922372075024,1.6831034829899707,1.3626969655884076,0.6455132158171767,0.8438953426390943
2019-10-03,0.2794124671957437,0.6868431299622467,0.8594587452454086,0.5000472563684363,0.1829883483130851,0.1270391975821166
2019-10-04,0.3755964127315457,0.4132219187731776,2.0859606122047074,0.3116885064360369,0.2940937945706905,0.4909001595731695
2019-10-07,1.0059901937073603,0.0853446862619599,0.2778807672023466,0.6837326646255317,0.4814167387350199,0.4566959446908403
2019-10-08,0.6481492719039836,0.0134685745471555,0.9520834039787656,0.366168295359491,0.0954726838460566,0.520467260895399
2019-10-09,0.1730238982135527,0.4861752295780627,0.977729779376014,0.6757335816055743,0.2484248428227915,0.0394726859202691
2019-10-10,0.0915810894259345,0.0412500185329668,1.0847998082882246,0.013591068476445,0.5385196138168726,0.0455647761793045
2019-10-11,1.3547194546339414,0.3197451676009648,1.0875588573685722,0.789564440914556,1.1442833995981516,0.4506833549704526
2019-10-15,0.853990135974719,0.6013341427102894,0.1227499118453214,0.0706228528169253,0.0620969376084499,0.1219211291191323
2019-10-16,0.185366790870549,0.5520348377544713,0.9519188785411632,0.5931994783610872,0.4568470165949198,0.1418861023639676
2019-10-17,0.1849685202107993,0.0254032141431855,0.1924794830717666,0.2737671055047508,0.1016088249619758,0.4676767852552217
2019-10-18,0.1767179269031371,0.212991071884877,0.573097866499327,0.383955757297282,0.0839398666510787,0.0626572768626871
2019-10-21,0.1136321128147146,0.0140015975414399,0.0747942195781763,0.7992606798465205,0.6549430824975775,0.5717893069925623
2019-10-22,0.4267427827076799,0.2009470943303712,0.8091531483714556,0.6831974195174906,0.6567762565505839,0.3683880862839206
2019-10-24,1.8169794536983068,0.1894939213227294,0.0535671448097461,0.2591088720420255,0.6450578077826435,0.6472187739039709
2019-10-25,1.3866456611973037,0.0706747234538922,0.358837646991871,0.5243594957109622,1.7229914554769306,0.298467186702201
2019-10-29,0.459457574348497,0.4949539117378916,0.8632864943273586,0.3606704546758273,0.130009430539902,0.0702656068740487
2019-10-30,0.2323133747999958,0.1399688561279868,0.3606232926883256,0.3397333736158837,0.6651989673514623,0.5028156189474203
2019-10-31,1.0768202324236675,1.1315472359868275,0.5368451697457801,0.682222087565687,0.0212258423940956,0.2070300932995331
2019-11-04,0.7732163002187703,0.3485874739881103,1.0292660385732022,0.2016622217873269,1.2879634715509902,2.3362843681811176
2019-11-05,1.3469229060736527,0.1981081289771782,0.559254082973746,0.3771762157693005,0.2843845864602466,0.1866355823490253
2019-11-06,0.7468079226607246,0.2174456381561534,0.9791354247282746,0.4318657607344965,0.1771842312036282,0.0556301100109743
2019-11-07,0.8385769899098523,0.3785096960570344,0.595419136131179,0.7033806544094118,1.034660819553212,0.0858980794077919
2019-11-08,0.20029506239979,0.0248534928836127,0.0997584659820441,0.6540437485172939,0.18482950273564,0.1504994127275452
2019-11-11,0.474508156775075,0.0981985766561994,0.7014572218058794,0.7271462768701619,0.9650458556030612,0.5629563130698607
2019-11-12,0.5231585825448423,0.0981985766561948,0.0369493540230801,0.8343093724327618,0.2512042081843591,0.155276482247261
2019-11-13,0.6246822324566286,0.7801851236779623,0.8129167690758723,0.8784439520416452,0.6824325472248038,0.5474879511681445
2019-11-14,0.7115327158305642,0.2300337204395098,0.1732901106515556,0.2277792128803773,0.3516735242229631,0.0464181493419091
2019-11-15,0.4808107627148575,0.0752721644860706,0.0094537795801117,0.2166690297001625,0.450851736352627,0.2244936240228378
2019-11-18,0.0933838734260329,0.6007929894102416,0.6579048493798973,0.6094591756553318,0.359477406908276,0.7074259236169205
2019-11-19,0.480090995497671,0.0592006814985486,0.3951127423917807,0.6091501240191045,0.0466526717115597,0.5409557457542438
2019-11-20,0.0490614167435721,0.2601036162146272,0.1781138970212843,0.281050719030693,0.6504257586275953,0.7755488345199778
2019-11-21,0.6151203145300409,0.5605494452992588,1.007454888038135,1.170057787023035,0.31172517986954,1.2743766723488033
2019-11-22,0.2802773849433203,0.2916264723058647,0.0,1.0420995391482175,0.3674459976292065,1.0286659662394466
2019-11-25,0.4844306544377466,0.3443957707412666,0.6063966298881382,0.1557493845551318,1.0633545603546113,0.1463567168262455
2019-11-26,0.7369530297394946,0.4711481015180846,0.8245874127139476,0.3975994957091388,0.33621255393005,0.0450556547347626
2019-11-27,0.0522676822283599,0.2087674268769187,1.6609311626685417,0.2391244219820603,0.1311914966301147,0.141179382617904
2019-11-28,1.1686576681047047,0.2150797341787702,0.8744377987260833,0.4650755267071986,0.5984489132421957,0.7985426512143731
2019-11-29,0.9823824791492748,1.4007515116797613,0.3830404846326574,0.20924721464349,0.4447615499800244,0.0370916063887533
2019-12-02,1.9474543144349907,0.5625329529664564,1.7703927249056797,0.1864636650258754,1.3328764945857554,1.1854692574511918
2019-12-03,0.0626359381938776,0.5286003278913909,0.2798024686742484,0.4681591768447127,0.1211302340766585,0.6148267430568298
2019-12-04,0.3432268600334892,0.0858072407214234,0.5009227960543962,0.4197167580128058,0.1391636404655569,1.2994300578553848
2019-12-06,1.2031166149414207,0.4799625562819141,0.1819731458106591,1.0990722602822376,0.4135121982611487,0.2425550306554512
2019-12-09,0.1118333391387509,0.3659988849973439,0.2813643930761191,0.4671691745213153,0.38754073416746,0.2591185206206413
2019-12-11,0.2213030820215573,0.0307099067479647,0.0849320672977008,0.2178647503669439,0.0734361039258824,0.4440209801483702
2019-12-12,0.6607785939498159,0.2651325474029976,0.5840028253486609,0.6837806244667822,0.7722312941881837,0.6621957408511444
2019-12-13,0.9390072602146012,0.2434328657535764,1.7487184101289066,0.6048067669473386,0.6412276931706945,0.2057539433970242
2019-12-16,0.2300594082616011,0.1152716462325248,2.25989701730818,0.2479685753488678,1.5475822291507275,0.4886788963944115
2019-12-17,0.5260192217554637,0.4831065406536047,0.3738988756385727,0.1651359755441576,0.0703569182782941,0.7768245799280525
2019-12-18,0.6846389888211292,1.3954644576777055,0.0416412519383739,0.2726843047384278,0.969678220822356,0.3044366079285815
2019-12-19,0.59534813930351,0.1940444530018387,1.0362973158381277,0.0660785567480397,0.6228417317975008,0.1187355332073081
2019-12-20,0.5495635981889798,0.8839236555492812,1.5451102980711937,0.1548323654328306,0.0375006478552139,0.4348584658187511
2019-12-23,0.3421385884781064,0.2481113720994009,1.2716745502447344,0.0501092365225256,0.0413096723656673,0.3152666716836466
2019-12-26,0.2143737287508811,0.6607169162627207,0.3858807747758906,0.2793229783828979,0.3463863800944217,0.087590333125242
2019-12-27,0.1560800935925621,0.4393028226548944,0.3451378329974888,0.1097768332305779,0.0513141887101169,0.5119411836460108
2020-01-02,0.7251802303045979,0.504807031864304,0.9349722857766152,0.7862926254108615,1.1090065928778332,0.3274308948618472
2020-01-03,0.6327397540298203,0.5526047933870707,1.2483573445220224,0.4061104641958709,0.0532768140901948,0.1584007039934007
2020-01-06,1.0502231176144678,0.8488303304378898,0.5361418763563189,0.6181794067713025,1.6735160265602955,0.9734944886953286
2020-01-07,0.3500649449518255,0.8277302989747265,0.5477506492635247,0.8969058020945321,1.0609746242478326,0.3227713060389927
2020-01-08,0.8582222682345639,1.3712154558926324,1.341232925056245,0.0606803435366156,1.6511719343853488,1.0378213137619656
2020-01-09,0.7809068359101187,0.4113389160012566,0.7905329594186793,0.0489757384377075,1.2979206702342674,1.170179868386651
2020-01-10,0.0071358421983511,0.2629382675762161,0.2680053943627181,0.2604771814596759,0.0626522582336276,0.8700260718964834
2020-01-14,0.8010115095949896,0.6847303014586267,0.2116887017777172,0.4471044073426435,0.3958938139511522,0.1591287521792443
2020-01-15,0.6668482304443333,0.2868234402693858,1.6671755786860845,0.4154741175568356,0.3693228807353882,0.0578943031636573
2020-01-16,0.0426848447081812,0.1727055548695801,0.1464947924124328,0.6433100663334015,0.9329824852291536,0.695208967281593
2020-01-17,0.0891955302982951,0.4981684745030669,0.9027244505228442,0.0923926098489347,0.2884533035014403,0.4761255519665888
2020-01-20,0.7436481993671822,0.4352112457570531,2.2256627442997035,0.028651858094108,0.7129470182545117,0.0337149253036561
2020-01-21,0.1103906007469196,0.0976036830211172,1.1445462801430193,1.008706412747542,0.8956962758757857,0.7877903337950625
2020-01-22,0.0753665128596739,0.5907796056544978,0.027854372031649,0.2079651860250077,0.0222239888292543,0.5147066468951141
2020-01-30,2.861739961935773,2.0739843333199226,1.0234623460687453,2.59174212058128,3.2663010066563616,3.2682915500443435
2020-01-31,1.9595864142141997,0.9445348112021312,2.629959757823259,0.5360181262947245,0.6484258463221444,2.4218038376369773
2020-02-03,0.9451508205764076,0.5967968943444824,0.8894054325702059,1.193624471968844,1.2012605826714156,0.909506687783608
2020-02-04,0.646576883465181,0.9059074401495828,1.2513468367851874,1.2836388313627256,1.546733525807514,0.1023029008636421
2020-02-05,0.9439884043956452,0.0644401134101508,1.727784475852798,1.3705380663761555,0.9667612873195768,0.3428574787177957
2020-02-06,0.1443340220054695,1.034459448449177,2.064266628472517,0.9770516040727644,0.107495906687302,1.3548438624267851
2020-02-07,0.2079281960795816,0.1107065950956889,0.0131913318310688,1.5615422212643482,0.0358217815364609,0.2351953151191822
2020-02-11,0.7564022372261792,0.1938209793600408,0.9072398748839348,0.185932587177198,0.7394154552003397,0.648390365972616
2020-02-12,0.6962909018574074,0.5519652122358658,0.7596569462962247,1.4940267158561824,1.0385933031114454,0.3215213601104295
2020-02-13,0.6979549833301328,0.2452814088829596,0.2707930961946296,0.1018095705039888,0.4601923966833559,0.0597040403252548
2020-02-14,0.0853449319135254,0.3437474127788746,1.64959990505578,0.0018651389309224,0.4230030830215179,0.0842356729217441
2020-02-17,0.0098534507338513,0.4763776897446045,0.6140146317557809,0.2185605247704654,0.0622194617629162,0.2862913365417255
2020-02-18,0.3307500548256923,0.0026048443912666,0.0540618600820706,0.5107986913513342,0.892492502269097,0.7344210816888357
2020-02-19,0.7080255748815402,0.1901461796568468,1.0061315784992275,0.5328927626476462,0.5392143746415644,0.08940642275108
2020-02-20,0.2307385447705883,0.0534316651998,0.2168822419611802,0.468781751365284,0.954368170352707,1.0038169019504697
2020-02-21,1.0187529852191428,0.2465629086454172,0.5847389817138589,0.5533150404083471,0.2578400763161692,0.538687293607596
2020-02-24,1.2867508853982037,2.723528290168461,2.505277574714754,1.2281876937059009,4.063132503363866,3.2402653965388697
2020-02-26,2.055208164519371,0.3436822954129564,3.9388590059522186,0.788535577846463,4.936817026384443,0.8192074980671187
2020-02-27,2.7303666670943025,0.6931575374513008,0.8358794698826428,0.1868635264219024,2.076484225827078,0.2752995759060369
2020-02-28,1.510526365083614,1.5360532867826973,2.616214313846009,3.28703406106275,3.9894116840529006,1.825247372211816
2020-03-02,1.6915222809480164,1.0645733800803605,0.5707310914761944,0.1116537430614287,0.35871625809239,0.2535917402078801
2020-03-03,2.893283768895653,0.7944197712900969,0.6094672183177081,0.3928837904706581,2.8997840294032766,0.6963251499367523
2020-03-04,2.355039052548228,0.7619773276699449,1.1234684152590972,0.1809873661151162,0.260744388163303,0.1393274307118125
2020-03-05,0.2127226991860527,0.0724646377593992,0.2546571472383008,0.2237192438075231,0.8824925088440067,0.442031818988565
2020-03-06,2.506981990536392,0.5332700649006091,1.6754530479197345,1.916353801015436,1.906133830956764,0.20955323538914
2020-03-09,6.805052402882566,4.055228507589471,7.000799949114519,6.221716340662149,8.295507178113096,6.481975365588736
2020-03-10,1.6223574316225964,0.4420850890927166,0.091362910565205,1.7870724792497956,1.211641882962355,0.2402884616310315
2020-03-11,1.286217908584094,0.929623345230138,0.5505202463604727,1.7385697234275577,1.694510921886877,3.172173671367578
2020-03-12,5.142639788762585,1.704385415528594,10.215885337935928,3.847898924690132,11.428184433940046,5.328351278339446
2020-03-13,0.2411991249442481,5.404729824510453,1.0003356916303747,1.6805559609201963,1.2478880881012664,0.9758214112151012
2020-03-16,4.520636788540223,4.885597401140677,8.24542760001491,5.390629666990014,7.620279315918223,1.8442005408623652
2020-03-19,13.32641976010335,4.873084797174566,14.322358356109666,7.691697535894548,0.1808393419249315,2.974842789993501
2020-03-20,2.1571445653984624,6.626288606705474,3.3046375499438696,4.225341896993198,7.653074934486148,2.2582750761639763
2020-03-23,5.020976082607156,3.3867704046786864,0.7433171321696155,7.637285179262339,9.560655210087042,6.270945175883598
2020-03-24,1.3090645726703911,2.4509078189392017,0.6493208498321438,5.5969008254765455,0.9114385804956476,1.113301587785287
2020-03-26,9.704218980793126,2.821623370852827,12.34504310741101,5.177242719311885,5.4694218668464005,5.1732360011405865
2020-03-27,4.6531570930670165,1.1231109888387154,2.5302705012268096,1.6426733959371456,0.7117772218449797,0.2661355120851459
2020-03-30,2.9258731115085643,1.0636418119571582,2.6057027886935464,4.551645903122468,1.0916338865266917,4.977763543944564
2020-03-31,2.77967628242767,1.6427159462153882,3.6372691037222777,2.654178825029379,3.437153085556941,0.0407611778075471
2020-04-01,1.6189877491107556,2.1118759076359,1.6271015608196036,1.6645700171231463,1.8240399262376288,2.636513642160784
2020-04-03,3.4635217982153708,0.6022676739178385,1.1445406066990853,2.111242989630373,2.9703394696092924,3.1217486873506552
2020-04-07,3.301913076738016,2.908481305314788,5.512718807751762,7.364472839104559,6.469271300812266,6.200164254359009
2020-04-08,3.231305912393072,0.6246128668294358,2.494201238023836,1.2697434211001708,0.758450027901554,0.1779609892233747
2020-04-13,0.0605535793621823,0.3944912612726847,1.801012764874489,1.089172588788122,2.5392868431104243,2.3478265133246663
2020-04-14,1.770544804806282,1.1460375328114931,2.9830511104377218,2.5884719671754626,1.5699420569658926,0.2113228023576704
2020-04-15,1.7270683518252885,1.1690871855110274,2.817120074863373,1.107236096851036,1.6249430053934963,1.2702241832380616
2020-04-16,3.19134675550398,0.0908337770129004,7.333524424153081,0.2564273132571695,2.951467283614578,0.4467502552102836
2020-04-17,3.383902258787899,1.4897129366231692,4.673529086447775,0.0899240563898266,3.20517112842272,1.133553499302658
2020-04-20,1.2793089665911117,0.4098648779593613,0.9774838178474348,0.6426942043776039,2.167996825414168,0.6777889973988315
2020-04-21,1.6300708249857383,2.2463699238374635,2.4970598495964733,1.783823103760667,1.0701386680785645,3.6026203441411595
2020-04-22,1.447584773731052,0.0115814895064531,0.331363369653522,0.0736925774395336,0.7070382363480742,0.2708758232810716
2020-04-23,0.5674473862449867,0.018092801455504,0.4618125529853361,0.3012297689841346,0.8459823280009205,0.646865487436497
2020-04-24,2.145172022511077,0.856998300108257,2.4325744093822603,0.956832175561966,1.086404661721035,0.3547086404784769
2020-04-27,0.3791048986500595,0.0226319315599756,0.2662248487507654,1.232955786635914,0.6832453804661492,0.7612658982996248
2020-04-28,0.3630135351116243,0.1487709403087932,2.2590516484353294,0.5300920690401824,0.5962852769863853,0.4629457285687079
2020-04-29,0.8303785608938565,0.5885646531576469,1.2299030270919578,0.458574691191366,0.6013353182709814,0.2473444293730044
2020-05-05,1.3658243399177667,0.6679086637092346,0.4895836563359464,0.0920859426928619,0.3162484908860407,0.6456810864728061
2020-05-08,0.7088062942933024,0.5223933689593069,0.880680358024222,0.7559628672215932,0.9911059244058508,6.285142432365297
2020-05-12,0.1893345601313739,0.1723243002066143,0.5274273236028165,0.1571455087974278,2.624759259689491,2.618626932079457
2020-05-13,0.7519372890107971,1.2387323822132834,0.4507917257485199,0.6124282631147471,0.3962547276217473,0.1329715744614788
2020-05-14,0.8937871679390728,0.0085883177700585,0.5043946677829445,1.9512526651704176,1.0990633952373174,0.2172074704481382
2020-05-15,0.1380500482533143,0.442030472102834,0.0,0.0491488163737368,0.0281111175505646,0.647212445845106
2020-05-18,0.0765339887557802,0.4776873479024593,3.1500593694094103,0.6213928115699383,0.449503496596539,1.1995047788379245
2020-05-19,0.830001314467254,0.9745527410327406,1.3864945655928755,1.6424212431108858,1.8040236948343735,1.0588774637732423
2020-05-20,0.0594553033533918,0.7799741228275161,0.4688517935433869,0.7540039122714207,0.9308047716972124,0.8229239473141196
2020-05-27,2.081227798209052,1.1507469238357773,1.0477592553367463,1.6712237853749237,1.7178804218232688,0.5343823192653726
2020-05-28,1.5950745212727255,0.396670399782673,0.8372219389525155,0.1684300720360003,0.5666099509181923,0.4549508391099572
2020-05-29,0.7904489014480919,1.0748205493375371,4.709753117685716,0.1786709260289029,0.3984519179844307,0.3569238837212337
2020-06-02,1.9559806828601167,2.310779456237102,3.14135615667388,3.939298931255463,2.306302579567536,1.1878686421366054
2020-06-04,1.4173889633620995,3.5285952209908933,7.854368667476639,3.5940369789507267,2.644853826634319,1.0348645264289429
2020-06-05,0.6301033179181237,0.3534134212519434,0.8066266283728465,1.6231345124303231,1.734673420273403,0.2621292712841148
2020-06-09,1.74850434125687,1.2026418823081242,1.8195035839666944,1.538885817327296,1.9219497303460196,1.4796002570959124
2020-06-10,2.2977319576952677,0.0069822436767135,2.2187410567943,0.2287916610021743,0.7357308992767779,0.0633533973608144
2020-06-11,1.3488753245044287,1.1505253403376694,0.5709403789574949,3.5013188859022244,1.5627870638364298,3.692911864059595
2020-06-15,0.7944951697529388,3.823667072197487,4.944344453594047,3.397414078290518,4.00088625125507,4.1068459514465525
2020-06-16,3.4712379611579665,1.2517819711664666,1.8951917385075212,2.006237460808489,1.8560075868266728,2.802504860041809
2020-06-17,0.0264255102975685,0.5656980105282495,0.0041351574669266,0.1038146815596311,0.6597928390054443,0.1975950180193335
2020-06-18,1.261545654912979,1.412645578672016,1.0520763729888338,0.148453531349263,0.2328038126339957,0.0970924969969299
2020-06-19,0.3451093543048811,0.1560320983493184,0.5271906761146058,1.1632955335325137,0.1574484061209883,1.5419459364153394
2020-06-22,0.4754819982101084,0.2637059980239674,0.5111221640677175,0.1952747195586132,1.3690917175337378,0.312672684383437
2020-06-23,0.810341004688532,0.278301141171774,0.7852878035272338,0.1986845112947882,0.3138143416187839,0.3541291901937772
2020-06-24,1.7392393201867022,0.2930578615938534,1.7451089315170254,0.2393753120117603,1.710167788748212,0.98269797881067
2020-06-25,1.3792263505342763,0.8977879168180285,1.1468362848500315,1.474328684173527,0.5678216490422449,0.5973301316686539
2020-06-26,0.1501489291072471,0.0712002378218897,1.1954566858991398,0.5528810064370574,0.3358129355212403,0.3058769385310818
2020-06-29,0.0462990289109627,0.4217871328112755,1.409465097581082,1.1744565057628684,0.0436040802375276,2.6908733360532504
2020-06-30,0.0728896173831561,0.4366647079251056,1.665609343042753,0.6123095740993287,0.6947010950436145,0.5137608234941227
2020-07-01,0.1832239829452818,0.892761975113381,0.0320476311541484,0.779223124493286,0.7744155038352079,2.2031335771279714
2020-07-02,1.0604433139425091,1.4324762840505385,2.455550369108091,1.0108997025268682,1.8131158987547316,0.1316827703676115
2020-07-03,0.1411218609813415,1.059923539080664,0.1347295974479856,0.6144116499639193,0.1354489964604979,0.6189405494961872
2020-07-07,0.2668057277573034,0.9021079082306912,1.665540934087129,0.3191348679458374,0.0692008503518757,1.848062274503144
2020-07-08,1.770681891913176,1.0653343674393874,0.2883813356435404,0.3027653686546799,0.786646502614728,0.1250058035832735
2020-07-09,0.4616447570435899,0.015789058215484,1.4893579605462264,0.6328335756384229,0.2455841479042889,1.373976214410633
2020-07-13,0.2303560329058342,1.4534662660262576,0.3236559448465261,0.8164665538130469,1.731099732437026,0.8870203358806367
2020-07-14,0.2893518726627084,0.4792285163749723,0.0038918911740415,0.4147626113294677,0.0968942073028974,0.0702429167024459
2020-07-15,0.0654701148667545,0.8284379724318227,2.564685519526849,1.089761075109762,0.9824380067708782,0.2071323280004857
2020-07-16,0.4437945261034555,0.7647979675778654,2.156422899057827,0.957035141528518,0.4774004143076863,0.7923372915262026
2020-07-17,0.3692112313035346,1.44175025317936,0.9628740887256156,0.198008191243206,0.8657657538173362,0.550077151111209
2020-07-20,0.5622336947569229,0.4319203321635756,1.01231220954034,0.0832864706610904,0.094921176609369,1.2253386805765
2020-07-21,1.2513282532400485,0.4068658350600387,0.2342334384152005,0.5013555692938714,1.3680635312581113,0.0336604591446952
2020-07-22,0.0884502483504785,0.5623845308351638,1.1811109088073934,1.3369286302739145,1.460133375611154,0.7700545400377214
2020-07-23,0.6791266613685885,1.217530122980169,0.5829705480583305,0.6844842784981194,0.1921445651564482,0.1951128943638088
2020-07-24,1.2127358010887677,1.0519434081668384,0.4280163313220885,1.265077455594552,1.3871353321877702,3.27330206234077
2020-07-29,1.3024935324025222,1.3627111211330076,0.6180671172627831,0.2352070046533819,0.1918484608806875,4.73174684246307
2020-07-30,5.689124072550684e-05,0.4771168174979443,0.6359115806538567,1.7099211169865527,1.7038256138577856,1.2927559321514543
2020-08-03,2.8242508333723304,1.9607986811282605,3.650757848836908,1.7911774765629047,0.4163868551706593,1.6735342120769596
2020-08-04,1.3645142348114507,0.2115232328358053,1.0369582246144704,1.2314669216445144,0.7224717315299708,1.5735122669555506
2020-08-05,1.0203687643866608,0.4968052696214505,1.0006057727321622,0.6730880435065076,0.4902202270818109,1.228571269441494
2020-08-06,0.9940807179696732,1.2950376906700076,1.1758666226491994,1.037371646860085,0.3092978845981161,0.2670101238293057
2020-08-07,0.6661205907981049,0.6587259006269387,0.9628465533599484,0.5324645649049571,0.6637501739542883,0.1688968584667945
2020-08-11,0.8956238191935812,0.8527277905053032,1.829208427583889,0.0534459071033398,0.934904936112837,0.1923374332951165
2020-08-13,0.9411921430403286,0.7436811506179638,2.3871559837070024,2.0163663629985864,0.7341091891921216,1.4098094090216369
2020-08-14,0.1609610291585819,0.7532694277433832,0.3428366463205324,0.565930876327622,1.4691215968204032,0.5053387781541132
2020-08-18,0.9007838634951616,0.8439358405568544,1.3003975628546958,0.7087326330111419,0.2303164157756906,0.5079054267214231
2020-08-19,0.4232368851879542,0.156662928083292,1.8745381309524956,0.0800154908916147,1.6250246682811178,0.563136192836467
2020-08-24,0.0802088527755573,0.4325792641398597,1.6443304560704044,0.8796711788385758,0.6428543425521845,2.031595145437828
2020-08-25,1.165189905451569,0.8720926769581621,0.1657535336159505,0.8011562428300417,0.0850704641006339,0.6242847908901277
2020-08-26,0.0269671738705671,0.3465898595120512,0.3720709572289776,0.664561759957596,0.4972501469373863,0.0743881608356206
2020-08-27,0.5814919971208549,0.3350177254178387,0.1650278371812432,0.8799149178520631,0.3215881016000739,0.1418618458003321
2020-08-28,0.4630104223304643,1.92019954797787,0.6330782387676492,0.783482987607851,0.2641391242791903,0.4869741446166862
2020-09-01,0.6752176929932088,0.248136251598222,1.45405086805896,0.042528386752206,1.3496532029204782,1.4401251879243375
2020-09-03,0.5639675613026707,0.3971270743971057,0.4559313619698825,0.2666493234716086,0.4874856938932949,1.3632777823797475
2020-09-08,0.6981807592837548,0.2583384360291129,4.424747566655065,1.0733652420028137,1.393088045379217,1.5417420274712248
2020-09-09,1.822271559115656,1.498680336509203,1.6912084176248348,0.2170198248390586,0.0309233461600019,0.0921627974826252
2020-09-10,5.138451864272087,0.4419377270569108,0.5145615973180859,0.2900976103398783,0.194251459158998,0.0562385428794438
2020-09-11,2.5283702808771853,0.9836558885599588,1.1047777124713356,0.0802861412822097,0.8503117389942613,0.0168748840252247
2020-09-14,2.8516082638516926,0.4316688797388223,0.4877557796282575,0.303261230808518,0.5971098990034382,0.6279666733150143
2020-09-15,1.18806253993478,1.3094108054602618,0.3507154705323341,0.1320361844135958,1.081892874187539,0.1887393556824582
2020-09-17,1.2321433333574483,1.196334215269715,1.248831268273369,0.5996055693426979,0.1384924435175546,0.2480032550805767
2020-09-18,0.4124196957717572,0.4265292097702328,0.5841881383555181,0.1228398476909919,0.3101686008254569,0.7699245270928868
2020-09-21,1.1903065869714151,0.4790300126824283,0.0071063474007432,0.4815979139534847,1.0321700512156058,0.7728534949983048
2020-09-22,1.3141056078167728,0.4225984114827468,0.2548383154244433,0.9060446655446828,0.5922668559116071,0.1929300042246759
2020-09-23,0.3276011239176549,0.6195385172955931,0.0264625489369841,0.722021802609575,0.2859804366665948,0.6939088376087059
2020-09-24,1.540885845777829,0.2882661151911178,0.7994305919997438,1.2295398352440488,1.3179762124098564,0.4305144260027435
2020-09-25,2.105296387784017,0.554163005744195,0.122207604800554,0.8718123310463319,0.2022163768829885,0.0341249968911461
2020-09-28,0.7966305692252899,0.166844549463739,0.3885454933156514,0.4330724197525957,1.441840510089641,0.4646394228938842
2020-09-29,0.561021296688965,0.51466571673695,0.3382051515008944,0.4601734216185175,0.4507342887797088,0.9380849203012276
2020-09-30,0.1858438228167592,0.0611503837262077,0.3866434221790066,0.2020963667465218,1.627689036942287,0.1359724727095841
2020-10-01,2.033684324401269,0.5363787958593549,1.3657499642401325,1.3737844216229715,0.8492202170837029,0.9762073897072676
2020-10-02,0.8762530470466002,0.2355654588471895,0.913076544924501,0.1853121085065985,0.8088093197985877,0.4583341356844452
2020-10-05,0.6481262231951644,0.8052543716727932,1.012706499080837,0.8425519760091559,0.4394189852077084,0.5228583809935716
2020-10-06,0.8124605468177835,0.1959087945092413,0.4778243241183488,0.4767690853605233,0.5743804056332089,0.108176042455489
2020-10-07,0.1020829270014084,1.3277762758040517,0.7260749515189419,0.3591471825987806,1.0788244467082009,0.4413238138351317
2020-10-08,0.6932879471817758,1.985448620750102,1.2663480674810843,0.1869538217357116,0.876099380509456,0.0957270980767848
2020-10-09,0.2877496565189706,0.7161151582363487,0.186121692374243,0.3999219820029752,0.6050397883431502,0.5600066728651718
2020-10-12,0.7773166044256834,0.7819509769217775,0.0916690163738141,0.7653334213917732,0.4951685444974067,0.1978560837473995
2020-10-14,1.6165197214757665,0.3169268455820618,0.1981058429359339,0.124125301892105,0.7440712902475999,1.5380713814845914
2020-10-15,1.3801892135395348,0.6124113027764545,0.2196676532543198,1.25887260488644,1.677777620032371,0.2740397054183114
2020-10-16,0.0340075228299911,0.6700282957122194,0.6734930549218852,0.3717849369160202,0.7493984270176999,0.0572622307620384
2020-10-19,0.4480279006501436,0.9444316305474124,2.0271257567812664,0.4156358434862844,2.041484831906723,0.041335672743695
2020-10-20,0.5180882741160939,0.4714321164060469,1.5405914409234878,0.5887066590889128,0.1587193884085006,0.0773260071048906
2020-10-21,0.0665741077178786,1.2366230579201245,2.6775204443359444,0.1198906076732071,0.4787464772991988,0.5723554874595949
2020-10-22,0.0908866155780852,0.4279241791748131,1.04633592708696,0.1107951675335769,0.2362049547078124,1.1509288316439432
2020-10-26,1.0205950320562012,0.2799527071334748,2.2837096532080063,0.2019056985621666,0.4658136381190907,0.0947019589902009
2020-10-27,0.3080864684740367,0.3833104507058588,1.17943829551937,0.414598207226284,0.0810933381436864,0.4564461060058831
2020-11-03,0.6070786619534916,2.62693378046814,1.2473264035108886,0.6247471447845961,1.0188219005273325,1.1754338577697154
2020-11-04,1.05709259771689,0.2159925276156946,2.0077809217505997,0.7484280506492818,0.0908420575151793,0.4639587667347759
2020-11-05,2.993355959311048,2.4868956485713927,2.7574055892727625,2.8462578532526663,3.3685572282775813,0.2141134553633845
2020-11-06,1.4194965788466611,1.201553243236014,0.6139330604073487,0.3847346859762743,0.3359209622488143,0.0575680705009906
2020-11-09,0.3830339003609524,0.3074899399518856,0.002395479496596,1.1827408114579223,2.026813652526493,1.4495460867508665
2020-11-10,1.9731930654431649,3.275130789341544,5.097254832588118,3.599689059297786,4.215123926075184,0.0094543277255573
2020-11-11,0.8525997690952672,0.3173136146920912,0.1596077513282767,0.3056333632642631,0.3052191884036034,0.0336113273336448
2020-11-13,0.8833704634791434,1.2412446324412538,0.7771847058515574,0.069686702507719,0.0839587471506942,1.4667895668142985
2020-11-16,0.6172743284827581,0.6252136220016573,0.7464081389094334,1.3411995454092682,0.3403181629740593,1.6170778226990798
2020-11-17,0.6361648493318528,0.6536229489738908,0.5922013360341746,1.1055852110278133,0.0925627694048611,1.8868189419210448
2020-11-18,0.4974662696201593,0.3359376311244889,1.3224113619497582,0.3606896791085041,1.089010695640042,0.4767233587459032
2020-11-19,0.6553538736531064,1.3216694513095144,0.7709928769823832,0.4164914936803612,0.3533332455121965,0.9944940635203504
2020-11-20,0.4012882415466912,0.6338443227943807,2.430626293891084,1.2883879571900456,1.4441465009451415,0.683136151501463
2020-11-23,1.445238342217576,0.2337645478480163,0.1230809426767211,1.263575484437217,2.213089085339636,0.4223392142988823
2020-11-24,0.8501993879885835,1.202202594591095,0.9792025505796408,1.4929473701759712,1.3323831923764926,0.1577929421097684
2020-11-25,0.382798538650395,1.2084607298346517,1.518934824573147,0.766507637383127,1.0002366347222669,0.4189012489342879
2020-11-26,1.4104228077949694,0.9053914127700076,1.0590721444431943,0.4215129366769162,1.252268702504454,0.6012251959403703
2020-11-27,0.405760517399221,0.2807729023948014,1.9869150362421943,0.0581069484148733,0.2939375770411717,0.4215878756294604
2020-12-01,1.0182983479627337,0.3321003158357908,3.1609005164352006,1.4709397869054028,1.1830921083197592,0.1337236280871644
2020-12-02,1.546901889892186,0.2211847951149882,1.0086551082849502,0.1127156217695201,0.2057224502014485,0.5387544602800859
2020-12-03,0.1539079617165783,1.8308675236366403,1.5903908391767785,0.4043872110819655,1.4263596371424718,0.5388092401362768
2020-12-04,0.2141929715026319,0.3944508044217612,0.8314810029932,0.6198921960544306,0.7970549376125844,0.1655816063495648
2020-12-14,3.417963091563778,2.4899380215975206,2.0365708583769813,0.6405744825243284,1.7977523619235365,4.085762810597057
2020-12-15,0.0397280933649162,0.6761092936606625,0.7391283390665878,0.0496922737630636,0.0731345605532781,0.8323315452742888
2020-12-16,1.7854893237039653,0.4404816359639739,0.990826357730027,0.5613077636264914,0.3298083619135174,1.104494184882874
2020-12-17,0.0820815661844174,0.4207731774461441,0.0230197012128051,0.5158096708777987,0.1213797167195957,1.436714097093984
2020-12-18,0.1482703677158474,1.3141780301132504,0.3461746193272509,0.3168055589072656,0.1018120323583602,1.4807535459071357
2020-12-21,0.999194348429545,0.2787544802581205,0.6609307077911692,0.0863826210330139,5.590602904516427,1.2678546776609658
2020-12-22,2.335588582089178,0.9738427914787948,0.3119093524899282,0.6767911735833761,1.6000783669439376,0.2189852713616792
2020-12-23,0.2423551799902851,0.9501724733358872,0.0276223761981865,0.2148078814588941,0.5893528922362566,0.4208390607671089
2020-12-28,1.4021609617744248,0.2187505009891382,1.1465471390676227,0.2375939413013669,2.5553139475030284,1.1455132333265388
2020-12-29,0.9461184783817248,0.5434800234968168,0.2448467070166149,0.2812803018392072,0.6367854883389961,0.7449300019694379
2021-01-04,1.1321052434548755,2.0028125059229693,0.8061589695222219,0.3770789376579724,0.4293270299786315,1.8901804210590365
2021-01-05,0.5300483941712799,0.360023649344099,0.883640095969555,0.0272805250379575,2.5824261455312816,1.072348737213221
2021-01-06,1.174486962923789,1.0236568963252388,1.217472291429374,0.1163815805143872,0.9529909647919528,0.9368367460209912
2021-01-07,1.4395602841901625,0.6873426543002953,1.0130309809436684,1.5237769167378026,1.4251103649970531,1.1549460901848507
2021-01-08,1.6791663763074474,1.868947045522533,2.3634139464725887,2.922839720884587,1.485816052721251,0.963788234651089
2021-01-11,1.9794065688339797,0.9807945676894936,0.2043233799333992,0.3108551748837986,0.0032574011931855,1.462250505477288
2021-01-12,0.1992695893370188,0.3226694037880626,0.641085717408363,0.2257978358444483,0.2184405316020536,0.6217497113307089
2021-01-13,0.6162675725341533,1.5175391951610158,0.2104656698448787,0.0114225414261981,0.4832984002188595,0.5238982184580749
2021-01-14,0.1071267797185148,0.0598936882587872,0.4174682928196098,0.7524904624385306,0.7349376139998942,0.1137584651529311
2021-01-15,0.8577462779245884,0.533295647139615,0.4781000565962144,0.1622056151176609,1.103079530553859,0.5710462276317032
2021-01-18,0.2573308379607778,1.0807970468030608,0.4849789627210882,0.4827219756709814,0.5942062716341606,0.1894273324944141
2021-01-19,1.0695458380818752,0.4758067511992245,0.069292936497011,0.184421188905987,0.8217066637227478,5.248003467182747
2021-01-20,1.6924043163986529,0.0212251791476072,0.7690925092364669,0.0950874156579696,0.4522255443837867,0.3248475721309656
2021-01-21,0.2470595328748135,0.42173235880583,0.0421429864966639,0.6110433728919341,0.1459091151099775,2.569207255273233
2021-01-22,1.6786020567228084,0.1215677460675111,1.3317433692139042,0.8527672832356241,1.0380684774919064,0.2205072558313975
2021-01-25,0.772824790550337,1.2680732610809002,0.3636657926666152,0.5994850350312706,0.2493743738989443,0.0625849310775047
2021-01-26,1.909943310419213,0.0831196490108346,1.3430641897289872,0.9504743048408364,0.7437517818403248,2.600302013264513
2021-01-27,0.506198680997567,0.3365056540355319,1.640845711086341,0.4440905140875169,0.9764372929006516,3.488481114133667
2021-01-29,4.123969167003084,0.9037163662053538,3.7253560280698728,1.914695184015576,2.1011814476602013,3.7668467358775146
2021-02-02,3.0488810338933687,0.8954910982780577,3.787549129442587,0.5075784636700801,1.305031653402774,1.77478933165992
2021-02-03,0.5594051053195331,0.1580538227441021,0.1226737740415462,0.3483442234594763,0.3032347337044058,3.2707939359310614
2021-02-04,0.4837235136193425,0.1205871669980962,0.64360264896843,0.7505505748918913,0.0829742032104202,0.0809541843553191
2021-02-05,0.7262187711089781,0.3963943874831294,1.6581684907923222,0.0526444480394215,0.9148976948245228,1.3148329296377947
2021-02-08,0.9245123395480764,0.3363021033937295,0.0754761206142388,0.8320593787654006,1.315638291575197,3.957821464416376
2021-02-09,0.4389539730081989,0.810272579344668,0.5829645665380206,0.1319357591421303,0.1212618052109761,2.8890463477775485
2021-02-17,0.7422818858887924,0.5758472232760403,1.4127910346338624,0.506860658348856,0.2215487815696153,3.598381804772441
2021-02-18,0.4412598430375782,1.2267120628413024,1.690680755781767,0.3972994660807823,0.2564496935081777,1.5964908040365953
2021-02-19,0.5087432522048232,0.575183445521811,1.114554790601421,0.9745393252926998,0.6986500053777545,0.07496124514094
2021-02-22,0.3744606875424464,0.9171731001399565,1.6899641463926778,0.0197876854040912,1.502050628120526,0.1311453260938094
2021-02-23,0.2792937768818649,0.3450741640618857,0.0635607363996458,0.3288339191113751,1.5087131798437,0.2210246237021115
2021-02-24,0.3473841013244694,0.4803698320398015,0.8654002915657905,1.1652236906918136,0.6350883119989792,1.336117156223169
2021-03-01,1.3894105917958808,0.6138206181113849,1.7172731484041035,1.6420636672487707,0.6557483481689516,2.0578365013287505
2021-03-02,0.3259154506452705,0.1740498850447071,0.6752940593873668,0.0292630300162193,0.1624310596159477,0.0370872988682677
2021-03-03,0.275625336233849,1.1765856983328626,0.3350057148622163,0.8871479138071943,2.628519755517193,0.0286489494536167
2021-03-04,1.357157283608137,0.4536663496906847,0.8718817098541362,0.479121528949388,0.6037392080985492,1.5649000930242556
2021-03-05,0.5107733720028098,1.185661962162882,0.0162762068396822,0.0308505125847021,0.6497284322803372,0.0145472593647863
2021-03-08,0.1644520052900267,0.7279184103647386,1.8250623694621395,1.8836948158679463,0.0226677669713692,0.0359441329352657
2021-03-09,0.7843458041793965,0.8014632546784546,0.1465593200685878,1.2094643285888875,0.4414476190600543,0.5407181534725051
2021-03-10,1.0435031268801442,0.9220111095624652,0.6112621308472869,0.9311280813155044,1.438095938436755,0.6955282000001254
2021-03-12,1.4819349658648049,1.4830477379685345,1.1785729651928556,0.5020302286824656,0.3094390314045586,0.9763476718002708
2021-03-15,0.5353891216612432,0.3231842647100963,2.651909252614514,0.3476748190415895,0.1569894256427924,0.253579835981964
2021-03-16,0.2304832222623815,0.187367044510201,0.1009815434393799,0.0157768476464171,0.1086314179837303,0.3941708494589741
2021-03-17,0.5159521907942097,0.0621749203222677,0.1180870630429364,0.1332192010804684,0.1743956718015976,0.5232493901487661
2021-03-18,1.1184394566729028,0.1856783013119058,0.970178407610073,0.8967122901230048,0.1313911205363759,1.2442400456634797
2021-03-19,0.1311565322150358,0.1106299620505174,2.981023405233585,0.0994825843713156,0.3102668808040758,0.5753693341324704
2021-03-22,0.8695327227788139,0.5834240745286192,0.6379776054221872,0.2063022539379903,0.1533405482835132,0.0318194000541128
2021-03-23,0.771384288890225,1.3350016313124335,0.7971088577473886,0.116933473692134,0.13479709583287,0.923518263239228
2021-03-24,1.556529592137473,0.4446958227559449,0.782794068796939,0.0501214955988322,0.4197638215661448,1.845476763598294
2021-03-25,0.5418063014643428,0.2918660962751901,1.284467447913427,0.2677252768891051,0.0133731190948198,0.1109720490155789
2021-03-26,1.1801314226951962,0.2306903449281516,0.5541861319588012,0.5155842199794436,0.2428524833488573,0.0765489369984699
2021-03-29,0.4650268426757001,0.613814927291356,0.9602862018094106,0.55640978766453,0.571748564837166,1.1523338611697864
2021-03-30,1.558684148635991,0.1298001970574836,0.9462310566780868,0.4812675767178744,0.3554537696665514,0.904309222696554
2021-03-31,1.4252572582570822,2.2422111426900107,1.5777185149404145,0.8039338530828213,0.1460660160416853,0.4272863763940469
2021-04-05,0.2548693983177281,0.679599193487988,0.804751505254587,1.392943138070364,0.4768077674889944,3.675815169625397
2021-04-07,1.1048770281754865,1.0267499017478283,2.381822908794849,0.4364999661452111,1.473135982207748,0.5108083555958676
2021-04-08,0.5798979476628071,0.1130230685673524,1.6146597482562393,0.2933212035349667,0.1457215855438653,0.6046997560521419
2021-04-12,2.0491943638734447,0.3749837398034644,0.406157491692302,0.3921176104512026,1.1426090029723717,1.4119735733205143
2021-04-16,2.288275132515244,0.0024893721645349,0.3662380752755746,0.8730115528243036,0.5074291121288438,1.1031117495203666
2021-04-19,0.555538704362268,0.504257705021899,0.5411276325282419,0.2483035134316892,1.6614436719276764,1.750141698495558
2021-04-20,0.2351903195754306,0.4538801417400496,0.627464906099445,0.5482784954700027,0.3252038406223627,0.6089719316996034
2021-04-22,0.7336442433220416,0.0099545413159111,1.3145198151452482,0.1376152886627468,0.751537127354942,3.242141265059828
2021-04-23,0.377647558059019,0.0435347274889573,0.5856063834091138,0.1961826471553462,0.9366456752522644,1.672662010708351
2021-04-26,0.8687141734638215,0.9307234411542508,0.1771702542282595,0.3394272741154805,0.3816152730797499,2.6589238366593078
2021-04-27,0.0872109136310753,1.0395844203650786,0.5163993119266133,0.2969168603172814,0.0192415465192023,0.3268298796798058
2021-04-28,0.2489993834698913,0.1132096152026363,1.7569974019604713,0.1594695685910034,1.1199062515174023,0.8002329071202794
2021-05-05,0.0239679022479104,2.062146115960716,2.6542783100790435,2.070320815386224,1.7639600097921215,2.162611735821424
2021-05-06,0.0949410180595138,0.1686691655028435,0.2687893044605987,0.6135998298943407,1.4539902650336187,0.467491876542122
2021-05-07,0.7048140880131699,0.5761626274497454,0.3838436144183517,0.85545469555298,0.8311890874686584,0.7029454635031611
2021-05-10,0.7976796949471575,0.2226109655903065,0.933525142253602,0.5593315779031794,0.1966479096556398,1.4208339319375285
2021-05-11,0.6284325023529378,0.3972746011551904,0.1489994407436509,1.205698882359729,0.5822395722441169,0.2814417389493224
2021-05-17,1.775264743977241,0.3682232710123621,0.6859438994747168,2.0752831410471098,1.9034565841973192,0.2115527642666526
2021-05-18,0.0091561203958148,0.4951525233396031,0.6200347247199773,2.023106813081484,1.1322483363232891,0.4794186089251953
2021-05-19,1.2731555923924236,0.6809907568625396,0.015527487789224,1.230074958634427,0.2914671442411366,0.7800705117858562
2021-05-20,0.6404694584650074,0.3295527025951219,0.7726225327878773,0.1802407830912315,0.4940975471193475,1.238252377130099
2021-05-21,0.4230867748317481,0.8382483694851096,0.0259720506118158,0.2594806615989456,0.1351858067501338,0.445720153247006
2021-05-24,0.1644879499510007,0.6158241009482421,0.5558001017978746,0.1832962090936801,0.0380097119271015,1.088352319499557
2021-05-25,0.9017399588544232,0.3809963972103389,0.5148183770092425,0.7171021293437482,1.0722971602633338,0.8133369984917646
2021-05-27,0.4458580287458912,1.0139745024970594,7.287247942985052,0.5935763621481597,0.91257639491453,0.3835925305383114
2021-05-28,0.1161305166052019,0.0338682200227413,0.1404779063270946,0.4328929782222475,0.0619272730738131,1.287350621779234
2021-05-31,1.675963556046472,0.6853347704011004,0.6918697259744357,0.4499582499189446,0.7312096585436896,0.5731540207862934
2021-06-02,1.404396508625777,0.9046070080934804,3.1657707597961244,0.1024451089501845,1.4923377722832618,0.9539833218763925
2021-06-04,0.5553225983895884,1.227194109863734,0.6650559578359557,0.3168530260246332,0.3728632527000081,2.451104907329668
2021-06-08,1.0907594283329138,0.6006827053079892,0.196682586281673,0.5096369060888859,0.0837347390998884,4.022175986505753
2021-06-09,0.7986525231172767,0.4089043879971004,1.353843060650856,0.4325513988191149,0.8267657144222874,0.9816196252946884
2021-06-10,0.9882914357376132,0.0999535762096337,0.3894560199925811,0.2859429506939937,0.0615093167861802,0.7016832981905519
2021-06-11,0.1973446667755541,0.3004693230854969,0.4654860674020299,0.14334472257771,0.6922545858297611,2.105246478903944
2021-06-14,0.2482496204785687,0.4623697452047744,0.1403255010009153,0.1530659162231201,0.2140922316002129,0.7355955128511874
2021-06-15,0.1422302295511303,0.0689016716178395,0.8527301877308564,0.6867975869829749,0.6604495764641135,0.413326691004188
2021-06-16,0.1720998767543954,0.1930600680468943,0.0484568240426797,1.1180853894478526,0.152750508230137,0.7959276639339932
2021-06-17,0.1666433504053174,0.4737725409987225,1.2326613273523828,0.0401412501374248,0.4404106814246087,0.2503277654194252
2021-06-18,1.015723534042335,1.1513153354280954,0.5319066580183882,0.1862278764101508,0.2891106187419756,1.3040375609170112
2021-06-21,0.1810689449816387,1.0635036220109435,0.3539846922876818,0.8396621944763486,0.7373754683187665,0.3737642512945708
2021-06-22,1.5158871742467486,0.1131520904991979,0.6313579152309206,0.2784671289419261,0.1187381823290058,0.5333152217778487
2021-06-23,0.879351259726652,0.5900404962826487,0.6962190064177105,0.3025191189372466,0.4480941381411572,0.224895264621469
2021-06-24,0.3733309674854074,0.5800455884767627,0.4695632110896127,0.0320603237770591,0.4002765428822279,0.2067772875527583
2021-06-25,0.1718860707330569,0.2548698496091006,0.9324639542509549,0.0634485074077177,0.1925222391027019,0.7509494319858411
2021-06-28,1.3865568202502367,0.9644541273657954,0.1807226908405682,0.1689942651429129,0.2213901609362099,1.1223574770211626
2021-06-29,0.1611405717678757,0.2327886181969046,0.2690245046445375,1.2029639239138534,0.7733596475342969,0.3004423660253513
2021-06-30,0.6106491314906785,1.0178834232474097,0.7899815066064766,1.3173920548780378,0.2289879991172221,0.105726632024881
2021-07-01,0.3413976402091509,0.1043396658950282,0.8957216675262777,0.2004915296439717,0.3746593056172153,0.6037609957285787
2021-07-02,0.2834793341330977,0.0573745375546468,0.5477496413601765,0.1522438572237389,0.9621042243731172,0.224857796470683
2021-07-05,0.2892924157553987,0.0645847311977402,0.4860896101805075,0.3850124745663744,0.0500377845186583,0.6456192518251778
2021-07-06,0.6886763833275684,0.0476490122283734,0.6265656264601254,1.5658286066662392,0.7663951333544718,4.074434109454123
2021-07-07,0.0508426585775309,0.0966745206941117,0.709420268574874,1.5473624853401595,0.9362402701189682,2.4613576428225588
2021-07-08,0.0685391653068236,1.4110830596265882,0.2597315897284418,1.0884720912384775,2.11078875013326,1.0039060438579568
2021-07-09,0.000856935852855,0.783685694888492,1.3091887659035844,0.7632623254999584,0.543966109161677,2.023715006358353
2021-07-12,0.6390897464760165,0.5070073515426564,1.1484801627620769,0.5013912063270485,0.1450710005828493,3.846977407316964
2021-07-13,1.100628846556145,0.4399119221029074,1.7323393953649673,0.6230720801961471,1.3554309921761936,0.0956111475235187
2021-07-14,0.5473569938807337,0.4775997767301033,0.5910314716404256,0.4322868374774589,0.0821500472263964,1.3680401139609204
2021-07-15,1.123232131923896,0.5604767700929675,1.5848932142195156,0.4185497946669026,0.1470574329763798,1.0886607405888866
2021-07-16,0.4250406435187717,0.1090943636369103,0.5081326202050831,0.3915936368240194,0.1500127632690613,0.4156983963496595
2021-07-19,0.9117707693029656,0.1649992851393771,1.6057816577135633,1.3123872456088397,1.173033040798238,4.389532828243385
2021-07-21,0.208876056801526,0.2272329345691816,1.6992945001533644,0.2503949460572008,0.9771173784158608,2.1700728276964383
2021-07-22,1.7682087626045058,0.7292716318766599,1.538549668455836,1.2825388425310789,0.7422659226725099,1.7844386047438985
2021-07-23,0.5859358180331534,0.2740068312791962,0.8533050993040936,0.0699763313446699,0.468772681612592,1.93879243635204
2021-07-27,0.0760916942786565,0.5819535628511571,0.0282112793080741,0.5794296872990738,0.4846344228057334,0.6363543565689779
2021-07-29,0.3876033172540541,0.1103158038528105,0.4001860036260527,1.3229270205050063,0.0097563845155088,1.2970269707749436
2021-07-30,0.8315848227011212,1.2189607360703003,3.545512165786239,0.4307232568416356,1.0367112475287128,1.2636275142854263
2021-08-02,0.4356843706287449,0.10710776221521,2.7694849693522765,0.1807783728713082,0.2093804485663348,0.317802932602549
2021-08-03,0.556597746964897,0.4850914373246096,1.749187502125226,0.3793690522184777,1.0047007770878766,1.3768514151836628
2021-08-04,0.4632273234334499,0.5970123136508453,0.3826461227960983,1.0628370972332717,0.3466843542963835,0.1724668428909045
2021-08-05,0.750248420866172,0.2979519707108632,0.577804756105957,0.2453541554046798,1.1843205045095582,0.8066335070714892
2021-08-06,0.0320068363730998,0.4005913965908423,0.1124744056133966,0.0654830721914866,0.3895920469299699,0.3051732922937382
2021-08-13,1.0360517523768322,1.0224059963452543,3.4174166071164103,0.3686130537050381,0.4327802957961345,1.1562107679560352
2021-08-16,0.8436688953857843,0.1469384295897084,3.0155345945093592,0.632863434684465,0.1908800541579558,1.019799821273346
2021-08-18,0.4954403116703499,1.475517712085893,2.524035193492512,0.4486280565142832,1.338279391997902,0.7335586904357515
2021-08-19,2.0780801350806497,0.6769365437873882,0.5721409267580455,1.430292613211701,0.4902850937060744,1.016899679249847
2021-08-20,0.6396078612455801,0.203105803774632,1.277597899642671,0.5098797218172093,0.5746675449312253,3.359435531648876
2021-08-23,1.3023618128923278,0.2894316889908726,0.6283671055900413,0.4907661086475744,1.8429605472413584,2.326332227351314
2021-08-24,0.3333147233136652,2.011898338450805,1.3134580096491175,0.6476043676854425,0.3098744558843282,0.0092392978199295
2021-08-25,0.3891453766866314,1.0521492617559791,2.1233358208145403,0.0041874383846806,0.8476999495904136,0.828900305870887
2021-08-26,0.9064018114715084,1.0102915374052728,0.0237507180733718,0.0620865262615644,0.0886862370448206,0.6458134731315275
2021-08-27,0.2762750859720014,0.2783492405394596,0.4984105916199196,0.9256616416220708,0.5782524047142877,0.9241474627510562
2021-09-01,0.8171109041149411,0.2058526391291958,0.0100228074715938,0.2292273731706695,1.434548632318,1.6202178549106805
2021-09-06,0.5893823361167048,0.3345486671273178,1.3344249701166295,0.4278617295889942,0.8462218888657012,0.8757851459160427
2021-09-07,0.2375633862668465,0.1194295800826786,0.5164674826455099,0.2399491954392749,0.7257686243518696,0.3340416528792648
2021-09-08,1.4232715877255215,0.889633983373281,0.5292165131013741,1.2817749050556684,0.2441333031772685,0.6196969198141664
2021-09-09,0.6978428176155169,1.1799206386705854,0.365737697968192,0.0898932358766056,0.6930575942185714,0.7745810111220998
2021-09-10,0.438274258448038,0.1851140648218145,0.6691830569154354,0.8783817162098612,0.3816845054795513,0.0989108730134915
2021-09-13,0.110248777882254,0.3712515541912888,0.0340008386132109,0.7934450638242055,0.0972720986937606,0.2888260640971675
2021-09-14,0.6701693641364551,0.9354949175855584,0.6880579175571943,0.1969252789440805,0.6090419132792052,0.1290500826214355
2021-09-15,0.3082886855948382,0.0160731908156838,0.5820021963996787,0.7089158166542485,0.2583167626963849,0.456521479660917
2021-09-17,0.3759899338366448,0.4349555926665724,0.4734262927018169,0.4117526948739526,0.146911047559638,0.5047315298875913
2021-09-20,0.932573493585571,1.340547636765531,0.7980754421005409,0.9651700385732352,1.3993411523843,0.159815358529187
2021-09-21,0.2563734362912626,0.1667529262914401,0.33918255404323,0.703367916033202,0.7333917242314381,0.7909880962354852
2021-09-22,0.7808111819683543,0.0928217394623985,0.1383943507648816,0.4958047331922913,0.2924753149322877,0.8057965489273237
2021-09-23,0.5623529940495858,0.6726710850048937,0.3556397681833009,0.927100737185972,0.711229280632721,0.1538780524388487
2021-09-27,0.3296612137500719,0.4094483935717066,0.5908514990441949,0.772583147116229,0.6846795591904437,2.0742037622409013
2021-09-28,0.1533769868818841,0.8941928869642876,1.024454136523711,0.7319600195257262,0.2175188719925339,1.074964373019342
2021-09-29,0.8055391879550493,0.0536491323404956,0.7055292740476816,0.1098791662079448,0.0296881672485692,0.007466810032881
2021-09-30,1.99835881934742,0.6384811819318766,0.2703254096780426,0.4022038354385095,0.7012823536150097,0.2125859069267943
2021-10-01,0.9283965683450348,0.8699499874934369,0.4220065701241023,1.1597049203908294,0.0317678966256616,0.5356855485378744
2021-10-04,1.811138673443765,0.1319358761650665,0.5371479700462751,1.2552290233368986,0.5783213952344682,0.3477379991785495
2021-10-05,0.8651523195854713,0.5208239520594621,0.2919225622820868,0.6992749914064837,0.6027096753646858,1.1202082867187784
2021-10-06,2.0350269904977445,1.8771749185463569,1.0857239135131904,0.5123472073936075,0.2934910057212041,0.6027728052109377
2021-10-07,0.0144501539755957,0.1198442207872378,1.5155159785946166,0.5584472512988004,0.8754507190286327,0.2323358112854945
2021-10-08,1.0136884815447504,0.167028942582241,0.6413563532656404,0.3752895097054959,0.3476836667073937,0.4922017297915765
2021-10-11,0.3411095363293982,0.4415024742359783,3.095563541814814,0.0218406320927584,0.3648257292384002,1.5440414889097849
2021-10-12,0.4104808275460386,0.8298753362108123,0.2275174570897095,0.0462591654022889,0.6225118897600712,0.0509163154759685
2021-10-14,2.13312874213633,0.5421184343875041,1.0536856215716834,1.682716603744988,0.1625790912979536,0.2117238334198175
2021-10-15,0.108965619298646,0.3610389829665857,0.4216301936983812,0.2855383870487971,0.1603999315463785,0.0610511591748356
2021-10-18,0.3826362337237698,0.4799847808376626,0.0879925069977844,0.0028307363508682,0.3400147145160578,0.2029962357344523
2021-10-21,0.3881497888077132,0.8975554762221447,1.2649924700804436,0.4614655513619456,0.0304197308758826,0.7740210567217293
2021-10-25,0.1097454259582022,0.2314820558612349,1.37960434465309,0.4181337721975158,0.5626104983191412,0.0454845739331282
2021-10-26,0.4703930331195336,0.2358024610500152,0.5608569424004195,0.0846012841716426,0.1082524606602969,0.4486815375855872
2021-10-27,0.8255182974860907,0.0707228408398424,0.3031326226345726,0.4234913405130846,0.5123210553871844,2.230565184049748
2021-10-28,1.1904927306356092,1.0298681477067833,1.006688046642456,0.4468981552488812,0.2029525846829746,1.047883955487496
2021-10-29,1.025824522883919,0.2908074601530764,1.449879981741227,0.1765122394751298,0.05419183025235,0.4343790223761273
2021-11-02,1.4990594665958994,1.5923259593881485,0.7246782823888411,1.063690376409706,0.3418387780562087,0.5654667037040412
2021-11-03,0.9023158844936112,0.4105662998557065,1.1015706721287075,0.3930587127616882,0.3696797888282576,0.5633895513413734
2021-11-05,0.4515839145519467,0.0261192679625265,2.1487165819168297,0.701025502540136,0.8832242986822442,0.8418388042914898
2021-11-08,0.7645171970145856,0.2399665785908353,0.7525343521677724,0.6627451000863929,0.0055323578957203,0.7564808584956256
2021-11-09,0.5657405349905171,0.7439307278825642,0.6126187585566142,0.6294464891995675,0.3413289876744351,0.4144666183691619
2021-11-10,0.1980101854819932,0.2161109260716966,0.8907150326577753,0.3737560927380519,0.0747952763119199,0.2405588683814058
2021-11-11,0.1225733515239898,0.1243598586172451,0.5987545631539293,0.2086750777669338,0.1207493308455726,0.1824163491724631
2021-11-12,0.6039053271878043,0.8111330662734734,0.695778770471908,0.2975363643973864,0.0918448042945838,0.7507563228398791
2021-11-15,0.5280056207842609,0.5816181833732689,0.5496672517925149,0.3750219465620953,0.2927299481687362,0.2169536502552696
2021-11-16,0.5303034561463623,0.0361252737976897,0.3405871713424435,0.0549444331642564,0.3216845602008608,0.6877316421574369
2021-11-17,0.3691329657232851,0.1469800475901152,0.2391767253925216,0.189141248385245,0.035879342899844,0.6389580927116817
2021-11-18,0.5909595471836291,0.0878977400043755,0.6891887510465569,0.1341666097166308,0.3896111855135636,0.4087347153149768
2021-11-19,1.2547237152281567,0.1147793218372152,0.2574779999100656,0.1446799182380613,0.3616397230504405,1.1963813657157032
2021-11-22,0.0464612968545913,0.0871413816594218,0.0288410780488701,0.1465352677954041,0.2719591511676649,0.3517730210463336
2021-11-23,0.6791961556285656,0.2616603007372708,1.6139223309912434,0.2954565121997553,0.1893224414451292,1.1254447379531207
2021-11-24,0.0808445089777275,0.0400627459948201,0.2421003391498642,0.0117783362642429,0.2062898065387604,1.7097791616498756
2021-11-25,0.24015237676938,0.3072531145578858,0.6739115442591902,0.1746060601965056,0.0824663440878132,0.7987519387624206
2021-11-26,2.0782591586780783,0.3551373106443769,1.2402108260758724,1.7299058825154985,2.322851492470776,0.5197350234523864
2021-11-29,0.7097580689017847,0.109172296008413,1.071332097987584,1.453533808703097,1.3073988320091323,0.550058978400178
2021-12-01,1.534240767903908,0.9070647446969348,3.5884667572232214,0.7181471053064461,0.0704365498387309,0.023568785609598
2021-12-02,1.163257761208008,0.3208049287251683,1.2229397868526486,0.1983695450660719,0.0647201077474368,0.2116445701793344
2021-12-07,0.2843695349606628,0.2513590690634826,1.61866808863102,1.3666946702365277,1.089633381931954,2.4092779031674616
2021-12-09,0.6245183654423903,0.254691736134661,1.2184656179680091,0.2482047703934405,0.5546055061357891,1.4553820656581584
2021-12-13,0.2846510512673952,0.4625208822365091,0.5170284387143868,0.7185774516822901,0.4685480317024405,0.5590686359399747
2021-12-14,0.7114366293883002,0.9369001228196622,0.6147055395021586,0.0365367542684377,0.2954157191779049,0.0128716258734847
2021-12-15,0.1603944443067628,0.1275429839599008,1.5223031612356013,0.1991737343284246,0.4289703510776273,0.0352360821122759
2021-12-16,0.4758931036992465,0.123335270450511,1.401676991620319,0.4458969464127857,1.3251980263944891,0.0752004533916193
2021-12-17,0.1081219067045731,1.163188912170653,0.8863969057977275,0.5502893080241006,0.2184309534492701,0.2151265881751799
2021-12-20,0.8338344651745819,0.54140512024626,0.8262747721756493,1.2502155865107658,1.5920331712623588,0.1663781359886957
2021-12-21,0.109870011883493,0.0877323334123122,0.979548565607724,0.3933103153462126,0.3983854236506104,0.0953969362655112
2021-12-22,0.3778129531597208,0.5165539815010406,0.6701590178879521,0.0787329704888682,0.2794697487781551,0.0723850918322998
2021-12-23,0.396755935547216,1.0673939795343037,1.7938493547801704,0.3007624358331836,0.8983391970526791,1.4114449736689674
2021-12-24,0.1120425275791605,0.0019722063004203,0.9174056824895398,0.369695962652804,0.2592500331734119,1.3681241620800308
2021-12-27,0.1909517571274901,1.1448008615338203,1.0104908439468396,0.1300612189355281,0.0439848686616882,0.7990844668490668
2021-12-28,0.3476441436653689,0.3890941452410726,0.436827156585132,0.7755944394353395,0.3062838802527945,0.3693937367658408
2021-12-29,0.0353660269052766,0.3338830449104347,0.6565868012525399,0.3067173832844932,0.7168755596155544,0.575128841437707
2022-01-05,0.9292411545077603,0.1881618095826174,3.37146629246457,0.806799056712482,1.4089865324562978,2.4386912195062345
2022-01-06,0.1343945705789998,0.947004693365191,0.0829500791716481,0.6572475415135929,1.4271289464683166,0.3978937230756186
2022-01-07,0.7183264101432852,0.6338454615733101,1.0557253469284658,0.6560713390844133,0.2772850483965126,0.0058880293109985
2022-01-10,0.1522037290200097,0.4564779642455649,1.831058431116108,0.6775208973796324,0.0337852534597822,1.6338389752851357
2022-01-11,0.6470298263848314,0.9067441215776694,0.772934956215837,0.5969062791507205,0.6052600684777473,0.7610132788407247
2022-01-12,0.0136182180529826,0.0697100830488811,1.8102944858586092,0.264864010868981,0.6802953586146283,1.2122087148768768
2022-01-13,0.1697205736144306,0.4028503887161866,1.27552350050645,0.0712521097708783,0.0905172293864219,0.9619040693410704
2022-01-14,0.5249496794161298,0.9075761446668864,0.6371065554791577,0.7545196585982574,0.4408468860821257,0.00200530067819
2022-01-17,0.7250204297203207,0.8010960043235418,0.517906930608611,0.1820412483342859,0.2531716673587737,2.928798692136654
2022-01-19,0.8017989474227423,0.8193383761951915,0.5206638949865917,0.1220352236216206,1.1172164482180436,0.6941522469847589
2022-01-20,0.5278857438810641,0.1687304912792402,0.3070208672593083,0.3307655806429698,0.0772218496221633,1.5481260606177891
2022-01-21,1.4903313945030725,0.0451708227187698,0.7464561124867396,0.001215205030672,0.2556120269132576,0.5166457501292725
2022-01-24,1.0642677651790908,0.3411095213641119,0.5620726019559753,0.349943864754288,0.7402974554409242,2.278475274558001
2022-01-25,1.3157708501972818,0.8545702840222266,0.4892409306030422,1.0898741437429864,0.0884290809952017,2.7316559300447194
2022-01-26,0.4958020130103497,0.45294112728581,0.4758711546244834,0.7304481955876834,0.265038141631877,0.1350822180577913
2022-01-27,0.1565592331205395,0.0151714665913163,0.2741101494525663,0.3533606129501787,0.5656513263689292,0.7329811907184457
2022-01-28,0.5182322319167971,0.2654821065086907,0.2967172900929582,0.4211255200354192,0.3262365575631572,0.5559864070657273
2022-02-07,2.37067560703848,0.6968992222565622,1.7541076008879573,3.634253071910924,2.275215681929234,1.256475197915702
2022-02-08,0.2267842462430621,0.0365962872891903,1.0503856300829872,1.0419380254622437,0.4158894989654333,0.2221000362739003
2022-02-09,0.6618280328874929,1.390212168987233,0.5915511917975411,0.5365195783871907,1.1176894715529138,0.2920467620579081
2022-02-10,0.1605457669946283,1.191063949472988,0.9355193113253124,0.2324742401333475,0.0093967504873187,0.0936202208365187
2022-02-11,0.117824040982903,0.5582781730020046,2.2072646750260683,0.0277076888330056,0.2233878351018307,0.3377101431302612
2022-02-14,1.1973654245398704,0.3130178829103799,1.241036718464732,0.2262725171595559,0.8575987492181972,2.0009612777166987
2022-02-15,1.0783049778615166,0.9907583767275706,0.698109949054698,0.0052591754873752,0.9899264155723948,1.4025210420541163
2022-02-17,0.4049100033469686,0.3376389356011862,1.7491987149885275,0.5883838273168961,0.5936094850765311,1.015758181907777
2022-02-18,0.8406366018128245,0.1228134615989686,0.2711068557379497,0.3688300926409397,0.0946043414114713,0.2091058007114573
2022-02-21,0.147102555842646,1.278220111767528,0.6293025038132513,0.2173321332018845,1.1081489561332718,0.3979207287937288
2022-02-22,0.5952916265433165,0.3626975726625224,0.92702228598394,1.04667746030068,0.1890420258653163,0.4890017739459658
2022-02-23,0.8425793548655044,0.5804482663415,1.0361399422129385,0.2231542480820079,0.314677514406088,0.5855900969152394
2022-02-24,1.488413721662841,0.7753129716933489,2.0853581353350403,3.507298707524068,2.008300558189037,1.1605803413906122
2022-03-01,1.5084226213156149,1.4225842334052432,2.632456733521207,0.0784117745733611,1.880309111879462,0.262557647917127
2022-03-02,0.7692520490547922,0.1039294779369781,1.3677876563394151,1.0495213358475406,0.264175786497957,0.8886564529619879
2022-03-04,0.8687079688984791,0.3647657397760313,0.5187730989363704,0.5445658064333592,1.0763112254947067,1.3247263957669777
2022-03-07,0.8590400663203813,1.9758163802245847,0.7373874555604618,1.2147426003399786,2.729962622541208,0.4180569133316584
2022-03-08,0.8021940801015327,1.6471370637624043,4.3515094440698165,1.2296802359545078,0.4682968541811786,1.704854327891588
2022-03-09,0.734840559546377,0.9944737291323456,0.1739725769423822,1.4665463233563047,1.5042879233002855,0.0020356579416704
2022-03-10,0.8640169211698763,1.1581983783311238,1.91182562211763,1.4092627120832055,0.2090693033666243,0.3616885432519713
2022-03-11,0.0203047783892231,0.7819052837449457,0.1771423145419606,0.2751741397133257,0.6614097449517462,0.8514387977388268
2022-03-14,0.4267028363672942,0.0497521628511144,4.23980186267365,0.543991657983005,0.1289880489852859,1.3931885364439272
2022-03-15,0.4905285755039832,0.6419470853925957,2.933962443225007,0.1239940271830939,0.9556732582141308,0.4477428926820768
2022-03-16,1.0669672225935316,0.8891789220395766,0.0929816579444019,1.681068179360503,1.4226125647355876,0.4525997829369944
2022-03-17,0.4013861641971251,1.2371329053849194,1.357016736857203,0.9619649345308549,0.8263502396658271,0.1376396729054221
2022-03-18,0.1353500497858711,0.0238836055528318,1.6252256066567086,0.2380736833463293,0.1934368961130664,0.5296145383250093
2022-03-21,0.0031100837306584,0.257988422128145,0.7308675434468973,0.744233360109397,0.2768193107388541,1.744279307306166
2022-03-22,0.6540667544986972,0.0850922402621064,0.7495605420049548,0.1592706205461302,0.2386821120150009,0.5889176765132832
2022-03-23,0.0672510441705299,0.758239896236499,0.0069941708073193,0.4196963470185856,0.0047652172036841,0.095804566028115
2022-03-24,0.7627914799895847,0.0681899914523039,1.0386054130006328,1.047914710399782,0.1750642636958312,0.2719457784744908
2022-03-25,0.671111299388189,0.2704382040026343,0.5944783294449857,0.4106622434924579,0.2436179495910006,0.0160172987168179
2022-03-28,0.6699476768066608,0.3342508480969525,0.1335281241772994,0.5346464515607677,0.4462831947949899,1.0276176394186436
2022-03-29,0.5392698537689942,0.9134434710496012,0.2704670239835273,0.0556348030195713,0.3224588953875171,0.9782227260903044
2022-03-30,0.5901379924106492,0.0126363111391389,0.7272091467084605,0.2533322782650606,0.5111980615414486,0.4852315369814052
2022-03-31,0.258441614564536,0.2611520326716716,0.5072933892640529,0.99517506185872,0.1862327812830428,0.1099689649690827
2022-04-01,0.1034313421376311,0.9436517627936738,0.7047827769129376,0.3102129490397677,0.357425901833961,1.6147449655278288
2022-04-04,0.5277654671102039,0.2180338504176144,0.1443142650064751,0.0626129818319837,0.0951751454674825,0.5432186819271748
2022-04-05,0.4498029575477992,0.1333040321495844,0.0997276038690949,0.8172625164320599,0.102816894808987,0.3067597890203018
2022-04-07,0.2932494442258013,0.2501893299782716,3.2674176580240086,1.1908039794982,1.1094849899468051,1.1699522672651297
2022-04-08,1.164284272875521,0.405227346972077,1.3194383299168713,0.6173108450808681,0.2131549985385848,1.3638021958974895
2022-04-12,0.0547054760852537,0.6341283656013543,1.7632427952461605,1.579828555851878,0.693982221736763,1.8214819704187324
2022-04-18,0.8351740637181723,1.0062156486025418,1.450555895879913,0.8195016514658973,0.3757727722785081,1.568673197149408
2022-04-20,0.6609470360880179,0.7943614803590687,2.069738280079038,0.9716287549294718,0.7340780881461467,3.3993022062207445
2022-04-21,0.6733692567118218,0.2863314080335943,1.1395532975018954,0.3931879699431586,0.60518581386311,1.0533940371334731
2022-04-22,0.6976668184467245,0.228105958609747,0.894743271834849,0.3770781538798702,0.0023611558241471,0.6561359666193561
2022-04-25,0.1333226869076622,0.7512678338315584,0.3172777926012178,0.6423237241870831,0.9067425651173732,5.0796191631746295
2022-04-26,0.2238882516401199,0.4205081836955752,0.5829670896657358,0.526599433041289,0.3803482437618848,2.293993349678462
2022-04-27,0.490525281320261,0.6724006611947484,1.6774511922273656,0.0415530679923323,0.4251134390709356,0.92241787045753
2022-04-28,0.445732326429397,0.711850056392057,0.6612795113450243,0.4333145593409031,0.3513892893030614,0.2055635974311758
2022-05-10,5.825956796370478,2.7115616624376315,2.766350411793369,3.0721199778289345,2.7328664681273374,4.343954968297811
2022-05-11,0.0526667815633243,0.0868087700598773,1.273830951487768,0.2513792729857353,0.5834202852471766,0.6142388170185644
2022-05-12,3.225720764655076,1.107054849056511,1.572918256179188,1.905479493576626,1.8025008423841244,4.936503760551491
2022-05-13,0.0279845895679814,0.3639058897379963,2.3721089291471493,0.8174555099214994,0.0088367980971283,4.63163127774672
2022-05-17,0.7018910949096718,0.2709298680555739,3.3222271723037107,0.335676738705573,1.88259445873872,3.782894214354173
2022-05-18,2.216917494982414,0.4066406919247515,1.9958228060910723,0.7300274862735628,0.3610693801798935,1.0036007820346209
2022-05-19,0.4394726897401765,0.3543452758571563,1.0091519681261447,1.0798051446647954,0.8895655096677388,0.0708991328442238
2022-05-20,1.379918223378124,0.018721074871295,1.2871702195006425,1.550889991550839,1.051130083928895,0.074929002236695
2022-05-23,1.1246516739902224,0.426308006966612,0.8706202997390775,0.83450178087328,0.7568610600480448,1.7808823512999574
2022-05-24,1.0667736046180711,0.7306864821796846,1.6645299977950372,0.5807712889798708,0.554962089840962,1.1883395216718025
2022-05-25,0.4440940079264783,0.277809378728582,0.3083000037099509,0.4850482370416638,0.0645828599449852,2.802154714312455
2022-05-27,2.0526158259241414,0.7267253377540996,1.9271286214262564,1.590327932255807,0.8315144168537486,1.332893634871314
2022-05-30,0.1608252071609958,0.2420879172937321,1.4198116019446336,0.258750029123831,0.9027011824611366,0.6567518769463326
2022-05-31,1.57060991054543,1.7397748332343057,0.7007405071367766,0.1987181725119303,0.590896484505332,0.0958787671067489
2022-06-02,0.003456086325452,1.294886757707871,1.3052227154142384,0.1786602727251562,0.9507537376668476,0.3145704372186326
2022-06-07,0.107464632868928,1.5586333023571382,0.9996435894152584,0.1492683554720397,0.960493272760232,0.2116304467815082
2022-06-08,0.7292865351875999,0.1357515534356718,0.2308604809643481,0.1777819246960967,0.3040846328607998,1.2742260538287742
2022-06-09,0.145851189942286,0.9329026386973598,0.1630707375722966,0.5028410054216537,0.2714851570239958,0.0084107183185395
2022-06-10,1.3481023675825214,1.0493967263455073,3.440119047285896,0.8727518700759527,0.532687719257665,1.8303827522213283
2022-06-13,1.2953663986087705,1.9684421484690773,0.9699242292147696,1.3409264653603088,2.014491820508977,4.543774358841319
2022-06-14,0.7752076787975121,1.1167433859004328,0.1162152361876095,0.975008848305042,0.1854441475427539,0.2661405115379083
2022-06-15,0.6094098613137536,1.5121026171730572,2.424856546268847,0.0978253368305076,0.593762558775651,1.3403139800951929
2022-06-16,0.6157124057499865,0.9359422159253684,1.1577749900226206,0.2714748051721788,2.056729570854779,1.8526907567149724
2022-06-17,1.6209263257436768,1.0943938908486697,0.9658508787838944,0.0213107616605926,0.1095956797815202,1.5754646482575327
2022-06-20,0.5665102847818858,1.0697208338182904,0.0375805588489936,0.0545706132864476,0.0115470860352199,3.078192734676622
2022-06-21,0.965652094315394,1.1479481642067129,0.7726403162941068,0.6784862079667474,0.9771218644757852,0.6740729429630908
2022-06-22,0.851988886712711,1.853996674672465,1.882142670976812,0.7783242949257144,0.925182211610608,0.2733012197620607
2022-06-23,0.1996206879321759,0.0034887589673307,1.680217529807132,0.0164888680584111,0.1546068427605046,1.663206500878098
2022-06-24,0.6362712521466166,0.3940308362858901,2.48050952907576,0.6076255481157833,0.7132918820341321,0.2863931605931165
2022-06-27,0.382415301741441,0.0987918608704889,0.3413477505974249,0.828596508989565,0.7265885801838433,1.4521044000056933
2022-06-28,0.2797376366329781,1.149048212777244,1.694070775241804,0.0850598394640796,0.898998383494759,1.2623467861473296
2022-06-29,0.7763254301732865,0.224347170264846,0.6675896355660675,0.1701920922901002,0.521273054254257,0.0008209540306808
2022-06-30,0.444192899241047,0.5014348931170592,2.372119750226201,1.0472995172117396,1.1317312750923376,1.6964504060187764
2022-07-01,1.7110394794446309,0.3814860122623419,0.1610275290746699,0.2136201720651061,0.2763508852417774,0.1084915608189449
2022-07-04,2.310092677303725,0.8464803050683305,0.2958956503018055,0.7931372400488546,0.7915944074124328,0.2814868027194546
2022-07-05,0.9607649121588208,0.2286075888484789,2.023024946134407,0.5182844366396798,1.2232647875936888,1.198254001791784
2022-07-06,0.8518004430199106,1.3950229216024197,2.1172022705689884,0.0145042523119522,0.0317856581891577,2.718430726371289
2022-07-07,0.0928905875230366,0.1521397592198116,1.4486078777292963,0.8259229759155089,1.3259791609587304,1.4567912603247133
2022-07-08,1.3086663673506516,0.4992204164399837,0.1494399468727051,0.0594220897707891,0.2884395517001968,0.4132113553765686
2022-07-12,0.325820721294731,0.0203317117317858,0.1869117492804651,0.4623216885310807,0.7131188206653936,0.2992163792087435
2022-07-14,0.4207379422763856,0.4230225081707574,1.6163154590164714,1.768378375641885,0.6473000824885246,0.6236788297549559
2022-07-15,0.5723618182886507,0.1141530641839117,0.8497754524267839,0.2752933127775799,0.224738709316756,0.2473089487061454
2022-07-18,0.1104058029373546,0.7795106664529193,1.1797278388527883,0.7269099633561869,0.7433038970378749,0.234321382058263
2022-07-19,1.1472599108402952,0.054579946325705,0.2781430925363276,0.1272518437314636,0.7393872025810276,0.1562752460459743
2022-07-20,2.037438025098772,0.5736733461144147,0.1821574139613771,1.6698648645796723,0.3833634230996394,1.3328079206034973
2022-07-21,0.1544858302069822,0.9240509181743932,0.2973416574280497,0.569071805499427,0.4530759845638497,0.3619482261756551
2022-07-22,0.3320619828922193,1.061701711577749,0.1153429611015012,0.9170158688464652,0.4143174000797527,0.3100414896927186
2022-07-25,0.4154814364738951,0.2330425959624551,0.863641980808031,0.0273543908073905,0.4869897598860499,0.5253320574863907
2022-07-26,0.1912591412416118,0.3771023329022243,0.2166931484969183,0.3656334175810227,0.4580080289031942,0.2890163245725221
2022-07-27,0.3874977925379952,0.4784646372150573,0.2208673598439611,0.4070428072997621,1.484565483622342,0.5025030459307807
2022-08-01,1.0177831822859584,2.1098870201383595,1.199652316128056,1.043171524380135,1.061954101606971,3.3284253448553485
2022-08-02,0.2776258303752491,0.4684437266038134,0.793261415268849,0.0123466663667694,0.256407633150404,0.8305850084255788
2022-08-03,0.833327312602203,0.3001122653908487,1.059707550219472,0.3977740159438708,0.3498834410507638,0.6534554315346626
2022-08-04,0.151919936871803,1.1433356386074318,0.8213320412116722,0.545854367182551,0.2517643247650308,0.3506519402189432
2022-08-05,0.3861783185440592,0.409397705286951,1.204331609944953,0.3973846831542588,0.1462552041613122,0.1124899894837519
2022-08-08,0.0309682863520158,0.3682988028361796,0.4476770067006748,0.3631421992295749,0.4847440233479554,0.319587120334541
2022-08-10,0.0086541674176482,0.24763249080559,0.5826667047322037,0.4681836166984174,0.5170351952183031,0.0198945589037783
2022-08-11,1.040942934818061,0.8826333430719078,3.1759371658036764,0.4744755328740509,0.3117826659725094,0.3531896343408209
2022-08-15,0.9416441750213888,0.1030079998123086,0.8519570507110599,1.3764939549404345,0.1841405304524841,1.75203490421493
2022-08-16,0.5648150448714134,0.9772519353021074,1.6602722929945477,0.0930797410886278,0.2887659442297229,0.0384481092582417
2022-08-18,0.7416924897523258,0.1423228916732155,0.3803988547771012,0.6033150481489183,0.3747682177288552,0.0808366241755116
2022-08-19,0.1967272884929032,0.8063474384481801,0.5731835812616808,0.8273057035327649,0.6223155270829933,0.3523622906101206
2022-08-22,0.9026572477233528,1.1411240608927196,2.35044036554266,0.4934673099992097,0.6231301935473104,0.6918090059627331
2022-08-23,0.7747395727938329,0.3232424292944314,1.2914932828694077,0.5027099334202882,1.0925236515752057,0.8201559855774084
2022-08-24,0.4379583689733834,1.0380309524819291,0.3780826962280119,0.3929199378866446,0.1237257878197979,0.4984370417692645
2022-08-25,0.2853112029311444,1.9057183248722624,0.9435357614479634,0.4418908486185662,0.7309781929809585,0.9134761341778054
2022-08-26,0.5445358238409683,0.3204542983037929,0.6846012803375624,0.0532520431879143,0.0766359400652359,0.4907746730603462
2022-08-30,0.3389379970851591,0.7807929494665197,0.9258571695142572,0.3143837100547669,0.324586453223086,0.2482475630463626
2022-09-05,1.006302383565182,1.4824462751323642,0.2129231744960181,0.7389901787584204,1.070083425828766,0.1595782467445909
2022-09-06,0.0175868559060586,0.1027530848082034,0.5014347998239024,0.2701992522474118,0.7291475227555815,0.003914277327062
2022-09-07,0.6435283455339124,0.2067348961743385,2.345158283434985,0.4149138120134613,0.3696056034947637,2.7162193079400976
2022-09-08,0.6277982135357888,0.2263841810060687,0.6032981224169164,0.7069698382153832,0.0048754880382578,0.6917538088292496
2022-09-09,0.146997087945023,0.120353900331644,0.1857577336008626,0.9032485795966756,0.8875130427365931,1.1420043738419698
2022-09-12,0.1629028163153509,0.0955041929661206,1.6477187015430526,0.3600681095353624,0.6698091014565826,0.0672430380764732
2022-09-13,0.8722283247636384,0.6778775616631405,0.2077866074141872,0.4679544034067692,0.2795470465085837,0.0976773682355325
2022-09-14,0.5472434926713927,1.3124807873659206,1.7908367318778995,0.9792249445440178,0.271878315197784,0.6130576776296617
2022-09-15,0.3774490856372756,0.0769740521698351,0.1092818459082055,0.3052396160183777,0.8639271159861958,0.3933355296185023
2022-09-19,1.5187190248439346,1.0819535686893664,2.1248635539928244,0.3577380604099384,0.657322998819967,3.28291601732882
2022-09-20,0.0203353846400574,0.6578263293721965,0.1713509960381053,0.3259078594674778,0.4293386564176892,1.1137074971089551
2022-09-21,0.1200840997656921,0.9572687658809284,1.6696051349809844,0.1577612622140155,0.3141782500725307,0.6898622943472986
2022-09-22,0.4246737876143035,0.5557238528480029,0.6324266262537472,0.0392354561545377,0.7222371638725699,0.3422330935383977
2022-09-23,0.5601373959053124,0.9901868971171796,0.6714312715730123,1.108455959618364,0.8288163481035384,0.944597135926737
2022-09-27,0.9255351203021344,0.9951232901609504,3.900784826350204,1.927291038319044,1.3034185449766844,3.100905886043817
2022-09-28,0.4992223906596678,0.6385195286887744,2.35964894035919,1.566139261853184,0.707208408940937,1.984343255889848
2022-09-29,0.5786433912778073,0.3136410592454673,0.9238282521617344,0.0394769211279451,0.4298781782266171,1.5464975197571356
2022-09-30,0.0653493047530568,0.2055775428032316,3.309507758822698,0.4854816636799055,0.1797670633318921,0.5349453456950302
2022-10-03,0.4424055265555723,0.2141635868708033,0.7302926557069733,0.7423050681483346,1.9990728080247515,4.117685220911394
2022-10-04,0.8882064220399912,0.8364903755274393,3.4762241110009544,1.0185763833809682,1.2723151724635753,0.766896181146886
2022-10-05,0.0442321993320239,0.7908464695898015,0.014522484864264,0.4554929147314379,0.1437508451218453,2.393809318952159
2022-10-06,0.0174997254038606,0.008447445101897,0.9111941376080396,0.0529731173823102,0.5622462853706589,2.7301377138083933
2022-10-07,0.706780338602885,1.0210887099473258,0.0350581075257852,0.1826159647901198,0.6008538082443255,3.659378275894115
2022-10-11,1.2550448855988785,1.3735475703078637,1.4401436007909885,1.3057711901506408,1.0807325281715396,2.9099408401695968
2022-10-12,0.4323413710816618,0.4516899221896578,0.1069954059000604,0.7048959100496658,0.1216615290689607,2.803697591109357
2022-10-17,1.136721225092281,0.4120282616016899,1.974025373810705,2.211620082158941,0.6781242222328769,1.6075960068292106
2022-10-18,0.0494512352305151,1.0112634882803069,2.6170672591144704,0.3353364076109063,1.19934391915942,1.1421995926185295
2022-10-19,0.3785626289090949,1.0470846761335413,0.3204368901548622,0.1018349221760709,0.1031754354463087,0.3380847301222812
2022-10-20,1.737421787327995,1.5858322356701204,1.512935325679042,0.0033114765117614,0.2520870641206421,0.1529369857977419
2022-10-21,0.5303344243558936,0.6033063295574796,1.2032185230733774,1.760535433724708,0.0885686031498391,3.717943268627399
2022-10-25,0.4352140865849082,0.1390611025357563,1.4904533952146266,0.476981523431021,0.5852238801568573,2.192879019785367
2022-10-26,0.0630260805728712,0.7291184050219515,0.7891777881433226,0.8086772492551731,0.2627411961263122,0.4359493810874788
2022-10-27,0.6766194445492018,0.0611889499145233,1.7657408735276037,0.2277736820171027,0.36701389328723,3.4287037485669907
2022-10-28,0.5049727039906148,0.4673550361970268,1.2459760426247566,1.4470730125423383,0.2331375166570354,0.0632489548518375
2022-11-02,0.5734932137445271,0.2966573652331577,0.8545596803449419,2.643241459777937,1.172996773467663,0.4067207089223485
2022-11-03,0.2687965613750197,2.174883030735579,0.8110212941205043,1.2371106039400588,0.0369143054935003,0.3308862539253212
2022-11-04,0.1555900230113414,1.2523530710883255,0.4767596273948298,0.885671757720857,0.043048223232654,2.2470404418030934
2022-11-07,0.8039264492459428,0.2666274172080485,1.7635153649606647,0.3571746998996203,0.1692365432217645,2.226888619155334
2022-11-08,0.7386705677091341,0.0534092296696628,0.1029820535909223,0.1437862115906555,0.5552556970627709,0.660250553708076
2022-11-09,0.2826873135517457,0.3352314075010275,0.7568586664989269,0.6233229863758116,0.6242629858048371,0.4005617279129104
2022-11-10,1.471105138669747,0.2451751727582629,1.1944514403291555,0.2423197095111542,0.1986606839677557,3.9687953656066153
2022-11-11,1.7412045841216048,1.265972185347347,1.9142537738674024,1.7230781768456394,1.109174434118394,0.7666579772165383
2022-11-14,0.9896735870884013,0.2871529587865499,1.0756673095193852,1.0007579154934148,0.8532061432221546,1.4233426087800674
2022-11-15,0.2292143846535252,0.9236487712711988,1.0048884399812168,0.4430791540130682,0.3689178904687367,3.1455311712566045
2022-11-16,0.3005893451357754,0.1490233981408887,0.4191721886644636,0.2785349847416828,0.5785785926351926,3.3429897532011745
2022-11-17,0.43532675955042,0.0648750012116563,0.1820967264051367,0.6065183569670614,0.3109825224630518,2.757266128179439
2022-11-21,0.2588735355200544,0.0938801562151703,0.0078082417861746,1.0837420853836774,0.2418222568340473,0.8922755075715586
2022-11-22,0.4634542441452325,0.4617069290465654,0.4115940364352584,0.274645149115901,0.2182945814945018,0.8919061409863668
2022-11-23,0.3341946918046415,0.1532147116354563,1.2468493926688389,0.1095861037026384,0.5599288898232825,0.6448508215968447
2022-11-24,0.3734389260227834,3.964693980520394,0.3096422263419425,0.0955652123712396,0.0344644195474809,0.1805979231004184
2022-11-25,0.3872352782489883,1.026636170833196,1.163559743921413,0.2564041054874341,0.2538663764170675,2.475154624383381
2022-11-29,0.5841526141397612,0.6465403405927341,2.59715050382208,0.9756402145554172,0.218785741878489,6.060887825721549
2022-12-01,0.124484511569177,0.9803141345606342,0.6909445438687273,0.4983919146404793,1.4696980888324314,0.3983683789336898
2022-12-02,0.0165815644682591,0.6531438205085216,3.6974077368052463,1.0253678061466838,0.4139696942506766,4.133292276138943
2022-12-06,1.8267820701595987,0.6941297723713862,2.8067713427349323,0.2079326552403782,0.5289228872917914,2.942853415528676
2022-12-07,1.0767537294201244,0.3178600675825067,2.261080059270508,0.8311537123749383,0.6567839541330688,0.7340764453086848
2022-12-09,1.531503018239068,0.7003895190854125,0.8387502135634498,0.6341757620919476,0.0523801674623374,1.0311487894696836
2022-12-13,1.4077082537929413,0.4797567953061379,0.0343364200904452,0.7767136702318844,0.1711293146221587,0.415385066082723
2022-12-14,0.1258720950748724,0.8837691926420798,0.4953988685434434,0.2226017989444288,0.4571553815426149,0.2840965168950333
2022-12-15,0.7361786205971785,1.087360393060961,0.7323731252854229,0.1471255731876714,0.8040241980717958,0.4644434325143632
2022-12-16,0.8896073598400533,0.7747026024764507,1.0763051355155275,1.0112800200368626,0.0784134536277583,0.2694754453555723
2022-12-19,0.4781481921040427,0.0981227931870494,1.273837149443266,0.4863493376868246,0.0500467143270011,1.346821705086648
2022-12-20,0.1680294508443289,0.6636341867927912,0.6813073067198644,0.0811029687611761,0.8539640695487358,1.4814510847974205
2022-12-21,0.7704394404814876,0.3256050052074423,0.9658765932460532,0.0682001922884489,0.3422125304431354,0.4162571325942675
2022-12-22,0.055243924725505,0.3957783807267941,0.8572544822433904,0.4088470401058086,0.4171630491236914,0.3654197816895378
2022-12-23,0.3487577007324952,0.4301748757921892,0.5474970090639634,0.3624842732314882,0.0544183685269706,0.2222277524366956
2022-12-27,1.7831524808583572,0.0006704954162314,0.3642647893099992,0.2660892258497939,1.570854894849047,1.5576315830283318
2022-12-28,1.052851620197725,0.3668640962947465,0.0249803027633953,0.0180638693919619,0.2504222651556307,1.0979058224624818
2022-12-29,0.1394123149719118,0.7753085582904022,0.0022828468856539,0.5441821036703257,0.8414742778421972,0.6291534123978495
2023-01-03,0.4172092507638414,1.189648216616217,0.2983431708975071,0.1059251892890607,1.0640289326843262,3.371658607545267
2023-01-04,1.1023182966345464,0.3016738155110387,1.9917248594800303,0.1029579018303182,0.3412649709404723,0.2344218272425591
2023-01-05,2.367334243932114,0.771404037255364,0.6354712486484959,1.5363433129202235,0.562764755838587,0.9009798505046536
2023-01-06,0.4605851066510052,0.025663173260709,1.3904129821302729,0.485280893246879,0.5992132359294753,0.415706301797228
2023-01-09,0.0554412673796283,0.8655147871866439,1.817082356109092,0.8796239149646952,1.0258700638445517,0.2631018068422908
2023-01-10,0.9881723941979575,0.5566507416597811,0.4953205062346619,1.3019743956450531,0.0171492380377305,0.0816109669696365
2023-01-11,0.5761511551544223,0.1843249922738387,0.7032554295558584,0.2632246695104501,0.3351952185791875,0.2285325136094723
2023-01-12,0.6883578618725169,0.0530845698364602,1.834078390856781,0.1140790774223662,0.1007916127354903,0.0596548558277754
2023-01-13,0.1792677919233144,0.4269883707598578,1.712187727368113,0.7915869071904443,0.3395470894845691,0.3571837338677847
2023-01-16,0.6935878058265493,0.098372194140848,1.342305030151863,0.3086322074956951,0.1859451739854713,0.6121748436054156
2023-01-17,1.178465898197658,0.3889121399902892,0.4472413534596284,0.0941510141762067,0.2269792864536923,2.0056635975378816
2023-01-18,0.0229615972986201,0.2591093497751659,1.1456698790565811,0.2751891059388639,0.2613949807844753,0.913766265068557
2023-01-19,0.7967407863077905,0.04813088952672,0.4640878594930486,0.4072703479435118,0.1802081825060536,0.8883468199194876
2023-01-27,1.152784469006368,0.0888564053909202,0.1395705312949225,3.539293861369402,0.4261371628654283,0.8107253709959392
2023-01-30,0.3848543150118974,0.1227896462740091,1.1579561262023863,0.4701351405763747,0.0047629827956386,1.3092223207845244
2023-01-31,0.4833671682312839,0.9306952579256712,2.5824941648660107,0.3742647344247903,0.5822230296544664,0.7778695349085447
2023-02-02,0.7462569657291337,0.2890499614466085,2.8005862756497004,0.0591436122567808,0.6630830959648772,3.0695447546164587
2023-02-03,0.3066179859708057,0.0449571268303296,0.5878596323800508,0.6108554602109743,0.342933132118778,0.0408401947441957
2023-02-07,0.3404176317348922,0.949833787842801,2.101219055092402,0.1019921688481612,0.4672223156763943,1.0555443572479823
2023-02-08,0.0695220859852764,0.3820674162438245,0.6059027945549056,0.2269028331705503,0.6058233686086074,0.5968044803848023
2023-02-09,0.6180156582028222,0.4162986277897006,1.1665219684370156,0.8607059377498479,0.0700654838248779,0.7667679462978293
2023-02-10,0.2473003258672874,0.6770473386706707,0.4956430067187401,0.036009832032251,0.2759723667281859,0.8238499315781725
2023-02-13,0.2875235735708462,0.0393305306572131,0.5547012584709772,1.0766862813181417,0.0192264429737025,1.1052994851038405
2023-02-14,0.6027305989194363,0.5947641987387745,0.6971385484991379,0.1956977274987928,0.7312440338543389,0.4859926774007952
2023-02-15,0.3942863022107747,0.2839667893810887,0.453227270712374,1.1329040524549767,0.3254397416465432,0.9162242316067856
2023-02-16,0.2733346693346745,0.2644238924134186,0.0906245479240111,0.922630368499014,0.6594748276344987,0.957999057046206
2023-02-17,0.0007222583233486,0.497102515413418,0.5427056525529446,0.5163014200136209,0.4000050621790624,0.0963354815720033
2023-02-20,0.0144603216320963,0.2331962914748641,0.5161520101457417,0.5912255313275706,0.3638107747385051,2.551862610050503
2023-02-21,0.309585132779185,0.0373234563865131,0.8392741432710898,0.0571343413184234,0.657790176539265,0.4112651721900918
2023-02-22,0.9272197470185252,0.6814169090737096,1.5071181440602417,0.2064529697917561,0.5498644881717235,2.616565766253652
2023-02-23,0.4320530827375111,0.4346848891200801,0.19917748499406,1.0696299396931952,0.4233167974808304,0.0588252054497443
2023-02-24,0.2500298099600083,0.0583283699274441,0.0,0.5306108993768529,1.1227872320253889,1.3472270725769169
2023-02-27,0.0262456434896001,0.089279874510371,1.3031196298535608,0.582384718509133,0.4090338265778518,1.77701795158365
2023-02-28,0.1684636517014807,0.0900479919616533,0.655842374231527,0.0186981179680723,0.3077209601276716,0.3353001533302572
2023-03-01,0.0247990058268067,0.2747559998494443,0.7738154605639685,0.2316705747717192,0.1461908918216924,1.536905079190489
2023-03-02,0.1821440319071271,0.3641162693758736,0.2316070390434246,0.6218891546757237,0.4541194724651352,0.28294279183384
2023-03-03,0.6404622055481664,0.1333733236924687,0.495864359563629,0.0890650584100361,0.3578183006361082,1.2451794431732963
2023-03-07,0.6903865089455614,0.3516218025624565,0.7447365937698205,0.409122284219019,0.7211565257599962,1.267343311340832
2023-03-08,0.1419510522455135,0.2752871930411804,0.0949586743484249,0.5688996173068972,0.3658210829963784,1.0867276405691888
2023-03-09,0.3450875540532766,0.3532833668789602,1.5347805895292546,0.3834622934217594,0.1004081591323113,0.6431928991934556
2023-03-10,0.5085586814293155,1.1413442609361537,0.2938090833241711,1.160226610941972,0.9066979141950412,0.2797602526407907
2023-03-13,0.3195532522822369,0.788120016218742,0.6917729096093664,1.428272848739975,1.6755780683020596,0.0189951562922795
2023-03-14,2.16172852321111,1.9889421243432623,2.336212043100625,0.0836814782011357,3.17628041012695,1.2107576247483298
2023-03-15,0.206131318466526,0.7220162914687492,1.1317888167986097,1.3699145770717716,2.66195381978146,2.098710919751753
2023-03-16,0.946040361071739,0.8821338316622641,0.950825167529312,0.5492624308004246,0.6635368377266595,1.4021911675699594
2023-03-17,1.6990606207410168,1.436174206947498,1.006795599934092,0.8752470340492036,0.5785194906677374,0.2160055127961956
2023-03-20,0.9893682727707274,0.705158827870294,0.2894603254964414,1.3765753972547523,0.5270789079385014,2.1313613832531133
2023-03-21,1.1894308051518334,0.337563172388009,1.2283530343226872,1.0824179144661088,1.3873614853862617,0.9078013041829956
2023-03-24,1.0501624175989273,0.4882039206667498,1.087657982837141,1.2122449468091787,0.9258370244659844,1.3813091760442455
2023-03-27,0.7916314901389853,0.2217199111027518,0.1082068556047987,0.8180915708144623,0.0954420517650467,0.5202389963513292
2023-03-28,0.7631490411722344,0.8903387760035969,0.1230490628908558,0.5084261207977604,0.8461834420945273,0.1936825920913069
2023-03-29,1.1633849156573053,0.7959221217953023,0.4204337460142667,0.2147872565916163,0.2244018863611447,0.1933081876658916
2023-03-30,0.4467181874958668,0.2994778842593429,0.2075938613037729,0.164427572153785,0.3171688377634796,0.2939830170457186
2023-03-31,0.0539775959104225,0.1418951885938532,2.2074097220001048,0.0527915798115283,0.2333113459905518,0.4896247211403106
2023-04-03,0.3212623612921949,0.7563148469709794,0.4652475820603088,0.6782975142923446,0.5483695964619233,1.3657438300449658
2023-04-04,0.0878955081648896,0.2640608797295469,0.8914081543305131,0.9113875824811888,0.395687132435815,0.0769327062178524
2023-04-05,0.1978109973769387,0.004192596617876,0.2541518018286992,0.2337862728571056,1.4482869337559912,0.2232195470489498
2023-04-11,0.1226740192311212,0.4425132632701648,0.136949237764083,0.635969874905408,1.6394360595025297,1.0603172370345693
2023-04-12,0.1814819829297623,0.0801234902185634,0.1576943977712984,0.3557126933663839,0.2777588642175493,0.0009350557059487
2023-04-17,0.167545727738777,0.0111536066570315,0.5579988829589494,1.0034296286974431,0.4847987024688577,1.4732329414614842
2023-04-18,0.5029640846276406,0.1771754021821848,0.6306702347210777,0.2926601716499104,0.4107410039563093,0.1147555879597569
2023-04-26,1.2866495444241253,1.272406812374343,1.1614163491629643,0.4739985448676796,3.1808421703497585,1.3570075878154697
2023-04-27,0.5099756551684359,0.2683367611332398,0.6619988340690108,0.361313997465182,0.8272714787240146,0.1124767594533096
2023-04-28,0.4294186868143618,0.1482073423191653,0.6268572843369862,0.3516203283529767,0.1378917903327905,0.908683691154691
2023-05-08,2.134991730050454,1.2485758479904816,0.3680659596616848,0.3936819784569917,2.1434686484538967,0.4109282093286432
2023-05-09,0.1527589718785988,0.0774488575401689,0.3307731956657772,0.4525724925675293,0.1541480010977577,0.0313210361281217
2023-05-10,0.4697635971334724,0.4862988777157515,0.5418195537141415,0.0203512009623845,0.3126792797727664,0.4251839949467112
2023-05-11,0.8249965045024833,0.035077133656967,0.2530382957314874,0.3937058554486095,0.1377151422978922,0.1077820637768497
2023-05-12,0.7156280382005002,0.1587030063890899,1.4684573972885928,0.6523686851327466,0.3867395201838765,0.9209017915840176
2023-05-15,0.05927269845711,0.3908090945430776,0.8396162811959476,0.1921116114951755,1.2872693782880604,0.1116003510729578
2023-05-16,0.5254788052425489,0.4315589525232193,1.0029027052312711,0.0211528083838037,0.0999629500901947,0.0187650707524797
2023-05-17,0.2016570435706746,0.0589896802314268,0.6988825605103858,1.2586485994302246,1.1167155493621177,0.5144978076297402
2023-05-19,0.5604351226226871,0.2944446502810613,0.4427179375450109,0.9017645933977686,0.5168498499328472,0.6232658330553137
2023-05-22,0.4331427027360343,0.6700572863174453,0.6581653632723474,0.2650585855081011,0.9428034845834388,0.3340025839652717
2023-05-23,0.1045141395527291,0.5271063547525734,0.2611845108973529,0.2174461962617141,0.3655245229414773,0.4483997608915694
2023-05-24,0.1352883590668457,0.136117357293033,0.1874523353566198,0.1203340530666526,0.1087498411563487,0.381643974346753
2023-05-25,0.6181898277723518,0.5078076920191645,0.8459258049276527,0.2021196902765325,0.0709629351576937,0.2671157803854904
2023-05-26,0.2573324106738556,0.035644779270116,0.4586571128704498,0.0102906460630003,0.298740584079013,0.0817519391140361
2023-05-29,0.0882537507686782,0.1388985780861832,0.9595171098908616,0.3801554925671939,0.6595487229851169,1.0492255189081412
2023-05-30,0.6709860454703076,0.5724838808440664,1.2590414186721766,0.2400181661135209,0.4005436205616193,0.2851796845029464
2023-05-31,0.0476517923717045,0.7033027168208307,0.5129358675321258,0.9063528119705516,0.0827819227504153,0.2675064988652462
2023-06-06,0.2163927759009244,0.2851653648466402,0.0396736127070645,0.9863208535167424,0.3265756816445331,3.0357543974747228
2023-06-07,0.0125697032254926,0.3273220886941406,1.2997104621446525,0.3306295465755294,0.3050494322746983,0.1109182429924838
2023-06-08,0.7011152832129355,0.2912887886212659,0.3867559138875633,0.2208552352195861,1.7001705734033614,0.7436054636636822
2023-06-09,0.4145681665606877,0.1046956108302633,0.4937723108937894,0.0112923436191614,0.2818983806158949,0.5622850226589979
2023-06-12,0.4226047178421628,0.7738470722543749,0.0,0.2851338473822742,0.23820563834337,0.7636474339093985
2023-06-13,0.049978275856953,0.4451896264929537,0.0016883329179828,0.2089170717988679,0.7058899330203882,0.5753920309973832
2023-06-14,0.2876185035092338,0.3477954607440202,1.1312677327879284,0.897073881380462,0.0800371402531272,0.4500248679337444
2023-06-15,0.2099096860605441,0.2667051393195664,0.4243332450727877,0.7649083374238557,0.2205975829475895,0.0402794504168225
2023-06-16,0.2273734695271956,0.4966913167310697,0.7235311587851618,0.5283803876176275,0.1077959569331008,0.1567967205779382
2023-06-19,0.1865993908571014,0.0922231326769787,0.8951589004086713,0.5802055150476788,0.1585189646666201,0.8844434449153991
2023-06-20,0.3836812370478922,0.0720549400813347,0.022325988826855,0.6481572114799408,1.2493305555677217,0.5701105143633782
2023-06-21,0.6311428444920792,0.3681097045395925,0.383589854241713,0.1064553250202613,1.0112136590909515,0.6044373566412923
2023-06-22,0.7542409185590246,0.0875208279023696,0.3008751819397572,0.0381620645535918,0.8451465179538936,0.6096927646741997
2023-06-23,0.188509322077379,0.2714019111158157,0.1775268990294336,0.9613323066454912,0.2514265123311385,0.3619142808190399
2023-06-26,0.3748396942709524,0.0726424553591657,2.0058526965142347,0.0601812195911463,1.3508165352842,0.2343671614605443
2023-06-27,0.0418572427933791,0.2261754213777709,0.3107608736585288,0.4900742391111955,0.487273837601352,0.2029687066128565
2023-07-03,0.521566732855723,0.6576553387981596,0.0823893450695353,0.0545813219641012,1.9257257405014525,0.7814786898088643
2023-07-04,0.2236716247231031,0.2438710716037027,0.0961438706007919,0.1038885007381424,0.5605357035585141,0.5758598416341376
2023-07-05,0.5555404460232404,0.1861684777991286,0.0319352182573838,0.5756693077011775,0.4259054088820115,0.2311813331637521
2023-07-06,0.5692079338212158,0.2846029823794901,0.5872258196307749,1.1032624621072198,1.227625213495132,0.7430900596913448
2023-07-07,0.6066918893719739,0.5992091543309412,1.481826463859336,0.3484943226410281,0.0033578887826151,1.0466952720223817
2023-07-10,0.2168300494623442,0.3904779747993641,0.0108228421777072,0.3132591690957974,0.4271282406323852,0.9575559919572132
2023-07-11,0.9740752310541566,0.6055049485202115,0.2961246228806555,0.4599929282552172,0.0046726649394929,0.2390484407141532
2023-07-12,0.1658956071023675,0.4732075716333459,1.0603653464675158,0.3634538067202731,0.3895420967224562,0.2107573732076286
2023-07-13,0.0294293462613516,0.1309870028580496,1.7116128730887463,1.9676850531678556,0.1929548662983722,0.9674073774468416
2023-07-14,0.8678390882256394,1.1295118983760846,0.7013407806386113,0.3135436829651745,1.587051903860654,0.2553754462251395
2023-07-17,0.0353466495490417,0.4250954959848266,1.1237641480897995,0.1783791178783566,0.7122497679836445,0.4040098938509405
2023-07-18,0.5393892274056722,0.218569272756003,0.3357908414830436,0.0052213848429769,0.4262330193080987,0.0817988985717793
2023-07-20,0.4963478392325264,0.2605180742217432,1.2889885226597464,0.6163592133684987,0.9239448707203176,0.109080073877621
2023-07-21,0.2417288071471946,0.4843675877385983,0.5136864374268731,0.1196507848454933,0.5291034361386895,1.1099401271712506
2023-07-24,0.2698691252239689,0.7871143923784913,0.2456555478077361,0.402240231798865,0.3563603112146792,0.4056186187508077
2023-07-25,0.2651054554453418,0.8457280750507575,0.4492793426542151,0.6417075172732243,0.1632721901719862,0.4340873816504113
2023-07-26,0.4409049937684636,0.8662322474674179,0.2701605193670808,0.5704675434487786,0.1121038895990475,0.4122271915603006
2023-07-27,0.7456291573644169,0.1365240323447981,0.0181171884286148,0.9773671456207664,1.2178055492578392,0.2927234104624951
2023-07-31,0.5018197636633027,0.5606936717694381,1.3030128632433338,1.0895020642317317,0.8253468552578296,2.11310094095842
2023-08-02,1.1149085933211285,1.0241167846675887,1.6549899480346002,1.4617355633799072,0.3721444403407454,0.2021831550716497
2023-08-03,0.6335903031314596,0.1877823158929721,1.43156652119784,0.6323661967342625,1.3815105141069095,0.7798080135473551
2023-08-04,0.6579271526041933,0.2327618367762524,1.9331856550636937,0.3538320847608277,0.0947844753707989,1.233534864025739
2023-08-07,0.4880118355724084,0.0415145976724182,0.8788020559140545,0.5295236912293525,0.1338602176220798,1.2515361542979622
2023-08-08,0.2552236060375991,0.3583215229347582,0.5363273116426471,0.1183612154054154,0.922346700681654,0.0652265841578195
2023-08-10,0.3555116759718844,0.5450353235737928,0.360763764127822,0.2754342023382298,0.9810582409054924,1.7557417764996222
2023-08-11,0.1930825973109295,0.121396780982587,0.6806414315023565,0.8659263204151257,0.1140596532416157,0.9458571344241148
2023-08-15,0.509198148926347,0.2138858889114019,1.0987551624253624,1.885756824536721,0.9444162516081028,0.1492138169854663
2023-08-16,0.2108189640182747,0.2209448516869887,1.1639812493196529,0.5944467022057579,0.0769612055240938,0.743551871399729
2023-08-18,0.5904762420605705,1.1974327906277291,1.8869288845701204,1.2415058671595542,0.0289641207274585,5.3927365785892
2023-08-22,0.8208030844322975,0.37548538989355,1.2458291138302084,0.4436531024794584,1.728095205948161,0.2120010291664427
2023-08-23,0.0716868218625968,0.789870333903845,0.5287326872386461,0.4515294627036356,0.2203854815975689,0.6740213783773467
2023-08-24,0.3186223873479685,0.3161462812089338,0.744032103371091,0.2058267312432236,0.540818354838962,1.425117791763329
2023-08-25,0.0572564857654717,0.0124640870730904,1.0576505015112607,0.2875684749432766,0.1789779831373459,0.5074270399887418
2023-08-29,0.9007617180491712,0.6864595198109025,1.0451246168562496,1.035729220955732,0.5503420651671893,1.7640125728788616
2023-08-30,0.1266947874336941,0.1720353647760273,1.1228298597644075,0.0890882900629534,0.4997648342954553,0.7222099649186399
2023-09-05,0.3589571586940453,0.1988472223568106,1.1228298597644142,0.2050584279025598,1.844173353313304,1.7826249984198173
2023-09-06,0.0606980291776735,0.3971974667185244,0.2677527307690096,0.1224921998149232,0.0594220812256189,0.8482280103271039
2023-09-07,0.5898622756218883,0.0376656780187434,0.9436086210528322,0.1150545860128799,0.1019609429775382,0.1896618801788815
2023-09-08,0.4326982530064746,0.3512840778019502,0.6427571024963846,0.585612245400255,0.2059668512515147,0.1336220626890424
2023-09-11,0.5560613502951661,0.006191628902932,0.173405683098118,0.3277307660840693,0.4034902267737633,1.4482365481084232
2023-09-12,0.4234454200081176,0.1134649663643355,0.0568044941751836,0.1187695698638552,0.2954900790754426,1.7667030325059268
2023-09-13,0.0217288566266078,0.0103218454812217,1.3089698180584055,0.1389616204541508,0.6615129379407534,0.5676732250071096
2023-09-14,0.3433938083808892,0.2728158306004578,0.9584429883653216,0.9455233789580362,0.6382177400863162,1.1843205602589004
2023-09-15,0.3365058280768872,0.6498022451719235,1.3305715556697386,0.9549529516411596,0.2014781407783903,0.2896577946115217
2023-09-18,0.6711488739725086,0.0713083283355593,0.0288961324756785,0.5287248801632729,0.94215468372159,1.2750411547317095
2023-09-19,0.635766863114187,0.0226334473159153,1.258580711298972,0.6961714966078242,0.302241840015893,0.0255848407088653
2023-09-20,0.4482618595982341,0.4193553138550542,0.1146525049586276,0.0385638815469192,0.9937813385947968,1.1987294890104705
2023-09-21,0.2887257573468487,0.2310596443276246,0.884498638726652,1.2161855539519566,0.4208906655175772,1.09642937778869
2023-09-22,0.3623341520548583,0.1393866976123712,0.7857867296604932,0.0627380105196462,0.5485932471340623,1.6369209000764484
2023-09-25,0.2634761762100269,0.4686103414508809,0.4879955732214789,0.3295788496144923,1.0053043106621198,3.397236660378674
2023-09-26,1.0714092846056849,0.1453858100495269,1.4650372307178063,0.0102584721230943,0.8889280025448704,1.3303501080610791
2023-09-27,0.2024051600996426,0.3770416373935248,1.7524550536676842,0.4688957737152012,0.2092830550763299,1.3866991266951687
2023-09-29,0.0297450132588806,1.1130270643989004,0.8418492758517668,0.5416466834826765,1.7328563569458264,0.0259965339419095
2023-10-02,0.3102851186100619,0.3805961179480838,0.2647039974616867,0.2660893397305368,0.1339793775575001,0.0952628460368422
2023-10-03,0.2959470592270582,0.0880663154949552,0.0231623949372125,0.5158414064392502,1.519517438174807,3.268595459705343
2023-10-04,0.7855571620365009,0.294095032306866,0.1236103198830078,1.41838494665819,0.27254686311526,0.9409132204558596
2023-10-05,0.1707675215344291,0.0169518153247845,1.9172184903611464,0.2446718340356065,0.0895412144862103,1.3181555013593431
2023-10-06,0.1989618047897308,0.0903822369682332,1.3080504665088168,0.6095231897851864,0.975455514332664,1.3066368566480615
2023-10-09,0.0426272494498872,0.0268162393618933,0.1245200026241822,0.2485415947332197,0.4689612800640357,0.7785025416674409
2023-10-10,0.444965324734273,1.2557902708142543,0.1903076498557764,1.0230125820220075,0.190496821104997,0.555008986987287
2023-10-11,0.1380826290895809,0.0919291536121169,0.1615248669773041,0.1939928389900015,1.4904608469924945,0.620616504955283
2023-10-12,0.0490080458285703,0.5089710510226714,0.1454036063751808,0.8054190730579737,0.3605410823253636,0.0694921024134817
2023-10-16,0.5618934961446578,0.3371738469285105,1.030831575738559,1.7172177045499677,1.6429254035895389,0.8887861980924907
2023-10-17,0.6262456529502706,0.358646420912378,1.315268959679001,0.2506483790502965,0.4397851557271056,1.7472285830763572
2023-10-18,0.1688762604710736,0.1667457510858668,0.2012864142476334,1.116290863025558,0.3099663724698729,1.6404493620983964
2023-10-19,1.183069366756667,0.26858695257846,0.7865528099498644,1.187272197625451,1.0353469544424314,1.419305057411908
2023-10-20,0.0400305503898885,0.1123553245109726,1.2337947063035155,0.7418777674927084,1.6787630144004533,1.8380392488748791
2023-10-24,0.6210620218229929,0.3747376906855205,1.6939238632591818,0.2334181699381124,0.5963324658378797,0.1924180671645914
2023-10-25,0.4050393631034706,0.4766933221515327,0.2444108384196169,0.1655082302942538,0.7641249864094529,0.3841349919163708
2023-10-26,1.7694750762088176,0.1324982029007813,0.596536097709442,0.2429224375516837,2.198491769819489,4.285091691007114
2023-10-27,0.6572116062013726,0.0902028736356822,0.9432078958678816,0.3084859419459206,1.2328707185833316,0.488642652376712
2023-10-31,0.0974321644248825,0.0166426423821105,0.1975499627776897,0.1921790627569748,0.4620864492971885,3.1053667936030496
2023-11-03,0.5411577346326838,0.538718476275621,0.2589681274413581,2.444656729959908,2.707917427592738,4.617513132689377
2023-11-06,1.3167867603843035,1.0114674677045052,0.2887635642825253,1.1660160515281723,0.1797727534118927,1.189061479175239
2023-11-07,0.5107765043046044,0.088799940998752,2.0552858696947967,0.2115081382288206,0.6306784694871138,0.8636197366323449
2023-11-08,0.5815430288004615,0.3950760941905445,0.3859566286777953,1.398924307974996,0.2460912225736078,3.021581728861407
2023-11-09,0.5003104620600206,0.3663367796097105,0.5377920674378966,0.17877297232948,0.4828320727017631,0.0413052463534908
2023-11-10,0.424543372283174,0.4893944531836531,0.4263948623663135,0.917665418230411,1.1021621279930485,1.1022105925417038
2023-11-14,0.7723067110437472,0.451512171457296,0.8312801033521968,0.0650429586298682,0.2543519549396673,0.7280455055830133
2023-11-15,1.3914564836229866,1.0361363629086002,0.9811176582709324,0.880594871020758,2.079890771165363,1.1441598141708758
2023-11-16,0.0028350475314411,0.1473578543436029,0.3292203873107271,0.0296857586566038,0.0120064493407812,0.2695695195224218
2023-11-17,0.2821559514128564,0.2741560595083535,0.329106919800974,0.2678333962500313,0.0310875894250831,2.186262258695641
2023-11-20,0.246486374783877,0.2570616126360662,0.4559760756456212,0.419799173338706,0.258174969145337,0.2240516165059186
2023-11-21,0.4742992000118194,0.4437863625994316,0.406702626075359,0.4909863671688109,0.2933502430953317,0.614241448512096
2023-11-22,0.7908027308751594,0.5145104619460488,0.7117677483605785,0.5982647441160098,0.6667227635676184,0.302120466465487
2023-11-23,1.4001958537632355,0.1787428918222644,0.1116852353807468,0.1018175746786831,0.5346117354795876,2.3004133861634792
2023-11-24,0.0754478484182944,0.0433408577079968,0.3723296538086926,0.5458735051527511,0.6547670011511897,0.6519871088157042
2023-11-28,0.4475567212806438,0.4066267679218909,0.6370893922852484,0.9372342172095248,0.2851165870334033,0.0164305535640377
2023-11-29,0.0708428159969084,0.1347624683644472,0.7066544282099908,0.6100200391738867,0.9845587676571688,0.6705419919247732
2023-11-30,0.6326413471161135,0.4601926902923772,0.6631553954992515,0.3803366250943392,0.5426487614696465,0.7892873245719569
2023-12-01,0.2946889818723937,0.2502486356121934,0.3440592033102193,0.5620402646524917,0.0094189710971334,0.7312363832421603
2023-12-04,0.4761279632885563,0.3687137221545231,0.6255622634631591,0.2018007429081766,0.2337306167174175,1.649419887757572
2023-12-06,0.0875125965383094,0.3590173353725555,0.3412172454971136,0.1024063685086554,0.4334528619612916,0.5287249957919823
2023-12-07,0.6641561095868836,0.2056290147334185,1.1336096405163845,0.4213259651053452,0.7817217438268397,0.4395181280843726
2023-12-12,0.1306586943867813,0.2955063673207775,0.9199295422087228,0.908278910612908,0.3494771493840571,0.545992677419208
2023-12-13,0.7037216185712223,0.0635573830408015,0.584150873118999,0.0628350671806072,1.167708391967314,1.1981426478472483
2023-12-14,1.4128755343128303,0.5660567099556622,2.4434668334884115,0.6002687445427337,1.5324129575290886,0.36595330208922
2023-12-15,0.2084176381475603,0.4241566150319621,1.054558351877773,0.2064263168088662,0.87294554048424,0.7078219596553119
2023-12-18,0.998755057736621,0.1933292363270781,0.0453906914811234,0.1053022952838225,0.1709503819918464,0.949792481266994
2023-12-19,0.9550574725791148,0.0266135308342605,0.7043320559948624,0.1088352689148392,0.106874081066109,0.4039892523894466
2023-12-20,0.4417258150912556,0.0757609720610304,0.007974524356605,0.2760024464526892,0.3913738312952443,0.4059976629070199
2023-12-21,0.1392702742755419,0.6150479636300255,0.7932312405692714,0.1437167396169818,0.3186909036114056,0.1515983932238097
2023-12-22,0.3862347915939455,0.0824720103366578,0.4898923630137021,0.8898465533088847,0.0177940380537301,0.0571301631052635
2023-12-27,0.1159527910760582,0.011004206916886,0.5893381022827956,0.9646582544373012,0.3793327170069431,1.7015758514096837
2023-12-28,0.796883228875068,0.2191256957556541,0.8675212382185207,1.3669374829380492,0.3835379695429377,0.6166387069041314
2024-01-03,0.3400867158200913,0.3397492728070259,0.3108006251034453,0.4664908520025949,0.9678631063483994,1.3409201842256873
2024-01-04,1.1021788991155803,1.0130623221119488,1.582156096768167,0.7980000403027477,0.3470398999348616,0.5708350104895462
2024-01-05,0.1243209584216653,0.6981768270101488,0.4099127405025242,0.3236724208541389,0.4632245311231032,0.3435415888510804
2024-01-08,0.9162706580228384,0.5423496601092386,0.3084848321717867,0.0853817054921295,0.668213324512309,0.4760535499575911
2024-01-09,1.1512602486903456,0.2090482392667226,0.1406106569220336,0.3426777263257332,0.24845938530137,0.13800362724652
2024-01-10,0.375585262168279,0.8018270530256141,1.1000823743349637,0.5644488488672722,0.0997036723281274,0.2542962325145443
2024-01-11,0.1015141703757993,0.259944074409172,1.0276829067957036,0.6722704492605966,0.374237032276465,0.058525839106444
2024-01-12,0.2928453372943117,0.2922203490912343,0.4443002692424689,0.303136304253821,0.3749451743646518,0.6491399277167327
2024-01-15,0.2369450422742057,0.9215558038053028,0.5594588817609925,0.2409571696695972,0.4616136011001925,0.0502421160766761
2024-01-16,0.2597140880269445,0.4834759754270415,0.6525325621717896,0.4520372723793549,0.3773973480786836,0.7767900826126639
2024-01-17,0.5836908149675325,0.17822201903724,0.9764290711878032,1.351959908093148,1.5145612620425235,0.0507385043026576
2024-01-18,0.7241414495359766,0.809992825152088,0.94226576087932,0.0776804052512985,0.1972008430097472,0.5601342494384376
2024-01-19,0.3530983026974595,0.4848986107637429,0.1126455799700805,0.3976442129164447,0.331828270265728,1.0584810552434751
2024-01-22,0.2836050139764794,0.3237517028603209,1.22153445476166,0.100609929009248,0.9148318671753592,0.1150417153049535
2024-01-23,0.1144607304870345,0.3293976845041905,0.5817305259343379,0.4414170219237771,0.98150069233589,0.4541687889439131
2024-01-24,0.3922355105374115,0.5326299977476147,0.8732693808583495,0.5750146366039892,1.8008034873915182,0.3854553011724987
2024-01-26,1.2633083137257544,0.1448358073399737,0.0917231842142781,0.1964229544061084,0.9485923847023484,0.2299203955843523
2024-01-29,0.2810488055607691,0.6029786721277777,0.8321835949815105,0.6101751811825749,0.5924748312575899,0.0017011431682565
2024-01-30,0.4883982350794613,0.1743654721738888,0.1308475702916388,0.3093623749954761,0.2284129717129674,0.3362575026348476
2024-01-31,0.2184018437117336,0.0152016518775541,0.3682450312984703,0.0942391667500863,0.62973659960303,1.3089147434965525
2024-02-02,0.4270072677970553,0.2376567789234354,0.9107666750907928,0.8451318036927404,1.4232894486435197,0.7052227476692174
2024-02-05,0.5564717254745707,0.3461118920278256,0.3121622323171485,1.4406187655351768,0.01083105504443,1.1456025162803956
2024-02-06,0.6755236762467124,0.1084551131043997,0.4010772748221928,0.2750847972651065,0.9371102425728808,0.2038290227033311
2024-02-07,0.1692566857329671,0.0085922681982925,1.100910981648601,0.9701061783041646,0.218811706629649,0.8420626125986523
2024-02-15,0.93723177386054,1.0041228399010889,0.760055313736684,0.6486856322002656,0.914873497321824,0.3306917129643257
2024-02-16,0.4408032870488049,0.337698691211325,0.1296935919080377,1.414388866988026,0.0721100131419107,0.5969671985886261
2024-02-19,0.5309213887884441,0.3294060883886676,1.0915993605815495,0.1231409320929636,0.0764303853738898,1.2543958917226572
2024-02-20,0.7631652678270973,1.0975471002799633,0.821057633334445,0.5610596085789598,0.452248277418919,0.4146594781509689
2024-02-21,0.048703172733515,0.2052736679591465,0.6209974126325384,0.8342175417372558,0.9038970080306914,0.0016259501646571
2024-02-22,0.1277825026103995,0.446113038688874,0.0839105149093943,0.1810493872760387,0.6337454682749506,0.2221906625541886
2024-02-23,0.608704755802544,0.2339557162105069,0.1456253379492263,1.1869964711613556,0.3092154585878489,1.2552894908090513
2024-02-27,0.1341295665052673,0.6235762792104743,0.7628975181136921,0.8700415429369378,0.3180746227805353,2.0789004058855425
2024-02-28,0.5928507152901186,0.8510633445032648,0.2307619645281173,0.5841632405055283,0.8394106637131724,1.3716050840652327
2024-02-29,0.1710564698591732,0.3777801776955699,0.9867500185207514,0.0929873745750633,0.8268236021702952,0.1451772693643521
2024-03-01,0.0574734509880743,0.8687606539485622,0.3623716311639325,0.1940257421844772,0.2373918623533698,0.4420539175699456
2024-03-04,0.4819946482859245,0.0812403155297513,0.4625410505113582,0.4330500167675369,0.3538509490826018,0.2484433886685065
2024-03-05,0.4033142491051165,0.148885135182342,0.6669509865633295,0.4851225183064766,0.2446834135551676,0.6771009399630745
2024-03-06,1.129727971805884,0.3565256210463397,0.3905971575821612,0.930286338510916,0.8271713557575135,0.5725108522239091
2024-03-07,0.6007062788980163,0.2816739711549676,0.60076815460193,0.0752757107614794,0.1174010732273551,0.4527522460195595
2024-03-08,0.1076637237046425,0.2620570785719588,1.5221417747249155,0.4238291277985549,1.0338751373762354,1.678226531985025
2024-03-13,0.5309679616549793,0.1124097645804627,0.3350632158827727,0.4321596211282551,0.1378623382894503,1.8397093730959424
2024-03-14,0.1630198919895896,0.3647125350645376,0.0351699237281083,0.8091881759866514,0.7497979826828775,0.4931423889433966
2024-03-15,1.4261892018546645,0.5864522929917513,2.1122929203463108,0.4226828393142628,0.6393484744299146,0.0379740831448941
2024-03-18,0.3500222224620729,0.052152998081451,0.4529270445366913,0.0324679962414592,0.0072221052820548,1.6128995941195845
2024-03-19,0.468563155518415,0.5602579541788419,0.0709380049927325,0.0510636619354307,0.251407486234866,0.0884948690507059
2024-03-20,0.0766050257626553,0.5953062699681465,0.1217033631109873,0.123757315713588,0.6735235558986478,1.4081925699860651
2024-03-21,0.0985051654061786,0.3652672060266119,1.5405553669313246,1.3407872518383606,1.0460788777577426,1.2884073357107255
2024-03-22,0.1606539366236975,0.0635566824191885,1.1737062505749705,0.0745579314790645,0.4753179055359328,0.4206055719539143
2024-03-25,0.3749064117627474,0.3149408921746054,0.4203860489645789,0.6193802859938081,0.6210265525753952,1.0934900263235674
2024-03-26,0.1640827256924121,0.0572182267047389,0.6555028813505918,1.0955676073203418,0.3447620106679988,1.1254711811158316
2024-03-27,0.7573379085136434,0.5096144850136581,0.0776696155469541,0.5668409729232147,0.2610514429136559,0.0686079627738112
2024-04-01,1.4472130757031767,0.8729618093140299,1.098886030260972,0.5186108728206668,0.0978133415894306,0.1224357852559224
2024-04-02,0.442082872974407,0.2567891353590062,0.2780424866684255,0.3958311589818039,0.0014512480645097,0.4298134751004542
2024-04-03,0.9739105774445552,0.7118331819948958,1.3977166845725026,0.7746124447991026,0.2736709085070251,1.2171296740507456
2024-04-04,1.214260965968164,1.0504088470231456,0.5369976842294535,0.3824943938816191,0.1309237806272266,0.2535713956925706
2024-04-05,0.4467689568628707,0.1293238872944273,1.2024455404423018,0.5191178290903078,0.1229285380141597,1.0414779319509138
2024-04-17,2.1646568235553403,0.9581169369912884,4.478334181403909,1.995062800923246,0.6300806233406587,5.074369283483165
2024-04-19,0.6122320852532906,0.4630789052656162,0.109206823849774,0.689289705603001,2.583302479518643,1.5339045437844383
2024-04-22,0.1906213415989105,0.7737020193710089,0.0167621853977872,1.5202524900390253,1.3007390757928508,1.299768411345806
2024-04-23,0.5215961304307917,0.1313616193454619,0.9685861883002664,1.4635796667995302,0.586628954297807,1.0829546373911196
2024-04-24,0.892111910967215,0.6281277568788576,1.0084560281545438,0.6217010228279323,0.2677900733246617,2.367704530880728
2024-04-25,0.2685206063314653,0.1420039836184301,0.0323994948156543,0.1635004469547298,0.2326322943764121,0.053099255369028
2024-04-26,1.6801980625211088,0.3759077903223368,0.8159940346014691,0.2329500731411717,0.3178963320497778,0.376891632266772
2024-05-02,1.149546122244907,0.325785721220284,0.2681644198809921,0.5105627777761358,0.2431016781885531,0.563920567081261
2024-05-03,0.2427609336971623,0.5861366511758029,0.467498471178139,0.1201842089703759,0.4880821229153576,0.3831972490678212
2024-05-07,0.1558710215001212,1.0071276476997817,0.0457948277263596,0.21568762514889,0.4697219113325326,2.235218541570505
2024-05-08,0.4899516995458928,0.0579395109935901,0.6115523012236681,1.081879110272151,0.2211179659691036,0.1464533351812735
2024-05-13,0.1475369195030278,0.1147232563620398,0.8282999059421873,1.1915107845215531,0.0604521105272909,0.8254953246429658
2024-05-14,0.2185436983106399,0.185114732661289,0.0622112278547193,0.2928873451810582,0.2960964502264838,0.249651825283182
2024-05-15,1.347056319176629,0.1651563847000205,0.7553771650368752,0.7248557950021949,0.4463045499362614,0.8896350018235512
2024-05-16,0.9269760568385776,0.490304121701642,1.0551581776557948,0.4722210933296885,0.5298124242380181,1.1406410205156363
2024-05-17,0.9687292707333746,0.3414173522127636,0.1435847273134109,0.256554609410754,0.359374605291705,0.3406917048512678
2024-05-20,0.693188761469067,0.6707548235700652,0.9636580172709904,0.0172030412012063,0.2882692920364654,0.3504937547101127
2024-05-21,1.1161165657312937,0.332967496508275,0.7377324855568795,0.1857503695453796,0.5724627027350696,0.0344460453083313
2024-05-27,0.1339212213681135,0.2357730669362187,0.9399362724662548,0.3184274291514586,0.3258779017968122,0.7434744756347091
2024-05-28,1.0700837953666111,0.1515154950418562,1.0749063442936695,0.350156531919144,0.2689594792323404,1.102226965827804
2024-05-29,1.5756629325806988,0.6500748379343686,1.3929045555098285,0.2071197600417204,0.9489363902847582,0.7117244855883859
2024-05-30,1.4969114932894456,0.0679188977593444,0.6205082783636536,0.0054142625278949,0.1251273409477395,0.4978426641842972
2024-05-31,0.9054942649474692,0.473609006911399,0.958239520648612,0.3967051641633073,0.4345275031897451,0.3639186940668181
2024-06-04,1.827708796325256,1.1656112049709668,0.7282703568878446,0.070402008600671,0.6217053287442698,1.7130434144873352
2024-06-05,2.1591539270347235,0.4261882485914639,0.8559612001138914,0.2678063876067048,0.0747484778751533,0.0646450193276448
2024-06-06,0.3911216329082278,0.3847011286359041,1.0584468843628416,0.0240225324738187,0.7432291832833029,0.0615286380693258
2024-06-07,1.10932623278668,0.1936531322607667,0.136620823718396,0.0012020890548712,0.325420200746884,0.3127020135593424
2024-06-10,0.3415128263719509,0.2159494597684602,0.9265347364982934,0.2612398061228661,1.068919078140967,0.2396975839786304
2024-06-11,0.956032428614752,0.1785573869341755,0.7548626596199135,0.3881637892870977,0.1874975993177031,0.4861994448070185
2024-06-13,0.3525466329206449,0.0819420018819523,0.3006001254306138,0.4618841141816012,0.3287783439436951,1.3225659925703823
2024-06-14,1.426076210293977,0.1771628449729195,0.1116265475165686,0.8148536241318951,0.3987241873504756,1.673536590566142
2024-06-19,0.1175640057922057,0.4695767277891448,0.2771889521949887,0.1954072354686934,0.2099398023257879,0.009376098768455
2024-06-20,1.3642647755127617,0.4448021228578721,0.3378245580276472,0.1211387186297093,0.4250331909606353,0.1959338511131304
2024-06-21,0.8855580672354137,0.145768332743955,2.9767771376753847,0.1822586422658012,0.6234899369252246,0.021838148211828
2024-06-24,0.1334434980845322,0.0446512103819735,1.833862528919609,0.2453075824907038,0.7868432089490032,2.200282758853932
2024-06-25,0.0938280477112974,0.2696049080787174,0.4230181401687633,0.3656440522516442,0.1828644702308107,0.1943697140364327
2024-06-26,0.3327158909864168,0.350716208668772,0.2229604570262031,0.1628098338570106,0.0007588070664633,0.3717535459389922
2024-06-27,0.8982460391310757,0.3784776640956144,1.2196641378781234,0.3490657966189442,0.7372799635576318,0.1706126198974155
2024-06-28,1.3630369390983097,0.3244082154275752,0.3332179516782829,0.3160521371923775,0.6512385206677748,1.099671281000122
2024-07-01,1.0708789308440536,0.5087368497926166,0.205143538776699,0.1729785896638845,0.1238302815120185,0.7392388497420311
2024-07-02,0.2030722354370017,0.0150174109822697,0.6240951622223339,0.8746783659710221,0.8323317858244629,1.2066618966782006
2024-07-03,1.0000545310840214,1.0805254914453255,1.42199128253379,1.4037450141994086,0.4738167590489934,0.5544574880404657
2024-07-04,0.3347883997398099,0.0884915133658825,0.886910856245523,0.7109727114907696,0.4885004293501505,0.2378029391026113
2024-07-05,0.4488376183227731,0.3550430453972441,0.22676874313004,0.8486736064813797,0.8381086436149382,0.2458125337894232
2024-07-09,0.2262414434224349,0.2108255373841829,0.9795181004398478,0.4469877988705152,0.6026100896710582,0.8281797602597328
2024-07-10,0.2368812972419808,0.2449865663373358,1.0318964120520604,0.9828642981167454,0.2542363096444502,0.602409125079032
2024-07-11,0.183242977087941,0.2924568016560994,1.830631874207017,0.43634240223048,0.4591617034885306,0.1665538532847689
2024-07-12,0.3715190921522215,0.2504449832065845,0.5881945480312795,0.6516727996678472,0.200648889635273,0.2378586058366096
2024-07-15,0.6670681731048907,0.6623776205599442,0.616906593258799,0.0603018824477159,0.3466848513459628,0.0726400794271207
2024-07-16,0.7525270036087837,0.2371159765146351,0.3336257386874909,0.34288309742301,0.4621069450663607,0.106208522283718
2024-07-17,0.0010408728462432,0.4651076416427432,0.3088048323487726,0.0475861281142931,0.1151050428133293,0.9820302934445382
2024-07-18,1.331764004946513,0.0165283501182442,0.2583465444316871,0.5289732321158986,0.3758655697537744,0.4545641109358068
2024-07-19,0.3636631387619808,0.1675650867481026,1.28448242068321,0.6822055277405892,0.5768587893099567,0.760867242927472
2024-07-23,0.265078876472669,0.4206687852716927,0.5695159740500492,0.3937016159253341,1.1914521673374887,2.641356157251827
2024-07-25,1.011131353942708,0.8937270658970786,1.234429587149195,0.8912333930690965,0.7681967674005066,0.1119675573365155
2024-07-26,0.6592627630851589,0.1425034959453346,0.8321723442197473,0.1160865508435514,1.202882406333906,0.7207238404949167
2024-07-30,0.637347300310108,0.0583017668488615,1.7949264537134844,0.4455311450516319,0.0672966727082166,0.2372175109346703
2024-07-31,0.1917340367346673,0.8420104267812913,0.1925073956967719,0.4108593109374455,0.9714996637982712,0.5167100742753986
2024-08-01,0.9631657823080748,0.0812319687527106,1.1228343602441069,1.0500680670877711,0.1429874286243335,1.9811256908887496
2024-08-02,0.2441122531815062,0.8160000133815422,1.331389075091778,1.1289194908491915,0.7337413635065354,0.782611278194394
2024-08-05,3.4590599295675046,4.739209744884757,2.616244841944521,4.159921641666344,2.9688133110816994,4.0035536378821375
2024-08-06,0.9805231908555598,2.4373831778022463,0.0231543293236271,1.4042208110009875,0.0517941978226553,1.852159603381973
2024-08-07,1.156334157715451,1.1041517755307717,1.572001275793669,1.590565714939188,1.2899107855716063,0.4616356666512275
2024-08-08,0.2361279386756533,0.0936438270568389,0.2155247481346156,0.3719581756508908,0.4406958627888748,0.6237129368952555
2024-08-13,2.219988939502714,1.196302557507061,1.532941304532638,0.099994171033155,0.1187367365378741,1.8124609418707005
2024-08-14,1.0735263148897918,0.1756716929459859,0.8164536110740228,0.8467765066544077,0.3937574723014745,0.0048765025733336
2024-08-15,0.3575230558909253,0.0365837392653717,0.1798764703805395,0.8921569784253935,0.220712002978559,0.5542167149301727
2024-08-16,0.3043997763205515,0.6772114167333845,2.281587356919012,1.1144823799551582,1.0151144968529566,2.31613195377392
2024-08-19,0.4663595993323244,1.5156390445738144,0.6187579873623741,0.0796060543365471,1.5519775439783796,0.7470647549960541
2024-08-20,0.8953413943359665,0.3603215650865738,0.7935150693600334,0.4386056640726642,0.3575331158699333,0.8626151975185544
2024-08-21,0.2731592528654573,0.4545382309037533,0.6376105004182087,0.1023106651574288,0.7284460738004314,0.8996383918118266
2024-08-22,0.8763709007830989,0.3869474845234746,0.8849758665333857,0.0053334095606192,0.238913178131059,0.0989547499158449
2024-08-27,1.4477390450509176,0.6454282274031566,0.1643328852123807,0.7350803515699692,1.7210852013035964,0.1732115564101092
2024-08-28,0.7995732007765365,1.3794204637397216,0.2210886899466345,0.2191603029431609,0.103289137452219,0.0686963336930161
2024-08-29,0.4091333224112708,1.303191136661534,0.9597485139425538,0.395554673830663,0.6103243182408701,0.0023410888405213
2024-08-30,0.5638393343432272,1.5154760163430254,0.0868836858661797,1.123356775811554,0.1222105318577805,0.1871097554476947
2024-09-04,0.0281952328884639,0.5111958731421711,0.2238070915629709,0.0450313508861624,0.4712728644046965,0.6305521210399527
2024-09-05,0.1061222587831525,0.3250345613125164,0.3749087542166643,0.5008685728108785,2.8011405353769483,0.5966975381401426
2024-09-06,0.5298138249051039,0.7052568686297827,0.4062344060615039,0.1212169304010803,1.6498004772843824,0.4523702038499299
2024-09-09,0.2477529437203869,0.0986503715857498,0.6919421356517921,1.2102020409048926,0.2441603867613402,0.4902259895335233
2024-09-10,0.7585257860992708,0.5350503997707935,0.0054389874604239,0.4605353311887513,0.2168452806839197,0.9909076862795132
2024-09-11,0.0055804134924715,1.245409585662111,0.5707323311246034,0.5252828840050237,0.8876626692223838,0.1562687182665757
2024-09-12,0.4781610774103199,0.0909054478438457,1.142354734058084,0.7156119988392112,0.4349632267851521,0.2454556105208613
2024-09-13,0.1790749472371207,0.8412226307047479,0.0259095445516402,0.1719263907669266,0.1974763989693679,0.3700075192523659
2024-09-17,0.2511898875244517,0.7315130292012632,2.1483783088664583,0.8599750958768424,0.8535531483238715,0.5767423760104793
2024-09-18,0.0337661399041788,0.2219674752424303,0.2715737934542184,0.0278325158422592,0.0577889393912189,0.4715027456549945
2024-09-19,0.9692821179804116,0.3042511972658582,0.644382511132343,1.1282230665558306,1.3194601176959069,0.5023333132224256
2024-09-20,2.075510870982661,0.1901305369537023,0.6940390713681911,0.2320197113845382,0.2167550823776173,0.0605510160795262
2024-09-23,0.4217753519974051,0.211144096420519,2.248697509708158,0.3794431109175255,0.2614106956555363,0.2802577685001977
2024-09-24,0.0354920214642422,0.3039839148590911,0.2014883509299441,0.4351870111191971,0.9759494076368403,0.6686412886801099
2024-09-25,0.4844188018739839,0.1800380159205081,0.940738847297619,1.0954846128999376,0.0355729456638514,0.8181073288340289
2024-09-26,0.0466795004877695,0.1231834774013484,1.2970666995925566,0.0290290717969024,0.4491473184182233,0.3109771134691155
2024-09-27,0.6165263433335729,0.6741904059605044,0.4089526464898529,0.2479146368336929,0.3359522909007362,0.0441448111846361
2024-09-30,2.2199733933146906,0.6757312892972398,2.1176280712813167,0.3333014588121054,0.0910712360559323,0.2311099731194007
2024-10-01,1.5056730912562126,0.4526060041347502,1.4696250897195735,0.1208464301961365,1.086685312592921,0.3302149395759032
2024-10-02,1.0374122174385771,1.0365086986252534,0.3042691487451144,0.1035487830007694,0.9094532275911036,0.3379795778641433
2024-10-03,0.2572843919574661,0.1365489846615378,0.1878095506058306,0.2021751399327341,0.5991486123317098,0.7591796207755055
2024-10-04,0.6348101365752551,0.7079355418472248,1.063493251811724,0.3265154235630688,0.1053017119612067,0.5885370305235871
2024-10-07,0.1072510014930105,0.3258590771344635,1.155075925203506,0.2799003218456715,0.5489458661217065,0.0527449009090863
2024-10-08,0.7038917561537391,0.020175183808703,0.2309868032532771,0.6550655737235022,0.0413148134103939,0.1612960682673404
2024-10-09,0.7418728246488988,0.0434156508145181,1.5069355242310667,0.5569390067486408,0.2866154164496153,0.77296054488313
2024-10-10,0.2830862468717605,0.3681434792044282,0.1759209577103644,0.2888163913057705,0.7896187564157269,0.3512177459047275
2024-10-11,0.5402697140671753,0.4513622057918697,1.374180478025607,0.322110871901284,0.1075304877494939,0.157685244829751
2024-10-15,1.4041986450862318,0.5141132016005042,1.977363722275008,0.6056446050048131,0.3454669008187414,0.5689904705460587
2024-10-16,0.2878887333653042,0.5704508164605123,0.259311990931282,0.1349789438387182,1.3545772742337845,0.1249726784954984
2024-10-17,1.1193465623287102,0.5381655206450723,0.4942937353792257,0.959832926996355,0.6718084928936197,0.5487153284372991
2024-10-18,0.3229539565441798,0.2768151308588302,0.2078812832654495,0.4112610546377689,0.3484326505074968,0.0824267731487136
2024-10-21,0.1614165063935877,0.0188315669684748,0.1227887985927465,0.7060174089996613,0.0725153178063856,0.4436256656731703
2024-10-22,0.2106049096934826,0.1909857317511214,0.0881291009244496,0.7545218738953604,1.2450090415674788,0.7750091739745312
2024-10-24,0.9343066741364036,0.6296681963524238,1.7605483723660995,0.4877418307169162,0.6605321781566618,0.9876232692126868
2024-10-25,0.2840619008633363,0.8570920305397369,0.4170426603648141,0.3206299537113689,0.1901486343509918,0.3736862598870203
2024-10-28,0.7832013061191004,0.485020204442681,0.395843093816063,0.2599749843430986,0.7125140731943628,0.1635101600989648
2024-10-29,0.367828470048572,0.285842017335931,1.4161752776313823,0.1750667853769444,0.1287791318577307,0.5571133600429916
2024-10-30,0.4843039229601775,0.8206521320434663,0.55454196262909,0.8806650248602865,0.2732638797176484,0.2499594621583503
2024-11-04,1.200692856633968,0.9042104518829912,1.999743857421096,0.3691016400381594,1.082429036828744,1.112125677793113
2024-11-05,0.1660258522059626,0.2638077513626148,1.6929611626248615,0.2675577886121628,1.2714947945810513,0.0843214382998612
2024-11-06,1.452895227989362,0.8276932531180217,1.282936700109199,0.5951603605202676,0.9664072972256184,1.2381292889507105
2024-11-07,1.9143448148473812,0.6686245360136097,2.1295793865782024,1.9378107629755623,0.1566099822563459,0.1213789750890652
2024-11-08,0.5963943526896178,0.1257529199424947,0.5326024204548163,1.3755580259578264,0.3428310545668856,0.5723831557440059
2024-11-11,0.2848903168724916,0.7416830451200576,0.5341667203783323,0.4046140843883968,0.5627896210073172,0.1789938469329372
2024-11-12,0.7612345797192634,0.0515870737529353,1.8894928996589653,0.7513168678329835,0.7857953638638242,0.440857740083501
2024-11-13,0.1820143185692643,0.1906840936329633,1.4164192658474044,0.2384371940661398,0.4419089681226689,0.0979581427745785
2024-11-14,1.2960087804513605,0.6736849759465081,2.369717686588669,0.4778402661554852,0.0930507548789098,1.142094716787596
2024-11-15,0.7415712105903377,0.5161178163546091,1.806946697700143,0.1748005668223866,0.5178468220435096,1.0871535296191033
2024-11-18,0.3774743609784271,0.7258076791472526,1.2606238577622657,0.3249834641641081,0.7011142375132987,0.1190627847790734
2024-11-19,0.8574794182266035,0.1060431638740057,0.6169022513176584,0.6787250923334629,0.5032782899090488,0.9883371743592212
2024-11-20,0.2139654340243736,0.2599524093927353,2.503101819452793,0.3820538742198926,0.1621846146332207,0.9406723394208152
2024-11-21,0.5505519309441381,0.5961998845190019,1.6276542545973092,0.1181345760787895,1.517113155904246,0.9644759347831844
2024-11-22,0.7624341264241401,0.0692143743274433,1.2149828337882873,0.1816922558981317,0.4046124955498971,0.0187263631100516
2024-11-25,1.634021766843017,0.4812917001666031,1.0252393748312156,0.3913158645604702,0.2069477327620703,0.5359765957359764
2024-11-26,0.937091264903084,0.3561881717221428,0.6317745168577777,0.5104944480024074,0.3512030769379159,0.5999622329494406
2024-11-28,0.6331298081165647,0.353681767017417,2.503884142813084,0.6674201723307386,0.7145223228647078,0.001610150388097
2024-11-29,1.200078299592633,0.2005120788163666,0.3726115774990706,0.0545717431450936,0.0329162997903867,0.6699937201642893
2024-12-02,0.950209485522184,0.0746098592791121,1.9322686779232128,0.3220036951224475,0.6681431804162294,0.0599599485519595
2024-12-03,2.092770603926364,0.7169551875259734,0.12881371984481,0.9228557046844011,1.2206802938355228,0.1103541038965739
2024-12-04,1.8006275888291137,0.4427138163234898,0.0631305184918547,0.3640903437343522,0.2712068469075142,0.7565571938200137
2024-12-06,0.7616992981002119,0.0520531365256932,0.0121824522266026,0.099525537625627,0.0785464102332243,2.36851604882359
2024-12-09,0.7414863572267575,0.1128760963557356,0.7244082838817053,0.032669666833233,0.3055665032425378,0.2908829950626672
2024-12-11,0.3626379022685268,0.5120415418511349,0.5683280062687552,0.0553485905403869,0.3099712815227365,0.3917101008869112
2024-12-12,0.94911822003526,0.0698843904549244,0.0204736094236534,0.4327751093852527,0.2192231108292976,0.1190753272338045
2024-12-13,0.9436662697999606,0.4154722381005326,0.3747265600139292,0.0283499207473039,0.5725106205296805,0.3778780109941476
2024-12-16,0.9073133371145248,0.1181754353533056,0.0203996832999701,0.27989533833452,0.8381977313483465,0.0965816506621946
2024-12-17,1.3998062449530158,0.5942267754888318,1.7298795129186182,0.553739992862954,1.715675295376213,0.1639273226829303
2024-12-18,0.6989837420511589,0.1407609493769777,0.5031297484088066,0.5359121037718944,0.2419024845097205,0.3386454267306886
2024-12-19,1.855021753350364,0.0318788989112509,1.1423646535464886,0.4438915972799677,1.5429858667238492,0.8989733922349722
2024-12-20,0.0949415227592717,0.5439419108201068,0.1684081324987987,1.1479757982693064,0.908639163318945,0.2253033192122547
2024-12-23,1.5991407644306916,0.300533667508182,1.9864248371054043,0.8672168661226755,1.587260559716144,0.4174178566826865
2024-12-27,0.8472980321972835,1.98124940964752,0.0936965414658771,0.513023650245442,1.043624686976709,0.9756174945364874
2025-01-02,1.7836568087412843,0.2900931779812624,0.3302977251390487,0.7706979637415106,1.5539742577733118,0.4267448565163479
2025-01-03,0.0170875536467981,0.2090552131488287,0.8122153343378777,0.0268332978814627,0.3552066561479988,1.1979701957987536
2025-01-06,1.1787521239612684,0.2451660906197704,0.3229256053705202,0.524945473264271,0.8783650643906453,0.6589546183834899
2025-01-07,0.0396795620335382,0.2654209422653049,1.2116580768180127,0.1654856770342155,1.3193448025769776,0.0481289866106763
2025-01-08,0.041403618398917,0.9221535368210394,0.7461972134735162,1.5245639665663129,0.2274552342795562,0.3258648904141989
2025-01-09,0.2228947842576455,0.8719873015585621,0.2283100358427642,0.629194433686629,1.7995970810586843,0.4205405931117434
2025-01-10,0.3430730611918043,0.0998979572216364,0.2344731912540094,1.5929032920541553,0.3676381387626591,1.234947547467657
2025-01-13,1.020689500091923,1.0552211062812538,2.3868212337402097,0.2597069756917962,1.0028276534162983,0.4192810252420064
2025-01-14,0.8618320466689162,0.5774754014892474,0.6870384662109583,0.0773021144559586,1.045806183378056,0.5339361576412889
2025-01-15,1.7511844582712923,0.9137932316767328,0.487565849968992,0.4282295076446288,0.9593856757091374,0.5768193662860586
2025-01-16,0.3941200777019319,0.4221092583846844,1.0311308352422826,0.7539221878105464,0.0450884115399421,0.4986817083599176
2025-01-17,0.6610397696994588,0.7161465981266805,1.3727045083611489,0.2535540164252176,0.8859479994005011,0.5418501137945779
2025-01-20,0.224477161167355,0.3580690547800428,0.0351122451814284,0.0737669229512915,0.0096977679319984,0.035218877682287
2025-01-21,0.1544395231163488,0.515098532070734,0.1525626682900316,0.3314297375531373,0.8934255605445113,0.2772837602288454
2025-01-22,1.0431340236871038,0.4633521870266668,0.1281452025670559,0.3737879779749285,0.6808404200679407,0.286102532998573
2025-01-23,0.3379609876908605,0.6698348998343634,0.4796039778671945,0.6684485252069104,1.3008583609481037,1.3668403479519928
2025-01-24,0.9249083925532402,0.2202506676537968,1.304306874021539,0.0607045129368614,0.7338077267544119,0.4293620044164451
2025-02-03,1.916048364504012,1.2854453885025858,6.787266608088816,0.5821205497335763,3.73793223843311,0.954702892484126
2025-02-04,0.6154637262493019,0.7010540251850448,3.4420086284327125,0.0904626505929482,0.2586922559104625,0.925450758648638
2025-02-05,0.6984288573747064,0.6339447210829303,3.104822461916173,0.2000396680654138,1.1036706800920832,0.3890640943868416
2025-02-06,2.1395696368779564,0.6747565857351935,0.6246080550239878,0.3936761027320331,1.935869287887916,0.1471809607349517
2025-02-07,1.9527550223983912,0.3614516222806519,1.4032699085798614,0.8060533883807934,1.573834464830835,0.2921452750886857
2025-02-10,1.4104642596079355,0.0603662557540428,1.9336076568130145,0.354420914619324,0.908888703949612,0.940734780581296
2025-02-13,0.5214153707738468,0.1464431267203829,1.2521625830453853,0.1920720841700112,1.0663214829150316,0.5596771805579922
2025-02-14,0.3756578948175442,0.0427185522215834,0.8519461443851393,0.1309285161894464,0.9396800984700072,0.4500425828475102
2025-02-17,2.857392150452034,0.5569619521977853,1.1257052384719006,0.7028779202350875,1.2354913888081909,0.2636536367208424
2025-02-18,0.6227545749831254,0.131326958558935,1.678998529401872,0.5289635871781404,0.0795557660647739,0.4249553606637115
2025-02-19,1.1513677630479149,0.2501777187849765,0.4080275593842903,0.2157866470021819,0.3802000065547358,0.8119419678802444
2025-02-20,0.1005111919486125,0.2032554173896318,0.8739227216607834,0.1661257832896196,1.3286344821357432,0.3424315965705459
2025-02-21,0.2201301320287473,0.8432520723841874,0.5164172354416818,0.0618503899659278,0.0481556140061591,0.2911502483380226
2025-02-24,0.7880431889498404,0.427051443553381,0.0339482122046889,0.0557400833904258,0.8347941452212545,0.6004684921512197
2025-02-25,2.4372198663631046,1.0291036139364995,0.5231873373561833,0.302918594198223,2.4126531437792056,0.1073735013349379
2025-02-26,0.289410115257428,1.3102268508933166,1.3236168300374278,0.1999016042486673,2.0308140054941046,0.0153484874367042
2025-02-27,1.8444370287548968,0.1328995092952918,0.3402078832379425,0.3356623358509628,1.2595877959418138,0.3707736861870214
2025-02-28,3.368934301374378,0.7528599561768862,2.080903398389973,0.6521795991371762,0.9927965987783048,0.1867471344360587
2025-03-03,3.895035952098039,0.2104159627106944,0.6517547732795219,0.3387732794593784,1.2800429355683638,0.3067240704644824
2025-03-04,2.159102266373743,1.0060672455846795,0.4449103272383137,0.465658721465213,0.9103859761252384,0.1937985102678713
2025-03-05,2.3390221871504515,0.5615261508705177,0.9463508114497772,0.1961673688637655,2.4592320939603405,0.5503296750583484
2025-03-06,1.3148964907740976,0.3528295341135982,1.5912195995884972,0.477519987345314,1.4529643792036493,1.0301547868489258
2025-03-07,0.2739256481842278,0.7494780684805464,1.2514704602679274,0.0658894216328895,1.043669318377887,0.5922256717506452
2025-03-10,0.5710682113585777,0.701105670263477,0.987126809198139,0.3944412461050948,2.0669278144585466,0.3184847948483239
2025-03-11,0.7967414236470809,1.0672013373467997,2.4544287733825154,1.8962623069610984,0.8617188297987008,0.1697448977137838
2025-03-12,1.8045417596058555,2.350877226916937,0.1820708843712775,0.189060890009163,2.3487950302658387,0.1402351230026883
2025-03-13,0.2648336589333995,1.6829279589789286,0.7527384280169914,0.1160263192297051,0.0362153672148111,0.6118755653608704
2025-03-14,2.002431926556534,0.1402957750524974,0.830242375063363,0.039095385219071,1.2102654770155277,0.009048340766679
2025-03-17,0.6727081522302187,1.030288048331677,0.191742768240626,0.6066018591713949,0.3037646880113624,0.7594659420889907
2025-03-19,2.507821500118767,0.6665678326414862,0.1098344750349045,1.2603676034059823,1.6492948098565436,0.8741491799733141
2025-03-20,1.1031677257186026,0.8935071916547928,0.1584294030064145,0.5659027069031911,0.6705071788439795,0.0528589132433321
2025-03-21,1.9541138394370745,0.0857198824731842,0.8956441241084825,0.1028400229273304,0.4137980946044546,0.1549620275247285
2025-03-24,1.56148315582877,0.1083322598348902,1.1996509541087064,0.2513139657079227,0.2903285354552566,0.6364549046259511
2025-03-25,1.2003426523633802,0.64824013877535,0.5208926957362162,0.4612927664998842,0.4320028815717371,0.1201995456937845
2025-03-26,3.726230276109229,0.2935745486759819,0.1005964287101582,0.2318680859577599,0.4572023635003612,0.4386747490910047
2025-03-27,0.5894529995229711,1.157917663381429,0.4313510501004972,0.4495785532671794,0.2068707210054843,0.1720820078215814
2025-04-08,8.231843038180513,6.189349982039897,2.192934423808472,13.767439494652296,10.024790119174943,15.58303264505956
2025-04-10,4.210880730640954,1.3465654451598932,1.1830498128091205,3.0754657119956907,5.376790788862819,3.0900321701519777
2025-04-11,0.1310640105722091,0.5737034660220257,0.0759871499269515,1.8419909327438129,0.467595092825403,4.528128405892582
2025-04-16,2.177073414707638,1.511792271416364,0.8542234028239353,4.179572515143798,0.9031787100427744,0.999695923276268
2025-04-21,0.714817345656743,1.51528248083514,0.0550800540663093,2.607917223911676,0.3685828481730907,0.2672327299675789
2025-04-22,1.4217377610857906,0.8855523776892804,0.1235769805477372,0.9580937465702604,0.8197563723315516,0.8268909938541404
2025-04-23,1.4592750279042477,1.0001918864555075,0.3717725075483123,0.967796302096724,0.8460217414496467,1.151943904675142
2025-04-24,0.3155068220253045,0.3544280382013254,0.1622460399861272,0.0104419090542151,0.60070980072313,1.014653271281006
2025-04-25,0.9845862971178306,0.1777308484947287,1.774698204946477,0.2126492860850093,1.0529803974067988,0.4794959810403022
2025-04-28,0.657384442550503,0.8176141540440947,0.30755121799691,0.3137938487031345,0.0457211508508152,0.1978803836208865
2025-04-29,0.3876087915524195,0.3970772007243604,0.043033245271153,0.1738252922123512,0.994577584554361,0.0407647472116096
2025-05-06,2.185455343588236,1.3917317957237485,2.62822449071653,1.4410094279443393,1.419280483487229,1.2681219266129535
2025-05-07,0.4054905003621189,0.8488064228087299,0.7258607670541981,0.1284066007796704,2.691880519394334,0.6756782462879687
2025-05-08,1.431975551632478,0.463037853652889,1.1818155899520415,0.4446742580004587,1.127399082851387,1.5419900239359994
2025-05-09,0.0739826975434238,0.2434263206623871,1.0696181760418133,0.7234254058389695,0.3598698214661059,0.1970754648331022
2025-05-14,2.129669056535881,2.364959512542862,1.4390684854980345,0.131914948685031,0.4753593498745639,3.293235599400994
2025-05-15,0.8599350231523185,0.6646557298532538,1.305070357439345,0.5381932226550904,1.8431154755892631,0.2645897545409417
2025-05-16,0.9382441681214632,0.0807702688849942,0.0205697193766634,0.1522547246269252,0.1071037806772394,0.9033982628656522
2025-05-19,0.4852040863738147,0.9981242865902475,0.1654742728346772,0.5575000470001527,0.731063436682798,0.3926585686212626
2025-05-20,0.6531320282403402,0.4682775767784788,1.8688296495052408,0.1623996353100365,0.1750657791261542,1.4444389235051251
2025-05-21,0.6723165730221172,0.2631145907123033,0.6297090513126159,0.0012890793442701,0.7876910873172043,0.5988949748138295
2025-05-22,0.3427113889020254,1.157634722211718,1.1037336951129084,0.0633794939999885,0.5473511935248895,0.6985530266452458
2025-05-23,0.6561689119267076,0.545977406733121,1.6941118733953675,0.0600278531403913,0.2544966334888563,0.0471787856409299
2025-05-26,0.3584107946144886,0.0703627792048465,0.3617919094516026,0.1758135699128634,0.1758177041929673,1.363844681655643
2025-05-27,0.1475434144282361,0.5319483752389558,0.0832877923290222,0.5272993961740979,1.2819108557878829,0.5463431144609242
2025-05-28,0.3220635048014474,0.1757620170253438,0.6429114672713397,0.4054773406542626,0.2306256763232697,0.1536350649739883
2025-06-04,1.4992603474462436,1.0232822810094415,0.7378730515424327,0.2057381739404537,2.505405962508467,0.2879884116168992
2025-06-05,0.6259539495185129,0.670836795543555,0.027753366690212,0.353127907951658,0.7577080898669427,0.2715947246399856
2025-06-10,1.6358273682340825,0.0771016170290078,0.4577037943298608,0.410371281129395,0.1289566917698105,1.9456510715505848
2025-06-11,0.1147021107673673,0.4531734600537996,0.5287140833951941,0.3756602294107931,0.2122050556799189,0.0782844348968071
2025-06-13,0.7838387561899598,0.3767311979280472,0.2233720959989218,0.1948830503550713,1.6676774269757828,0.0220474477171055
2025-06-16,0.6787381045384785,0.1237618997325357,0.5803571652278775,0.0757034922075711,0.7339562583253437,1.704895078694469
2025-06-17,0.5361190352941415,0.5508585603877595,0.1667199473674659,0.5658810639603862,0.0816881204118649,0.7133845132581198
2025-06-18,0.6739256800998262,0.0205012272184243,0.4998942515044799,0.2503955111838815,1.7209323305589102,0.0638332637502783
2025-06-19,1.9771270518000028,0.6975567554858776,0.3084752924941537,0.6815166765238109,2.3899678529694675,0.3860879902965109
2025-06-20,0.8864567046599783,0.0865493371809081,0.2715610884030141,0.2764347154095345,0.102976622917725,0.1991567962509528
2025-06-23,1.7525730895029776,0.9187469351078285,1.93491866404978,0.1074349821405105,0.4553099062380504,0.6522573197890774
2025-06-24,1.2013749266746423,0.1530863257414999,1.1904870446417026,0.6434106053610367,3.4431135473165844,0.6304723722657403
2025-06-25,0.540501768971075,0.3625485078031374,0.5213059803593013,0.5537474255901245,0.6957433337813917,0.0014633147004843
2025-06-26,0.9506117939017864,0.5492226549522481,0.0791664203520449,0.3173777417715939,0.0867008996939587,0.0790508088976943
2025-06-30,0.4380350386106565,0.313606176782469,0.5401895125436961,0.6537008030587488,1.5635705093561527,0.7586459606239392
2025-07-01,0.1779860496540482,0.5574967284491308,0.9212845428467245,0.6404299093178298,1.8595034293285315,0.1285445235119896
2025-07-02,0.4945392822430821,0.5614931703643509,0.0747540388664721,0.5252166540434323,0.5103961985546743,0.4887011387882989
2025-07-03,0.0464316781682351,0.0787281095352563,0.7748341122312502,0.2191701037424357,1.0272523372935514,0.1901285566689609
2025-07-04,0.1871303705321854,0.07743669346761,1.1412906661489974,0.1481342311704589,0.6470458324155062,0.3618730316222306
2025-07-07,0.5192502205660803,0.8193704240012115,0.4628484938067995,0.4534228156717728,0.2728615631526971,1.0821072019612017
2025-07-08,0.0501250235795871,0.4824517966708843,0.1300251693494989,0.3960538357525226,0.6566459174668029,0.9511982902277096
2025-07-09,0.5708982713857341,0.0588370479371817,1.0935350039553624,0.2457527495342062,0.4716883824507615,1.11425288167255
2025-07-11,1.4797418283978634,0.4456298057224257,0.6858898749757968,0.7363488219821444,0.961677685021308,1.8303915562027104
2025-07-14,0.702927399125081,0.0937059456741941,1.0036365814952724,0.5221397754677364,1.959050578010314,0.8647063284394308
2025-07-15,0.6085758811465538,0.7907544340985608,1.009978509932696,0.257864400478754,1.5362708966959713,0.6666532142663247
2025-07-16,0.7192631518973253,0.915415151564857,1.9066094333474992,0.3012622395902197,0.2915508449506443,1.009504097819824
2025-07-17,1.312301081193593,0.622599100524644,0.6638206426813873,0.7036754629938226,3.437048704639864,0.980624824090173
2025-07-18,0.3410394707794634,0.3229649691600791,0.1296965822446215,0.6722587625940188,0.7044572013058059,0.4867297351472137
2025-07-21,1.1730417077620643,0.0832676900103165,0.774628338591625,0.4199282084744244,0.1283838693759898,0.8201686974204269
2025-07-22,0.7251787421677325,0.3409962878909754,0.0464212659379615,0.0268527748919839,1.365089855531843,1.635652693283406
2025-07-23,1.680806787817554,0.6814960461407471,1.662708891389289,0.5455292076721168,2.311651571043807,0.1833314542972291
2025-07-24,0.8222890728461613,0.6859655560914923,0.2803235814920817,0.9823315284615944,0.5863242494615707,0.5742879237307202
2025-07-25,0.1671850707664108,0.4267908821288769,0.481904338271521,0.2809842894993983,0.3835992053055828,0.6624862458456714
2025-07-29,0.9815036123728212,0.6501938551133722,1.37788519490143,0.7455429003002262,1.3489535732757962,2.4943929166397973
2025-07-30,0.8968936762855529,0.0446182641062533,0.1137320668762282,0.2367195489974708,0.8442923847253129,0.9476785663675668
2025-07-31,0.8720327719447138,0.7406831656512807,1.0420937296000985,1.08756360806173,0.1439812248405139,0.3395182903638471
2025-08-01,0.7113700474796223,1.3195212621382413,0.8503992358971149,0.4788889783386822,1.9523695221628516,0.4877033281382764
2025-08-04,0.9748248567581096,0.4162952628039019,0.6720018880651158,1.0393960230702108,0.9045232867636248,2.181736335846301
2025-08-05,0.6747770911453781,0.7607003102351383,0.0784108177135505,0.2700537955310473,1.418229252318258,1.233050018829957
2025-08-06,0.1522752546535342,0.1844062328484343,0.2675205193418393,0.4532838954039903,1.3944481012272196,1.7021360303685944
2025-08-07,0.1809651695558312,0.4937581800648649,0.0935972097442542,0.7176614569040025,0.0537672637497593,0.5133871939157273
2025-08-08,0.5751200993821123,0.5067471995399447,0.3984564384601733,0.4311578196432496,0.4817400982565523,0.198310009539902
2025-08-13,4.662058679331003,1.8845311488217864,0.2256714325302059,0.7736741076626672,1.4476978580312738,1.6674613244713314
2025-08-14,0.4845743933512163,0.3504132334047484,0.5269078421792281,0.3808003987920467,0.8458844786698644,1.7889410725601722
2025-08-15,0.4153733496921922,0.2983531638375354,0.3819880563127009,0.6124699682085238,0.5740111915534298,0.6536870241985933
2025-08-19,0.449528737740159,0.8779259570900841,0.6076161117184847,0.3395367193570318,1.8965159091372688,1.4737493456998
2025-08-20,1.0233167147823643,0.1277370796514028,0.0031889558217983,0.0794263884720294,0.9960261774650556,0.6123156877739688
2025-08-22,1.0754499889329308,0.5813538110880635,0.0590783989380463,0.7903196791000063,0.4205457063604563,1.1414607458912809
2025-08-26,0.5950785506915068,0.999046087881225,2.1943717092095896,0.2191445965933646,0.1700840736656946,1.3377399093833755
2025-08-27,0.3840312092271381,0.3988059148694883,2.063104674302032,0.043816751434167,0.2584719833631502,0.3083456270570452
2025-08-28,0.2003002344823821,0.0529192571542494,1.334311185215586,0.1931903938135413,0.1649189786201641,0.4818654139626495
2025-08-29,1.540903000184552,0.7558058357811781,0.5608437000463354,0.3735664002750847,1.084176842724936,0.0802837926365993
2025-09-03,0.7046144556761108,0.2156254813877768,1.1870817738250177,0.4586948895671026,1.819024549284516,0.0541101422147378
2025-09-04,0.2350588338570135,0.0234421155034287,0.3936024950741733,0.1746997906169176,0.5382486123399112,0.8876209615783106
2025-09-08,1.2856484539594786,0.4703265846082225,0.0828921312781376,0.2716902500054209,1.0767683890768434,4.3224970141344246
2025-09-09,1.795956852398129,0.0769192298704096,0.3411182262277896,0.2544756427266761,0.7843648230796622,0.7842215643914728
2025-09-10,0.9186343104969438,0.2479854575657044,0.0428025822410052,1.131200592099782,0.1542672581567669,0.3621314823226149
2025-09-11,0.6331118316684448,0.497859893661748,0.1110525807746324,0.2151129846802356,0.7778425055984171,0.8779187622514888
2025-09-12,1.360814649474989,1.085787480249591,0.288984038122167,0.2661957872366142,0.4330544034590914,0.5720299146186038
2025-09-17,2.1553395881127444,0.7204613253853566,1.6469733455329705,0.4720913697210506,1.0052691159869012,0.2222735717703334
2025-09-18,0.2088874237561084,0.7954803125986645,0.3690046589396459,0.2584334747353913,0.7435554342173696,0.3471070433474516
2025-09-19,0.5315859502522187,0.0437934445502866,0.4939975579827323,0.2300587564514098,0.331311991526742,0.3947294372515733
2025-09-22,0.1377042453470808,0.3192177448262533,0.7958833837352957,0.1241812724464291,0.7905985901506632,1.4679575005122598
2025-09-23,1.0536545825698664,0.0131019777512422,1.5614871624958089,0.1232507135856735,0.7309139042288945,0.0495456793764478
2025-09-24,0.0166989133145134,0.2428823873525697,0.1606218584711048,0.2855796152325496,0.4083766938129199,1.3484496943285584
2025-09-25,1.0625680586440376,0.0744224612303978,1.093590516709677,0.3862577754351954,0.7675333231792221,0.5193253837513363
2025-09-26,0.7269917501998434,0.6597069656392108,0.2512084455496717,0.1845440943394682,0.7417267765653331,0.3240363663609446
2025-09-29,0.2948005737259475,0.1180063704488181,0.4909898659979209,0.0937211587470815,0.726972185332887,0.3474417262952053
2025-09-30,0.7684408231570972,0.0577165875604824,0.7386848900935957,0.7043128830720036,1.084991160482739,0.2872442768491479
2025-10-01,0.2140995388278198,0.5561836460646822,1.211582688158107,0.5325123262984033,0.0674709994883513,0.201397828651393
2025-10-02,0.3383117307936204,1.0390868551106516,0.2275853782660243,1.6537911769653149,1.0346057216477562,0.7438788160299684
2025-10-03,0.5833435883369338,0.1674370907754828,1.1375916764358929,0.3801510189005055,0.4120960352845241,0.4177624590752905
2025-10-06,0.2656294213332738,0.1851371351388817,1.7927382173030586,0.2209677398386499,0.6180088064249294,2.9738942323063964
2025-10-07,0.360370783991035,0.4932470580334501,1.3821672860844207,1.1367331025774972,1.5130264201944854,0.6034093083719112
2025-10-08,0.0398150173274861,0.1553342429902889,0.2447786191623632,0.3575039805778247,0.0245154539549452,0.7407375591568051
2025-10-09,1.0344227849800047,0.1332472199551931,0.6801581906489945,0.3551798769053547,0.6926532361133558,1.0918891246479627
2025-10-10,0.0838449765413091,0.4563492780998475,0.324259156878187,0.3031262626602296,2.0769928949674745,1.7944950681909482
2025-10-14,2.3442991317634507,0.6673498389074238,0.6344770046656275,1.6521329514605907,1.6135932784471472,0.7701093464107976
2025-10-15,0.1904387806651285,0.0055902954303803,0.2938278569042569,0.3186979207018713,1.5910543303666167,0.1767543036075794
2025-10-16,0.9097780630351406,0.0459073792245875,0.0070591384763464,0.2801207247721104,0.3700347268195055,0.5049942642939396
2025-10-17,2.607325948085418,0.3174429018080951,0.0679646887135576,0.6279723615408733,1.313309311564639,2.038926677753471
2025-10-21,3.9925250312413367,0.5986291067379486,0.0656649525621141,1.1967938185748082,1.2559941535026409,3.992729767413163
2025-10-22,1.0436633670171624,0.878398395850916,1.0336218920342746,0.2933372266148261,0.8970126611206944,0.9018801798852792
2025-10-24,1.4511514082711876,0.6579756230755055,0.7130488543292937,0.6417812927005747,0.8837144460044185,0.2784323923430593
2025-10-27,1.8863455507571012,0.3162464729647413,0.9102773168568792,0.4082335444780284,0.7287418195121372,1.8371363161767844
2025-10-28,0.3025579827451271,0.2982697554891318,0.326416060308642,0.2263063318800966,0.7005859319472755,1.6777869983408067
2025-10-29,0.905300236803943,0.125268657358768,0.1780637450771846,0.2283297236081438,0.1034240927529134,0.3166655945182926
2025-10-30,0.218220629945036,0.1649179859688187,0.5732556414790094,0.0624043446546122,0.075276130496697,0.9691915884444288
2025-11-03,1.1060225920903586,0.5079441182174785,1.7286084836715756,0.1551523645799146,0.4413970933308787,3.199352764879203
2025-11-04,0.4016819758115991,0.0665423719571535,0.6666060912213753,0.4874204013944298,0.7869775852638509,2.1401987893001584
2025-11-05,0.925286919451867,0.1201800512923393,0.838337145976183,0.1267013474241524,0.2552103829597808,0.1759972875344353
2025-11-06,0.2225230609034842,0.1610934145268353,0.300846490580765,1.524839157493888,1.3816074139410095,0.7429837698209416
2025-11-07,0.6877081703035566,0.0117393064345919,1.3147233745732452,0.1615197827754613,0.7950461985004271,2.6863732681847003
2025-11-10,0.0399099645816791,0.5082391696798089,0.98988645878242,0.0915408117013587,0.2567849063329863,1.1674410183283226
2025-11-11,0.2950944688365676,0.4567433863839659,1.298503870685903,1.197541135664121,0.4442384618257884,0.8235322128933896
2025-11-12,0.2632248745689123,0.197154810980018,1.4978596617079714,0.5863179442218919,1.2114821964195317,2.3718585619595154
2025-11-13,0.1976948603302847,0.040444758244629,0.2267320824347648,0.153092157701608,0.2044811918632297,0.0257408146550389
2025-11-14,0.0186768126281617,0.4051630469529886,2.522206815353848,0.6542535400745014,1.4221643839484903,0.2461049942769355
2025-11-17,0.5533511581126784,0.1082050895769493,3.4283382169601464,0.0545670711748469,0.8480660800056087,1.152638388903284
2025-11-18,0.6550674214878096,0.8249336246368884,0.3893969681312596,0.8602794993786766,0.7866295182436552,0.3318914202301715
2025-11-19,0.5325636153647912,0.6071734295800707,0.986144201797064,0.0122153092009668,0.1675711535779184,0.6600364858596777
2025-11-20,0.1585576464505343,0.2423081007691549,1.994189258037624,0.1474955513242755,0.7549048968198788,0.4229973720030429
2025-11-21,0.0661202459991888,0.1476443554863203,1.112019476320426,0.9515700725953956,2.161579722163692,0.0640305435477662
2025-11-24,1.835859216891652,0.0747807297314767,0.4070316184079328,0.613217429769188,0.1332235814709862,0.7854601594981003
2025-11-25,0.5659826505442146,0.4358462516517388,0.7571436625349601,0.2449273520484347,1.273067767716049,0.457886713101474
2025-11-26,0.937230038965389,0.7885741432902136,0.4762646967591922,0.3545088635903087,0.6007998701422635,1.1973609847567992
2025-11-27,0.6562265730166276,0.4343082711264832,0.5941359932976974,0.1726750307655095,0.673865982678101,0.2353865347328747
2025-11-28,0.4357686612029623,0.8063527695836384,0.8858153543200359,0.3236941155313416,0.3172060222234508,0.3952234717523969
2025-12-01,0.4699647520650021,1.2449666598706517,0.5486441313518489,0.0499493691692964,1.5695517934379553,0.629596557205811
2025-12-02,0.7952454187227214,0.3704897955608938,0.0852803037448987,0.2590361716234601,0.0790877479308443,0.9003404165265816
2025-12-03,0.0610123788348757,0.4770350534264614,1.4884018372622674,0.3642587487645785,0.216267900562589,0.853048088927859
2025-12-04,0.3293442233318446,0.1091287831578523,0.309660477401367,0.426416650235715,0.0823927608041354,0.3153640106811487
2025-12-09,0.1963584339420455,0.4265472005861007,1.501349938854459,0.4840633175946366,0.3066493251969837,0.5699689119551218
2025-12-11,0.4247950298463459,0.6926876096039974,0.2232852108732763,0.1680271521731816,1.2942949262273655,2.8016353285634765
2025-12-12,0.4631409627319614,0.7612223364030016,0.776944154815676,1.4410724347679231,0.0446584461463918,3.109232194022805
2025-12-15,0.1252087186840896,0.3601928640699067,0.3522163567723505,0.0592815876728665,1.5272343392661547,0.0534483294937265
2025-12-16,0.4246241128110233,0.2788608138006657,0.0386313635202071,0.2059122652058136,1.0039207241575567,1.995140144925003
2025-12-17,0.1050924013847682,0.417668648059213,0.3846798380836688,0.092843317049434,0.3042729211090066,0.3292733913555967
2025-12-18,0.6839872537298052,0.3320878061566752,0.785108513401628,0.1064961689855369,0.5409064540542365,0.1981711605257496
2025-12-19,0.1003559250115781,1.1470784866434311,1.8508999504689423,0.0181628608671795,0.1694464779504648,1.616578003191025
2025-12-22,0.4206571133681185,0.3230274112551237,2.0129143316475604,0.8825753537863604,1.3870970960472682,2.7043849480336
2025-12-23,0.7087586850702301,0.3195992780011861,0.0107652318031427,0.6201634923117357,0.1125580445144742,1.1989312489372992
2025-12-29,0.6903910565968456,0.2591100278083267,0.1820574343726112,0.1149639316215299,1.3528134233321654,0.98158140425395
2026-01-05,2.456045919267247,0.0398680256710039,1.827107470936781,1.0062175995341829,2.0536789082364053,1.894368070709067
2026-01-06,0.8365001508570195,0.4754411201752386,2.4576619957698798,1.262591006934138,0.4149096860960038,1.5463582163969936
2026-01-07,0.1253365928556235,0.267527169764183,0.4095217856561156,0.1612612630571221,0.4750374930991664,2.4640641960077527
2026-01-08,0.2164798365479391,0.433900392529884,0.4531938698903189,0.1802587696400245,2.1481063299607377,0.3239052208533701
2026-01-09,0.1263359393635202,1.0113040085062242,0.4336675310279825,0.1178931220153474,0.0390790131204276,0.6628267889917999
2026-01-12,0.5839179223520294,0.5263143448265982,1.1250002920236697,0.4651171414505157,0.952622088043228,0.5035749434752947
2026-01-13,0.7130629394710088,0.7497896338793273,0.1746113158121148,0.8429228594780056,0.5570066747312528,1.3544248994366828
2026-01-14,0.9374606331697736,0.1585256740478366,0.2961224752261652,0.1118520770009611,0.7259266952916881,0.4471523262741558
2026-01-15,0.472966297170752,0.2480977969034862,1.5177296484411469,0.4318978907647414,1.364113708865191,1.5769471610088424
2026-01-19,0.6421670714374318,0.1651400165268194,0.7698112825090223,0.0318577591134801,1.7142620948728524,1.6903728121118184
2026-01-20,0.0090554246037701,0.777979904627526,1.327864312949358,0.1423982096120234,1.021112716683953,0.1482705126304503
2026-01-21,1.3708664358307607,0.3964914143849594,0.3589034440875611,0.3760191817684195,1.621353841969324,0.4413616322205046
2026-01-22,0.2016103795242387,0.6620019100390633,1.0763182451588196,0.3826433248102686,0.4503311870665864,0.1438364228378661
2026-01-23,0.4589252898445159,0.165834648967892,1.026415722156503,1.2990278313416053,0.2094417028425843,0.6362049635153189
2026-01-26,0.2713797528107098,1.3902960322403854,0.9421666677975395,0.6259009186576155,0.5584740941392874,1.4575531761312237
2026-01-27,0.0545400230570128,1.5464080523099208,0.5250848874076918,1.2692353506076754,2.073123547272332,0.7196116209021162
2026-01-28,7.629650750729966,0.8368018014719475,0.7720344635386153,0.2782685906332515,0.3329214201722472,1.5187127408183252
2026-01-29,1.0675365873053402,1.468175845282292,2.1054669451587325,0.4205548257904688,0.5865309841190822,0.6672422202384128
2026-01-30,1.1762536326049695,0.5754999755485039,1.6827607785878278,0.5063457307095436,0.4102818873897536,0.7716790671479898
2026-02-03,2.516625829691902,0.4230277866415337,1.1466647736323576,0.791131992670985,0.7882125250404843,0.8587702814015873
2026-02-04,0.2965047773867763,0.3116553014124413,0.4541686029149436,0.4321105091469766,0.777597239374889,1.2189352632509445
2026-02-05,0.5272174710854396,0.6793618737554117,0.1425300234934379,0.2086255883556284,0.0230289696387976,0.4963650268440009
2026-02-06,2.10267342367998,0.104504334824903,0.1388891129731401,0.8367110045835602,0.5762488411263186,1.5302513101540822
2026-02-09,1.2101788362132802,1.0602512403873845,0.6554147415177777,0.5339937996329351,3.403719218316425,0.0381732672120786
2026-02-10,1.2356772897569666,0.2149290118213172,1.956429939922541,0.0689147489678806,0.6793911522480888,0.0450289988656343
2026-02-11,1.9391815229797469,0.5051467506054252,0.3733750213188105,0.4086934094395394,0.0892946414641908,2.4119134296761184
2026-02-12,0.3094199954774068,0.315920420938096,0.4251305677797918,0.6435097507072215,2.09104525379026,0.9548832711351506
2026-02-13,0.6442708584854422,0.6480637441352228,1.3483568846431917,1.5868466316551149,0.7743929498587536,0.5497267965456978
2026-02-23,2.2135614107039614,1.054467860927804,1.6147163873129755,2.0754157686598846,3.424308983484068,1.9570521169637736
2026-02-24,1.3821604043053894,0.2260810768327055,0.912371789301602,0.4082652036244815,0.6840326492122504,0.4013139278794451
2026-02-25,0.4986501258173602,0.3540991558149866,1.0919147842562515,0.2604584914115061,1.7037333260034877,0.359927759405991
2026-02-26,1.050492500972695,0.393844561398735,0.0844047532056534,0.8694322730945,1.1562114434868698,1.001465374923375
2026-02-27,0.0027155151075933,1.407375636286452,0.2148531253674692,0.6162998850171529,0.3514164653676138,0.0367024209100222
2026-03-02,2.690884246096456,0.9599657350910412,2.8289838989466576,2.108326163504111,4.124440469943693,1.837198755844073
2026-03-04,5.641767219518082,0.1171123431612805,1.868814789318314,1.609948287374816,5.746693406920221,1.5189806214853216
2026-03-05,1.7462064251890193,0.8782311819865447,1.145785294296103,0.7000540715146752,2.332812409929413,0.5382197740514322
2026-03-06,1.6324665396240865,0.2832843129485474,0.9467028141148238,0.0348628062469102,0.489454720632319,2.274483945629132
2026-03-09,3.328283307604912,2.587823506124706,5.098846949668124,1.908261419185134,1.961873856233067,6.729369335661311
2026-03-10,1.401321725111504,1.629848361054131,1.985413092573481,2.163494371056068,1.634474946279359,1.4380699063868967
2026-03-11,0.6947172426569996,0.4163652803567517,0.5155883957239853,0.0651948834866993,0.1123284799351414,3.0315942196574985
2026-03-12,0.3698842773337801,0.1304162395555252,0.7293110490936326,0.1745006760123193,1.5833234949437984,1.0896135959386548
2026-03-13,3.102534085472996,0.7132307942324992,0.8977681470154754,0.2693463611171806,1.4406020631478131,0.7851237535014176
2026-03-16,1.6233108765422215,0.1348831108063688,0.8684349675613696,0.5441271958027728,0.3077036408567291,0.1787901168118135
2026-03-17,1.1968438079341168,0.8469438564561442,0.3234553345058341,1.3724357280453392,2.033250861195381,1.0036811154935943
2026-03-25,2.7107325558915343,0.3320079605314519,0.3009096868979846,0.6387937586132746,1.6619866657593665,3.093630073280784
2026-03-26,1.908370530041128,0.3378512739044066,0.9971462945841648,0.3427241852733445,1.0335058075177106,0.8211211140190056
2026-03-27,0.9400952200431238,0.1028181298068021,0.190183019605819,0.2129670559419109,0.2858166390496521,1.6983434226308805
2026-03-30,0.0759364426539457,1.4556725637459569,1.745307747210157,0.0187926252310126,0.1774414706800446,0.6152315723479423
2026-03-31,0.6145434543452821,0.1456348158624173,1.344525503334871,0.2414377221928874,0.1021465264511666,0.7162087893562965
2026-04-01,1.9141886063273568,1.09083876216126,0.832643175105674,1.83307666057464,1.5655652372806732,1.6841655599157592
2026-04-07,3.01547573772946,1.892691474562326,0.6826420007905066,0.3587803285746913,0.4469511923764239,1.5021862314664047
2026-04-08,4.325966136010919,1.1532350016163682,2.19202746247538,0.7643157844983229,1.3968868861858714,4.602322343057353
2026-04-10,2.433159756773808,0.2951926991702346,0.1361950143360336,0.1329863509945937,1.457972632476831,0.3735870082014519
2026-04-16,2.1603898676333206,0.0946517776568415,0.5676763089790293,0.3685005518971765,1.141983775079556,3.912730219720707
2026-04-17,0.165476945729476,0.3249710461236505,1.070407681778923,0.1978841252047446,0.489879080220267,0.1462744280606204
2026-04-20,0.5239408598033166,0.4173702601355097,0.2813098444894658,0.1227684304867798,0.0404800869651882,1.0913338827735897
2026-04-21,0.4583896671876692,0.7625149791489869,0.0443783982592071,0.2173891332992142,0.1112870047677993,0.1977884309273364
2026-04-22,0.2353232815391085,0.2884033063153673,0.4853358155543916,0.2443630055982059,0.2537770680725033,1.2908019840672753
2026-04-23,2.1851201870409334,0.6590723189532299,0.0960464829158423,1.1784866019163789,1.2505740752471286,0.7007105495999392
2026-04-24,3.4344990068147343,0.0790220598906376,0.6760956262518442,0.4307306790830183,0.3599037347569918,0.9168487681087948
2026-04-28,0.8040969623304695,0.5368227946399403,1.2988899820186703,0.7169847406969234,1.6415568825736775,1.2094121074265265
2026-04-29,0.4068689281490408,0.5321681180692438,0.6981126275051307,0.548173657581627,0.7766036521294413,1.1657155978665303
2026-05-05,0.6232409284214402,1.5577695229337418,0.1661881348682544,1.219442810143713,0.1100001899904135,1.1129253100532888
2026-05-06,0.4998159884108133,0.5387646097037547,1.1652587472175449,0.1374904071243077,1.7832178103481275,0.8682892007438597
2026-05-07,1.1474889004694648,0.1126358580649222,1.1175414470276923,0.29546228952671,0.6202824166185115,0.9373234844931568
2026-05-08,2.897953189780469,0.6153537407350892,1.222163385512069,0.4067390763324953,0.4767499802906649,0.3326032383350649
2026-05-11,0.9192973547648796,0.1574411228012478,0.433215810262431,0.4231291769657757,0.7405546997295681,1.0428159483671688
2026-05-12,0.6788667398115021,0.300354633943759,0.2486886217827269,0.0653262352595315,0.3854878232126534,0.2950010041191422
2026-05-13,1.996486840161928,0.2430746324671434,0.4228666968667553,1.165042206205798,2.246143870003891,0.1437042782181902
2026-05-18,1.8627527605518357,1.0708214278756798,0.088486428751047,0.14418900687683,0.0316296851895674,1.545645213889424
2026-05-19,3.5248437821049152,0.0254670887307532,0.7555198411691237,1.5014517691677567,0.0692089712857943,0.781597732425569
2026-05-20,0.8224250364588767,0.5561807933460793,0.0576733647007219,0.5422373610928405,0.7710809749614171,0.0156815188394991
2026-05-21,3.602276885475131,0.544649337751031,0.4621654012895235,0.0158524387973559,0.2770241292781314,0.8577210258837042
2026-05-22,1.094962093130117,0.251974454316984,0.6850618303109232,0.4437470665389417,0.3907094272201867,1.047168831483235
2026-05-25,0.7164129563872121,0.2437789386027709,0.8016225887017954,0.0473414236129023,0.754934767676504,0.4730076102935751
2026-05-26,1.2347084841430278,0.5564166826731447,0.7707565495633241,0.8267906240378122,0.1952534123392294,0.0981377773905575
2026-05-29,0.0458342378939913,0.9432150920695568,3.315688471454905,0.1800013378584918,0.9616543092371804,1.1041639315189244
2026-06-02,1.1044007531468412,0.0,2.464376658145119,1.17531524483479,1.2476322016647583,2.006593141443883
2026-06-04,5.911739231804568,0.0112920289600694,0.0128505714097518,0.5881037040029126,0.422890823757558,0.2777460629364754
2026-06-05,4.286264431868784,0.60236945089387,0.4463976186712721,0.3473162280670474,0.7673041854090326,0.4004963873277489
2026-06-08,4.620556459254377,0.8248039689904628,0.9979905855194504,1.7234943981667552,1.3306849500652875,2.665590135234344
2026-06-09,7.2990920526786365,0.2396421739189068,1.121350121687959,1.193176383558319,1.427948330618012,0.1406415046060444
2026-06-10,2.6738258272935007,0.2062902645909752,0.0731904147071968,1.2903255873561457,1.305724501303945,0.5927574379488493
2026-06-11,0.2772852821220234,0.0339478972102057,0.5282046820700055,0.5881216601187621,0.556776391277902,0.283151047514744
2026-06-15,6.079355460810495,0.7036674933827439,5.957956708198571,1.7722567064035146,1.2262972679144486,0.038911371505325
2026-06-18,1.3297684364443123,1.1755229627723958,1.9188508500764532,2.6347120467172997,0.4192875682193188,1.7169506401307846
2026-06-19,0.0777250059916695,0.0373903668073604,0.2979909978863091,0.3870952110135693,0.7955588876162598,0.3250344858848887
2026-06-22,0.9834154261154174,0.6557591465330644,1.6487970385354502,0.2175606478573142,0.1036032216105381,1.8129780416274903
2026-06-23,0.2513817782899908,1.2376027184638865,1.4998783557391009,0.0332470763647568,2.1336064658865648,0.5972730027049041
2026-06-24,3.629071887941795,0.1314651015716672,2.2257835279602407,0.1967044405097737,0.4739187860016533,0.479310029306266
2026-06-25,1.9382583067723091,1.0944719219347332,1.3213108741581112,0.0569188465127523,0.6650068160372461,0.7992365637363923
2026-06-26,1.730229123923125,0.2353279442109366,0.0194374800341445,0.5231169637745074,1.0455211628451144,0.4733635257327684
2026-06-29,1.2860848051802027,0.1097869437458778,1.0023297742239754,0.3272932548601118,2.2737125192158363,0.9090776554707614
2026-06-30,3.0985807797607,0.1111106541333387,1.5815555184822652,0.7341516685113908,0.8475733631186181,0.2713340632859951
2026-07-01,0.9158812198000642,0.4354323046416264,0.530130182591817,0.177115214590448,0.1893404053251306,0.3863474093751877
2026-07-02,0.864364776395137,0.3013266749626939,0.9259687630000156,1.072402214151061,0.33503675889292,0.0460686323621426
2026-07-03,2.258613037227081,1.030880800774404,1.012041045787586,0.5188616052672244,1.1058368464191266,0.2290509338705872
2026-07-06,0.6833566774428027,0.2664610516552171,0.5794471774804358,0.2955042446419422,0.3469456993425154,1.002820379410581
2026-07-07,1.1834097407098416,0.0356443015806512,0.3707717075636258,1.5550168980152606,0.7916812772666861,0.257330676301028
2026-07-08,1.9077517574702896,0.0403934984869022,0.4577254841865618,0.5102713545921636,1.7532948288615795,0.2944396297834198
2026-07-09,0.66299989887572,0.3552236210182484,0.8304271167993414,1.1905607924074928,2.012914258255723,0.7037707696367149
2026-07-10,0.2013715025591599,0.8221738896292287,1.0044403220435827,0.64954102340681,0.8204761168290905,0.6737482695990292
2026-07-13,1.897398846318768,0.41003566737003,0.3342781602177692,0.0191926911964648,0.390834358176096,1.5321831449432168
2026-07-14,0.0278073824286971,1.257922421969648,0.1549336924634421,0.460882366542502,0.1149376472257314,0.3376611463425895
2026-07-15,0.0405773007582195,0.359957969611312,0.7402176789098953,1.159821909935864,0.256733775708541,1.3659564525825698
2026-07-16,1.0903125105743894,0.4906909981174804,0.3587354228102454,0.3665225941396851,0.3111365624364632,1.2335783636998987
2026-07-17,1.0961942105877704,0.5362476832460682,1.2406216094836005,0.5421358540336091,0.2290545882722914,0.9349427318886764
