date,TCI,lag_selected,FROM_Indonesia,TO_Indonesia,Net_Indonesia,FROM_Malaysia,TO_Malaysia,Net_Malaysia,FROM_Philippines,TO_Philippines,Net_Philippines,FROM_Singapore,TO_Singapore,Net_Singapore,FROM_Thailand,TO_Thailand,Net_Thailand,FROM_Vietnam,TO_Vietnam,Net_Vietnam
2014-12-12,8.413635741195769,1,10.368364254159445,9.83532534765429,-0.5330389065051548,6.815979241260948,6.857477869016705,0.04149862775575741,11.23731557170224,9.623751324542908,-1.6135642471593314,8.36182854539372,9.703867197685767,1.3420386522920467,11.098263206651296,10.441519881625211,-0.6567433250260848,2.6000636280069642,4.019872826649689,1.4198091986427244
2014-12-19,8.23100654803983,1,10.600366956629472,9.84109843168298,-0.7592685249464921,6.55058629862269,6.83989995506866,0.2893136564459695,10.385037418370473,9.4031630942509,-0.9818743241195733,8.193301084972546,9.629240791833851,1.435939706861305,11.054964351141521,9.796678929464065,-1.2582854216774564,2.6017831785022736,3.8759580859385494,1.2741749074362758
2014-12-26,8.474968132872656,1,12.024113576295946,11.269050668639096,-0.7550629076568498,6.212207162239878,6.535799201774509,0.3235920395346312,10.5820179060226,9.812053754609025,-0.7699641514135749,8.429237441057381,9.683863079296145,1.254625638238764,10.949366497711537,9.615174661430828,-1.3341918362807093,2.6528662139085952,3.9338674314862914,1.2810012175776961
2015-01-02,8.500897363791829,1,11.697545716886637,11.641532051120919,-0.0560136657657182,6.193410814134722,6.2638924419969015,0.07048162786217915,10.573072567368229,9.689961206964668,-0.8831113604035608,8.473684150463654,9.315081650414598,0.8413974999509435,11.292054566038303,10.039434344988308,-1.2526202210499946,2.7756163678594277,4.05548248726555,1.2798661194061225
2015-01-09,8.531791738689108,1,11.805136367408537,11.577670285665079,-0.22746608174345795,6.196134249695135,6.223441660754389,0.027307411059254605,10.567129861340248,9.875198223135328,-0.6919316382049203,8.548062519812163,9.452723220051382,0.9046607002392193,11.363109025643126,10.047656322015811,-1.3154527036273151,2.7111784082354404,4.014060720512674,1.3028823122772337
2015-01-16,8.560988709328678,1,11.965429609177079,11.698593643337801,-0.2668359658392774,6.239444231237954,6.290969017781279,0.05152478654332526,10.589213271711543,9.845088752478546,-0.7441245192329973,8.640413420422675,9.471289929800392,0.8308765093777168,11.2118903296101,10.0413280086633,-1.1705623209468001,2.719541393812719,4.0186629039107515,1.2991215100980327
2015-01-23,8.831082396110126,1,12.298231966877182,12.09694774619389,-0.20128422068329144,6.930771818300499,6.9649020788982625,0.03413026059776314,10.39611421894925,9.671667928308423,-0.7244462906408273,9.107119611078645,9.961545081551378,0.8544254704727337,11.428205835830312,10.311255071758396,-1.116950764071916,2.8260509256248696,3.9801764699503934,1.1541255443255238
2015-01-30,8.79806777184122,1,12.314328871878487,12.055970081265912,-0.2583587906125757,6.915462374094304,6.733986694173325,-0.1814756799209789,10.41689096959908,9.82578668956181,-0.5911042800372712,8.85562191312988,9.886322782197283,1.0307008690674024,11.380811865871962,10.316229056722307,-1.0645828091496554,2.905290636473609,3.9701113271266735,1.0648206906530646
2015-02-06,8.850950934254767,1,12.24539552770517,11.995643004624938,-0.24975252308023244,6.914682722831813,6.801237496869831,-0.11344522596198203,10.61348070243082,9.95159616785385,-0.6618845345769699,8.875550326023713,9.839967690663784,0.9644173646400702,11.332354738230592,10.394843036456791,-0.9375117017738006,3.1242415883064893,4.122418209059418,0.998176620752929
2015-02-13,9.143112949339427,1,12.386380097333458,12.11567357163419,-0.2707065256992678,7.022826522261184,6.7955541846779255,-0.22727233758325838,10.792903565327322,10.2535946359409,-0.5393089293864222,9.451592670373188,10.297930934277915,0.8463382639047268,11.982751578321924,10.917490897780397,-1.0652606805415274,3.22222326241949,4.478433471725268,1.2562102093057774
2015-02-27,9.1921787262291,1,12.62249588427052,12.322493819926962,-0.300002064343559,6.993683023570938,6.82864508948451,-0.16503793408642764,10.90925786800777,10.282457203365738,-0.6268006646420332,9.406918205682146,10.229067897788354,0.8221496921062084,11.97317047397938,10.986539288806782,-0.9866311851725982,3.247546901863842,4.503869058002252,1.2563221561384097
2015-03-06,9.200367575132967,1,12.637738615945793,12.346048701115592,-0.2916899148302008,7.087502788908864,6.8757351769178285,-0.21176761199103566,10.931780439522868,10.3064802418521,-0.6253001976707679,9.325076575527973,10.157467941999087,0.8323913664711142,11.995478394472329,11.003537328557158,-0.9919410659151708,3.224628636419979,4.512936060356026,1.2883074239360468
2015-03-13,9.431905068925907,1,12.631661380176737,12.37988319816941,-0.25177818200732816,7.535829866071424,7.440570283321165,-0.09525958275025914,11.208443233176467,10.490221199029392,-0.7182220341470753,9.47359413314652,10.331132430107587,0.8575382969610672,12.514027101463512,11.605641105819501,-0.9083859956440108,3.2278746995207825,4.34398219710836,1.1161074975875778
2015-03-20,9.527242221378451,1,13.019483080192941,12.551955160473184,-0.4675279197197568,7.617796534318487,7.415389936463086,-0.2024065978554006,11.189919090358373,10.978309921089703,-0.21160916926866946,9.352178806277053,10.048279613165391,0.6961008068883388,12.748549370155416,11.806913706407201,-0.9416356637482153,3.2355264469684357,4.362604990672153,1.1270785437037176
2015-03-27,9.508721440493785,1,13.067971783723095,12.56682797069547,-0.5011438130276247,7.616493528979191,7.446569330512361,-0.1699241984668305,11.161014437047285,10.842573278397538,-0.31844115864974754,9.39830482847124,10.102375866272482,0.704071037801242,12.652827127851438,11.745133983276773,-0.9076931445746652,3.1557169368904567,4.348848213808068,1.1931312769176117
2015-04-03,9.228205823440826,1,12.514845930037083,11.88821994792957,-0.6266259821075124,7.438683945901275,7.224090268239337,-0.21459367766193793,11.011803525203064,10.64469727333929,-0.367106251863774,8.43296050964912,9.294158418743763,0.861197909094642,13.105504494913788,12.340689318273604,-0.7648151766401838,2.8654365349406277,3.9773797141193654,1.1119431791787378
2015-04-10,9.728969719108306,1,12.99259857932249,12.27558170924614,-0.7170168700763497,7.47419565630986,7.211419440833595,-0.26277621547626495,11.650968928505307,11.442719561126722,-0.2082493673785848,8.58448593801532,9.558050501972758,0.9735645639574386,15.049271272833508,14.013773851030834,-1.035497421802674,2.622297939663355,3.872273250439818,1.2499753107764633
2015-04-17,9.765602644771915,1,12.555625901971652,11.810975573070891,-0.7446503289007609,7.557975241571853,7.003394741442037,-0.5545805001298163,11.661467872063795,11.4989299569082,-0.16253791515559612,8.101771309512941,9.113114007469335,1.011342697956394,15.773643973029095,15.178482505144757,-0.5951614678843384,2.9431315704821515,3.988719084596241,1.0455875141140893
2015-04-24,9.788213968482134,1,12.732408865287255,11.620607037203996,-1.1118018280832587,7.483592973986077,7.26327910426032,-0.22031386972575717,11.56097824650854,11.950989990353008,0.39001174384446813,8.334211222625527,8.983943996207742,0.6497327735822154,15.49364824963692,14.993315919834203,-0.5003323298027169,3.124444252848491,3.9171477630335545,0.7927035101850635
2015-05-01,9.446527839836596,1,11.996500254805952,11.665024103509111,-0.33147615129684027,7.424284039392603,7.202150593758475,-0.22213344563412818,11.410238523336659,11.136002812419093,-0.2742357109175657,7.719815810166878,8.230879189125119,0.5110633789582408,15.058386214216284,14.885448451884386,-0.17293776233189817,3.0699421971011986,3.559661888323376,0.4897196912221773
2015-05-08,9.425087959735277,1,11.949280946000854,11.700184517830365,-0.24909642817048905,7.3631510902210096,6.739343349153685,-0.6238077410673242,11.520760360832583,11.474603372570343,-0.046156988262239906,7.467505297875704,8.298815523603324,0.8313102257276199,15.075924137961962,14.690693883149521,-0.38523025481244133,3.1739059255195485,3.6468871121044373,0.47298118658488875
2015-05-15,9.355168105980804,1,11.676619569336054,11.152221241735347,-0.5243983276007071,7.538331955118323,7.321256841179277,-0.2170751139390461,11.219208685107333,10.89680172318721,-0.3224069619201231,7.4929162938481255,8.394764609567034,0.9018483157189081,14.870469820263708,14.544326111434117,-0.32614370882959065,3.3334623122112816,3.8216381087818263,0.48817579657054466
2015-05-22,9.231473559803261,1,11.55659211634,11.076314134925994,-0.48027798141400524,7.204244030373218,7.386621167839962,0.18237713746674444,11.096970972466508,10.715330572134363,-0.3816404003321452,7.410538149250129,8.323856969792985,0.9133188205428553,14.851064884170299,14.145643462036404,-0.7054214221338952,3.2694312062194086,3.7410750520899114,0.4716438458705028
2015-05-29,9.3778061317371,1,11.631599521487146,11.114589791406615,-0.517009730080531,7.238733673230897,7.542879238939733,0.30414556570883633,11.32020055904205,10.890905570150451,-0.42929498889159845,7.895172086738981,8.669623913003448,0.7744518262644675,14.992652949500965,14.345300664900009,-0.6473522846009558,3.1884780004225632,3.703537612022373,0.5150596115998098
2015-06-05,9.115677460664417,1,11.38608336536221,10.624237319917398,-0.7618460454448126,6.948453734178642,7.138981939820766,0.19052820564212425,11.061831871552613,10.710592890197546,-0.3512389813550669,7.496166724243665,8.259638435665593,0.7634717114219285,14.668208894318752,14.125030366808758,-0.5431785275099941,3.1333201743306205,3.8355838115764556,0.7022636372458351
2015-06-12,9.026263926352195,1,10.628603044091363,9.811162695813252,-0.8174403482781116,6.874905417745268,7.324787779959365,0.4498823622140975,11.315494590466642,11.04697304626778,-0.26852154419886176,7.540598267628667,8.13188693568307,0.5912886680544034,14.693453262753067,14.012215794197957,-0.6812374685551106,3.104528975428167,3.8305573061917215,0.7260283307635547
2015-06-19,9.043617337915206,1,10.62061261697842,9.840143199869132,-0.7804694171092876,6.887095232933618,7.355057348736452,0.467962115802834,11.290359800449991,11.094096833663272,-0.19626296678671906,7.655995705986626,8.170205268313154,0.5142095623265277,14.712272494099167,13.967218203821233,-0.7450542902779347,3.0953681770434116,3.8349831730880197,0.7396149960446081
2015-06-26,9.065855671268459,1,10.60049433976424,9.837533118450025,-0.7629612213142138,6.896395191549189,7.363722346174413,0.4673271546252238,11.299990952886048,11.094109905487542,-0.2058810473985062,7.677659102425622,8.174386332072174,0.49672722964655236,14.775501086148054,14.018227074619475,-0.7572740115285796,3.1450933548375986,3.9071552508071363,0.7620618959695378
2015-07-03,9.022035972227494,1,10.461582651837602,9.69695282271249,-0.7646298291251128,6.810144085203802,7.044223874700876,0.23407978949707342,11.396193480839202,11.368802683986544,-0.027390796852657218,7.558609907779029,7.905541849127488,0.3469319413484584,15.016638363908555,14.437894661623517,-0.5787437022850384,2.8890473437967756,3.6787999412140806,0.789752597417305
2015-07-10,9.000276573673924,1,10.410057098103167,9.638530167887083,-0.7715269302160834,6.607314909033832,7.186196289954523,0.5788813809206914,11.404107719813709,11.251262848496467,-0.15284487131724234,8.172624227925994,8.159912023549452,-0.01271220437654108,14.829633940055558,14.29564196374433,-0.5339919763112277,2.5779215471112877,3.470116148411705,0.8921946013004174
2015-07-17,8.882368280412479,1,10.017964233075318,9.306653405147756,-0.7113108279275622,6.512447789546002,7.420578373475649,0.9081305839296476,11.23270181681707,10.69358546466053,-0.5391163521565403,8.77113815905183,8.853395767686095,0.08225760863426501,14.507722357327324,13.809014629779753,-0.6987077275475713,2.2522353266573276,3.210982041725117,0.9587467150677895
2015-07-24,8.887732998780358,1,10.001548862188201,9.449487492062715,-0.552061370125486,6.868070529444822,8.022274496762336,1.154203967317514,11.296338688970238,10.890516363739962,-0.4058223252302753,9.03139012306805,8.509637775019243,-0.5217523480488069,14.165961041111004,13.207935163230104,-0.9580258778808997,1.9630887478998318,3.246546701867814,1.2834579539679822
2015-07-31,8.61775614577507,1,9.71396620623409,9.40926465698307,-0.3047015492510212,7.052272255613204,7.648856822738978,0.5965845671257739,10.761430636936126,10.433685424393303,-0.32774521254282263,8.048382268243316,8.710612432937708,0.6622301646943924,13.950318777541966,12.43107949380446,-1.5192392837375053,2.180166730081723,3.0730380437928773,0.8928713137111544
2015-08-07,8.701185174306874,1,9.764226835430733,9.496520567822714,-0.26770626760801974,6.763630794907073,7.474550244214697,0.7109194493076245,11.053328567448588,10.746011448372613,-0.30731711907597514,8.225699837906404,8.893604639484309,0.6679048015779045,14.269869615086122,12.601826511124031,-1.6680431039620913,2.130355395062324,2.9945976348228385,0.8642422397605145
2015-08-14,9.119886202418881,1,10.258278790125487,9.73710488524975,-0.521173904875738,6.963113350136794,7.941162844532883,0.9780494943960889,11.443217474986128,11.376179140202765,-0.06703833478336207,8.645450366589856,8.790954825129205,0.14550445853934946,15.394868792285209,13.919814814212472,-1.4750539780727365,2.0143884403898085,2.9541007051862067,0.9397122647963982
2015-08-21,9.37955337216495,1,10.880543945641719,10.23921947288035,-0.6413244727613687,7.185527104989475,8.467669256920018,1.2821421519305432,11.634818758420366,11.378160657555597,-0.2566581008647688,9.136168378751563,9.083077608387697,-0.05309077036386611,15.647796625589024,14.251439112179042,-1.3963575134099813,1.792465419597562,2.857754125067018,1.065288705469456
2015-08-28,8.776403476993421,1,10.3147402650674,9.612134872948445,-0.7026053921189543,6.854272258912232,7.596234258632833,0.7419619997206013,11.24570189447121,10.855435081753782,-0.390266812717428,8.984490472123483,8.815587925300306,-0.16890254682317618,13.598350977129783,12.999724689642179,-0.5986262874876047,1.6608649942564142,2.779304033682976,1.118439039426562
2015-09-04,8.971021412866337,1,11.36221834949339,10.635794261474175,-0.7264240880192148,6.5567031068820825,7.816838023953267,1.2601349170711842,11.698188558725832,11.139761285128017,-0.5584272735978146,8.919298139578984,8.666067308910911,-0.2532308306680733,13.710000944990782,13.046287631075472,-0.6637133139153093,1.5797193775269562,2.52137996665617,0.9416605891292136
2015-09-11,8.907686418572096,1,11.150066919019622,10.7439675872985,-0.4060993317211228,6.540039737736677,7.712146068893674,1.1721063311569964,11.763345585056555,11.29908095887474,-0.46426462618181574,9.072218269166939,8.514470286974486,-0.5577479821924527,13.56113676926877,12.808229934553594,-0.7529068347151764,1.3593112311840088,2.368223674837566,1.008912443653557
2015-09-18,8.618872451802568,1,10.455263654396617,10.1836214191095,-0.27164223528711773,6.21609697737658,6.809393136476203,0.5932961590996229,11.666986390779769,11.294802842913668,-0.37218354786610064,9.019260316467964,8.788425160268119,-0.23083515619984496,13.139600198503217,12.497209599834946,-0.6423905986682712,1.2160271732912662,2.1397825522129637,0.9237553789216975
2015-09-25,8.724408356491386,1,10.93821883247125,10.514663091229451,-0.42355574124179896,6.186604722436726,7.580276310859105,1.3936715884223787,11.694281938988837,11.424427931467235,-0.2698540075216016,9.305938631229907,8.849792527905265,-0.45614610332464167,12.969016150768724,12.16823948052334,-0.8007766702453836,1.2523898630528691,1.8090507969639305,0.5566609339110613
2015-10-02,8.539526922284033,1,10.21699975831308,10.265806168120449,0.04880640980736928,6.291307476389235,7.218396388154346,0.9270889117651109,11.560446338922745,11.310894158655316,-0.24955218026742898,9.072616816611543,8.646307509518422,-0.42630930709312054,12.842917355280903,11.943178932204106,-0.8997384230767977,1.2528737881866903,1.8525783770515716,0.5997045888648813
2015-10-09,9.20433010978248,1,11.641609862047318,10.786340987136825,-0.8552688749104931,6.740163348017404,7.941555761770928,1.2013924137535241,12.459361641895441,12.182131152750202,-0.2772304891452393,9.782341634740405,9.940674276151427,0.15833264141102177,13.575121237780976,12.781947259425323,-0.7931739783556537,1.0273829342133354,1.5933312214601898,0.5659482872468544
2015-10-16,9.134307632379448,1,11.549544255267989,10.768108589194952,-0.7814356660730368,6.690645282349152,7.764984632300653,1.0743393499515008,12.361987081750442,12.223738863055829,-0.13824821869461346,9.810647341613432,9.697841082073282,-0.11280625954015022,13.381833736426202,12.849157452681752,-0.5326762837444505,1.0111880968694749,1.5020151749701824,0.4908270781007076
2015-10-23,8.887210509799774,1,11.21937082536067,10.464776149696448,-0.7545946756642223,6.679090231604235,7.826970899068542,1.1478806674643067,11.976712654974293,11.89012392172829,-0.08658873324600336,9.705441747676844,9.503732685822897,-0.201709061853947,12.68421225464887,12.195590113884933,-0.48862214076393684,1.0584353445337342,1.4420692885975228,0.3836339440637886
2015-10-30,9.02299566942177,1,11.36410244018792,10.900834789082523,-0.46326765110539725,6.86366642401839,7.998496112614504,1.1348296885961133,11.937159949735957,11.773590481617305,-0.16356946811865214,10.063152323859342,9.953159626978419,-0.10999269688092284,12.735538894866721,12.00372664897614,-0.7318122458905805,1.1743539838622894,1.5081663572617146,0.33381237339942516
2015-11-06,8.934002387514667,1,11.334356996961844,10.783595501527245,-0.5507614954345996,6.799354659179173,7.76885870678872,0.9695040476095471,11.655937224898096,11.795954258486688,0.14001703358859174,9.93674170748693,9.794872801637979,-0.14186890584895195,12.671319346413512,11.932128790999755,-0.7391905554137566,1.2063043901484463,1.528604265647644,0.3222998754991977
2015-11-13,9.126977907056165,1,11.4841011043833,10.898415287640773,-0.5856858167425258,7.033999353620899,8.169426761205713,1.1354274075848139,11.837151652555093,11.863602553093045,0.026450900537952293,10.226144668518671,9.932029969868367,-0.29411469865030426,12.81560078771625,12.257654851700607,-0.557945936015642,1.3648698755427802,1.6407380188284577,0.27586814328567755
2015-11-20,9.330724354456592,1,11.383829975376756,10.723539814387763,-0.6602901609889926,7.0628557906892695,8.315061515746493,1.2522057250572232,12.473439343073665,12.84051423277873,0.36707488970506574,10.360955318677114,9.796067017021258,-0.5648883016558557,13.353223783450503,12.628114641032894,-0.7251091424176082,1.3500419154722465,1.6810489057723998,0.33100699030015335
2015-11-27,9.18927331770748,1,11.70297107080502,10.471566649048725,-1.2314044217562952,6.913276513160625,8.50151158419527,1.5882350710346458,12.771908273014049,13.137757763791512,0.36584949077746387,9.797642080157317,9.319823617188533,-0.4778184629687843,12.50628195360612,12.005116779149219,-0.5011651744569008,1.4435600155017454,1.6998635128716444,0.256303497369899
2015-12-04,9.220805493460077,1,11.925810992463326,10.935075784533183,-0.9907352079301432,6.934502003578345,8.474594032484845,1.5400920289064999,12.9030790832404,13.027086128049945,0.12400704480954516,9.992139417153396,9.610582173421435,-0.38155724373196165,12.174504505454635,11.643171142155069,-0.5313333632995665,1.3947969588703586,1.6343237001159991,0.23952674124564055
2015-12-11,9.386271394459982,1,12.145293884087806,11.289113690843323,-0.8561801932444837,7.236605291320032,8.414128954033501,1.1775236627134689,13.205874152261146,13.690364775122802,0.48449062286165656,10.187720714858955,9.56681800255069,-0.6209027123082649,12.159648744467148,11.742571930702354,-0.417076813764794,1.3824855797648041,1.6146310135072497,0.23214543374244556
2015-12-18,9.20475317765537,1,11.91383611166657,10.63024125819183,-1.2835948534747388,7.2218863029632985,8.784887777318843,1.563001474355545,12.824566850378261,13.157270572912537,0.3327037225342764,9.965595274237884,9.2805526857084,-0.685042588529484,11.630535569496018,11.56823118673401,-0.062304382762008004,1.6720989571901868,1.8073355850666104,0.13523662787642365
2015-12-25,9.12878965028365,1,11.755090618247948,10.64920714485605,-1.1058834733918985,7.120590923342959,8.674572811029464,1.5539818876865041,13.001790257109803,13.364161311929834,0.36237105482003074,9.879036044009766,9.197713508324469,-0.6813225356852968,11.068970720992823,10.93818711626075,-0.1307836047320734,1.9472593379986023,1.9488960093013503,0.0016366713027480273
2016-01-01,8.726773926922059,1,11.359663923883076,10.222346888024177,-1.1373170358588993,6.624632201186003,8.029062154162744,1.4044299529767414,12.452812887443827,12.914906214419076,0.46209332697524985,9.454971700136028,8.69944852436636,-0.7555231757696674,10.597930074718036,10.393769947095237,-0.20416012762279934,1.8706327741653865,2.101109833464747,0.23047705929936058
2016-01-08,8.869218250467307,1,11.08791336236709,10.085176458018239,-1.0027369043488505,6.70330615971335,8.373302729963982,1.6699965702506319,12.609550965487813,13.213725391354728,0.6041744258669155,10.270296360106471,9.024190264708452,-1.2461060953980194,10.68993093408264,10.438502523928548,-0.2514284101540909,1.8543117210464857,2.0804121348299276,0.22610041378344192
2016-01-15,8.619661582503689,1,10.856545828995422,10.055836431866496,-0.8007093971289265,6.6859920796576375,8.085642079308272,1.3996499996506344,12.341261777124458,12.820756071789347,0.4794942946648888,9.826266906558587,8.60383312160127,-1.2224337849573175,9.934733348660089,9.89003013170526,-0.04470321695482937,2.073169554025938,2.2618716587515166,0.18870210472557858
2016-01-22,8.601008659956763,1,10.739086321735101,9.948319118640867,-0.7907672030942337,6.624276919862538,7.938254933142062,1.3139780132795238,12.206590618166942,12.921230426580493,0.7146398084135512,9.847029555503639,8.523214986520188,-1.323814568983451,10.119530471685238,9.936225368825106,-0.1833051028601318,2.0695380727871253,2.338807126031867,0.2692690532447415
2016-01-29,9.065216039670473,1,11.820535556035551,10.593275329760004,-1.227260226275547,7.177186394798156,8.763155898683834,1.5859695038856785,12.858487344330115,13.513876270064657,0.6553889257345418,10.130086058660623,8.970625202721749,-1.1594608559388746,10.539883428135482,10.354979596302229,-0.1849038318332532,1.8651174560629045,2.195383940490345,0.33026648442744033
2016-02-05,9.113043120150934,1,11.737316181443106,10.53181694903563,-1.205499232407476,7.184750221237664,8.615250106486059,1.4304998852483948,12.871638370585288,13.893394240975397,1.021755870390109,10.191414001301112,9.026917651587524,-1.1644963497135876,10.70880480955772,10.703413492775724,-0.00539131678199567,1.9843351367807145,1.9074662800452558,-0.07686885673545873
2016-02-19,8.975365745326334,1,11.428706351663152,10.267698190149034,-1.1610081615141183,7.119065413220682,8.592553309502733,1.4734878962820517,12.940067916763311,13.934759059603536,0.9946911428402245,9.98259379121987,8.707434990314212,-1.2751588009056576,10.47227513493688,10.541787592881349,0.06951245794446947,1.9094858641541066,1.8079613295071226,-0.10152453464698397
2016-02-26,8.687684649010556,1,11.191170410137445,9.889824719763226,-1.3013456903742195,6.740077371058746,8.30450905306077,1.5644316820020236,12.508392212904354,13.629376154720362,1.1209839418160072,9.845695781948308,8.513931495891626,-1.331764286056682,10.112617241287765,10.097932826505627,-0.014684414782138333,1.7281548767267196,1.690533644121743,-0.03762123260497674
2016-03-04,8.975362249515086,1,11.539295203787574,10.094486030667312,-1.4448091731202624,7.17228217829998,8.637974256070436,1.4656920777704556,12.635154012397479,13.871591203936745,1.2364371915392667,10.454714201763267,8.97065569926086,-1.484058502502407,10.311762696741425,10.409873910842663,0.09811121410123747,1.7389652041007935,1.867592396312503,0.12862719221170948
2016-03-11,8.943437106500049,1,11.317259702881913,9.98052711745423,-1.3367325854276828,7.3690372075259205,8.660963291363558,1.2919260838376374,12.353183153495337,13.695963632373264,1.342780478877927,10.705224917973325,9.136259121314481,-1.5689657966588442,10.199010243131085,10.392734841234002,0.19372459810291787,1.7169074139927147,1.7941746352607026,0.0772672212679879
2016-03-18,9.161609168186127,1,11.460401763826852,10.10137401005747,-1.3590277537693822,8.089090615473026,8.985294741924847,0.8962041264518206,12.448451036422966,14.183281823468974,1.7348307870460076,10.800524654656272,9.447038576984497,-1.353486077671775,10.193050812054892,10.286188358673797,0.09313754661890528,1.978136126682756,1.966477498007194,-0.011658628675562
2016-03-25,9.109512736347844,1,11.38843541229079,10.139320711145146,-1.2491147011456434,8.101242331499137,8.888051904888982,0.7868095733898457,12.437092119855308,14.07752681834161,1.6404346984863025,10.637309071482832,9.352043419007302,-1.2852656524755304,10.147031573005336,10.273116290757898,0.12608471775256191,1.9459659099536566,1.9270172739461486,-0.018948636007507957
2016-04-01,9.062826109142515,1,11.632920492646363,10.503733569214845,-1.1291869234315186,8.067478677322512,8.838029960745999,0.7705512834234867,12.198837135566052,13.831874948555807,1.6330378129897554,10.462973421376546,9.109988534472436,-1.3529848869041103,10.029061170595114,10.204885114487752,0.1758239438926381,1.9856857573485058,1.8884445273782546,-0.0972412299702512
2016-04-08,9.17320138342995,1,12.363892634367431,11.395412496264356,-0.9684801381030752,8.030568835531597,8.805730739548977,0.7751619040173807,12.723190194647927,14.429435631761194,1.7062454371132674,10.558825562064001,9.000733244077281,-1.5580923179867199,9.21966892697678,9.516839806468411,0.297170879491631,2.1430621469919657,1.8910563824595243,-0.2520057645324414
2016-04-15,8.78030784872091,1,12.329262463080738,11.23100262205196,-1.0982598410287778,7.1095618116328865,7.898112590951911,0.7885507793190243,12.457739302400668,13.983194682557752,1.5254553801570836,10.017855258411501,8.394716437707473,-1.6231388207040283,9.195439024390993,9.708452666423966,0.5130136420329734,1.5719892324086686,1.4663680926324076,-0.10562113977626097
2016-04-22,8.7667344414278,1,12.585475672460575,11.389572754672102,-1.195902917788473,7.0780117962046205,7.731864044724347,0.6538522485197262,12.365589463706272,13.91965756961639,1.554068105910119,10.011092781964095,8.365739629993286,-1.6453531519708093,9.104896653920846,9.693377253504664,0.5884805995838178,1.455340280310395,1.5001953960560144,0.0448551157456194
2016-04-29,8.667101147420738,1,12.336983471422897,11.271328957733019,-1.0656545136898785,7.119075901111344,7.765976077866327,0.6469001767549827,12.224767628575677,13.768863410641686,1.5440957820660088,10.139674272894169,8.294007941066823,-1.8456663318273456,8.823676873870383,9.328507791513545,0.5048309176431616,1.3584287366499552,1.5739227057030405,0.21549396905308527
2016-05-06,8.635503927671003,1,11.89543614085352,11.029831972296392,-0.8656041685571267,7.3788472386747515,8.05789403663698,0.6790467979622292,12.09825175729604,13.611796978490418,1.5135452211943772,10.100823851434313,8.300272134732438,-1.8005517167018752,8.789177160847174,9.295862656206864,0.5066854953596902,1.5504874169202196,1.5173657876629676,-0.03312162925725204
2016-05-13,8.639016233045536,1,11.965366904437786,11.057421235761979,-0.9079456686758078,7.356697708381645,7.955951176369936,0.5992534679882908,11.70875857087826,13.29218026830641,1.5834216974281503,10.252618755297433,8.37345576069933,-1.8791629945981043,8.911587971436944,9.45328058690285,0.5416926154659052,1.639067487841146,1.701808370232726,0.06274088239158004
2016-05-20,8.794313564648107,1,12.180107487926179,11.130880379341079,-1.0492271085851002,7.938974790251677,8.140805518332968,0.20183072808129054,11.68203020822726,13.457172598717548,1.7751423904902879,10.210361328391201,8.646727644969573,-1.563633683421628,9.1527557900951,9.84311986171626,0.6903640716211612,1.601651782997223,1.5471753848112257,-0.054476398185997255
2016-05-27,8.736882753434848,1,12.071398211349148,11.071631348626724,-0.9997668627224243,7.83208694021765,7.78330942668218,-0.04877751353546955,11.639806981386783,13.681952079103638,2.0421450977168547,10.11440522407922,8.485079240748448,-1.629325983330773,9.10537818313118,9.867780806015986,0.7624026228848066,1.6582209804451082,1.5315436194321137,-0.12667736101299454
2016-06-03,8.812579038326204,1,12.072762056143503,11.04791306873885,-1.0248489874046527,7.946318881204775,8.071320057559987,0.12500117635521235,11.673460682398186,13.709385927361694,2.035925244963508,10.429502446315837,8.660852987009008,-1.768649459306829,9.051652681836714,9.784662652251683,0.7330099704149688,1.7017774820582048,1.6013395370359689,-0.10043794502223591
2016-06-10,9.218956011792642,1,13.004960988079631,11.640562378086912,-1.364398609992719,8.156819717595653,8.96813038089519,0.8113106632995368,12.519834981468719,14.327575865395644,1.8077408839269253,10.453362892441902,8.841320052713328,-1.6120428397285735,9.409277776653497,9.959405832365107,0.5501280557116104,1.76947971451645,1.57674156129967,-0.19273815321678
2016-06-17,9.233232674486558,1,13.005519800414305,11.456892160480592,-1.5486276399337129,8.104633080940019,8.893287021660356,0.7886539407203372,12.728644416870111,14.915063519449163,2.186419102579052,10.432231166782884,8.68165891158317,-1.7505722551997138,9.339832637760765,9.863187491709795,0.52335485394903,1.788534944151266,1.5893069420362451,-0.19922800211502079
2016-06-24,9.385423995431466,1,13.41751707459575,12.12607403312596,-1.2914430414697904,8.147130747467386,8.606015822373081,0.4588850749056945,13.442665532223444,15.629465370586033,2.186799838362589,10.20453245713648,8.160651012968856,-2.0438814441676243,9.512516295573135,10.305292302382284,0.7927760068091487,1.5881818655926025,1.4850454311525993,-0.1031364344400032
2016-07-01,9.244947173342586,1,13.248387985171817,11.763602563154109,-1.4847854220177084,7.773926650883965,8.082628417432119,0.30870176654815396,13.416510712083536,16.092728763044718,2.6762180509611824,9.889848829669134,8.131736792877263,-1.7581120367918714,9.34086626303477,9.992658136437882,0.6517918734031127,1.8001425992122932,1.4063283671094382,-0.39381423210285504
2016-07-15,9.329657033904235,1,13.72083046008099,12.160233992664047,-1.5605964674169428,7.693486170892228,8.036109505170728,0.34262333427849967,13.491654023575606,16.120723779795583,2.6290697562199767,9.805215167803354,8.085679450141939,-1.7195357176614152,9.43779185949569,10.133106827727104,0.6953149682314148,1.8289645215775465,1.442088647926056,-0.38687587365149056
2016-07-22,9.41531262944965,1,13.515692161781956,11.875840347551858,-1.6398518142300986,8.193399095051419,8.148234626841102,-0.0451644682103165,12.996075749885293,15.981917159003373,2.9858414091180805,10.766371341700577,9.435798300545628,-1.330573041154949,9.371413454090458,9.958852855283183,0.5874394011927251,1.6489239741881931,1.0912324874727233,-0.5576914867154699
2016-07-29,9.500826710555318,1,13.792703399411351,12.825754320873216,-0.9669490785381356,7.9539580607434175,7.729643266884807,-0.22431479385861053,13.160653247827014,15.784078090495811,2.623424842668797,10.8246644211237,9.25517078718238,-1.5694936339413204,9.869846921320828,10.352543409002635,0.48269648768180673,1.4031342129055986,1.0577703888930472,-0.3453638240125514
2016-08-05,9.177096910517442,1,12.66295890075753,11.897213917510172,-0.7657449832473588,7.846489413589936,7.524973780623625,-0.32151563296631025,12.937314683960963,15.645168748113832,2.707854064152869,10.582687555821423,8.822136499151398,-1.7605510566700246,9.60550242815556,10.022211727835483,0.41670929967992265,1.4276284808192372,1.150876789870182,-0.2767516909490553
2016-08-12,9.031640121046316,1,12.459683126298842,11.622263935002977,-0.8374191912958651,7.660692174503708,7.190812505014279,-0.46987966948942983,12.798148188861063,15.740408493121237,2.9422603042601736,10.5565131538564,8.70207492093526,-1.8544382329211402,9.257857503284498,9.756874053855071,0.49901655057057326,1.4569465794733816,1.1774068183491266,-0.27953976112425494
2016-08-19,8.331157936731758,1,11.341410351963091,10.67477186604718,-0.6666384859159109,7.047217939380559,6.3702251795848355,-0.6769927597957235,11.69594654299415,14.908493985452552,3.2125474424584013,9.997953346870531,8.070956815447488,-1.9269965314230433,8.28073960616345,8.68560494821648,0.4048653420530286,1.6236798330187696,1.2768948256420316,-0.346785007376738
2016-08-26,8.25264102905025,1,11.159177086006693,10.63517710252124,-0.523999983485453,7.072347173376116,6.313645289687955,-0.7587018836881612,11.385894361670978,14.79661409401551,3.410719732344532,10.044063889902219,7.994534252625272,-2.0495296372769474,8.05459638313718,8.452631492658213,0.3980351095210324,1.7997672802083144,1.32324394279334,-0.47652333741497443
2016-09-02,8.342979437026925,1,11.289227768064833,10.861727386082649,-0.42750038198218476,7.156100452440839,6.285106740652637,-0.8709937117882021,11.715872592216002,14.920615075574801,3.2047424833587996,9.99482836398957,8.087440979580307,-1.9073873844092617,8.102674963539613,8.530641623184081,0.42796665964446845,1.7991724819106878,1.3723448170870967,-0.42682766482359114
2016-09-09,8.016647605955924,1,10.778564555345895,10.21242290860718,-0.5661416467387141,6.675110503702385,5.796657911860024,-0.8784525918423611,11.432341900216102,14.627929645726411,3.195587745510309,9.647476012755916,7.850100920381635,-1.7973750923742813,7.826553727593563,8.250427412781107,0.4238736851875444,1.7398389361216857,1.3623468363792028,-0.3774920997424829
2016-09-16,8.060356930605806,1,10.580118187179423,10.112111137868482,-0.46800704931094117,6.804963629918333,5.892611447569934,-0.9123521823483998,11.807300991067606,14.569068889589659,2.761767898522052,9.570968652100092,7.999235224968203,-1.571733427131889,7.963971190775169,8.37547912916915,0.4115079383939815,1.6348189325942144,1.4136357544694107,-0.2211831781248037
2016-09-23,7.577230661842037,1,10.020876884881389,9.502942714631942,-0.5179341702494469,6.331049103219883,5.773394062759735,-0.5576550404601477,11.300321401198644,13.944220086938756,2.643898685740112,8.871608750627203,7.264513586095603,-1.6070951645316,7.248312654816971,7.506837924048369,0.2585252692313986,1.691215176308134,1.4714755965778465,-0.21973957973028746
2016-09-30,7.599934295341382,1,10.028230913931452,9.477164176639903,-0.5510667372915492,6.289588206915354,5.685245779016057,-0.6043424278992973,11.271932719415418,13.969715484055229,2.697782764639811,8.98034147036175,7.465259245718528,-1.5150822246432227,7.265423112180017,7.610551262557735,0.34512815037771816,1.7640893492443013,1.3916698240608554,-0.3724195251834459
2016-10-07,7.651809594279247,1,10.254237382776225,9.704132272656238,-0.5501051101199863,6.235771780096982,5.544816175530812,-0.6909556045661702,11.365485742177214,14.122840149452898,2.7573544072756846,9.130462500305086,7.605177916412529,-1.5252845838925566,7.236518152218139,7.614309295196634,0.37779114297849503,1.68838200810184,1.319581756426416,-0.36880025167542385
2016-10-14,7.667215945849276,1,10.135552504318326,9.448940722798355,-0.6866117815199715,6.116365097877974,5.466375719226093,-0.6499893786518811,11.509227010282913,14.294116471998038,2.7848894617151245,9.317801004214274,7.790008366644059,-1.527792637570215,7.300609690265787,7.6886216204481315,0.38801193018234414,1.6237403681363816,1.3152327739809806,-0.30850759415540097
2016-10-21,7.47334818238119,1,9.616930093022603,9.00129179566764,-0.6156382973549626,5.898776308950929,5.266508579525578,-0.6322677294253509,11.296715422515291,14.098446088761875,2.801730666246584,9.10944075730768,7.540694704748091,-1.5687460525595895,7.225484194363517,7.590781659232832,0.3652974648693146,1.6927423181271166,1.3423662663511209,-0.35037605177599573
2016-10-28,7.269862104485907,1,9.471871175745989,9.058393408179029,-0.41347776756695964,5.82764320735582,5.251556710613073,-0.5760864967427466,10.916293633337673,13.90547002764437,2.9891763943066962,8.742400658896983,6.86497152459242,-1.8774291343045633,7.136921433222128,7.592380067636839,0.4554586344147111,1.5240425183568505,0.9464008882496984,-0.5776416301071521
2016-11-04,7.280856025760786,1,9.43616030974654,8.862422406713407,-0.573737903033134,5.626995318489662,5.481158252076867,-0.14583706641279548,11.369848671575511,13.354484235270874,1.9846355636953632,8.986809447132202,7.639986580062313,-1.3468228670698892,6.790609192578174,7.4929862322054674,0.7023770396272937,1.4747132150426268,0.8540984482358311,-0.6206147668067956
2016-11-11,7.018808958011171,1,8.918335796261374,8.332839399844659,-0.5854963964167155,5.583173791665345,5.599291803312028,0.016118011646682362,10.872836205100768,12.961588073331882,2.088751868231114,9.060394762085295,8.127366519021919,-0.9330282430633758,6.320745863842731,6.188706579398357,-0.13203928444437452,1.3573673291115114,0.9030613731581525,-0.4543059559533589
2016-11-18,7.153235245785531,1,8.960864629678625,8.338518807822311,-0.6223458218563138,5.633168692029685,5.750873432148708,0.11770474011902365,11.24616411006059,13.070894745635727,1.8247306355751363,9.233393688808647,8.180725149226916,-1.052668539581731,6.49964016320223,6.648384357036761,0.1487441938345313,1.34618019093341,0.9300149828427493,-0.4161652080906606
2016-11-25,7.412452419631546,1,9.132594712091205,8.462166177770413,-0.6704285343207914,5.562036204995636,6.253391663959022,0.6913554589633861,12.346917147457958,13.715998509764432,1.3690813623064741,9.451105551080346,8.570319198993388,-0.8807863520869574,6.6626109609689905,6.537658079091614,-0.12495288187737685,1.3194499411951455,0.9351808882104535,-0.38426905298469194
2016-12-02,7.234827934738486,1,8.358320857376512,7.655635761953462,-0.7026850954230497,5.677513830629962,6.550215261901016,0.8727014312710537,12.342098456019158,13.701777428452132,1.3596789724329739,8.524006216334826,7.674538008517075,-0.8494682078177505,7.254454998215891,6.965209469851857,-0.2892455283640345,1.2525732498545636,0.8615916777553991,-0.3909815720991645
2016-12-09,7.1392686946520385,1,8.238351477527587,7.6334849157912,-0.6048665617363866,5.652319200852702,6.205966869906732,0.5536476690540297,12.050866879567025,13.656770552414287,1.605903672847262,8.432696770480518,7.586338045521117,-0.8463587249594013,7.374827219580695,6.867580289225472,-0.5072469303552225,1.0865506199037043,0.8854714950534088,-0.20107912485029544
2016-12-16,7.216032038881468,1,8.244558204477826,7.627292264687242,-0.6172659397905846,6.260792506267023,6.6979211565545,0.4371286502874767,11.869074848168182,13.506209677614336,1.637134829446154,8.70493058944048,8.060068745785571,-0.6448618436549083,7.183765636538212,6.720330364571012,-0.46343527196719947,1.0330704483970834,0.684370024076145,-0.3487004243209384
2016-12-23,7.415128822469602,1,8.528763693602812,8.045345224163555,-0.4834184694392576,6.2717903030034705,6.467097346029519,0.19530704302604818,12.160826692565038,14.368123869240705,2.2072971766756666,9.156991902356381,8.313331975203212,-0.8436599271531691,7.44020661110855,6.608557705344822,-0.8316489057637284,0.9321937321813607,0.6883168148358436,-0.24387691734551709
2016-12-30,7.608147230708799,1,8.828404393511704,8.354546089545096,-0.4738583039666082,6.2843779411576435,6.727370474782603,0.4429925336249596,12.771474863577794,14.964532678699683,2.1930578151218896,8.877127398577699,8.138333202915177,-0.7387941956625212,7.557156586890315,6.715756266418225,-0.8414003204720899,1.3303422005376433,0.7483446718919993,-0.581997528645644
2017-01-06,7.673831532395906,1,8.689530863982597,8.233822454037082,-0.4557084099455153,6.554391001749337,7.096252008823782,0.541861007074445,12.971805364282986,14.810225942689641,1.8384205784066552,9.057272860818003,8.359127828250465,-0.6981450325675382,7.66386923819438,6.856977984878583,-0.806891253315797,1.1061198653481341,0.6865829756958988,-0.41953688965223535
2017-01-13,7.621536692339274,1,8.737898818232239,8.30002450568196,-0.437874312550278,6.750240297584469,6.830608124127977,0.08036782654350816,12.728217147700363,15.055303085470385,2.327085937770022,8.395727475215125,7.631415233058988,-0.7643122421561372,8.105038748930966,7.3277847447403985,-0.7772540041905671,1.0120976663724832,0.5840844609559355,-0.42801320541654775
2017-01-20,7.831067864139707,1,9.07859118183589,8.370937023800138,-0.7076541580357514,6.684713463614699,7.40048152244681,0.7157680588321114,13.399046699472379,14.998467460903981,1.5994207614316025,8.707886414338276,7.9072756924896055,-0.8006107218486704,8.369506231891137,7.768524077689648,-0.600982154201489,0.7466631936858619,0.5407214075080589,-0.205941786177803
2017-01-27,7.865761221558863,1,9.043731880314112,8.28996455000707,-0.753767330307042,6.678349232736721,7.475285429419202,0.7969361966824806,13.386447662762379,15.16594995722835,1.7795022944659706,8.942736831823069,7.986301138661247,-0.9564356931618221,8.345196384320886,7.722612548420443,-0.6225838359004428,0.7981053373960094,0.5544537056168508,-0.2436516317791586
2017-02-03,7.823171526253056,1,9.040351991173367,8.308138666557554,-0.7322133246158131,6.660306091164216,7.7014095129698035,1.0411034218055875,13.341312862871945,14.913485347908662,1.5721724850367167,8.801921230048421,7.73599371380709,-1.0659275162413309,8.28726768724924,7.718241408351815,-0.5690262788974252,0.8078692950111446,0.5617605079234096,-0.24610878708773498
2017-02-10,8.092101148099701,1,9.581468744433536,8.603328639154483,-0.9781401052790528,6.660394139330862,8.212576233589331,1.5521820942584696,14.002385161426616,15.422033365390519,1.4196482039639022,8.48120169871828,7.396802965708588,-1.0843987330096923,8.854018682580687,8.266562492336703,-0.5874561902439837,0.9731384621082242,0.6513031924185952,-0.32183526968962894
2017-02-17,8.341526603466265,1,9.884538318943413,8.906187515368202,-0.9783508035752106,6.73223058476421,8.258202941171987,1.5259723564077774,14.617104663213055,15.542781536121026,0.925676872907971,8.572419255539558,7.654144935796182,-0.9182743197433751,9.287384097685361,9.065420887584224,-0.22196321010113707,0.9554827006519986,0.6224218047559589,-0.3330608958960397
2017-02-24,8.41138195923616,1,9.919876804723287,8.9553805160662,-0.964496288657088,6.795685599996602,8.357269038275419,1.5615834382788165,14.896843545562987,15.497829965636285,0.6009864200732977,8.594742738461278,7.865596958727181,-0.7291457797340968,9.335127251687283,9.213230186919702,-0.12189706476758033,0.9260158149855187,0.5789850897921838,-0.3470307251933349
2017-03-03,8.907933713520558,1,10.795931872878512,9.673583654515909,-1.1223482183626032,6.531411920794028,8.003776520388257,1.4723645995942292,15.979231475608259,16.31749017718667,0.3382587015784111,8.814337571778239,8.320841507001589,-0.4934960647766502,10.336599375756094,10.378914672208253,0.042315296452159146,0.9900900643082196,0.7529957498226594,-0.23709431448556018
2017-03-10,8.96859304039688,1,11.325729791820706,9.470286833940193,-1.8554429578805127,6.63556928553308,8.03846915362466,1.4028998680915805,15.490476907363117,15.820347428343155,0.32987052098003744,8.91811940969373,8.769594016199946,-0.14852539349378446,10.225811718224804,10.494003802841078,0.268192084616274,1.2158511297458432,1.21885700743222,0.0030058776863768344
2017-03-17,9.105811667191327,1,11.504230044384258,9.411954672365141,-2.0922753720191167,7.074935405453644,8.45521073883647,1.3802753333828264,15.678587794889339,16.127244361744403,0.44865656685506394,8.94470441518979,8.844265400495985,-0.100439014693805,10.337614820790307,10.716605604644869,0.37899078385456164,1.0947975224406292,1.0795892250611274,-0.0152082973795018
2017-03-24,9.172187095727622,1,11.577631579655787,9.522351039781313,-2.055280539874474,7.093907005380416,8.533920742801627,1.4400137374212107,15.724861385336197,16.35733905927202,0.6324776739358242,9.121618097101873,8.883260523797048,-0.23835757330482465,10.39690624367637,10.764506943821985,0.36760070014561563,1.118198263215092,0.9717442648917398,-0.14645399832335215
2017-03-31,9.661202488089407,1,12.739046990284635,10.450175347334465,-2.28887164295017,7.267706625255187,9.720402685560899,2.452696060305712,15.443303451748946,15.91665392751328,0.47335047576433453,8.85276858829313,8.524892509386575,-0.3278760789065558,11.275139357126491,11.496251319177432,0.22111196205094075,2.389249915828046,1.8588391395637842,-0.5304107762642616
2017-04-07,8.985480062012408,1,11.668070191948416,9.88094287090972,-1.787127321038696,6.765864231907813,9.449793831239333,2.6839295993315204,14.104651076106535,14.950535757412439,0.845884681305904,8.411911389476643,7.666401826566954,-0.7455095629096888,10.680547971382666,10.255021318370723,-0.4255266530119428,2.281835511252382,1.7101847675752708,-0.571650743677111
2017-04-14,9.060987961965532,1,11.654289992849016,9.947100425286095,-1.7071895675629207,6.664549131702401,9.5784707620749,2.9139216303724993,14.276337609587245,14.962036744536803,0.6856991349495587,8.59525315823538,7.709918700600923,-0.8853344576344568,10.843711729708986,10.35471537027351,-0.48899635943547537,2.331786149710169,1.8136857690209496,-0.5181003806892193
2017-04-21,8.96527183290143,1,11.463005446198878,9.761426679512084,-1.7015787666867936,6.604637139673997,9.390383579623489,2.7857464399494916,14.103896378211388,14.847258132542905,0.7433617543315165,8.578050039825527,7.743915292095309,-0.8341347477302179,10.767343922686038,10.243754282110487,-0.5235896405755511,2.2746980708127467,1.8048930315242586,-0.46980503928848805
2017-04-28,8.920071680689235,1,11.524607121006596,9.873706832117762,-1.6509002888888347,6.455073932822458,9.118234169880466,2.6631602370580083,14.079715871894052,14.743372001862696,0.6636561299686434,8.46634609959041,7.599055830849736,-0.8672902687406747,10.675021388449238,10.314243212487142,-0.36077817596209627,2.3196656703726575,1.8718180369376256,-0.44784763343503187
2017-05-05,8.996470838776354,1,11.647761695371614,10.006787724477633,-1.640973970893981,6.500972147035739,9.13376519283797,2.632793045802231,13.676740034089889,14.29143461896804,0.6146945848781513,8.33397696285867,7.390911494099839,-0.9430654687588316,11.196025408980148,11.0386525460152,-0.157372862964948,2.6233487843220615,2.117273456259454,-0.5060753280626074
2017-05-12,8.891054300028477,1,11.449049951010366,9.82610628511604,-1.6229436658943257,6.400057505890928,9.149469475110166,2.7494119692192385,13.582226232528356,14.044013950958913,0.461787718430557,8.202188784060624,7.2676416766436915,-0.9345471074169325,11.071297325689713,10.863632805646205,-0.2076645200435081,2.641506000990873,2.1954616066958863,-0.44604439429498655
2017-05-19,8.804777829586342,1,11.205668725550296,9.565735773791829,-1.6399329517584675,6.494691209897297,9.17950906422476,2.684817854327463,13.424665734595337,13.905091313377326,0.48042557878198977,8.18760624542223,7.217887707471107,-0.969718537951124,10.877282608579407,10.783134489165263,-0.09414811941414314,2.6387524534734865,2.17730862948774,-0.46144382398574635
2017-05-26,8.565638431121883,1,10.858777197811605,9.160315797312222,-1.698461400499383,6.353556237042852,9.318973007490058,2.965416770447206,13.077737107748305,13.580117576320973,0.5023804685726674,7.803151712279629,6.822048985911621,-0.9811027263680074,10.664372258680658,10.350117383859029,-0.3142548748216285,2.6362360731682486,2.162257835837437,-0.4739782373308117
2017-06-02,8.757516303948456,1,11.092648283128455,9.297803168433276,-1.7948451146951783,6.522413235420572,9.6266149928409,3.104201757420327,13.22499882669534,13.706315564286484,0.48131673759114335,7.810645738027276,7.0624354213164935,-0.7482103167107823,11.2065136743159,10.652248423642689,-0.5542652506732111,2.6878780661031954,2.1996802531708965,-0.4881978129322988
2017-06-09,8.61698584258763,1,11.13481383798306,9.442380239940931,-1.692433598042129,6.645903720876845,9.726392592940769,3.080488872063924,12.861976654949487,13.2712594053786,0.40928275042911366,7.856990318947837,7.161076587209564,-0.6959137317382726,10.5701206321731,9.90970964367952,-0.6604109884935809,2.6321098905954443,2.191096586376389,-0.44101330421905516
2017-06-16,8.629137445066787,1,10.910984193581825,9.529095414756114,-1.3818887788257115,6.738245323166424,9.959610813763376,3.221365490596952,12.654610067046676,12.834690528887378,0.1800804618407028,7.918591949850054,7.120856091539977,-0.7977358583100767,10.88839915157115,10.03858034843607,-0.8498188031350793,2.6639939851845895,2.291991473017802,-0.37200251216678737
2017-06-23,8.605659503933998,1,10.85574865627271,9.55091808193967,-1.3048305743330388,6.744708404564548,9.96672084982545,3.2220124452609014,12.626215595667475,12.732721971580688,0.10650637591321299,7.869150390732742,7.128683087768081,-0.7404673029646602,10.869637650512672,9.955896791172236,-0.9137408593404359,2.6684963258538374,2.299016241317773,-0.3694800845360646
2017-07-07,8.599686079278209,1,10.885991035808928,9.48543230332072,-1.4005587324882072,6.709379684460984,9.922892887826265,3.213513203365281,12.614278954249428,12.672001382059733,0.057722427810304566,7.77699892317338,7.099151132479236,-0.6778477906941447,10.956605304926995,10.121200628735053,-0.835404676191942,2.6548625730495417,2.2974381412482643,-0.35742443180127736
2017-07-14,8.543326884849018,1,11.082666305177455,9.773386029656933,-1.3092802755205213,6.6243382290100925,9.510737383249378,2.8863991542392853,12.55115355726383,12.921074974414068,0.36992141715023763,7.256943835621485,6.32405597784043,-0.9328878577810542,10.999795453579353,10.3150630743624,-0.6847323792169533,2.745063928441894,2.4156438695709284,-0.3294200588709657
2017-07-21,8.432772184694196,1,10.956819896218065,9.77354140606134,-1.1832784901567237,6.317904543674459,9.539593208599015,3.2216886649245566,12.50182307075707,12.563091902582542,0.0612688318254726,7.172183458078962,6.0886384125074215,-1.0835450455715403,10.83310558469418,10.226111771955374,-0.606993812738807,2.8147965547424434,2.4056564064595136,-0.40914014828292977
2017-07-28,8.482171022057438,1,11.0574046616875,9.865519588019936,-1.1918850736675637,6.499725345754925,9.834001921288788,3.3342765755338633,12.501473884000504,12.523190547968937,0.021716663968433636,7.212582015206621,6.101855585273356,-1.1107264299332655,10.84861437661327,10.14388432157591,-0.7047300550373592,2.773225849081811,2.424574168217717,-0.34865168086409426
2017-08-04,8.58991251888502,1,11.339900476822777,10.094554463795447,-1.24534601302733,6.589327022461674,9.783101051972992,3.1937740295113173,12.519542436927466,12.704732977676542,0.18519054074907615,7.184673473238021,6.213775856915561,-0.9708976163224605,11.097434286122052,10.26225349650025,-0.835180789621802,2.8085974177381274,2.481057266449355,-0.32754015128877256
2017-08-11,8.495315614107419,1,11.530729409629416,10.142879827452731,-1.3878495821766847,6.5092879986647745,9.614676057519887,3.1053880588551124,12.45737340788014,12.358688652066803,-0.09868475581333769,6.765297469665256,6.116808380051509,-0.6484890896137472,10.709180784695917,10.120757480501467,-0.5884233041944498,3.000024614109009,2.61808328705213,-0.3819413270568788
2017-08-18,8.437064930042263,1,11.311352129442184,9.898915769130028,-1.4124363603121566,6.6321546360146755,9.950575782394566,3.3184211463798903,12.40224190961365,11.951335364062828,-0.4509065455508221,6.6899173266534575,6.132936455819916,-0.5569808708335415,10.61788129858546,10.125197271024504,-0.492684027560955,2.9688422799441554,2.563428937821726,-0.4054133421224293
2017-08-25,8.662908686206892,1,11.617860571402232,9.998188394339834,-1.619672177062398,6.750989552707779,10.055542004313466,3.3045524516056872,12.84571829823264,12.447709980560717,-0.39800831767192335,7.0521260190399175,6.422714503922663,-0.6294115151172548,10.685202037966064,10.415074510528413,-0.27012752743765134,3.0255556378927224,2.638222723576277,-0.38733291431644545
2017-09-01,8.583477704850575,1,11.530696809222704,10.002057118674202,-1.528639690548502,6.605402091481096,9.853500234645992,3.2480981431648956,12.772256982409473,12.13662825045158,-0.6356287319578939,6.887710046839871,6.399711587358894,-0.487998459480977,10.580864856713077,10.32224679679804,-0.2586180599150367,3.1239354424372294,2.786722241174772,-0.3372132012624576
2017-09-08,9.014244754494259,1,13.165613887571368,11.00309772493658,-2.1625161626347875,6.629705194411372,10.338060126313778,3.708354931902406,13.252570650873523,12.720154562430608,-0.5324160884429148,7.0757370978263765,6.775272686931828,-0.30046441089454845,10.752788549170887,10.416995176268415,-0.33579337290247224,3.20905314711203,2.831888250084404,-0.377164897027626
2017-09-15,8.998262357207684,1,13.069186252166148,10.986575430656657,-2.0826108215094905,6.671089029384163,10.378640557814876,3.707551528430713,13.166027464648948,12.626565396593051,-0.5394620680558972,7.021740093974202,6.803868142744321,-0.21787195122988123,10.717214235303317,10.354802000422893,-0.3624122348804235,3.3443170677693246,2.839122615014304,-0.5051944527550205
2017-09-22,9.039446387349793,1,13.0458751161772,10.98348845813301,-2.06238665804419,6.432737358567323,10.280892142489947,3.848154783922624,12.96725845253009,12.48080968052696,-0.4864487720031292,7.013117721501757,6.665789374393498,-0.34732834710825955,11.051267880897711,10.664461428364064,-0.38680645253364787,3.726421794424681,3.1612372401912836,-0.5651845542333973
2017-09-29,9.395386565603625,1,14.351896322536902,12.389985924411889,-1.9619103981250134,6.395614851092006,9.996608122193763,3.600993271101757,12.515590782165134,11.911347439811024,-0.6042433423541098,7.095343946491852,6.1750843127000365,-0.9202596337918152,11.516255431227819,11.689906906509876,0.17365147528205682,4.497618060108039,4.209386687995192,-0.2882313721128469
2017-10-06,9.459808012228583,1,14.680776481938281,12.616803085968371,-2.06397339596991,6.432318350764987,10.052107417014199,3.6197890662492114,12.341174021912181,11.669333122769373,-0.6718408991428078,6.9413622483963735,6.204028097636694,-0.7373341507596791,11.40302976517151,11.664691562327093,0.2616617971555826,4.960187205188163,4.551884787655823,-0.4083024175323402
2017-10-13,9.392604417091912,1,14.558928230300992,12.209781532878026,-2.3491466974229667,6.443378270958462,10.129673715080202,3.6862954441217397,12.345369620417486,11.62423414021778,-0.7211354801997061,6.994843493347275,6.296777735352563,-0.698065757994712,11.37685421517034,11.672050118063282,0.2951959028929423,4.6362526723569175,4.423109260959592,-0.21314341139732562
2017-10-20,9.57586943762342,1,14.675610306558823,12.4045402031619,-2.271070103396923,6.485977080208784,10.323717484224375,3.837740404015591,12.919374008877554,12.176148908561231,-0.743225100316323,7.103507800054032,6.561247006380242,-0.5422607936737904,11.470526134389118,11.49391589031164,0.02338975592252268,4.800221295652207,4.495647133101102,-0.3045741625511056
2017-10-27,9.60545227953515,1,14.596019029242456,12.295969259725283,-2.300049769517173,6.762008010568408,10.584164319486007,3.8221563089175987,12.879235560398783,12.18497573168284,-0.6942598287159427,7.302090760796915,6.455388945391135,-0.8467018154057797,11.292140680881104,11.630160377303923,0.33801969642281904,4.8012196353232355,4.4820550436217275,-0.319164591701508
2017-11-03,9.6986298920783,1,14.816631145159917,12.427200415543197,-2.38943072961672,6.8352349556983825,10.697560942153004,3.8623259864546213,13.023867184355112,12.3828946579156,-0.6409725264395121,7.361471555335854,6.603156393714954,-0.7583151616208994,11.313267516002156,11.602122412027157,0.2888548960250006,4.841306995918373,4.478844531115868,-0.36246246480250477
2017-11-10,9.727513653067883,1,15.111601580901564,12.789121455287443,-2.3224801256141205,6.969650343861005,10.686700133476933,3.7170497896159276,13.019626626726676,12.519273269465785,-0.5003533572608916,7.157131581976742,6.461110130373385,-0.6960214516033574,11.245573814662606,11.445617045070833,0.2000432304082267,4.861497970278705,4.463259884732921,-0.39823808554578477
2017-11-17,9.71710530245612,1,15.040702836515521,12.581511137288501,-2.45919169922702,7.012669121233969,10.465215714791015,3.452546593557045,12.976027357711345,12.618572646852385,-0.35745471085895986,7.288202886596807,6.56840549307347,-0.7197973935233364,11.239866486570705,11.541353154415972,0.3014866678452677,4.74516312610838,4.52757366831537,-0.21758945779301087
2017-11-24,9.68655243372571,1,14.838530868354752,12.399454002862726,-2.4390768654920265,7.165085020785128,10.45638243595424,3.2912974151691117,13.300430106753225,13.084074740409008,-0.21635536634421726,7.091010378183029,6.44324948581604,-0.6477608923669891,11.280609861150609,11.507015319946717,0.2264054587961084,4.443648367127523,4.22913861736555,-0.214509749761973
2017-12-01,9.572265170296502,1,14.59187134985207,12.125070933539973,-2.466800416312097,7.156441697642492,10.722382722978452,3.5659410253359596,12.84149187841443,12.534080564918767,-0.3074113134956633,7.222744814502903,6.539380187097862,-0.6833646274050409,11.309108399706048,11.421597748443759,0.11248934873771077,4.311932881661065,4.091078864800181,-0.22085401686088346
2017-12-08,9.550008302175947,1,14.382482204555757,12.16643335146118,-2.216048853094577,7.135883035312702,10.342332883417868,3.2064498481051658,12.639785507945334,12.571223975135581,-0.06856153280975263,7.268468873047439,6.5680453563200984,-0.7004235167273407,11.521389087465138,11.394482708533332,-0.12690637893180678,4.3520411047293095,4.257531538187607,-0.09450956654170284
2017-12-15,9.579643569857057,1,14.30780024932146,12.096850180079642,-2.210950069241818,7.064062296631391,10.33292248792263,3.268860191291239,12.658925275933782,12.530079201336846,-0.12884607459693598,7.5276095250926005,6.722093153170576,-0.8055163719220246,11.55211328288891,11.474760068424885,-0.07735321446402565,4.367350789274198,4.321156328207792,-0.046194461066406234
2017-12-22,9.614283031863026,1,14.34639588583505,12.126160524865043,-2.2202353609700083,7.108833585856829,10.3527144690636,3.2438808832067707,12.776077752167126,12.74062696061577,-0.03545079155135511,7.411296113545674,6.728181188228447,-0.6831149253172271,11.611816058729119,11.369646061785886,-0.2421699969432325,4.4312787950443635,4.36836898661943,-0.06290980842493354
2017-12-29,9.580198536964483,1,14.531621536209258,12.357562917351913,-2.1740586188573445,7.09271715509432,10.124745561506003,3.0320284064116834,12.713419773917792,12.73285284111536,0.019433067197567766,7.396464595403899,6.667550948552176,-0.7289136468517228,11.398018531153582,11.218554129701445,-0.1794644014521367,4.34894963000805,4.379924823560032,0.030975193551981306
2018-01-05,9.257186754903152,1,13.031750364300265,10.81503808264577,-2.2167122816544946,6.78837487835105,9.784405497335683,2.9960306189846335,12.777854370202903,12.79920555729288,0.02135118708997652,7.437833764209614,6.689835508874069,-0.7479982553355455,11.242598093690916,11.16985786346845,-0.07274023022246467,4.264709058664167,4.28477801980209,0.020068961137923225
2018-01-12,9.229147728109998,1,12.82204657586938,10.472938369114303,-2.3491082067550764,7.356506837787606,10.686241906063685,3.3297350682760793,12.760546747749373,12.548071925961224,-0.21247482178814892,7.397527452900931,6.532248668272331,-0.8652787846286003,11.154824188300864,11.311708950821739,0.1568847625208747,3.8834345660518323,3.823676548426718,-0.059758017625114235
2018-01-19,9.240406927630403,1,13.430608920104461,11.41984106551088,-2.010767854593581,7.490054498782456,10.347689944093673,2.8576354453112174,12.710661409265668,12.387645706743555,-0.3230157025221132,7.397825617216057,6.507808877501034,-0.8900167397150227,10.688353985359058,11.237663683440275,0.5493096980812169,3.7249371350547165,3.5417922884930277,-0.18314484656168872
2018-01-26,9.143935149825282,1,13.497652450248793,11.37209125589537,-2.1255611943534234,7.3861086802021845,10.101312275328056,2.715203595125871,12.688279123076057,12.179291846424604,-0.5089872766514532,7.367548696109878,6.490805130184384,-0.8767435659254943,10.227468642360776,11.175537805056308,0.948069162695532,3.6965533069540015,3.5445725860629693,-0.1519807208910322
2018-02-02,9.112752457151984,1,13.4964873856063,11.361559007265654,-2.1349283783406463,7.43776959467877,9.868698662671235,2.4309290679924658,12.362783830269862,11.838604111214764,-0.5241797190550983,7.870104341819399,7.024405519418636,-0.8456988224007631,9.729585559035755,10.846470857209155,1.1168852981734005,3.779784031501819,3.7367765851325174,-0.04300744636930176
2018-02-09,9.710426444643751,1,13.983933175416013,11.848642876551366,-2.1352902988646463,8.562041632375823,11.215624588976809,2.653582956600985,12.746201979903475,12.02788397689713,-0.7183180030063454,8.391666495513135,7.992044267873837,-0.39962222763929844,10.81209523685395,11.117527651940378,0.30543241508642893,3.7666201478001113,4.060835305622973,0.2942151578228618
2018-02-16,9.493429024216212,1,13.598623056271279,11.508971969106412,-2.0896510871648672,7.866141936950541,11.440212812650714,3.5740708757001727,12.111904239771022,11.248944358285499,-0.8629598814855228,8.33491142367832,7.81871021673669,-0.5162012069416306,10.590257231931815,10.274315295749943,-0.31594193618187205,4.458736256694294,4.669419492767986,0.21068323607369166
2018-02-23,9.46852722779365,1,14.063874564034677,11.858683808280688,-2.205190755753989,7.910276087668947,11.263922370499799,3.3536462828308515,12.017767000087488,11.170585698595232,-0.847181301492256,8.535622381635292,7.843857440592529,-0.6917649410427629,9.989811707846357,10.040170170455994,0.050358462609636945,4.293811625489141,4.633943878337661,0.34013225284851956
2018-03-02,9.658923251094516,1,14.50375692539636,12.12075385793257,-2.3830030674637896,7.994353850845329,11.26067011844755,3.266316267602221,12.299800577991135,11.476568546943241,-0.823232031047894,8.535082479512653,7.561477093525625,-0.9736053859870282,10.319486607302707,10.744057581005876,0.4245709737031689,4.301059065518913,4.790012308712278,0.48895324319336453
2018-03-09,9.900724450082526,1,14.249412306014293,11.895531486117449,-2.353880819896844,8.156425872574218,11.404288716289386,3.2478628437151684,12.39661231929621,11.285788877754214,-1.1108234415419957,9.561581374509387,8.67730950559914,-0.8842718689102469,10.388871915119864,10.982121289307045,0.5932493741871809,4.651442912981182,5.159306825427933,0.5078639124467514
2018-03-16,10.051296002151425,1,14.199932129712124,11.970688266202316,-2.229243863509808,8.100436919906656,11.300724231597883,3.200287311691227,12.450067802311324,11.312734481112386,-1.1373333211989376,9.56166370391091,8.755809334180142,-0.805854369730767,11.060518770971157,11.407027139570033,0.3465083685988759,4.935156686096377,5.560792560245787,0.6256358741494097
2018-03-23,10.1669018263133,1,14.27120308835002,12.020331619410655,-2.2508714689393656,8.369705304355449,11.238367363057108,2.868662058701659,12.772261761277477,11.660294959129004,-1.1119668021484728,9.637826026027696,8.891352200899789,-0.7464738251279073,11.378583847151532,11.71955714669997,0.3409732995484376,4.571830930717624,5.4715076686833015,0.8996767379656774
2018-03-30,10.15210360741883,1,14.104430789554954,11.691863292308952,-2.412567497246002,8.57464253322135,10.718171688116641,2.1435291548952904,13.330019499798667,12.741167249298584,-0.5888522505000822,9.80957241867958,8.581969906010286,-1.2276025126692929,10.826000565992771,11.381740357260185,0.5557397912674134,4.26795583726566,5.797709151518362,1.5297533142527016
2018-04-06,9.816373742265105,1,13.910576703389353,11.367083392983048,-2.543493310406305,8.102615966260899,10.954882321358156,2.8522663550972567,13.09279243785764,12.348310940966869,-0.7444814968907707,9.445518617519852,7.727334577281056,-1.7181840402387962,10.218376467939194,10.892927375049624,0.6745509071104294,4.128362260623689,5.607703845951875,1.4793415853281857
2018-04-13,9.881417337751415,1,13.765238503091737,11.346246655442556,-2.418991847649181,8.071579242939364,11.029349310974965,2.9577700680356003,12.753287087515972,12.200688690860133,-0.5525983966558385,9.938990364769296,7.852869941078367,-2.0861204236909288,10.455076135244411,11.152732501768753,0.6976563665243418,4.30433269294771,5.706616926383717,1.4022842334360064
2018-04-20,9.957377676886756,1,13.587426366239583,11.288395946796868,-2.2990304194427154,8.64917493729051,11.954884410802563,3.305709473512053,12.773590360532921,11.981233096993094,-0.7923572635398273,10.015980599794474,7.825999507037338,-2.1899810927571366,10.447863973390781,11.045080513137634,0.597216539746853,4.27022982407226,5.648672586553033,1.3784427624807734
2018-04-27,9.598073499596504,1,12.988247200739522,10.523959786825088,-2.464287413914434,8.799680839005134,12.48695117073774,3.6872703317326057,11.689837330743075,11.270320941996005,-0.41951638874706987,9.540656036005757,7.381973319762949,-2.158682716242808,10.157899902743097,10.319899393731973,0.161999490988876,4.412119688342443,5.605336384525259,1.193216696182816
2018-05-04,9.323755772437488,1,12.690029786815018,10.161650879064155,-2.528378907750863,8.703574205239605,12.394618742782924,3.69104453754332,11.316047066431267,10.768502599396825,-0.5475444670344416,9.354489494558607,7.4806125350369825,-1.873876959521624,9.61567526444776,9.419813717977902,-0.19586154646985676,4.262718817132679,5.717336160366159,1.4546173432334797
2018-05-11,9.283274821867339,1,12.341981556055657,10.090291739966403,-2.251689816089254,8.66397328086488,12.514573935959689,3.8506006550948086,11.437676841761174,11.082472209825951,-0.3552046319352229,9.285575927668802,7.463115388658451,-1.8224605390103505,9.803472927861222,8.800469654797638,-1.0030032730635838,4.166968396992303,5.748726001995891,1.5817576050035882
2018-05-18,8.949447532840388,1,11.538385773323611,9.273829251450763,-2.264556521872848,8.479783672595687,12.518326019439527,4.03854234684384,11.059181797215956,10.815635463371123,-0.24354633384483293,9.288176850913828,7.464425722983634,-1.8237511279301941,9.550339059784733,8.076770060905659,-1.4735689988790739,3.7808180432085123,5.547698678891635,1.7668806356831226
2018-05-25,9.075987008500968,1,11.884013098665761,10.23954284209887,-1.6444702565668905,8.629579872178425,12.561961520185164,3.9323816480067393,11.03697624185213,10.544608812002963,-0.4923674298491676,9.347945685560504,7.310360524103686,-2.0375851614568177,9.441250864505676,7.9292149416181275,-1.5120359228875486,4.116156288243317,5.870233410996974,1.7540771227536567
2018-06-01,9.007080550647174,1,11.558794915007468,10.074213316904476,-1.4845815981029915,8.570230454883884,12.344378360432685,3.7741479055488014,10.878403995638664,10.692688991275787,-0.18571500436287636,9.529852386390402,7.13688559606652,-2.3929667903238823,9.41858073500542,7.84336022564824,-1.5752205093571803,4.086620816957208,5.950956813555294,1.8643359965980864
2018-06-08,8.70551699194021,1,11.174557855408935,9.865847243023723,-1.3087106123852124,8.355424650326512,11.57823366730004,3.222809016973528,10.705200782706967,10.357626647231953,-0.34757413547501415,9.231007653649684,6.9221757030704225,-2.308831950579261,9.036589318176453,7.862171732472305,-1.1744175857041483,3.7303216913727084,5.647046958542802,1.9167252671700936
2018-06-22,9.461497190410293,1,11.94498492837873,10.502297993167957,-1.442686935210773,9.273188048281554,12.94215657446479,3.668968526183235,11.698260380085728,11.146372007253902,-0.5518883728318258,10.090903564802161,7.507158032110652,-2.583745532691509,9.953495923105962,8.58413652748979,-1.369359395616172,3.8081502978076287,6.086862007974688,2.278711710167059
2018-06-29,9.341862926856743,1,11.75108030509098,10.64998743572474,-1.1010928693662407,8.999170775558355,12.915961407971636,3.9167906324132815,11.606642968612704,11.110034301248021,-0.4966086673646828,10.043194782814581,7.588980659035499,-2.4542141237790815,9.910772338306074,8.16184044408341,-1.7489318942226646,3.7403163907577692,5.624373313077143,1.884056922319374
2018-07-06,9.424733083754708,1,11.779983083551215,10.706506867773484,-1.0734762157777311,9.136803647647,13.03318455619194,3.8963809085449412,11.731230878171502,10.867085363013544,-0.8641455151579578,10.335460756042934,7.7564522354206105,-2.579008520622324,9.874810787106398,8.253044888017541,-1.6217658990888566,3.6901093500091946,5.932124592111066,2.2420152421018713
2018-07-13,8.820759682819217,1,10.98185006878876,9.706797385358257,-1.275052683430502,8.630707794609918,13.183278649526457,4.552570854916539,11.261976057342537,10.065839584258242,-1.1961364730842945,9.787132735618158,7.185511004979503,-2.601621730638655,9.086384468849417,7.0735283957254325,-2.0128560731239844,3.176506971706516,5.709603077067413,2.5330961053608974
2018-07-20,8.535993821715685,1,11.079177799829083,9.671582847273982,-1.407594952555101,8.717471269188849,12.395182018610967,3.6777107494221184,9.52561543429293,9.229211906575387,-0.2964035277175441,9.565045492632024,7.067555864343333,-2.4974896282886903,8.998647834289756,6.9295494106280415,-2.069098423661714,3.33000510006147,5.922880882862444,2.5928757828009736
2018-07-27,8.542769571605577,1,10.974657808843617,9.503570441513105,-1.4710873673305116,9.011634210952863,12.827112149887768,3.8154779389349045,9.610808323242225,9.024981564593787,-0.5858267586484374,9.416566157119135,7.01294222224584,-2.403623934873295,9.141457314594533,6.818232303342839,-2.3232250112516937,3.101493614881093,6.06977874805014,2.968285133169047
2018-08-03,8.09531862850423,1,10.21240868850333,8.745636459822293,-1.4667722286810374,8.307928732140084,12.65597516109868,4.348046428958597,9.172722894447972,8.626632866032153,-0.5460900284158186,8.9632600141056,6.692935899831639,-2.2703241142739614,8.708418692273597,5.899781564058998,-2.808637128214599,3.2071727495548004,5.950949820181677,2.7437770706268765
2018-08-10,7.840656915354425,1,9.766501844024774,8.68380570849628,-1.0826961355284936,7.942946622924552,11.78333277301067,3.8403861500861183,8.515732339236806,8.265152312772841,-0.2505800264639646,8.56288444616007,6.326790773708808,-2.2360936724512612,8.155989909459905,5.4859171041925805,-2.670072805267324,4.0998863303204445,6.4989428199454125,2.399056489624968
2018-08-17,7.631046093146961,1,9.271021449141514,8.084528951325211,-1.1864924978163032,8.095985434372196,11.372327893945823,3.276342459573627,8.910508683279673,9.073947613468135,0.16343893018846245,8.594358358218301,6.028236483746696,-2.5661218744716052,7.728919574627682,5.092047345663971,-2.6368722289637105,3.185483059242401,6.135188270731916,2.9497052114895155
2018-08-24,7.724872134118502,1,9.431170723471112,8.338785263861055,-1.0923854596100568,8.21554483579908,11.527176374092292,3.311631538293213,8.891229822997659,9.104440766086086,0.21321094308842703,8.982277721037619,6.248529818228661,-2.7337479028089575,7.6134158818869935,4.909272933360981,-2.7041429485260124,3.2155938195185456,6.22102764908189,3.0054338295633443
2018-08-31,7.67990858101511,1,9.5606347061387,8.060611145521506,-1.500023560617194,8.211592951632767,12.37079806713956,4.1592051155067935,8.858616493584819,8.61088228428116,-0.2477342093036583,8.559934819205537,6.121215649217547,-2.4387191699879907,7.5511646468252,4.6013144077169414,-2.949850239108258,3.3375078687036392,6.314629932213961,2.977122063510322
2018-09-07,7.855531892588854,1,9.840255825166295,8.473337909415008,-1.3669179157512872,8.22014545087697,12.63478069737539,4.41463524649842,9.192795300330218,8.772714623012263,-0.42008067731795506,8.681969601353444,6.2618883825604,-2.420081218793044,7.73436362864426,4.82508717637036,-2.9092764522739003,3.463661549161941,6.165382566799707,2.701721017637766
2018-09-14,7.9658148807775815,1,9.94555059198106,8.47880630601864,-1.4667442859624202,8.015981966160737,12.724335368066988,4.708353401906251,9.247294277859368,8.942396495034245,-0.3048977828251225,8.640950686568061,6.197231239323003,-2.4437194472450585,7.904362023142028,5.33033153915062,-2.5740304839914074,4.040749738954233,6.121788337071962,2.081038598117729
2018-09-21,7.873297875422878,1,10.047290573348533,8.540593162290278,-1.506697411058255,7.990832285653866,12.630763280089894,4.639930994436028,9.33437744112939,8.853196655953099,-0.48118078517629215,8.311910951734035,6.220735226299254,-2.0911757254347805,7.551781089791035,5.24269262862795,-2.3090884611630855,4.003594910880409,5.751806299276808,1.748211388396399
2018-09-28,7.684447210540611,1,10.074839574570717,8.651394394106148,-1.4234451804645687,7.775417256902784,12.561111641555158,4.785694384652373,8.980709545654463,8.365173344774092,-0.6155362008803706,8.246190791645787,6.029144771641825,-2.217046020003963,6.970280748424358,4.906444991410837,-2.0638357570135213,4.059245346045557,5.593414119755607,1.53416877371005
2018-10-05,7.989617651782583,1,10.647339116406428,9.232669079354409,-1.4146700370520193,7.871554304330431,12.660520565659453,4.788966261329023,9.630099828617986,9.108320260471942,-0.5217795681460444,8.366407471014043,6.175945649485328,-2.1904618215287144,7.199245692144601,4.8757225257483725,-2.323523166396228,4.22305949818201,5.88452782997598,1.6614683317939694
2018-10-12,8.155569222852606,1,10.622238491141161,9.37545577912222,-1.2467827120189412,8.178251012471392,13.033137241594602,4.85488622912321,9.662130212173167,8.979113800338595,-0.6830164118345721,8.660583914144112,6.5766615206674,-2.083922393476712,7.3387588509377935,5.231599129425945,-2.1071597215118487,4.471452856248007,5.737447865966857,1.26599500971885
2018-10-19,8.231285147394535,1,10.706088812202637,9.341715024136391,-1.3643737880662457,8.226435495985086,13.455371366293193,5.228935870308106,9.713845204194769,8.992718053124733,-0.7211271510700357,8.78280848396345,6.982406408411791,-1.8004020755516592,7.397840769387983,5.270924391921923,-2.1269163774660598,4.560692118633284,5.344575640479192,0.7838835218459081
2018-10-26,8.46048404334295,1,10.785332760732913,9.51198707936399,-1.273345681368923,8.676717685887425,13.223326899563332,4.546609213675907,9.537289553026852,8.871593647658244,-0.665695905368608,9.149014484853666,7.415155847891654,-1.7338586369620117,7.479389492535219,5.912316322385408,-1.5670731701498113,5.135160283021619,5.828524463195066,0.6933641801734467
2018-11-02,8.837728007062758,1,11.510941161296245,10.165780002277756,-1.3451611590184882,8.998730585620834,13.81198566236263,4.813255076741797,9.72361471895563,9.015796698527978,-0.7078180204276521,9.667318048057624,7.6560088789165235,-2.0113091691411,7.817892830182302,6.240206362220803,-1.5776864679614988,5.307870698263912,6.136590438070854,0.8287197398069424
2018-11-09,8.685719300880251,1,11.310214165082613,10.0100405563972,-1.3001736086854123,8.565116829606708,13.660378855436932,5.095262025830223,9.693102136600018,8.910016623981576,-0.7830855126184417,9.74438061763783,7.742400467391548,-2.0019801502462826,7.715022563234143,5.931815618021602,-1.783206945212541,5.086479493120194,5.859663684052663,0.7731841909324686
2018-11-16,8.708146583544211,1,11.288632265664589,10.121476402697908,-1.1671558629666805,8.45451675306127,13.569508028407228,5.114991275345957,9.681862561838955,9.058553669933772,-0.6233088919051823,9.969042745681008,7.545523098663182,-2.4235196470178266,7.747294760427565,5.813885576247159,-1.9334091841804053,5.107530414591878,6.139932725316001,1.0324023107241231
2018-11-23,8.646722302832265,1,11.086586809135113,9.506160960770274,-1.5804258483648397,8.507756073447851,13.351832299916978,4.844076226469127,9.153892118074609,8.750133748078909,-0.4037583699956997,10.043952827577897,7.668070258400718,-2.375882569177179,7.5600658719598925,6.20167413917153,-1.3583917327883626,5.528080116798222,6.402462410655161,0.8743822938569394
2018-11-30,8.803979358647497,1,11.815410060942142,10.164447498495974,-1.6509625624461677,8.508252374457655,13.544717198666461,5.036464824208807,9.196611712198106,8.691660954294619,-0.5049507579034866,10.041327956291411,7.686731344256344,-2.354596612035067,7.698998238967988,6.336385233981304,-1.3626130049866845,5.563275809027687,6.3999339221903,0.8366581131626134
2018-12-07,8.882121519978512,1,11.57425862362804,9.737418358295528,-1.836840265332512,8.696120260289831,14.10891678462744,5.412796524337608,9.172969935923419,8.368565060249026,-0.8044048756743933,10.996315943565932,8.701208177887324,-2.2951077656786083,7.635855364845568,6.182900385406967,-1.4529549794386014,5.2172089916182784,6.193720353404785,0.9765113617865069
2018-12-14,8.800795411254349,1,11.61877842277761,9.91600201495794,-1.7027764078196697,8.900992099522512,13.651828975731021,4.75083687620851,9.113664571414034,8.362300421290243,-0.7513641501237913,10.877255352667376,8.60922707215964,-2.2680282805077354,7.232198344005212,6.133006777686731,-1.0991915663184813,5.061883677139349,6.132407205700517,1.0705235285611678
2018-12-21,8.882325307478363,1,11.312126005580282,9.697761992561269,-1.6143640130190136,9.337778039063764,13.827668203471248,4.489890164407484,9.130653562022644,8.353886611400313,-0.7767669506223314,11.025831877039707,8.789750740274712,-2.2360811367649944,7.466318562640126,6.511673744998006,-0.9546448176421194,5.021243798523656,6.113210552164659,1.0919667536410032
2018-12-28,8.88273747363674,1,11.403709282668828,9.593094851038757,-1.8106144316300714,9.299045917351634,14.073503008386027,4.774457091034392,9.248407644816666,8.476709922718385,-0.7716977220982812,10.806467045521089,8.651955398019098,-2.154511647501991,7.583704297298723,6.456974465124446,-1.1267298321742771,4.955090654163499,6.044187196533713,1.0890965423702141
2019-01-04,8.732040543019819,1,11.418151005899787,9.554808806633375,-1.8633421992664125,9.186898721941049,14.11691189993914,4.930013177998092,9.197425155288713,8.235405514169855,-0.9620196411188573,10.153956237551157,8.30031137628265,-1.8536448612685064,7.522811282457766,6.222123907495188,-1.3006873749625782,4.913000854980439,5.962681753598645,1.049680898618206
2019-01-11,8.851066531130785,1,11.54774961402103,9.706295672918984,-1.8414539411020456,9.227996179247242,14.371466499827363,5.143470320580121,9.1249152004238,8.02515291949976,-1.0997622809240397,10.1957328591713,8.48545516007303,-1.7102776990982704,7.640080674004793,6.351331226242053,-1.28874944776274,5.369924659916549,6.166697708223495,0.796773048306946
2019-01-18,8.776184926853217,1,11.52439841685252,9.609909685566876,-1.914488731285644,9.230970551487673,14.356393678397637,5.125423126909965,9.235787309177013,8.02391755218693,-1.2118697569900831,10.199511925791043,8.493437800300242,-1.706074125490801,7.650714033834049,6.19359356923151,-1.4571204646025393,4.815727323977001,5.9798572754361174,1.1641299514591168
2019-01-25,8.782292056826181,1,11.622799699879778,9.588011755236721,-2.034787944643057,9.396587438448549,14.687361655254648,5.290774216806099,9.00626026340079,7.813307835826436,-1.1929524275743546,10.109455542839711,8.478034941477844,-1.6314206013618673,7.722022219127325,6.159853705591956,-1.5621685135353687,4.836627177260937,5.967182447569456,1.1305552703085198
2019-02-01,8.565642759256528,1,11.384300033652167,9.125153996685668,-2.2591460369664986,9.163253157964022,14.852785134311006,5.689531976346984,8.939961246972075,8.076508267342817,-0.8634529796292583,9.845201690941622,8.213506359892165,-1.6316953310494569,7.526416060030215,5.339834214807084,-2.186581845223131,4.5347243659790735,5.786068582500448,1.2513442165213746
2019-02-15,8.921250158838504,1,11.690152500944805,9.573924205160182,-2.116228295784623,9.450244898536582,15.393755592802464,5.943510694265882,9.175150751137082,8.245138938962725,-0.9300118121743566,10.82699296980634,8.816323755064062,-2.010669214742279,7.555994229244504,5.548664880054687,-2.007329349189817,4.828965603361709,5.94969358098686,1.120727977625151
2019-02-22,9.111848387356341,1,11.839864764659666,9.761721913709948,-2.0781428509497175,9.67519417772165,15.323681346555347,5.648487168833697,9.586220227658444,8.39234596754234,-1.1938742601161039,10.954545310730524,9.1517382294833,-1.8028070812472237,7.573960859174036,5.736615979813664,-1.8373448793603728,5.041304984193729,6.304986887033522,1.2636819028397923
2019-03-01,8.808051701934177,1,10.477799927705561,8.899434481300787,-1.5783654464047743,9.796806966718435,14.901281962368884,5.104474995650449,8.892697503903008,7.577273941103186,-1.3154235627998219,11.000774003749427,9.226355372914199,-1.7744186308352283,7.483873888279717,5.715149820131501,-1.7687240681482166,5.196357921248918,6.52881463378651,1.3324567125375921
2019-03-08,8.728474875810845,1,10.587594978673593,8.907181407131759,-1.680413571541834,9.52906224865751,14.803630871580623,5.274568622923113,8.942931481142523,7.446115906880223,-1.4968155742622997,10.92065548623819,9.21800726339464,-1.7026482228435498,7.240375721644639,5.588769126215439,-1.6516065954292003,5.150229338508609,6.407144679662352,1.2569153411537428
2019-03-15,9.955883217518382,1,10.465428938988595,8.794979061437687,-1.670449877550908,13.717993889276514,17.69603149155023,3.978037602273716,9.065002182066792,8.462113827639612,-0.6028883544271793,13.124199634910084,11.286433933303684,-1.8377657016064006,7.905340593889207,6.7683127019984966,-1.1370278918907104,5.457334065979097,6.727428289180608,1.2700942232015109
2019-03-22,9.584984444904771,1,9.295652289737191,8.850931927459342,-0.44472036227784884,13.750270713584484,15.340992921802382,1.5907222082178976,8.743001353321418,8.403880775603241,-0.3391205777181767,13.06063211975578,11.301180309613272,-1.759451810142508,6.8391337967711365,6.558188678982717,-0.2809451177884199,5.82121639625862,7.054732055967676,1.233515659709056
2019-03-29,9.27255505604699,1,9.48732066734928,8.805615781331383,-0.6817048860178971,13.038778779897797,14.461312960206428,1.4225341803086309,8.702198053505171,8.286044877148456,-0.41615317635671545,12.120818474928058,10.64251412352803,-1.478304351400027,6.889046713676166,6.252728345226188,-0.6363183684499774,5.3971676469254675,7.1871142488414534,1.789946601915986
2019-04-05,9.592755725909887,1,10.056527636764628,9.22647230577006,-0.8300553309945684,12.98416808904274,14.466525055250486,1.482356966207746,9.015365706912661,8.665217658160657,-0.3501480487520041,12.001964291379423,11.21851797796782,-0.7834463134116021,7.472818533507919,6.841392682436876,-0.6314258510710431,6.02569009785195,7.1384086758733645,1.1127185780214148
2019-04-12,9.845621482217934,1,10.407973063205404,9.145585333769432,-1.2623877294359716,12.9687506274161,14.743375486239742,1.7746248588236426,9.419284865938096,8.775065877838927,-0.6442189880991691,12.380925126189496,12.353353164644503,-0.027571961544992973,7.836383464812897,6.927827627595178,-0.9085558372177189,6.060411745745611,7.128521403219835,1.0681096574742242
2019-04-19,9.872598268832375,1,10.473883618132376,9.222936459377948,-1.2509471587544283,12.972396295946979,14.844330350068788,1.8719340541218088,9.58628763617645,8.677268018225988,-0.909019617950463,12.388162744165399,12.347647313109121,-0.04051543105627786,7.811389187743217,6.955687194728554,-0.8557019930146623,6.003470130829825,7.187720277483876,1.1842501466540512
2019-04-26,9.959392287941013,1,10.350408874044476,9.117294009088013,-1.2331148649564625,13.304921743021566,14.974711470708144,1.6697897276865774,9.627404059881002,8.955045516012007,-0.6723585438689952,12.452093771733175,12.334814786977987,-0.11727898475518828,7.854487994761982,7.009123237636615,-0.8453647571253669,6.167037284203872,7.365364707223321,1.1983274230194496
2019-05-03,10.059911872672599,1,10.215992161829433,8.998378165818195,-1.217613996011238,12.99286755028622,14.905527021326137,1.912659471039916,9.775209798116492,8.980905538725025,-0.7943042593914669,12.744049540136075,12.595274835163437,-0.148774704972638,8.436681594115427,7.419018827679494,-1.017662766435933,6.19467059155194,7.460366847323314,1.265696255771374
2019-05-10,10.28889065865584,1,10.221152591920955,9.199764195275279,-1.0213883966456763,13.767398505102136,14.93367216128857,1.1662736561864335,9.707404949879447,8.984787713836795,-0.7226172360426517,13.035350076617704,13.129420673434112,0.09407059681640817,8.405983984966468,7.787988355309707,-0.617995629656761,6.596053843448331,7.69771085279055,1.1016570093422189
2019-05-17,10.445547518992578,1,10.688240959035653,9.424857443266944,-1.2633835157687088,13.397555833097186,14.751467548656663,1.3539117155594766,9.923711225843249,9.225183684606307,-0.6985275412369418,13.222705082370766,13.425486420707117,0.2027813383363508,8.58301074693243,8.102235721212253,-0.4807750257201775,6.858061266676188,7.744054295506231,0.8859930288300433
2019-05-24,10.642366538279495,1,11.048721403304668,9.817318200691929,-1.2314032026127393,13.310845046617985,14.482086198378212,1.1712411517602277,10.33688310381767,9.683992756205,-0.6528903476126686,13.280882356469093,13.434621925437767,0.1537395689686747,8.741621069025044,8.221687118182302,-0.5199339508427414,7.135246250442506,8.214493030781796,1.0792467803392896
2019-05-31,10.83571778802324,1,11.312165598388603,10.101007287613655,-1.2111583107749482,13.261859506447806,14.449542970688825,1.1876834642410188,10.826851436814934,10.059630911642799,-0.7672205251721351,13.775492497938174,13.944394963916992,0.16890246597881742,8.52731993634876,7.990481271434504,-0.5368386649142565,7.310617752201168,8.469249322842728,1.1586315706415604
2019-06-14,10.955286585158271,1,11.969454444930179,10.40482477464127,-1.5646296702889089,13.550379604643467,14.939393073373964,1.3890134687304965,10.52632630314362,9.695536339097643,-0.8307899640459766,13.557496605097512,14.05835358989124,0.5008569847937281,9.04093228527698,8.17527565266181,-0.8656566326151705,7.087130267857873,8.458336081283662,1.3712058134257887
2019-06-21,11.102553723410798,1,11.98406533161021,10.354903895962522,-1.6291614356476884,13.799915659673673,15.413059342813938,1.6131436831402652,10.498614383874823,9.811270170838469,-0.6873442130363543,13.856251689367937,14.447832659738395,0.5915809703704582,9.49743966806679,8.438544885624296,-1.0588947824424935,6.979035607871353,8.14971138548718,1.170675777615827
2019-06-28,10.797602037075569,1,11.688101543549365,10.051646852039141,-1.6364546915102238,13.401182955112333,14.447854740249952,1.0466717851376188,10.423805202452229,9.722004356388922,-0.701800846063307,13.079484602257637,14.31247518583632,1.2329905835786832,9.460215175682407,8.042420919443742,-1.4177942562386647,6.7328227433994385,8.209210168495275,1.4763874250958366
2019-07-05,10.891519157083493,1,11.914325568692703,10.060325352912983,-1.8540002157797204,13.335793517064573,14.186534095069007,0.8507405780044337,10.658208181180868,10.043857628065382,-0.6143505531154858,13.127552656402713,15.04916788123981,1.9216152248370975,9.727793507876342,7.8008250637514465,-1.9269684441248955,6.585441511283761,8.208404921462346,1.6229634101785848
2019-07-12,12.795563473021929,1,15.432821214530847,14.361807303294725,-1.0710139112361219,13.150683855151428,13.387611515703867,0.23692766055243908,10.904586443787395,9.733132456279463,-1.171453987507931,13.988665012242663,14.929355811613064,0.940690799370401,11.815877007331352,12.070241570991541,0.25436456366018945,11.480747305087888,12.291232180248883,0.810484875160995
2019-07-19,12.491465356364863,1,15.226902850259307,14.081459790170342,-1.1454430600889651,12.659310734200176,13.342476080649817,0.6831653464496412,10.975685383152069,9.85654929292221,-1.1191360902298584,13.7481302801868,15.053926514198693,1.3057962340118934,11.085457488813162,11.031525946292646,-0.05393154252051602,11.253305401577663,11.582854513955454,0.3295491123777907
2019-07-26,12.539279990218915,1,15.259169269922523,14.212733614678697,-1.046435655243826,12.513405926554256,13.077291631205625,0.5638857046513692,11.13793358371369,9.953640409735442,-1.1842931739782472,13.934320761074488,14.95004877266237,1.015728011587882,10.84148324747764,10.91640076847284,0.0749175209952,11.549367152570895,12.125564744558503,0.5761975919876079
2019-08-02,12.69372514567803,1,15.798137839913707,14.50820238131142,-1.2899354586022866,12.871315403885333,13.411248118727741,0.5399327148424078,11.114990267698758,9.921016130996392,-1.1939741367023657,13.778491944773322,14.979895920409447,1.2014039756361257,11.277427496025226,11.0546721948877,-0.22275530113752495,11.321987921771836,12.287316127735494,0.9653282059636581
2019-08-09,12.83816938916929,1,15.838106081218768,14.473910710369879,-1.3641953708488899,13.116858956707475,13.650250789608876,0.5333918329014011,11.350890205729542,10.139606159392216,-1.211284046337326,13.965329987894336,15.282362647459948,1.317032659565612,11.294211809917627,11.369401858600995,0.07519004868336765,11.463619293547993,12.113484169583813,0.6498648760358208
2019-08-16,12.797103710855636,1,15.578692185462174,14.30960591625444,-1.2690862692077332,13.089657162277575,13.6048713161952,0.5152141539176256,11.277952013246875,10.06256289109453,-1.2153891221523452,14.003685655279057,15.005040694860071,1.0013550395810142,11.29289569486859,11.540254479977747,0.24735878510915654,11.539739553999539,12.260286966751863,0.7205474127523246
2019-08-23,12.790072366603269,1,15.698141965785993,14.456000543887953,-1.2421414218980402,13.105440284544372,13.580357896889595,0.474917612345223,11.201274345425617,10.012952716062415,-1.1883216293632017,13.887214165822243,14.831180063077483,0.9439658972552394,11.327566020795246,11.510761477713146,0.1831954569179004,11.520797417246143,12.349181501989037,0.8283840847428934
2019-08-30,13.400193156114556,1,16.263854909977155,15.100671727731978,-1.1631831822451772,14.834449483253493,15.081535470975126,0.2470859877216327,11.218492080023125,10.154768582316052,-1.0637234977070733,14.423826943263663,15.509963356347825,1.0861364130841622,12.06104705232606,12.083756729814112,0.022709677488052193,11.599488467843841,12.470463069502244,0.8709746016584035
2019-09-06,13.475027657192138,1,16.60508957900754,15.472836793896292,-1.1322527851112483,14.781851453879852,15.229747865484242,0.44789641160438975,11.440803556167864,10.148781219297092,-1.2920223368707724,14.356307237302033,15.476850476621607,1.1205432393195736,12.013558073682603,12.014328152880296,0.0007700791976930077,11.652556043112938,12.50762143497326,0.8550653918603217
2019-09-13,13.230198762210632,1,16.42877211177091,15.444558458722213,-0.9842136530486982,14.585009310602217,14.838098756743804,0.2530894461415869,11.307399749577655,10.018713752335572,-1.2886859972420837,13.8849882679866,14.96366452098978,1.0786762530031808,11.834186639507024,11.857341170495843,0.023154530988819033,11.340836493819381,12.258815913976605,0.9179794201572236
2019-09-20,13.076832244223745,1,16.34093227192831,15.372836839848162,-0.9680954320801476,14.16910246119599,14.34668016796499,0.1775777067690001,11.278031148376243,10.134942864946481,-1.143088283429762,13.64296019244756,14.9169642776139,1.2740040851663395,11.747449064245771,11.783734225752426,0.03628516150665462,11.282518327148594,11.905835089216495,0.6233167620679012
2019-09-27,13.019478405468723,1,16.709286941394325,15.791804637458398,-0.9174823039359268,13.964489006762022,14.112753465359987,0.14826445859796422,11.259563278391184,10.130189680012876,-1.129373598378308,13.457528542465738,14.693446250063388,1.2359177075976504,11.4728388766095,11.57729291981508,0.10445404320557827,11.253163787189564,11.811383480102606,0.5582196929130419
2019-10-04,13.429462734545664,1,17.265404720150826,16.48931232022413,-0.7760923999266964,14.610200594481668,15.136649810446968,0.5264492159653003,11.686097175213916,10.428475957064364,-1.257621218149552,13.577503999764843,14.71798115705721,1.1404771572923664,11.826714637246596,11.986963813578384,0.1602491763317886,11.610855280416132,11.81739334890294,0.20653806848680745
2019-10-11,13.379842565098954,1,17.36798474270853,16.59891980944657,-0.7690649332619586,14.379546850037812,15.19360396289521,0.8140571128573981,11.826123444009852,10.393134978119448,-1.4329884658904035,13.54537337680317,14.648684586740515,1.1033112099373454,11.712854523644069,11.534720751136192,-0.1781337725078771,11.447172453390294,11.909991302255818,0.46281884886552405
2019-10-18,13.39843117608946,1,17.215275463340916,16.358486764893897,-0.8567886984470192,13.702670271386154,15.038911102536773,1.3362408311506186,11.797497731621888,10.437111005914801,-1.3603867257070874,13.61401561662882,14.530138591710525,0.9161229750817057,12.088509782062033,11.701017704939744,-0.38749207712228895,11.972618191496949,12.32492188654102,0.3523036950440712
2019-10-25,13.109204053293011,1,16.841582852406447,16.150110848264916,-0.6914720041415308,13.300846297705846,14.492258200162354,1.1914119024565082,11.310943771528855,10.177228543133424,-1.133715228395431,13.35796143481484,13.79365625673168,0.43569482191684017,11.554100317288146,11.281246957760942,-0.272853359527204,12.28978964601393,12.760723513704718,0.47093386769078904
2019-11-01,12.996666552797455,1,16.80025748665001,16.140528852283396,-0.6597286343666156,13.211785766817073,14.897252862858451,1.6854670960413785,11.283775156737065,10.102416569118404,-1.1813585876186607,13.301154575862313,13.618607002508966,0.3174524266466534,11.25674840940016,10.860895470834066,-0.3958529385660938,12.126277921318106,12.360298559181444,0.23402063786333827
2019-11-08,13.513298406361583,1,16.863812730657543,16.169432619307344,-0.6943801113501991,13.640145280826246,15.667271062134063,2.0271257813078165,10.91620540781264,9.479165634667652,-1.4370397731449884,14.75466046532624,14.879062236863476,0.12440177153723653,12.14785311072525,11.71999999185563,-0.42785311886962063,12.757113442821577,13.164858893341346,0.4077454505197693
2019-11-15,13.701343718036155,1,16.815635598687024,16.16836506883189,-0.6472705298551347,13.839446261619315,16.23033135853308,2.390885096913763,10.974727715540965,9.741425332862903,-1.2333023826780618,14.837425972932735,14.479699460666538,-0.357726512266197,12.563093125816792,12.104455626262762,-0.45863749955402966,13.177733633620093,13.483785461059753,0.30605182743966
2019-11-22,13.800694057461397,1,16.874086535839467,16.27905638786349,-0.5950301479759759,13.978466205968672,16.58893609188563,2.610469885916956,10.893213601205261,9.70239175881639,-1.1908218423888712,14.858666107012283,14.567767106443256,-0.29089900056902707,13.051093382631962,12.814360876255137,-0.23673250637682486,13.148638512110736,12.851652123504493,-0.2969863886062427
2019-11-29,13.81235591894216,1,16.768080943733835,16.331924753018995,-0.4361561907148399,14.06828989278209,16.58503099869486,2.5167411059127716,11.010822836491016,9.773985321418522,-1.2368375150724944,14.837048194044101,14.474000499701617,-0.36304769434248385,13.068295641184392,12.865261046527905,-0.20303459465648643,13.121598005417525,12.84393289429103,-0.2776651111264954
2019-12-06,13.627521345085832,1,16.860937603988816,16.35808234562043,-0.5028552583683847,13.939790375772887,16.357124496473133,2.4173341207002466,10.976247922706577,9.745598652416618,-1.230649270289959,14.249347537184619,14.033434726358976,-0.2159128108256425,12.681777971659272,12.427260079557684,-0.2545178921015889,13.057026659202819,12.84362777008812,-0.21339888911469984
2019-12-13,13.831319040749639,1,17.345565784544405,16.603636745020978,-0.741929039523427,14.29198834979411,16.653156256438663,2.3611679066445532,10.966579968563494,9.731627973275678,-1.2349519952878154,14.429561676839086,14.644032057462809,0.21447038062372314,12.558259313420066,12.102347726659275,-0.45591158676079147,13.395959151336669,13.253113485640455,-0.14284566569621404
2019-12-20,13.231299329068987,1,16.874057594499646,16.1818746979543,-0.6921828965453471,12.57314145621072,15.32068436476051,2.7475429085497893,10.950061822048212,9.826718462845307,-1.1233433592029058,13.998158678567464,13.809177491737316,-0.18898118683014786,11.864461456911812,11.02216453587863,-0.8422969210331814,13.127914966176064,13.227176421237814,0.09926145506175033
2019-12-27,13.48454485119897,1,16.84091628984463,15.95330712479543,-0.8876091650491986,13.095015102766183,15.718241455219001,2.623226352452818,11.033109050188642,10.103592295740597,-0.9295167544480449,14.4690276309843,14.480912727892658,0.01188509690835815,12.148773327287358,11.530670377252818,-0.6181029500345403,13.320427706122715,13.120545126293337,-0.19988257982937796
2020-01-03,13.848923920956906,1,17.67684706590603,16.584257143102718,-1.0925899228033131,13.509257062623618,16.636390275227782,3.127133212604164,11.438517184203178,10.324424441314349,-1.114092742888829,14.654311190929803,14.65084726259029,-0.0034639283395137,11.385227254451195,11.037376886247543,-0.3478503682036518,14.429383767627613,13.860247517258742,-0.5691362503688708
2020-01-10,13.820006746758892,1,17.616690888080527,16.522496827642385,-1.0941940604381415,13.379066277999783,16.938953157605113,3.5598868796053296,11.346064121610766,10.402416605447627,-0.9436475161631392,14.519680096507471,14.359831940256598,-0.15984815625087379,11.357130212212695,10.82134996581675,-0.5357802463959445,14.701408884142111,13.874991983784867,-0.8264169003572448
2020-01-17,13.874254749648435,1,17.764218929500316,16.55399668946309,-1.2102222400372256,13.440408970539295,16.899394243295802,3.4589852727565074,11.470825631584972,10.519951863520546,-0.9508737680644259,14.542847687616657,14.653303176550779,0.1104554889341216,11.337381692117077,10.719099109536401,-0.6182825825806759,14.689845586532286,13.899783415523956,-0.79006217100833
2020-01-24,13.994601109995939,1,17.84631566807512,16.64122551427714,-1.2050901537979826,13.56208866151296,17.00673210578465,3.4446434442716907,11.487360599167431,10.553918826961791,-0.9334417722056401,14.670665384242326,14.718423668035598,0.047758283793271517,11.421629133404565,11.093753393590461,-0.3278757398141039,14.979547213573227,13.953553151325991,-1.0259940622472357
2020-01-31,14.687768548709512,1,18.639516778249657,17.352533387884137,-1.2869833903655206,14.281704880856651,17.89846675120667,3.616761870350018,12.24696728916848,11.184998202249645,-1.061969086918836,15.236192258932647,15.196447155193951,-0.039745103738695775,11.969583356376617,11.802087325555704,-0.1674960308209137,15.752646728673014,14.692078470166948,-1.0605682585060663
2020-02-07,14.659360812298061,1,18.64525622833284,17.150618667163513,-1.494637561169327,14.471069418685303,18.25242134927288,3.781351930587576,12.525059526199726,10.9861060818928,-1.5389534443069266,15.144633226244125,15.23626893863117,0.09163571238704549,11.98350243333887,11.645462356205044,-0.3380400771338259,15.186644040987503,14.685287480622947,-0.501356560364556
2020-02-14,14.604763765109924,1,18.64505780649877,17.129579342207876,-1.5154784642908936,14.562893960003137,18.28058291772132,3.717688957718181,12.723669828527534,11.099911584937288,-1.6237582435902453,15.088876931831734,15.178063828593011,0.08918689676127656,11.783472899063938,11.556765737573485,-0.22670716149045234,14.824611164734435,14.38367917962654,-0.4409319851078948
2020-02-21,14.757211398199884,1,18.500990354600845,16.931583556074557,-1.5694067985262876,14.524983301177372,18.375567818049134,3.8505845168717627,12.719619848864895,11.008165583095206,-1.7114542657696887,15.882795879053177,15.733493383163378,-0.14930249588979905,12.11443270165158,12.040577849682222,-0.07385485196935804,14.80044630385143,14.453880199134844,-0.34656610471658666
2020-02-28,16.037364807209425,1,19.891995010116176,18.175349491828683,-1.7166455182874927,15.664614929935311,19.874345040960762,4.209730111025451,13.790837536264846,11.923511123304962,-1.8673264129598834,17.18208172544746,17.11236743915532,-0.0697142862921396,13.652732158712809,14.135276693024181,0.4825445343113728,16.041927482779954,15.00333905498266,-1.0385884277972934
2020-03-06,15.996466933564946,1,19.88478504927498,18.320200102981104,-1.564584946293877,15.862101999893952,20.48050344882742,4.618401448933469,13.865909457839251,12.339945379542058,-1.5259640782971928,17.141467280187598,16.560417141946047,-0.5810501382415509,13.39464697126283,13.566804096477568,0.17215712521473847,15.829890842931064,14.710931431615492,-1.118959411315572
2020-03-13,18.276888152198712,1,21.942049738602705,20.68484335554689,-1.2572063830558164,18.70570117912213,19.895357217375675,1.1896560382535455,15.461371546990165,15.00902095396043,-0.4523505930297347,19.603095136790913,19.545061446594616,-0.05803369019629656,15.98227046259693,17.713989721086634,1.7317192584897043,17.966840849089436,16.81305621862805,-1.153784630461388
2020-03-20,18.71903980465456,1,23.20835624928067,21.248942148866576,-1.9594141004140937,19.10194798957545,20.609099648269805,1.5071516586943545,16.58107655637471,15.179352456297323,-1.401724100077388,20.68809098735943,20.508462759067925,-0.17962822829150582,14.0110520175146,16.85865324473521,2.8476012272206077,18.723715027822507,17.909728570690532,-0.8139864571319748
2020-03-27,19.562626384957746,1,24.16064480314634,22.271107552844498,-1.8895372503018422,20.000191364447204,21.949163324434338,1.9489719599871336,17.822402784032377,15.985574188224675,-1.8368285958077024,21.697466585872675,21.910985163213624,0.21351857734094892,14.666726094951358,16.81164793415786,2.1449218392065035,19.02832667729652,18.44728014687145,-0.5810465304250698
2020-04-03,19.71828670281869,1,24.227362452088315,22.425232649723966,-1.8021298023643482,20.035460292616065,22.036526045017965,2.0010657524018995,18.00556510387456,16.093390916735586,-1.912174187138973,22.126104174596335,22.03319298713683,-0.09291118745950655,14.908616022073716,16.95084475755006,2.0422287354763426,19.006612171663164,18.77053286074775,-0.23607931091541445
2020-04-10,20.24874326128997,1,23.51485017561268,21.199062696479913,-2.3157874791327657,20.46140206149751,22.62570111694403,2.16429905544652,18.31771607446953,16.3127280295668,-2.0049880449027313,23.25905411926948,23.829419033688495,0.5703649144190166,15.763609604790005,18.518568694362898,2.7549590895728926,20.175827532100627,19.006979996697666,-1.1688475354029606
2020-04-17,20.01936062183342,1,22.45100354014906,20.21249889329964,-2.238504646849421,20.429890892519154,22.26906130718649,1.8391704146673362,18.204356104811012,16.05548813350319,-2.1488679713078227,23.200137025296485,24.019067911178723,0.8189308858822386,15.526771526432697,18.464197496985804,2.9374259705531074,20.30400464179212,19.095849988846695,-1.2081546529454243
2020-04-24,20.535655808895324,1,23.127165172712424,20.7135837597297,-2.4135814129827224,21.25111085712018,23.416334888909816,2.1652240317896343,18.900700683969504,16.40892973473329,-2.491770949236212,23.74488802853898,24.699999987939947,0.9551119594009663,15.826435463260992,18.64441366458027,2.817978201319278,20.36363464776987,19.330672817478927,-1.0329618302909438
2020-05-01,21.055210880730545,1,24.185364452001608,21.82482495328371,-2.3605394987178983,21.8328739871412,23.974688078273545,2.141814091132346,19.434842042034404,16.708829414740833,-2.7260126272935707,24.313771849616288,25.567353510764647,1.2535816611483597,16.494194593389878,19.284623613302315,2.7904290199124375,20.07021836019989,18.9709457140182,-1.0992726461816886
2020-05-08,21.33240852646865,1,24.394874873725783,21.962571495900093,-2.43230337782569,22.100601766100112,24.416186526261626,2.3155847601615136,19.464773945698838,16.623399526329536,-2.841374419369302,24.594214240914482,25.83800824183011,1.2437940009156279,16.764667933442666,19.81739546674642,3.0527275333037522,20.675318398930017,19.3368899017441,-1.338428497185916
2020-05-15,21.407036664361602,1,24.522646601781645,22.04605185581123,-2.4765947459704165,22.240445441031355,24.50523716661688,2.2647917255855248,19.27731115037537,16.510947102582207,-2.766364047793161,24.738301614809515,25.87964793383236,1.1413463190228441,16.88457756901677,20.044635790720918,3.1600582217041477,20.77893760915495,19.455700136606012,-1.3232374725489393
2020-05-22,21.401589087645036,1,24.39706877876182,21.897815285979263,-2.4992534927825574,22.29487130481725,24.457000493548506,2.1621291887312566,19.209974918153463,16.511021808510023,-2.6989531096434405,24.795211748202064,26.20258343145207,1.4073716832500054,16.898708579678058,19.886586839192205,2.9878782595141473,20.81369919625756,19.454526667188148,-1.3591725290694114
2020-05-29,21.48183606426345,1,24.693244826100653,22.248824585756253,-2.4444202403443995,22.459369707998633,24.875479772227067,2.416110064228434,19.46146398652357,16.69091518935946,-2.7705487971641105,24.18613473070826,25.488860116358353,1.302725385650092,17.314285648894597,20.29716056100324,2.9828749121086418,20.776517485354987,19.28977616087633,-1.4867413244786576
2020-06-05,22.619973527135546,1,25.60137538800197,23.12987135469558,-2.4715040333063882,23.603276956362194,26.953546079069966,3.350269122707772,20.928866293228168,17.994316377786745,-2.9345499154414227,25.686851879005545,26.790044530610373,1.1031926516048287,18.57412274597175,21.732996915791688,3.1588741698199385,21.325347900243656,19.119065904858928,-2.206281995384728
2020-06-12,22.568772909777937,1,25.38230444508126,22.902831413157216,-2.4794730319240443,23.39774792806702,26.82986911300607,3.4321211849390494,20.00294735538661,17.760514217062422,-2.242433138324188,25.737922006708146,27.095446411608336,1.3575244049001896,19.551886579126887,22.302558502541245,2.750671923414359,21.339829144297724,18.521417801292372,-2.8184113430053515
2020-06-19,22.76905283390471,1,25.76026385932515,23.096021157920944,-2.6642427014042056,23.56394050714252,27.033633673504667,3.4696931663621484,20.176498399526864,17.902545818011234,-2.27395258151563,26.26483166763782,27.533257549423197,1.268425881785376,19.64696453448235,22.55766401685584,2.910699482373488,21.201818035313536,18.49119478771236,-2.710623247601177
2020-06-26,22.971768069726327,1,25.695771723917844,23.015638095503036,-2.680133628414808,23.832494382204644,27.549013229511374,3.7165188473067303,20.214842216659747,18.042063590802385,-2.1727786258573616,26.456129807963123,27.82416378856398,1.3680339806008561,19.90873782918311,22.7455751533671,2.836837324183989,21.7226324584295,18.65415456061011,-3.068477897819392
2020-07-03,22.864703879993694,1,25.577283443305305,22.60675506727914,-2.9705283760261665,23.77917303111998,27.087450923331033,3.308277892211052,20.40833266776778,18.3695006012491,-2.0388320665186797,26.285261624881244,28.21107587890873,1.925814254027486,20.103069422462625,23.183080455768774,3.0800110333061497,21.035103090425224,17.730360353425382,-3.3047427369998417
2020-07-10,21.637788345397592,1,24.940304863322197,22.025699485541736,-2.914605377780461,22.68945554900084,25.22209997873844,2.5326444297376014,20.062763319648326,18.08551330169938,-1.977250017948947,23.008781145004093,25.097898320938484,2.0891171759343905,19.11659305183379,22.362768959008818,3.2461759071750294,20.008832143576285,17.032750026458658,-2.9760821171176275
2020-07-17,21.99827794420845,1,24.504523473847556,21.895894992219638,-2.6086284816279175,23.100751945848558,25.94414434427692,2.8433923984283638,20.21134365090407,18.19592855926166,-2.01541509164241,23.322016163950508,25.53544900259331,2.2134328386428024,20.999485274195735,23.479664035088717,2.480178760892983,19.85154715650428,16.93858673181049,-2.912960424693793
2020-07-24,21.846358686618938,1,23.660746532597656,20.630318369837624,-3.030428162760032,23.11928349707199,25.724413243551666,2.605129746479676,20.056613929246396,18.1126523379653,-1.943961591281095,23.266705671995837,25.5791893233378,2.3124836513419638,21.319837502601743,24.808440964835526,3.488603462233783,19.6549649862,16.223137880185718,-3.431827106014282
2020-07-31,21.903372117438522,1,23.77516963341992,20.551051868701833,-3.2241177647180876,23.118772805106317,25.579813640090293,2.461040834983976,20.039519450373092,18.14691098291756,-1.8926084674555312,23.360009472618273,25.64179481150974,2.281785338891467,21.385446513470285,25.069245711531394,3.6837991980611093,19.74131482964323,16.431415689880282,-3.3098991397629476
2020-08-07,21.876115036611953,1,23.301218956277225,20.148720643505285,-3.1524983127719395,23.54737464804714,26.257089997171406,2.7097153491242665,20.04924844054466,18.317159284878656,-1.732089155666003,23.468025684378688,25.687299271007063,2.2192735866283755,21.268773834984984,24.9765610629385,3.707787227953517,19.622048655439045,15.869859960170828,-3.7521886952682166
2020-08-14,21.78720857569735,1,23.05660196324301,19.84667754023387,-3.2099244230091415,23.767462053418384,25.552092495892197,1.7846304424738122,19.832249941301725,18.053034668947546,-1.779215272354179,23.38891755348986,25.69569068208783,2.3067731285979676,20.9384117627436,24.655768587158605,3.717356824415006,19.739608179987528,16.919987479864048,-2.8196207001234797
2020-08-21,22.028652678233325,1,24.063895397594152,20.552441227734334,-3.5114541698598174,23.910961774948134,25.931328851176318,2.020367076228183,19.9651030858533,18.124455159066926,-1.8406479267863745,23.369942513567423,25.924548966160543,2.55460645259312,21.110191317690138,24.863811158560594,3.7536198408704564,19.751821979746794,16.77533070670121,-2.976491273045582
2020-08-28,21.057479210306234,1,22.665317785846028,20.005733382746897,-2.6595844030991316,22.8270125839786,24.62378854369352,1.796775959714921,19.34911379872014,17.645567357396843,-1.7035464413232972,22.203942186514652,24.443721724807133,2.239779538292481,20.203164971729393,23.366692973772473,3.16352800204308,19.096323935048588,16.25937127942055,-2.836952655628039
2020-09-04,21.19238779303543,1,22.79387597706463,20.19725484903023,-2.5966211280344,22.873299731527425,24.95794904893998,2.0846493174125555,19.398739851755963,17.680690548240435,-1.718049303515528,22.236667344019395,24.636737580454394,2.400070236434999,20.356935751978554,23.464440525851685,3.1075047738731314,19.49480810186661,16.217254205695838,-3.2775538961707724
2020-09-11,21.459875782322047,1,23.17306249233431,20.701025925298538,-2.4720365670357722,22.942527788771557,24.921767243340554,1.9792394545689973,19.66244467503239,17.934414387049443,-1.7280302879829463,22.313438010734018,24.67775232057869,2.364314309844673,21.059723923785754,24.22535540148739,3.1656314777016377,19.608057803274278,16.298939416177674,-3.3091183870966034
2020-09-18,21.30279746172565,1,23.05245204755576,20.043225888160833,-3.0092261593949274,22.67899516542431,24.87019165325161,2.1911964878272983,19.551535108377863,17.729861776049944,-1.8216733323279186,22.12089644116614,24.577817840099982,2.4569213989338436,20.828689466657195,24.37224996826677,3.5435605016095764,19.584216541172637,16.223437644524807,-3.3607788966478296
2020-09-25,21.225751282942372,1,22.892996849787508,20.34730958754716,-2.5456872622403495,22.363079357668695,24.13229322439436,1.7692138667256643,19.906584787703878,18.009415804613795,-1.8971689830900829,22.129475036933073,24.410644710305547,2.2811696733724744,20.388507890048885,24.296174349612585,3.9076664595637,19.67386377551219,16.158670021180797,-3.515193754331392
2020-10-02,21.210457846598356,1,22.93149721427416,20.27055759029257,-2.660939623981591,22.31388944924069,24.107243860660333,1.7933544114196422,19.391249755712366,17.374323318436822,-2.0169264372755435,22.095822650499954,24.284055907567648,2.1882332570676937,20.33444909270034,23.93356620741504,3.5991171147147014,20.195838917162632,17.293000195217743,-2.902838721944889
2020-10-09,21.319028139224415,1,23.210495385382018,20.772705262500196,-2.4377901228818217,22.307818743714336,24.430311845796382,2.1224931020820463,19.363302673963375,17.29889996327222,-2.064402710691155,22.03763929374648,24.48110950571821,2.4434702119717286,20.599554491024378,24.2553578895765,3.6558033985521234,20.3953582475159,16.675784368482994,-3.7195738790329074
2020-10-16,20.831651333329667,1,23.65368363796435,21.791409357377177,-1.8622742805871724,22.00144918254675,23.563349687515554,1.5619005049688042,19.158777310419197,17.480760963427628,-1.6780163469915692,19.078302646916143,22.308481139581062,3.230178492664919,20.305108364032293,23.224263912033038,2.919155548000745,20.79258685809927,16.62164294004357,-4.170943918055698
2020-10-23,20.78505783958241,1,23.733158988774832,21.78157672562581,-1.951582263149021,21.846114654374475,23.78279481070581,1.9366801563313345,19.833853004428263,18.037559224063827,-1.7962937803644365,18.2430192136475,21.009915559510404,2.7668963458629037,20.424200300625117,23.53468464988167,3.110484349256552,20.63000087564427,16.563816067706966,-4.066184807937304
2020-10-30,20.73552256207338,1,23.370237905199758,20.92648973118031,-2.443748174019447,21.788403222913658,23.841236128112442,2.052832905198784,19.6821194043755,18.363233437439135,-1.3188859669363637,18.54871664656045,20.992579026502497,2.443862379942047,20.253296216502747,23.460415315411225,3.2071190989084783,20.770361976888182,16.82918173379464,-3.941180243093541
2020-11-06,21.461523003979533,1,24.290343001135284,21.543679296423434,-2.7466637047118496,22.62639653531363,24.789735795422672,2.1633392601090407,20.442082169396045,19.252067058036175,-1.1900151113598696,19.28884804442069,22.046351208363475,2.7575031639427863,21.2213739571375,24.443423130110148,3.222049172972646,20.900094316474053,16.693881535521314,-4.20621278095274
2020-11-13,22.281373471216398,1,24.819579185739173,22.090560359306522,-2.7290188264326503,23.737952246143507,25.997493474342946,2.2595412281994385,21.2135234969694,20.006352705015843,-1.2071707919535584,20.153993713947727,23.12464232933192,2.9706486153841922,22.31700742407041,25.60152530107773,3.2845178770073176,21.446184760428167,16.8676666582235,-4.578518102204669
2020-11-20,22.44391089623723,1,24.978129960024177,22.11707302044549,-2.8610569395786882,23.569248667423437,26.064589157247028,2.4953404898235902,21.332199523347967,20.098955944170314,-1.2332435791776533,20.350106833280904,23.202016940033758,2.851910106752854,22.802094663930504,26.185802212842816,3.3837075489123123,21.631685729416418,16.99502810268399,-4.636657626732429
2020-11-27,22.139656910307483,1,25.187824465953113,22.320228847680568,-2.8675956182725457,23.041879647552946,24.442991759977048,1.4011121124241015,21.0478706470537,19.970235037020103,-1.077635610033596,19.74393798082548,23.2593346240038,3.5153966431783203,22.410925171473707,26.426620251431856,4.0156950799581494,21.405503548985962,16.418530941731504,-4.986972607254458
2020-12-04,22.305507734757615,1,25.274484927940833,22.146123691391693,-3.1283612365491393,23.102891722071973,24.78488365267833,1.6819919306063582,20.956426749453613,19.543275286963336,-1.4131514624902763,19.667449320482348,23.77545881818621,4.108009497703861,23.498803288759063,27.10032254804355,3.601519259284487,21.33299039983787,16.482982411282592,-4.8500079885552765
2020-12-11,22.507642081712977,1,25.44885734909691,22.38737197549969,-3.061485373597222,23.932256924404427,25.873338180026295,1.9410812556218673,21.059989770882552,19.575077521588184,-1.4849122492943678,19.43085337546131,22.9866889862316,3.5558356107702878,23.559370922915647,27.741377337396756,4.182006414481108,21.614524147517017,16.4819984895353,-5.1325256579817164
2020-12-18,21.326426619635257,1,24.348983774398476,20.876135359187003,-3.472848415211473,22.631567139696088,24.1402128110972,1.508645671401112,20.163297478861736,18.90228924343124,-1.261008235430495,18.843449618151325,22.558730901006555,3.71528128285523,20.99379548444341,25.671056816766665,4.677261332323255,20.977466222260503,15.810134586322846,-5.167331635937657
2020-12-25,21.535039872518126,1,24.89207333173063,22.54355737457972,-2.3485159571509087,22.45493462131674,24.47368403370386,2.0187494123871232,20.162122671458903,19.33493459445701,-0.8271880770018925,18.714843035568634,21.867241801667433,3.1523987660987984,21.17101454221998,25.234772051885983,4.063757509666004,21.815251032813876,15.756049378814723,-6.059201653999153
2021-01-01,21.622715567210975,1,25.17716945718263,22.277788469807035,-2.8993809873755936,22.378686217205043,24.017138954197918,1.6384527369928747,20.290820858367795,19.63877549502493,-0.6520453633428644,18.706026126724836,22.543377406141673,3.8373512794168363,21.465155647563165,25.670157555448,4.205001907884835,21.71843509622238,15.58905552264629,-6.129379573576088
2021-01-08,21.964596749270715,1,25.476915972520686,23.182599659590466,-2.2943163129302206,22.300350539599634,23.63361887283598,1.3332683332363473,20.52512456004696,19.8340975561633,-0.6910270038836615,19.379116006594515,22.2163977688499,2.8372817622553868,22.1442786048042,26.035610228986826,3.8913316241826266,21.961794812058287,16.885256409197808,-5.0765384028604785
2021-01-15,21.620858927467577,1,25.229384380241868,22.73401534761632,-2.495369032625547,21.68112083285017,23.347280115120498,1.6661592822703284,20.352503730676403,20.04431515556044,-0.3081885751159632,18.730164779175652,21.973708958640387,3.2435441794647346,21.823556441246694,25.11815375618191,3.294597314935217,21.90842340061468,16.507680231685924,-5.400743168928756
2021-01-22,21.737914639914067,1,25.30283112270955,22.803697845933044,-2.4991332767765044,21.930556284849544,23.322665761957197,1.3921094771076525,20.676643772406933,20.658238017548257,-0.01840575485867646,18.554241382096293,21.808053814597088,3.253812432500794,21.860638751764768,25.43643868734894,3.575799935584172,22.102576525657327,16.398393712099832,-5.704182813557495
2021-01-29,22.543022197001324,1,26.343835594290326,23.79194865994978,-2.551886934340544,22.537715267469693,24.251652595340587,1.7139373278708945,21.32933423176243,21.311841087956537,-0.017493143805893396,19.217669984317993,21.833447030458984,2.615777046140991,22.316466982391077,25.97687846037408,3.660411477983004,23.51311112177642,18.092365347927966,-5.420745773848452
2021-02-05,22.52395401553996,1,26.678424358139864,24.050418987790977,-2.6280053703488875,22.352104533768113,24.330076391333748,1.9779718575656347,21.511503116893323,21.309312922440213,-0.20219019445310948,18.121277438940353,21.344035461437002,3.2227580224966488,22.45640664786181,26.054639234711743,3.5982325868499316,24.024007997636303,18.055241095526085,-5.968766902110218
2021-02-12,22.516513826132453,1,26.735321435396685,23.98878069954408,-2.746540735852605,22.252244333053397,24.072462626890513,1.8202182938371152,21.40223879648825,21.243368308534173,-0.15887048795407566,18.059434557620804,21.49408602584414,3.4346514682233362,22.543930756913795,26.050882850325152,3.506952093411357,24.105913077321787,18.249502445656688,-5.856410631665099
2021-02-19,22.531534179668114,1,26.379919626713985,23.34977962907068,-3.030139997643303,22.209701002643513,23.899120496101744,1.6894194934582316,21.168907000503737,21.098301336379308,-0.07060566412442881,18.012927400616107,21.41752312214996,3.404595721533852,23.244161023447973,26.833331158417977,3.5891701349700043,24.173589024083384,18.591149335889014,-5.58243968819437
2021-02-26,22.598670970814414,1,26.35651333718063,23.902042364461494,-2.454470972719136,22.266717310940493,24.056904413978586,1.7901871030380931,21.053067551840755,21.271601980964604,0.21853442912384935,17.97402669102057,20.895540177397976,2.921513486377407,23.456235322780273,26.849739240058156,3.393503917277883,24.485465611123757,18.616197648025633,-5.869267963098125
2021-03-05,22.256238290205545,1,26.110398818961457,23.916215028505974,-2.194183790455483,22.023738595249355,23.9460304364392,1.9222918411898462,20.964249018357933,21.13710342086756,0.17285440250962836,17.649490019679007,20.587449101036242,2.937959081357235,23.10030252680467,26.73857584714557,3.6382733203409003,23.689250762180862,17.212055907238707,-6.477194854942155
2021-03-12,22.316168156727468,1,26.203323789900068,23.921338122821012,-2.2819856670790557,22.016836656929,24.148295966697788,2.131459309768786,21.070954821245607,21.29320817831679,0.22225335707118177,17.481954708525734,20.881970057568225,3.4000153490424907,23.315190628714603,27.20016648639499,3.884975857680388,23.8087483350498,16.452030128566008,-7.356718206483791
2021-03-19,22.03036429856101,1,25.693610376008692,23.79156559069908,-1.902044785309613,21.87734536337119,23.963148905335174,2.0858035419639833,20.269713721706495,20.15009407218224,-0.11961964952425319,17.36299519063533,20.299437072840504,2.936441882205173,23.28246426341134,27.491296570954802,4.20883230754346,23.69605687623303,16.486643579354308,-7.209413296878722
2021-03-26,22.238861643216822,1,25.964538288785846,23.74763011237104,-2.2169081764148046,21.975373153033914,24.337697505604353,2.3623243525704396,20.672669421370955,21.130849481530447,0.4581800601594921,17.543867901105955,20.344489828576314,2.8006219274703597,23.545417797547174,27.247163557366562,3.7017457598193886,23.73130329745709,16.625339373852256,-7.105963923604833
2021-04-02,22.432876623897528,1,26.345612542774205,24.27790285575763,-2.067709687016574,22.141090026429012,25.007211542380333,2.8661215159513205,20.9027489384452,21.59726290979671,0.6945139713515118,17.62029175699979,20.01983869408481,2.39954693708502,23.64813165136458,26.95834394293675,3.310212291572171,23.939384827372365,16.7366997984289,-7.202685028943463
2021-04-09,22.2459259541957,1,26.32496716551502,23.99438120061413,-2.330585964900891,22.1166743389643,25.704182265483865,3.5875079265195637,20.901607200338375,21.237455568244485,0.3358483679061095,16.872040862045523,19.42234418738701,2.5503033253414884,23.488761909936017,26.481192789783734,2.992430879847717,23.771504248374995,16.63599971366098,-7.135504534714016
2021-04-16,22.53540475894863,1,26.534192560940454,24.126489524790017,-2.407703036150437,23.037129489729878,26.018954744733648,2.98182525500377,21.143947651880623,21.51615315390734,0.3722055020267163,16.93704722711773,19.80035569027727,2.863308463159541,23.612324150966145,26.66762050296022,3.0552963519940732,23.947787473056962,17.082854937023328,-6.864932536033635
2021-04-23,22.12448840665202,1,25.589812855698042,23.18340555379737,-2.4064073019006713,22.025541364440286,24.587610936406875,2.562069571966589,19.91935498242502,20.247586430826985,0.32823144840196505,17.182829799014826,19.90457583329976,2.7217460342849336,23.94841325228002,27.263208652387846,3.314795400107826,24.080978186053926,17.560543033193312,-6.520435152860614
2021-04-30,22.082371918045663,1,25.695425955932507,23.53706210257822,-2.158363853354288,22.025706589729126,24.337770948312553,2.3120643585834273,20.21120447398546,20.240413001820144,0.029208527834683196,17.246046764968042,19.765934455079133,2.5198876901110907,23.069762097986157,27.07192352728657,4.002161429300415,24.246085625672677,17.541127473197392,-6.704958152475285
2021-05-07,21.762580030144047,1,25.107999352627274,21.97286128253249,-3.135138070094783,21.916545591946175,24.729162223158767,2.8126166312125918,19.415362974534162,19.68561650621892,0.27025353168475874,17.352691106437135,20.534650032129818,3.1819589256926832,23.024343722550583,26.578433971179976,3.554090248629393,23.758537432768946,17.074756165644274,-6.683781267124672
2021-05-14,21.463291729163682,1,24.655451366921838,21.969532202683965,-2.6859191642378732,21.84921657519223,24.66871788365033,2.8195013084581007,19.17975197220551,19.973118668060152,0.7933666958546439,16.79375821384994,19.614135602798086,2.8203773889481454,22.774961704476326,25.894271324681796,3.1193096202054704,23.526610542336243,16.659974693107756,-6.866635849228487
2021-05-21,21.05814092106926,1,24.33139158036198,21.61792340077723,-2.7134681795847513,21.636667388199967,24.603284386431326,2.966616998231359,18.892294094725514,19.541770280245103,0.649476185519589,16.249304180199076,19.129791510251522,2.8804873300524463,22.18191220035338,24.99293544932452,2.8110232489711393,23.05727608257564,16.463140499385872,-6.594135583189768
2021-05-28,21.505178412932185,1,24.49478407236458,21.96221881612061,-2.53256525624397,22.06946890386699,25.336530838169466,3.2670619343024754,20.079098369638785,20.249490718485106,0.17039234884632037,16.579332326019454,19.579509231055255,3.0001769050358007,22.52319868333663,24.907490495021904,2.384291811685273,23.28518812236669,16.995830378740777,-6.289357743625914
2021-06-04,21.678160088605107,1,24.690968263625834,21.989562937972764,-2.70140532565307,22.15457623247663,25.523823687797872,3.3692474553212435,20.131784282499595,20.31583230026284,0.18404801776324575,16.897657005560973,19.96065252926813,3.0629955237071584,22.747783450246402,25.149422375317783,2.4016389250713814,23.44619129722122,17.129666701011217,-6.316524596210002
2021-06-11,21.824375862477666,1,25.043889312758466,22.4759403335499,-2.567948979208566,22.093459339661806,25.670274312245326,3.57681497258352,20.484465128333994,20.87311348976901,0.3886483614350169,16.9233591040187,20.090926362546043,3.167567258527342,22.812427501618373,24.990493313188082,2.1780658115697094,23.588654788474642,16.845507363567606,-6.743147424907036
2021-06-18,21.960314314299847,1,25.115878158086772,22.4070834471612,-2.7087947109255737,22.075747970146395,25.603821203598272,3.5280732334518774,20.934213142442758,22.108021301746447,1.1738081593036895,16.881757964568095,19.592125094648438,2.7103671300803427,22.775433147318353,25.16296097615752,2.3875278288391684,23.978855503236716,16.88787386248721,-7.090981640749504
2021-06-25,21.910908301186424,1,24.90901518506803,22.089203196214,-2.8198119888540276,22.01848036388094,25.378716600142553,3.3602362362616134,21.063301181857256,21.747083042296325,0.6837818604390691,16.86556283698674,19.70205159084118,2.8364887538544394,22.735832439844643,25.425958595027765,2.6901261551831226,23.873257799480953,17.122436782596722,-6.750821016884231
2021-07-02,21.61132977417007,1,23.981153068721653,21.815064978149664,-2.1660880905719893,21.288846537721867,23.848928825329736,2.5600822876078695,21.10332563363791,21.86367742677352,0.7603517931356123,16.87077424549041,19.904077546930083,3.0333033014396733,23.020882013018564,25.689954462636635,2.6690724496180707,23.402997146429996,16.54627540520073,-6.856721741229265
2021-07-09,21.415599133698677,1,24.072304824935003,21.35038506274921,-2.7219197621857916,21.22432991742265,24.038041866244086,2.8137119488214353,21.145055436101273,22.00843976630304,0.8633843302017681,16.474233095094206,18.96004908697141,2.485815991877203,22.755648158868993,25.431263224495225,2.675615065626232,22.822023369769937,16.705415795429104,-6.116607574340833
2021-07-16,21.291405822616532,1,24.043050376800167,21.23775278365514,-2.8052975931450277,20.92610338661703,23.664638793886937,2.7385354072699073,20.957708158663024,21.868321113121368,0.9106129544583439,16.34418083198878,18.760629388072616,2.416448556083836,22.416404780163333,25.02805668093984,2.6116519007765078,23.06098740146686,17.18903617602328,-5.871951225443581
2021-07-23,21.04066606346971,1,24.326602519325974,21.45103100106573,-2.8755715182602444,20.290107541586295,23.21394779068575,2.923840249099456,20.821423348151896,21.601079082141695,0.7796557339897987,16.079928631131736,18.743547074223173,2.663618443091437,21.99258871613938,24.541360935200288,2.5487722190609077,22.73334562448298,16.69303049750161,-6.040315126981369
2021-07-30,20.899114700079025,1,24.058497528192788,21.305554290383228,-2.7529432378095606,20.325162249585276,22.712650508537692,2.3874882589524162,20.740688420016355,22.054874000633987,1.3141855806176324,15.700460394903402,17.802702511425466,2.1022421165220635,21.925083975636,24.774727958987867,2.849643983351868,22.64479563214033,16.744178930505868,-5.900616701634462
2021-08-06,20.50995132193592,1,23.65345730281112,20.72508503980761,-2.92837226300351,20.340001795835377,22.721924219442613,2.381922423607236,20.361004692283345,20.99167055953562,0.6306658672522758,15.697502810336445,18.227471576065938,2.5299687657294925,20.490332964851888,23.76759257674705,3.277259611895161,22.51740836549733,16.625963960016648,-5.891444405480684
2021-08-13,20.318198173247925,1,23.466288838071293,20.562299806911653,-2.9039890311596395,20.315527652227388,22.98842781281276,2.672900160585371,19.784424330861796,20.837456287851538,1.0530319569897415,15.578400883523202,17.830178282538938,2.2517773990157366,20.532736536902433,23.09260960103458,2.559873064132148,22.23181079790143,16.598217248338045,-5.633593549563386
2021-08-20,20.550057924237148,1,23.639748057169783,20.879666286106087,-2.760081771063696,20.42850562259865,23.24472796852416,2.8162223459255102,20.012537108794064,21.305334385699624,1.29279727690556,15.910821382536781,17.834358596991507,1.9235372144547256,20.82001705430784,23.038639489427226,2.2186224351193857,22.488718320015778,16.99762081867435,-5.491097501341429
2021-08-27,20.53677978722002,1,23.040979960760296,20.269055603092454,-2.7719243576678423,20.471636131672213,23.092486983643738,2.6208508519715252,20.41354352960272,21.839192848314852,1.4256493187121322,15.763411787171819,17.85556885512949,2.0921570679576718,20.96860757134054,23.273076212758056,2.3044686414175146,22.56249974277253,16.891298220381486,-5.671201522391044
2021-09-03,20.231747137724046,1,22.59019202327967,19.11015540396383,-3.4800366193158396,19.62990532493974,22.252022944616755,2.622117619677013,21.363562820366738,23.8644497754493,2.5008869550825636,15.508571314974901,18.07630859734236,2.5677372823674602,20.20780699078233,22.23973361180319,2.031926621020858,22.0904443520009,15.847812493168874,-6.242631858832027
2021-09-10,20.268028249971508,1,22.55385986402466,19.224512516343495,-3.329347347681164,19.49639713508205,22.956597779651574,3.4602006445695253,21.596909810161947,23.28921807871795,1.6923082685560047,15.48155921400145,18.004731176470557,2.5231719624691067,20.159211746127284,22.358317054877134,2.19910530874985,22.320231730431658,15.774792893768321,-6.545438836663337
2021-09-17,20.193866895723215,1,22.44530014711134,19.184419532905707,-3.2608806142056324,19.247682813657562,22.626696102300926,3.379013288643364,21.488786279215546,23.18423871585503,1.695452436639485,15.451137966868231,17.97928724973066,2.5281492828624295,20.291138639145842,22.56681881763494,2.2756801784890968,22.239155528340774,15.621740955912017,-6.617414572428757
2021-09-24,20.37504421061919,1,22.811025914970728,19.707545562100265,-3.103480352870463,19.015038102079174,21.65603789917469,2.6409997970955175,21.660629022595117,23.48348806030205,1.8228590377069338,15.68995660640148,18.07685426421463,2.386897657813151,20.487314592080992,23.02704346318521,2.5397288711042165,22.58630102558766,16.29929601473829,-6.28700501084937
2021-10-01,20.4334101608855,1,22.690693392756756,19.6817485889581,-3.0089448037986557,19.15069445917773,21.828478027470524,2.6777835682927957,21.766349475158336,23.436781872798505,1.6704323976401696,15.768177501665633,17.979356558512293,2.2111790568466603,20.504140398503097,23.186337450438074,2.6821970519349776,22.720405738051454,16.48775846713552,-6.232647270915933
2021-10-08,20.431624213583937,1,23.482601652111114,21.145803386636246,-2.3367982654748687,18.887907302019613,21.060216630322913,2.1723093283032995,20.574242985249427,21.5560369960875,0.9817940108380725,16.517400536995765,18.812956317601603,2.295555780605838,20.490393713252104,23.29294487376393,2.8025511605118254,22.6371990918756,16.72178707709145,-5.9154120147841525
2021-10-15,20.216951165966695,1,23.44975946980766,20.791466677952144,-2.6582927918555157,18.87843316783247,21.277319499275123,2.398886331442654,20.81014279731677,21.746783327327776,0.9366405300110046,16.512210096745036,18.410177575223642,1.8979674784786056,19.240195029205935,22.126582363671005,2.88638733446507,22.410966434892288,16.94937755235047,-5.461588882541818
2021-10-22,20.394567787322675,1,23.68841712774217,21.126977615936937,-2.561439511805233,18.979214761119664,20.905438190722165,1.9262234296025014,21.00615543731152,21.64217727554859,0.6360218382370704,16.514400716051256,18.09264607192756,1.5782453558763052,19.478662535009406,23.210931303813695,3.732268768804289,22.700556146702027,17.38923626598708,-5.311319880714947
2021-10-29,20.193040721713572,1,23.541228539063198,20.52416177438603,-3.0170667646771676,18.730524482234287,21.218699969155267,2.48817548692098,20.77682443690702,21.17354304510306,0.3967186081960392,16.14645286855044,17.556283790149934,1.409830921599493,19.48575123821641,23.535148042545387,4.049396804328978,22.47746276531008,17.15040770894177,-5.327055056368309
2021-11-05,20.482587338647022,1,23.765871733135285,21.10751873852631,-2.6583529946089755,18.484372986605564,20.86946009084636,2.385087104240796,20.676725491033608,21.046747713966425,0.3700222229328176,16.45911138783974,17.66976643623346,1.2106550483937184,19.268758818260736,23.48554156507909,4.216782746818353,24.2406836150072,18.716489487230504,-5.5241941277766955
2021-11-12,20.392544146847843,1,23.654222336067917,20.91992732941729,-2.734295006650626,18.5245249008193,20.37923440507599,1.8547095042566895,20.72468775616713,20.44055972239525,-0.28412803377187856,16.227842690627384,17.37415109699397,1.146308406366586,19.250872441720432,23.821473074253277,4.5706006325328445,23.973114755684904,19.41991925295129,-4.553195502733615
2021-11-19,20.358653524459218,1,23.814898819273367,21.38894133308311,-2.4259574861902564,18.402296433584667,19.920940892413924,1.5186444588292574,20.508134396173276,20.04743015766303,-0.460704238510246,16.54220081758791,18.14799683316906,1.6057960155811486,19.243658221608825,23.442833086791083,4.199174865182258,23.640732458527253,19.203778843635106,-4.436953614892147
2021-11-26,19.5067843302654,1,22.901537739114474,20.921151423013796,-1.9803863161006774,18.068033503779944,19.29528425248799,1.2272507487080446,18.248936428686108,17.043927011054464,-1.2050094176316435,16.185867619360423,18.15318846438477,1.9673208450243465,18.872164653799928,22.714577459986387,3.8424128061864593,22.76416603685152,18.91257737066502,-3.851588666186501
2021-12-03,19.379913446041037,1,22.39792429021736,20.48173948510052,-1.916184805116842,17.921310474730376,18.9781829526831,1.056872477952723,18.340046493295603,16.88120428234373,-1.4588422109518717,16.330043239349322,18.003536814349403,1.6734935750000801,18.70717443279834,22.885486174921425,4.1783117421230855,22.58298174585522,19.04933096684809,-3.5336507790071323
2021-12-10,19.4280053939679,1,22.530328419849084,20.56981595521225,-1.9605124646368353,18.097630179130846,18.779677555372373,0.6820473762415276,18.35012498836916,17.110873499510646,-1.239251488858514,16.338475679562876,18.36984979339428,2.0313741138314043,18.679295391221004,22.93232183369419,4.253026442473185,22.572177705674434,18.805493726623638,-3.7666839790507964
2021-12-17,19.326519811416706,1,22.13061110424111,20.25492298459949,-1.875688119641623,18.320745553984054,18.439413660468688,0.118668106484634,17.8547754171109,16.97628135968965,-0.8784940574212499,16.863297962768968,18.984877043408048,2.12157908063908,18.544083418369198,22.664050135249965,4.119966716880768,22.245605412025995,18.6395736850844,-3.6060317269415947
2021-12-24,19.18360850658414,1,22.016751407358683,20.03085672063824,-1.9858946867204423,18.213354529117993,18.154473049442487,-0.05888147967550594,17.439504485460972,16.176374021294805,-1.2631304641661671,16.659017264148716,19.387085188066862,2.7280679239181467,18.639718682462018,22.411151771334218,3.7714330888722003,22.13330467095645,18.941710288728203,-3.1915943822282458
2021-12-31,19.01048843778758,1,22.029851298459164,19.846622978209055,-2.183228320250109,17.402231300761244,18.07521027250175,0.6729789717405055,17.31950688947029,16.239388534306798,-1.080118355163492,16.494558071515243,18.9597355408154,2.4651774693001585,18.694922237503064,22.25974580365569,3.5648235661526257,22.12186082901647,18.682227497236795,-3.4396333317796746
2022-01-07,16.808618058953872,1,19.9603645429942,18.04936593463127,-1.910998608362931,16.51653584962196,17.037439179294765,0.5209033296728052,16.375054523956933,14.784853052118692,-1.5902014718382418,14.448177696514705,16.719955424549624,2.2717777280349196,12.806978075816474,16.726782717732064,3.91980464191559,20.74459766481897,17.53331204539677,-3.211285619422199
2022-01-14,16.36928609386187,1,18.87207679397055,17.22509535110393,-1.6469814428666183,16.605705229491917,17.622943354383054,1.0172381248911364,16.28890994737354,14.924405060212692,-1.364504887160848,14.261704370696435,16.756090284370316,2.494385913673881,13.766680704028758,14.708555491594268,0.94187478756551,18.420639517610013,16.978627021506952,-1.442012496103061
2022-01-21,16.501108412515137,1,18.959386516594037,17.46688533726163,-1.4925011793324074,16.69612815610803,17.139308006832323,0.44317985072429167,16.27981796907632,14.516368779401716,-1.7634491896746027,14.38656872180988,16.738424975667982,2.3518562538581023,13.734253113384213,14.475743728037571,0.7414906146533582,18.950495998118342,18.6699196478896,-0.28057635022874194
2022-01-28,16.49004430129152,1,18.767987993674353,17.362668126150467,-1.405319867523886,16.925310751703392,17.134699671945228,0.2093889202418353,16.23754390051873,14.707680904864361,-1.5298629956543692,14.39334663172049,17.010650927224404,2.6173042955039136,13.70562251744974,14.400122307270507,0.6944997898207674,18.910454012682408,18.32444387029416,-0.5860101423882469
2022-02-11,15.593595157603405,1,17.072910132145054,15.547892845566693,-1.525017286578361,16.754922448964834,15.77980734694195,-0.9751151020228832,15.352246588589807,13.690322893608098,-1.6619236949817093,14.627576399671568,18.438046174431747,3.810469774760179,12.977696523270907,13.8076836391688,0.8299871158978931,16.77621885297826,16.2978180459031,-0.4784008070751611
2022-02-18,15.613509164933276,1,17.506945676493217,15.00479636367912,-2.5021493128140975,16.36315222564218,14.792684713789129,-1.570467511853053,16.49407564498253,14.511829620153051,-1.9822460248294789,13.409584331875394,18.753888726691883,5.34430439481649,12.846241802094326,13.41592503149333,0.5696832293990042,17.06105530851201,17.20193053379316,0.1408752252811496
2022-02-25,15.494399824107541,1,17.934623708121023,14.702975634534269,-3.2316480735867543,15.952250826324743,14.903792380035227,-1.0484584462895157,16.107030317344453,14.685080051594952,-1.4219502657495013,13.41626145471622,18.72133295819684,5.305071503480619,12.607543410361714,13.379002055100358,0.7714586447386438,16.948689227777095,16.574215865183618,-0.3744733625934771
2022-03-04,15.446746007238508,1,17.92228222484063,14.840127588877408,-3.082154635963221,16.07084512925175,14.917173103483734,-1.1536720257680173,16.074110763650864,14.681766781299231,-1.3923439823516333,13.22844531356347,18.497085440340072,5.268640126776603,12.639135520262528,13.301269290163233,0.6621337699007057,16.7456570918618,16.443053839267392,-0.3026032525944089
2022-03-11,15.198594924216955,1,17.10275480823647,13.86220033979886,-3.240554468437608,16.003156641860286,14.965830958237262,-1.037325683623024,15.788565728813452,14.490937146210157,-1.297628582603295,13.288744681668405,18.571098369504156,5.2823536878357515,12.517387259118706,13.200161673947292,0.6827744148285859,16.490960425604413,16.10134105760399,-0.3896193680004245
2022-03-18,15.065100614399421,1,16.903200992817247,13.729731495905696,-3.173469496911551,15.832240274210065,14.685398098065932,-1.1468421761441334,16.16901531495253,14.89622094525592,-1.2727943696966122,13.505719779709395,19.047125376481148,5.541405596771753,12.325890148154599,12.712074811873066,0.38618466371846694,15.654537176552694,15.32005295881477,-0.3344842177379235
2022-03-25,14.877711443902783,1,16.825212449671668,13.799645056337411,-3.0255673933342564,15.82076814902129,14.694986683601186,-1.1257814654201042,15.843092085608092,14.784096146892239,-1.058995938715853,13.261571059903048,18.84578237439274,5.584211314489693,11.953034585142106,12.333375307159145,0.3803407220170385,15.562590334070492,14.808383095033989,-0.7542072390365036
2022-04-01,14.990851418844779,1,16.884676161661346,13.788735645000628,-3.0959405166607183,15.97297703267239,15.052091925690249,-0.9208851069821407,16.13320616854965,15.084635261056562,-1.0485709074930867,13.657896884156727,18.942508737216713,5.284611853059985,11.747574902662876,12.514158531572903,0.766583628910027,15.548777363365687,14.56297841253162,-0.9857989508340665
2022-04-08,14.940350559633828,1,16.80610373488524,14.014029900368882,-2.7920738345163585,15.820509501567741,14.359943913426392,-1.4605655881413497,16.106175372525044,15.075974410030469,-1.0302009624945754,13.559483062434808,18.842198460005804,5.282715397570996,11.814598340590138,12.62104511234989,0.8064467717597523,15.535233345799995,14.728911561621516,-0.8063217841784791
2022-04-15,14.716852861783778,1,16.65124210850543,14.110823100256013,-2.5404190082494154,15.544835107959457,14.034043030646387,-1.51079207731307,15.826070027043343,14.94813758673449,-0.8779324403088538,13.498511410065305,18.32303086899502,4.824519458929714,11.521385865813542,12.401207206501155,0.879821340687613,15.259072651315591,14.48387537756956,-0.7751972737460306
2022-04-22,14.623126758630399,1,16.52578628544272,13.996626360756892,-2.5291599246858283,15.516976326093314,13.952896814378207,-1.5640795117151072,15.776542637716616,14.79607565166981,-0.9804669860468067,13.4166803605237,18.19024362457762,4.773563264053919,11.699922668404739,12.81312343378194,1.1132007653772007,14.802852273601303,13.989794666617968,-0.8130576069833353
2022-04-29,14.490954526954875,1,16.27641777767471,14.000853265884786,-2.2755645117899235,15.644358426427601,14.31484367116451,-1.3295147552630908,15.34395843945562,14.361066618393977,-0.9828918210616422,13.660798027585216,18.344974629822246,4.684176602237031,11.051025572465974,12.185069600353913,1.1340440278879385,14.969168918120133,13.738919376109791,-1.2302495420103412
2022-05-13,15.532106090580827,1,17.71629617395432,15.038238621776713,-2.6780575521776058,16.580946352457275,14.896854937033126,-1.6840914154241489,16.10973616111056,16.11826823252447,0.008532071413910103,14.61590765666243,18.181166457832973,3.5652588011705433,11.935762749109102,13.634564548575682,1.6988017994665796,16.23398745019128,15.323543745742,-0.9104437044492784
2022-05-20,15.613689179422957,1,18.074193250729166,15.269709642707724,-2.8044836080214424,15.823998673923114,14.606618493592563,-1.2173801803305508,16.44546412992264,16.253818631047153,-0.19164549887548787,14.660575257946334,18.25325992914412,3.5926846711977873,12.143750658862558,13.792658092052989,1.6489074331904305,16.534153105153933,15.506070287993197,-1.0280828171607368
2022-05-27,15.436257749712768,1,17.776691445394263,14.577612971670675,-3.1990784737235884,15.4784767350327,14.933495949232466,-0.5449807858002345,16.195307908378453,15.910996479254678,-0.2843114291237754,15.119176452627798,19.044200067227777,3.9250236145999793,12.015271761197553,13.643525850223611,1.6282540890260577,16.032622195645843,14.507715180667432,-1.5249070149784103
2022-06-03,15.758650370390335,1,17.344681675848648,13.750524231495518,-3.5941574443531294,15.625642154093057,15.541210882621925,-0.08443127147113216,16.584496266387475,16.81703666092818,0.23254039454070607,15.94559323406645,19.77057583282243,3.8249825987559802,12.078987087367821,13.887560032758557,1.8085729453907362,16.972501804578556,14.784994581715395,-2.187507222863161
2022-06-10,15.683314486696295,1,17.15487382789037,13.920543931739843,-3.234329896150527,15.401185383318364,15.812710221277413,0.4115248379590497,16.553717053340975,17.085964813840462,0.5322477604994873,15.927897048362567,19.439176124247822,3.5112790758852555,12.119305821043383,13.852354488025384,1.7330486669820004,16.942907786222108,13.989137341046856,-2.953770445175252
2022-06-17,16.140513927047603,1,17.501264599200397,14.340579946553262,-3.1606846526471344,15.72153624862419,16.43126839278733,0.7097321441631408,17.038816367305117,17.81119133208155,0.7723749647764322,16.26505748589574,19.788823981284878,3.5237664953891397,12.568034436546668,14.120907305702389,1.5528728691557205,17.748374424713504,14.350312603876176,-3.398061820837327
2022-06-24,16.15255313208164,1,17.29342364109641,14.17030561036475,-3.1231180307316606,15.75819571690576,16.341276158226563,0.5830804413208028,17.011866101982108,17.90815962068342,0.896293518701313,16.28851339035066,19.858672241549485,3.5701588511988263,12.518276480105953,13.998019148068494,1.4797426679625403,18.04504346204895,14.638886013597144,-3.4061574484518076
2022-07-01,16.07456821808615,1,17.183907597141925,13.89980083196528,-3.284106765176645,15.733281597047792,16.269754427749618,0.5364728307018254,16.91714107741366,17.698710741495532,0.7815696640818715,16.443917945617528,19.962607077557422,3.518689131939894,12.277144025953802,13.920745562131813,1.6436015361780107,17.892017065342188,14.695790667617274,-3.1962263977249137
2022-07-08,15.619958267947055,1,16.7095299347381,13.789449136424139,-2.920080798313961,15.598617032566537,16.276412484672406,0.6777954521058689,16.075563661976986,16.83521661933068,0.7596529573536941,16.01187206396338,19.635014484658967,3.6231424206955865,12.026934149183788,13.162075659688583,1.1351415105047948,17.29723276525354,14.021581222907571,-3.275651542345969
2022-07-15,15.782454055885461,1,16.81429931378824,13.793902059975792,-3.0203972538124475,15.619160054073575,16.57326238344359,0.9541023293700164,16.10857148301794,17.750526063970852,1.6419545809529126,16.10972162781627,19.66998905688986,3.5602674290735905,12.384521549112407,13.098551434105971,0.7140298849935647,17.65845030750434,13.80849333692666,-3.8499569705776793
2022-07-22,15.898596207012169,1,17.04269418389744,13.991728009443037,-3.050966174454402,15.807672939725705,16.62391893641984,0.8162459966941356,16.02928836863518,17.70159789026812,1.6723095216329398,16.40026152327269,19.96086460426625,3.560603080993559,12.432058529663053,13.326819433231123,0.8947609035680699,17.679601696878947,13.786648368444645,-3.8929533284343023
2022-07-29,15.911255842314889,1,17.07216997156209,14.014936736628627,-3.057233234933463,15.805883559451402,16.42584127885617,0.6199577194047663,16.02614585697694,17.753907008152737,1.7277611511757982,16.393318522784796,20.060811132235045,3.6674926094502496,12.656507467772556,13.483515279589426,0.8270078118168698,17.513509675341552,13.728523618427388,-3.784986056914164
2022-08-05,15.855710571423492,1,17.168803654077735,13.970422430450284,-3.1983812236274503,15.817006661667108,16.46830390814341,0.6512972464763038,16.029143858221246,17.95799671044483,1.928852852223585,16.294205016494374,19.94886523007939,3.654660213585018,12.379595145232173,13.29581326308211,0.9162181178499367,17.44550909284831,13.492861886340918,-3.952647206507393
2022-08-12,15.760150955162567,1,16.56140114157739,13.74842550502504,-2.812975636552352,15.972791396731552,16.858699680223367,0.8859082834918155,16.155268996840178,17.958022207284017,1.8027532104438393,16.437974893180595,19.878606819209935,3.44063192602934,12.370350487108595,12.95327141778553,0.5829209306769343,17.063118815537095,13.163880101447532,-3.899238714089563
2022-08-19,15.780963748901605,1,16.30457208050511,14.021468313617646,-2.2831037668874643,16.14308249539168,17.050668748657642,0.9075862532659613,15.929172034499786,17.266472934644796,1.33730090014501,16.552371367669437,19.63990728466848,3.0875359169990446,12.716277778084503,13.301727406561952,0.5854496284774484,17.040306737259115,13.405537805259144,-3.6347689319999716
2022-08-26,15.790551219453349,1,16.488706977054704,14.13625517493854,-2.352451802116164,16.291333931338585,17.223637846325772,0.9323039149871875,15.65046216180022,16.932615879194245,1.2821537173940243,16.57870099529879,19.706305374437775,3.1276043791389867,12.69474772490328,13.336070758581712,0.6413230336784324,17.039355526324513,13.40842228324206,-3.6309332430824526
2022-09-02,15.678399647439754,1,16.369407351624872,13.84010391037873,-2.5293034412461424,16.33172919025948,17.362202910626706,1.030473720367226,15.498080758215721,16.677847591516283,1.1797668333005618,16.41445909117226,19.76079279223336,3.3463337010610985,12.656027982471613,13.36424960539749,0.7082216229258762,16.800693510894575,13.065201074486012,-3.7354924364085633
2022-09-09,15.713195602747573,1,16.363047260690024,13.924044400263469,-2.4390028604265552,16.286088334928294,17.3117404883493,1.0256521534210066,15.472960656001092,16.80888331371618,1.3359226577150878,16.47643261249408,19.7884823700263,3.312049757532222,12.811337619049866,13.387825595384754,0.5764879763348887,16.86930713332208,13.058197448745375,-3.8111096845767065
2022-09-16,15.545058321386954,1,16.37407961507496,13.988319664601406,-2.385759950473556,16.000397047155772,16.809061575235205,0.8086645280794329,15.383641539073395,16.859115713884734,1.475474174811339,16.06101194740677,19.425429749411762,3.3644178020049935,12.760613226919759,13.376600598711534,0.6159873717917748,16.690606552691065,12.811822626477081,-3.878783926213984
2022-09-23,15.416407414064686,1,16.0200808677523,13.63604447519215,-2.384036392560148,15.65016010496349,16.896333114785875,1.2461730098223853,15.211146968435258,16.703832712152803,1.4926857437175443,16.180740399706536,19.37087128588756,3.1901308861810236,12.553066135263109,13.015623838439907,0.4625577031767989,16.883250008267424,12.875739057929778,-4.007510950337647
2022-09-30,15.931273019492437,1,16.58144757503723,13.910104657882115,-2.6713429171551155,15.953596132709308,17.90424843939516,1.9506523066858534,15.855814992576654,17.78065577243477,1.9248407798581155,16.666294076189644,19.761473522052356,3.095179445862712,12.950460601586684,12.747096453312011,-0.20336414827467308,17.5800247388551,13.48405927187818,-4.095965466976921
2022-10-07,15.870303620956236,1,15.999051077665854,13.631740606284481,-2.367310471381373,16.008989988428084,18.009607615111292,2.0006176266832085,15.907578393393365,17.483075045982304,1.5754966525889387,16.600260123464977,19.83444990459995,3.2341897811349725,12.876267734064712,12.825870174903002,-0.05039755916170918,17.82967440872042,13.43707837885637,-4.392596029864052
2022-10-14,16.026434022594405,1,16.29275829514215,13.756054651853333,-2.536703643288817,16.689845771532617,18.57514548995026,1.8852997184176417,15.65160000215846,17.451990476676173,1.8003904745177124,16.53857213690678,19.787849463086133,3.249277326179353,12.774267785708957,12.786422727174937,0.012154941465979618,18.21156014411747,13.801141326825615,-4.4104188172918555
2022-10-21,16.430437263470093,1,16.72361484096504,14.142957823604732,-2.580657017360309,17.244985592625937,19.591597770749928,2.3466121781239906,15.93308806600534,17.110084816689536,1.1769967506841965,16.795668367604506,20.342109127486736,3.5464407598822305,13.103285749230693,13.1546859653984,0.05140021616770696,18.781980964389035,14.241188076891262,-4.540792887497773
2022-10-28,16.2606769000723,1,16.808277928201548,14.433858671184623,-2.3744192570169247,16.878627832492796,19.413324724832563,2.534696892339767,15.820857751997508,16.965630325186865,1.144772573189357,16.38766050795506,19.442147606014174,3.054487098059113,13.086945097963238,12.948166707585472,-0.13877839037776596,18.58169228182365,14.360933365630117,-4.220758916193532
2022-11-04,16.184242856375494,1,16.597057599811265,14.125494283217009,-2.4715633165942563,16.875268683989646,19.46925985772306,2.5939911737334143,15.939269372820647,17.226740184793073,1.287470811972426,16.205672121293503,19.215947443124634,3.0102753218311307,13.068017680537878,12.906681428003907,-0.161336252533971,18.420171679800035,14.161333941391263,-4.258837738408772
2022-11-11,16.203379525793213,1,16.44244996056824,13.843725194448979,-2.598724766119261,16.99662036773705,19.587578775004232,2.5909584072671805,15.949058072505565,17.03632889591026,1.087270823404694,16.310372210687845,19.572282743282173,3.261910532594328,13.139730664235472,12.934212802112839,-0.20551786212263323,18.3820458790251,14.246148744000777,-4.135897135024322
2022-11-18,16.362079635946312,1,17.055449879046748,14.7461200500465,-2.309329829000248,17.036436947287925,19.542946279377972,2.5065093320900473,15.96926519546534,17.02566173142604,1.056396535960701,16.261619291009723,19.369319456642984,3.1077001656332612,13.32140613448594,13.074727567183444,-0.24667856730249582,18.52830036838219,14.413702731000953,-4.114597637381237
2022-11-25,16.33813715722083,1,17.198185298132273,14.982136535406255,-2.216048762726018,16.823218334250697,19.049510469080303,2.226292134829606,15.845324346888603,16.479012354682936,0.6336880077943334,16.236836371685186,19.458886352966644,3.222049981281458,13.521159553151875,13.308583017450715,-0.2125765357011602,18.404099039216348,14.750694213738129,-3.653404825478219
2022-12-02,16.236157594410788,1,17.198827211954182,14.909589111919246,-2.289238100034936,16.86473582258293,19.112684617637683,2.2479487950547536,15.750280044423178,16.560202033451418,0.8099219890282399,16.13185615087609,19.362782968761167,3.230926817885077,13.499377160265965,13.151785597229036,-0.3475915630369286,17.97186917636239,14.31990123746614,-3.6519679388962487
2022-12-09,16.2581574614227,1,17.16666885996449,14.73236914827676,-2.4342997116877285,16.678172475527916,19.00078630060503,2.322613825077113,15.71666102881018,16.569762874180697,0.8531018453705173,16.159169948191362,19.379062793799633,3.219892845608271,13.781596114276297,13.548011920966616,-0.2335841933096816,18.04667634176596,14.318951730707454,-3.7277246110585054
2022-12-16,16.61910104726261,1,16.814979427040328,14.05567174652684,-2.759307680513487,17.400084188415605,20.000234901800454,2.600150713384849,15.880185477617204,16.358560455677036,0.47837497805983276,16.707871561474363,20.17501623375955,3.467144672285187,14.239468887421225,14.047103043531934,-0.19236584388929145,18.67201674160694,15.078019902279806,-3.593996839327133
2022-12-23,16.12899760820101,1,16.95917877526236,13.799015971296697,-3.1601628039656617,17.072707613692856,19.30076843536277,2.2280608216699136,15.432268625612053,15.678996139818054,0.24672751420600036,16.14551654897174,19.77475495140513,3.629238402433387,13.833695683272396,14.46854657064273,0.6348508873703338,17.330618402394663,13.751903580680704,-3.578714821713959
2022-12-30,16.00259817930076,1,16.910942469824477,13.742452982567059,-3.1684894872574176,16.917920428131012,19.27613712187575,2.358216693744737,15.642814850486403,15.497826215388585,-0.14498863509781756,15.994116160181136,19.464384262526693,3.470268102345557,13.556346977012808,14.296330424458432,0.7399834474456242,16.993448190168735,13.738458068988066,-3.2549901211806684
2023-01-06,16.116997501205038,1,17.064899627786048,13.83255237849282,-3.232347249293227,16.93003139381605,19.36030242598504,2.4302710321689887,15.644893211285634,15.372571376938325,-0.2723218343473093,16.083790696766897,19.54291992419867,3.4591292274317738,13.887269338098761,14.590914352082919,0.7036450139841577,17.091100739476843,14.002724549532502,-3.0883761899443414
2023-01-13,16.11124386565164,1,17.01746396455887,13.653954138878433,-3.3635098256804383,16.78497838534446,19.239694336802657,2.4547159514581978,15.68353434288403,14.935307220804674,-0.7482271220793564,16.299818726313305,20.18363185822065,3.8838131319073455,13.775716066687465,14.063467503921942,0.28775143723447627,17.105951708121722,14.591408135281512,-2.5145435728402106
2023-01-20,15.714365668493771,1,16.882181272841166,13.324960441408933,-3.5572208314322324,16.879113181143197,19.100420559145476,2.2213073780022796,15.346220444585,14.063523137562541,-1.2826973070224597,14.819870040504341,19.448562774956144,4.628692734451803,14.005454645505878,14.358239469610993,0.3527848241051146,16.35335442638305,13.990487628278544,-2.3628667981045055
2023-01-27,15.875188235662442,1,17.149920848030177,13.173009169209564,-3.9769116788206134,17.29661711330438,19.78316049270741,2.486543379403031,15.697113612400884,13.967591092255418,-1.7295225201454656,14.359085372893745,20.134404187158026,5.775318814264281,14.215585001968023,14.524758207916847,0.3091732059488237,16.532807465377445,13.668206264727402,-2.8646012006500428
2023-02-03,15.90926890780887,1,17.385582407438875,13.223740858576818,-4.161841548862057,17.285124876682303,20.154249489622302,2.8691246129399985,16.045963800069813,14.028357936237825,-2.0176058638319887,14.537145111698166,19.989412867475963,5.452267755777797,14.392379124782636,14.694149133510038,0.30177000872740223,15.809418126181427,13.365703161430275,-2.443714964751152
2023-02-10,15.555746775463389,1,17.09406251910191,12.778931745273155,-4.315130773828756,16.779228650754447,19.53545449270017,2.756225841945721,15.396945625158168,13.18700803816128,-2.2099375869968867,14.121225406699821,19.863914623410196,5.7426892167103745,14.208713576131444,14.71279206538857,0.5040784892571253,15.734304874934537,13.256379687846916,-2.477925187087621
2023-02-17,15.74209964006763,1,17.262437360589118,13.334575610013317,-3.9278617505758007,17.007976828057792,19.631399440468172,2.62342261241038,15.326934994825564,13.356225366166328,-1.970709628659236,14.064084243086612,19.85148333803545,5.787399094948839,14.533658405127866,14.660954240056611,0.12729583492874497,16.257506008718835,13.617959845665894,-2.639546163052941
2023-02-24,15.770995562944725,1,17.161200682414062,13.269136298579525,-3.892064383834537,16.99184681089133,19.507189473171962,2.5153426622806307,15.6673404150592,14.03350043208276,-1.6338399829764398,14.035731370631382,19.930793546825797,5.895062176194415,14.558763807258288,14.442019888789773,-0.11674391846851506,16.21109029141408,13.443333738218485,-2.7677565531955963
2023-03-03,15.619866552477147,1,17.122873184041396,13.27346842088086,-3.8494047631605355,16.88748007086953,19.35460850691115,2.4671284360416195,15.454770163126213,14.229604868766103,-1.2251652943601101,13.80048226855736,19.455709062325965,5.655226793768605,14.375461690228065,14.173083811891317,-0.20237787833674759,16.078131938040315,13.232724644087469,-2.845407293952846
2023-03-10,15.917065205477677,1,17.25373687648802,13.732699889781244,-3.5210369867067755,17.1592371240134,19.73170357753621,2.5724664535228072,16.76929152207076,14.756641200932904,-2.012650321137855,13.968777496799689,19.45965708653945,5.490879589739762,14.340050182460843,14.149053117229371,-0.1909970652314712,16.01129803103335,13.672636360846823,-2.338661670186525
2023-03-17,15.957733293263162,1,17.437047647467622,13.907166361568528,-3.5298812858990942,17.12190966686245,19.504045803421974,2.3821361365595237,16.6879696809345,14.7923227819022,-1.8956468990323003,13.800157227188734,19.47404093064921,5.673883703460476,14.51829074838433,14.594349694779254,0.07605894639492305,16.18102478874134,13.474474187257755,-2.7065506014835847
2023-03-24,15.88385025659968,1,17.497256372207033,13.893154810156119,-3.6041015620509143,17.18426234414521,19.60028075639805,2.416018412252839,16.700427872215514,14.727530892933217,-1.9728969792822966,13.798772084853113,19.472678103378485,5.673906018525372,14.470558762756696,14.707169276536007,0.2366105137793113,15.651824103420523,12.90228770019624,-2.7495364032242833
2023-03-31,15.987121162633684,1,17.76570813039841,14.185004201543407,-3.5807039288550015,17.21343955942099,19.645425842363622,2.4319862829426313,16.67683036033594,14.825088652302071,-1.8517417080338703,13.881385382132649,19.576971952334375,5.695586570201726,14.555107111484219,14.749658618590303,0.19455150710608393,15.830256432029898,12.940577708668343,-2.8896787233615555
2023-04-07,16.13365266993488,1,17.96982160899968,14.524461715937747,-3.4453598930619336,17.485712598461575,19.6683916965912,2.1826790981296256,16.97005953885194,15.804404610646415,-1.1656549282055266,13.908615121907559,19.245772419194765,5.337157297287206,14.47270962350079,14.536894599492811,0.06418497599202055,15.994997527887733,13.021990977746356,-2.9730065501413776
2023-04-14,16.64662328329256,1,18.5154976667166,14.97851167348746,-3.5369859932291376,17.88161676089763,20.565261427312095,2.683644666414466,18.232715377585833,17.073845735557413,-1.1588696420284208,14.525635239640934,19.525858305640767,5.000223065999833,14.50619881636139,14.227108567903613,-0.2790902484577771,16.218075838552977,13.509153989853985,-2.708921848698992
2023-04-21,16.568018195020116,1,18.733200531751507,14.26739709650272,-4.465803435248787,17.772262091693037,20.660896773055057,2.8886346813620207,18.33799942528178,16.904902626512694,-1.4330967987690855,14.398353477110177,19.767207436804114,5.368853959693936,13.506938836418755,13.70528043102162,0.1983415946028657,16.65935480786544,14.10242480622449,-2.55693000164095
2023-04-28,15.648159533248865,1,17.87451633168135,13.473861572856578,-4.400654758824771,16.808175708508585,19.091713642571676,2.283537934063091,17.317822524028486,15.755252831541128,-1.562569692487358,13.471195179769651,19.530605590393478,6.059410410623826,12.562424890016104,13.456446222452655,0.8940213324365516,15.854822565489016,12.581077339677705,-3.273745225811311
2023-05-05,15.807002906289759,1,18.276517682410457,13.05465352682603,-5.221864155584427,17.002209103905173,19.019555683983583,2.01734658007841,17.424578150988495,15.823470812221288,-1.601107338767207,13.611819206214676,19.970178562046513,6.358359355831837,12.611413245890944,14.130989166869242,1.5195759209782977,15.915480048328803,12.84316968579192,-3.072310362536882
2023-05-12,16.033225243457043,1,18.34600119204235,13.317342945814374,-5.028658246227977,17.11898319418688,18.95590074004329,1.8369175458564087,18.244130337402183,16.884320696909327,-1.3598096404928555,13.818785373186174,19.90371119857363,6.084925825387458,12.712554164759226,14.061294175738851,1.3487400109796255,15.958897199165435,13.076781703662817,-2.8821154955026174
2023-05-19,15.82699939081783,1,18.354532786548162,13.7096270840823,-4.644905702465863,16.91368801674014,18.83588233221265,1.9221943154725096,17.897346876619608,16.840814048986374,-1.0565328276332338,13.932759502530487,19.312335595574183,5.3795760930436956,11.82775346566389,12.531569488460406,0.7038160227965164,16.035915696804693,13.731767795591068,-2.304147901213625
2023-05-26,16.675184552726314,1,18.842061982337214,14.107241213818199,-4.734820768519015,17.637421286033216,20.917563319190023,3.2801420331568067,21.34331997067507,18.78093324693758,-2.5623867237374895,14.17502561432373,19.641469306711244,5.466443692387514,11.786551583771455,12.698858147180886,0.9123065634094303,16.266726879217202,13.90504208251997,-2.361684796697233
2023-06-02,16.52623801344284,1,18.852013143828387,14.073629221192718,-4.778383922635669,17.286519632052432,20.25131377240575,2.9647941403533196,20.848822318157502,19.023712473319023,-1.8251098448384795,14.120605504353918,19.44817831223341,5.327572807879491,11.896892053714168,12.151217750905573,0.25432569719140474,16.152575428550634,14.209376550600595,-1.9431988779500386
2023-06-09,16.398563534719937,1,18.749616982158926,14.005011485010556,-4.74460549714837,17.358763486842477,19.953036854053636,2.5942733672111586,20.405189944998256,18.478314605641316,-1.9268753393569398,14.102715503832684,19.379521742198193,5.276806238365509,11.833958610659835,12.637477407401548,0.803518796741713,15.941136679827451,13.93801911401438,-2.0031175658130707
2023-06-16,16.380978814922944,1,19.710049828527545,14.683207441669552,-5.026842386857993,17.13268685529576,19.935865962152278,2.8031791068565184,20.087966363845638,19.10316181253515,-0.9848045513104893,13.200908803352476,18.43084773301068,5.2299389296582035,12.184547813462643,12.367814754050116,0.1832669405874725,15.96971322505361,13.764975186119926,-2.2047380389336837
2023-06-23,16.574524821101004,1,20.630717924765833,15.084680429252998,-5.546037495512834,16.574291733676546,18.8700110034774,2.2957192698008555,20.048949128370822,18.047624626927018,-2.001324501443804,13.017179270810985,18.775343516164483,5.758164245353498,11.857370608099728,12.668287858329322,0.8109172502295934,17.31864026088212,16.00120149245481,-1.3174387684273086
2023-06-30,16.732242123471984,1,20.767647519758754,15.362589996373089,-5.405057523385665,16.567321193167942,18.99165952561046,2.4243383324425167,20.15653772643536,18.00376675092427,-2.152770975511089,13.482453504628438,18.841364805426537,5.358911300798098,12.044163080999354,12.828107715305975,0.7839446343066214,17.375329715842057,16.365963947191545,-1.009365768650511
2023-07-07,16.6585818044706,1,20.69192774743813,15.571489200450486,-5.120438546987643,16.419272488321397,18.870212474609488,2.450939986288091,20.0232832288508,18.12083415876255,-1.9024490700882524,13.580214973278999,18.289441335219706,4.709226361940708,12.148171398987714,13.111804777364895,0.9636333783771818,17.088620989946563,15.987708880416463,-1.1009121095300998
2023-07-14,16.78839739172864,1,20.996785042235814,15.287826167099468,-5.7089588751363465,16.761516249009958,18.264901380351446,1.5033851313414885,20.12430286286896,18.167638393894535,-1.9566644689744237,13.544816533251776,19.929396854561247,6.384580321309471,12.182723617187563,12.741969155171134,0.5592455379835712,17.12024004581778,16.33865239929399,-0.7815876465237892
2023-07-21,16.867236748517787,1,20.886693257702333,15.794049914673039,-5.0926433430292946,17.271519190560397,18.785610481008305,1.514091290447908,20.240847395215894,18.713645024666803,-1.527202370549091,13.585585785052245,19.181192571317183,5.595606786264938,12.16593253395935,12.639755937670401,0.4738234037110516,17.052842328616492,16.089166561770966,-0.963675766845526
2023-07-28,16.789339804237823,1,20.893322701270975,15.565926485274147,-5.327396215996828,17.162337084623402,18.628371411178293,1.4660343265548903,20.12572850659531,18.176686062062117,-1.949042444533191,13.443563754432944,19.396307116252572,5.952743361819628,12.186163620305507,12.844957265495722,0.6587936451902152,16.924923158198794,16.123790485164108,-0.8011326730346866
2023-08-04,16.884274282880128,1,20.83231901198701,15.328693712635385,-5.503625299351626,16.977402277201136,18.54706627331157,1.5696639961104353,20.28717967579084,17.9912179655025,-2.2959617102883385,13.620549688767355,19.931197680584262,6.310647991816907,12.551592976018085,13.23998866464548,0.688395688627395,17.03660206751634,16.267481400601582,-0.769120666914759
2023-08-11,17.13924386213137,1,21.267976954509535,15.434425724903349,-5.833551229606186,16.980701703488776,18.420020823372226,1.43931911988345,20.54963593474399,17.652086543994685,-2.8975493907493046,13.906101172104869,20.119185679453054,6.213084507348185,12.682255501955424,14.433175431263479,1.7509199293080542,17.44879190598563,16.77656896980143,-0.6722229361841983
2023-08-18,17.122428087502445,1,21.533421526465503,15.364887590935027,-6.168533935530476,16.84764709337044,18.4345111235166,1.5868640301461596,20.610016747886732,17.775456728747756,-2.8345600191389764,13.848141307803132,19.89884882825281,6.050707520449677,12.662759129101872,14.391260518464719,1.7285013893628474,17.232582720386986,16.869603735097726,-0.36297898528926
2023-08-25,17.119600652445307,1,21.47264539556312,15.50410616431978,-5.968539231243341,17.005491341777812,18.55170884836349,1.546217506585677,20.567519338919766,17.644682361265424,-2.9228369776543417,13.805229553863796,19.748460382921948,5.943230829058152,12.555812344898499,14.270378053423073,1.7145657085245745,17.310905939648848,16.998268104378127,-0.31263783527072064
2023-09-01,16.78771112193681,1,21.311314707136418,15.42362738534122,-5.887687321795198,16.661887218561063,18.48702992641104,1.8251427078499773,20.494530436464316,17.358159938788276,-3.1363704976760403,13.324692727493172,19.532005747829984,6.207313020336812,12.050442572199898,13.546147628619707,1.4957050564198084,16.883399069765986,16.379296104630654,-0.5041029651353313
2023-09-08,16.65007490265526,1,21.024754312381916,15.321599984934878,-5.703154327447038,16.492877660961057,18.265377237245332,1.7724995762842752,20.831137090367406,17.70521532224251,-3.125921768124897,13.072969673073644,19.103819008085665,6.030849335012022,11.77836428804855,13.30796246247182,1.5295981744232705,16.70034639109899,16.196475400951343,-0.5038709901476466
2023-09-15,16.639507714810907,1,21.123300057902256,15.2571893120367,-5.866110745865555,16.574104804473023,18.15291197313202,1.5788071686589973,20.78067589735167,17.736784612420436,-3.0438912849312345,12.909292365343049,19.21744068296084,6.308148317617793,11.744818310399566,13.299270521620784,1.5544522112212178,16.704854853395886,16.17344918669471,-0.5314056667011755
2023-09-22,16.69745083746722,1,21.181349416473267,15.364985951519358,-5.816363464953909,16.9129607309457,18.449331719482714,1.5363709885370156,20.863525816899184,17.67879660138938,-3.1847292155098046,12.818482111830093,19.060507173222177,6.242025061392084,11.790578953402587,13.516038656676415,1.7254597032738275,16.61780799525249,16.115044922513277,-0.5027630727392136
2023-09-29,17.020790074779548,1,21.719428257747936,16.015481644779157,-5.703946612968778,17.108085517852928,18.819812638337368,1.71172712048444,21.65627051029132,17.96722865329231,-3.6890418569990118,12.719920113392774,19.015936426604355,6.296016313211581,11.95586902527053,13.772630899195619,1.8167618739250884,16.965167024121797,16.533650186468478,-0.4315168376533194
2023-10-06,17.04897709198725,1,21.686337575551732,16.017784662856187,-5.668552912695546,17.137612954322577,18.8089390866555,1.671326132332922,21.66464179012398,18.136812601807947,-3.5278291883160335,12.84410656570526,19.13807186097381,6.293965295268549,11.96175630946172,13.652731097380794,1.6909747879190746,16.999407356758226,16.539523242249274,-0.4598841145089523
2023-10-13,17.013840338064615,1,21.759785654647615,16.177325408621186,-5.582460246026429,17.39021955463724,18.66790124976299,1.2776816951257501,21.049176091564448,17.82175432877203,-3.2274217627924173,12.708142004723015,19.237130996897207,6.528988992174192,11.956499508275328,13.466908450461105,1.5104089421857765,17.219219214540047,16.71202159387319,-0.507197620666858
2023-10-20,17.044238337673928,1,21.84049544152745,16.276880445884203,-5.563614995643249,17.09472019491325,18.243465660231678,1.1487454653184273,21.1797424154268,17.305074478418206,-3.8746679370085957,12.775182556962577,19.532775178081792,6.757592621119215,12.111001717415306,13.796155770582217,1.6851540531669116,17.26428769979819,17.111078492845465,-0.15320920695272378
2023-10-27,16.888337776950383,1,22.19874806717526,16.555675718822087,-5.643072348353172,15.846612910704465,17.37927623414697,1.532663323442506,20.937047177832554,16.783722937945427,-4.153324239887127,12.769625397402606,19.390951651393124,6.621326253990517,12.06792469791688,13.920723835934538,1.8527991380176587,17.51006841067054,17.299676283460144,-0.21039212721039746
2023-11-03,17.048882751356192,1,22.210278574845574,16.521106097028607,-5.689172477816967,16.054496857435993,17.61203137274788,1.557534515311886,21.444444167724356,17.03251134187792,-4.411932825846435,12.657855142543454,19.395312649056876,6.737457506513422,12.297668102400479,14.166731609323662,1.8690635069231831,17.62855366318729,17.565603438102187,-0.06295022508510328
2023-11-10,16.949935825959873,1,21.98474111574862,16.170922343882296,-5.813818771866323,15.789606069397308,17.251673127283112,1.462067057885804,21.27383755299111,16.970421491431182,-4.303416061559929,12.78297908190899,19.8296812342884,7.04670215237941,12.302637140095598,14.014701105079169,1.712063964983571,17.565813995617603,17.462215653795056,-0.10359834182254701
2023-11-17,16.52999362065645,1,21.39950010527984,15.418356794629759,-5.981143310650083,15.637074633089014,17.13629689006713,1.4992222569781148,21.193646767858993,16.731168788297296,-4.462477979561697,12.484980654661257,19.800519866983194,7.315539212321937,12.004153420466949,13.685242734631785,1.6810893141648364,16.460606142582662,16.408376649329554,-0.05222949325310822
2023-11-24,16.73828055461253,1,21.73730118618451,15.801058717025157,-5.936242469159353,15.688105906481638,17.056621877368144,1.3685159708865058,21.225124377196863,16.932245560826928,-4.292878816369935,12.546088164422471,20.199678949172807,7.653590784750335,12.005202615193468,13.569481847661194,1.564279232467726,17.227861078196227,16.870596375620977,-0.3572647025752502
2023-12-01,16.898213020152834,1,21.73022852514964,15.756029252423204,-5.9741992727264375,15.9205236653643,17.489548755766364,1.5690250904020644,21.27388238868093,17.451245144734102,-3.8226372439468292,12.885540184007994,20.509922768054324,7.62438258404633,12.190886905606732,13.657283261030742,1.4663963554240098,17.3882164521074,16.52524893890825,-0.8629675131991519
2023-12-08,17.11774271753676,1,21.819244457094044,15.84270989838798,-5.976534558706064,15.934937359151846,17.62100411825041,1.6860667590985656,21.542387920187977,17.147886617302234,-4.394501302885743,12.835604035471292,20.657800373024713,7.822196337553422,12.654596278323197,13.80975924027166,1.155162961948463,17.9196862549922,17.627296057983557,-0.2923901970086433
2023-12-15,17.055421105545275,1,21.819896054282978,15.550313296875956,-6.269582757407022,16.21750917068576,18.21142325677819,1.9939140860924311,21.524151596185746,16.997554650338813,-4.526596945846933,12.544003373011918,20.248870481633446,7.704867108621528,12.61518390739839,13.228409260340186,0.6132253529417966,17.611782531706865,18.09595568730505,0.4841731555981852
2023-12-22,17.045826745676592,1,21.657310335932138,15.398384154402834,-6.258926181529304,16.128742278102493,17.8438760693262,1.7151337912237068,21.9023195933206,17.400553113760495,-4.501766479560104,12.504486085189313,20.4455512601251,7.941065174935787,12.44574036934334,13.110322808413471,0.6645824390701307,17.63636181217167,18.076273068031455,0.4399112558597835
2023-12-29,17.01586701343489,1,22.84334402031176,16.376809104790595,-6.466534915521166,15.303304757883225,16.879518675557208,1.5762139176739822,21.93115226176097,17.628781144298785,-4.302371117462187,11.981605117429922,19.968646489935992,7.98704137250607,12.547392255775549,13.249017557293698,0.7016253015181491,17.488403667447912,17.99242910873305,0.5040254412851368
2024-01-05,17.080935641719496,1,22.882680937373053,16.472889965875623,-6.409790971497429,15.5790364414475,16.33124102899596,0.7522045875484622,21.830483950141982,17.788856868993633,-4.041627081148349,12.010593675484245,20.383651369564134,8.37305769407989,12.47654344073112,13.09472851866218,0.6181850779310594,17.706275405139067,18.414246098225448,0.7079706930863807
2024-01-12,17.43645530379358,1,22.309429131113035,15.41176219129295,-6.897666939820084,16.359550297067884,17.65848683345253,1.2989365363846446,22.854789812219323,18.366120112483344,-4.488669699735979,11.91838363259977,19.503636379591697,7.585252746991927,11.916505685783093,12.245661060359538,0.3291553745764446,19.26007326397837,21.43306524558143,2.1729919816030616
2024-01-19,17.191943392549913,1,22.832422863221495,15.009672478210462,-7.822750385011034,16.006929807582694,16.51361485819541,0.5066850506127167,21.65211020108491,18.28042744464169,-3.371682756443221,11.815560169231645,20.141834556980555,8.32627438774891,11.791960620535392,12.44380291988999,0.6518422993545983,19.05267669364335,20.762308097381393,1.7096314037380438
2024-01-26,17.16927627650899,1,22.792510283980036,15.06194293123751,-7.730567352742526,16.206963473737744,16.710125451384656,0.5031619776469114,21.389450049536478,18.241930256759716,-3.1475197927767624,12.074040662695381,20.022604786019883,7.948564123324502,11.644959161172494,12.35587756210171,0.7109184009292164,18.90773402793181,20.62317667155051,1.715442643618701
2024-02-02,17.021606611559257,1,22.170904298989,14.680321234618205,-7.490583064370796,15.75708706415196,16.538108228527207,0.7810211643752467,21.27731379170264,18.246525040278584,-3.030788751424055,12.413640762544418,19.735078113612317,7.3214373510679,11.53831302444675,12.164951679791457,0.6266386553447063,18.972380727520772,20.764655372527727,1.7922746450069553
2024-02-09,16.88579871656512,1,22.444844418614636,14.558828856687782,-7.886015561926854,15.774373852683013,16.13153406091773,0.35716020823471695,20.764628457474288,18.211534557830774,-2.553093899643514,12.082071139134456,19.769647419984977,7.6875762808505215,11.608472998639542,12.052446873208709,0.44397387456916704,18.640401432844783,20.59080053076073,1.9503990979159482
2024-02-16,16.854672820598825,1,22.68314755172976,14.64042205141476,-8.042725500315,15.706275359811684,16.15178997441548,0.4455146146037947,20.75189573703976,18.331332271340656,-2.4205634656991037,11.771381390589482,19.45523425790141,7.683852867311927,11.596139239326618,11.955426350580595,0.35928711125397683,18.61919764509564,20.59383201794003,1.9746343728443918
2024-02-23,16.851329529907865,1,22.874900528303257,14.813820115350183,-8.061080412953075,15.634137425136885,15.999710477773675,0.3655730526367904,20.822858280399487,18.499095500980744,-2.323762779418743,11.653145859341365,19.169134495091512,7.515988635750148,11.575597691061674,12.104202159079193,0.5286044680175195,18.547337395204522,20.52201443117191,1.9746770359673889
2024-03-01,16.6827484521078,1,23.1821226223706,14.994965358441618,-8.187157263928981,15.521633747850217,15.98154702140667,0.4599132735564524,20.278778098826706,17.863423480454443,-2.4153546183722625,11.655286647756355,19.019472389403447,7.364185741647091,11.365489452149447,11.885624895492924,0.5201354433434773,18.093180143693473,20.35145756744768,2.2582774237542083
2024-03-08,16.490932226527466,1,22.93170521622372,14.477683122549266,-8.454022093674453,15.365564986064214,16.503635649661817,1.1380706635976026,20.126354300060257,17.742117646446687,-2.38423665361357,11.53519499820419,18.49987534555855,6.96468034735436,11.040220142996219,11.516075944580138,0.4758558015839185,17.946553715616204,20.206205650368332,2.259651934752128
2024-03-15,16.317393518848,1,22.447809129006004,14.260909461239265,-8.186899667766738,15.817444831620904,16.779640036587423,0.9621952049665197,19.8690061436522,17.58560938832119,-2.2833967553310117,11.35276501011137,18.277095770655407,6.924330760544038,10.592583135067883,10.897487279293443,0.30490414422556,17.82475286362964,20.103619176991216,2.2788663133615756
2024-03-22,16.439624604107326,1,22.613407180143653,14.627911143615833,-7.98549603652782,15.945661833567783,16.89723936656756,0.951577532999778,19.907049579846714,17.617764348744615,-2.289285231102099,11.371169128373879,18.31473385594755,6.943564727573673,10.880908745623216,11.082609236056342,0.20170049043312588,17.919551157088705,20.097489673712033,2.1779385166233283
2024-03-29,16.79074996357633,1,22.71952977673631,14.391783691900415,-8.327746084835894,16.00238211067615,16.879843976412232,0.8774618657360804,20.316611204016965,17.926092198446483,-2.390519005570482,11.698468385382824,18.496038852097286,6.797570466714461,11.551749481301556,12.137513664005212,0.5857641827036559,18.455758823344183,20.913227398596362,2.4574685752521788
2024-04-05,16.80211426431325,1,23.202940085047643,13.84797843792407,-9.354961647123574,15.656954251691133,17.026907741163384,1.3699534894722518,20.120405032365454,18.1083858305378,-2.0120192018276555,11.77705529640302,18.783175510696168,7.006120214293148,11.935848242542761,12.283923942388085,0.3480756998453245,18.11948267782948,20.762314123169915,2.642831445340434
2024-04-19,17.02848560360448,1,23.64391087866639,13.892462114724438,-9.751448763941951,15.492074493252801,16.890965275741948,1.398890782489147,20.382871891762562,19.150172591068312,-1.2326993006942502,11.947440601128449,18.110566263394674,6.163125662266225,12.048599809960919,12.249911487007068,0.20131167704614938,18.65601594685576,21.87683588969047,3.2208199428347086
2024-04-26,17.08140805567228,1,23.30003431037386,13.701386247584693,-9.598648062789167,15.608839552855287,17.33949812426387,1.7306585714085827,20.523228195467297,18.920901314018295,-1.6023268814490024,12.191718722376649,18.10486887246718,5.91315015009053,12.089325816288252,12.494056529654216,0.40473071336596433,18.775301736672347,21.927737246045453,3.152435509373106
2024-05-03,17.0611600033337,1,23.23577455875663,13.708415668529923,-9.527358890226708,15.705126800677291,16.940324265557038,1.2351974648797466,20.168831823559174,18.97330754911495,-1.1955242744442245,12.33662117462552,17.82841373449922,5.491792559873701,11.866214541088297,12.864671834248654,0.9984572931603566,19.054391121295282,22.05182696805238,2.9974358467570994
2024-05-10,15.34956384302948,1,19.985216321178953,9.226762315363402,-10.758454005815551,16.229650628064334,18.105626705321228,1.8759760772568939,18.875773924536787,18.509070870732174,-0.36670305380461343,11.824742938922569,18.25752509222812,6.432782153305553,9.470352664801155,8.839487260397291,-0.6308654044038633,15.71164658067309,19.158910814134643,3.447264233461553
2024-05-17,15.6238156068704,1,21.42058693476072,9.440237749988498,-11.980349184772223,16.272483721337522,18.132427773797943,1.8599440524604205,19.16362592371516,18.759521728803264,-0.40410419491189487,11.788611992620588,17.765801163719587,5.977189171098999,9.26390553364331,9.147425843709854,-0.11647968993345614,15.833679535145095,20.49747938120325,4.663799846058154
2024-05-24,15.816750844580733,1,21.714885047571514,9.052480171673054,-12.66240487589846,16.829364367061828,18.527828639396233,1.6984642723344052,18.980521952696904,19.46208790392444,0.4815659512275374,12.348829557273916,18.58583685512494,6.237007297851022,9.212459582650325,8.964716961187179,-0.2477426214631464,15.814444560229916,20.307554536178586,4.49310997594867
2024-05-31,15.077233366451578,1,20.008482197769766,8.964751240058348,-11.043730957711418,16.47797130135332,18.26383625816173,1.7858649568084104,18.385292689561197,18.097248351752043,-0.28804433780915417,12.344746846058229,18.290883228059016,5.9461363820007875,9.05833451179494,9.275260705998718,0.21692619420377923,14.188572652172013,17.571420414679608,3.382847762507595
2024-06-07,14.892402294513731,1,19.662342265879502,8.937568390108865,-10.724773875770637,16.45715357512016,18.255804569731765,1.7986509946116058,18.21840901877539,18.09546160376908,-0.12294741500630835,11.954461056549079,17.663192337331495,5.708731280782416,8.925346597335704,9.133268149377969,0.20792155204226503,14.136701253422558,17.269118716763273,3.1324174633407154
2024-06-14,15.063218951236914,1,20.45567532986844,8.954129252391496,-11.501546077476945,16.527836067329943,18.42507079366696,1.8972347263370182,18.22113473939784,18.29481874975474,0.07368401035689942,12.12033064748816,18.04603651457559,5.92570586708743,9.016593448219012,9.45506320759219,0.4384697593731772,14.037743475118091,17.20419518944047,3.1664517143223776
2024-06-21,14.842624700186706,1,20.212912314646402,8.315732214292652,-11.89718010035375,16.446077262532,18.26301914355099,1.816941881018991,17.817914975403824,17.388801797496498,-0.4291131779073254,12.226621465315716,18.245585228909547,6.018963763593831,8.457769200044254,9.604903380657433,1.147134180613179,13.894452983178041,17.23770643621313,3.3432534530350893
2024-06-28,14.255878100588228,1,19.11179418178861,8.084190468034663,-11.027603713753948,15.637119634426853,16.641174342274752,1.0040547078478994,16.984453946123836,17.054250539828587,0.06979659370475133,12.006881831555816,17.842672234521743,5.835790402965927,8.206190634899684,9.226037656595409,1.0198470216957247,13.588828374734575,16.686943362274235,3.0981149875396596
2024-07-05,14.29596532528319,1,19.06752602820299,8.233641008845467,-10.833885019357524,15.78698264140013,16.160981767033334,0.3739991256332047,16.8613640151746,17.41047431056866,0.5491102953940583,12.162297831914003,17.94461630130739,5.782318469393388,8.17729780288613,8.996991454025789,0.8196936511396586,13.720323632121278,17.029087109918507,3.3087634777972283
2024-07-12,14.205993204608319,1,18.945185735191842,8.198296321709861,-10.74688941348198,15.792775051078081,16.19551478099136,0.40273972991327867,16.78053062708443,17.208438622505952,0.4279079954215206,12.225140195986313,17.96388547153431,5.738745275547998,8.188764126431792,9.014372112028909,0.8256079855971166,13.303563491877455,16.655451918879507,3.351888427002052
2024-07-19,14.333697196039822,1,19.108092976848766,8.273182647202546,-10.83491032964622,15.968980141519765,16.373381953380104,0.40440181186033897,16.86572052051136,17.306272904999503,0.44055238448814293,12.397469739713742,18.212899997738376,5.815430258024634,8.19534798122686,9.010869486597883,0.8155215053710236,13.466571816418437,16.825576186320504,3.359004369902067
2024-07-26,14.211446302338132,1,18.54433464626385,8.168825109927838,-10.375509536336011,15.858197674721097,16.062167046259546,0.20396937153844874,16.794206724653804,17.164775969437855,0.3705692447840505,12.469081462301972,18.289667446570533,5.820585984268561,8.200379768274388,8.98668935546631,0.7863095871919228,13.402477537813681,16.596552886366737,3.1940753485530564
2024-08-02,14.195215230232499,1,18.676359209621864,8.147880493054117,-10.528478716567747,15.844598939899114,16.00880667593175,0.16420773603263683,16.63887654960311,17.14885443354831,0.5099778839451972,12.238849130037536,17.945743662466242,5.706894532428706,8.181839606239521,9.01881638863236,0.8369767823928385,13.590767945993846,16.9011897277622,3.3104217817683548
2024-08-09,14.255888395096646,1,18.677582114994223,8.101391862217227,-10.576190252776996,16.183455228284046,16.037894277371407,-0.145560950912639,16.770846572849294,17.2770875442975,0.5062409714482072,12.22464224901384,18.23832686027538,6.013684611261539,8.190232679419452,9.237620839377996,1.047388159958544,13.488571526019015,16.643008987040346,3.154437461021331
2024-08-16,14.065625800958708,1,18.923547386081296,8.669866175788513,-10.253681210292783,16.381174052719146,16.052194134606182,-0.3289799181129638,16.578957130449197,17.173603012426128,0.5946458819769305,11.736140252848259,17.792986856320297,6.056846603472039,7.640132109613589,8.673646689620071,1.0335145800064822,13.133803874040765,16.031457936991075,2.897654062950309
2024-08-23,14.269620014280825,1,19.589300055035054,8.773988695534143,-10.81531135950091,16.105686404492815,16.430183066642343,0.324496662149528,16.541583259268663,17.571685948145316,1.030102688876653,11.9111086140868,18.04973201214142,6.138623398054619,8.206833584773221,8.560216405175055,0.35338282040183344,13.263208168028399,16.231913958046604,2.9687057900182054
2024-08-30,14.20763314085463,1,19.634902260588078,8.712837808479534,-10.922064452108543,15.916628494607664,16.008948839637952,0.09232034503028785,16.449909368169187,17.508249690255766,1.058340322086579,11.928698959603011,18.128977020307488,6.200278060704477,8.449908400965711,8.968630554857597,0.5187221538918863,12.865751361194128,15.918154931589442,3.052403570395313
2024-09-06,14.130169061560593,1,19.554599114150335,8.758740129699916,-10.795858984450419,15.792117120076526,15.763469965828179,-0.02864715424834685,16.329100355493594,17.420429425013467,1.0913290695198725,11.857444718202643,18.0565125783246,6.199067860121957,8.333894147493993,8.821544040771641,0.4876498932776485,12.91385891394647,15.960318229725743,3.0464593157792734
2024-09-13,13.884273070765927,1,19.383372128872026,8.66620574290728,-10.717166385964745,15.1564701994198,15.138632422608282,-0.017837776811518324,16.240379170805596,17.375037487329138,1.1346583165235415,11.428234817334683,17.757214757809265,6.328979940474582,8.351627616009111,8.490035946079658,0.13840833007054698,12.74555449215434,15.878512067861905,3.1329575757075645
2024-09-20,13.968502291007532,1,19.43275454479577,8.593538669050076,-10.839215875745694,15.346690790555513,14.860502894931415,-0.4861878956240986,16.13609356257696,17.59980001988771,1.4637064573107494,11.433202003487992,17.972623107899082,6.53942110441109,8.38226475164474,8.463441608197542,0.08117685655280127,13.080008092984215,16.321107446079353,3.2410993530951373
2024-09-27,13.928093805246954,1,19.38731731608344,8.626945737437651,-10.760371578645788,15.435280263050032,14.98217489695024,-0.45310536609979124,16.11488919303507,17.361372343168043,1.246483150132974,11.368173950727638,17.747618827673875,6.379444876946238,8.121691914820289,8.555940812466844,0.4342488976465546,13.14121019376526,16.294510213785102,3.1533000200198416
2024-10-04,13.956491298966682,1,19.62175863058289,8.921690308931773,-10.700068321651116,15.220807211156526,14.847414269761444,-0.37339294139508183,16.024755145547516,17.199378264810207,1.1746231192626908,11.603928886577435,17.882622355728287,6.278693469150852,8.20785813733356,8.626207809011134,0.418349671677575,13.059839782602168,16.261634785557263,3.2017950029550946
2024-10-11,13.795812883921919,1,19.253357316260377,8.79470843028372,-10.458648885976658,14.96322124423655,14.614252902610147,-0.3489683416264029,15.951584067571417,17.153331082614145,1.2017470150427272,11.619423081452794,17.312753326808178,5.693330245355384,8.278457696358416,8.86309779321013,0.5846400968517145,12.708833897651957,16.036733768005178,3.327899870353221
2024-10-18,13.816619503470898,1,19.520341144417017,8.90716929341039,-10.613171851006626,15.206310661588518,14.952758716836485,-0.2535519447520329,16.042535324342836,17.275097224931216,1.2325619005883794,11.667451809829771,17.284928788695254,5.617476978865483,8.026900722324456,8.738467645315694,0.7115669229912385,12.436177358322794,15.741295351636381,3.305117993313587
2024-10-25,13.636031566748827,1,19.649503431581053,9.17646752595438,-10.473035905626674,14.471691009947335,14.890793081967061,0.4191020720197258,15.721475067601887,17.09840641433229,1.3769313467304016,11.626669392198067,16.6870452539968,5.0603758617987324,7.91032821075197,8.281788385173513,0.3714601744215429,12.436522288412647,15.681688739068903,3.2451664506562565
2024-11-01,12.88095564564145,1,18.427774018235453,8.244034291643004,-10.18373972659245,13.450577515052672,13.376982054645495,-0.07359546040717646,14.91109078889292,16.302274153740115,1.391183364847194,11.267176393601517,16.129339707420087,4.86216331381857,7.749194281162403,8.25984879505478,0.5106545138923764,11.479920876903734,14.973254871345219,3.4933339944414854
2024-11-08,12.507382482602411,1,17.912796769507594,7.934365718108495,-9.978431051399099,13.462078775138451,13.479595280056458,0.017516504918006603,14.730508785970756,16.283492162648855,1.5529833766780996,10.931484649743595,15.670975304486163,4.739490654742568,7.029092408308088,7.212689555738038,0.18359714742994981,10.978333506945987,14.46317687457649,3.4848433676305035
2024-11-15,12.470007867479461,1,17.664023360298998,8.070460338725468,-9.59356302157353,13.421672185986779,13.649808054075208,0.22813586808842956,14.73790855528891,16.437388781149266,1.6994802258603556,10.737729974205294,15.763919248475148,5.0261892742698535,7.149273352289839,6.843578345206907,-0.3056950070829316,11.109439776806951,14.054892437244803,2.9454526604378515
2024-11-22,12.698157484957447,1,17.778514282083066,8.380056314218564,-9.398457967864502,13.807040058400574,14.08496885013821,0.2779287917376365,14.799649655938822,15.934689392119651,1.135039736180829,11.125812083527094,16.625116633592043,5.499304550064949,7.427106860115245,7.07589390832284,-0.3512129517924052,11.250821969679876,14.088219811353355,2.8373978416734786
2024-11-29,11.939340238745098,1,16.735151094754883,7.712783981961351,-9.022367112793532,13.271666696681336,13.250676496542184,-0.020990200139152648,13.708025249009594,15.300290999182877,1.5922657501732829,10.45951241141998,15.421927139801937,4.962414728381958,6.871472299034366,6.486787459312239,-0.3846848397221265,10.590213681570432,13.463575355669974,2.8733616740995416
2024-12-06,12.07881339421312,1,17.131023145956263,7.906957503053803,-9.22406564290246,13.315694009613921,13.286119248533225,-0.029574761080695566,13.662557164603356,15.690280161981264,2.027722997377907,10.589087130018996,15.258508098098886,4.669420968079891,6.929963524419449,6.601399360986676,-0.32856416343277317,10.844555390666727,13.729615992624858,2.8850606019581306
2024-12-13,12.147110495327029,1,17.161889013982517,8.003627807407241,-9.158261206575276,13.343279295748928,13.346437135827813,0.003157840078884533,13.69239109171383,15.628665864521594,1.9362747728077636,10.668303059325169,15.307409586802805,4.639106527477637,6.9273971953081315,6.494146906386447,-0.43325028892168405,11.089403315883601,14.102375671016276,3.012972355132675
2024-12-20,12.184268285636096,1,17.1825773648046,8.356101178820694,-8.826476185983907,13.448055461582726,13.319301043554319,-0.12875441802840726,13.73416301518104,15.990286691561053,2.256123676380014,10.874563262592062,15.409907760730235,4.535344498138173,7.12884112306665,6.851001247352514,-0.27783987571413604,10.737409486589499,13.179011791797777,2.441602305208278
2024-12-27,11.288072117054801,1,15.938291102906746,7.245687418617507,-8.692603684289239,12.744936261026695,12.544424877490925,-0.20051138353576903,12.712237042561242,15.012207131728474,2.299970089167232,10.025788355450203,14.400856603583748,4.375068248133545,6.351073967828199,5.726470056396707,-0.6246039114314925,9.956105972555719,12.79878661451147,2.842680641955752
2025-01-03,11.452117519831353,1,16.154422789920204,7.089960305521828,-9.064462484398376,13.099767448889779,11.959071411161702,-1.1406960377280768,12.819413007839685,14.705203147660953,1.8857901398212675,10.357341853850642,15.557524089226462,5.20018223537582,6.384142202335099,6.387301639899746,0.00315943756464776,9.897617816152703,13.013644525517392,3.1160267093646894
2025-01-10,9.354803320938819,1,14.245537250636332,4.917956433219672,-9.32758081741666,10.56042238033605,10.98456331528044,0.42414093494438987,10.588123017431172,13.22340709414334,2.6352840767121677,7.95285279062071,11.784922313562888,3.8320695229421773,4.806150058338204,4.435801761793158,-0.3703482965450462,7.975734428270442,10.7821690076334,2.806434579362957
2025-01-17,8.626340363899317,1,12.457489902942214,4.7058259022343805,-7.751664000707834,9.598941513629256,10.066146924396847,0.4672054107675905,9.190618651620156,12.04331461052631,2.8526959589061534,7.140236245548337,9.672656745620756,2.532420500072419,6.035604175152471,5.165179280285884,-0.8704248948665878,7.335151694503466,10.10491872033171,2.7697670258282443
2025-01-24,8.14326638607078,1,11.351144326404508,4.496826659233108,-6.854317667171401,9.116041333716453,9.384626059438446,0.2685847257219933,8.533378741152475,10.790740144336894,2.2573614031844187,6.8341854379387,9.18884170683559,2.354656268896889,5.735985031985237,5.244893983503189,-0.49109104848204765,7.288863445227307,9.753669763077411,2.4648063178501047
2025-02-07,8.20005271334216,1,11.35320677499297,4.878604872248715,-6.474601902744254,9.226620454979752,9.44163808550779,0.21501763052803824,8.726959828260433,10.608646408260768,1.8816865800003342,7.040492221372062,9.035780775867323,1.9952885544952608,5.488126262472036,5.555556023270597,0.06742976079856078,7.3649107379757055,9.680090114897794,2.3151793769220887
2025-02-14,7.948506461477831,1,11.378740154906268,4.981730152369963,-6.397010002536305,8.844025073686993,9.731372404508292,0.8873473308212994,8.382006497061283,10.073788255023615,1.6917817579623318,6.768677926165893,8.002293081617609,1.2336151554517159,4.951642207339702,5.159438323420616,0.20779611608091386,7.3659469097068495,9.742416551926908,2.3764696422200586
2025-02-21,7.774592251029425,1,11.657684134909445,5.150991295776137,-6.506692839133308,8.111457514808862,8.989081327572393,0.877623812763531,8.199996700793392,10.009695531205509,1.8096988304121169,6.631295382598381,7.713916931494808,1.0826215488964266,4.985608755711965,5.3412695291151095,0.3556607734031445,7.061511017354505,9.44259889101258,2.3810878736580747
2025-02-28,7.511774005402408,1,11.20221079361562,5.217427861379193,-5.984782932236428,7.837278165683841,8.33179835116988,0.4945201854860386,7.724953856898722,9.313435079523074,1.5884812226243525,6.323626286899582,7.479826659644658,1.1562003727450758,5.047644273783561,5.567774843154822,0.5201305693712612,6.9349306555331225,9.160381237542836,2.2254505820097137
2025-03-07,7.1965911018188296,1,10.589038686046663,4.898993801145977,-5.690044884900686,7.607575372589963,8.152613805453313,0.5450384328633504,7.582465412479792,8.897560178842227,1.315094766362435,6.037211940356812,6.8818190984339935,0.8446071580771815,4.260049308795345,5.137076336307572,0.8770270275122272,7.1032058906444036,9.211483390729896,2.1082775000854923
2025-03-14,6.821024521623552,1,10.531770662850562,4.726613557849731,-5.805157105000831,6.5524317979809155,6.872134414279898,0.3197026162989829,7.8091482656897995,9.430150014831824,1.6210017491420246,5.616949509471979,6.205962475215955,0.5890129657439758,3.8706561405916773,4.4711728411892295,0.6005167005975522,6.545190753156376,9.220113826374643,2.6749230732182667
2025-03-21,6.551844016127736,1,8.734750773712008,4.672130361886602,-4.062620411825407,6.454658941004752,6.768051108920275,0.3133921679155236,8.012067809854784,8.72046835857742,0.7084005487226364,5.710453552385744,6.20044621387062,0.48999266148487663,3.776708808498597,4.640491314561473,0.8637825060628757,6.6224242113105305,8.30947673895001,1.68705252763948
2025-03-28,6.478173961456743,1,8.527542189721274,4.784099031635577,-3.7434431580856966,6.326084623362178,6.672078369874711,0.34599374651253356,8.080468378104612,8.754912542654495,0.6744441645498824,5.671019194175727,6.125307823756501,0.4542886295807733,3.728471661797059,4.612258076701849,0.8837864149047903,6.535457721579604,7.920387924117307,1.3849302025377028
2025-04-11,6.742976401792785,1,8.575597279515563,4.746144020425902,-3.829453259089661,6.739279134063906,7.050369949327461,0.31109081526355453,7.6449727582701,8.567978092602829,0.9230053343327285,6.530561133713817,7.1832424585960695,0.6526813248822521,4.053660687836725,4.73293972305558,0.6792790352188547,6.913787417356602,8.177184166748901,1.2633967493922995
2025-04-18,6.018633738859639,1,7.996083293046851,4.40283355404047,-3.5932497390063816,6.051122189127824,6.127978463183766,0.07685627405594175,6.446958134649947,7.320073314789681,0.8731151801397345,5.623826085466021,6.608671300092226,0.9848452146262048,3.557284317498741,4.153909465099645,0.5966251476009035,6.43652841336845,7.498336335952075,1.0618079225836254
2025-04-25,6.295500393860434,1,8.161131966676848,4.543002595140919,-3.618129371535929,6.122383576746373,6.5971276833848975,0.47474410663852495,7.658827349977074,7.604356914037098,-0.054470435939975914,5.798935074583753,6.9453054294697125,1.1463703548859598,3.3582133859327143,4.443722130688599,1.0855087447558844,6.673511009245843,7.639487610441378,0.9659766011955355
2025-05-02,6.222427234540153,1,8.184340422059748,4.705167307444356,-3.479173114615392,5.970520520243284,6.421824528957842,0.45130400871455834,7.469437003625899,7.6898353766305405,0.2203983730046417,5.764394194740504,6.817012412497931,1.052618217757427,3.4346127046601254,4.309044356753816,0.8744316520936906,6.511258561911362,7.391679424956422,0.8804208630450603
2025-05-09,6.112541185090929,1,8.205522364959648,4.73670687392449,-3.4688154910351585,5.896341807421962,6.32266289721187,0.42632108978990857,7.3336886809725,7.535496490333458,0.20180780936095744,5.707150872769972,6.7204366224963366,1.0132857497263643,3.3534575433511122,4.035716043031698,0.6822584996805858,6.179085841070375,7.324228183547717,1.1451423424773424
2025-05-16,5.90261705502594,1,7.929049877028675,4.55067312184066,-3.3783767551880146,5.645700310852504,6.304490776100948,0.658790465248444,6.656808037944515,6.7368891121474235,0.08008107420290855,5.604211481240654,6.4847454351567535,0.8805339539160997,3.286164354006118,3.8833980161654864,0.5972336621593684,6.2937682690831735,7.455505868744396,1.1617375996612225
2025-05-23,6.11460036715643,1,7.963963966134216,4.652820117498024,-3.311143848636192,5.843489113792273,6.615792732964408,0.7723036191721349,6.549101860160931,6.424371725035229,-0.12473013512570219,6.59083525262831,7.294187202006285,0.703351949377975,3.3299919638100732,3.8745691203401122,0.544577156530039,6.410220046412775,7.82586130509452,1.4156412586817453
2025-05-30,6.097730662752444,1,7.976381010888829,4.636957685023489,-3.33942332586534,5.675045030943622,6.396409615263494,0.7213645843198719,6.605091296916356,6.528461456750463,-0.07662984016589292,6.656657106333029,7.239655654967194,0.5829985486341656,3.2395011977764625,3.81008658806833,0.5705853902918676,6.433708333656369,7.974812976441655,1.5411046427852853
2025-06-06,6.1347073226041005,1,8.018107612936873,4.826273630880479,-3.1918339820563943,5.699787316030722,6.395712669318826,0.6959253532881036,6.688857249729537,6.730815998200356,0.04195874847081882,6.6431973979067465,7.342157006549968,0.6989596086432215,3.2228067639148463,3.803059397336895,0.5802526334220488,6.535487595105877,7.710225233338065,1.1747376382321875
2025-06-13,6.129712234701512,1,7.873008600390548,4.614765304199878,-3.2582432961906704,5.883878909724032,6.54255259728653,0.6586736875624979,6.878237330778532,6.872672388392715,-0.005564942385817062,6.594635073906488,7.243641703438783,0.6490066295322947,3.1789849105322077,3.7691462173663695,0.5901613068341618,6.369528582877265,7.735495197524813,1.3659666146475473
2025-06-20,6.295590572804746,1,8.330945039082266,4.9300070510236225,-3.4009379880586437,5.932154610682559,6.785509162005852,0.8533545513232923,6.896448195766908,6.614515024101664,-0.28193317166524423,6.650858254723744,7.358080768064212,0.7072225133404686,3.379070744369642,3.959920945049518,0.5808502006798761,6.5840665922033565,8.125510486583579,1.5414438943802224
2025-06-27,6.160747121927952,1,7.727852620977117,4.482291029230296,-3.245561591746821,5.951167864526809,6.686479160657939,0.7353112961311297,6.8071293025248565,6.57907090422826,-0.22805839829659647,6.41040127867862,7.290186115082889,0.8797848364042693,3.4570402053782345,3.9483152391038914,0.49127503372565684,6.610891459482076,7.978140283264452,1.3672488237823757
2025-07-04,6.106259453968154,1,7.754664512570116,4.530299403418439,-3.2243651091516767,5.8951620996985525,6.4472376984116835,0.5520755987131309,6.488559490332534,6.494656086992791,0.006096596660256637,6.4482306045905915,7.333885164979321,0.8856545603887298,3.3777528561573433,3.8299871732649393,0.452234317107596,6.67318716045979,8.001491196741767,1.3283040362819776
2025-07-11,6.00293417108676,1,7.569621508046552,4.52096571414944,-3.0486557938971117,5.856539317688416,6.415153800343504,0.5586144826550878,6.343837549357218,6.188718372021484,-0.15511917733573455,6.68128092489502,7.507035259114019,0.825754334218999,3.1009336829796155,3.359807743746501,0.25887406076688535,6.465392043553734,8.02592413714558,1.5605320935918456
2025-07-18,6.18501019197744,1,7.814798523271207,4.75063504182981,-3.0641634814413976,5.861703212765491,6.397945800881033,0.5362425881155417,6.514444684430572,6.239649672827596,-0.2747950116029756,6.827766225457395,7.876733091745336,1.048966866287941,3.4650846928769568,3.5912835625454704,0.12619886966851368,6.626263813063019,8.253813982035396,1.6275501689723768
2025-07-25,6.103602599918382,1,7.8201976075445145,4.5534394317864155,-3.266758175758099,5.731013123940983,6.331369236983178,0.6003561130421957,6.419467924060925,6.170470130554662,-0.2489977935062626,6.764878212910858,7.911686657999368,1.14680844508851,3.3230728248444166,3.467877250597013,0.14480442575259644,6.562985906208596,8.186772891589598,1.6237869853810025
2025-08-01,5.898827095050258,1,7.802240575157057,4.852741068357304,-2.9494995067997536,5.459852555978102,6.1906248702424165,0.7307723142643141,6.339324031961681,5.979195091936489,-0.36012894002519147,5.922422781189027,6.851891134695691,0.9294683535066639,3.413207159101148,3.750072650504052,0.33686549140290367,6.455915466914533,7.768437754565625,1.3125222876510918
2025-08-08,5.887627920823427,1,7.257375081399374,4.574671152669765,-2.682703928729609,5.53912899451565,6.440131755415763,0.9010027609001128,6.47147259156533,5.895111884678258,-0.5763607068870726,5.9417888437661475,6.753638441223842,0.8118495974576945,3.4047442632780047,4.0086908150145035,0.6039465517364988,6.711257750416053,7.653523475938414,0.9422657255223612
2025-08-15,5.836028835201972,1,7.168024186122622,4.184257539659683,-2.9837666464629393,5.517421620823285,6.539212219881293,1.0217905990580078,6.505897238869224,5.995576019810159,-0.5103212190590654,5.97967923226976,6.786947663550109,0.8072684312803489,3.217946214970695,3.8500102634848616,0.6320640485141666,6.627204518156248,7.660169304825743,1.0329647866694955
2025-08-22,5.784392330883176,1,7.221884030526041,4.015334000038081,-3.2065500304879606,5.329456361589408,6.305870004674915,0.9764136430855075,6.489524431331773,5.956023294505897,-0.5335011368258762,5.891682073789127,6.74819123229652,0.856509158507393,3.1855173607742415,3.8297447846084083,0.6442274238341668,6.588289727288469,7.851190669175253,1.2629009418867838
2025-08-29,6.167859130348735,1,7.29289235431726,3.931485659118877,-3.361406695198383,5.741421965208687,6.980906040890332,1.239484075681645,6.687571234761165,5.92697054811066,-0.7606006866505055,6.789179302885017,7.7576522458812605,0.9684729429962431,3.4608552450374077,4.177805662335004,0.7169504172975962,7.035234679882876,8.232334625756266,1.19709994587339
2025-09-05,6.317562340004595,1,7.282338391015443,4.266958761380295,-3.0153796296351487,5.8957738949031295,6.94974709936109,1.0539732044579608,7.1616186924757415,6.152389191958932,-1.0092295005168097,6.888578486279414,8.361420403934602,1.4728419176551881,3.6253422806743885,4.107367929333364,0.48202564865897557,7.05172229467945,8.06749065405927,1.0157683593798197
2025-09-12,6.158193784122614,1,7.783439278241715,4.41251036222873,-3.3709289160129856,5.49812132053863,6.501892718560171,1.0037713980215415,7.104875714848916,6.351272304363519,-0.7536034104853968,6.563904747709813,8.072642251332525,1.5087375036227115,3.416001789472773,3.932908522089619,0.5169067326168459,6.582819853923837,7.677936546161092,1.095116692237255
2025-09-19,5.651291272806264,1,6.440926712884391,3.834073494042741,-2.6068532188416498,5.069367707642385,6.0229194831207735,0.9535517754783882,6.423315268401538,5.838597160845083,-0.5847181075564549,6.058318507199388,7.0585960049575505,1.0002774977581623,3.3258327534971244,3.587270711405594,0.2614379579084698,6.5899866872127575,7.566290782465842,0.9763040952530844
2025-09-26,5.0708069547593055,1,6.071943382707971,3.759489772239931,-2.31245361046804,4.465833089359336,5.396275194189656,0.9304421048303197,5.527356368134662,5.0271963080278255,-0.5001600601068361,5.5828408276371135,6.147735687153471,0.5648948595163574,2.9269895920877076,3.103016556252868,0.1760269641651604,5.8498784686290435,6.991128210692139,1.1412497420630956
2025-10-03,5.027443232916826,1,5.704750954230249,3.586324832051943,-2.118426122178306,4.7390644648898785,5.779591191719632,1.0405267268297536,5.376116072660125,4.799045913415796,-0.5770701592443288,5.753626367701557,5.938497257917803,0.1848708902162457,2.7814873888778635,3.016846758184542,0.23535936930667845,5.809614149141282,7.044353444211197,1.2347392950699145
2025-10-10,4.817923864098963,1,5.296472673640423,3.437224998745009,-1.859247674895414,4.706439776646803,5.777715239558603,1.0712754629117995,5.098085394166688,4.505590924166313,-0.5924944700003749,5.560491697756561,5.516504680644417,-0.043987017112144144,2.557462543470322,2.866878372442713,0.3094158289723907,5.68859109891298,6.803628969036737,1.115037870123757
2025-10-17,4.8672469029532595,1,5.666505365477207,3.513656854383541,-2.1528485110936657,4.732588332539848,5.7922495168960495,1.0596611843562016,5.045100620954869,4.620315011647037,-0.4247856093078326,5.518715867654166,5.53777833769729,0.019062470043124335,2.5624644306121525,2.895101168010484,0.33263673739833166,5.678106800481316,6.844380529085171,1.166273728603855
2025-10-24,4.867203844177564,1,5.667605161516363,3.5033986622727866,-2.1642064992435763,4.48901387899987,5.498529416088914,1.0095155370890438,5.091659946870294,4.467654209417532,-0.6240057374527623,5.696656779590981,5.875104402109898,0.17844762251891666,2.6639079249765985,2.959964397681162,0.2960564727045636,5.5943793731112805,6.898571977495095,1.3041926043838146
2025-10-31,5.007161543162513,1,5.672044723312098,3.651098196398678,-2.02094652691342,4.491761224012706,5.537225754258543,1.0454645302458374,5.535904164922073,4.748955551662675,-0.7869486132593977,5.978885217305233,5.97050486489546,-0.008380352409773195,2.856532084948171,3.332747809352682,0.4762157244045113,5.507841844474797,6.8024370824070814,1.2945952379322847
2025-11-07,5.118459402120815,1,5.9505602777760345,3.7826906086289256,-2.167869669147109,4.478864558777104,5.486888006876555,1.0080234480994505,5.607648408143078,4.988332460935794,-0.6193159472072836,6.223949960481264,6.027578538745303,-0.1963714217359609,2.836172841091326,3.554304574290285,0.718131733198959,5.613560366456085,6.8709622232480285,1.2574018567919438
2025-11-14,5.050898488173144,1,5.649134920470189,3.618548936979195,-2.030585983490994,4.498708105484425,5.53687751836992,1.0381694128854946,5.597157673707855,4.895287429672976,-0.701870244034879,6.05284992631681,5.885231168220173,-0.16761875809663707,2.7142796717816253,3.390415142965196,0.6761354711835708,5.79326063127796,6.9790307328314185,1.1857701015534587
2025-11-21,4.813605399359996,1,5.368726041054643,3.1063854277637404,-2.2623406132909025,4.644544938383476,5.705988297183609,1.0614433588001333,5.304366987814092,4.659710770325958,-0.6446562174881336,5.559152967594514,5.842955020049942,0.2838020524554281,2.5836793977544232,3.053054212393505,0.4693748146390817,5.421162063558825,6.513538668443246,1.0923766048844215
2025-11-28,4.785971621723431,1,5.343920921310371,3.234671926077823,-2.109248995232548,4.697076522170306,5.637867068968632,0.9407905467983255,5.28093222584809,4.528630360339591,-0.7523018655084996,5.46360128564973,5.790602979668151,0.3270016940184206,2.403461968983436,2.9824387446048917,0.5789767756214559,5.526836806378654,6.541618650681514,1.0147818443028598
2025-12-05,4.705229823038391,1,5.233273676019053,3.1846747841797907,-2.048598891839262,4.6196900904426315,5.574945234841536,0.9552551443989046,5.223845433193617,4.3974389233081155,-0.8264065098855014,5.342385117940509,5.7691418234556835,0.4267567055151744,2.3652463392631233,2.8789036372059797,0.5136572979428564,5.446938281371416,6.426274535239287,0.9793362538678707
2025-12-12,4.243796622383475,1,4.363362417061438,2.543244606043956,-1.8201178110174823,4.286982456972893,5.2788836708901385,0.9919012139172452,4.613388478234285,3.7404216464343705,-0.8729668317999142,4.994195555678701,5.446319728964639,0.452124173285938,2.269428606392239,2.695054190929696,0.4256255845374568,4.935422219961296,5.758855891038053,0.8234336710767565
2025-12-19,4.165768333201048,1,3.9275892553713163,2.5660655904931247,-1.3615236648781917,4.323805914995887,5.344890433876202,1.0210845188803148,4.263328665397907,3.4236752141403315,-0.8396534512575755,5.149056588175057,5.564353455993839,0.41529686781878183,2.2530835354906174,2.680765891766569,0.42768235627595175,5.077746039775505,5.414859412936252,0.3371133731607472
2025-12-26,4.196681804900455,1,3.9244034037462683,2.6460153524329115,-1.2783880513133568,4.342380618753978,5.444357363058046,1.1019767443040678,4.374377615674732,3.5183199932325664,-0.8560576224421652,5.155856756988086,5.500441160007497,0.34458440301941096,2.2653935672346535,2.6837659653114656,0.41837239807681215,5.1176788670050115,5.387190995360243,0.2695121283552311
2026-01-02,4.188551914307948,1,3.9005502438299686,2.6687115380050415,-1.2318387058249272,4.326816440882467,5.445686185295003,1.1188697444125353,4.3861092531646335,3.5197882850732043,-0.8663209680914292,5.167774547080441,5.494363775329688,0.3265892282492473,2.2003115988025854,2.6904244271383533,0.49011282833576786,5.149749402087593,5.312337275006385,0.16258787291879173
2026-01-09,4.404099629689803,1,4.020651608678449,2.8558234181190727,-1.1648281905593763,4.442746764494473,5.422923154870261,0.9801763903757887,4.701083846771056,3.8016224100474147,-0.8994614367236409,5.588243249267336,5.878249784022884,0.2900065347555483,2.1297635521834053,2.652101509563181,0.5223379573797757,5.542108756744099,5.813877501516032,0.2717687447719328
2026-01-16,4.74376608469624,1,4.109819272282067,3.4628090291301135,-0.6470102431519535,4.704371508065904,5.660306324586031,0.9559348165201271,4.8669806788555405,3.988743033509209,-0.8782376453463314,5.78457484320009,6.268333559937602,0.4837587167375119,2.1651551334346664,2.8477226238736506,0.6825674904389842,6.831695072339173,6.234681937140849,-0.5970131351983241
2026-01-23,4.704850900364519,1,4.120801909958857,3.4924793603125437,-0.6283225496463132,4.702829381010162,5.530797050826379,0.8279676698162177,4.815515064087151,3.894812736201601,-0.9207023278855502,5.557053807116773,6.056486622834441,0.4994328157176682,2.1917283839104442,2.795031997394119,0.6033036134836749,6.841176856103729,6.459497634618003,-0.38167922148572586
2026-01-30,4.6511745599314365,1,4.642266451462703,3.3392281688451675,-1.3030382826175355,4.611509490900744,5.49075226627248,0.8792427753717362,4.397741237748775,3.716558030914072,-0.681183206834703,5.509118467086097,6.213417996705758,0.7042995296196608,2.2194842092836637,3.034711703322344,0.8152274940386803,6.526927503106634,6.112379193528767,-0.41454830957786726
2026-02-06,4.5002688312293415,1,4.334280905308603,3.1219675696768263,-1.2123133356317766,4.478101100482988,5.277081065169824,0.7989799646868363,4.3728324995748835,3.240432186823753,-1.1324003127511304,5.499588674286031,6.032537966354468,0.5329492920684373,2.257174248428072,3.123109732533379,0.8659354841053073,6.059635559295472,6.206484466817798,0.14684890752232604
2026-02-13,4.311404134658211,1,4.1020124404440566,2.7481379667230073,-1.3538744737210493,4.415677872070177,5.449275116913583,1.0335972448434063,4.111737968597467,3.058462442911747,-1.05327552568572,5.444779882522383,5.796179787435506,0.3513999049131229,2.2920913859497034,3.15233469308383,0.8602433071341267,5.502125258365481,5.664034800881623,0.16190954251614187
2026-02-27,4.357666945172279,1,3.9672968950034146,2.5550702576816917,-1.412226637321723,4.625429486434399,5.702315639164098,1.0768861527296991,4.0867006336153935,3.258326941632717,-0.8283736919826765,5.584370793081504,6.013721624987127,0.42935083190562295,2.5002777513041394,2.91176754365884,0.4114897923547005,5.381926111594822,5.7047996639091565,0.32287355231433423
2026-03-06,4.39753133688878,1,4.720371585324557,2.611766602693649,-2.108604982630908,3.714847853233323,4.81534302185419,1.100495168620867,4.173482526009096,3.5780194989255847,-0.5954630270835111,5.6257920578542695,6.1346932558100065,0.508901197955737,2.6819260628672197,3.241392558272139,0.5594664954049193,5.468767936044216,6.003973083777112,0.5352051477328956
2026-03-13,4.334291887066381,1,5.2344290346202484,2.443298238163848,-2.7911307964564003,3.5271042854036523,4.432001196628235,0.9048969112245828,4.559530407928648,4.052379590503563,-0.5071508174250852,5.367185388975685,5.751787975759214,0.38460258678352943,2.0852357855309975,3.3866717261560666,1.301435940625069,5.232266419939052,5.9396125951873415,0.7073461752482899
2026-03-20,4.17845129089735,1,5.1345347657888,2.198876786140545,-2.935657979648255,3.4429420437927263,4.083474419529409,0.640532375736683,3.694957564296189,3.693692326988966,-0.001265237307222833,5.480503472301777,5.763267265065878,0.2827637927641007,2.0749789009369977,3.651143788584278,1.5761648876472805,5.242790998267608,5.680253159075008,0.4374621608073994
2026-03-27,4.160886143050543,1,4.929265254955396,2.293703463047052,-2.6355617919083443,3.447804722816514,4.191627653753741,0.7438229309372275,3.8281929467507183,3.8753706172483646,0.04717767049764632,5.388394122571498,5.597595967333277,0.20920184476177894,2.0329876207258906,3.3840537990919017,1.3510661783660112,5.338672190483237,5.622965357828932,0.28429316734569454
2026-04-03,4.144075230977786,1,4.706750186883497,2.3004084734197363,-2.4063417134637604,3.4177960493151858,4.20826466741525,0.7904686181000642,3.9850570948074306,4.010262024144055,0.025204929336624105,5.3812894316971835,5.760391102637001,0.37910167093981784,2.007936707896036,3.087050843588443,1.0791141356924072,5.365621915267383,5.49807427466223,0.132452359394847
2026-04-10,4.136287888375787,1,4.460336763095839,2.268759161830701,-2.191577601265138,3.200835629779675,3.9853933478491967,0.7845577180695216,4.0027007260636225,4.115141188261276,0.1124404621976538,5.4508984890444765,5.680348894174529,0.2294504051300521,2.290446334196119,3.228285981113231,0.9378396469171122,5.412509388074994,5.539798757025849,0.12728936895085496
2026-04-17,3.9367153123908665,1,4.466978428125742,2.0957417531271574,-2.3712366749985847,2.968678841337052,3.927068602810408,0.9583897614733559,3.5781220281676127,3.8526720920233544,0.27455006385574166,5.291552998663974,5.32087940652319,0.02932640785921592,2.268010007094034,3.136417436715064,0.8684074296210298,5.046949570956784,5.2875125831460394,0.2405630121892557
2026-04-24,3.9479864395091844,1,4.378705769451841,2.125582909524283,-2.253122859927558,3.0134256920705838,4.187693877842108,1.174268185771524,3.5144956657696014,3.7167948505463357,0.20229918477673436,5.325870782983884,5.244207075214021,-0.08166370776986298,2.359898837628805,3.154727572575709,0.7948287349469041,5.09552188915039,5.258912351352635,0.16339046220224418
2026-05-01,4.086959224243867,1,4.384601397303172,2.3569366513858654,-2.0276647459173063,3.2593083110620427,4.433148444857096,1.1738401337950535,3.37334839379443,3.5711909270458904,0.1978425332514604,5.44724658654296,5.413646203264378,-0.03360038327858206,2.3211477826663582,3.2491657995006165,0.9280180168342582,5.736102874094243,5.4976673194093735,-0.23843555468486954
2026-05-08,4.037048244331108,1,4.471565579970914,2.3053257158282037,-2.1662398641427103,3.0757678125958847,4.294478151786308,1.218710339190423,3.310484530300812,3.5294697583801735,0.2189852280793616,5.302119972878415,5.429107248232185,0.12698727535376975,2.384268952093521,3.151670136155758,0.767401184062237,5.678082618147101,5.512238455604006,-0.1658441625430953
2026-05-15,4.052984534613711,1,4.425702444074673,2.2431096955746455,-2.182592748500028,3.0982650908051994,4.32389532496542,1.2256302341602208,3.4532077808441244,3.6039776898581835,0.15076990901405907,5.278751236718591,5.305592574823606,0.02684133810501521,2.3807472227288287,3.172221077275438,0.7914738545466093,5.681233432510851,5.669110845184974,-0.012122587325876566
2026-05-22,4.033625719226407,1,4.429132393833115,2.018156286336321,-2.4109761074967935,3.385477979882083,4.643212742865842,1.257734762983759,3.0790273284403042,3.2259553513442683,0.146928022903964,5.3114227956408655,5.350684222265741,0.03926142662487564,2.2396652639817773,3.337249927683928,1.0975846637021505,5.757028553580298,5.626495784862328,-0.13053276871796982
2026-05-29,4.26732366594415,1,4.34163174916489,2.4456206828560596,-1.89601106630883,3.489690679110396,4.835692271810856,1.3460015927004605,3.4155807265558593,3.30604034462705,-0.10954038192880944,6.099659456281643,5.9126808124419625,-0.1869786438396801,2.56679690597187,3.450665911463304,0.8838690054914338,5.6905824785802395,5.653241972465651,-0.037340506114588834
2026-06-05,4.293292860450147,1,4.4215312241145455,2.400686171889703,-2.0208450522248427,3.637072962786064,4.90380685623515,1.2667338934490857,3.49410302581164,3.4363993216360313,-0.05770370417560855,5.895619310837972,5.711961770633536,-0.18365754020443603,2.5665696485731218,3.6107417766344696,1.0441721280613478,5.744860990577536,5.696161265671989,-0.048699724905546304
2026-06-12,4.256422906529987,1,4.437106036856875,2.1719720258083157,-2.265134011048559,3.591682914940293,4.692276756515255,1.1005938415749625,3.5035974664019562,3.6025015902365283,0.09890412383457203,5.740137461642931,5.559209878640203,-0.1809275830027275,2.6223738599023676,3.6695968889906965,1.0472230290883289,5.6436396994354965,5.84298029898892,0.1993405995534232
2026-06-19,4.439459253994532,1,4.63056876578743,2.384611130907416,-2.245957634880014,3.7796769242652033,4.792236161460664,1.012559237195461,3.9885650643710875,3.744818935975161,-0.24374612839592658,5.975324489688845,6.017366365492464,0.04204187580361918,2.6589634273210976,3.7497714095382975,1.0908079822171999,5.603656852533533,5.947951520593136,0.34429466805960374
2026-06-26,4.187553914304334,1,4.793273043005684,2.54016870469421,-2.2531043383114735,3.536402181669345,4.329241476985089,0.7928392953157442,3.931053314782133,3.5874889347642807,-0.3435643800178525,5.142043713912628,5.1000156348662244,-0.04202807904640338,2.2293359794539214,3.562536240169777,1.3332002607158557,5.49321525300229,6.005872494346434,0.5126572413441437
2026-07-03,4.232302775704457,1,4.828401578875585,2.5610381167080334,-2.267363462167552,3.5404129203923276,4.399166119285113,0.858753198892785,3.9796130791505675,3.6011513360220704,-0.3784617431284971,5.241076787776947,5.202398733447623,-0.03867805432932414,2.2068873985031985,3.655948876116952,1.4490614776137534,5.597424889528114,5.974113472646934,0.3766885831188205
2026-07-10,4.162487252791439,1,4.72747881351232,2.5404263548130928,-2.1870524586992275,3.508383131143873,4.377011209855397,0.8686280787115237,3.8819326762206146,3.4595326828091117,-0.4223999934115028,5.1197684672748665,5.190900671326148,0.07113220405128118,2.184467381779129,3.456974199215594,1.272506817436465,5.552893046817829,5.950078398729289,0.3971853519114603
2026-07-17,4.39152270153204,1,5.6432566406193985,2.870921757713589,-2.7723348829058096,3.7502301432215432,4.605827654423223,0.8555975112016796,3.914540978850866,3.7525326427422243,-0.16200833610864152,5.134227608029192,5.395759607248962,0.2615319992197698,2.248690837075273,3.6324633631405305,1.3837725260652576,5.658190001395965,6.091631183923653,0.4334411825276874
