date,TCI,lag_selected,FROM_Indonesia,TO_Indonesia,Net_Indonesia,FROM_Malaysia,TO_Malaysia,Net_Malaysia,FROM_Philippines,TO_Philippines,Net_Philippines,FROM_Singapore,TO_Singapore,Net_Singapore,FROM_Thailand,TO_Thailand,Net_Thailand,FROM_Vietnam,TO_Vietnam,Net_Vietnam
2013-12-13,33.97903914999079,1,41.267979671585664,74.10135721281688,32.833377541231215,38.10060276954647,18.79121124448976,-19.30939152505671,40.02803781432523,25.976500245574897,-14.051537568750334,34.90440610170394,43.742466772778016,8.838060671074075,42.2884470001097,39.292458001218364,-2.9959889988913346,7.284761542673721,1.970241423066824,-5.314520119606897
2013-12-20,33.60560374184773,1,40.61611404970752,73.95328854427993,33.33717449457241,37.59013925064355,19.198840501974438,-18.391298748669115,39.08824335108005,24.321577007121363,-14.76666634395869,35.247026620103085,43.45750981437561,8.210483194272527,41.96610160455809,37.97198385681213,-3.9941177477459604,7.125997574994045,2.7304227265228747,-4.3955748484711705
2013-12-27,33.269310729185094,1,40.00812603796417,75.0591200023843,35.05099396442014,36.98300698191157,19.083414548348784,-17.899592433562788,39.00559877461093,23.924252078693087,-15.081346695917844,34.80595062034391,42.14516461724827,7.339213996904363,41.41450608566035,37.072911113170136,-4.341594972490213,7.398675874619627,2.331002015265909,-5.067673859353718
2014-01-03,32.964781647120695,1,40.54742678681167,74.91372521643945,34.366298429627776,36.33733330830311,19.39777375201438,-16.939559556288728,38.71675039370529,22.505158355902687,-16.211592037802603,34.79549860030991,42.37553168448386,7.580033084173948,39.66220061678989,36.34446222100807,-3.3177383957818165,7.729480176804259,2.2520386528756546,-5.477441523928604
2014-01-10,32.37850494234442,1,39.914682120521526,75.26830103812924,35.35361891760771,36.23910307646191,19.01667319239865,-17.22242988406326,38.40202581784558,22.086512379460288,-16.315513438385295,34.526495651001,41.04929498206323,6.522799331062231,38.12582414871143,34.59092945060782,-3.5348946981036136,7.06289883952509,2.259318611407295,-4.803580228117795
2014-01-17,31.861515890822925,1,39.629222517649964,74.96937760476352,35.34015508711356,35.93816985777774,18.702306218230106,-17.23586363954763,37.9783229237433,21.343852253303105,-16.634470670440194,34.213518766863515,39.34107979092707,5.127561024063553,37.70231373205138,34.74293914562219,-2.959374586429192,5.707547546851615,2.0695403320915204,-3.638007214760094
2014-01-24,31.81295741511417,1,39.734920450461445,74.42618226995701,34.691261819495566,35.76378528322326,18.731953908779914,-17.031831374443342,37.7308496432594,21.514589386950185,-16.216260256309212,33.85985042664437,39.87395639741186,6.014105970767488,37.847230747639806,34.04866062605597,-3.798570121583836,5.941107939456728,2.282401901530079,-3.658706037926649
2014-01-31,31.696362981166384,1,39.748260395558816,73.84420467636191,34.095944280803096,36.04073418302663,19.408264140241357,-16.632470042785272,37.31530377393906,21.29955653908936,-16.015747234849698,33.76315506438388,39.38445103889235,5.62129597450847,37.47554441633826,34.0136467840694,-3.461897632268858,5.835180053751671,2.228054708343876,-3.6071253454077947
2014-02-07,31.71804776516466,1,39.564358187148784,74.45377380041903,34.889415613270245,36.166068591907305,18.664052475870406,-17.5020161160369,37.427096218665746,21.671241191505025,-15.75585502716072,33.86295651972732,38.95374392861392,5.090787408886598,37.44485468623307,34.41179203070067,-3.0330626555324045,5.842952387305772,2.1536831638789664,-3.6892692234268054
2014-02-14,32.31148691459922,1,40.47037043088622,74.48118157683662,34.0108111459504,36.98788590788443,19.050064783573234,-17.9378211243112,38.17897847722583,23.088555990183984,-15.090422487041849,34.31854209035781,39.359753305859144,5.041211215501335,38.33873076623405,35.69237187621725,-2.646358890016799,5.57441381500702,2.196993954925162,-3.377419860081858
2014-02-21,32.3133039040945,1,40.64273887279931,75.03028065837384,34.38754178557453,37.04878957075197,18.36251722959063,-18.68627234116134,37.907971499785255,22.893443367390354,-15.0145281323949,34.79232992393858,39.388455667864264,4.596125743925683,37.95167843425142,35.834494791537196,-2.117183642714224,5.536315123040453,2.370631709810695,-3.1656834132297575
2014-02-28,32.3942109018243,1,40.49518193473446,74.80376796604918,34.30858603131472,37.10406574433123,18.67616828914155,-18.42789745518968,38.217339129584886,23.0816365534711,-15.135702576113786,35.06114971794425,39.04232041653893,3.9811706985946813,38.31991889520344,36.51627039954258,-1.803648495660866,5.167609989147564,2.245101786202511,-2.9225082029450533
2014-03-07,32.51734210683207,1,40.54934338737003,74.82702637387412,34.27768298650409,37.23926524463973,18.846658353610813,-18.39260689102892,38.221087096703215,23.28061797513368,-14.940469121569535,35.14150632439912,39.20560062787122,4.064094303472103,39.09690227125571,36.6732783942196,-2.423623877036107,4.855948316624591,2.270870916282931,-2.5850774003416603
2014-03-14,32.578559151278924,1,40.49960343156577,74.81380139072007,34.314197959154306,37.377495764255244,18.588962341151344,-18.7885334231039,38.225920631852084,23.323368814324233,-14.90255181752785,35.510088579791415,39.858416520730074,4.34832794093866,39.08125398698652,36.6126380765424,-2.4686159104441145,4.7769925132224955,2.27416776420543,-2.5028247490170656
2014-03-21,32.52939265910795,1,39.77456391405924,72.96099198487428,33.18642807081504,37.3048095416306,19.678466606839216,-17.62634293479138,37.96941175505686,23.611930373050903,-14.357481382005957,35.56008388488651,39.679776360594374,4.119692475707865,39.670070341384445,36.57368086254317,-3.0963894788412745,4.897416517630006,2.6715097667457144,-2.225906750884292
2014-03-28,32.52806750091454,1,40.42630367834387,72.31738400200398,31.891080323660105,37.2717621922915,19.626421628095876,-17.64534056419562,38.33542912764614,23.810929959150798,-14.524499168495339,35.071381631292965,39.17988962173912,4.1085079904461566,39.508225900718216,37.62094824132056,-1.887277659397654,4.5553024751945514,2.612831553176889,-1.9424709220176624
2014-04-04,31.259713701628204,1,38.80318777920208,69.78773578634309,30.984548007141015,36.026722137492285,18.920309609812378,-17.106412527679907,36.27310676318814,21.960244741510394,-14.312862021677745,33.93705942818194,35.98633404971997,2.049274621538032,38.025111065114714,37.257148490196,-0.7679625749187124,4.493095036590077,3.6465095321873804,-0.8465855044026966
2014-04-11,31.475140371526965,1,37.92540661502215,69.12904627880536,31.203639663783214,37.5405856898517,18.937041169832135,-18.603544520019568,36.46215742648313,22.778739736373936,-13.683417690109195,34.14098789886296,36.74349541211815,2.6025075132551905,38.22047791171074,37.559746297935526,-0.6607316137752122,4.561226687231141,3.702773334096733,-0.8584533531344078
2014-04-18,31.111699892175753,1,38.217043607584614,65.87612246742991,27.659078859845295,36.752818485414096,18.67362637189335,-18.079192113520747,36.59073089728477,22.38536225288442,-14.205368644400352,32.74143142743175,35.6345375046827,2.8931060772509483,39.43491051645335,41.345657255580214,1.9107467391268642,2.9332644188859263,2.75489350058389,-0.17837091830203633
2014-04-25,31.482875238242602,1,39.092938142334,66.1433092014313,27.050371059097294,36.71778249974633,18.95472267096485,-17.76305982878148,36.73666572380025,22.52781784820902,-14.208847875591232,34.12720910869386,36.27450724848245,2.147298139788589,39.321781545255455,43.03518729660562,3.713405751350166,2.9008744096257146,1.9617071637624548,-0.9391672458632598
2014-05-02,31.81807599890549,1,39.1731029873311,67.37117708589622,28.198074098565122,37.04088014321293,19.027530530069143,-18.013349613143788,36.67053542690199,22.404528865141174,-14.266006561760818,34.11649703143732,37.435868097837286,3.3193710663999667,39.744223555998786,42.64790242302632,2.903678867027537,4.163216848550832,2.0214489914627762,-2.1417678570880554
2014-05-09,31.608231175493618,1,39.3032981712816,67.16229239523531,27.858994223953715,37.19277506676565,18.843345697827075,-18.349429368938573,36.56338540379243,22.511659960721836,-14.051725443070595,34.16993077223714,36.824708173658664,2.6547774014215264,39.06402491310599,42.202408360828905,3.1383834477229158,3.355972725778912,2.1049724646899506,-1.2510002610889615
2014-05-16,31.694783904252347,1,39.421696545990024,68.04372637465207,28.622029828662043,37.22351047511796,18.830515465044286,-18.392995010073676,36.74632136968154,22.33247437356347,-14.413846996118068,34.29327152836922,37.02239511259397,2.7291235842247517,39.06493679960354,41.98848869304545,2.9235518934419105,3.4189667067518172,1.9511034066148483,-1.467863300136969
2014-05-23,31.25420269385508,1,38.242530792261434,67.70610029376903,29.463569501507592,36.991316622648526,18.848087813632162,-18.143228809016364,36.72993979496112,21.982243053735196,-14.747696741225923,33.37275298043629,35.3189432586051,1.9461902781688138,38.73032423453922,42.024853620426505,3.2945293858872873,3.4583517382839517,1.6449881229625447,-1.813363615321407
2014-05-30,31.81701616811398,1,39.43944862986931,67.00538591115773,27.56593728128842,37.64976040554612,19.114839547500083,-18.534920858046036,37.123112596642656,21.97028987907194,-15.152822717570714,33.694491275132506,36.89458167197466,3.200090396842157,39.806002503840915,44.20699533765817,4.400992833817256,3.1892815976523963,1.7100046613213493,-1.479276936331047
2014-06-06,32.1446344463312,1,39.74503552267411,67.55263330339625,27.80759778072214,38.050257476110176,19.562079550905793,-18.488177925204383,37.26308114406487,21.80397985545831,-15.459101288606561,33.905583668698284,37.852632145096436,3.9470484763981517,39.640025968314994,44.45218489647045,4.812158928155455,4.263822898124786,1.6442969266600045,-2.619525971464782
2014-06-13,32.47366733877276,1,40.13789315814521,67.44409679805082,27.30620363990561,37.96158026368124,19.88056091931665,-18.08101934436459,38.355757127843326,22.521383777218553,-15.834373350624773,33.839581169455755,39.36913892469806,5.529557755242308,40.68662684575612,44.176941358355265,3.4903145125991415,3.8605654677549097,1.4498822549972061,-2.4106832127577036
2014-06-20,32.56264744511841,1,40.48791117730379,67.54746161751274,27.059550440208945,38.44064504554929,19.84005757995348,-18.600587465595808,37.8970636362422,22.801801482178213,-15.095262154063988,34.08354813159484,39.50712326314192,5.423575131547082,40.700864702236736,44.208878083226956,3.5080133809902208,3.765851977783626,1.4705626446972104,-2.2952893330864157
2014-06-27,33.03798860956227,1,40.97711324431221,69.92688513206153,28.94977188774932,39.454893241996416,20.510537394551775,-18.94435584744464,37.94328944466265,21.789348776296364,-16.15394066836629,35.112397713766754,41.09902943896407,5.986631725197313,40.650700814524846,43.48480429090615,2.8341034763813013,4.089537198110719,1.4173266245937555,-2.6722105735169634
2014-07-04,33.10457012883616,1,41.36427078613164,69.98853315528102,28.624262369149378,39.48360714323083,20.94019447325384,-18.543412669976988,38.26102951148289,21.565112965631158,-16.69591654585173,34.22446443651117,40.81585187797259,6.591387441461421,41.210568475248124,43.82438697866142,2.613818503413299,4.0834804204123145,1.4933413222169634,-2.590139098195351
2014-07-11,32.748290480310594,1,39.60291835957439,68.38315603400697,28.780237674432584,39.36713253790846,21.096779810735015,-18.270352727173446,37.78671355087705,21.84178930724194,-15.944924243635114,34.40137228059707,40.30118686940362,5.899814588806549,41.13198988421167,43.348948803808504,2.216958919596834,4.199616268694911,1.5178820566675029,-2.6817342120274077
2014-07-18,33.59721126317531,1,40.742277848862685,64.17760739362878,23.43532954476609,39.76694189017679,21.87723166985584,-17.88971022032095,39.27841887915996,22.807860995883587,-16.47055788327637,35.6793278869891,44.21430129898275,8.534973411993647,41.688206436271656,46.43574325945188,4.747536823180226,4.42809463759167,2.0705229612490115,-2.3575716763426584
2014-07-25,33.57413782616876,1,39.89501189779059,63.07734561268834,23.18233371489775,39.9760716547827,21.990613545923622,-17.985458108859078,39.5413053515705,22.571224807744912,-16.97008054382559,35.684628025172316,44.14814280502489,8.463514779852574,41.05231481787582,47.265590903992454,6.213276086116636,5.295495209820643,2.3919092816383483,-2.903585928182295
2014-08-08,33.446941741135625,1,39.81244344630455,63.9909792943476,24.178535848043055,39.56028155530746,20.985300130802734,-18.574981424504728,39.992080465413615,21.794936606941995,-18.19714385847162,35.12558901532188,44.4489670854541,9.323378070132222,40.878526504783466,47.41081417722839,6.532287672444923,5.312729459682771,2.050653152038919,-3.262076307643852
2014-08-15,33.7808634792199,1,40.13788504700229,64.78404548272002,24.646160435717725,40.19583653502187,19.6258394854446,-20.569997049577267,39.92711066786817,22.761819100081034,-17.165291567787136,35.708844076443356,44.779118303692925,9.07027422724957,41.16993501560599,48.34858198757375,7.1786469719677655,5.545569533377787,2.3857765158071658,-3.159793017570621
2014-08-22,33.7186415095384,1,40.13467517127803,65.0187132417898,24.884038070511764,40.265852814672606,19.239942891346793,-21.025909923325813,40.341534130091716,21.327538415303337,-19.01399571478838,35.212942429008834,46.36468502028072,11.151742591271883,41.298663050444,47.8592303288464,6.560567278402402,5.0581814617352165,2.5017391596633445,-2.556442302071872
2014-08-29,34.12664343282384,1,40.620595799353715,65.95334845984121,25.332752660487493,40.59006459918107,19.435528120203962,-21.154536478977107,40.3941630209702,21.057177402833176,-19.33698561813702,36.27511766332025,46.98056781098233,10.705450147662077,41.6486835157045,48.92090536711151,7.272221851407011,5.231235998413311,2.4123334359708792,-2.8189025624424318
2014-09-05,34.27312009684247,1,40.87668402062374,67.17585481249557,26.29917079187183,40.73573686537503,19.51043014600502,-21.22530671937001,39.53343777541666,20.40753524976546,-19.1259025256512,36.78877742562789,47.12267519347086,10.33389776784297,41.75305794756525,49.061695931414164,7.308637983848911,5.951026546446272,2.3605292479037274,-3.5904972985425445
2014-09-12,34.087245132505466,1,40.483848030654244,66.46746286495315,25.983614834298905,40.56657116158842,19.657848168095505,-20.908722993492916,39.468513416272046,20.44481542088613,-19.023697995385916,36.91447273882489,46.76989975412929,9.8554270153044,41.73487782192886,48.853054059389436,7.118176237460574,5.355187625764287,2.3303905275792545,-3.024797098185033
2014-09-19,33.97849600630963,1,40.20788203107277,66.67465531363592,26.466773282563153,40.50076535625486,19.565891134638804,-20.934874221616056,39.47402596985315,20.385495597125576,-19.088530372727575,36.7976435066508,46.352386864115516,9.554743357464716,41.7062903218957,48.47019613251509,6.7639058106193914,5.1843688521305324,2.422350995826889,-2.7620178563036433
2014-09-26,34.1614418488334,1,40.38441313909396,66.1789199132709,25.794506774176945,40.71100600820501,19.590398233163533,-21.120607775041478,39.625737490398805,20.64208957040725,-18.983647919991554,37.34792950818364,46.89952822152593,9.551598713342287,41.76536413900323,49.40849875361561,7.643134614612379,5.134200808115736,2.249216401017179,-2.884984407098557
2014-10-03,34.09177135641354,1,39.72304004226325,66.76009372862183,27.037053686358576,40.591410177002366,18.97803483570373,-21.613375341298635,39.18361403633827,21.011300855783873,-18.172313180554397,37.81809989488704,47.3884344082128,9.570334513325761,42.10495413797648,48.0295089835174,5.924554845540925,5.129509850013832,2.3832553266416454,-2.746254523372187
2014-10-10,34.66088420768268,1,40.407873215785,66.8863282421349,26.47845502634989,41.40922114341838,20.879808647047227,-20.52941249637115,39.12306241387531,22.103308994737112,-17.019753419138198,38.18450876968072,47.247323532066275,9.062814762385557,43.586287514666544,48.31091982730478,4.724632312638235,5.25435218867014,2.5376160028058052,-2.7167361858643346
2014-10-17,34.285228641303355,1,39.77399079462464,68.02960460361612,28.255613808991484,40.16395285905304,22.324194482541586,-17.839758376511455,38.590512125246626,21.237772809944026,-17.3527393153026,38.451140261949284,45.731272790605296,7.2801325286560115,43.58712156975869,45.96923597891032,2.382114409151626,5.144654237187851,2.419291182202784,-2.725363054985067
2014-10-24,34.62128293180501,1,40.40556264578859,68.64094455391026,28.235381908121667,40.652218555118715,21.303509502892545,-19.34870905222617,39.12406725861188,21.405056062110482,-17.7190111965014,38.86994421361014,45.73603171157431,6.866087497964173,43.48808191310657,48.29781203853878,4.8097301254322105,5.187823004594165,2.3443437218036536,-2.8434792827905113
2014-10-31,34.30576131048476,1,40.07665883807129,68.10333337028987,28.026674532218586,39.83446209463479,21.598509895037864,-18.235952199596923,38.81087591785952,21.04141365566042,-17.7694622621991,38.469625981258005,45.80034366999888,7.330717688740876,43.46449403802891,47.1043690140778,3.639874976048887,5.178450993056089,2.186598257843727,-2.991852735212362
2014-11-07,33.81855484538817,1,39.17301703862809,68.33165139411061,29.15863435548252,39.21060277139017,19.73228558293735,-19.47831718845282,38.200092398898065,20.141923750591886,-18.05816864830618,38.17138471420332,46.05996687422962,7.888582160026303,43.051040005919695,46.62445339993419,3.5734133940144943,5.1051921432896705,2.0210480705253246,-3.084144072764346
2014-11-14,34.17884686718356,1,39.44349373125145,68.71138449237,29.26789076111855,39.267959351383475,19.49597098026735,-19.771988371116123,39.013589590520134,20.681307914481543,-18.33228167603859,38.56293681509906,46.260684682606914,7.697747867507857,43.38690482924032,47.259242783886194,3.8723379546458716,5.398196885606922,2.664490349489313,-2.7337065361176087
2014-11-21,34.35530466982158,1,39.834202813975104,68.58977150838209,28.755568694406982,39.4069258211601,19.27925199905053,-20.12767382210957,39.5869305025838,20.53254956772477,-19.054380934859026,38.33376881408811,47.0296797809312,8.695910966843087,43.57526561241468,48.169954191140334,4.594688578725652,5.394734454707674,2.5306209717006,-2.864113483007074
2014-11-28,34.975657116597795,1,40.595576993897524,71.03487213026443,30.43929513636691,39.3707466375452,17.81261959254079,-21.55812704500441,40.26682616050233,21.990443894633174,-18.27638226586916,39.9310236975921,46.82572878247267,6.89470508488057,44.3721030409979,49.54796110737074,5.1758580663728395,5.317666169051691,2.6423171923049296,-2.6753489767467613
2014-12-05,34.03735739837443,1,40.502638802039165,69.05303902395576,28.550400221916597,35.287860861856004,17.538315184636446,-17.749545677219558,39.4342774612682,21.998461652678778,-17.435815808589425,39.5487289400038,46.11956368774962,6.57083474774582,44.13455305254487,46.861925087046906,2.7273720345020394,5.316085272534522,2.6528397541790696,-2.6632455183554526
2014-12-12,33.99276137249962,1,40.774368070350434,66.83640334885757,26.06203527850714,35.089739560809306,19.327292752321952,-15.762446808487354,39.09032929812166,24.043032166513413,-15.047297131608246,39.254354031184306,44.85763727083793,5.603283239653621,43.961570959840444,45.97336848992515,2.0117975300847064,5.786206314691569,2.918834206541689,-2.8673721081498798
2014-12-19,35.25398736593619,1,43.37243867727486,62.7719492649404,19.399510587665546,36.409974607440255,21.95285048928455,-14.457124118155704,40.552004113156634,25.921694043110485,-14.63031007004615,41.710421419397484,44.63097517351422,2.920553754116739,43.37182773396579,51.78911509428208,8.417287360316294,6.107257644382102,4.457340130485363,-1.6499175138967388
2014-12-26,34.41615179042312,1,41.12477768528425,64.62118110462967,23.49640341934542,35.59300826783284,19.403120509296855,-16.18988775853599,38.4585203721453,26.70103662419787,-11.757483747947433,40.86183895011183,44.83536136011041,3.97352240999858,44.33614720525208,47.60514153365519,3.26899432840311,6.122618261912407,3.3310696106487114,-2.791548651263696
2015-01-02,34.531247597933,1,41.16597948350316,65.73070979489123,24.564730311388068,35.22157999558574,18.324617149452536,-16.896962846133206,38.50665931300921,27.810563639221755,-10.696095673787454,42.231356507549194,45.66739854630228,3.4360420387530866,44.07462102301774,46.31538437304839,2.2407633500306474,5.98728926493294,3.3388120846818197,-2.6484771802511204
2015-01-09,33.80232104646826,1,40.71134508369259,60.58150042635869,19.870155342666095,33.40419801713466,19.69406943528253,-13.710128581852132,37.89765523919157,26.892576317269366,-11.005078921922205,41.32443736690084,44.42273114383583,3.0982937769349945,42.85378412228109,47.28104418660792,4.4272600643268305,6.622506449608778,3.942004769455181,-2.680501680153597
2015-01-16,34.03207248731223,1,40.27388879247839,62.66001690157698,22.386128109098593,33.92049509514891,18.76824938009814,-15.152245715050768,38.06762055985955,27.225144610090936,-10.842475949768613,42.07838571123406,44.35532734336044,2.2769416321263805,43.29847104544625,47.264419540125274,3.9659484946790258,6.553573719706222,3.9192771486216174,-2.6342965710846045
2015-01-23,34.37130485866399,1,41.288741083274154,60.98634527777721,19.697604194503057,34.12727911220246,20.477108043448183,-13.650171068754275,38.08957944310667,26.50980796149551,-11.57977148161116,41.90077583025955,45.91061100149446,4.009835171234911,44.12296992310362,49.09165937161695,4.968689448513331,6.69848376003749,3.2522974961516553,-3.446186263885835
2015-01-30,34.61484854294084,1,41.442830696881636,61.164542199285485,19.72171150240385,34.51093204674157,19.62030691264235,-14.890625134099224,38.04793174099246,26.959336883294604,-11.088594857697856,42.09951325012183,45.66455276688781,3.565039516765978,44.90475210794998,50.55355535841961,5.648803250469626,6.683131414957586,3.7267971371152555,-2.9563342778423305
2015-02-06,34.532667983502954,1,41.5456002625648,60.86847572580148,19.322875463236684,34.23732769601368,19.559082438863257,-14.678245257150422,38.11186598472918,27.08785527001966,-11.024010714709519,42.058998827209614,45.37923788035895,3.3202390531493364,44.87876131907905,50.51919979143091,5.64043847235186,6.363453811421394,3.7821567945434253,-2.5812970168779685
2015-02-13,34.45210203606919,1,41.40972681035437,61.638593061572124,20.228866251217752,33.767833705594384,18.345118946830567,-15.422714758763817,38.11513272716684,27.36205068211656,-10.753082045050277,42.083646358821774,45.416756981097684,3.3331106222759104,45.141611359186186,50.58751687497946,5.445905515793271,6.194661255291592,3.3625756698187814,-2.832085585472811
2015-02-27,34.739811896930085,1,41.478677836379596,61.76814085357804,20.289463017198443,33.98163382533062,18.358868569032126,-15.622765256298493,38.851050231795156,27.91747914937102,-10.933571082424137,42.50481195296019,46.64801254679522,4.143200593835033,45.071128998795494,50.45629947723126,5.385170478435768,6.551568536319408,3.29007078557278,-3.261497750746628
2015-03-06,34.678189142131345,1,41.360835509296095,61.45614184940783,20.095306340111733,33.48865859737448,18.260146951969787,-15.228511645404694,38.31689936041245,28.378056400871003,-9.938842959541446,42.787500785964404,46.1151276458364,3.327626859871998,44.775097392704374,50.211489472092545,5.43639207938817,7.340143207036263,3.6481725326105447,-3.6919706744257184
2015-03-13,34.73401229173939,1,41.48173434830995,61.55143589149886,20.069701543188913,33.42809668418916,18.009063123531348,-15.419033560657809,38.24964779353616,29.55560670634518,-8.694041087190982,42.61485150934412,46.89485595525011,4.280004445905988,45.21360959529764,48.926864808017655,3.7132552127200142,7.416133819759324,3.466247265793214,-3.9498865539661097
2015-03-20,34.84871360526121,1,41.3589142792291,61.70608534523588,20.34717106600678,33.59839862505996,17.956181440198904,-15.642217184861053,38.367145206322085,30.266766977678067,-8.100378228644018,42.57688546047829,46.56899793052127,3.992112470042983,45.50184615686345,48.89513448784204,3.393288330978592,7.689091903614383,3.699115450091142,-3.9899764535232407
2015-03-27,34.8907518249623,1,41.53950058820149,61.08438525348872,19.544884665287228,33.49602284828545,18.332345241623074,-15.163677606662375,38.59726490335984,30.025030693990033,-8.57223420936981,43.16118589959244,46.9509904594163,3.789804559823864,44.89528917246479,48.872635809948584,3.977346637483791,7.6552475378697835,4.079123491307101,-3.5761240465626827
2015-04-03,34.81019489593056,1,41.35931430157822,61.35307399336301,19.99375969178479,33.65935694041188,18.233894976795526,-15.425461963616357,38.61988293680714,29.626499902948062,-8.993383033859075,42.79248380976884,47.71440695597795,4.92192314620911,44.6634730341606,47.96401723071645,3.3005441965558475,7.766658352856638,3.9692763157823236,-3.797382037074314
2015-04-10,35.62154453087697,1,42.59501617219964,63.77345209712626,21.178435924926617,34.56204944710353,18.22477110879865,-16.337278338304884,39.2935480603617,30.46816643346085,-8.82538162690085,43.30168961188112,49.44936936298233,6.147679751101208,46.14763768673013,47.989824776479885,1.842187089749757,7.829326206985684,3.823683406413778,-4.005642800571906
2015-04-17,35.369791606816314,1,43.28229887986951,63.7784973457379,20.49619846586839,34.57291089821493,18.04076299250663,-16.5321479057083,37.801086037729505,30.661039767706427,-7.140046270023078,42.68722058903583,49.37607531927371,6.688854730237878,46.09518549394546,46.59820746292191,0.503021968976455,7.780047742102653,3.764166752751308,-4.015880989351345
2015-04-24,35.867525894620805,1,43.49488540630841,63.77608902891626,20.281203622607848,34.34137808050616,18.17732493081961,-16.164053149686552,38.09122595106349,29.819335119476676,-8.271890831586816,43.493903023662575,49.92742443699388,6.433521413331306,46.05119896543582,48.503181709004714,2.451982743568891,9.732563940748392,5.001800142513716,-4.730763798234676
2015-05-01,35.77939810174521,1,43.38408831261778,64.06824931776525,20.684161005147473,34.30902974178301,19.240634346554813,-15.068395395228194,37.89227235234468,30.771287190281093,-7.12098516206359,43.55697387160728,47.95438954114971,4.397415669542426,46.209513400613304,49.187705438330994,2.9781920377176903,9.324510931505216,3.4541227763894398,-5.870388155115776
2015-05-08,35.82940363685754,1,43.939600198421346,63.065252196050196,19.12565199762885,34.29923695091395,19.753960818645893,-14.545276132268057,37.91901996319521,30.04885270927288,-7.870167253922332,43.42007066417439,48.72012005936506,5.300049395190669,45.97802046513295,49.00672475523056,3.0287042900976076,9.420473579307455,4.381511282580789,-5.038962296726666
2015-05-15,36.26874538324989,1,44.13544947674823,64.3366802858751,20.201230809126876,34.76837915375053,20.617014642067375,-14.151364511683155,38.1194915705098,30.03913876916308,-8.08035280134672,43.7878606641362,48.95072360862357,5.162862944487372,47.09723758870814,49.74467527654626,2.6474376878381207,9.70405384564647,3.9242397172239833,-5.779814128422487
2015-05-22,36.00466940657348,1,43.96537753316368,64.4624659237088,20.497088390545123,33.95360439990955,20.527750939531543,-13.425853460378008,38.31858107027871,30.195739913339594,-8.122841156939117,43.86180317522509,48.097168698711485,4.235365523486394,47.141943440613055,49.10471970893753,1.9627762683244754,8.786706820250785,3.640171255211925,-5.14653556503886
2015-05-29,36.20643742116675,1,44.206949226837146,64.59459173272563,20.387642505888486,34.39010803154629,21.99335021727508,-12.396757814271211,38.315502291243696,30.40514443908642,-7.910357852157276,44.357404282335956,47.727059372514,3.3696550901780427,47.330459898291835,48.816817738232416,1.486357839940581,8.638200796745565,3.701661027166935,-4.93653976957863
2015-06-05,36.21854968835089,1,44.22861047731724,64.18673930541405,19.95812882809681,34.19717440039811,22.43791136323938,-11.759263037158732,38.48721919700581,30.04452369966561,-8.442695497340196,44.55674500158943,47.42841669118845,2.871671689599026,47.120223728435526,49.383617105693695,2.2633933772581685,8.721325325359231,3.830089964904161,-4.89123536045507
2015-06-12,36.01432823987633,1,43.578635498923404,64.81832545425846,21.239689955335052,34.20114924155783,21.446707947523592,-12.754441294034237,38.293965750942746,30.15386878287761,-8.140096968065137,44.350428631782066,47.6488235569484,3.2983949251663347,46.967716024673805,48.48283165570341,1.5151156310296017,8.694074291378115,3.5354120419465005,-5.1586622494316146
2015-06-19,36.10344142857983,1,43.72518068354195,63.95390807704676,20.228727393504812,34.24022673815462,21.877799942371425,-12.362426795783193,38.38618903509057,29.8457885461993,-8.540400488891265,44.48136597273632,48.09287087578564,3.6115049030493225,46.9344285460272,49.21039671067154,2.2759681646443397,8.853257595928312,3.639884419404268,-5.213373176524044
2015-06-26,36.553446086031336,1,44.2933698091649,63.79703167093109,19.50366186176619,34.09015422083576,21.892497309361715,-12.197656911474041,39.23915865878704,30.54809909573857,-8.69105956304847,45.10385740375579,49.06238573406633,3.9585283303105427,47.09556315810989,49.95599798883476,2.86043483072487,9.498573265534645,4.064664717255525,-5.4339085482791205
2015-07-03,36.42419768431831,1,44.187178490688815,63.9393305830939,19.752152092405083,33.81798051772404,22.043196286467705,-11.774784231256334,39.544542601609294,29.289867983194696,-10.254674618414597,44.50840772682564,50.01492222326873,5.5065144964430885,46.658925895459845,49.43528616227843,2.7763602668185854,9.828150873602226,3.8225828676063998,-6.005568005995826
2015-07-10,34.73046810991082,1,43.0660615257039,60.154800022499884,17.088738496795983,31.731832243533617,20.78272208938084,-10.949110154152777,37.168880488845055,29.915041621573742,-7.2538388672713126,42.80063484391234,46.02935073608979,3.2287158921774477,44.51208795874396,47.06250363097554,2.55041567223158,9.103311598726009,4.438390558945073,-4.6649210397809355
2015-07-17,33.281514669378645,1,41.58815764485884,58.183272245384416,16.595114600525577,29.34141604126488,18.671501820366018,-10.66991422089886,35.4127360201079,28.16376289605725,-7.24897312405065,41.70943288160523,41.72939458437026,0.01996170276503051,43.315843422569706,48.51077527156193,5.194931848992226,8.321502005865312,4.43038119853199,-3.8911208073333228
2015-07-24,33.89571750073939,1,41.74074225220241,59.33190330963505,17.591161057432643,29.733308363941035,19.09988607056171,-10.633422293379326,37.70639565534856,28.141468316309343,-9.564927339039215,42.02678296525247,44.28052268999702,2.2537397247445483,44.110200960149996,47.949066425654564,3.8388654655045684,8.056874807541888,4.571458192278669,-3.485416615263219
2015-07-31,33.936682781047104,1,42.035346926988964,57.89188364937897,15.856536722390004,29.034733811852064,19.250480540869702,-9.784253270982362,38.13064348176066,28.613346060891175,-9.517297420869482,41.35992504451011,43.53888428310474,2.1789592385946293,43.63987314898553,49.37704419957231,5.737171050586781,9.4195742721853,4.948457952465731,-4.47111631971957
2015-08-07,33.772580723139434,1,41.88754477776325,58.08012466738096,16.192579889617704,28.74067055712875,17.55596000431693,-11.184710552811822,38.893362860642696,29.610257205339337,-9.283105655303359,41.60106720325021,42.850457054930914,1.2493898516807036,43.09338577282029,49.34941378908011,6.256028016259819,8.419453167231367,5.18927161778835,-3.2301815494430173
2015-08-14,34.42786258204169,1,42.52056335663228,58.648206304912236,16.127642948279956,28.067919116981187,22.115061289335003,-5.952857827646184,39.762484134579076,30.388801421260986,-9.37368271331809,42.40939955954927,43.970455293226436,1.5610557336771649,44.02512943114375,46.06349348889219,2.0383640577484385,9.781679893364554,5.381157694623326,-4.400522198741228
2015-08-21,32.195520493511914,1,40.690150424800585,52.27573785830719,11.585587433506603,25.21771783910893,20.321520179290943,-4.896197659817986,34.33068197038159,29.086485443164136,-5.244196527217454,41.21967546860114,42.076498167842416,0.8568226992412775,40.937664171327526,43.740668266107164,2.803004094779638,10.777233086851737,5.672213046359602,-5.1050200404921355
2015-08-28,34.05402418271452,1,42.291081240429264,54.206684213913505,11.91560297348424,26.848770878395385,22.969149669756973,-3.8796212086384116,37.27947880010719,27.926534217398775,-9.352944582708417,43.08096140415045,46.89612595196258,3.815164547812131,42.423995218314026,44.82426145018645,2.400266231872422,12.399857554890815,7.501389593068836,-4.898467961821979
2015-09-04,32.52980709939852,1,40.436194729692794,52.07938130944793,11.643186579755138,26.122013012675254,19.238390193892286,-6.883622818782968,35.46557142881147,27.149610061701125,-8.315961367110347,41.43773072737356,45.22507212885711,3.7873414014835447,39.211232256864015,44.02321933158715,4.811987074723135,12.506100440974038,7.463169570905535,-5.042930870068503
2015-09-11,31.96522153520877,1,39.60254975828992,51.05071955591844,11.448169797628523,25.08808828871959,18.782910360493076,-6.305177928226513,34.98590884239752,27.048151971676447,-7.937756870721074,40.874983655268295,44.21681159110183,3.3418279358335354,38.8930623841858,43.087351797748795,4.1942894135629984,12.346736282391475,7.605383934313963,-4.741352348077513
2015-09-18,31.84766937557561,1,39.65758711065661,50.266338991870526,10.60875188121392,23.445670245365847,17.979574758165555,-5.466095487200292,37.822138387470524,28.127897915133097,-9.694240472337427,40.582749906988646,44.053209539487646,3.4704596324990007,38.46387006041749,43.182042773793015,4.718172713375523,11.11400054255455,7.47695227500391,-3.6370482675506395
2015-09-25,31.470642570864225,1,39.266048120460894,49.07860433186245,9.812556211401557,24.05547565021827,18.295877263784874,-5.759598386433396,36.56421296266482,30.59099393003961,-5.9732190326252095,39.56591812161173,43.45594384115506,3.890025719543331,37.96182011934505,40.14065394624406,2.178833826899009,11.410380450884588,7.261782112099311,-4.148598338785277
2015-10-02,31.279653211263806,1,39.133439577729625,48.61170963423789,9.478270056508265,23.700462344114,18.442382437093613,-5.258079907020388,37.324161302033964,31.191284073647346,-6.132877228386619,39.38662735686847,43.13911871057631,3.752491353707839,37.489296486928126,39.31589696839764,1.8266004814695123,10.643932199908619,6.977527443629995,-3.6664047562786237
2015-10-09,33.140378062167514,1,40.49658240964768,52.76772551113091,12.271143101483233,26.24309360023446,20.9583108792895,-5.2847827209449605,40.0951909290835,31.521919792927307,-8.573271136156194,41.23521874744871,47.734702933845895,6.499484186397183,39.165646414800634,38.9493429551533,-0.21630345964733522,11.606536271790091,6.910266300658137,-4.696269971131954
2015-10-16,32.94632935144379,1,40.500047475022804,50.81169916135749,10.311651686334685,25.44418753009775,20.793919342999203,-4.650268187098547,40.09796699532458,31.383039811527368,-8.714927183797215,41.62812321839279,46.638557864026595,5.010434645633808,38.983903154173184,40.443460352006205,1.4595571978330213,11.023747735651611,7.607299576745845,-3.416448158905766
2015-10-23,32.736615650637866,1,40.36843855592209,50.66857180507015,10.300133249148061,25.224757469853017,20.615707708622637,-4.609049761230381,40.144995852538315,31.08728810536944,-9.057707747168877,41.68464145517087,46.455689896986634,4.771048441815765,37.87255557174825,39.81323833589691,1.9406827641486615,11.12430499859461,7.779198051881423,-3.3451069467131873
2015-10-30,32.619767964523874,1,40.44128424685165,50.524964668753825,10.083680421902173,24.335208386605217,20.440057858680632,-3.895150527924585,40.420269991398705,33.92864567234411,-6.491624319054594,41.66382542186767,45.65791235179783,3.9940869299301625,37.864111132037394,37.85984137970972,-0.004269752327672904,10.993908608382583,7.307185855857085,-3.6867227525254975
2015-11-06,33.01547677177867,1,40.899867571921526,50.27789541325908,9.378027841337556,24.489946689160618,20.975086489888795,-3.5148601992718227,42.31274385829716,32.65080011376242,-9.661943744534739,42.10206182304075,48.003325423984585,5.901263600943835,37.55523498896602,38.656101634861514,1.1008666458954934,10.733005699285954,7.529651554915617,-3.203354144370337
2015-11-13,33.36089286984457,1,41.023221760074236,50.571173044536025,9.547951284461789,24.678824396776122,21.074112923191365,-3.604711473584757,43.75976151816947,34.99144390839419,-8.76831760977528,42.63732469737994,47.95560648141631,5.3182817840363725,37.80502494230362,38.30810300435819,0.5030780620545698,10.261199904364048,7.264917857171369,-2.996282047192679
2015-11-20,33.388255625985124,1,40.99202464873716,50.55230641469883,9.560281765961676,24.679830232282868,21.122258268568032,-3.5575719637148353,44.125612295567386,34.563895580265616,-9.56171671530177,42.682418428851,48.359023704399014,5.676605275548013,37.653385126104176,38.33179144889976,0.6784063227955812,10.196263024368136,7.400258339079471,-2.796004685288665
2015-11-27,33.4924811881138,1,40.7366143504462,50.18222996125469,9.445615610808488,25.114868135806233,22.049591942614995,-3.065276193191238,44.516298693662726,34.57540223791727,-9.94089645574546,42.41826237185673,48.17505820435265,5.756795832495925,37.738685302827705,38.452388362484385,0.7137030596566802,10.430158274083183,7.5202164200588015,-2.9099418540243818
2015-12-04,33.85473528767181,1,41.30057934888131,50.1654903897066,8.864911040825291,25.31507898052186,21.871583283138065,-3.4434956973837956,44.55763870228099,34.43574330181617,-10.121895400464823,42.86069153758521,48.309523418865965,5.4488318812807535,38.679509330782324,40.68524344644355,2.0057341156612267,10.414913825979099,7.66082788606046,-2.754085939918639
2015-12-11,34.21070592026633,1,41.63965490450676,50.4803927221032,8.840737817596434,26.218745845953123,22.673507982738286,-3.5452378632148367,44.9112754193156,34.64793598804867,-10.263339431266928,43.44960619687627,48.938941453481,5.489335256604733,38.607164337767685,41.101154534038585,2.4939901962709,10.437788817178543,7.422302841188255,-3.0154859759902877
2015-12-18,34.623839389397475,1,42.06027427104602,50.93906504650733,8.878790775461312,27.030167033881185,23.99579570768705,-3.034371326194133,45.26167824069315,35.18376819028803,-10.077910050405123,43.99392797921852,49.04722147355188,5.05329349433336,39.05277357124337,41.55684556667287,2.5040719954294985,10.344215240302617,7.020340351677717,-3.3238748886249
2015-12-25,34.50227365343269,1,41.45392066870878,50.57831866779659,9.124397999087805,26.428499100997072,23.246371374493762,-3.1821277265033103,45.083259393607705,34.909830237732066,-10.173429155875638,43.981449786376075,48.667860083388376,4.686410297012301,39.06502047437027,42.19804740126973,3.1330269268994613,11.001492496536244,7.413214155915597,-3.588278340620647
2016-01-01,34.470484052743615,1,41.41918029864259,51.1524616328183,9.733281334175715,25.631966372316086,21.9705859884982,-3.6613803838178853,45.48938407764827,35.07224201358743,-10.41714206406084,44.109823660150354,48.59671922881621,4.486895568665858,39.244771811592365,42.31592207233955,3.0711502607471886,10.927778096112021,7.714973380401943,-3.212804715710078
2016-01-08,34.96877941194881,1,41.91760953678127,49.72694235731629,7.809332820535019,25.608699225580054,23.56872434495044,-2.0399748806296145,45.93675985234282,36.30202182059108,-9.634738031751738,44.888682982025934,49.78250024250804,4.893817260482109,40.288373160020086,42.86706900862029,2.578695848600205,11.172551714942657,7.565418697706605,-3.607133017236052
2016-01-15,35.128907487130505,1,41.111714737410104,49.56364913885894,8.451934401448838,26.006552936532515,24.54177317407583,-1.4647797624566863,45.90570085082837,36.094515236152205,-9.811185614676162,45.22016323972277,49.40586916585294,4.185705926130169,40.87454776706542,43.49540364152696,2.6208558744615402,11.654765391223847,7.6722345663161065,-3.982530824907741
2016-01-22,34.82471477424395,1,40.64068054678374,47.36839634338095,6.727715796597209,25.450705185727514,24.860366893251594,-0.59033829247592,46.032778552526956,35.645839530648935,-10.386939021878021,45.05046046792655,49.53369438389135,4.483233915964803,40.15473127064878,43.99732159832244,3.842590327673662,11.618932621850192,7.542669895968444,-4.076262725881747
2016-01-29,35.778681355418165,1,41.64175720010347,46.454778655259375,4.813021455155905,26.294303271187346,25.515468538758,-0.7788347324293454,46.746734369469735,36.95665891360147,-9.790075455868262,45.52563941136045,51.91183045868291,6.3861910473224555,41.43511569985922,44.96057674558249,3.525461045723276,13.028538180528784,8.872774820624755,-4.155763359904029
2016-02-05,35.75928188812018,1,42.16777173551061,47.06415830135657,4.896386565845958,26.489514836996236,26.057132225308706,-0.43238261168752956,46.637909908244765,37.012400784452126,-9.62550912379264,45.743190011772505,51.44480137665101,5.701611364878502,40.633695516825306,44.499824696209025,3.8661291793837194,12.88360931937163,8.477373944743675,-4.406235374627954
2016-02-19,35.82069279737316,1,42.67572318125232,46.569886333477825,3.8941631522255022,26.616985586054028,25.43813155839625,-1.1788540276577777,46.28216555290175,37.14418947479543,-9.13797607810632,45.56322521209753,51.3441991381329,5.780973926035372,40.74942088478023,45.32479212209336,4.575371237313135,13.036636367153093,9.102958157343252,-3.933678209809841
2016-02-26,35.63620121480291,1,42.63318501749838,46.853855541014426,4.220670523516048,26.510925760841687,25.61052127192343,-0.9004044889182552,45.57658270657912,37.23134498207307,-8.345237724506049,45.11219765052798,49.33932025621508,4.2271226056871,40.55535915995545,45.51366153337941,4.958302373423962,13.428956993414829,9.268503704212037,-4.160453289202792
2016-03-04,36.11087662186162,1,43.12942354857103,46.12202808256857,2.992604533997536,27.42488372668025,26.242828602670855,-1.1820551240093948,46.6368868223743,37.651095515019826,-8.985791307354475,45.01823906479074,52.27786756342112,7.259628498630377,41.44926580831568,45.65014335523201,4.200877546916331,13.006560760437722,8.721296612257348,-4.285264148180374
2016-03-11,35.981098488838576,1,42.40326118336616,46.36411264643851,3.960851463072345,27.264862070326558,25.745053801740895,-1.5198082685856633,46.59712131068064,36.99189344212382,-9.605227868556824,45.04708834852691,51.63122699725433,6.584138648727418,41.18359338287927,45.929355280057386,4.745761897178113,13.390664637251916,9.2249487654165,-4.165715871835417
2016-03-18,36.00616238409165,1,42.071918290820165,45.82579800549776,3.753879714677595,27.32518541077748,25.75560530258231,-1.5695801081951686,46.70830353329634,36.98913675902073,-9.719166774275607,44.729913168247684,51.26060161287561,6.530688444627927,41.744867345012096,46.850002523780944,5.1051351787688475,13.456786556396153,9.355830100792488,-4.100956455603665
2016-03-25,35.9681613415373,1,41.97492320468146,46.0379593393416,4.063036134660138,27.487657125729868,25.847013850733433,-1.6406432749964353,46.69224720314055,36.939528730518774,-9.75271847262178,44.489955246640555,50.69924037747462,6.209285130834061,41.68424554107329,46.86689314257466,5.1826476015013725,13.47993972795804,9.41833260858067,-4.061607119377371
2016-04-01,35.94605711008577,1,41.9328564580277,46.02452659450228,4.091670136474576,27.439452560968775,25.83151413737447,-1.6079384235943053,46.79438178427813,37.00270627372829,-9.791675510549837,44.34139267379431,50.51533542831243,6.173942754518123,41.68633138891627,46.87916788508757,5.192836496171296,13.48192779452944,9.423092341509616,-4.0588354530198245
2016-04-08,35.89384036025272,1,41.696166930148266,46.169139670817174,4.472972740668908,27.55160355497722,26.357839897423958,-1.1937636575532622,46.756850313288325,37.09888277962703,-9.657967533661292,44.47853922017999,50.25692689334753,5.778387673167543,41.24987850055451,45.87256145507286,4.622682954518353,13.63000364236801,9.607691465227717,-4.022312177140293
2016-04-15,34.122922461608205,1,40.0195392474819,45.32392451216086,5.304385264678956,25.081786835802845,25.733292075027947,0.6515052392251022,44.7607788212259,36.50519934172935,-8.255579479496546,41.55698593426793,44.799525276262244,3.2425393419943163,40.51482509128748,44.052794062373096,3.5379689710856184,12.803618839583194,8.322799502095734,-4.4808193374874605
2016-04-22,34.31930041594213,1,40.28221002103793,45.42900537611873,5.146795355080798,24.952378398057434,25.299213288223825,0.3468348901663916,45.29388921805381,36.313544682708375,-8.980344535345438,41.80835621132254,44.841880865844125,3.0335246545215853,40.352427781526615,44.946838390655486,4.594410609128872,13.226540865654442,9.085319892102262,-4.14122097355218
2016-04-29,34.01771030359,1,40.0364849435765,45.173627852822904,5.137142909246407,24.74953312556798,25.029329045743182,0.2797959201752036,44.86299844948199,35.70096739292866,-9.162031056553332,41.280327868101075,45.006410879469605,3.72608301136853,40.128549463926404,44.427032080646896,4.2984826167204915,13.048367970886062,8.768894569928776,-4.279473400957286
2016-05-06,33.852768257815576,1,39.71810405930787,45.0405405487294,5.322436489421534,25.00324982451872,24.9273374032432,-0.07591242127551823,44.65003771544866,36.165554675718326,-8.484483039730335,40.53812933968703,43.654606384262465,3.116477044575433,40.011518093551125,44.64045362736574,4.628935533814612,13.195570514380023,8.688116907574297,-4.507453606805726
2016-05-13,33.729796720198266,1,39.54575371225811,45.29352579338897,5.7477720811308615,25.576227114404688,24.810172183991497,-0.7660549304131905,44.012764320900594,35.450370224256,-8.562394096644596,40.441615930212734,44.54154780941704,4.099931879204306,39.922654981708206,43.62808618648394,3.705431204775735,12.879764261705247,8.655078123652117,-4.22468613805313
2016-05-20,33.28100777970864,1,38.23817791619539,44.95781310670046,6.719635190505073,25.170259739276702,24.92656611335596,-0.2436936259207414,43.79154734636909,33.67759424984683,-10.113953096522266,40.224547628615504,43.69379207587415,3.469244447258646,39.43654312513639,43.89296217485589,4.4564190497195,12.82497092265875,8.53731895761851,-4.28765196504024
2016-05-27,33.289927288830015,1,38.16895793096093,45.025568934660555,6.856611003699626,25.412249781469868,25.147804645040083,-0.26444513642978507,43.84598696366139,33.7902982691549,-10.055688694506486,40.107951828550185,43.59574962447469,3.4877977959245072,39.34909721559748,43.69621067012052,4.34711345452304,12.855320012740236,8.483931589529362,-4.371388423210874
2016-06-03,33.57404316528237,1,38.373566524458184,45.39703687727946,7.023470352821278,25.65377861137027,25.753329649886766,0.09955103851649483,44.17502303007268,33.91215772984128,-10.262865300231397,40.40699836311921,43.61423642717849,3.2072380640592826,39.826167186051464,44.174622845962446,4.348455659910982,13.008725276622371,8.592875461545717,-4.415849815076655
2016-06-10,33.42301678730063,1,38.33959553339266,44.77037076506233,6.430775231669671,25.828789152974494,25.415532684614973,-0.41325646835952057,43.66966935436694,34.09497867887473,-9.574690675492207,40.04517324892867,44.40375090481944,4.35857765589077,39.72205207520035,43.309961147935425,3.587909072735073,12.932821358940643,8.543506542496857,-4.389314816443786
2016-06-17,33.47745680125097,1,37.83905218132506,45.02285415439604,7.183801973070985,26.04996425325575,25.403683837354308,-0.6462804159014439,43.42834966711798,33.29994540264344,-10.12840426447454,40.17570804236588,44.34027918077571,4.164571138409826,39.670020562380806,43.73824720143974,4.068226639058935,13.701646101060362,9.0597310308966,-4.641915070163762
2016-06-24,33.770877627559855,1,38.91172807851514,43.492669995226365,4.580941916711225,26.361840653966368,25.532189022829627,-0.8296516311367412,43.42602747500336,34.214068386431045,-9.211959088572314,40.18742854100327,45.735637903777686,5.548209362774415,39.97839532479269,44.21754150445451,4.239146179661816,13.759845692078315,9.4331589526399,-4.326686739438415
2016-07-01,34.21625221716777,1,39.67388451640144,44.214778307544094,4.540893791142651,26.736835172970785,25.165063118850043,-1.5717720541207427,44.30409335924786,34.68840905937773,-9.615684299870125,40.98349867427932,47.78970343102209,6.806204756742773,39.92078584517981,43.26042631049931,3.339640465319505,13.678415734927398,10.179133075713324,-3.4992826592140744
2016-07-15,33.760000804283045,1,38.98136772939714,44.03223621435915,5.05086848496201,26.34023961072873,24.760396373651744,-1.579843237076986,43.72477655647635,34.41154444272808,-9.31323211374827,40.66389070441569,46.82179857620885,6.157907871793157,39.637724505614514,43.37256424680416,3.7348397411896457,13.212005719065886,9.161464971946359,-4.050540747119527
2016-07-22,33.33289435953416,1,38.65411730626832,43.53499406068549,4.880876754417173,25.837261972177416,24.1034502328325,-1.7338117393449153,43.1879762310976,34.29636015935235,-8.891616071745247,40.60286841174622,46.916921116994395,6.314052705248173,38.85231297834651,42.37184103366034,3.5195280553138275,12.862829257568904,8.773799553679908,-4.089029703888997
2016-07-29,33.370767775622475,1,38.47666045923488,43.29625322714713,4.819592767912255,25.7103379109314,25.019144433832196,-0.6911934770992048,42.978352897591506,33.68917548271946,-9.289177414872043,40.21793328071696,46.27666210816962,6.058728827452654,39.00881412633941,42.06196768258554,3.05315355624613,13.832507978920674,9.881403719280854,-3.95110425963982
2016-08-05,33.77092131269697,1,39.20116877641326,43.98747043835474,4.786301661941479,26.340761183654323,26.075156040755672,-0.2656051428986501,43.19261901837464,34.39195436205263,-8.800664656322013,40.29523194588776,46.53895824328743,6.243726297399675,39.62856554898063,42.142035224560715,2.513469675580083,13.967181402871176,9.489953567170616,-4.47722783570056
2016-08-12,33.74656453884313,1,39.24149024789063,44.0957869285784,4.854296680687767,26.566531515221655,26.835939287943916,0.2694077727222606,43.48473720854338,34.93889907696584,-8.54583813157754,40.66699310566049,46.2695116337537,5.6025185280932135,39.68265489149439,41.95366877482629,2.2710138833319036,12.836980264248254,8.385581530990663,-4.451398733257591
2016-08-19,33.5320098312929,1,38.89018219599754,43.38299565398653,4.492813457988987,26.595617871986562,26.48847772437209,-0.10714014761447288,43.23560002349325,34.69685092619588,-8.53874909729737,40.523178776404805,46.4330009652175,5.909822188812697,39.44698633742607,41.988469653344424,2.541483315918356,12.500493782449212,8.202264064641042,-4.298229717808169
2016-08-26,33.650259243892926,1,38.83369590403417,43.13351463747746,4.2998187334432885,26.916022802417288,27.99955202604214,1.0835292236248506,43.1905856327231,33.98214748281167,-9.20843814991143,40.596040472386484,45.85135583689867,5.255315364512185,39.41373030132163,41.79940222714671,2.385671925825079,12.951480350474895,9.13558325298088,-3.815897097494016
2016-09-02,33.95884134549562,1,39.03840984563244,43.06215257791873,4.023742732286294,27.80846589764323,28.519355065709306,0.7108891680660747,43.09510104552942,34.65552345502887,-8.439577590500548,40.68682267972656,46.2317058694678,5.544883189741242,39.62162642336213,41.88906952286078,2.2674430994986494,13.502622181079985,9.395241581988302,-4.107380599091684
2016-09-09,34.01385917267249,1,39.07591207765293,42.17087516153164,3.09496308387871,27.876535005199955,27.96288915626839,0.08635415106843425,43.20759535641672,35.29463087170109,-7.91296448471563,40.72949795597694,46.92077917662992,6.191281220652982,39.68272916738018,42.49659704168116,2.813867874300982,13.510885473408194,9.237383628222702,-4.273501845185493
2016-09-16,34.11453139874274,1,39.340635316107836,41.89005161737191,2.549416301264074,28.07135845314447,28.082327349119268,0.010968895974798443,43.088052069528615,35.203916914544536,-7.8841351549840795,41.002200879242615,47.96674467369689,6.964543794454272,39.687382554954866,42.55023341036039,2.862850855405526,13.497559119478026,8.99391442736345,-4.503644692114577
2016-09-23,33.93035189078238,1,39.14520750923862,41.60576806799324,2.460560558754622,28.05904658973884,27.609492851467195,-0.44955373827164635,42.96296556250081,34.78102747460878,-8.181938087892036,40.50290188398431,48.22817460224809,7.725272718263781,39.56763058528883,42.535642497950754,2.9680119126619218,13.344359213942894,8.822005850426322,-4.522353363516572
2016-09-30,33.648916079455894,1,38.549369895238826,40.49574119960255,1.9463713043637227,27.57188136606591,27.15655391328623,-0.4153274527796782,42.526425951887724,34.40078459564362,-8.125641356244103,40.11390641396167,47.67194926887615,7.558042854914476,39.81682737702127,43.529143409727965,3.7123160327066955,13.31508547256,8.639324089598944,-4.675761382961056
2016-10-07,33.90262251407828,1,38.85953773810581,40.257480681541985,1.3979429434361776,27.99083688790381,27.990113011195362,-0.0007238767084487563,42.69849386457958,34.36384963632897,-8.33464422825061,40.48491467007583,47.87228688974189,7.387372219666062,39.86357188079101,44.01128904392625,4.1477171631352405,13.518380043013664,8.920715821735243,-4.597664221278421
2016-10-14,33.34397512348197,1,37.90531602135685,38.24206166867853,0.33674564732167767,27.0769367329344,26.102038927326177,-0.9748978056082223,42.25148580150461,34.64695456522866,-7.604531236275946,40.20702001081935,48.25151568790963,8.044495677090282,38.8275825520758,43.68488410881361,4.857301556737809,13.795509622200797,9.136395782935196,-4.659113839265601
2016-10-21,33.33336471906991,1,36.72494295318124,37.96883013713561,1.2438871839543708,26.790020570662094,26.35726983854248,-0.4327507321196151,42.21344888388041,33.85490469901803,-8.358544184862382,40.526196919870515,48.66179647281285,8.135599552942338,39.43262748532827,43.90201529761637,4.4693878122881046,14.312951501496912,9.255371869294109,-5.057579632202803
2016-10-28,33.01728467645324,1,36.10285165456149,38.4315319890151,2.3286803344536082,26.816470909944172,26.42950826382834,-0.3869626461158333,41.70550339734059,32.24744114726107,-9.458062250079522,40.00995127528317,47.92449785775207,7.914546582468901,39.34870906664173,44.01780365495844,4.66909458831671,14.120221754948247,9.052925145904368,-5.067296609043879
2016-11-04,33.05299260310261,1,36.38075389920641,38.04239641641307,1.6616425172066585,26.77289077609383,26.32565262334036,-0.4472381527534708,41.43906830880339,33.31265776081313,-8.126410547990261,40.44056466150571,47.953148671546806,7.512584010041095,39.37218843869842,43.302580380931836,3.9303919422334133,13.912489534307895,9.38151976557046,-4.530969768737435
2016-11-11,33.15099983299214,1,36.50259027993891,38.1993365897898,1.6967463098508944,26.844967931269466,26.527677506086548,-0.31729042518291806,41.610824955305326,34.06462876893486,-7.546196186370466,40.68793148354362,48.500063752867746,7.812132269324124,39.207758860928635,42.18265691558514,2.9748980546565065,14.051925486966908,9.431635464688767,-4.620290022278141
2016-11-18,33.35909922919824,1,36.74702361262868,38.27133245946142,1.5243088468327386,27.453690835689656,26.819931465114948,-0.6337593705747082,41.803547124072324,33.87132642275006,-7.932220701322265,40.71194582005686,48.42669460358557,7.714748783528705,38.91974908842438,42.8988193689262,3.9790702805018157,14.518638894317547,9.866491055351261,-4.652147838966286
2016-11-25,33.4116802032769,1,36.770479710975735,38.23691393025041,1.4664342192746744,27.22585844335336,26.777621684608377,-0.4482367587449829,41.61259996763559,33.10614741270031,-8.50645255493528,41.11943324199946,49.13065351469314,8.011220272693677,38.86687354869647,43.156688251683995,4.2898147029875275,14.874836307000805,10.06205642572516,-4.812779881275645
2016-12-02,33.337324746025935,1,36.62109648515544,38.0695710736179,1.4484745884624601,27.582435650730076,26.915952556508657,-0.6664830942214195,41.21499106026144,33.46881830666544,-7.746172753595999,40.998698457773294,48.23256286612219,7.233864408348893,38.63767692175431,43.088764402857684,4.451087481103372,14.969049900481053,10.248279270383748,-4.720770630097306
2016-12-09,33.38762561244091,1,36.79363587486818,37.85373265135234,1.0600967764841585,27.5728960626587,27.065619287336034,-0.5072767753226657,40.9440906852154,32.97156643596155,-7.972524249253851,41.21518964024203,48.38911240821706,7.173922767975029,38.6474086097431,43.848516146381634,5.201107536638531,15.15253280191807,10.197206745396826,-4.955326056521244
2016-12-16,33.49647690919367,1,36.964675881353514,38.35829815035403,1.3936222690005167,27.778149842012553,27.670650785917175,-0.10749905609537791,40.714654331955394,32.16670551810855,-8.547948813846844,41.45165920667042,48.89932354758066,7.4476643409102365,38.59619185574511,43.26408749412122,4.667895638376109,15.473530337425004,10.619795959080406,-4.853734378344598
2016-12-23,33.394819692012824,1,37.23553324201569,38.65861043986533,1.4230771978496364,27.805943124674414,27.463272203837022,-0.34267092083739215,39.98053364857809,32.81040732936451,-7.17012631921358,41.53067055104898,48.74897643534491,7.21830588429593,38.37119724077075,41.87082493862109,3.499627697850343,15.445040344989039,10.816826805044087,-4.6282135399449515
2016-12-30,33.47834489531032,1,37.33299303786373,38.7780980090762,1.4451049712124728,28.41039481748139,28.37002549332044,-0.04036932416094885,39.957422775696195,33.43640527780986,-6.521017497886334,41.54197320772101,49.03677327365609,7.494800065935081,38.52178760613506,41.248256701729,2.7264690955939415,15.105497926964546,10.000510616270333,-5.104987310694213
2017-01-06,32.980193162982296,1,36.98044835746017,38.586949259354206,1.6065009018940373,27.960296424478926,28.765022576295436,0.8047261518165101,39.16200504152314,32.586373379043614,-6.575631662479523,42.01048118812659,49.248484025845784,7.238002837719193,36.78679066036383,39.10869447197252,2.321903811608692,14.981137305941118,9.585635265382251,-5.395502040558867
2017-01-13,33.491243569599696,1,36.820737313671074,40.20204042525644,3.3813031115853676,29.314650822693267,29.620715059815396,0.30606423712212916,39.60448746116221,32.24169999416472,-7.362787466997489,42.30518035465266,48.25604917429857,5.950868819645905,37.00552315456398,40.28973827312333,3.284215118559345,15.896882310854977,10.337218490939705,-5.559663819915272
2017-01-20,33.84411214252679,1,37.2405594777345,40.389331030344515,3.1487715526100146,29.606090888478903,30.60746309606452,1.001372207585618,39.91408630936319,31.90164233567331,-8.012443973689884,42.932413505245236,48.35935315729131,5.426939652046073,36.965272871258726,40.346950933419514,3.3816780621607876,16.406249803080186,11.459932302367562,-4.946317500712624
2017-01-27,33.794832134998344,1,37.510425485068254,40.4503405966458,2.939915111577548,29.283557522196688,30.574858631488993,1.2913011092923057,39.83495695960676,31.98413355322441,-7.8508234063823465,42.7700589382367,48.316496712505256,5.546437774268554,36.98301747381658,40.33698683703536,3.3539693632187806,16.386976431065108,11.106176479090294,-5.280799951974814
2017-02-03,34.09314913790627,1,37.886170924789106,40.62739658817089,2.7412256633817833,29.741300889042577,30.67646774054026,0.9351668514976836,39.83500174011605,31.6909164147822,-8.144085325333847,43.08554643852607,48.982888146247724,5.897341707721651,37.27522982780731,40.974357811522324,3.699127983715016,16.735645007156577,11.606868126174263,-5.128776880982315
2017-02-10,34.65778456364966,1,38.64709300259693,42.07918311152122,3.4320901089242852,30.278304071730048,31.970441007506707,1.6921369357766594,40.78743500989638,32.047628050019576,-8.739806959876802,42.712344561298615,47.252349874808225,4.54000531350961,38.184258816665896,41.976033743092906,3.79177492642701,17.337271919710133,12.62107159494937,-4.716200324760763
2017-02-17,35.1978739138666,1,38.767404479405165,42.385356999458885,3.61795252005372,30.97175758269053,31.750559496605874,0.7788019139153448,41.59175643789156,31.805892277293168,-9.785864160598393,44.27675830913531,49.600453296278495,5.323694987143185,38.46245174697304,43.13641702492168,4.673965277948639,17.117114927103998,12.508564388641503,-4.608550538462495
2017-02-24,35.156539744247816,1,38.85871346313278,42.59710334208099,3.7383898789482117,30.180331957089052,32.061013354631086,1.880681397542034,41.85803180709085,31.471563192495026,-10.386468614595827,43.895339120482504,50.27990459864046,6.384565478157953,38.839716048587746,42.02624644159154,3.1865303930037925,17.307106069103952,12.503407536047774,-4.803698533056178
2017-03-03,35.80084830989418,1,40.03332514818724,43.624117652535965,3.5907925043487268,31.195454508128876,33.5402070086234,2.344752500494522,42.0532671559681,31.764802636583497,-10.288464519384604,44.95162250575421,51.190138360672755,6.238515854918546,39.31237434896578,42.16907672657273,2.8567023776069504,17.259046192360884,12.516747474376757,-4.742298717984127
2017-03-10,36.00926710209128,1,40.533948133820296,44.225475950097824,3.691527816277528,31.127821508275048,33.44368668752168,2.3158651792466287,41.89194316651358,31.288017878943656,-10.603925287569922,45.836117139574114,51.46886480446081,5.632747664886693,39.31095835968178,42.47787670913024,3.1669183494484656,17.35481430468286,13.151680582393496,-4.203133722289365
2017-03-17,36.00672134123413,1,40.46843234136291,44.07874790075783,3.6103155593949197,30.95781001375758,33.948552088543636,2.9907420747860556,41.79810026625815,31.74501649270173,-10.053083773556423,46.06365314966811,52.0897195980896,6.0260664484214885,39.274152453959694,42.15717446904292,2.8830220150832275,17.478179822398374,12.021117498269078,-5.457062324129296
2017-03-24,36.30291202708927,1,41.15827851699474,44.356495315069395,3.198216798074654,31.50540493372094,33.60792643688383,2.1025215031628903,42.076837466763884,31.91359731458686,-10.163240152177025,46.21027831909311,51.7153308662164,5.5050525471232845,39.447793595230486,43.11106187773398,3.663268282503495,17.418879330732494,13.113060352045196,-4.305818978687299
2017-03-31,36.55426528628187,1,41.720865915561674,44.98099378071771,3.2601278651560364,31.703784582230938,34.04619199287626,2.342407410645322,42.386113853746075,31.787009995313845,-10.59910385843223,45.88934331721067,50.43054988986102,4.541206572650353,39.664237861630994,44.0466918039031,4.382453942272107,17.96124618731085,14.034154255019274,-3.9270919322915745
2017-04-07,36.60852817264842,1,41.33181487427758,44.26615916642558,2.9343442921479976,33.14001497051301,34.071215802662806,0.9312008321497984,40.99378519885704,30.50582052588129,-10.48796467297575,46.18796894583083,50.82491035357613,4.636941407745297,39.44365704006408,44.47632304578413,5.032666005720046,18.553928006347974,15.506740141560599,-3.047187864787375
2017-04-14,37.02950617493085,1,42.32631072366981,45.76366891509468,3.437358191424863,32.22236581952997,36.32595301480063,4.103587195270663,43.72314798954442,29.352953449582863,-14.37019453996156,47.45564063503854,49.78459754597913,2.3289569109405903,39.383373255701834,45.991422631088035,6.6080493753862015,17.066198626100544,14.958441493039828,-2.1077571330607157
2017-04-21,36.74040823984188,1,42.24702148193277,45.368170467288415,3.1211489853556458,31.829703460341335,35.93890431332342,4.1092008529820845,43.47686989554442,29.293470407546003,-14.183399487998415,47.01908820583812,49.90102287307895,2.8819346672408273,39.16443274039151,45.35610247383351,6.191669733441998,16.705333655003102,14.584778903981032,-2.1205547510220697
2017-04-28,37.09003867483092,1,42.569695277617804,46.050097692427265,3.480402414809461,33.33709594869681,37.11998846161259,3.7828925129157795,43.11712201584641,29.0170554758245,-14.100066540021913,47.07795905040554,49.620179940458556,2.5422208900530165,39.3852736990949,45.82872908092998,6.443455381835079,17.053086057324066,14.904181397732614,-2.1489046595914516
2017-05-05,37.262432583678326,1,42.388310562756594,46.53849081603715,4.150180253280553,34.97033835171548,39.618597504100435,4.648259152384952,42.42349954007727,28.10102690514546,-14.322472634931813,46.792566308583844,49.267565530743056,2.4749992221592123,39.26317511020036,45.18862710379609,5.925451993595729,17.736705628736374,14.860287642247684,-2.87641798648869
2017-05-12,34.829926832494316,1,39.08278916513102,43.70298610341101,4.620196938279989,31.636077904529174,41.328794961207905,9.692717056678731,39.362260783680256,24.726971426040365,-14.635289357639891,45.54822685724614,47.00975322304169,1.4615263657955495,36.41940939519341,39.14637372900688,2.72696433381347,16.930796889185885,13.064681552258023,-3.8661153369278622
2017-05-19,33.67130832753555,1,37.40556168364125,42.00072789565719,4.59516621201594,30.76836193175751,40.81421035304534,10.045848421287829,38.10617010073843,24.070931521371172,-14.03523857936726,43.74874641889648,46.42952560345275,2.680779184556272,35.09804028594871,36.34379149240512,1.2457512064564042,16.90096954423089,12.36866309928169,-4.532306444949199
2017-05-26,32.41665846678783,1,34.61479372962842,36.15621779300676,1.5414240633783436,30.47991860738304,40.235989653793766,9.756071046410725,35.68886368787501,23.871820111256028,-11.817043576618985,44.172056734225265,47.17285319100344,3.0007964567781755,33.56659065281245,34.409971326466135,0.8433806736536837,15.977727388802819,12.653098725200877,-3.324628663601942
2017-06-02,33.263212018857786,1,36.250247980391116,37.4638568938744,1.2136089134832844,32.07056990500004,40.7386198052114,8.668049900211358,36.05609540248577,23.386703518177015,-12.669391884308752,44.737022129588134,46.231129591725455,1.4941074621373218,34.003520432003924,36.71400948260295,2.7104890505990227,16.461816263677733,15.04495282155547,-1.4168634421222635
2017-06-09,32.91431180298827,1,35.548436612634774,35.373276312996836,-0.17516029963793756,31.354158007232485,43.94109264333562,12.586934636103138,36.012800218613634,22.41933776479047,-13.593462453823165,44.48808955385999,45.3606036082372,0.8725140543772056,33.63657612044646,35.38849146437508,1.7519153439286157,16.445810305142288,15.00306902419446,-1.4427412809478284
2017-06-16,33.2599154235759,1,35.322449169693925,35.88091828753656,0.558469117842634,32.507449898128925,43.5595761570101,11.052126258881174,36.59156234849955,21.935559088421684,-14.656003260077867,44.72706115223273,45.62603082558312,0.8989696733503934,33.75172604008216,37.28540796169945,3.533681921617287,16.6592439328181,15.272000221204493,-1.387243711613607
2017-06-23,33.53335941395969,1,35.600807896344335,35.609238740223276,0.008430843878940664,33.25738661190546,45.34655018920327,12.08916357729781,36.71428583160624,21.843159944628773,-14.871125886977467,44.54839992965863,45.255064985977185,0.7066650563185561,34.16451457589112,37.54573944194141,3.381224866050289,16.91476163835233,15.60040318178416,-1.314358456568172
2017-07-07,33.96862259484244,1,36.20605252403111,36.00080289150516,-0.2052496325259483,33.2591069011998,46.46670084609087,13.207593944891073,37.281094120367754,21.605609802099167,-15.675484318268587,44.949608474994854,45.36379026075645,0.41418178576159903,34.66529981410055,38.08457244114422,3.419272627043668,17.45057373436056,16.290259327458728,-1.1603144069018327
2017-07-14,34.000209123317156,1,36.60371656636871,36.245239705664495,-0.35847686070421503,33.008167930830055,46.42987266965713,13.421704738827074,37.35947430381395,21.861502355957263,-15.497971947856684,44.058672892018215,43.64494681151053,-0.41372608050768633,35.40627772705781,39.260294595174344,3.854016868116531,17.564945319814186,16.559398601939165,-1.0055467178750206
2017-07-21,31.967006138761434,1,34.54229432088938,31.437347014553055,-3.104947306336328,29.239458813513252,44.31873200843816,15.079273194924909,38.06983607588654,25.424290250223493,-12.64554582566305,42.85652880676323,40.61421875572416,-2.2423100510390697,32.05441284293667,36.458489544550844,4.404076701614173,15.039505972579533,13.548959259078885,-1.490546713500649
2017-07-28,30.767676081083923,1,33.310092725128186,28.982145962855242,-4.327946762272944,28.678517342089393,42.27095289499243,13.59243555290304,34.70088977293774,25.69202706155363,-9.008862711384111,42.28074413052633,40.91006748174016,-1.3706766487861728,31.121385029485324,34.054780404772714,2.9333953752873896,14.514427486336587,12.696082680589384,-1.818344805747202
2017-08-04,31.339542779944093,1,33.6592965021823,30.90009210683948,-2.7592043953428202,29.525426904618257,43.650360725886486,14.124933821268229,34.61669515407243,25.001622155372758,-9.615072998699674,43.93511093162265,39.574327588041875,-4.360783343580778,31.494720908376564,35.75182016041211,4.257099252035545,14.806006278792353,13.15903394311185,-1.646972335680502
2017-08-11,30.74821132215851,1,33.10188672291912,28.16815597353221,-4.9337307493869105,28.681675863686436,42.605187930579376,13.92351206689294,33.887252247473384,24.019355798818324,-9.86789644865506,43.35790854233253,41.06358748274163,-2.2943210595908994,30.60152164661595,34.416501057356896,3.8149794107409463,14.859022909923638,14.21647968992265,-0.642543220000988
2017-08-18,30.712553084777245,1,32.41233338734769,27.636736895349927,-4.77559649199776,28.899546407256196,43.72506538670355,14.825518979447352,33.08576856300978,22.966367147713243,-10.119401415296537,42.37831828572727,39.7849861415602,-2.5933321441670643,31.09640441012806,35.24803763187322,4.151633221745158,16.402947455194507,14.914125305463344,-1.4888221497311633
2017-08-25,31.492470192228268,1,33.73459697077827,28.55245632765272,-5.18214064312555,28.996290806319706,45.05186047992095,16.05556967360124,34.93858097498213,23.54275682293003,-11.3958241520521,43.85153809943303,39.83109330887714,-4.020444790555885,31.350031104260694,36.98327522870996,5.633244124449263,16.083783197595764,14.993378985278738,-1.0904042123170257
2017-09-01,31.284449391521722,1,33.711518248811984,27.831985684077793,-5.879532564734191,29.114564811401024,44.48113735655025,15.366572545149225,34.747393150202114,23.75939725028583,-10.987995899916285,43.736780695594554,40.107105432921905,-3.6296752626726487,30.01620531642756,36.48747780626833,6.471272489840771,16.380234126693125,15.039592819026254,-1.3406413076668713
2017-09-08,31.44877187741966,1,33.75659745301485,28.208450585254596,-5.548146867760252,29.421338573440295,45.598793667425326,16.17745509398503,34.913102795376005,23.360928499491393,-11.552174295884612,43.44183512243246,39.61033958869262,-3.83149553373984,30.475416760370265,36.31459767346115,5.839180913090885,16.68434055988412,15.599521250192893,-1.0848193096912269
2017-09-15,31.827162361332892,1,34.51817865852735,29.0776600191261,-5.4405186394012475,29.843984512960077,46.345892806331506,16.50190829337143,34.93729101574313,23.38731449361856,-11.549976522124567,43.90792863524795,39.551372752022,-4.356555883225951,30.895760996773134,36.41337548717675,5.517614490403616,16.859830348745717,16.187358609722395,-0.6724717390233224
2017-09-22,32.17618353071904,1,34.75122596205499,29.72218697463616,-5.029038987418829,30.095757893457517,46.97965574077077,16.88389784731325,35.006140021198576,23.188610782455825,-11.81752923874275,43.907377348991176,39.06709878068729,-4.840278568303887,31.776321844782558,37.24965461971985,5.47333277493729,17.52027811382942,16.849894286044346,-0.6703838277850735
2017-09-29,32.59007352303956,1,35.92820398518852,31.037149202116098,-4.89105478307242,30.055912418824036,47.18463503567726,17.128722616853224,35.30319208351253,23.23580823882135,-12.067383844691179,44.12833058052379,38.88867581435428,-5.239654766169508,32.29041069675226,37.912099661122355,5.621688964370094,17.834391373436176,17.282073186145922,-0.5523181872902541
2017-10-06,32.929987673011915,1,36.012357700948726,31.569970034649316,-4.44238766629941,30.639697688022125,47.02935169352942,16.389654005507296,35.56284077696921,23.62866631388752,-11.934174463081689,44.233925497527146,38.667039846361426,-5.56688565116572,32.77261059283411,39.287054590003564,6.514443997169451,18.35849378177018,17.397843559640222,-0.9606502221299564
2017-10-13,33.145117003748005,1,36.56124209353895,31.474326761597112,-5.086915331941839,30.52604342972532,47.79271046405108,17.266667034325764,35.9009300727696,22.974410398693706,-12.926519674075891,44.347698350666526,39.29274869675137,-5.054949653915159,32.88421384581828,38.45048605260514,5.566272206786863,18.65057422996935,18.8860196487896,0.23544541882024816
2017-10-20,33.13467509983381,1,36.67721496462831,30.772345361032755,-5.904869603595557,30.52089437480599,47.817669386309305,17.296775011503314,35.58717045395814,22.745544221238603,-12.841626232719534,44.494987185491425,39.71650919836665,-4.778477987124774,31.98124491812409,38.087297923157735,6.106053005033644,19.546538701994876,19.668684508897783,0.12214580690290688
2017-10-27,33.25641885441047,1,36.83403436097574,31.39135459743968,-5.442679763536063,30.741676854774767,47.71408523528602,16.972408380511254,35.609300188661436,22.92303266636155,-12.686267522299886,44.9174316676624,39.958600753783045,-4.958830913879353,32.11839851143971,38.28907896872657,6.170680457286863,19.31767154294876,19.262360904865943,-0.055310638082815444
2017-11-03,33.29194079062683,1,36.811391563794245,30.987965987166177,-5.823425576628068,30.563155463236924,48.476363367031425,17.9132079037945,35.23526290177307,21.03300077300146,-14.202262128771608,44.47319928381642,40.29131923817355,-4.18188004564287,32.091789191588845,38.09822269384955,6.006433502260705,20.576846339551523,20.864772684538863,0.2879263449873406
2017-11-10,33.40771563350288,1,37.06105371899596,31.068453935562367,-5.99259978343359,31.138070463380302,50.46860385009978,19.33053338671948,35.53324939919827,20.55541388717498,-14.97783551202329,44.165792724141994,39.71412619508577,-4.451666529056226,32.057986124289954,37.79491492691585,5.736928802625897,20.490141371010793,20.844781006178465,0.35463963516767194
2017-11-17,33.76350450233798,1,37.49899860468713,30.646748251986367,-6.852250352700764,32.353403219995,48.99957742162731,16.646174201632306,35.950375162555275,21.31913600181609,-14.631239160739185,44.11008793984242,41.40500987871308,-2.705078061129342,32.08341730220894,38.45278664116199,6.3693693389530495,20.58474478473913,21.757768818723093,1.173024033983964
2017-11-24,33.97464376806444,1,37.43567021021856,30.907451709887326,-6.528218500331235,32.65559639268544,49.22350713887482,16.567910746189384,36.2273756249483,22.476680255298042,-13.75069536965026,44.26169327060392,40.67936397725919,-3.5823292933447277,33.205890942807656,39.04942093264654,5.843529989838885,20.061636167122742,21.51143859442068,1.4498024272979393
2017-12-01,34.55014054174628,1,37.56728334313003,30.847116437948443,-6.7201669051815855,32.706690250203806,49.03040146935514,16.323711219151335,36.70101993520366,23.404087955084748,-13.296931980118913,44.439030692692484,40.76551577565789,-3.673514917034595,34.682496369311394,39.75942444987872,5.076928080567328,21.204322659936295,23.494297162552755,2.2899745026164595
2017-12-08,34.87838845296986,1,37.84114403040215,31.073772976248648,-6.7673710541535,33.537770304462384,50.193043033356915,16.65527272889453,36.58258289218283,22.809094607288003,-13.773488284894825,45.18536569089019,40.37364349227361,-4.811722198616579,35.340322941853344,42.242779666717695,6.902456724864351,20.78314485802825,22.577996941934273,1.7948520839060222
2017-12-15,34.558729702611906,1,38.08712381285733,29.82503815074567,-8.262085662111659,32.761165637429215,51.08479519099325,18.323629553564032,36.55785577740188,22.902265358357212,-13.655590419044671,45.27897873094502,41.83521331930127,-3.443765411643753,35.446123150451925,39.02516757053783,3.579044420085907,19.221131106586057,22.67989862573623,3.4587675191501717
2017-12-22,34.807893799244155,1,38.163718650070955,30.219046209109585,-7.944672440961369,33.75919081135994,49.788137824215866,16.028947012855923,36.73608287176719,23.54098226467152,-13.195100607095668,45.40220545465458,42.06635514780598,-3.3358503068485987,35.29459984908077,40.63165405288247,5.337054203801699,19.491565158531472,22.601187296779486,3.109622138248014
2017-12-29,35.08611083753461,1,38.034543983915626,30.398648819427933,-7.6358951644876925,33.300510912498694,50.13182026573625,16.831309353237558,36.55543163583406,23.156604527904044,-13.398827107930018,45.13368215467718,40.79139006641024,-4.3422920882669445,36.09483511822656,41.23115389027377,5.136318772047204,21.397661220055497,24.807047455455404,3.409386235399907
2018-01-05,35.36652165949102,1,38.79356478196568,29.81558033734249,-8.97798444462319,33.32603063821192,50.63890247996909,17.312871841757172,36.74079436586948,23.221163111416693,-13.51963125445279,45.53914995742605,40.58738108172271,-4.951768875703337,36.3010609843519,40.14189193880521,3.8408309544533097,21.49852922912109,27.794211007689952,6.295681778568863
2018-01-12,35.14539890507813,1,38.216714856748155,30.057705629071293,-8.159009227676862,33.258383765148594,49.98683641490766,16.728452649759063,36.65587260126223,23.02961652062291,-13.626256080639322,45.24624062398157,40.69149725616928,-4.554743367812293,36.23039035212533,40.540288224570055,4.309897872444722,21.264791231202892,26.566449385127584,5.301658153924691
2018-01-19,35.256924462677695,1,38.09646053336079,30.645915286824327,-7.450545246536464,34.10290991371507,51.22145066837737,17.118540754662305,36.87071936026054,22.84297942619314,-14.027739934067398,45.37037427793562,41.23319637934954,-4.137177898586074,36.282189616416986,40.596835221550066,4.31464560513308,20.818893074377144,25.00116979377171,4.182276719394565
2018-01-26,35.706510084460014,1,38.523403312124515,31.253931312304843,-7.269471999819672,35.523070350054354,51.46990002657222,15.946829676517865,36.87966142919874,22.47667555924027,-14.40298586995847,45.70178171774124,41.62181982135142,-4.079961896389818,36.606836165736546,40.84789644602683,4.241060280290284,21.004307531904672,26.568837341264484,5.5645298093598115
2018-02-02,35.39573620565439,1,38.447035317873166,30.586134665763304,-7.860900652109862,34.924393439186446,52.29623384932023,17.371840410133785,36.58799363993658,21.662104517164188,-14.92588912277239,45.40259094242967,41.7265341939506,-3.67605674847907,35.99569138976881,40.62813299145583,4.63244160168702,21.016712504731657,25.4752770162722,4.458564511540544
2018-02-09,37.19272058957807,1,40.03265289945572,29.493741590026595,-10.538911309429125,37.13714606733956,55.54553502087555,18.40838895353599,38.22456961648813,25.510418037555972,-12.71415157893216,46.95476026240568,43.45565478081094,-3.4991054815947393,37.91035642852653,39.16286537962184,1.252508951095308,22.896838263252832,29.988108728577515,7.091270465324683
2018-02-16,36.79626531125534,1,38.859245541357744,33.129678838960096,-5.729566702397648,37.03383114629159,54.75645503071996,17.722623884428373,38.113919918466905,25.200896227168926,-12.91302369129798,46.96323275618672,42.90840639405318,-4.054826362133539,37.159426203993064,40.14421060494098,2.984784400947916,22.647936301236,24.63794477168892,1.9900084704529206
2018-02-23,36.74512999344731,1,38.646161483875844,32.528141171249885,-6.1180203126259585,36.90710346667053,54.58181703099927,17.67471356432874,38.49317550908632,25.780833814064202,-12.712341695022118,46.89495387199162,43.10003673916299,-3.7949171328286297,37.257006376797726,39.7951422335697,2.538135856771973,22.272379252261786,24.684808971637793,2.412429719376007
2018-03-02,36.56807658149004,1,37.74088941227176,31.887950473162114,-5.852938939109649,36.92225745652314,54.66239060210046,17.740133145577317,38.42756242851253,25.95043283619249,-12.47712959232004,46.73326753397513,42.800815104923934,-3.932452429051196,37.217011997905914,39.509638871109786,2.292626873203872,22.367470659751746,24.59723160145144,2.229760941699695
2018-03-09,36.39441407124729,1,38.40744336430415,33.70852784040854,-4.698915523895607,36.735948011193464,53.37494826036414,16.639000249170678,37.401862967869214,24.610012848704507,-12.791850119164707,46.72600660785232,42.1030787895021,-4.62292781835022,36.87608253206804,39.82826654122789,2.9521840091598506,22.21914094419654,24.741650147276516,2.522509203079977
2018-03-16,36.45023559011587,1,37.71053375575562,33.85225071280874,-3.85828304294688,37.22789776624745,53.49237193073594,16.26447416448849,37.3296909089322,24.131806221534454,-13.197884687397746,46.542097237148674,41.3687314899902,-5.173365747158471,36.90413889459515,39.77182721019591,2.867688315600759,22.98705497801609,26.084425975429966,3.0973709974138757
2018-03-23,36.6785546610904,1,37.79715019924117,35.20922289853988,-2.5879273007012955,37.53143948592922,53.18640634106011,15.654966855130894,37.68773323777893,24.63229600701898,-13.05543723075995,47.05820668618381,41.42553359163385,-5.632673094549958,36.673387873137884,39.12951099138587,2.4561231182479872,23.323410484271392,26.48835813690374,3.1649476526323497
2018-03-30,36.24987145818347,1,37.73098780276596,34.54543331622184,-3.1855544865441203,36.59142450497476,52.692244981302785,16.100820476328025,37.57001264691912,24.800196533340603,-12.769816113578514,46.724634446121335,41.186499975047774,-5.538134471073562,36.363707863420814,37.93235044407848,1.5686425806576665,22.518461484898836,26.342503499109313,3.8240420142104767
2018-04-06,36.69906624507016,1,37.577858845392825,34.83620065541922,-2.741658189973606,37.718421882867105,53.1324355248702,15.414013642003098,37.58122244148428,24.695818941893343,-12.885403499590936,47.293567152664416,42.43463422018548,-4.858932932478936,36.880688173677015,38.97987157839856,2.0991834047215434,23.14263897433534,26.11543654965419,2.9727975753188502
2018-04-13,36.69471298341319,1,37.777447829037136,34.7684335865571,-3.009014242480035,37.89136225580803,53.89392720103125,16.002564945223213,37.17082968685851,24.422043671772144,-12.748786015086367,47.264389852979086,42.46827431336806,-4.796115539611023,36.613448490373614,38.88054957857844,2.267101088204825,23.450799785422774,25.73504954917216,2.2842497637493864
2018-04-20,36.96765633731223,1,37.73733216255583,34.93875820756115,-2.79857395499468,37.596012326141924,54.14054380248452,16.5445314763426,37.68448662703956,24.360758919610888,-13.323727707428674,48.11226027586644,44.246830793136844,-3.8654294827295956,37.055684520593935,38.99538809383696,1.9397035732430226,23.62016211167571,25.12365820724304,1.5034960955673284
2018-04-27,37.23810761757419,1,38.66727591258388,35.25374921267615,-3.4135266999077345,38.52087193841719,54.66991443713775,16.14904249872056,37.59139170170482,24.664921844488433,-12.92646985721639,47.47331212413809,40.791485069250086,-6.681827054888004,37.31069578904916,39.56940725242323,2.2587114633740697,23.86509823955197,28.47916788946948,4.614069649917511
2018-05-04,37.07507756610243,1,38.50918860884784,34.61353466247861,-3.8956539463692366,38.44481305003587,53.7538955408313,15.309082490795433,37.82741974259417,24.752067035659785,-13.075352706934382,47.83836271219175,40.42739983332413,-7.410962878867622,36.267425829428845,40.64549957369334,4.378073744264498,23.563255453516106,28.258068750627444,4.694813297111338
2018-05-11,37.12250684484006,1,38.972885459641475,35.537272585868266,-3.4356128737732092,38.76706836969301,53.5322472747648,14.765178905071792,37.12379897188627,24.759552169016786,-12.364246802869488,47.27020576830248,38.66388262471737,-8.606323143585115,36.38948642946187,40.591923002297904,4.202436572836035,24.211596070055265,29.650163412375264,5.438567342319999
2018-05-18,37.06892466783132,1,38.921045851698025,36.299507147739874,-2.6215387039581515,38.84207168944673,53.49186992208322,14.649798232636485,37.4246876379563,24.874448106396223,-12.55023953156008,46.69317021516788,37.14445427971711,-9.548715935450772,36.22007362061272,39.68986964943426,3.469796028821534,24.312498992106285,30.91339890161727,6.600899909510986
2018-05-25,37.44240408114817,1,39.295267346649986,36.22769725092598,-3.067570095724008,38.59986221677827,54.251580479960076,15.651718263181806,37.43739874789154,25.04568715901143,-12.391711588880113,46.70577064078203,35.61782445990885,-11.087946180873175,37.411656763043084,39.95522321903074,2.5435664559876585,25.20446877174409,33.55641191805192,8.351943146307832
2018-06-01,36.96418439553941,1,38.8178028321701,35.72299317132172,-3.0948096608483837,38.50746772171794,52.63061867578225,14.123150954064315,37.28723220418462,25.271630363040927,-12.015601841143692,46.79193211379034,35.85315629461019,-10.938775819180151,35.52565215153547,39.34025624186958,3.8146040903341145,24.855019349838045,32.966451626611814,8.111432276773769
2018-06-08,37.25417051486027,1,40.25533126617987,37.573948317226915,-2.681382948952958,38.70687964206855,52.4457136667755,13.738834024706946,37.41599724461186,25.28460797064419,-12.13138927396767,46.57017932465483,36.245404606628156,-10.324774718026674,35.54718339659837,39.51534074984785,3.968157353249481,25.029452215048167,32.46000777803907,7.430555562990904
2018-06-22,37.85186995093582,1,41.0941890879109,38.148567172392156,-2.9456219155187426,39.378368943231656,54.72415246320647,15.345783519974816,37.604779658682,25.759438477226787,-11.845341181455211,46.82197706652821,34.43649169915948,-12.38548536736873,36.352111855762104,39.59020505933955,3.2380932035774492,25.859793093500045,34.452364834290435,8.59257174079039
2018-06-29,37.72028064517814,1,41.624415442323226,40.09979945020969,-1.5246159921135387,38.877163046906915,54.15859506028214,15.281432013375223,37.41726546661437,25.22339327391056,-12.193872192703807,46.27975396158455,33.19723279870287,-13.082521162881676,36.758596181095385,39.4123373009235,2.653741119828112,25.364489772544403,34.23032598704013,8.86583621449573
2018-07-06,37.75690111754468,1,41.91381724861969,39.84651215505075,-2.067305093568933,38.319465934130235,54.690067534900166,16.37060160076993,37.22288435720979,25.49757758485366,-11.725306772356134,46.57565162189993,33.1924945673748,-13.383157054525128,36.73869810616372,39.123667457782794,2.384969351619077,25.770889437244733,34.19108740530589,8.42019796806116
2018-07-13,37.764972465858584,1,42.08456918706971,39.717625271040255,-2.366943916029456,38.42458320239494,55.061005154592536,16.636421952197594,37.82179602256708,25.988353814665793,-11.833442207901285,46.482998024221125,32.686713819995326,-13.796284204225799,36.40266604769107,38.527139195553474,2.1244731478624033,25.373222311207584,34.608997539304156,9.235775228096571
2018-07-20,37.41382644694864,1,41.36056171307743,39.144235718788735,-2.2163259942886953,38.133868231285724,54.57462357682221,16.440755345536488,36.69815112257065,25.93029124966597,-10.76785987290468,46.11085254654482,32.31742233502665,-13.79343021151817,36.28200912096883,38.00604428974743,1.7240351687785989,25.897515947244372,34.51034151164083,8.61282556439646
2018-07-27,37.00378442008543,1,40.783732348452006,39.443485368399266,-1.34024698005274,37.52711915566845,53.902234199101876,16.375115043433425,36.05597160054578,25.003829714796986,-11.052141885748796,45.65544303915476,32.16220441758125,-13.49323862157351,36.10232031968516,37.035222603873706,0.9329022841885433,25.898120057006437,34.4757302167595,8.577610159753064
2018-08-03,36.75210420051376,1,40.61485783753896,38.75623697289609,-1.858620864642873,37.20664034067217,53.29429875000023,16.087658409328057,36.51405611561629,25.77417986170537,-10.739876253910921,45.41301248034379,32.03089489710623,-13.382117583237559,35.85141668316814,36.33297318598484,0.4815565028167015,24.91264174574323,34.32404153538981,9.41139978964658
2018-08-10,36.9542116401183,1,41.242046420861506,38.69100892553978,-2.5510374953217223,37.13130423523418,53.07887756973217,15.947573334497989,36.43437845833232,25.739078008462812,-10.695300449869507,45.62829925719513,33.04426340228279,-12.584035854912344,35.83722060484946,36.50825581384635,0.6710352089968836,25.452020864237213,34.66378612084593,9.211765256608714
2018-08-17,36.92499601590469,1,40.934247728077125,38.64161829387986,-2.2926294341972664,37.09120536585659,53.398878646121396,16.307673280264808,36.59322227530877,25.97325559595364,-10.61996667935513,45.632244260859956,32.98324739476259,-12.648996866097363,35.49839949164793,36.051627520519105,0.5532280288711746,25.800656973677732,34.50134864419154,8.700691670513805
2018-08-24,37.058857938435274,1,41.219579754051836,38.13034825330804,-3.089231500743793,37.17733765064171,53.417860656319085,16.240523005677375,36.62048162492128,25.455022552698253,-11.16545907222303,45.577614954246734,33.2680508864813,-12.309564067765436,35.36460278517171,36.88253198834907,1.51792920317736,26.39353086157837,35.199333293455894,8.805802431877524
2018-08-31,37.35136146857178,1,41.74968221571473,37.973822259765626,-3.7758599559491017,37.71030109026198,54.52039904154597,16.810097951283993,36.92220299828237,25.632584434454074,-11.289618563828299,45.66328520742452,33.13034627828044,-12.53293892914408,35.431669341189206,37.62589229206607,2.1942229508768634,26.63102795855785,35.22512450531845,8.594096546760596
2018-09-07,38.048851892172536,1,41.46489647270366,40.5897459242786,-0.8751505484250544,37.629748774452764,53.27419791087736,15.644449136424598,38.19418443706804,26.079363990219257,-12.114820446848782,46.63090139175585,34.75931677749414,-11.871584614261707,36.8306229207563,38.066355585669555,1.2357326649132574,27.542757356298623,35.52413116449631,7.981373808197688
2018-09-14,37.80869324265686,1,41.18788053916729,40.31019413430122,-0.8776864048660684,38.01576453016641,52.48900952976096,14.473244999594556,37.699728187337385,25.983004320855102,-11.716723866482283,46.18722538433064,34.97174299607149,-11.215482388259147,36.80845007983504,37.57380562309763,0.7653555432625865,26.953110735104374,35.524402851854745,8.57129211675037
2018-09-21,37.57037003468763,1,41.22893295248821,39.629777956431084,-1.5991549960571234,37.35399011523293,52.46631781543435,15.11232770020142,37.63298204185299,25.656637831519824,-11.976344210333167,46.2174390832752,34.229899123987956,-11.987539959287247,36.77338526996551,36.66526144960506,-0.1081238203604471,26.215490745310944,36.774326031147524,10.55883528583658
2018-09-28,37.61013554561287,1,41.311508992009436,39.73103799514399,-1.5804709968654436,37.44897713746735,52.46047532624952,15.01149818878217,37.653351256329984,25.54283429575726,-12.110516960572724,46.18539153870162,34.31151399225169,-11.873877546449933,36.868013189678436,36.74145764244378,-0.12655554723465912,26.19357115949036,36.87349402183098,10.679922862340618
2018-10-05,37.379658974039494,1,41.00855720306047,39.78548944321421,-1.2230677598462592,37.30061655237505,53.077048516662245,15.776431964287198,37.664691119956274,25.518052475768172,-12.146638644188101,46.342003302866345,33.90260616712072,-12.439397135745622,36.49893260583224,36.447341563399306,-0.051591042432932,25.46315306014658,35.547415678072284,10.084262617925702
2018-10-12,38.55855385396679,1,41.132690023811364,42.367849454737026,1.2351594309256626,38.86493905966234,55.891957057250174,17.027017997587834,38.24729781199334,25.87074906746637,-12.376548744526971,47.43246256656582,34.53286762894946,-12.899594937616357,37.39699382869573,37.34687814180627,-0.050115686889455446,28.276939833072163,35.34102177359145,7.064081940519287
2018-10-19,38.2321782426829,1,40.686954314530304,43.36426582931272,2.677311514782417,38.49616152823854,54.58406697478578,16.08790544654724,38.00992399771706,25.28427783103121,-12.725646166685848,47.12066223794275,34.74015179048392,-12.380510447458832,36.84715303373545,36.9435916417096,0.09643860797415016,28.23221434393328,34.47671538877417,6.244501044840888
2018-10-26,39.79338919035979,1,41.580504923887105,44.85193593335708,3.2714310094699783,41.14448402595424,56.2984380404298,15.15395401447556,38.866674058306494,25.709144855440947,-13.157529202865547,48.080203008490315,35.536349008734874,-12.543853999755441,37.99196815163436,39.155939189690436,1.1639710380560757,31.096500973886236,37.20852811450561,6.112027140619375
2018-11-02,40.06809277289532,1,41.51465767214532,45.43369060768073,3.9190329355354123,42.87044015980564,58.48479895972359,15.614358799917952,37.68974539975145,25.119227257765722,-12.57051814198573,48.33919116897194,34.372624449824386,-13.96656671914755,38.7901967881442,40.518128598824816,1.7279318106806159,31.20432544855339,36.480086763552706,5.275761314999315
2018-11-09,40.212959687749795,1,41.95459005734913,46.764719678438716,4.810129621089587,43.08011487459942,57.007068675876496,13.92695380127708,37.50846338323467,24.344041235417365,-13.164422147817305,48.7267222200924,35.65892879999144,-13.067793420100955,38.64727162345629,41.49273300819394,2.8454613847376464,31.36059596776684,36.010266728580774,4.649670760813933
2018-11-16,39.602737029741014,1,41.16754225834819,48.615527005323344,7.447984746975152,42.51147121100529,57.338077893746735,14.826606682741442,36.7204854288058,24.16994158826894,-12.55054384053686,47.939348605173016,35.346183192295136,-12.59316541287788,38.420122299240056,38.501761500311595,0.08163920107153899,30.85745237587369,33.64493099850036,2.787478622626665
2018-11-23,39.9538498394031,1,42.42013543238779,46.57251709422413,4.152381661836344,42.63854103036689,59.37254119168603,16.734000161319145,37.66858823515986,22.666994227789075,-15.001594007370784,48.07350179385861,34.69574773205554,-13.377754061803074,38.210736046282,41.54584026902892,3.3351042227469208,30.71159649836345,34.869458521634854,4.157862023271406
2018-11-30,40.06229430163008,1,42.62235299203952,45.67937636704833,3.0570233750088107,42.71891935117658,60.81637897798238,18.0974596268058,37.34751472805479,21.37765896718527,-15.969855760869521,47.91473392541889,34.549719976315565,-13.365013949103329,38.07032861866519,42.160065514922394,4.089736896257207,31.699916194425512,35.79056600632653,4.090649811901017
2018-12-07,40.155023506727694,1,42.922914691811286,47.81726173754852,4.894347045737234,42.96024454562066,60.31570129512655,17.35545674950589,37.330752476143,21.624021863709267,-15.70673061243373,47.70753499747273,34.88351791785359,-12.82401707961914,38.19486631278173,41.491694918750355,3.296828605968628,31.81382801653676,34.797943307377864,2.9841152908411033
2018-12-14,39.997106278241574,1,43.30592675455456,45.78644315920076,2.4805164046461954,42.70727162131035,61.58754151768171,18.88026989637136,37.27502901233215,21.354200477746865,-15.920828534585283,47.55574820159207,34.5353518195309,-13.020396382061165,37.774697938805154,42.19102107014006,4.416323131334906,31.363964140855146,34.52807962514919,3.1641154842940438
2018-12-21,39.99346913895606,1,43.03423271969754,45.60089181477073,2.5666590950731916,42.97805341079765,60.29169921701445,17.313645806216797,37.54037479984287,22.600162561368755,-14.940212238474118,47.22938176156837,34.34752328066758,-12.881858480900789,37.400519037316634,41.06024579681368,3.6597267594970475,31.778253104513283,36.060292163101096,4.282039058587813
2018-12-28,39.78885946914909,1,42.54410353018159,45.76846113235405,3.2243576021724607,42.55592757155978,61.71177997912265,19.155852407562875,37.11420984940691,21.579673497604638,-15.534536351802274,47.68204708689282,33.26850276293783,-14.413544323954994,36.95677861113441,41.56200847308523,4.605229861950818,31.88009016571904,34.84273096979011,2.9626408040710714
2019-01-04,39.85496409911597,1,42.320758549541154,46.005257548080394,3.6844989985392402,42.76661926754572,61.56231001888031,18.79569075133459,37.13299060193755,21.58084214109313,-15.552148460844421,47.926741552819976,34.074536757739395,-13.852204795080581,36.93243804121042,41.35249290655037,4.420054865339949,32.050236581641,34.5543452223522,2.5041086407111948
2019-01-11,39.563384467115185,1,41.79744960338467,45.487214923605954,3.6897653202212837,42.7771151304129,62.862917539704206,20.085802409291304,36.82255001231105,20.454864375939742,-16.367685636371306,47.56498850492168,31.741080168559243,-15.823908336362436,36.70412716204331,42.23940139261147,5.535274230568163,31.714076389617503,34.594828402270494,2.880752012652991
2019-01-18,39.37072866540191,1,41.71130008519318,44.46211798342109,2.7508178982279077,42.17869641579079,63.0732303441553,20.89453392836451,36.72949553417319,20.275719417067343,-16.453776117105846,47.454894249148865,31.333781243846985,-16.12111300530188,36.851473313089144,43.162402147763515,6.310928834674371,31.298512395016346,33.91712085615724,2.6186084611408944
2019-01-25,39.31168163188517,1,41.72316431210877,44.3715068768546,2.648342564745832,42.29811941572044,63.122642425990115,20.824523010269672,36.62335307268614,20.182596632838354,-16.44075643984779,47.23391181688513,31.15940695795043,-16.074504858934702,37.1616291606049,42.9494399545805,5.787810793975595,30.82991201330563,34.08449694309704,3.254584929791406
2019-02-01,39.16311745726255,1,41.42400161078054,43.66986912686969,2.245867516089149,42.09908274543482,63.15916303360179,21.060080288166972,36.203024076178096,19.987376980414425,-16.21564709576367,47.16803212454654,30.558892810159534,-16.609139314387008,37.47969460288092,44.67530743435159,7.195612831470669,30.604869583754365,32.928095358178254,2.3232257744238893
2019-02-15,39.13265900388798,1,41.28998343971561,44.237248239164344,2.9472647994487318,42.20226486883888,63.16095785660575,20.958692987766867,36.300262504624605,20.001524218886168,-16.298738285738438,47.10617879510368,30.534389812569266,-16.571788982534414,37.52739328227454,44.75128182053654,7.223888538262003,30.369871132770555,32.110552075565806,1.740680942795251
2019-02-22,39.284488200297126,1,41.22817775648559,44.41546931685865,3.1872915603730547,42.15229690702255,62.56513860266474,20.412841695642186,36.67176313854311,20.876553716750948,-15.795209421792165,46.975148313737165,29.914890869190614,-17.06025744454655,38.15078340094116,44.80040272098393,6.649619320042774,30.52875968505316,33.134473975333876,2.6057142902807158
2019-03-01,39.2672723694322,1,40.845347349868995,44.237464252164536,3.392116902295541,42.26054909702107,62.021104775599966,19.760555678578896,36.19792175146319,19.228985287778706,-16.968936463684486,47.30926790384638,29.120943071007368,-18.188324832839015,38.58812400020194,47.45384641878152,8.86572241857958,30.402424114191632,33.5412904112611,3.1388662970694696
2019-03-08,38.232354290088836,1,39.64186857555704,42.90630617175344,3.2644375961964016,41.57814199994115,60.88082117726189,19.30267917732074,34.94220634601389,16.931192323170862,-18.011014022843028,46.651890562796034,26.20847731426212,-20.443413248533915,36.38441430710091,47.78443516717965,11.40002086007874,30.195603949123992,34.68289358690505,4.4872896377810605
2019-03-15,38.3176147219418,1,39.50991934698203,42.49276875664144,2.9828494096594085,41.39256391185855,61.012020070741876,19.619456158883324,35.89045836401064,17.248001181786478,-18.642457182224163,46.85814151875758,26.36177875806905,-20.496362760688527,36.34858909146794,47.98388206556653,11.63529297409859,29.906016098574057,34.807237498845424,4.901221400271368
2019-03-22,37.89046282438391,1,39.35401782316174,41.018869145997,1.6648513228352613,40.78697718120563,60.6061961742287,19.81921899302307,35.22702236137292,17.139811033874665,-18.087211327498252,46.33260940105655,25.582921884052645,-20.749687517003906,36.2145163325686,47.96935082222745,11.754834489658847,29.427633846938008,35.025627885923015,5.597994038985007
2019-03-29,39.0447509280927,1,40.6863077020167,42.94456048134605,2.2582527793293536,42.555961072370636,59.469267214667255,16.91330614229662,35.76336024205513,16.848681205503027,-18.9146790365521,46.552292196389025,27.624325317310088,-18.927966879078937,37.28209883480651,47.342620458466946,10.060521623660435,31.4284855209182,40.03905089126286,8.61056537034466
2019-04-05,39.269476589228155,1,40.67303197460047,45.010886289154534,4.337854314554065,42.765971969769545,60.25449563665516,17.488523666885612,36.337342073805495,16.937768031475038,-19.399574042330457,46.25432537079062,24.586043177816116,-21.6682821929745,37.62913391242706,48.42007711252936,10.790943200102305,31.95705423397574,40.40758928773873,8.45053505376299
2019-04-12,39.20263093087885,1,40.484413855636014,44.65272968427522,4.168315828639209,42.13442390039154,59.878466891579905,17.744042991188365,36.412474301799534,16.69123718070226,-19.721237121097275,46.8187026663942,24.31697655603172,-22.501726110362483,38.135610584434154,49.08912063981452,10.953510055380363,31.23016027661764,40.587254632869474,9.357094356251835
2019-04-19,39.329954145285264,1,39.49787928970069,44.30470729446654,4.806828004765848,41.83852987417452,59.594206292010334,17.755676417835815,36.60272374233071,16.99085469644632,-19.61186904588439,47.635103874450024,26.050424196748878,-21.584679677701146,38.33081198196731,48.55582673802254,10.22501475605523,32.07467610908833,40.48370565401699,8.409029544928657
2019-04-26,39.41590121212286,1,39.11519543269813,42.326788109701,3.2115926770028693,42.170585167519626,58.92024217311596,16.749657005596333,37.01943461870004,17.620953274331406,-19.398481344368633,47.555952881084984,26.684004722353443,-20.87194815873154,38.397641247937585,50.039339455712195,11.64169820777461,32.23659792479678,40.904079537523145,8.667481612726363
2019-05-03,39.56150938117523,1,38.80841512204185,40.32605417221568,1.5176390501738268,42.40214816699639,59.46336826047975,17.061220093483357,36.821261520812016,17.37512674918709,-19.446134771624926,47.99753344378231,27.277581172349024,-20.719952271433286,38.697263794878566,51.91071746158468,13.213453666706116,32.64243423854019,41.016208471235075,8.373774232694885
2019-05-10,39.918377053038604,1,39.42041264590205,42.78607250571335,3.365659859811302,42.534095196690096,60.75017471668742,18.216079519997322,36.93884103601175,17.90806194361862,-19.030779092393132,48.17164219906065,27.280500759525417,-20.891141439535232,38.96050249422242,51.218972953899176,12.258470459676758,33.4847687463447,39.56647943878765,6.081710692442954
2019-05-17,40.25056936233736,1,39.839059653818346,44.458880064683036,4.6198204108646905,42.93438506820452,61.815649327974654,18.881264259770134,37.30129888240133,17.962741603130006,-19.338557279271328,48.42475698457651,26.440894389951346,-21.983862594625165,39.348297197840395,51.71990356418554,12.371606366345148,33.655618387183026,39.10534722409956,5.449728836916535
2019-05-24,39.92441557025746,1,39.28015978219294,41.63500682452202,2.3548470423290837,42.779638576907075,61.28732001964768,18.507681442740605,37.22958148272107,17.82326129101608,-19.406320191704992,47.59314617790606,26.929121672818702,-20.664024505087355,39.34772277435642,52.31023665956169,12.962513885205269,33.3162446274612,39.56154695397858,6.2453023265173755
2019-05-31,39.77863873104173,1,39.06458215946138,41.91576265628275,2.851180496821371,42.645054070226266,59.50792125717834,16.862867186952073,37.4116315677801,19.193118302067383,-18.218513265712716,47.3683543641919,27.08007793834649,-20.28827642584541,39.074698464940624,51.993855318359905,12.919156853419281,33.10751175965015,38.981096914015524,5.873585154365372
2019-06-14,40.24304763791585,1,39.554816635883576,42.072904700018164,2.518088064134588,43.67363439086995,57.36616722391739,13.692532833047437,37.854191400669336,19.556701686050047,-18.29748971461929,47.80514359355152,27.86037396399307,-19.94476962955845,39.33213931925104,54.713890978526535,15.381751659275494,33.23836048726969,39.88824727498991,6.64988678772022
2019-06-21,40.425594163714436,1,40.010426582136226,41.69180563580459,1.6813790536683655,43.32216349457324,59.52427039629266,16.202106901719418,37.960058706501954,19.401856773316325,-18.55820193318563,47.63850940314235,29.310686475089668,-18.327822928052683,40.40766547239601,53.32123093386826,12.913565461472245,33.21474132353683,39.30371476791514,6.088973444378311
2019-06-28,41.035532935178416,1,40.54582357787564,43.22570257646146,2.6798789985858207,43.70699583998976,59.63125455859333,15.924258718603568,38.22668818153571,21.394949113778168,-16.83173906775754,48.38907832076016,30.24169789077365,-18.147380429986512,41.92231649806551,53.016542270862715,11.094225772797202,33.42229519284369,38.703051200601124,5.280756007757432
2019-07-05,41.18498516289006,1,40.692110722831806,43.14848744362107,2.4563767207892653,43.692724882085365,60.141074845026544,16.44834996294118,38.68366569652345,21.938038820917313,-16.745626875606135,48.8520649952588,30.920167900153047,-17.931897095105754,41.72658302390562,52.32599789042003,10.599414866514408,33.46276165673534,38.63614407720236,5.173382420467021
2019-07-12,41.80414489478793,1,40.8934838215015,43.720221744070976,2.826737922569478,44.65279695222989,61.90264335635919,17.2498464041293,39.06644124575199,22.08869909206628,-16.97774215368571,49.40406250674399,31.163608827411146,-18.240453679332845,42.70593883547976,53.32597216744231,10.620033331962546,34.10214600702045,38.62372418137767,4.5215781743572165
2019-07-19,41.02605846020477,1,39.73886384559353,42.42603886086188,2.687175015268352,44.64320010993276,56.666547702963705,12.023347593030948,38.68466242606432,23.769812630133757,-14.914849795930564,48.47425705410287,30.3367464454789,-18.13751060862397,41.25368002087575,55.617483076241555,14.363803055365807,33.3616873046594,37.339722045548825,3.978034740889427
2019-07-26,41.12554744992076,1,39.18342145774463,41.308091646675734,2.1246701889311055,45.367817213629316,56.299550518980716,10.9317333053514,40.613637921400525,25.51381062421396,-15.099827297186565,48.21202628387085,30.48768292140067,-17.72434336247018,40.9028472380189,55.75596343050329,14.853116192484393,32.47353458486033,37.38818555775018,4.914650972889845
2019-08-02,37.40921107371316,1,35.26187719412022,36.335664000297314,1.0737868061770968,41.037486836934036,52.97260586132437,11.935119024390332,36.32022147672446,25.293675483744558,-11.026545992979905,44.83834215517528,27.42545989046907,-17.412882264706212,37.69446257860738,51.23875861239676,13.54429603378938,29.30287620071762,31.1891025940469,1.8862263933292809
2019-08-09,38.53554104928841,1,36.98374610929966,37.41543259332008,0.43168648402041754,41.464587536622346,56.016966347735206,14.55237881111286,37.817273448274115,25.9682543400615,-11.849019108212616,45.26088306825864,28.511628869035142,-16.7492541992235,38.60890536649125,51.93574866821947,13.326843301728218,31.077850766784437,31.365215477359087,0.28736471057464996
2019-08-16,38.67999043680231,1,36.88438898184662,37.52395390515466,0.6395649233080434,41.5626488258809,56.024822485742746,14.462173659861847,38.93564665446713,26.81761097215952,-12.118035682307607,45.23077597991026,28.583930759612457,-16.646845220297806,38.62237176892446,51.84226538198754,13.219893613063078,30.844110409784506,31.287359116156964,0.44324870637245795
2019-08-23,39.31583807209623,1,37.49101018043387,37.93972385721266,0.4487136767787945,42.68653452725647,58.000253792875114,15.313719265618644,38.88917260741414,26.93881115125272,-11.950361456161417,45.218041381313476,29.524844282221032,-15.693197099092444,39.4746381972506,50.99406425340791,11.519426056157315,32.13563153890878,32.49733109560792,0.36169955669913634
2019-08-30,39.220266367404285,1,36.60926627771595,38.25959842631425,1.6503321485982951,43.26910334491796,56.208857790000344,12.939754445082386,38.459864215535625,27.00302011362451,-11.456844101911116,45.019936347829095,29.24329433968297,-15.776642008146126,39.216252777856525,51.465028155924315,12.24877537806779,32.74717524057054,33.14179937887933,0.3946241383087852
2019-09-06,39.07884270059992,1,36.624417814585996,38.16997408293592,1.5455562683499267,43.3263144477944,55.11963021000058,11.793315762206177,38.448122625677456,27.07407913811494,-11.374043487562517,44.7514443311268,28.679617705693225,-16.071826625433573,39.383092559384764,51.04903645019314,11.665943890808379,31.939664425030102,34.380718616661696,2.4410541916315935
2019-09-13,37.004723956339994,1,34.91386376460103,32.822321919974414,-2.0915418446266187,41.252950980246595,51.093181447499205,9.84023046725261,36.678479724594624,26.796550863859196,-9.881928860735428,42.34409522874344,25.944356949580197,-16.399738279163245,37.19783724951712,50.43265538806057,13.234818138543446,29.64111679033715,34.9392771690664,5.29816037872925
2019-09-20,37.4535960470749,1,35.20525388268024,35.62976089971632,0.4245070170360776,41.98631035193776,51.84655095673706,9.860240604799301,37.038476088806895,27.0085069589553,-10.029969129851594,42.5220436159503,26.261559935517703,-16.2604836804326,36.94712789676168,50.236702371870045,13.289574475108367,31.022364446312494,33.73849515965291,2.7161307133404193
2019-09-27,37.66416187659883,1,34.751198343624836,35.361097982207326,0.6098996385824904,42.246583432689306,52.100059885753126,9.85347645306382,37.286648647432116,27.242253343103314,-10.044395304328802,42.82039214778451,26.448778792108335,-16.371613355676175,37.77599376866663,50.6400370161007,12.864043247434068,31.10415491939561,34.19274424032021,3.088589320924598
2019-10-04,37.34667803000765,1,34.09243141152129,34.59095038892927,0.4985189774079828,42.20075411333444,49.93319392303533,7.732439809700892,37.140613503567145,26.843194569823076,-10.29741893374407,42.39221178797885,25.623048130179427,-16.769163657799425,36.48664560342861,52.21750234293951,15.730856739510898,31.767411760215595,34.87217882513933,3.1047670649237347
2019-10-11,37.65625814804125,1,34.5009119663938,34.116831629391314,-0.3840803370024872,42.672620264800095,49.461970464918956,6.789350200118861,38.0918639319988,26.728776578931644,-11.363087353067158,42.505947041434524,26.18254212817976,-16.323404913254763,36.99459648600983,52.34866372791452,15.354067241904687,31.171609197610465,37.09876435891135,5.927155161300888
2019-10-18,38.07712333702267,1,34.8847022548436,33.25091012784591,-1.6337921269976903,43.025193737013666,49.38695385311931,6.361760116105643,38.59169826899228,27.093540804077755,-11.498157464914527,42.96610259819321,26.689917578582985,-16.276185019610224,37.48033606047662,52.9794879610658,15.499151900589183,31.51470710261664,39.061929697444285,7.547222594827645
2019-10-25,37.70405217452762,1,33.78729800194448,33.360687499574894,-0.4266105023695843,43.00165900498337,48.092473261277505,5.090814256294138,38.43090785828524,26.561069987383988,-11.86983787090125,42.463258069715536,26.75440728487021,-15.708850784845325,36.58879151439864,52.62941596961391,16.040624455215266,31.95239859783844,38.826259044445194,6.873860446606756
2019-11-01,37.599403759250045,1,33.88124895744926,33.36538420354563,-0.5158647539036281,42.810651350122505,47.79593299556064,4.9852816454381355,38.65718853305394,26.440730576639154,-12.216457956414786,42.31589163870554,26.658524347030337,-15.6573672916752,36.47161899129032,52.49059714756863,16.01897815627831,31.45982308487875,38.84525328515589,7.385430200277142
2019-11-08,37.645957361239844,1,33.69275856398018,33.27288023069255,-0.41987833328762747,42.95514309425283,47.728273899145165,4.773130804892332,38.71784545267543,26.65747262947132,-12.060372823204105,42.470648780044385,26.86174324148999,-15.608905538554396,36.56884487205156,52.77459500860283,16.205750136551273,31.470503404434695,38.580779158037245,7.110275753602551
2019-11-15,37.25205418164462,1,33.41053604553136,32.52015506080939,-0.8903809847219719,42.536757149338165,47.675807376785905,5.13905022744774,38.329149840258815,26.701427317074426,-11.627722523184389,41.93913395820087,26.830472972385905,-15.108660985814964,36.22174159484341,51.03228768788043,14.810546093037019,31.075006501695114,38.75217467493168,7.677168173236566
2019-11-22,36.76971385150276,1,32.65354210045621,31.523043060635644,-1.1304990398205632,42.21313532329421,47.54332652192129,5.330191198627077,37.69405106191115,26.327855034994272,-11.366196026916882,41.67963230719377,27.2008195746794,-14.47881273251437,35.94711380706235,49.82860316664626,13.88148935958391,30.430808509098867,38.19463575013968,7.763827241040815
2019-11-29,36.81805274048984,1,32.92449136689636,31.89035831984664,-1.0341330470497212,41.861815171956195,48.36916579350043,6.507350621544234,37.64669075250199,26.195709218949567,-11.450981533552422,41.928595354279565,26.65013440722531,-15.278460947054256,35.543040176454255,51.45911663970874,15.916076463254484,31.003683620850637,36.34383206370829,5.340148442857654
2019-12-06,37.23090241183315,1,32.94326066556681,31.383103711241475,-1.5601569543253362,43.599023528065594,50.43114978471687,6.832126256651279,37.48814353763649,26.293640454691058,-11.194503082945431,42.51898065663122,27.160752009462463,-15.358228647168758,35.62210578706873,51.49048852867864,15.868382741609906,31.213900296030047,36.626279982208374,5.412379686178326
2019-12-13,36.39510800022099,1,32.8317320299266,32.099013157041284,-0.7327188728853145,43.541507693317286,47.712662834534626,4.171155141217341,36.1753511767115,26.1940703985737,-9.981280778137801,41.302388878229095,25.712240825878368,-15.590148052350727,33.85413265265309,50.43791318636727,16.583780533714176,30.665535570488387,36.2147475989307,5.549212028442312
2019-12-20,35.558682958628964,1,33.020723580880684,30.982844969980164,-2.0378786109005205,42.34852738833068,47.58850794553591,5.239980557205229,35.1446036017922,25.928887684758934,-9.215715917033265,39.64360376888181,22.96604878530092,-16.67755498358089,33.071352862442424,50.39813766349849,17.326784801056064,30.123286549446007,35.48767070269945,5.3643841532534395
2019-12-27,36.217696143032036,1,33.57721509170071,34.505826083539304,0.9286109918385961,43.62447922783114,44.812913672431286,1.1884344446001478,35.869548894333235,24.928577037306667,-10.940971857026568,39.5417500952566,26.01453851026264,-13.527211584993964,33.904344619103824,49.2493870723611,15.345042453257278,30.788838929966673,37.7949344822912,7.006095552324524
2020-01-03,34.963437466731705,1,32.28979067434891,33.658966936070826,1.3691762617219183,41.833520565726296,43.593869695403534,1.7603491296772376,34.0841723282104,23.583138959080003,-10.501033369130397,38.520116488476894,24.853547061943722,-13.666569426533172,33.0219051657799,47.691616884908,14.669711719128102,30.031119577847846,36.39948526298414,6.368365685136297
2020-01-10,34.564880362758146,1,31.202440214821422,32.82817593485423,1.6257357200328073,41.32040981614973,43.03946938967592,1.719059573526195,33.88155872567053,22.909352810457804,-10.972205915212726,37.735511700095664,24.82156825017777,-12.913943449917895,32.89760607557372,47.44989323012834,14.55228715455462,30.351755644237812,36.340822561254825,5.989066917017013
2020-01-17,34.540355161888435,1,31.367557778987432,32.79616180146205,1.428604022474616,40.97704747931595,42.41759543374581,1.44054795442986,34.37962219417099,23.479580598653257,-10.900041595517735,37.431668457269744,24.713607175662794,-12.71806128160695,32.386387008935,47.27280942060092,14.886422411665919,30.699848052651504,36.56237654120575,5.862528488554247
2020-01-24,34.63453709065866,1,31.359444696749236,32.561020746352256,1.2015760496030197,40.79453747774732,42.45807161490777,1.663534137160454,34.93756028666408,23.479449456150533,-11.458110830513547,37.53453278395758,25.405344129874543,-12.129188654083038,32.533955455791826,47.43525992959509,14.901304473803265,30.647191843041924,36.4680766670718,5.820884824029875
2020-01-31,34.11779676915375,1,31.692270936101863,32.876915976054235,1.1846450399523718,40.14061563320024,41.71339031091871,1.5727746777184706,33.6973694031805,25.0014501893847,-8.695919213795804,36.34088381711697,20.95337127043799,-15.387512546678977,31.04210016112546,47.37441275456422,16.332312593438758,31.793540664197465,36.78724011356262,4.9936994493651525
2020-02-07,34.71072258608047,1,31.36640511137594,33.23008715695275,1.8636820455768088,40.527877597829786,42.214817189182625,1.6869395913528393,33.94991620308805,25.946384698283353,-8.003531504804698,37.07333673268045,21.552203487346965,-15.521133245333488,31.534019065696825,48.02162763005427,16.487608564357444,33.812780805811755,37.29921535466286,3.4864345488511077
2020-02-14,34.4454098761949,1,31.54374636563267,33.54261385441619,1.9988674887835174,40.37995851789762,41.955146647905195,1.5751881300075752,33.84701473236872,25.312155312313863,-8.534859420054858,36.76662355177867,20.277432502617735,-16.489191049160937,31.010864378455423,48.20095648554617,17.19009210709075,33.12425171103631,37.38415445437026,4.259902743333953
2020-02-21,34.20496347182246,1,31.494720312228466,33.788218604069954,2.2934982918414875,40.30499699233657,41.973019682405535,1.668022690068966,33.91420691011501,25.538848259991525,-8.375358650123488,36.4984872743292,19.93462274850419,-16.56386452582501,30.333019845426108,47.11346597938767,16.78044613396156,32.68434949649942,36.88160555657586,4.197256060076441
2020-02-28,37.21092769014796,1,34.76121381602134,38.42917368698966,3.6679598709683177,42.540211632970426,41.54424797553163,-0.9959636574387929,37.06623388754014,28.236052974892438,-8.830180912647705,40.12474113843783,21.753227403439922,-18.371513734997905,32.72527150715362,57.03932585926401,24.31405435211039,36.04789415876441,36.2635382407701,0.21564408200569574
2020-03-06,37.076089934462594,1,35.4758387359865,38.35910168582595,2.883262949839448,42.98576202906719,41.91716464571189,-1.0685973833552964,36.95226024916021,28.28070448806212,-8.671555761098091,39.786784149879196,21.588873359750437,-18.19791079012876,33.451735806654725,56.952814097735384,23.50107829108066,33.804158636027765,35.357881329689775,1.55372269366201
2020-03-13,46.87693280187535,1,43.75147035791373,50.28628460166773,6.534814243753999,51.26749857228522,49.17231704232283,-2.095181529962389,47.85686110510698,35.400013788081345,-12.456847317025634,50.86751793179527,30.528584600514698,-20.338933331280572,41.66231788212493,76.97119138991567,35.30887350779074,45.85593096202596,38.90320538874982,-6.95272557327614
2020-03-20,48.79478640225139,1,47.99656617557191,51.97910971594735,3.9825435403754454,53.23972785668601,52.44844005397484,-0.7912878027111674,51.37983366954292,38.921201862559954,-12.458631806982964,54.78159594252996,30.023358792335245,-24.758237150194716,42.57138377957818,82.34258567719922,39.77120189762105,42.799610989599344,37.05402231149168,-5.745588678107666
2020-03-27,51.51526834816806,1,50.66861233545097,57.355755701438596,6.687143365987623,55.07458254875148,55.79579909080742,0.7212165420559415,55.267185042943176,41.76888752896539,-13.49829751397779,58.88209882520676,32.299468786600634,-26.582630038606126,44.36862650241682,85.61992204028545,41.25129553786863,44.83050483423915,36.25177694091083,-8.57872789332832
2020-04-03,51.82747016855175,1,50.88134547450483,57.4830093843054,6.601663909800564,54.47284670176337,56.75020073604429,2.2773540342809184,55.760479986667306,41.817838978502564,-13.942641008164742,58.73753034582989,33.58863104940182,-25.14889929642807,45.20716975528337,85.17079171335152,39.96362195806815,45.905448747261765,36.15434914970492,-9.751099597556845
2020-04-10,52.51901274438601,1,51.609897823955784,59.63174052978487,8.021842705829087,55.219305281709694,55.35705099695049,0.13774571524079704,56.368497409865654,42.68159976565599,-13.686897644209665,59.97279050290878,33.1586715280456,-26.814118974863177,45.88956461786555,88.01555364780779,42.12598902994224,46.054020830010565,36.26945999807128,-9.784560831939288
2020-04-17,53.234936535097084,1,52.89434244327991,60.980178441722884,8.085835998442974,56.036463646765014,56.067172464138565,0.0307088173735508,57.22734315531137,43.763117117897174,-13.464226037414193,60.59645127460151,33.70116526613047,-26.895286008471047,46.53926270312708,88.66313364365776,42.12387094053068,46.11575598749762,36.23485227703567,-9.88090371046195
2020-04-24,53.58766018119581,1,52.973373094780726,61.55345584824707,8.580082753466343,56.51308183871732,56.58815584728797,0.0750740085706525,57.48877513585219,44.00899352933721,-13.479781606514976,61.08697911438912,33.831310242233016,-27.255668872156107,46.63566220542448,89.23766713991579,42.602004934491305,46.828089698011034,36.30637848015379,-10.521711217857245
2020-05-01,53.48869179365358,1,53.084817745873956,61.38823340131193,8.303415655437973,56.65503117331503,56.07675986963586,-0.5782713036791733,57.72431073178865,43.54913608387831,-14.175174647910339,61.21820302660523,34.13966090901125,-27.078542117593983,46.39999768201306,89.83872079511804,43.43872311310498,45.84979040232552,35.939639702966026,-9.910150699359491
2020-05-08,53.42688260705831,1,52.79239563914324,61.89731699145831,9.104921352315074,56.40356967261688,56.10704826406358,-0.29652140855330344,57.537566165939204,43.615637266098,-13.921928899841205,61.13938263482436,33.8662021967388,-27.27318043808556,46.274511575789504,90.57146697586053,44.29695540007103,46.41386995403667,34.50362394813061,-11.91024600590606
2020-05-15,53.44085502239818,1,53.317139256567096,61.782310331651026,8.46517107508393,56.40800615861674,56.31784833678623,-0.09015782183051613,57.31817356221067,44.06786484001341,-13.25030872219726,61.11247810737982,33.574669187427126,-27.537808919952695,46.244444835634496,90.47369050444104,44.22924566880654,46.24488821398026,34.42874693407029,-11.81614127990997
2020-05-22,53.2359361888964,1,52.382583839355746,64.95640043659067,12.573816597234924,56.26221027917007,56.650776359011864,0.3885660798417945,57.11799324114186,41.24845913790048,-15.869534103241378,61.1193235709573,33.002596956708636,-28.116726614248662,46.38975170778434,89.75489363708857,43.36514192930423,46.1437544949691,33.80249060607824,-12.341263888890865
2020-05-29,53.14818054888943,1,52.336831637274855,65.06110837561646,12.724276738341601,56.06264670571961,57.55322188779076,1.4905751820711544,57.21771482395534,40.56951773918963,-16.648197084765712,61.046299311000475,32.06026692736523,-28.986032383635248,46.40512054505832,90.84541636409506,44.44029581903674,45.820470270327974,32.79955199927943,-13.020918271048544
2020-06-05,53.77257989641529,1,53.27380760628356,65.97131587504876,12.697508268765198,57.36222786290974,57.75811976057897,0.3958918976692303,58.13974043135377,43.23185850393263,-14.907881927421144,62.43859575173115,33.00351894574984,-29.43507680598131,47.294646765593676,92.5821593472221,45.28751258162843,44.12646096061978,30.088506945959367,-14.037954014660414
2020-06-12,55.4214296466461,1,54.871699953065026,67.72882284587334,12.857122892808313,58.57264567661259,60.40899192826496,1.8363462516523725,58.641447000376836,43.72740425581265,-14.914042744564185,63.628311994252755,35.467689356897154,-28.1606226373556,48.52446425556951,95.44407087750965,46.91960662194013,48.290008999999856,29.751598615518844,-18.53841038448101
2020-06-19,54.999955739424415,1,54.45811326592188,66.83092158126225,12.372808315340365,58.75990370982474,58.98836509331798,0.22846138349324008,57.629823572331475,44.46768279056137,-13.162140781770105,63.447982411171644,35.962447752836916,-27.48553465833473,48.254071273870395,93.7673365098311,45.5132652359607,47.449840203426334,29.98298070873686,-17.466859494689473
2020-06-26,54.82747934028445,1,54.10538924821449,65.88166907421382,11.776279825999325,58.598304488191765,60.648336114725616,2.050031626533851,57.47435359102016,45.02643524888795,-12.447918342132212,63.606096924079694,35.011052472922614,-28.59504445115708,48.09819785249437,92.64869017513482,44.550492322640444,47.082533937706216,29.74869295582188,-17.333840981884336
2020-07-03,55.320934263680364,1,54.636800495385444,63.906232566221036,9.269432070835592,59.038851668344755,60.31657376559232,1.2777220972475618,58.109502688282824,45.31665553103297,-12.792847157249852,63.9194821764422,35.356421308811065,-28.563060867631137,47.96615126609331,95.43083075761848,47.46467949152517,48.25481728753363,31.598891652806323,-16.65592563472731
2020-07-10,55.244821295866835,1,54.60625870417749,64.4901879846393,9.883929280461814,59.14482452053189,59.53559071838027,0.39076619784837874,58.24332281565209,45.66192672309472,-12.58139609255737,63.626262882192336,35.34646355006389,-28.279799332128448,48.1451705830358,94.54796075554083,46.40279017250503,47.703088269611385,31.88679804348199,-15.816290226129397
2020-07-17,54.89715148874793,1,53.917294493809216,65.20916232152925,11.291867827720033,58.91593888344208,57.63257217541049,-1.2833667080315934,58.072317780925886,45.06872587571135,-13.003591905214535,63.39493863980207,35.490862364743556,-27.904076275058515,47.9317812292073,94.08351944645679,46.15173821724949,47.15063790530096,31.89806674863609,-15.252571156664871
2020-07-24,55.07153699800184,1,54.0849499180185,64.40486418474612,10.319914266727615,58.86278211994658,58.94545764791844,0.08267552797185829,58.24046118172232,44.94688712427776,-13.293574057444559,63.48941440068762,35.71298782257881,-27.77642657810881,48.12295412253632,94.71120089932043,46.58824677678411,47.62866024509967,31.707824309169453,-15.920835935930214
2020-07-31,54.91323286588726,1,53.042578975683334,64.61879295566001,11.576213979976679,58.61621199113551,60.07382102550722,1.457609034371714,58.02146827405718,44.74329426205738,-13.278174011999795,63.422025712049056,34.8958628935326,-28.526162818516454,48.813350045014325,93.21717774449482,44.403827699480495,47.56376219738417,31.930448314071533,-15.633313883312638
2020-08-07,55.5096405731427,1,54.24788586449271,63.124850787264215,8.876964922771506,58.971635804921206,61.00661906928137,2.0349832643601644,58.46881987696294,44.712472769959874,-13.756347107003066,63.71532810333815,36.624432657123634,-27.090895446214518,49.514035093105015,94.14572819766408,44.63169310455907,48.140138696036146,33.443739957563,-14.69639873847315
2020-08-14,55.36668998618442,1,53.94145933450362,63.14996278590321,9.208503451399594,58.99182572864912,60.23732683184298,1.2455011031938596,58.54972564618831,44.0846756605754,-14.465049985612907,64.10436800378652,35.8197693815474,-28.284598622239116,48.98252363956536,95.67084454931992,46.688320909754566,47.63023756441361,33.237560707917645,-14.392676856495967
2020-08-21,55.141570052693545,1,53.45368862722139,63.3435948713685,9.889906244147113,58.93902246617333,59.54439093931818,0.6053684731448499,58.492876300147906,43.9169694464919,-14.575906853656008,64.08093235929113,35.12441482335406,-28.956517535937067,48.84275107291023,95.70945227780781,46.86670120489758,47.04014949041729,33.21059795782081,-13.829551532596483
2020-08-28,55.042866067630065,1,53.493386340200175,63.25107059042358,9.757684250223406,58.448190802097834,59.42964141555802,0.9814506134601828,58.323652287557536,43.02841279731315,-15.295239490244384,64.03994741636964,35.21105733911963,-28.828890077250016,48.91780557684911,96.34304527067124,47.42523969382213,47.03421398270608,32.99396899269483,-14.040244990011246
2020-09-04,55.82751907195879,1,54.04048492711786,64.53553997770474,10.495055050586885,58.79960994953973,64.20935404691937,5.409744097379644,59.00732630558122,42.183235987113626,-16.824090318467597,64.5495721576895,34.63329402167375,-29.916278136015748,51.23978167419742,96.71977137893992,45.47998970474251,47.328339417626985,32.68391901940124,-14.644420398225748
2020-09-11,55.80960590768415,1,54.82730444973089,61.468643791668796,6.641339341937908,59.33668279719092,62.06650616430048,2.72982336710956,59.128961186512,44.18058012734862,-14.948381059163381,64.53486893741679,34.046729442898325,-30.488139494518464,49.78293372022204,102.13776033586618,52.354826615644136,47.24688435503223,30.957415584022478,-16.28946877100975
2020-09-18,55.524146344495456,1,55.80793734740057,55.54248379696108,-0.2654535504394886,59.400587601259836,59.01563535040935,-0.384952250850489,58.79440437583909,47.65349487059646,-11.140909505242632,63.58590648320118,35.87693638327364,-27.70897009992754,49.1258144584292,103.40050493750255,54.27469047907335,46.43022780084289,31.655822728229673,-14.77440507261322
2020-09-25,55.106052125899275,1,54.56342613460371,57.74253686656525,3.1791107319615435,59.10711691091741,60.158207915103716,1.0510910041863042,58.95117174367066,42.97657854746435,-15.974593196206314,63.56924459663413,35.621884336641706,-27.947360259992422,48.429122644708464,104.54645457039553,56.11733192568706,46.01623072486124,29.590650519225086,-16.42558020563615
2020-10-02,54.87083102546173,1,54.493281644931265,56.2682820832813,1.775000438350034,58.976566961583124,59.6613861863623,0.6848192247791758,58.562189342003244,43.30540355394286,-15.256785788060384,63.010434804349444,35.805702386756394,-27.20473241759305,48.395769875418225,104.05088694413924,55.65511706872101,45.786743524485075,30.133324998288245,-15.65341852619683
2020-10-09,54.779785635226524,1,54.324312750715315,57.71374746329152,3.389434712576204,58.81481165876553,59.531739917734434,0.7169282589689061,58.51545156545835,44.12693024758306,-14.388521317875288,62.97606486521221,35.136981057567226,-27.839083807644982,48.28202473097664,103.41177029361938,55.129745562642746,45.76604824023116,28.757544831563578,-17.00850340866758
2020-10-16,54.61303056167073,1,54.24979668578357,57.795148495636006,3.545351809852434,59.15355132862442,59.731716885134986,0.5781655565105694,57.957830450227554,44.27019425205605,-13.687636198171504,62.77911702810869,35.67052111666222,-27.10859591144647,47.86649192403456,100.93263762841073,53.06614570437617,45.67139595324555,29.27796499212441,-16.39343096112114
2020-10-23,54.46100039551325,1,54.00392919326283,58.19589636843853,4.191967175175705,59.10155691568472,60.40209573241122,1.300538816726501,57.56245594310472,42.64391714182035,-14.91853880128437,62.39341338945706,35.714691043336465,-26.678722346120594,48.19903165105343,100.33784461635625,52.13881296530282,45.50561528051675,29.47155747071666,-16.03405780980009
2020-10-30,54.085015594836285,1,52.15797542881459,54.283129206719956,2.1251537779053677,58.97994788713507,60.56193026137423,1.5819823742391605,57.304902656118784,44.14134823679274,-13.163554419326047,62.42622978797936,35.838843150928234,-26.587386637051125,48.06915761274969,99.99990167495116,51.93074406220147,45.57188019622024,29.684941038251402,-15.88693915796884
2020-11-06,55.359311746478106,1,55.84354213135453,48.723833465231685,-7.119708666122847,59.68303435841814,64.37204593948131,4.68901158106317,58.634367849824315,48.432948498795994,-10.20141935102832,62.99851453195913,40.75794323247777,-22.24057129948136,50.02847466859163,101.27535501767646,51.24688034908483,44.96793693872087,28.593744325205392,-16.374192613515476
2020-11-13,55.523233953813026,1,55.974249889540296,48.07249295761729,-7.901756931923003,59.869910105429,65.12986612935853,5.259956023929533,59.45206033132714,47.54420341905742,-11.907856912269722,63.17838934458371,41.19836083156834,-21.98002851301537,50.022461655311815,104.17141030930034,54.148948653988526,44.64233239668617,27.023070075976193,-17.61926232070998
2020-11-20,55.83459195295645,1,56.22838917485888,49.10191762376349,-7.126471551095392,59.91308732375772,64.64296057667154,4.729873252913819,59.67002390929117,47.290679772745214,-12.379344136545953,63.06526341737023,41.363791412526254,-21.70147200484398,50.066053053397745,103.07465999979155,53.008606946393805,46.064734839062936,29.53354233224067,-16.531192506822265
2020-11-27,56.106911341188514,1,56.594256207241465,48.95258219727196,-7.641674009969506,60.16280104880946,64.69812240497444,4.535321356164978,60.26435911622305,48.65178609575537,-11.612573020467678,63.35952790212498,41.329275550221794,-22.030252351903187,50.76961819976506,103.83485983130123,53.06524163153617,45.49090557296711,29.174841967606298,-16.31606360536081
2020-12-04,56.31831070252886,1,57.150816656079634,48.24605731904955,-8.904759337030086,60.184410226858326,65.46522960730056,5.280819380442232,60.05329367938046,51.67414155308683,-8.379152126293633,63.25119432745285,41.647442496038735,-21.603751831414115,51.01168368158445,102.91721015014096,51.90552646855651,46.25846564381742,27.959783089556502,-18.29868255426092
2020-12-11,55.841874195877104,1,56.7831073124874,48.00465479632179,-8.778452516165615,59.74379304768995,64.16592668860113,4.422133640911184,59.84739745732656,51.594052053321484,-8.253345404005074,62.11905053147753,40.87548070832992,-21.24356982314761,50.8459234560785,102.63976719840278,51.79384374232428,45.711973370202706,27.771363730285536,-17.94060963991717
2020-12-18,55.70881331278636,1,56.75420964142384,47.98449800344824,-8.769711637975604,59.91318867334473,60.951363649433425,1.0381749760886976,59.16577792327304,52.67679607349757,-6.48898184977547,61.526124310787964,42.82077908079046,-18.705345229997505,51.40761469300969,100.67117213187845,49.26355743886876,45.48596463487888,29.148270937669977,-16.337693697208906
2020-12-25,55.446290513417985,1,56.10328064344907,48.87439335075007,-7.2288872926989995,59.41512231784054,62.69712411425826,3.282001796417717,59.19924955438646,50.02189077525545,-9.177358779131012,61.46079184171151,40.8341605552058,-20.626631286505713,50.89300549026005,101.98035626979217,51.087350779532116,45.60629323286032,28.26981801524625,-17.336475217614066
2021-01-01,54.44343256025147,1,55.5469529731923,46.28876380111938,-9.258189172072917,58.581129468134996,62.99180672968313,4.4106772615481304,57.711847953186414,50.27909729126947,-7.432750661916941,60.612098062275706,42.450229019164624,-18.161869043111082,49.55783644859723,97.72461476020646,48.166778311609235,44.650730456122155,26.92608376006573,-17.724646696056425
2021-01-08,55.249191958645525,1,56.25012142494389,47.798181088267974,-8.451940336675918,59.20292792442852,63.88521363192949,4.6822857075009665,58.81202582837762,47.77969297256384,-11.032332855813777,61.84268063780878,41.903206548018105,-19.93947408979068,49.316611340278136,103.00262642839158,53.68601508811344,46.07078459603622,27.126231082702205,-18.944553513334014
2021-01-15,54.657597262446934,1,55.53095934777851,47.19915286517887,-8.331806482599646,59.05757152771123,62.18850456311284,3.130933035401611,58.16681365253454,48.203850821542474,-9.962962830992069,60.6920555115404,42.55258358018135,-18.139471931359054,49.32297294759174,99.83470967718281,50.51173672959108,45.17521058752521,27.9667820674833,-17.208428520041906
2021-01-22,54.37214338310171,1,55.43446023565899,46.982003692511384,-8.452456543147605,59.07362858566855,62.44856724796339,3.374938662294838,58.01307947659045,48.151779726284076,-9.861299750306372,60.10405642858977,42.56520916905485,-17.53884725953492,49.25086177290259,99.72950756858404,50.47864579568145,44.3567737991999,26.3557928942125,-18.0009809049874
2021-01-29,55.29046535249541,1,55.99334662610685,49.861775035420656,-6.1315715906861925,60.232656257333815,61.983298267215716,1.7506420098819007,59.199926136526486,48.485565456964906,-10.71436067956158,61.32040455988432,41.01220591516532,-20.308198644719,50.22915979330391,98.8723814055017,48.64322161219779,44.767298741817115,31.527566034704193,-13.239732707112921
2021-02-05,55.1504350927706,1,56.03233850425788,49.388788488784186,-6.643550015473693,59.87485412005707,60.93728312462877,1.0624290045716975,59.27979387476451,48.13596670108856,-11.143827173675945,60.827313756685264,41.18225778875381,-19.645055967931455,50.047849087970036,98.9107299211189,48.862880833148864,44.84046121288885,32.347584532249336,-12.492876680639512
2021-02-12,54.72900076408371,1,55.684972171806955,48.291457741871646,-7.393514429935308,58.97481828134241,62.54675955294654,3.571941271604132,58.861313784485645,47.67407029693072,-11.187243487554923,60.14288077614093,42.445358996763616,-17.69752177937731,49.822164062083296,98.35356042026677,48.53139635818348,44.88785550864305,29.062797575723003,-15.825057932920046
2021-02-19,54.681216274330104,1,55.5392127180325,47.684736649106,-7.854476068926502,58.77327614780788,62.79589450655169,4.022618358743813,58.7448963143201,47.46496547561813,-11.279930838701972,60.44846175229999,43.65631456073956,-16.79214719156043,50.058761143170685,97.07232327187556,47.013562128704876,44.522689570349506,29.413063182089708,-15.109626388259798
2021-02-26,54.83142616686403,1,55.364925510288394,47.63606693591614,-7.7288585743722535,58.709114350346546,62.12468916524731,3.415574814900765,59.54775760111473,50.508446779845364,-9.039310821269368,60.36846980541042,43.624981874855415,-16.743487930555006,50.55733966079105,96.31982958678577,45.76248992599472,44.44095007323303,28.77454265853411,-15.666407414698924
2021-03-05,54.67967806974895,1,55.02227856876218,47.081036176928386,-7.941242391833796,58.67427230052218,61.738412436725376,3.064140136203193,58.57235787260522,50.568288351821984,-8.004069520783233,59.84529252415031,44.17415681717155,-15.67113570697876,50.50508961947039,94.9570542431884,44.451964623718005,45.45877753298343,29.559120392658073,-15.89965714032536
2021-03-12,54.9069592287285,1,55.37011984849385,47.217591340573954,-8.152528507919897,59.20269047024711,61.66823974162137,2.4655492713742575,58.58734738077974,51.63250473184275,-6.954842648936989,60.05959383660097,44.28186722029375,-15.77772661630722,50.61459773267539,95.44970140066818,44.83510366799278,45.6074061035739,29.191850937370965,-16.415555166202935
2021-03-19,54.75502636658329,1,55.18894311029879,46.89049281896413,-8.29845029133466,58.88373126380053,61.80854251299209,2.9248112491915634,58.47135876826058,50.828444810986774,-7.642913957273805,59.95637684643866,45.46158339954292,-14.494793446895741,50.80511971882868,94.18969162686759,43.38457190803891,45.22462849187251,29.3514030301463,-15.873225461726207
2021-03-26,54.57486381125489,1,54.914423963293125,46.43494863656182,-8.479475326731304,58.99172603239181,62.472344506734345,3.480618474342535,58.336259528163396,52.67806838029901,-5.658191147864386,59.659881835602306,44.032076131435346,-15.62780570416696,50.757020844326426,92.30929973468065,41.55227889035422,44.78987066375232,29.52244547781823,-15.267425185934087
2021-04-02,54.44633881888125,1,54.738942623297696,45.89190442265896,-8.847038200638735,58.97629155115668,61.757408294789286,2.7811167436326087,59.327961075675695,51.59389539687361,-7.734065678802082,59.26252470949861,43.64627483461261,-15.616249874885995,49.67673030910611,93.2148140155877,43.53808370648159,44.69558264455272,30.57373594876531,-14.121846695787411
2021-04-09,54.39971447681705,1,55.029389804834516,47.635909969954504,-7.3934798348800115,58.77235474281218,61.80768162551033,3.0353268826981434,59.090791104604016,51.73359640241548,-7.357194702188536,59.25253692709533,43.13485299686838,-16.117683930226946,49.87992796032068,92.75106571781166,42.87113775749098,44.37328632123556,29.335180148341955,-15.038106172893606
2021-04-16,54.368026249002185,1,55.28596256619018,49.573753117076876,-5.712209449113303,58.87439847733344,61.144184151838076,2.2697856745046323,58.994323543238075,51.449948055965656,-7.5443754872724185,58.694232515020644,43.90459338718199,-14.789639127838655,50.245213708577666,91.26822210217574,41.023008393598076,44.114026683653066,28.867456679774776,-15.24657000387829
2021-04-23,53.85529276100897,1,54.25601745727577,49.98609631979115,-4.269921137484616,58.46304502402336,60.24540428619105,1.782359262167688,58.63148128500116,51.58926385409943,-7.042217430901729,58.457283230587066,43.92513849446436,-14.532144736122703,50.0954908334473,89.86215950138843,39.76666866794113,43.22843873571915,27.523694110119365,-15.704744625599787
2021-04-30,53.546834760652196,1,54.12348240331795,49.265473253229814,-4.858009150088137,58.3739410812369,60.52962435252525,2.1556832712883534,58.05799301562141,51.45288389271618,-6.605109122905233,57.887584559163976,43.81814432691463,-14.069440232249349,49.59525034624127,88.62373973742933,39.02848939118806,43.24275715833168,27.591143001098025,-15.651614157233652
2021-05-07,53.52169832100663,1,54.37787467573829,48.43515303338511,-5.9427216423531775,58.064307881248375,60.63532226295816,2.5710143817097872,58.10689650061038,51.370939638245,-6.735956862365384,58.0894894910328,43.86627828557305,-14.223211205459748,49.49846197117023,89.17167429701904,39.67321232584881,42.99315940623975,27.650822408859504,-15.342336997380244
2021-05-14,52.74250411529035,1,53.16666433533112,46.695842502536024,-6.470821832795096,57.492721601981074,59.06514180438147,1.5724202024003944,57.59067090070531,51.44165572558094,-6.149015175124376,57.35378514565046,44.30140687662902,-13.052378269021446,48.856951112640004,87.69223227033494,38.835281157694936,41.99423159543414,27.258745512279752,-14.735486083154385
2021-05-21,52.58939052048385,1,53.40813378294583,47.137858645199934,-6.270275137745898,57.340189532757805,59.0188954014785,1.678705868720698,56.78951714015277,50.884965610154936,-5.904551529997832,57.34613577247155,44.38834956376369,-12.957786208707859,48.96023459187532,86.90826548446475,37.94803089258943,41.69213230269991,27.198008417841315,-14.494123884858595
2021-05-28,52.66876927696391,1,53.00564452495148,47.12561982859286,-5.880024696358618,57.349823608192985,59.157703998641786,1.8078803904488012,56.81151974169807,49.799423213825385,-7.012096527872686,58.03828588830299,46.317578224916396,-11.720707663386591,48.9944816421585,86.48296680463812,37.48848516247963,41.81286025647945,27.12932359116894,-14.683536665310513
2021-06-04,52.34628601958165,1,52.801243498909884,46.885851409881084,-5.915392089028799,57.55202336661851,57.55696165213412,0.004938285515606822,56.4624005377949,50.55394977594408,-5.9084507618508155,56.938572853404004,45.75830495579094,-11.180267897613064,48.541934109906045,85.89820100015538,37.35626689024934,41.78154175085654,27.424447323584296,-14.357094427272244
2021-06-11,52.33826200532073,1,52.808054085715376,46.04847221175708,-6.759581873958297,57.530252057665585,57.60870375832935,0.07845170066376284,56.47573855436371,50.89636300693551,-5.579375547428199,56.34460289208146,47.42228119700908,-8.922321695072384,48.92842267412255,85.32469739971094,36.39627472558839,41.942501767975656,26.729054458182404,-15.213447309793253
2021-06-18,52.28529669573188,1,52.74356420873895,46.043398079516926,-6.700166129222026,57.44138672483662,57.23455513420966,-0.20683159062696177,56.821565446476576,51.56854259326027,-5.253022853216308,56.06850187503305,47.35976764479773,-8.708734230235322,48.868033900796846,84.76802329322767,35.899989392430825,41.76872801850925,26.737493429379043,-15.031234589130207
2021-06-25,52.24361326939469,1,52.216515279258104,45.7274028304366,-6.489112448821501,57.35902284302236,57.74286869414905,0.38384585112669356,56.88277620546866,51.401513666279214,-5.481262539189444,56.14496679402729,47.07100177708353,-9.07396501694376,48.64036238004389,85.03655598000174,36.39619359995785,42.21803611454784,26.48233666841803,-15.735699446129814
2021-07-02,52.16411452075686,1,52.526656906635345,45.82601663725594,-6.700640269379406,57.573001169179335,55.46228774421324,-2.110713424966093,56.47663108789551,51.551415124065585,-4.9252159638299275,56.27763392797898,49.624475733666884,-6.653158194312098,48.80210770773044,83.38660373569967,34.58449602796922,41.328656325121536,27.133888149639837,-14.194768175481698
2021-07-09,51.77636549194623,1,51.43773590430349,44.52975009800482,-6.907985806298669,57.2516283191774,54.5344709702909,-2.717157348886502,56.12902831637354,51.29809745280341,-4.830930863570131,55.587152042950855,50.80953386440894,-4.777618178541914,48.95652221150634,81.46814094711807,32.511618735611734,41.29612615736582,28.018199619051316,-13.277926538314503
2021-07-16,52.036269097587166,1,51.688952960720314,45.81050934384976,-5.878443616870555,57.192338125396184,55.16748735006367,-2.02485077533251,56.30537912285067,51.386310582032905,-4.9190685408177615,55.70096983024852,50.582221775979285,-5.118748054269233,49.86408491022568,82.69390371839239,32.82981880816671,41.4658896360816,26.577181815204952,-14.888707820876647
2021-07-23,51.725514596322846,1,51.51615700733284,44.87745833740916,-6.638698669923684,56.859964511684694,54.184766418770124,-2.6751980929145702,56.25702613631064,50.74322856789121,-5.5137975684194345,55.54922107162747,50.5289278679611,-5.02029320366637,49.62449693865776,84.03014659919731,34.40564966053955,40.54622191232371,25.9885597867082,-14.557662125615508
2021-07-30,51.24339502248595,1,50.713107023375336,43.752548834188396,-6.960558189186941,56.422856364818436,53.55570543102359,-2.8671509337948464,56.01159882699287,49.43332985027099,-6.578268976721887,55.279111527488716,50.78490047982216,-4.494211047666553,49.21410938910583,84.34402022582782,35.12991083672199,39.819587003134515,25.589865313782724,-14.229721689351791
2021-08-06,50.726982746593116,1,50.52051242827668,42.425502033973764,-8.095010394302918,55.91963753294041,52.30840901121654,-3.6112285217238735,55.4298213544033,49.521249336652275,-5.908572017751027,55.02886292784526,50.92616261967053,-4.102700308174732,48.68062180284255,84.00734899598976,35.32672719314721,38.78244043325051,25.17322448205588,-13.609215951194628
2021-08-13,50.28327624939194,1,50.067697614996526,41.806853048209085,-8.26084456678744,55.56968353233251,52.37148338209614,-3.1982001502363744,54.69157057560031,48.450124964365614,-6.241445611234695,54.67548169455443,51.18740263868374,-3.488079055870685,48.41001909484956,83.20521245343433,34.79519335858477,38.285204984018264,24.678581009562663,-13.606623974455601
2021-08-20,50.39231201500923,1,49.853923136319665,42.19060049463931,-7.663322641680352,55.472551719565175,52.33096067921173,-3.141591040353447,54.73667246266948,49.879710001182694,-4.856962461486788,54.99274815270486,50.86875109299092,-4.123997059713943,48.68561331244524,82.22753746413315,33.54192415168791,38.612363306350986,24.85631235789762,-13.756050948453364
2021-08-27,50.02247756154775,1,49.390197093377076,41.56197782866459,-7.828219264712487,55.01972750284591,50.84738913793353,-4.1723383649123775,54.29941813473574,50.005136671864854,-4.2942814628708845,54.55673036682387,50.57789894748396,-3.9788314193399117,48.6825264300082,82.3669906413472,33.684464211339,38.18626584149569,24.775472141992317,-13.410793699503373
2021-09-03,50.28073018124345,1,49.06396607784147,42.84756078310906,-6.216405294732411,55.4616361795586,49.72529637698057,-5.73633980257803,54.757311509115254,49.515652912427925,-5.24165859668733,54.530248035935735,51.40794726121555,-3.1223007747201876,49.779512449799846,83.10308484630201,33.323572396502165,38.09170683520977,25.08483890742557,-13.0068679277842
2021-09-10,50.09824438614495,1,48.872637425681404,41.78422468313656,-7.088412742544847,55.20835361799558,49.20997098962662,-5.998382628368958,54.79873714791173,49.645742633622454,-5.152994514289276,54.51111933053739,50.91102308802716,-3.600096242510233,48.983650461200696,83.70393976643979,34.72028930523909,38.21496833354284,25.334565156017092,-12.88040317752575
2021-09-17,50.47809673831605,1,49.52731036642977,41.729037276909104,-7.798273089520663,55.40800730318885,48.72273741520827,-6.685269887980581,55.377304983933556,51.25857076093821,-4.118734222995343,54.66771760030355,51.43254020566249,-3.235177394641056,49.50003967567709,83.85877393939138,34.3587342637143,38.38820050036343,25.866920831786736,-12.521279668576696
2021-09-24,50.13161036398285,1,48.63224260231601,40.78793398241977,-7.844308619896239,55.180278038291505,47.48838075841442,-7.691897279877082,54.57231720876948,51.6465678305728,-2.9257493781966843,54.598257931648824,50.309080370460414,-4.28917756118841,49.25931309486039,84.40937225810158,35.150059163241195,38.54725330801089,26.148326983928136,-12.398926324082751
2021-10-01,50.24889308152987,1,48.629212452945424,41.59057176904895,-7.038640683896475,55.21484843999363,48.09803869529618,-7.1168097446974485,54.7285186754079,51.76923828421491,-2.9592803911929906,54.87602134005032,49.825431555533676,-5.050589784516646,49.29985518385618,84.45051982025791,35.15066463640173,38.74490239692575,25.759558364827583,-12.985344032098169
2021-10-08,50.311670941271075,1,48.45307250199995,40.97734455668992,-7.475727945310027,55.077161302927166,47.360353090243805,-7.716808212683361,54.62522545888917,51.76704399134979,-2.8581814675393815,54.77063242053999,50.41092674029543,-4.359705680244559,49.148313314360486,83.85716734328815,34.70885402892767,39.79562064890967,27.497189925759336,-12.298430723150332
2021-10-15,49.99065278916211,1,48.49082980736248,40.47796153080535,-8.012868276557128,54.98093838295387,46.96049027362141,-8.020448109332463,54.610690078226924,51.51820395612276,-3.0924861221041624,54.3675920378392,49.90621769784808,-4.461374339991124,48.23019908376107,83.42778189638531,35.19758281262424,39.26366734482912,27.65326138018974,-11.610405964639384
2021-10-22,50.169462270622354,1,48.593320016281346,40.54478376543877,-8.048536250842574,55.12346303516475,46.001611023132256,-9.121852012032491,54.86960686465248,51.43552389826809,-3.434082966384395,54.690184783494644,49.65044096572878,-5.039743817765867,47.81284512586142,84.60835666452436,36.79551153866294,39.92735379827948,28.77605730664189,-11.151296491637595
2021-10-29,50.13293095899187,1,48.54659263595341,40.289446602590054,-8.257146033363355,55.13355199160362,47.09739817837319,-8.036153813230428,54.6367224478855,51.532078802499036,-3.10464364538646,54.515445204038286,48.945644462230675,-5.569800741807612,47.979074353192466,83.84163266374634,35.86255831055387,39.98619912127792,29.09138504451191,-10.89481407676601
2021-11-05,50.230332493596876,1,48.776205159519606,40.35864578274064,-8.417559376778968,55.347257262172626,47.27859873937742,-8.068658522795204,54.5124045124234,51.04501908280167,-3.4673854296217286,54.41786183472211,49.41945595513261,-4.998405879589498,48.0067922324384,84.10962289406588,36.10283066162748,40.321473960305056,29.170652507462975,-11.15082145284208
2021-11-12,50.67937659792462,1,49.41016929225007,40.4676561016443,-8.942513190605766,55.97283133480706,47.7309407057538,-8.241890629053259,55.00161017140569,50.691573151738226,-4.310037019667462,54.51141971763934,50.16833778175156,-4.343081935887781,48.12253042823136,85.45940678659133,37.33687635835997,41.0576986432142,29.55834506006854,-11.499353583145663
2021-11-19,50.57258378438167,1,49.46119600887327,40.166336175843696,-9.294859833029577,56.3037230734894,47.05819567010901,-9.245527403380393,54.856692333888496,50.85446215674113,-4.002230177147368,54.62878513134495,50.13708915296919,-4.491695978375759,47.869027583803984,86.40365994802325,38.53463236421926,40.31607857488989,28.815759602603713,-11.50031897228618
2021-11-26,50.52243854086756,1,49.175120072960155,40.42989542322677,-8.745224649733387,56.08140223862774,46.24529410224236,-9.836108136385377,54.77014284604757,49.95135830871147,-4.8187845373361,54.59595866638369,49.23043694929388,-5.3655217170898055,47.65412615034482,85.5630426697071,37.90891651936228,40.857881270841375,31.714603792023723,-9.143277478817652
2021-12-03,50.56828780637318,1,49.22473306970338,39.955840896421456,-9.268892173281927,55.87606010870174,46.43273184377298,-9.443328264928766,54.77371470904246,49.76704767298401,-5.006667036058445,54.56225670247556,48.998179659007754,-5.564077043467805,47.716502925773646,85.7666795454247,38.05017661965105,41.256459322542284,32.48924722062817,-8.767212101914112
2021-12-10,50.736303857537344,1,49.39900282652451,40.574034917208294,-8.824967909316214,55.85400415335563,47.444607775596424,-8.409396377759208,54.863698406469645,50.96500765008273,-3.8986907563869124,54.7412495416976,49.09253871318168,-5.648710828515917,48.17053748750267,85.40053276664351,37.22999527914084,41.38933072967406,30.941101322511486,-10.448229407162572
2021-12-17,50.80685958609556,1,49.3258234767007,40.9655833020153,-8.360240174685401,55.852740377800636,47.00477602413361,-8.847964353667024,54.93269065782977,51.092599196280815,-3.840091461548951,54.74949928029827,49.183288911829806,-5.566210368468461,48.215310157778276,85.64458675033866,37.429276592560385,41.76509356616578,30.950323331975206,-10.814770234190576
2021-12-24,50.106533001650426,1,48.8935059791626,41.68956653154069,-7.203939447621906,54.98881435049339,46.08122214109118,-8.90759220940221,55.30448167556967,46.87559814134472,-8.428883534224951,54.08973798270105,47.898441318296165,-6.191296664404888,46.98575877240898,90.71627479377634,43.73051602136736,40.37689924956689,27.37809508385351,-12.99880416571338
2021-12-31,49.99543601381715,1,49.18719552829465,39.74017977425724,-9.447015754037409,54.340134708364886,42.49311737960707,-11.847017328757815,54.97510712338569,48.29280586273878,-6.682301260646909,53.961509526804605,48.60951479070046,-5.351994736104146,47.02902213053481,89.65298798728898,42.62396585675417,40.47964706551824,31.184010288310354,-9.29563677720789
2022-01-07,50.11092894839803,1,49.19108225047153,40.12209678823411,-9.068985462237421,54.45236528928538,42.8150794412381,-11.637285848047284,55.13898484317499,48.42219074343124,-6.716794099743751,54.037555136567505,48.20977582693892,-5.827779309628582,46.98909765225707,90.2540054019716,43.264907749714524,40.85648851863173,30.842425488574243,-10.014063030057486
2022-01-14,50.02018866153377,1,49.226135919992,39.87797427356286,-9.348161646429133,54.50037010889475,43.04924519825287,-11.45112491064188,54.84036384156744,48.21244508298403,-6.627918758583405,54.254050070921906,48.88931945950013,-5.364730611421777,46.85572579632119,89.46216080668017,42.606435010358986,40.4444862315054,30.629987148222632,-9.814499083282769
2022-01-21,50.027320582785954,1,49.50088619772713,40.05154438374876,-9.449341813978364,54.43051542463947,44.07462221127483,-10.355893213364638,54.95066355369651,49.17979381937716,-5.770869734319348,53.90701231937652,47.105987979203306,-6.801024340173214,47.12466778053076,89.18276722461306,42.0580994440823,40.25017822074537,30.569207878498617,-9.680970342246752
2022-01-28,50.036610909537444,1,50.05642843347647,40.66361924805888,-9.39280918541759,54.72181480951345,43.84581667334503,-10.87599813616842,54.55366063059391,48.98596478110606,-5.567695849487848,53.85466120411902,47.785630878051386,-6.069030326067633,46.95803884434636,89.15488600878716,42.1968471644408,40.07506153517548,29.783747867876173,-10.291313667299306
2022-02-11,49.93337621595674,1,50.15138426056032,40.48189880661316,-9.66948545394716,54.44044540936614,43.634706031713144,-10.805739377652998,54.58735417918753,48.68241482945059,-5.904939349736935,53.63068994351923,47.918551362851204,-5.712138580668025,47.09025909267864,90.00915076289914,42.918891670220496,39.70012441042857,28.873535502213244,-10.826588908215328
2022-02-18,50.19255368739483,1,50.33388996572766,40.57422020835211,-9.759669757375548,55.13962849353393,44.83753076505648,-10.302097728477449,54.711032915894386,48.641818006648045,-6.069214909246341,53.74050306684718,47.923713149726495,-5.816789917120687,47.29711387477603,90.25508089360842,42.95796701883239,39.933153807589825,28.922959100977486,-11.010194706612339
2022-02-25,50.276517587540184,1,50.312877922752286,40.67205187773903,-9.640826045013256,55.120062596559265,45.37380682065407,-9.746255775905198,54.87285214647152,48.6908644748063,-6.181987671665226,53.70845667267042,47.80782399563381,-5.9006326770366115,47.689225192895854,90.26151340675548,42.57228821385963,39.95563099389175,28.853044949652393,-11.10258604423936
2022-03-04,50.38565730163403,1,50.134173248614516,41.23679930656027,-8.897373942054244,55.149010525252656,45.6792444736513,-9.469766051601354,55.34623465220828,48.97538132470292,-6.370853327505358,53.82726561610109,46.66769262707105,-7.159572989030039,47.81532127554732,90.13649924237211,42.32117796682479,40.041938492080334,29.61832683544651,-10.423611656633824
2022-03-11,50.661537180540364,1,50.36247769203488,39.341379423928196,-11.021098268106684,55.41751360999939,47.44346256996795,-7.974051040031441,55.34897195970582,49.863864941949146,-5.485107017756675,53.96083085416346,47.8335341119665,-6.127296742196961,48.094477763589175,90.71928149716541,42.624803733576236,40.784951203749486,28.76770053826499,-12.017250665484497
2022-03-18,50.823909932901984,1,49.54971897913464,40.33404421196224,-9.215674767172402,55.4718179942122,47.313060382450345,-8.158757611761857,55.63792575975371,48.866197618058834,-6.771728141694879,54.75344739511828,49.3370484956803,-5.416398899437979,48.31013197996482,90.42658267714374,42.11645069717892,41.220417489228254,28.666526212116423,-12.55389127711183
2022-03-25,50.917607124840636,1,49.08407326829373,43.26399248281064,-5.820080785483086,55.834126775731875,47.23175464733559,-8.602372128396283,56.05272393566287,47.18624712189451,-8.866476813768358,54.9140395621999,47.425163719123944,-7.488875843075959,48.357404628272626,91.11124386291061,42.75383923463799,41.263274578882836,29.287240914968514,-11.976033663914322
2022-04-01,50.915990429774524,1,49.42635764036933,42.24957137861324,-7.176786261756092,55.672299494917915,48.035197763998305,-7.6371017309196105,56.09740968370204,46.68119822977904,-9.416211453922998,55.02465320246039,48.18060709842786,-6.844046104032529,48.12578251962658,91.64879467007701,43.52301215045043,41.14944003757088,28.7005734377517,-12.448866599819183
2022-04-08,51.072307093710016,1,49.41350630583151,42.274373276198,-7.139133029633513,55.82861604976536,47.97109105373386,-7.857524996031501,56.05516561547953,46.570651865110015,-9.484513750369516,55.3163568151315,48.32643413224717,-6.989922682884327,48.573675952724216,92.17691824957903,43.603242296854816,41.24652182332803,29.114373985392085,-12.132147837935946
2022-04-15,51.186955969511395,1,49.259497007242175,40.5931338854724,-8.666363121769777,56.267539325280865,47.61918663244438,-8.648352692836482,56.52213587680791,47.96136494690738,-8.560770929900528,55.52163126776245,49.55999891033279,-5.961632357429664,48.33757666592328,94.09731974440757,45.75974307848429,41.21335567405173,27.29073169750388,-13.922623976547854
2022-04-22,51.44854096679705,1,49.61680686192253,40.56590835316666,-9.050898508755864,56.591636444868165,49.349703932795954,-7.241932512072211,57.104454566721074,47.808026923991775,-9.296427642729299,55.581130673886356,49.61677862702171,-5.964352046864647,49.68993872964577,93.3762753860072,43.686336656361426,40.107278523738366,27.97455257779894,-12.132725945939427
2022-04-29,51.210179471525656,1,49.55833732904594,40.34345213128735,-9.21488519775859,56.57330163562262,48.39571139347343,-8.177590242149194,56.96561999824895,47.93322667607642,-9.032393322172524,55.58458025605545,49.68117754349898,-5.9034027125564705,49.54913628077427,93.27127630895228,43.72214002817801,39.03010132940673,27.636232775865494,-11.393868553541239
2022-05-13,51.26047663463658,1,49.5995907475789,42.61878349549971,-6.980807252079188,57.09846107891861,42.75668846802996,-14.341772610888654,56.87437444222416,48.239465394764714,-8.634909047459445,55.73658931750906,52.46639861330833,-3.270190704200729,49.54039416117578,91.73237645495597,42.191982293780185,38.71345006041296,29.74914738126082,-8.96430267915214
2022-05-20,50.75374936325114,1,49.22451423719413,41.10852522529491,-8.115989011899217,55.05560802435937,41.864235852390635,-13.191372171968737,56.71301672988237,47.88854605019594,-8.824470679686428,55.98450357077051,53.302448572062026,-2.6820549987084803,49.179669736888584,92.00590600104057,42.82623626415199,38.36518388041193,28.3528344785228,-10.012349401889125
2022-05-27,50.734834489577224,1,49.39734971656187,40.41809047769875,-8.979259238863122,54.90209336483454,42.90712980786378,-11.99496355697076,57.037536864124,48.12831394498195,-8.909222919142053,55.9287242310091,53.23404566148906,-2.694678569520036,48.946080311651286,92.19904775729162,43.25296744564034,38.19722244928256,27.52237928813817,-10.674843161144395
2022-06-03,50.746873152401974,1,49.060347497481516,39.500611133509125,-9.559736363972391,54.74863620560846,43.066629259256516,-11.682006946351947,57.20519902959406,48.27463947865848,-8.930559550935584,56.044471902074534,53.25672477070249,-2.7877471313720434,48.92128408856148,92.97763413261764,44.05635004405616,38.50130019109178,27.4050001396676,-11.09630005142418
2022-06-10,50.67836558542234,1,49.13286540020295,40.21842431656902,-8.914441083633932,54.49435357628114,43.05465629590579,-11.439697280375356,57.49813004982762,49.703377171339426,-7.794752878488197,56.081283177473416,53.018941934020155,-3.062341243453261,48.14752046567533,90.5291053772408,42.38158491156547,38.71604084307359,27.54568841745887,-11.170352425614723
2022-06-17,51.1676479360003,1,49.689483359222635,40.29982654548573,-9.389656813736906,54.60559344448798,44.91031187304783,-9.695281571440148,57.846044265549075,49.99764434291266,-7.848399922636418,56.47426628233355,53.0834825176647,-3.3907837646688535,49.28856019068054,89.30781747697984,40.01925728629929,39.101940073728,29.406804859910977,-9.695135213817025
2022-06-24,50.92289556769554,1,49.46926692789227,40.13141810377521,-9.33784882411706,54.5043424785189,44.44127903912919,-10.063063439389708,57.61857644548864,49.94382583013552,-7.674750615353119,55.93060512062273,53.62574986533063,-2.3048552552920967,49.156828529269184,88.71818955939065,39.56136103012147,38.85775390438149,28.676911008411984,-10.180842895969505
2022-07-01,50.946404197310386,1,49.402217776415874,40.25420852497806,-9.148009251437813,54.59967754629035,44.55445495843118,-10.045222587859172,57.59634314079461,50.305475483912026,-7.2908676568825825,56.08342353080124,53.43447687460974,-2.648946656191498,49.28288496991387,88.11347056312752,38.83058559321365,38.71387821964639,29.016338778803785,-9.697539440842604
2022-07-08,51.10371122299168,1,49.926094331958836,41.24026581135642,-8.685828520602414,54.733264882898446,44.442629280274595,-10.290635602623851,57.61941928061846,50.76736119602859,-6.852058084589871,55.94673934207698,52.07446812554393,-3.8722712165330506,49.57815352040838,88.70956795986807,39.13141443945969,38.81859597998895,29.38797496487843,-9.430621015110518
2022-07-15,51.04533577758894,1,49.493090376888695,42.17497205147583,-7.318118325412868,54.58530864274802,43.88690352134776,-10.698405121400256,57.56244378388533,51.20641918731981,-6.356024596565518,55.85483052710306,52.7166596647933,-3.1381708623097637,49.978207888168846,87.41180250392253,37.433594615753684,38.798133446739634,28.87525773667435,-9.922875710065284
2022-07-22,50.834563520712315,1,49.29360950678282,42.503540797982446,-6.790068708800376,54.36214604028374,42.999852770153815,-11.362293270129925,57.12442293802114,51.450154107607915,-5.674268830413226,55.79609663467137,53.23382181230366,-2.562274822367712,49.99885598533156,86.2140882436985,36.21523225836694,38.432250019183265,28.60592339252755,-9.826326626655714
2022-07-29,50.704480607571845,1,50.47253657236056,39.79252924196981,-10.680007330390751,54.105901875876114,44.54655539422524,-9.559346481650877,56.775010739348176,52.07266491980708,-4.702345819541094,55.870113596276504,51.58506651777754,-4.2850470784989625,49.05746182065233,88.57925303792572,39.521791217273396,37.945859040917426,27.650814533725708,-10.295044507191719
2022-08-05,50.68386150816033,1,50.414701321546396,40.03854626451206,-10.376155057034339,54.13855382057411,44.308861686133916,-9.829692134440194,56.782865817440516,51.73799061084703,-5.044875206593488,55.912267755248706,51.56221983467417,-4.350047920574539,48.90453265608653,88.89164424216054,39.98711158607401,37.950247678065686,27.56390641063424,-10.386341267431447
2022-08-12,50.576791156178636,1,50.361523128815044,40.0613076516749,-10.300215477140142,54.25168028646221,44.589893793422455,-9.661786493039756,56.179606789723906,50.97868159971301,-5.200925190010892,55.87778143892374,51.73702215140188,-4.14075928752186,48.91915486377777,88.8227174431212,39.903562579343436,37.87100042936912,27.271124297738325,-10.599876131630793
2022-08-19,50.53195787755749,1,50.299417004997565,40.38854164367304,-9.910875361324528,54.46514817227538,43.272542322316724,-11.192605849958653,56.2491961964301,50.58028967719442,-5.6689065192356765,55.61086002558494,52.64707475569449,-2.963785269890451,48.74659382996141,89.12020749174043,40.37361366177902,37.8205320360955,27.183091374725763,-10.637440661369737
2022-08-26,50.63896541412421,1,51.16493611369061,39.970069182547384,-11.194866931143224,54.091023698540106,44.3972128522555,-9.693810846284606,56.09045877382956,50.73623092843135,-5.3542278453982135,55.66129228083006,51.48057180672246,-4.180720474107602,48.7625532436644,89.15693568585559,40.39438244219119,38.06352837419045,28.09277202893292,-9.970756345257527
2022-09-02,50.331552233866205,1,51.32834118883948,39.354197611450296,-11.974143577389185,53.657715016554064,43.52408616318955,-10.133628853364513,55.708530063584774,50.550613458204396,-5.157916605380379,55.374328127202226,50.90873289069089,-4.465595236511334,48.95761450660585,89.68871685416347,40.73110234755762,36.96278450041088,27.962966425498728,-8.999818074912156
2022-09-09,50.33040314641382,1,51.60470610303235,38.82521166509756,-12.779494437934787,53.769744900652995,43.37723390324021,-10.392510997412785,55.81095601718151,50.43307022559944,-5.377885791582074,55.37724193972389,51.32152139310803,-4.055720546615859,48.91547000124302,89.78587190844767,40.87040190720465,36.50429991664913,28.239509782989984,-8.264790133659147
2022-09-16,49.66885032851072,1,50.92094889520339,38.450232896231235,-12.470715998972153,53.01027148606379,43.27934657001784,-9.73092491604595,55.28144636236488,49.86650044162051,-5.414945920744373,54.74385358554199,50.96442833583786,-3.7794252497041327,48.343707549147474,88.68884137954362,40.34513383039614,35.712874092742794,26.763752347813266,-8.949121744929528
2022-09-23,50.02155310880039,1,51.43144339375713,38.46914958281932,-12.962293810937808,53.11399871612395,42.271235154768824,-10.842763561355127,56.8740837714601,49.656042396414314,-7.218041375045786,54.76960264240299,53.038741131695616,-1.7308615107073706,48.171847990053315,88.95657770300477,40.78472971295145,35.76834213900487,27.737572684099547,-8.030769454905325
2022-09-30,50.52262396164866,1,52.31731934527819,37.75834012690137,-14.55897921837682,53.42214275351231,43.5654785765232,-9.856664176989113,56.832095578189254,52.54259485256942,-4.289500725619831,55.17496127483992,53.90948873072811,-1.265472544111816,48.89624441791845,85.98585474611882,37.089610328200365,36.49298040015381,29.373986737051027,-7.118993663102785
2022-10-07,50.378561266272094,1,51.85531746320544,36.71728414697127,-15.138033316234171,53.469202129945266,43.8805220465539,-9.588680083391367,57.0712252015521,51.777106016543506,-5.294119185008597,54.86471147408842,54.274746627837544,-0.5899648462508793,48.73942046447349,86.40803575330114,37.668615288827645,36.27149086436785,29.21367300642521,-7.057817857942638
2022-10-14,50.0878919672439,1,51.521051117536054,37.584124274626056,-13.936926842909998,53.65019085913634,43.112942874335566,-10.537247984800771,56.64523709385298,52.122161190486686,-4.523075903366291,54.68528602356328,54.02882282385171,-0.6564631997115669,48.0042905303475,86.70865416278514,38.70436363243764,36.021296179027296,26.97064647737826,-9.050649701649036
2022-10-21,50.539884119212765,1,51.823692047629066,38.93401295570942,-12.889679091919646,53.799872521428796,44.44961108801709,-9.350261433411703,57.26904263586795,51.86559511347559,-5.403447522392355,54.84377500530441,55.616793088058884,0.7730180827544757,49.36286524499396,82.70130617871669,33.33844093372273,36.14005726005248,29.671986291298957,-6.468070968753523
2022-10-28,50.05022243933956,1,50.88331134804356,39.71083465667871,-11.17247669136485,53.77951989223853,43.98181664669182,-9.797703245546714,57.019096555664795,51.91426245386588,-5.1048341017989145,54.71082105268109,54.28030780385536,-0.43051324882573283,48.28320595512396,84.00267571085362,35.71946975572966,35.62537983228536,26.411437364091924,-9.213942468193437
2022-11-04,50.0630795888116,1,51.19940166745402,38.68486526818729,-12.514536399266731,53.678664642453086,43.9991326091731,-9.679532033279983,57.026361099478315,51.98224056427269,-5.0441205352056215,54.73271040613344,54.914417395717244,0.18170698958380171,48.80555949836377,82.58208767689314,33.77652817852937,34.93578021898695,28.215734018626094,-6.720046200360855
2022-11-11,49.99041183793986,1,51.08858841509687,38.709549792276285,-12.379038622820588,53.657114371764365,44.11462675202931,-9.542487619735056,56.94634779190832,52.20004439327934,-4.7463033986289815,54.81632140007111,54.30451050739321,-0.5118108926779001,48.69723789584226,82.20372733681245,33.50648944097019,34.73686115295622,28.410012245848534,-6.3268489071076885
2022-11-18,49.832770531015335,1,51.08810140408311,38.690220379385785,-12.397881024697327,53.678939977703166,44.15946213130009,-9.519477846403078,57.267603491154105,52.61141622528939,-4.656187265864716,54.844287878718106,54.184063532417085,-0.6602243463010211,48.51008474181218,82.21658752594321,33.70650278413103,33.60760569262136,27.134873391756443,-6.472732300864919
2022-11-25,49.56135466874505,1,50.877787371942354,38.54558920550139,-12.33219816644096,52.845327604928826,41.88265199823445,-10.962675606694376,57.09473765127221,52.74906395590784,-4.345673695364368,54.78902859097009,54.38294475991222,-0.40608383105787027,47.97325522145962,82.49320248744652,34.51994726598691,33.787991571897166,27.314675605467812,-6.473315966429354
2022-12-02,49.844949910427374,1,51.23041398651525,36.27984681545677,-14.95056717105848,53.066630046753076,43.89358830053081,-9.173041746222268,57.20375469355855,53.711398612989626,-3.492356080568925,55.3858777586828,55.772038194337675,0.38616043565487246,48.567594972695105,80.76619829309666,32.19860332040156,33.615428004359515,28.646629246152784,-4.968798758206731
2022-12-09,49.689619736258216,1,51.28546573622482,35.44795912416026,-15.837506612064558,52.816689693427,43.55295763538758,-9.263732058039423,57.07202889532368,54.07827471707472,-2.993754178248963,55.08481278282793,56.22258590750325,1.13777312467532,48.41039538893167,80.69732563560311,32.28693024667144,33.46832592081421,28.138615397820445,-5.329710522993764
2022-12-16,49.896424502530635,1,51.34660441808978,34.99014946804941,-16.356454950040373,52.86925634549281,43.80099558704244,-9.068260758450364,57.160427703769756,54.19062813634038,-2.9697995674293765,55.55701895197611,57.25078246898892,1.6937635170128118,48.628693644329935,81.4164719657823,32.78777832145237,33.816545951525455,27.72951938898035,-6.087026562545105
2022-12-23,49.77325808499423,1,51.50762996995995,34.7800666767119,-16.727563293248053,52.86526824401363,43.70650655559472,-9.158761688418906,57.1769236340087,54.27746235917097,-2.8994612748377335,55.37594255609816,57.29601442255885,1.9200718664606882,48.62464492531282,81.65170356057207,33.02705863525925,33.08913918057215,26.927794935356914,-6.161344245215233
2022-12-30,49.5369311296468,1,51.29209648473627,34.90777764806614,-16.384318836670133,52.529544627671186,44.47661855936637,-8.052926068304814,56.83387781144745,51.947835759484974,-4.886042051962477,55.26647260662543,57.23639230370492,1.96991969707949,47.63669835139166,81.17271001438701,33.53601166299535,33.66289689600882,27.480252492871415,-6.182644403137402
2023-01-06,49.34151748737199,1,50.70934405116151,34.19018531400717,-16.519158737154342,52.70595888103664,44.33154236929439,-8.374416511742254,56.642660556048874,51.798444142861065,-4.844216413187809,54.876816012167254,57.718113439366476,2.8412974271992226,47.55258339612471,80.01545043556246,32.46286703943775,33.56174202769296,27.995369223140372,-5.566372804552586
2023-01-13,49.30208978724877,1,50.9365876943448,34.104176575102194,-16.832411119242607,52.32202321282723,44.664011808722705,-7.658011404104528,56.762332181240396,51.29033470847007,-5.471997472770326,54.608009315234796,56.74402578295643,2.136016467721632,47.33176084009835,81.35797350897266,34.026212668874315,33.85182547974705,27.652016339268542,-6.199809140478507
2023-01-20,48.93288931451397,1,50.335034469647574,32.90451840077353,-17.43051606887404,52.0059357498146,43.851473613545664,-8.154462136268933,56.61503458329083,52.4648994889283,-4.1501350943625255,54.64827205937432,56.67911684372905,2.030844784354727,47.00742447442866,80.76168635680742,33.754261882378756,32.98563455052782,26.935641183299893,-6.049993367227927
2023-01-27,49.03545562222987,1,50.89882728014016,32.865018972839145,-18.033808307301015,51.544551970619516,44.801568345071125,-6.742983625548391,56.5066397310216,53.01252083570895,-3.4941188953126527,53.93823005806868,55.65171968625634,1.7134896281876593,46.731431330027114,81.0744508965638,34.34301956653669,34.59305336350211,26.807454996939825,-7.785598366562283
2023-02-03,48.80865867821868,1,50.500997318419714,33.77596946396289,-16.725027854456826,51.82249958501059,43.48582176948517,-8.33667781552542,55.879040764011975,52.50864314405008,-3.370397619961892,53.87298907493055,56.58782496778195,2.714835892851397,46.80719644352629,80.1385431811897,33.33134673766342,33.969228883412924,26.355149542842256,-7.614079340570669
2023-02-10,48.60378772386494,1,50.48424224866499,32.636531850390874,-17.847710398274117,51.36109249428446,43.55512026829982,-7.805972225984647,55.71137618064151,52.72984482866545,-2.9815313519760593,53.90541731165897,56.311042525272335,2.4056252136133622,46.59371887613174,80.02305725415707,33.42933837802533,33.56687923180793,26.367129616404057,-7.199749615403874
2023-02-17,48.31452532839396,1,49.8500570989014,31.276678290729862,-18.57337880817154,51.195501426280096,42.19701953850407,-8.998481887776023,55.28968161536899,52.2262891050288,-3.0633925103401936,54.27315531612583,59.228799830128715,4.955644514002884,46.36536453123146,79.22890072413236,32.8635361929009,32.91339198245602,25.729464481839983,-7.183927500616036
2023-02-24,48.06427855557484,1,49.93383498383705,30.76218704737267,-19.17164793646438,51.01903901511497,42.22260465979264,-8.796434355322333,55.02477429994441,51.05536527580968,-3.969409024134734,53.57650597565074,60.15257849463698,6.576072518986237,46.378033260917384,78.57754593008588,32.19951266916849,32.45348379798443,25.615389925751145,-6.838093872233287
2023-03-03,48.425318966415965,1,51.06760344309135,32.54607572926745,-18.5215277138239,51.54879017944063,42.926072731000644,-8.622717448439985,54.982076499729935,51.929462904907545,-3.0526135948223896,53.56397150880507,60.02822613198319,6.464254623178121,46.61717711071485,78.22353305338297,31.606355942668117,32.77229505671389,24.89854324795394,-7.873751808759948
2023-03-10,48.30737503215999,1,51.75802893446606,33.68831304176262,-18.069715892703442,51.20257884940981,42.8960607856443,-8.306518063765509,54.68811661896432,51.58583028976192,-3.1022863292024,53.158410841217815,59.69645386000738,6.5380430187895655,46.61973132044787,77.1190030534537,30.499271733005827,32.41738362845406,24.85858916233005,-7.558794466124013
2023-03-17,48.4699740606996,1,52.80766340335087,35.07861465345286,-17.729048749898013,51.211711993827294,42.60321816473359,-8.608493829093703,55.00053462956761,52.21225214716381,-2.788282482403801,53.17546514520101,60.066925695381876,6.891460550180867,47.02313298977766,76.26617576737209,29.243042777594432,31.601336202473135,24.592657936093346,-7.008678266379789
2023-03-24,48.26441767641191,1,52.934993910072656,34.21837237468231,-18.716621535390345,50.32676538824813,42.545291234056556,-7.781474154191571,55.10262200256691,51.658257590545794,-3.444364412021116,53.17092374804159,59.43430131872928,6.263377570687695,46.81249667297457,76.2900849382826,29.477588265308036,31.23870433656758,25.44019860217493,-5.7985057343926485
2023-03-31,48.49837712032116,1,53.479278086128204,34.46845372373333,-19.01082436239487,50.282075054063284,42.93669493452329,-7.345380119539996,55.14730799379418,52.26914467492336,-2.8781633188708184,53.4932198781352,59.64080405386368,6.147584175728483,47.07201353659666,75.933846994597,28.861833458000348,31.516368173209443,25.74131834028627,-5.775049832923173
2023-04-07,48.68320506584798,1,54.00688665432604,36.48031238756194,-17.5265742667641,50.62103057357646,42.790280359782145,-7.8307502137943175,55.08892572958856,52.675282048560696,-2.413643681027864,53.51235806555832,59.122507174167325,5.610149108609008,46.8015687285334,75.09362168022139,28.292052951687992,32.06846064350516,25.937226744794444,-6.131233898710718
2023-04-14,49.34095751362938,1,54.258642768474225,37.29394428013817,-16.964698488336055,51.54795992532544,44.45742928798248,-7.090530637342965,55.40112702435392,54.355868649876065,-1.0452583744778536,54.311386636193774,58.95003607571455,4.638649439520776,48.090569584957514,74.85020342462892,26.7596338396714,32.436059142471365,26.138263363436067,-6.297795779035297
2023-04-21,48.987380021527166,1,53.94596459393259,37.40248886418351,-16.543475729749076,50.8307296549449,45.879642454774526,-4.951087200170377,55.13267848716898,54.834124879485366,-0.2985536076836155,54.06719042231276,59.39948649823178,5.332296075919018,47.067134675209275,70.77394600296618,23.70681132775691,32.88058229559449,25.634591429521606,-7.245990866072887
2023-04-28,49.177685832330155,1,54.174897655020686,37.19017012814142,-16.98472752687927,51.40877969936513,45.16153300920725,-6.24724669015788,55.25227066303374,56.352712638556625,1.1004419755228838,54.64662105302156,58.16999693676017,3.523375883738609,46.4036487091392,71.912553706816,25.5089049976768,33.17989721440061,26.27914857449953,-6.900748639901082
2023-05-05,49.031322097591406,1,53.81254026182058,35.326157036999454,-18.486383224821125,51.52851794740679,45.02095277176317,-6.50756517564362,55.42810465454055,54.52467380478191,-0.9034308497586352,54.05401386853729,59.633291433615575,5.579277565078286,45.7265360116577,72.84382866857194,27.117292656914245,33.638219841585496,26.83902886981633,-6.799190971769164
2023-05-12,48.8165423861743,1,53.46042559242577,35.366104615595454,-18.094320976830318,51.49964448463319,43.43495733423321,-8.064687150399976,55.11633019194592,54.22903758456472,-0.8872926073811982,53.460149887577494,59.680528109726986,6.220378222149492,45.73305785534536,73.0841676166354,27.35110976129004,33.629646305118044,27.104459056290025,-6.5251872488280185
2023-05-19,48.399957215284985,1,53.30841239900484,35.042704246973756,-18.26570815203108,50.82538500540809,43.38596801294026,-7.439416992467827,55.012602717814914,54.107430174864504,-0.9051725429504103,53.28636613952854,59.36408584484954,6.077719705321002,44.55006882262642,71.08634605561608,26.536277232989654,33.416908207327154,27.413208956465823,-6.003699250861331
2023-05-26,48.216521269847455,1,52.94660878949597,34.904078021594316,-18.042530767901653,50.709993620265266,43.11554184705291,-7.594451773212356,55.301998190214206,54.930795585248376,-0.3712026049658306,53.13411178072831,59.033769035799615,5.899657255071304,43.88376071744558,69.94724108706026,26.06348036961468,33.32265452093536,27.3677020423292,-5.95495247860616
2023-06-02,47.859584911477704,1,53.11220332959587,35.434454866489105,-17.677748463106767,49.84508358647016,42.375426370291954,-7.469657216178206,54.77888230197757,55.56116442595032,0.7822821239727489,52.673110363727844,58.347114243189,5.674003879461154,43.80150115480711,68.52816297954489,24.726661824737775,32.94672873228765,26.911186583400962,-6.035542148886691
2023-06-09,48.24279848022829,1,53.457333473861695,35.15613302569032,-18.30120044817137,50.26124741054046,43.636423017810415,-6.624824392730048,55.17941177982914,55.91400406897496,0.734592289145823,53.44508241054302,57.922177932881496,4.477095522338473,43.57268168471635,68.75665940817649,25.18397772346014,33.541034121879065,28.071393427836043,-5.469640694043022
2023-06-16,48.140331138769454,1,53.704688520622696,35.155557660703465,-18.54913085991923,50.2168168901469,44.12040886471847,-6.096408025428431,55.048206517596185,56.113410158860546,1.065203641264361,52.91079248544865,56.20633201998315,3.295539534534498,43.965527932429566,68.89621272999035,24.930684797560787,32.99595448637274,28.35006539836081,-4.645889088011927
2023-06-23,47.882100270851346,1,53.605239960844436,34.566615789602146,-19.03862417124229,50.025843843206644,43.978380489054416,-6.047463354152228,54.96431445467103,55.5205184610137,0.5562040063426679,52.54482622209465,56.775797593038355,4.230971370943706,43.08395425108926,68.08615553748874,25.002201286399476,33.068422893202055,28.365133754910772,-4.703289138291282
2023-06-30,47.4651487710826,1,53.10633682179042,35.161667941972,-17.944668879818423,49.73545556818299,42.69485333851775,-7.0406022296652395,54.5804293219833,56.69331440977659,2.1128850877932877,52.22296840266094,56.452056437570334,4.229088034909395,42.15693891099624,65.60350350047685,23.44656458948061,32.988763600881754,28.185496998182145,-4.803266602699608
2023-07-07,47.579246724525206,1,53.50043940088679,34.68337306201613,-18.81706633887066,49.84348351189994,43.30424485443519,-6.53923865746475,54.92069112140056,56.24526063133707,1.3245695099365093,52.03625115289971,56.63289162016423,4.596640467264521,41.82819076576615,65.74081008215437,23.912619316388216,33.346424394298126,28.86890009704429,-4.4775242972538365
2023-07-14,47.52606894506361,1,53.36923711608367,34.158709079436434,-19.210528036647233,49.83741849919294,42.885525637941164,-6.951892861251778,54.86320168970571,55.97874140654623,1.115539716840516,51.89495453884442,58.639125441754985,6.744170902910568,41.65568353322867,65.92284208244288,24.267158549214216,33.53591829332623,27.571470022259987,-5.964448271066246
2023-07-21,47.6025388922345,1,53.22648037534997,34.36926259909068,-18.85721777625929,49.66477918710042,42.65709966481994,-7.007679522280483,55.044046556935996,55.292018158522794,0.24797160158679787,52.35822887864861,59.53829312064321,7.1800642419946,41.514178801783366,65.84967377624753,24.33549497446416,33.80751955358866,27.90888603408287,-5.898633519505793
2023-07-28,47.10893054181349,1,53.139035297541284,34.30021864334593,-18.838816654195355,48.74288908763801,41.91099466135707,-6.83189442628094,54.69841417207637,53.63465053205327,-1.0637636400230974,51.440872458657445,58.772093417128055,7.33122095847061,41.58255033644228,66.0089326518295,24.426382315387215,33.049821898525494,28.026693345167047,-5.023128553358447
2023-08-04,46.793450928295016,1,53.37749876006891,34.80456635423568,-18.572932405833228,48.17880089573279,41.41750484440168,-6.761296051331115,54.54850567016048,52.626957281224946,-1.921548388935534,50.75672054972213,58.90902625735936,8.152305707637225,41.08661645302239,65.9159124129953,24.82929595997291,32.81256324106339,27.0867384195531,-5.725824821510287
2023-08-11,47.23528046363688,1,53.92919180370735,35.135639436088546,-18.7935523676188,48.633265000465435,42.05948903572435,-6.573775964741088,55.06350165355663,52.910376230632,-2.1531254229246315,51.58711722110849,57.897592647822684,6.310475426714191,41.35128783150993,66.90200971544331,25.550721883933385,32.84731927147348,28.506575716110476,-4.340743555363005
2023-08-18,46.57016589843611,1,53.36710197803616,34.568012770797324,-18.799089207238836,48.1392235274877,41.138796508379,-7.000427019108699,54.492449441175225,53.18108811906865,-1.3113613221065776,50.58647296479625,58.09761861235571,7.511145647559459,40.92712963438836,65.86079881545805,24.933669181069696,31.908617844732973,26.57468056455791,-5.333937280175064
2023-08-25,45.70600628522192,1,52.54671160646248,35.26549925551598,-17.281212350946504,47.3174379347002,39.63930168060103,-7.678136254099172,53.42737114338067,53.64567078852278,0.21829964514211042,49.89133388535077,57.637451863925456,7.746117978574688,39.85456111773823,63.7233133665091,23.868752248770875,31.19862202369913,24.324800756257176,-6.873821267441954
2023-09-01,46.57791865248678,1,54.11047310238649,36.05375029059961,-18.056722811786884,47.6870832520352,42.54340099263117,-5.143682259404031,53.82747564713079,54.143236336553066,0.31576068942227664,51.061974351695376,58.54474917591674,7.482774824221366,41.39786435224555,63.497248468588595,22.099384116343046,31.382641209427263,24.685126650631517,-6.697514558795746
2023-09-08,46.887695888736495,1,54.0663659385635,36.30362983111977,-17.76273610744373,48.40384538700783,42.289518805494076,-6.114326581513751,54.37994987944261,54.180348417796175,-0.19960146164643788,51.108428131595616,59.35888972224009,8.250461590644477,41.18162137428067,64.66211981336804,23.48049843908737,32.18596462152877,24.53166874240081,-7.654295879127957
2023-09-15,46.85951899243337,1,54.596533582443065,36.655105130840845,-17.94142845160222,48.32359462044804,42.44172166425938,-5.8818729561886585,54.38289152225071,54.29313726917864,-0.08975425307207274,50.43936350481538,58.33129981640885,7.891936311593469,41.40293229500876,64.428182111544,23.025249816535243,32.011798429634254,25.0076679623685,-7.004130467265753
2023-09-22,46.504338435265595,1,54.31525553786159,36.485694474855066,-17.829561063006523,48.148302202902435,40.53550774078453,-7.612794462117904,54.09473444244717,54.084671054076956,-0.010063388370213033,49.44088044962621,58.85449627358465,9.413615823958438,41.31162789723918,64.27379545370131,22.962167556462134,31.715230081517007,24.791865614591075,-6.923364466925932
2023-09-29,46.28494997721058,1,54.056781780594946,35.96130936465917,-18.095472415935774,47.883509191523274,40.01762499429559,-7.865884197227686,53.87552279183356,54.01710392596675,0.1415811341331903,49.32043269851529,58.07357956550412,8.753146866988828,40.629760543788144,64.37373983613637,23.74397929234822,31.943692857008273,25.266342176701542,-6.677350680306731
2023-10-06,46.26911742620829,1,54.16844656742713,36.24913275122028,-17.919313816206852,47.815645461362344,39.54662904519659,-8.269016416165755,53.93794802745402,54.30221488892045,0.36426686146643306,49.457902575733584,58.01653584151113,8.558633265777544,40.525542493903366,63.93896105859823,23.413418564694865,31.70921943136929,25.56123097180304,-6.14798845956625
2023-10-13,46.17497801528912,1,54.168289678249266,37.326077670881475,-16.84221200736779,47.39738463982062,40.08386636163052,-7.313518278190102,53.63959432050662,53.97251636190542,0.33292204139880255,49.36775084447906,57.31877374346894,7.951022898989876,40.399043864340754,63.310944284398175,22.91190042005742,32.077804744338394,25.037689669450188,-7.040115074888206
2023-10-20,45.521501375242345,1,53.39001464582774,37.435269252402726,-15.954745393425014,46.69843566236924,37.24423978378153,-9.454195878587711,53.236883648550176,52.231461365590306,-1.00542228295987,48.81149175055868,57.671998055801986,8.860506305243305,40.05461852808996,63.71541369113075,23.66079516304079,30.937564016058275,24.830626102746763,-6.106937913311512
2023-10-27,45.63553335035031,1,53.48097112887892,37.58631870747672,-15.8946524214022,46.75056512803334,37.55583219542428,-9.194732932609057,54.09836506557585,53.34188024562455,-0.7564848199512966,49.106481383422526,58.387350028880284,9.280868645457758,39.88841342603412,62.706233230692675,22.817819804658555,30.488403970157094,24.235585694003333,-6.252818276153761
2023-11-03,44.27128518191407,1,52.698867899788446,34.58606669037996,-18.112801209408488,44.77410274539849,37.07030241118502,-7.703800334213469,52.364336640863975,55.706882497546566,3.342545856682591,48.685628689621296,53.57626528059724,4.890636590975944,38.38296662741752,62.4541614128395,24.07119478542198,28.72180848839467,22.234032798936127,-6.4877756894585445
2023-11-10,44.59915099293861,1,52.51328982901985,34.82175783634084,-17.691531992679003,45.56320256380221,36.88788183737496,-8.675320726427245,53.2641194765346,55.72473397320802,2.460614496673415,49.05454560428519,54.03109369163024,4.976548087345051,38.458202066127,62.97066609899913,24.51246403287213,28.74154641786285,23.158772520078486,-5.582773897784364
2023-11-17,44.451669456477255,1,52.37689245003155,34.67467903846767,-17.702213411563875,45.397371669078744,36.79856226113156,-8.598809407947186,52.9006046542123,56.03123591035528,3.1306312561429763,48.98852470943693,54.44057987263463,5.452055163197699,38.19431583923088,62.041713923855326,23.847398084624444,28.85230741687313,22.7232457324191,-6.1290616844540295
2023-11-24,44.351115627993714,1,52.52801455811208,33.91266200573971,-18.61535255237237,45.602756795217815,38.226840279187414,-7.375916516030401,52.976914220608165,56.72182910086323,3.7449148802550667,48.67518525813301,55.572629944047634,6.897444685914621,38.540213451701554,60.27661944049877,21.736405988797216,27.78360948418964,21.396112997625536,-6.387496486564103
2023-12-01,44.60296798105793,1,52.865392659790594,34.0132800127707,-18.852112647019894,45.93791435819896,38.45501307974836,-7.482901278450598,53.75295187204454,57.64385950707179,3.890907635027247,48.76561620841902,56.047186654114256,7.2815704456952375,38.20689303161901,59.85819229372293,21.65129926210392,28.08903975627547,21.600276338919542,-6.488763417355926
2023-12-08,45.14807368932362,1,53.331326804478564,33.899598115882384,-19.43172868859618,46.43648823209331,39.80331026833868,-6.633177963754633,54.80487685181359,57.60327493223171,2.7983980804181243,49.14123637315433,57.4499352593167,8.308698886162375,38.89897254896512,60.09120697774182,21.1922344287767,28.275541325436805,22.041116582430377,-6.234424743006429
2023-12-15,44.912280851333044,1,53.07741339338146,35.18257151120163,-17.894841882179833,46.131082524110475,39.3235664672469,-6.807516056863577,54.71923408919982,56.29241410381811,1.5731800146182877,48.65976733473072,57.819528065190994,9.159760730460278,38.934184385016614,59.59473987084569,20.66055548582908,27.95200338155918,21.260865089694903,-6.691138291864277
2023-12-22,45.238973851876324,1,53.38898607304488,34.95855917266828,-18.430426900376602,46.39171566288643,39.77942291535589,-6.612292747530546,55.06027334262287,56.26427589658483,1.2040025539619563,48.803779951291204,60.32471678703132,11.520936835740116,39.575472474338355,58.65354923037668,19.078076756038328,28.21361560707416,21.453319109240937,-6.760296497833224
2023-12-29,45.43550650647672,1,54.54851021129125,35.687295071112906,-18.861215140178345,47.0173708700905,41.54885466768222,-5.468516202408281,55.225415099464364,57.57008260263667,2.344667503172303,47.40274440751616,55.37826062788479,7.9755162203686325,40.4989025197594,61.01083069939898,20.511928179639582,27.92009593073867,21.417715370144776,-6.502380560593892
2024-01-05,43.51102335024456,1,52.90980840973303,31.506914391376696,-21.402894018356335,44.647896154636726,44.36993667180673,-0.27795948282999916,54.01978276912346,54.32933069890483,0.3095479297813739,43.95946669213449,58.61180181644777,14.652335124313282,39.563780613537624,50.36203046083879,10.798249847301165,25.965405462301987,21.886126062092515,-4.079279400209472
2024-01-12,43.97359554128087,1,52.77714512691936,30.915941978211173,-21.861203148708185,45.36097344106972,43.82653243568801,-1.5344410053817086,54.722260356175475,55.05553307065653,0.3332727144810548,44.646632486786196,58.40577912906149,13.759146642275297,39.49514250525434,53.44788363835627,13.952741133101924,26.839419331480173,22.189902995711805,-4.649516335768368
2024-01-19,35.13907640593723,1,44.667820312924974,20.21908666780999,-24.448733645114984,36.779875600982685,37.818637354670365,1.0387617536876803,45.79653171350547,47.34232529003741,1.5457935765319348,35.21952559358567,52.796062392777046,17.576536799191373,31.497869910100135,34.98172549631052,3.4838555862103817,16.872835304524486,17.6766212340181,0.803785929493614
2024-01-26,33.60986932097638,1,41.221865442189184,19.524058545875064,-21.69780689631412,34.54338961322523,36.54018605576505,1.996796442539818,44.13766588594594,46.12254561129087,1.9848797253449249,33.385207597009,50.5437928127166,17.158585215707603,30.48525402610872,31.417794103174785,0.932540077066065,17.88583336138022,17.51083879703593,-0.37499456434429135
2024-02-02,30.210889815929562,1,37.05826341125051,16.202916982888752,-20.855346428361756,31.515224434678743,33.46824369271437,1.9530192580356243,39.91369863814968,41.443644346390954,1.5299457082412715,29.225704340142784,44.420150703065474,15.19444636292269,27.685802060699444,28.084961297817657,0.3991592371182122,15.866646010656211,17.64542187270017,1.7787758620439575
2024-02-09,30.818169814071506,1,38.4389893486236,16.580519640139435,-21.858469708484165,34.36403362431537,34.19036386988718,-0.17366975442818955,39.94377835485575,40.95471447337091,1.0109361185151613,29.60731620194639,45.384691424220506,15.777375222274117,27.435551339393456,29.51426558234205,2.0787142429485925,15.119350015294458,18.284463894468942,3.165113879174484
2024-02-16,28.786405760638274,1,35.865077245064555,15.22199349633064,-20.643083748733915,32.7389336802658,34.43730925544642,1.69837557518062,38.336445395609175,39.216487039163994,0.8800416435548186,25.92660698021774,41.40354781191189,15.47694083169415,26.150836762617217,26.454077366483006,0.3032406038657882,13.700534500055184,15.985019594493693,2.2844850944385087
2024-02-23,27.954368186694868,1,35.19289053964242,14.692375487126654,-20.500515052515766,31.40356654823644,33.81483952829585,2.411272980059408,37.24473609315378,38.57608820469351,1.3313521115397293,25.24443597635016,39.14462745014232,13.900191473792162,25.044526328292903,25.56089647240627,0.5163701441133668,13.5960536344935,15.937381977504572,2.341328343011071
2024-03-01,26.994692766812108,1,34.22736334209702,14.383295909124186,-19.844067432972835,30.237966085152607,32.51262566026574,2.2746595751131338,36.29521340881233,37.391183703453734,1.095970294641404,24.346321495149937,37.455892396482724,13.109570901332788,24.518875117911435,24.867211052151646,0.34833593424021103,12.34241715174933,15.357947879394615,3.0155307276452845
2024-03-08,26.832253109040895,1,33.58398563569884,14.23750560748283,-19.346480028216007,29.80485534148707,32.072254569781975,2.267399228294906,35.92744052153391,37.25446646081362,1.3270259392797072,23.925666613667417,37.084439724098715,13.158773110431298,24.288892034136666,24.72711881143873,0.43822677730206294,13.462678507721478,15.617733480629525,2.1550549729080473
2024-03-15,27.051107667551776,1,33.99756593256106,14.45681475924502,-19.54075117331604,30.678732592569318,32.158047674258796,1.479315081689478,36.229332201878066,37.193434795880705,0.9641025940026395,24.006512024813958,37.49084498421534,13.484332959401385,24.537891960336296,24.98547696879355,0.4475850084572528,12.856611293151957,16.022026822917226,3.1654155297652693
2024-03-22,27.253618989227117,1,34.15223646995953,14.682049861544712,-19.47018660841482,30.76524882085809,32.2956331265117,1.5303843056536124,36.98323827901005,37.57590204576242,0.5926637667523664,24.342403386037347,37.995890081388,13.65348669535065,24.864284497880874,25.56811200975089,0.703827511870017,12.414302481616787,15.404126810404918,2.9898243287881314
2024-03-29,27.61580511071422,1,34.556034718900804,14.852687953811483,-19.70334676508932,31.29623225199741,32.45781475398225,1.1615825019848387,37.76565129927064,40.812461919084335,3.046810619813698,24.411044117756305,36.43305788307049,12.022013765314185,24.66372797436378,25.998212738350077,1.3344847639862962,13.002140301996377,15.140595415986667,2.1384551139902896
2024-04-05,27.33362860669996,1,33.39781145386378,14.876635454048355,-18.521175999815426,31.707904940536494,31.913237200342934,0.20533225980643977,36.227492262956474,40.84569504513907,4.618202782182593,24.834062389622332,36.23180754814469,11.397745158522355,24.379231364555622,24.94475647605678,0.5655251115011595,13.45526922866506,15.189639916467911,1.7343706878028513
2024-04-19,24.842559657790673,1,31.240283716687728,14.097435108919683,-17.142848607768045,26.379154751624654,28.378718339768028,1.9995635881433742,33.94253428806961,35.36508044535027,1.4225461572806637,20.580585257523296,32.09802927565356,11.517444018130263,21.30159358368276,20.58137819999571,-0.720215383687048,15.611206349155978,18.534716577056756,2.9235102279007776
2024-04-26,22.60148958183861,1,27.82421621737221,13.012702607246425,-14.811513610125786,24.57801941546488,25.734664902750396,1.156645487285516,33.20614762901616,33.70076284369915,0.4946152146829945,18.120677531994218,26.494853612601446,8.374176080607228,18.573239338133163,18.48523252499352,-0.08800681313964276,13.306637359051038,18.180720999740757,4.874083640689719
2024-05-03,23.09149136051632,1,27.578449447232884,12.215120704825708,-15.363328742407177,24.464488903884217,27.211420531369896,2.7469316274856794,35.086762243125975,34.704055009188906,-0.38270723393706874,18.825951050659796,26.324184272291603,7.498233221631807,19.128384857399183,19.273100654252957,0.14471579685377378,13.464911660795877,18.821066991168863,5.356155330372985
2024-05-10,23.223452324351385,1,28.68008229542521,12.340001305832203,-16.340080989593005,24.750597761865862,27.274990230020023,2.5243924681541614,34.83232449841155,34.645926713380916,-0.18639778503063553,18.40533829870398,26.35722991771526,7.951891619011278,19.07037496528514,19.730603622869182,0.6602286575840424,13.601996126416566,18.991962156290697,5.389966029874131
2024-05-17,22.237160343749157,1,26.611883125969513,11.431554160553276,-15.180328965416237,22.987810404110846,26.16302927238837,3.1752188682775255,34.12641982794605,33.21178597009026,-0.9146338578557902,17.9852998768433,25.171866453806743,7.186566576963443,18.244881159641196,18.055789405719977,-0.18909175392121824,13.466667667984055,19.38893679993633,5.922269131952277
2024-05-24,22.47740837747541,1,26.74022770340052,11.298566312834112,-15.44166139056641,23.531485364594317,26.73918453779359,3.2076991731992734,34.4167200021719,33.83934308529817,-0.5773769168737317,18.745054646819355,25.733513549377548,6.988458902558193,17.818812758576783,17.90147217909646,0.08265942051967556,13.61214978928956,19.352370600452588,5.740220811163027
2024-05-31,22.062184431197256,1,26.166227692255035,11.853217780433027,-14.313009911822007,23.293634045682182,26.834102432152378,3.540468386470195,33.65928959977815,33.44615693777919,-0.2131326619989551,17.931076025452896,23.37456931907535,5.443493293622453,17.685499522524083,17.753238639893922,0.06773911736983962,13.637379701491184,19.11182147784963,5.4744417763584465
2024-06-07,21.825979261099935,1,25.80925057071005,12.064812717666527,-13.744437853043522,23.422814212817002,26.28600010981384,2.863185896996839,33.46368032138696,32.74647832767735,-0.7172019937096081,17.824213682445247,23.15839988374684,5.334186201301591,17.39080323400293,17.540242980502157,0.1494397464992261,13.045113545237442,19.159941547192915,6.114828001955473
2024-06-14,22.139892766313125,1,26.908739318416735,12.330419980028296,-14.57831933838844,23.740314843470387,26.38987066352506,2.6495558200546725,33.72215792650998,32.88894936016119,-0.8332085663487874,17.794793594458582,23.90044855183372,6.105654957375137,17.553610168220416,17.66650833591379,0.11289816769337335,13.119740746802648,19.66315970641672,6.543418959614073
2024-06-21,21.37240421942805,1,25.02431356210218,12.207881121962998,-12.816432440139181,23.093761143990065,25.582826115197676,2.489064971207611,32.55905270597154,32.44266473817153,-0.1163879678000086,17.509120692411045,22.43216619321103,4.9230455007999865,17.572654109258252,17.504070862235324,-0.06858324702292862,12.475523102835211,18.064816285789718,5.589293182954506
2024-06-28,21.348123725405,1,25.27855283655539,12.539679852481072,-12.73887298407432,22.494159288620224,24.84891829809149,2.354759009471266,31.894394357556962,32.60317414169451,0.7087797841375476,17.64737896911693,22.57471943655915,4.927340467442221,17.598276616448018,17.409864422287242,-0.18841219416077593,13.175980284132464,18.112386201316525,4.936405917184061
2024-07-05,21.550300501959544,1,25.863670519344666,12.503558940972695,-13.36011157837197,22.90585554672046,24.361772088863063,1.455916542142603,32.05788285861972,33.6526836998698,1.594800841250077,17.30934983704047,22.964258710963946,5.654908873923475,17.374281861513367,17.375391278341354,0.00110941682798682,13.790762388518601,18.44413829274646,4.6533759042278575
2024-07-12,21.597549438210024,1,26.31991756995525,12.675691333024389,-13.644226236930862,22.870002413929427,25.101136551089382,2.2311341371599553,32.51263477020085,34.618881537085045,2.1062467668841975,16.677354801392212,20.555738680190643,3.878383878798431,17.391101471326152,17.674783228519075,0.2836817571929231,13.814285602456266,18.95906529935162,5.144779696895355
2024-07-19,21.480313965080683,1,25.985782987487084,12.475910795752867,-13.509872191734217,22.875287913492315,24.562462995834238,1.6871750823419234,31.96915391972388,34.73442356168293,2.7652696419590512,16.454801230083064,20.170258791472804,3.7154575613897407,17.71246436581457,17.642115599696595,-0.07034876611797358,13.8843933738832,19.296712046044647,5.412318672161447
2024-07-26,21.35641333287039,1,25.67098426421846,12.210724929702934,-13.460259334515527,22.467759141721473,23.81009777192125,1.3423386301997766,31.712741679753478,34.331750073162894,2.619008393409416,16.39352162490188,19.74675376029876,3.3532321353968797,17.670802864587017,17.823290225472363,0.15248736088534542,14.222670422040025,20.21586323666419,5.993192814624166
2024-08-02,21.40070133459845,1,25.37959147660719,12.651483901249534,-12.728107575357654,22.636877551094813,25.14567585494514,2.5087983038503268,31.919402233713143,34.20989702301553,2.290494789302386,16.15315956247079,19.565238978967997,3.412079416497207,17.78864064560122,17.635691951905073,-0.15294869369614617,14.526536538103514,19.196220297507367,4.669683759403853
2024-08-09,22.380619695134158,1,27.24379433757896,13.941443794002168,-13.302350543576793,23.82345170992423,25.90522641360326,2.081774703679031,33.08628132216539,35.77973138822547,2.6934500660600804,16.95293976268404,20.71909814850254,3.7661583858184997,18.300896759904404,17.735046955703567,-0.5658498042008375,14.876354278547907,20.203171470767955,5.326817192220048
2024-08-16,22.23277546491076,1,27.590503504562932,13.516564300769573,-14.073939203793358,23.475055432698085,25.753580235059772,2.2785248023616873,33.078590412743495,36.22394632874541,3.145355916001918,16.739344549901475,19.810935038210616,3.071590488309141,17.999326869278406,17.63041282929737,-0.36891403998103556,14.513832020280176,20.461214057381852,5.947382037101676
2024-08-23,22.195291407423525,1,27.598600469512334,13.405420873675354,-14.19317959583698,23.542585986959992,25.619798801297065,2.0772128143370736,32.687531699805504,36.18477427220212,3.4972425723966154,16.84104936114339,19.880794888843795,3.039745527700404,17.579620862378704,16.61978181894672,-0.9598390434319839,14.922360064741213,21.461177789576055,6.538817724834843
2024-08-30,22.437559029497095,1,27.68446415222745,13.674125920938124,-14.010338231289325,22.54382095188882,24.60182570820338,2.05800475631456,33.79970571153187,37.60834205851545,3.808636346983576,16.978377381710956,19.945776270684945,2.967398888973989,18.141221700130274,17.56561045110176,-0.5756112490285119,15.4777642794932,21.229673767538912,5.751909488045712
2024-09-06,22.922815464668762,1,27.57167571042244,14.350169831799079,-13.221505878623361,22.947100588357074,25.053000890900776,2.105900302543702,34.93596122689762,39.28790539250936,4.351944165611741,17.945289358254215,21.177722467514343,3.2324331092601284,18.82048568459882,17.703773132098846,-1.1167125524999761,15.316380219482411,19.964321073190135,4.647940853707723
2024-09-13,23.162484529308703,1,31.233473858203425,17.367068131403386,-13.86640572680004,22.400484075527615,24.48314204013893,2.0826579646113146,35.510316142094354,39.34707268930691,3.836756547212559,16.623200107734746,20.455878960330267,3.832678852595521,18.52781623684392,17.68282537665152,-0.8449908601923966,14.679616755448166,19.638919978021207,4.959303222573041
2024-09-20,22.031904101884567,1,28.924191556078895,16.73807170555682,-12.186119850522076,20.2071190048177,21.644481289717703,1.4373622849000043,34.407414207915664,38.066370000179035,3.65895579226337,14.916431726275448,18.129659129483613,3.2132274032081654,16.174561145542242,15.839527599138762,-0.33503354640347993,17.561706970677477,21.77331488723152,4.211607916554044
2024-09-27,20.983537017290406,1,28.49062265571183,16.65250904281332,-11.83811361289851,17.841183325059006,19.71515059791959,1.8739672728605825,33.2112910265234,36.95888883702645,3.747597810503052,13.753426190561456,15.471448968888097,1.7180227783266417,14.742828765895808,14.131423515854976,-0.611405250040832,17.861870139990927,22.97180114123995,5.1099310012490236
2024-10-04,20.75073484282439,1,28.261520544584016,16.698538345323044,-11.562982199260972,18.039525506741256,19.264591173063323,1.2250656663220667,32.96771205301215,36.648070343605866,3.680358290593716,13.37693494267323,14.909473303548126,1.532538360874895,14.506064865567197,14.133858182603419,-0.37220668296377823,17.352651144368494,22.849877708802566,5.497226564434072
2024-10-11,20.312996664049454,1,27.58923528460562,16.469094732931296,-11.120140551674325,17.512887659036437,18.813990143004887,1.3011024839684495,31.85980747143516,35.33744104368472,3.477633572249559,12.828489732315006,14.248230590635359,1.4197408583203526,13.965568065982325,13.216456803629,-0.749111262353324,18.12199177092218,23.792766670411496,5.670774899489317
2024-10-18,19.212133420952416,1,26.044587548529023,15.258222619620497,-10.786364928908526,15.663225849508606,16.95954958457898,1.2963237350703736,30.66131150981255,32.86450262344076,2.2031911136282076,12.444128864975355,13.327560869908325,0.8834320049329705,13.035943608029186,12.497168086840674,-0.5387755211885121,17.42360314485977,24.365796741325212,6.942193596465444
2024-10-25,19.54663248020211,1,26.907600521765602,15.381905116503447,-11.525695405262155,15.488705589902224,18.285458201333668,2.796752611431444,31.268028910597636,33.41588757514077,2.1478586645431363,12.606428487186363,13.31096711741435,0.7045386302279866,13.25088695505255,12.752933146001283,-0.4979538090512676,17.75814441670829,24.132643724819133,6.374499308110842
2024-11-01,19.629507850807183,1,26.81208028658773,15.66806464558995,-11.144015640997779,16.12387521700107,19.988896851481257,3.865021634480186,31.664647714320665,33.54546094503726,1.8808132307165977,12.71200279184771,12.87021257058197,0.15820977873426045,13.078978085610288,12.565947038495267,-0.513031047115021,17.385463009475643,23.1384650536574,5.7530020441817555
2024-11-08,19.85484360187995,1,27.781839189344637,15.520956815149873,-12.260882374194765,16.27592092455623,20.049211889928742,3.77329096537251,32.633247827149575,36.753332300748326,4.120084473598752,13.225708844101334,13.879790511286132,0.6540816671847978,12.278417785906726,11.635667212441092,-0.6427505734656336,16.933927040221192,21.290102881725545,4.356175841504353
2024-11-15,20.43654573680751,1,28.105959422896603,16.946285259023014,-11.15967416387359,16.592272352308314,20.58014970704265,3.987877354734337,34.355510955072546,37.550803258723064,3.1952923036505183,13.30070172266862,14.419366952600171,1.1186652299315512,13.238412951611892,12.403918179046201,-0.8344947725656908,17.026417016287084,20.71875106440993,3.692334048122845
2024-11-22,17.87465040335344,1,25.84539067635278,14.022051238077495,-11.823339438275283,14.362250982125502,17.401924441485775,3.039673459360273,31.349085699441034,35.09524618780044,3.7461604883594077,10.447603407978946,12.700466437168288,2.252863029189342,9.73169823082776,8.460299586843206,-1.2713986439845542,15.511873423394604,19.567914528745405,4.0560411053508005
2024-11-29,17.905183354041316,1,26.125649473747032,14.117752245608614,-12.007897228138418,14.146794906670436,18.812771054265255,4.665976147594819,31.078054471580643,34.62513131143861,3.547076839857965,10.837664149802436,12.655361673322872,1.8176975235204367,9.811952577298598,8.568353618705089,-1.243598958593509,15.43098454514876,18.65173022090748,3.220745675758721
2024-12-06,17.963381250058053,1,25.573197439615655,13.562726311185685,-12.01047112842997,14.237604373331834,18.26983706034588,4.032232687014044,30.95793198005319,34.20181187735433,3.2438798973011416,11.511344301661012,13.940491750299785,2.4291474486387727,9.86712863555239,9.01482238097752,-0.8523062545748701,15.633080770134228,18.790598120185138,3.1575173500509095
2024-12-13,16.045904453888287,1,21.97591953844399,10.757894901033694,-11.218024637410295,13.079391198476543,17.183691712347724,4.1043005138711806,27.884999051426718,32.28793727621181,4.402938224785089,10.508587808517234,14.097416611816087,3.5888288032988527,8.32477972000737,7.930511796940209,-0.3942679230671615,14.501749406457861,14.017974424980196,-0.48377498147766573
2024-12-20,15.581949936686412,1,19.802926467884106,11.44386545863506,-8.359061009249046,13.457512106171038,16.040963607656252,2.5834515014852144,27.21929111925712,32.07403708208537,4.854745962828247,10.760165868871269,13.985326854449212,3.2251609855779435,8.700780355420676,8.779379592435276,0.07859923701460048,13.551023702514257,11.168127024857284,-2.382896677656973
2024-12-27,15.559077936513539,1,20.145309585525936,10.650418618812935,-9.494890966713001,13.119522397686353,15.904592898755936,2.7850705010695833,27.30802207676095,31.97761623334837,4.669594156587422,10.81192987618816,14.31619879744612,3.5042689212579603,8.362005002336232,8.434537768328056,0.07253276599182357,13.607678680583604,12.071103302389815,-1.5365753781937883
2025-01-03,15.561804547960845,1,19.798324220776095,10.14433635881295,-9.653987861963145,13.391244620014817,15.45456834471021,2.063323724695394,27.414634854701177,32.22947753105518,4.814842676354004,10.516428533373443,14.83815758453946,4.321729051166017,8.286192851857749,8.445772048928077,0.15957919707032886,13.964002207041787,12.258515419719174,-1.705486787322613
2025-01-10,15.619492887771498,1,19.8467519138552,10.087933306652062,-9.758818607203139,13.263112517380549,15.504689069964613,2.241576552584064,27.448425955917102,32.415731319077864,4.9673053631607615,10.565026983618367,14.88018218187932,4.315155198260953,8.545997358194029,8.72341408978626,0.17741673159223126,14.047642597663739,12.105007359268882,-1.9426352383948569
2025-01-17,15.646924537379256,1,19.98565445390001,10.159327669159211,-9.8263267847408,13.142286639048933,15.512239077079911,2.369952438030978,28.227622260102862,33.101965890054444,4.874343629951582,9.997457438263908,14.73163059459408,4.734173156330172,8.547171898165303,8.613968112204205,0.06679621403890224,13.98135453479452,11.76241588118367,-2.2189386536108486
2025-01-24,15.897042379619714,1,20.333434119917612,9.945642414639465,-10.387791705278147,13.188973242220683,13.650504999604507,0.461531757383824,28.1616456754345,34.37749773477334,6.215852059338843,10.745886553502345,16.151934420329752,5.406047866827407,8.591971798046131,8.671013735852,0.07904193780586866,14.360342888597017,12.585660972519207,-1.7746819160778102
2025-02-07,16.429226211277463,1,20.551657729545383,12.199775283662959,-8.351882445882424,13.75782740762969,15.25185363668453,1.494026229054839,29.40104558674902,35.344471087092884,5.943425500343864,10.312993471532423,14.293340886026243,3.9803474144938207,10.430262385727758,10.245219280555304,-0.18504310517245415,14.12157068648051,11.240697093642837,-2.8808735928376734
2025-02-14,16.212746203807775,1,19.594496337366934,11.853957430963902,-7.740538906403032,13.483065530319905,14.951647613876204,1.4685820835562993,29.35071930642289,32.85646122928243,3.505741922859542,10.672862516224,15.34260802562352,4.669745509399519,10.85373664844137,10.967147102701347,0.1134104542599772,13.321596884071553,11.304655820399248,-2.0169410636723057
2025-02-21,16.306256160122143,1,19.1675580922642,11.938020773677508,-7.229537318586694,13.777056158783822,15.075674721017535,1.2986185622337132,29.34819080951469,32.766192096260156,3.418001286745465,10.812672383844443,15.8032507551751,4.990578371330656,11.381916450962137,11.414902841065924,0.03298639010378679,13.350143065363554,10.83949577353664,-2.5106472918269134
2025-02-28,16.41577564973095,1,18.52582127487203,12.618443666283184,-5.907377608588845,14.039772328595802,15.691553297356492,1.65178096876069,29.334467867624753,32.015851665464396,2.6813837978396435,10.772779485021474,15.27963886372109,4.506859378699616,12.005783270181524,12.797798036705245,0.7920147665237209,13.81602967209011,10.0913683688553,-3.724661303234811
2025-03-07,16.697318082448337,1,19.150089833803207,14.399454985546427,-4.75063484825678,13.814954559774705,16.165408105993876,2.350453546219171,30.277007451721417,32.8093984665248,2.5323910148033804,10.469644721410347,13.988381430308678,3.518736708898331,12.319483886738496,12.884175907312056,0.5646920205735597,14.152728041241843,9.93708959900421,-4.215638442237633
2025-03-14,16.986138463442128,1,18.69217143833056,14.19814013925496,-4.494031299075601,13.745304470734979,17.166218978996937,3.4209145082619585,30.810741548241765,33.354559423596186,2.5438178753544207,10.993114695412487,13.91238070157307,2.9192660061605835,12.744854648452119,13.437923038988814,0.6930683905366948,14.930643979480848,9.847608498242778,-5.0830354812380705
2025-03-21,16.286898781089764,1,17.23057450274881,12.521009623762964,-4.709564878985844,13.58594145190375,16.36520486126716,2.779263409363409,28.1663005079906,31.030279862835656,2.863979354845057,10.87772191055781,13.238513746177475,2.360791835619665,13.002249026858337,14.141360062124093,1.1391110352657563,14.858605286479275,10.42502453037119,-4.4335807561080856
2025-03-28,15.763448660062602,1,15.176268989351144,12.207321001475222,-2.9689479878759215,13.515812388855224,16.304757201958466,2.7889448131032424,27.739536970499813,28.920898001785588,1.1813610312857747,10.479570843707961,13.260026480996942,2.7804556372889806,12.56482058795369,14.01770643530189,1.452885847348199,15.104682180007785,9.869982838857524,-5.234699341150261
2025-04-11,20.421647084530434,1,18.27047302666277,17.01081606608055,-1.2596569605822197,19.193157978502498,22.53457792368711,3.3414199451846116,31.724284227098266,30.34281817560739,-1.3814660514908752,14.782346930810192,19.71443284574427,4.932085914934078,18.89111761231257,18.40803558370699,-0.4830820286055797,19.66850273179631,14.519201912356266,-5.149300819440043
2025-04-18,19.187965976098734,1,17.512230542320808,15.098908085189365,-2.413322457131443,17.860961750065343,21.572949193819568,3.711987443754225,27.78222569168875,30.45201616584768,2.66979047415893,14.429886322235333,15.334637543553427,0.9047512213180937,18.63505545619016,18.521602766483042,-0.11345268970711686,18.90743609409202,14.147682101699345,-4.759753992392675
2025-04-25,19.308092078116776,1,17.329265883882968,15.284798695462868,-2.0444671884201,18.135151557920224,21.601579014292696,3.4664274563724717,27.292903687952318,29.528434551835034,2.2355308638827154,14.975466231746466,16.158759143507964,1.183292911761498,18.714718485397995,18.349316340436886,-0.36540214496110934,19.401046621800674,14.925664723165212,-4.475381898635462
2025-05-02,18.48425041970252,1,15.91461100600884,14.978424724129397,-0.9361862818794435,17.956403802686182,21.050577761537937,3.094173958851755,26.8697553006335,27.675987452507343,0.8062321518738429,15.182365255231844,16.259220917441525,1.076855662209681,16.709175235252914,17.39799499526808,0.6888197600151642,18.273191918401835,13.543296667330836,-4.7298952510709995
2025-05-09,18.208569472685458,1,15.932512355989601,15.233789483420068,-0.6987228725695331,17.826004129057154,20.883843900943276,3.0578397718861225,26.69086290630814,27.83919837112572,1.1483354648175776,14.784110831816463,15.141731898044597,0.35762106622813405,16.54085659868562,16.51722873776113,-0.023627860924491983,17.477070014255773,13.635624444817921,-3.8414455694378518
2025-05-16,18.259355330318055,1,16.000324279880246,15.218608206277082,-0.7817160736031639,17.882061840468154,20.76520409380437,2.883142253336217,26.739757195073963,27.926516564013625,1.1867593689396614,14.96966020686645,15.074374193441031,0.10471398657458053,16.650245124233564,16.71221579474833,0.06197067051476779,17.314083335385945,13.859213129623825,-3.45487020576212
2025-05-23,18.160202923825565,1,16.207566440725984,15.499784596994814,-0.7077818437311691,17.77515614580234,20.471707160474494,2.6965510146721527,26.743712597718556,27.9355785234126,1.1918659256940458,14.524861686363067,14.673010971030564,0.14814928466749677,16.667375412111753,16.623047835288844,-0.044327576822908554,17.04254526023169,13.758088455752102,-3.284456804479589
2025-05-30,18.116465204393084,1,15.537173473253745,15.938522393500193,0.4013489202464484,17.945438556871153,20.403421469818966,2.457982912947813,27.201224123108886,28.028336979393103,0.8271128562842165,14.42681977918231,14.47313708865454,0.04631730947222934,16.560469898383644,16.400087866530114,-0.16038203185352984,17.02766539555877,13.455285428461636,-3.5723799670971346
2025-06-06,17.96605562330981,1,15.879273450649762,17.006819644944102,1.1275461942943394,17.740197515352193,19.77302603458132,2.0328285192291276,26.81544426796549,27.927278460194756,1.1118341922292672,13.971206550645633,14.290264847952002,0.3190582973063698,16.12786127772182,16.106949124570775,-0.020912153151044777,17.26235067752397,12.691995627615924,-4.570355049908045
2025-06-13,18.621242958408242,1,16.28112116556659,17.48412924738666,1.203008081820073,19.143714655430117,20.635776792549407,1.4920621371192908,27.599150386401405,29.24669881495778,1.6475484285563766,15.212092779324749,15.338096333829,0.12600355450425127,15.964674412718011,16.004505077474874,0.03983066475686314,17.52670435100859,13.01825148425175,-4.508452866756841
2025-06-20,18.168011721731087,1,15.167741356699452,17.417547947197434,2.2498065904979825,19.058854802263355,20.601576815505993,1.5427220132426385,26.74868394148085,26.421228961094457,-0.327454980386392,14.921302471057487,15.282082806149731,0.36078033509224383,15.83291224794364,16.353155968711775,0.5202437207681356,17.278575510941735,12.932477831727113,-4.346097679214623
2025-06-27,18.57846765818687,1,15.568486978794226,18.357699448437188,2.789212469642962,19.369333460882714,21.05012687650715,1.6807934156244357,27.309061678523975,26.58443417229074,-0.724627506233233,15.541455601382594,15.381363227293548,-0.16009237408904653,16.527694087211273,17.052734441186118,0.5250403539748447,17.15477414232643,13.044447783406412,-4.11032635892002
2025-07-04,18.659104823724626,1,14.973706353732695,18.53781659858302,3.564110244850326,20.118764488632593,21.311980670052463,1.1932161814198707,27.727443788747323,26.833923126352232,-0.8935206623950904,15.502489974304382,15.270020120653868,-0.23246985365051387,15.981233280634783,16.754403150571278,0.7731698699364955,17.65099105629598,13.246485276134877,-4.404505780161102
2025-07-11,18.530394308792715,1,14.847580051681973,18.48209841469253,3.6345183630105566,20.23022235449595,21.48581396585577,1.2555916113598187,28.072106380319298,26.733719688561933,-1.3383866917573641,15.628589465916761,15.314697760698891,-0.3138917052178698,15.748300184752367,16.023319618679167,0.2750194339268006,16.655567415589942,13.142716404268029,-3.5128510113219136
2025-07-18,18.465984169490124,1,15.257188299903675,19.07147261024339,3.8142843103397155,19.8315585482857,20.988862509620617,1.157303961334918,28.097675870858183,26.079807512018334,-2.0178683588398485,15.44929467202229,15.232313116403262,-0.21698155561902865,16.009428022356346,16.594527452743165,0.5850994303868191,16.150759603514558,12.828921815911983,-3.3218377876025755
2025-07-25,18.5549700059029,1,16.211620909419906,19.26165762939648,3.0500367199765748,19.53349583176407,21.623109867501782,2.0896140357377107,27.96639308448691,26.20092597264825,-1.7654671118386602,15.710087615002578,15.408884654914274,-0.30120296008830394,16.011240489684766,16.183536271006574,0.17229578132180734,15.896982105059166,12.651705639950038,-3.2452764651091286
2025-08-01,18.74484131923632,1,16.421156731826784,19.272913610789146,2.8517568789623624,19.521894836676864,21.860210855166926,2.3383160184900618,28.2409252573473,26.878626917109727,-1.3622983402375723,16.09663520711908,15.436144375774731,-0.6604908313443474,16.164773665722905,16.112993334302004,-0.05178033142090044,16.023662216724986,12.90815882227541,-3.1155033944495756
2025-08-08,18.833008770642277,1,16.617009839930844,19.383880127971395,2.7668702880405505,19.86054125747485,22.07928430679364,2.218743049318789,27.805655493919446,26.50706372747318,-1.2985917664462647,16.36101493079778,15.559080670369383,-0.8019342604283963,16.32037927991138,16.33022715940112,0.009847879489740308,16.033451821819355,13.138516631844979,-2.894935189974376
2025-08-15,18.511305566012876,1,16.234596548201537,18.880221692936317,2.6456251447347796,20.321149553821655,22.744495660754026,2.423346106932371,27.517761132840292,25.183825761760545,-2.333935371079747,15.647657428744111,15.094539518985016,-0.553117909759095,15.972487421830238,16.015826456503788,0.043339034673550714,15.374181310639415,13.148924305137498,-2.2252570055019163
2025-08-22,18.336194756807334,1,16.583038626543797,18.557898422310274,1.974859795766477,20.34556858784981,21.93667667365534,1.59110808580553,26.900622412437315,26.056163396145124,-0.8444590162921912,15.654060314597245,15.599861072694566,-0.05419924190267977,15.660107423879396,15.698451853666356,0.03834442978696018,14.873771175536433,12.168117122372323,-2.7056540531641105
2025-08-29,18.087220066471797,1,16.628024407849196,18.412755261058308,1.784730853209112,20.159270133598838,22.00763994609561,1.8483698124967702,26.779862311962873,25.415150381215412,-1.364711930747461,14.986969985693165,14.690498183283054,-0.2964718024101103,15.600923778504253,15.648372081327707,0.04744830282345447,14.368269781222452,12.348904545850672,-2.0193652353717795
2025-09-05,18.07837820515591,1,16.27656683728192,17.5239296846011,1.247362847319181,20.241953381056078,21.752451494787422,1.5104981137313445,26.606926203000086,25.617563803254285,-0.9893623997458008,14.757248205214822,15.309217376983,0.5519691717681781,15.87690260271799,15.808506199651873,-0.06839640306611727,14.710672001664577,12.458600671657805,-2.252071330006771
2025-09-12,17.802236291388066,1,15.853897403482407,16.592932447140797,0.7390350436583901,20.305151385831223,21.727464766207817,1.4223133803765933,25.19140573785613,24.378801099664642,-0.8126046381914875,14.562048592080345,15.392885349169575,0.8308367570892301,16.619623458723794,16.396318486749266,-0.22330497197452814,14.281291170354493,12.325015599396309,-1.9562755709581836
2025-09-19,17.522407532344776,1,15.384858346461712,16.52973167490498,1.1448733284432677,20.34788941577054,22.709338946746342,2.361449530975804,24.53718708111475,23.27467525624465,-1.2625118248701028,14.231883180284228,15.179138000178057,0.9472548198938284,16.361765443714845,16.12170212161581,-0.24006332209903292,14.270861726722586,11.319859194378822,-2.9510025323437645
2025-09-26,17.495751433420853,1,15.328977589541466,16.60035420625131,1.2713766167098441,20.374797689425108,22.589665139613203,2.2148674501880947,23.903142875414304,22.350297903026757,-1.5528449723875468,14.617065802766135,15.901299588480768,1.2842337857146333,16.504480758506986,16.155981170389538,-0.3484995881174484,14.246043884871114,11.376910592763508,-2.8691332921076054
2025-10-03,17.448626661396087,1,14.56768722030553,15.571780331845403,1.0040931115398735,20.361950558109456,22.51497418556235,2.153023627452896,24.509069084271488,24.047437654128842,-0.4616314301426456,14.700383449216488,15.357467608634053,0.6570841594175647,16.342307765081472,16.0309897050292,-0.31131806005227247,14.210361891392097,11.169110483176667,-3.0412514082154303
2025-10-10,17.159602484915435,1,14.192502208299842,15.314932324155066,1.1224301158552237,20.076061150560506,22.155542425176932,2.079481274616427,24.135375912946287,24.081441748652153,-0.05393416429413378,14.642290882018528,15.22621430840519,0.5839234263866615,15.775057006523156,15.597844988671284,-0.1772120178518719,14.136327749144286,10.581639114431951,-3.5546886347123348
2025-10-17,16.817434711022393,1,13.960374746785305,15.147773089830437,1.1873983430451318,19.402490243396556,21.107835128875294,1.7053448854787376,23.89913633624954,23.45417692852871,-0.4449594077208303,13.844212154577207,15.025313664035764,1.181101509458557,15.464142034521814,15.184483957788785,-0.27965807673302834,14.334252750603937,10.985025497075384,-3.3492272535285537
2025-10-24,16.56361548454061,1,13.607433873566364,14.86859689108907,1.2611630175227049,19.03526177724291,21.156566390581716,2.1213046133388076,23.74541372085693,23.316736196020088,-0.42867752483684285,13.65158008381107,14.836988056452682,1.1854079726416131,15.237755317304291,14.786163475325537,-0.4515918419787539,14.104248134462097,10.416641897774525,-3.6876062366875715
2025-10-31,16.377240491124002,1,13.637939447228405,14.503685288762028,0.8657458415336237,18.755598500878293,21.209795123929894,2.454196623051601,23.35424122346012,23.033495922092783,-0.3207453013673387,13.461433417520354,14.67775799139828,1.2163245738779267,15.08019868462928,14.628536909559102,-0.45166177507017835,13.974031673027554,10.210171711001976,-3.7638599620255775
2025-11-07,16.33822636847952,1,13.620233559951046,14.500799940793499,0.8805663808424526,18.699524140412777,20.705607276453307,2.0060831360405302,23.367851036385048,23.010727732797562,-0.35712330358748545,13.35862374246652,14.508513375128189,1.1498896326616688,14.872701094892918,14.496157370977954,-0.3765437239149634,14.110424636768826,10.80755251472661,-3.302872122042217
2025-11-14,16.180129511286477,1,13.1702496818302,14.129885414291167,0.959635732460967,18.466147217474756,20.480408076165148,2.014260858690392,23.59143744955385,22.976479479449537,-0.6149579701043137,13.350650108566128,14.312972517939755,0.9623224093736269,14.513830483131642,14.30866590227403,-0.20516458085761258,13.988462127162279,10.87236567759922,-3.1160964495630594
2025-11-21,15.528532872971766,1,12.515324961323728,13.22488788123674,0.7095629199130116,18.116300023665772,20.571893455608745,2.4555934319429724,21.785021112573304,20.914032777547504,-0.8709883350257996,13.06896714336007,14.106124407519204,1.0371572641591342,14.212987897999938,14.281740833476348,0.06875293547641093,13.472596098907786,10.072517882442057,-3.4000782164657295
2025-11-28,15.959102189043579,1,12.93293895444917,13.604846709514163,0.6719077550649928,19.389386190660687,21.81661893418405,2.427232743523362,22.376673523549144,21.378338061971647,-0.9983354615774971,13.421685723410462,14.7320206591463,1.3103349357358383,14.301738074456551,14.30252561825391,0.0007875437973581256,13.33219066773546,9.920263151191449,-3.4119275165440115
2025-12-05,15.815685271988253,1,12.980341275823548,13.437969070318971,0.4576277944954228,19.29384907239333,21.682520875049235,2.3886718026559066,22.08197812094737,21.128289355869214,-0.9536887650781551,12.972437844578181,14.153634393174286,1.1811965485961053,14.24675024065175,14.522322461576977,0.27557222092522693,13.318755077535343,9.969375475940822,-3.3493796015945208
2025-12-12,15.71089701177146,1,12.986204181289395,13.718911704382975,0.7327075230935804,19.23825706210917,21.744099615529848,2.5058425534206776,21.827647420765885,21.008638779270868,-0.8190086414950173,13.104445716411178,13.455891877696615,0.3514461612854376,14.403108892186637,14.455226048941881,0.05211715675524431,12.705718797866496,9.882614044806587,-2.8231047530599085
2025-12-19,15.74245893081711,1,12.587721751209386,13.60972046154626,1.0219987103368737,19.342388209930192,21.751815236525744,2.4094270265955515,21.878339407737244,21.04385683584802,-0.8344825718892253,13.247145797685107,13.5651108270566,0.31796502937149285,14.521914920463487,14.52970604384717,0.00779112338368293,12.877243497877245,9.954544180078898,-2.9226993177983474
2025-12-26,15.82459686590348,1,12.592781298908093,14.193523870619188,1.6007425717110948,19.780072711058196,22.175314793505024,2.3952420824468277,22.280269016955913,21.241147613214522,-1.0391214037413903,13.276087689673219,13.529186733136498,0.2530990434632798,14.770585544127286,14.740051245636053,-0.030534298491232903,12.247784934698174,9.068356939309567,-3.1794279953886075
2026-01-02,16.67040131019375,1,12.699247391938798,14.709768399158676,2.0105210072198787,20.471565913674624,23.125506227816203,2.653940314141579,23.241207160708413,22.132787993679884,-1.1084191670285293,14.465502443002464,14.542111487640597,0.07660904463813267,15.680290903401058,15.251556042584113,-0.42873486081694523,13.464594048437135,10.260677710283005,-3.20391633815413
2026-01-09,16.78916561249454,1,12.66523945837497,14.825231854096728,2.1599923957217584,20.4661058924478,22.504266723589296,2.0381608311414965,23.48502904701769,22.31723194258933,-1.1677971044283595,14.78296230550447,14.348176722766695,-0.43478558273777423,15.968673314238401,15.756932353108127,-0.21174096113027474,13.366983657383912,10.983154078817051,-2.3838295785668606
2026-01-16,16.607174315395017,1,13.116830485569864,15.029712588003605,1.9128821024337412,20.371149181728754,21.674951114925463,1.3038019331967092,22.93448943236605,21.90005838316445,-1.0344310492016007,14.095120756611408,13.98549315221537,-0.10962760439603869,15.669357035644737,15.733597763032847,0.06424072738811049,13.456099000449285,11.31923289102835,-2.136866109420936
2026-01-23,16.721369665818965,1,13.231045452722626,15.163406576436842,1.932361123714216,20.437242934829726,21.772092222404765,1.3348492875750395,22.847295584613036,21.93003329111123,-0.9172622935018069,14.166535107369839,14.352507578734375,0.18597247136453632,15.804900443488464,15.78897168868535,-0.015928754803113065,13.841198471890095,11.32120663754121,-2.519991834348886
2026-01-30,16.416641098020232,1,14.654464114372644,17.92920336752732,3.274739253154678,19.840048512993008,21.439818613784,1.599770100790991,22.11386195552248,19.841290678557897,-2.272571276964584,12.758194246975378,12.516518192280643,-0.24167605469473585,15.332050596904821,15.101098495765214,-0.23095210113960718,13.801227161353069,11.67191724020634,-2.129309921146728
2026-02-06,16.21413372812182,1,14.993536105476338,18.26175696360346,3.2682208581271226,19.442337359231217,20.411535155338996,0.9691977961077782,20.77484852763412,19.202918128875538,-1.5719303987585818,12.15641281390117,11.718342145863247,-0.4380706680379234,15.690007443361182,15.461132393334253,-0.22887505002692876,14.227660119126895,12.229117581715414,-1.9985425374114811
2026-02-13,16.218847421639193,1,15.173405789549037,18.384762650065966,3.211356860516929,19.281956394128954,20.348416230235102,1.066459836106148,20.82590809736871,19.27258722626543,-1.5533208711032813,12.11984483276899,11.777743489059063,-0.3421013437099276,15.716479921837802,15.334176829849298,-0.3823030919885042,14.195489494181672,12.195398104360294,-2.000091389821378
2026-02-27,16.38243832129155,1,15.03658613606109,18.704779333241916,3.668193197180827,19.941240016979123,20.764768334486746,0.8235283175076233,20.91571102365124,19.18847632740986,-1.727234696241382,11.96857631626203,11.65432992573048,-0.3142463905315509,16.209379740624243,15.85028086370562,-0.3590988769186225,14.223136694171572,12.131995143174649,-2.091141550996923
2026-03-06,17.940878277373535,1,17.777178572111737,21.155413356608406,3.3782347844966694,20.43864324592741,22.189763373810138,1.7511201278827286,21.968487425400838,20.273864689865903,-1.694622735534935,13.536763681736602,12.561829328578142,-0.97493435315846,18.725195487870096,17.990855570011306,-0.7343399178587902,15.199001251194531,13.473543345367275,-1.7254579058272554
2026-03-13,18.8019099611924,1,18.61342894639789,23.14393468471529,4.530505738317402,21.810253860196653,22.67915200211985,0.8688981419231965,22.626264936251815,20.964905671918856,-1.6613592643329582,14.352282464660448,13.464386415325038,-0.88789604933541,19.46697538859128,18.15321305155696,-1.3137623370343192,15.94225417105632,14.405867941518366,-1.5363862295379533
2026-03-20,18.974857472538755,1,17.911627987131283,23.323347278103,5.4117192909717176,22.207945710113535,22.986065626046837,0.7781199159333028,22.115296139014916,20.788090364136536,-1.3272057748783794,15.063946433682261,14.035347677544024,-1.028598756138237,19.494868056962716,17.685312702847327,-1.809555354115389,17.055460508327826,15.03098118655484,-2.0244793217729864
2026-03-27,19.215413736074115,1,18.370123526971767,23.950258105969993,5.580134578998226,22.131642116987123,23.571823453604694,1.4401813366175702,22.621444402511685,20.81762308318362,-1.8038213193280654,14.997112604735861,14.062502897723391,-0.9346097070124699,19.860052455860938,17.79126843240337,-2.0687840234575674,17.312107309377325,15.099006443559574,-2.2131008658177507
2026-04-03,18.53810355936233,1,16.964376330713378,22.938878523418367,5.974502192704989,22.40361723269558,25.61009157324291,3.206474340547331,21.832682241150323,19.09598108964471,-2.7367011515056134,14.396191201594803,13.018545633798198,-1.3776455677966055,19.24614803921139,17.819625191125112,-1.4265228480862788,16.385606310808512,12.745499344944704,-3.640106965863808
2026-04-10,19.119563818969823,1,17.865514100283946,24.36362802403616,6.498113923752214,23.927488809094996,25.788650445519636,1.8611616364246402,22.08294153862903,19.866506522371196,-2.216435016257833,14.010804662706676,12.891933162913801,-1.1188714997928741,20.208127204385022,18.13443160578396,-2.073695598601063,16.62250659871927,13.672233153194185,-2.9502734455250845
2026-04-17,19.06480494116287,1,17.692420799451313,23.769668163812298,6.077247364360986,23.70668589157627,25.964991849935913,2.2583059583596423,21.93892794337404,19.831085171697026,-2.1078427716770136,13.917718253577291,13.076526882532136,-0.8411913710451557,20.705099404933904,18.332596729923864,-2.3725026750100398,16.427977354064396,13.413960849075977,-3.014016504988419
2026-04-24,19.28637749617204,1,18.068210238701354,25.4459165442925,7.377706305591147,24.12067936761784,26.16268393176489,2.0420045641470495,21.66212112116004,19.04118183350907,-2.6209392876509696,13.857882725534111,12.941442746922604,-0.916439978611507,21.64288417789568,18.419455498109315,-3.223428679786366,16.366487346123208,13.707584422433854,-2.6589029236893538
2026-05-01,19.45766786668986,1,18.015398274631778,23.36657754806906,5.351179273437282,24.8769607781104,26.408027581254956,1.5310668031445545,21.491841848745224,19.605692222279927,-1.886149626465297,13.980034362333015,13.610200682223237,-0.36983368010977813,22.24743158322981,19.699254186514295,-2.5481773967155164,16.13434035308893,14.056254979797686,-2.0780853732912448
2026-05-08,18.999300385467865,1,17.624330210629736,23.677090183980425,6.052759973350689,24.486889721847646,25.222895831800216,0.7360061099525694,21.733958572350318,19.400422574889006,-2.3335359974613112,13.007897558805638,12.540456369057082,-0.46744118974855553,21.35948690520371,19.487683871103485,-1.8718030341002247,15.783239343970152,13.667253481977,-2.1159858619931526
2026-05-15,19.244559852447633,1,17.833723522475964,23.495474466095686,5.661750943619722,24.220088938060044,25.289012624641515,1.0689236865814706,21.892855010328176,19.84561551860851,-2.0472394917196652,13.700717087223111,12.920731868326328,-0.7799852188967833,22.15737424537315,19.989710914487958,-2.1676633308851905,15.662600311225361,13.926813722525779,-1.7357865886995825
2026-05-22,18.91567182629123,1,16.92812238344341,23.16741842364776,6.239296040204351,24.155290535306875,24.76619400949224,0.6109034741853634,21.551318608594883,18.568286040288427,-2.983032568306456,13.63097764510475,13.025639438130554,-0.6053382069741957,21.59127284781482,19.987553384714843,-1.6037194630999778,15.637048937482646,13.978939661473575,-1.6581092760090712
2026-05-29,18.67411922731566,1,17.258743995803655,22.345569621251826,5.086825625448171,23.916217768736033,24.349179263135724,0.43296149439969156,21.24218166995952,18.010831513677147,-3.2313501562823745,14.119366137586496,13.428615346067815,-0.6907507915186812,20.7961026629128,20.274622823232917,-0.5214798396798841,14.71210312889545,13.635896796528527,-1.0762063323669224
2026-06-05,19.021382545309528,1,17.278153596420864,22.971488901181615,5.693335304760751,24.145727310912747,24.225183751652196,0.07945644073944891,21.98300452353803,19.58908823356198,-2.3939162899760476,14.296894052713299,13.549506307080733,-0.7473877456325653,21.005608162574433,19.99280370785786,-1.0128044547165729,15.418907625697798,13.800224370522798,-1.6186832551750001
2026-06-12,18.274768813831926,1,14.993933911923605,19.128966624447386,4.135032712523781,23.04378428481499,24.062529002607064,1.0187447177920745,21.57156391354279,19.514678431748123,-2.056885481794666,13.845888188359694,12.943338510578258,-0.9025496777814368,20.86403028416028,19.94576983383712,-0.9182604503231602,15.3294123001902,14.053330479773635,-1.2760818204165645
2026-06-19,18.51320658014966,1,15.169487799567847,20.02152924590439,4.852041446336543,23.50563924143397,24.433619205021657,0.9279799635876884,22.12681703211986,19.542013008139776,-2.584804023980084,14.095890670436518,13.266709900460128,-0.8291807699763893,20.692792843317747,19.71097114961998,-0.9818216936977677,15.488611894022014,14.104396971752053,-1.3842149222699618
2026-06-26,18.654337830592674,1,15.47156703636692,20.419705607634214,4.948138571267293,23.741570545651072,24.530209954533788,0.788639408882716,22.00111154035548,19.86302638764076,-2.138085152714723,13.807879739173458,13.167005854279495,-0.6408738848939635,21.358501074724273,19.80309790681882,-1.5554031679054532,15.545397047284837,14.142981272648996,-1.4024157746358412
2026-07-03,18.819633488355226,1,15.453495704016632,20.14892936353864,4.69543365952201,23.85188764643111,24.225715155877154,0.3738275094460448,22.736872829674653,21.371055475666097,-1.3658173540085556,13.686382607422388,13.517238466841675,-0.1691441405807126,21.61011808533317,19.26664710074391,-2.34347098458926,15.579044057253412,14.388215367463829,-1.1908286897895834
2026-07-10,18.683785989853053,1,15.381505167032941,20.046077530914033,4.664572363881092,23.784895488399144,24.217263059156096,0.4323675707569521,22.577828339274404,21.72420024118921,-0.8536280980851956,13.403707102407466,12.942187338897938,-0.4615197635095285,21.418167409755966,18.966534476175127,-2.4516329335808393,15.53661243224839,14.206453292785923,-1.3301591394624666
2026-07-17,18.898688689561776,1,15.50363152210835,20.68798579898899,5.18435427688064,24.6910018370869,24.25208688691565,-0.43891495017125237,22.318176026350685,21.007630959761343,-1.3105450665893414,13.864137001013319,14.428516573736033,0.5643795727227143,21.228436687353934,18.636516179242975,-2.5919205081109595,15.786749063457478,14.379395738725634,-1.4073533247318437
