date,TCI,lag_selected,FROM_Indonesia,TO_Indonesia,Net_Indonesia,FROM_Malaysia,TO_Malaysia,Net_Malaysia,FROM_Philippines,TO_Philippines,Net_Philippines,FROM_Singapore,TO_Singapore,Net_Singapore,FROM_Thailand,TO_Thailand,Net_Thailand,FROM_Vietnam,TO_Vietnam,Net_Vietnam
2016-02-19,9.07958138804267,1,10.15949000079344,8.831923421895922,-1.3275665788975175,8.905013234619574,9.237993353636796,0.3329801190172219,10.586242072566847,9.705032495749734,-0.8812095768171133,11.095394619869339,12.216815389515517,1.1214207696461784,11.294806514744067,10.756357885686342,-0.5384486290577257,2.4365418856627485,3.729365781771733,1.2928238961089846
2016-02-26,9.099160687964208,1,10.181070964462634,8.849267343763344,-1.33180362069929,9.345408939332913,9.688937005516053,0.3435280661831399,10.468912608506727,9.559775140750034,-0.9091374677566932,11.221289847700746,12.30325920264471,1.0819693549439648,11.041797156916076,10.635335483967566,-0.40646167294850954,2.336484610866151,3.558389951143539,1.221905340277388
2016-03-04,9.894409420846328,1,12.791123454884882,10.920714049711052,-1.870409405173831,9.878383248039498,10.222170507160783,0.34378725912128516,10.903915653451804,10.134068571154472,-0.769847082297332,12.056421740817868,12.942308790930653,0.8858870501127853,11.342624784563242,11.203739005658505,-0.1388857789047364,2.3939876433206706,3.943455600462542,1.5494679571418715
2016-03-11,9.846379884858772,1,12.583734388305132,10.970337070021245,-1.6133973182838872,9.90693613303523,10.162498400715663,0.2555622676804319,10.702500947711215,9.817635631970077,-0.8848653157411377,11.927468114561748,12.787164276106424,0.8596961615446759,11.496410313900085,11.372068316324558,-0.12434199757552733,2.4612294116392235,3.9685756140147106,1.507346202375487
2016-03-18,9.883112480444929,1,12.7769909242854,11.089610520853512,-1.687380403431888,10.019444413651556,10.208222130163904,0.1887777165123481,10.626734659737593,9.975171488311645,-0.6515631714259484,12.124529350223682,12.898576789833498,0.7740474396098165,11.32339910566077,11.150659588083442,-0.17273951757732675,2.427576429110573,3.9764343654235574,1.5488579363129844
2016-04-01,10.075996555432008,1,12.972407929686042,11.206161414527216,-1.7662465151588265,10.342637929944544,10.599713226198958,0.2570752962544134,10.770630977310859,9.947970743739305,-0.822660233571554,12.318420210725208,13.234933213516953,0.9165130027917456,11.532603233830727,11.107010998358064,-0.42559223547266356,2.5192790510946708,4.360189736251556,1.840910685156885
2016-04-08,10.284083812087937,1,13.64810512550359,12.084937886916151,-1.5631672385874396,10.418271951905638,10.7904122981313,0.37214034622566317,11.436872371017586,10.673331362260924,-0.7635410087566612,12.506274873728529,13.25700381619609,0.7507289424675605,11.069146359462735,10.637471801815607,-0.4316745576471277,2.6258321909095486,4.261345707207511,1.6355135162979622
2016-04-22,10.267139334067222,1,13.470683486630094,12.074043856504247,-1.396639630125847,10.314475837702432,10.783807026472559,0.46933118877012703,11.627835097432325,10.68440620639737,-0.9434288910349551,12.42929280178629,13.183331907780698,0.7540391059944085,11.019286101159551,10.633304004517484,-0.38598209664206706,2.741262679692639,4.243943002730973,1.5026803230383337
2016-04-29,10.377373141782023,1,13.498255967744626,12.14588675597021,-1.3523692117744162,10.559560883611894,11.02615180688538,0.46659092327348617,11.737822609784516,10.816000172294054,-0.9218224374904622,12.845545081979708,13.525601889330403,0.6800568073506952,10.795935485988949,10.484345249199365,-0.3115902367895842,2.827118821582445,4.266252977012726,1.4391341554302812
2016-05-13,10.527833722927019,1,13.480113246586981,12.177168500706415,-1.3029447458805663,10.939893292453348,11.642990117633929,0.7030968251805803,11.827603136368225,10.604986041177625,-1.2226170951906,12.622237976397557,13.30205425757687,0.6798162811793134,11.347145863882787,11.060637297811184,-0.28650856607160335,2.9500088218732117,4.379166122656073,1.4291573007828617
2016-05-27,10.404072430382973,1,12.97151684047499,11.565924618243997,-1.4055922222309931,10.896273169554789,11.953615778616523,1.0573426090617346,11.642130396226406,10.515466327111156,-1.1266640691152503,12.319034880786873,12.927809208280507,0.6087743274936344,11.899682243776013,11.269716491103566,-0.6299657526724474,2.6957970514787633,4.191902158942085,1.4961051074633218
2016-06-03,10.839027741889318,1,13.796996657303922,12.01559420034485,-1.7814024569590714,11.221568187119459,12.226806554977557,1.005238367858098,11.877466240605074,11.03558278484688,-0.8418834557581931,12.601726604162337,13.237280301976185,0.6355536978138474,12.65435523534758,12.396397855515545,-0.25795737983203537,2.8820535267975345,4.122504753674875,1.2404512268773402
2016-06-10,10.97373429532468,1,14.075316789865937,12.303528810981874,-1.7717879788840634,11.13999286468902,12.415990322382456,1.2759974576934354,12.897451342662265,11.513894347252275,-1.3835569954099896,12.5671666802414,13.172628779404178,0.6054620991627786,12.465916590984065,12.826413858294359,0.3604972673102935,2.696561503505393,3.6099496536329525,0.9133881501275596
2016-06-17,10.768583635306483,1,14.075139050748618,12.015633893956775,-2.059505156791843,10.436230257696906,11.65911770585177,1.2228874481548644,13.068081604241641,12.135790788399987,-0.9322908158416539,12.249061369129606,12.89333941179629,0.6442780426666843,12.035332921035248,12.402196881264587,0.3668639602293382,2.7476566089868726,3.50542313056944,0.7577665215825675
2016-06-24,10.713136780313775,1,14.316079452495046,12.093953057980514,-2.2221263945145324,10.195362870270927,11.558384506916681,1.3630216366457546,13.642058882134165,12.652374396354759,-0.9896844857794065,11.8278787311246,12.22497261035798,0.39709387923338113,11.976813814356575,12.622990438117569,0.6461766237609936,2.3206269315013373,3.1261456721551752,0.805518740653838
2016-07-15,10.827493280043951,1,14.28779760974733,12.322054433397057,-1.9657431763502728,10.415180351461274,11.7344767617775,1.3192964103162268,13.79828859544591,12.791099907884472,-1.0071886875614382,12.117578064122398,12.608467198450342,0.49088913432794357,12.003789249823171,12.746414054637171,0.7426248048139996,2.3423258096636204,2.7624473241171614,0.42012151445354107
2016-07-22,10.737578879804824,1,14.274276918626569,12.068234511202206,-2.2060424074243628,10.342396098235596,11.526475040345133,1.1840789421095366,13.232698801938085,12.621430235075422,-0.6112685668626625,12.333513883315533,12.746823110512906,0.41330922719737373,11.944023460587786,12.871207384994563,0.9271839244067763,2.2985641161253767,2.5913029966987153,0.29273888057333863
2016-07-29,10.410863956590084,1,14.135374129055236,11.76404819693839,-2.3713259321168465,9.898796963357,11.010969329673273,1.1121723663162726,12.962386018565212,12.303826283109089,-0.658559735456123,11.749376966676124,12.246448564812894,0.4970715981367704,11.77372125365713,12.624192725852765,0.8504714721956361,1.945528408229805,2.515698639154067,0.570170230924262
2016-08-05,10.198840058688402,1,13.29116936977023,11.049042144869944,-2.242127224900287,9.886440684709967,11.037137465867275,1.1506967811573077,12.6912674513503,12.048929624005282,-0.6423378273450169,11.560871496019757,11.87470109542258,0.3138295994028226,11.792972110308511,12.727531416941105,0.9345593066325932,1.9703192399716443,2.455698605024182,0.48537936505253754
2016-08-19,10.19290780489142,1,13.381075503546114,11.12006521005894,-2.2610102934871747,9.81217045986385,11.073153992508637,1.2609835326447865,12.715936707957937,12.085537072063175,-0.6303996358947614,11.57174027164369,11.846119055016942,0.27437878337325117,11.811254181177688,12.69291780807093,0.8816636268932427,1.8652697051592355,2.339653691629863,0.4743839864706274
2016-08-26,10.274017501740724,1,13.51646218915964,11.206403805943694,-2.310058383215946,9.964489014890233,11.208126101792857,1.2436370869026234,12.709168263600873,12.085806794811461,-0.6233614687894118,11.700601582019601,11.954557147082951,0.25395556506335026,11.971675395752854,12.869557400951535,0.8978820051986816,1.7817085650211482,2.3196537598618363,0.5379451948406881
2016-09-09,10.434159495624288,1,13.49636875201297,11.170151477952288,-2.3262172740606815,9.865018957135291,10.924048438665395,1.0590294815301036,13.135415900923107,12.788368171513582,-0.34704772940952466,11.741865226810106,11.851744281047246,0.1098790542371404,12.695762219207651,13.650458361858668,0.9546961426510165,1.6705259176566045,2.2201862427085786,0.549660325051974
2016-09-23,10.575855675990859,1,13.517891926945893,11.1397843261976,-2.3781076007482937,9.902487274734597,11.152189349829328,1.2497020750947314,13.646982681091345,12.785954849252775,-0.8610278318385696,12.52358451760206,13.051645896934986,0.5280613793329252,12.423635661666111,13.394877611888347,0.971241950222236,1.4405519939051459,1.9306820218421024,0.4901300279369565
2016-09-30,10.754168711750955,1,13.431223117219076,11.036105458874246,-2.39511765834483,10.39484638327886,11.737629051194475,1.342782667915614,13.684701090282303,12.817646885652806,-0.8670542046294969,12.970455772734624,13.260759029218548,0.29030325648392363,12.369275725362257,13.674897884154802,1.305622158792545,1.6745101816286052,1.9979739614108354,0.3234637797822302
2016-10-07,11.019103243558481,1,13.622538513936462,11.185568168851574,-2.4369703450848874,10.432813744092357,11.565136360310305,1.132322616217948,13.88538349785749,12.978123814107988,-0.9072596837495013,13.115671343538992,13.427559966271858,0.3118886227328659,13.370739438363927,14.906879006123063,1.536139567759136,1.687472923561657,2.05135214568611,0.3638792221244529
2016-10-14,10.98305865455376,1,13.611575361206377,11.19267930621021,-2.4188960549961678,10.326142675255852,11.489011560226032,1.1628688849701803,13.743361653459672,12.968251264224719,-0.7751103892349533,13.17633586562404,13.38021275304007,0.20387688741602972,13.421363185263885,14.793980571642436,1.3726173863785505,1.6195731865127385,2.074216471979085,0.45464328546634647
2016-10-21,10.806656839146571,1,13.195534052940715,10.83725882043052,-2.358275232510195,10.217547362789347,11.29964022637354,1.0820928635841938,13.544223683161832,12.707014509795215,-0.8372091733666167,13.09542761745793,13.411184583596139,0.3157569661382098,13.272391662125969,14.496109924814732,1.223718262688763,1.5148166564036387,2.0887329698692696,0.5739163134656309
2016-10-28,11.517070718659886,1,15.513222413962637,13.168444007013477,-2.3447784069491604,11.544282371861868,12.508294381591554,0.9640120097296858,13.310439519118376,12.224041471399502,-1.0863980477188733,13.328685916725064,13.536702281840263,0.20801636511519916,14.057276074475226,15.551377303091229,1.4941012286160031,1.3485180158161398,2.113564867023271,0.7650468512071313
2016-11-04,11.47145898278468,1,15.370803947146342,13.41073034553132,-1.9600736016150222,11.54778510243402,12.154536395738859,0.6067512933048391,13.244244024524974,12.374606854807539,-0.8696371697174357,13.35113574894443,13.586936124387123,0.23580037544269317,13.617202902895002,15.153456066955698,1.536253164060696,1.6975821707633116,2.148488109287541,0.45090593852422955
2016-11-11,11.282936882768263,1,15.06792203641804,12.997580662731522,-2.0703413736865173,10.719591004735264,11.305543203120223,0.5859521983849589,13.73387716524772,12.894009647729092,-0.839867517518627,13.458044581434777,13.902998104632616,0.44495352319783876,13.074962017835745,14.945681226852855,1.8707192090171105,1.6432244909380387,1.651808451543289,0.00858396060525024
2016-11-18,11.337834504584313,1,15.166824984709137,13.133128279463463,-2.0336967052456743,10.721950749788576,11.31460978662362,0.5926590368350446,13.706691261171358,12.955965121886393,-0.7507261392849642,13.539287230431967,13.945696624368864,0.40640939393689735,13.185248728269059,15.017952237144883,1.8327035088758237,1.7070040731357778,1.6596549780186365,-0.04734909511714136
2016-11-25,11.463582220494713,1,15.435106076199645,13.469152754778278,-1.9659533214213667,10.63144707004237,11.192083964813875,0.5606368947715055,13.981977040758665,13.291812991064361,-0.6901640496943031,13.743956388775644,14.166663965552189,0.4227075767765456,13.221234147955684,14.956975827299672,1.7357416793439882,1.7677725992362667,1.7048038194598973,-0.06296877977636939
2016-12-02,11.437580452894133,1,14.581761490608798,12.460241190258046,-2.1215203003507526,11.037939608822185,11.545662239471767,0.5077226306495817,14.375372529026379,13.630673521190275,-0.744699007836104,12.993412499252457,13.298269707173105,0.30485720792064797,13.80323753672279,15.78716353241829,1.9839259956955004,1.8337590529321943,1.903472526853335,0.06971347392114069
2016-12-09,11.314997723333782,1,14.351662070841272,12.439354697215848,-1.9123073736254241,10.895316384581562,11.266719415749236,0.3714030311676737,14.32861055582687,13.508296654358503,-0.8203139014683671,12.917571174854018,13.238356553342228,0.3207853784882104,13.799066709297392,15.588725603991023,1.7896588946936305,1.5977594446015786,1.8485334153458695,0.25077397074429086
2016-12-16,11.30846041827314,1,14.21036427031683,12.374648080405947,-1.8357161899108831,11.054508577789022,11.432909922035023,0.3784013442460008,14.025951849301308,13.158439989052113,-0.8675118602491949,13.074897617045593,13.41756158569595,0.3426639686503563,13.685290122272576,15.515017949452059,1.8297278271794823,1.7997500729135112,1.9521849829977356,0.15243491008422438
2016-12-23,11.343088433917856,1,14.130175823523075,12.636263965438445,-1.4939118580846298,11.206335157529765,11.47691151429163,0.27057635676186464,14.192361350564227,13.328206622785984,-0.8641547277782422,13.212416505172072,13.69033654620226,0.47792004103018826,13.493794440418938,15.02870253712372,1.5349080967047826,1.8234473262990605,1.8981094176651254,0.07466209136606494
2017-01-06,11.792387470777095,1,14.289268538657225,12.677845375203049,-1.6114231634541767,11.782957262804828,12.055316431317095,0.27235916851226705,15.255759991335609,14.312534934772486,-0.9432250565631222,13.87273038438434,14.532418958658937,0.6596885742745968,13.776362580023374,15.221778691760619,1.445416111737245,1.7772460674571988,1.9544304329503461,0.1771843654931473
2017-01-20,12.030281592834696,1,14.82574084382162,13.304167506321775,-1.521573337499845,11.987196180961647,11.8053170881319,-0.18187909282974601,15.475413714424178,15.218178757398292,-0.2572349570258865,14.080741328783802,14.498505722615064,0.41776439383126274,13.999258334921592,15.54899394730009,1.5497356123784982,1.8133391540953312,1.8065265352410336,-0.006812618854297625
2017-02-03,11.676971922254461,1,14.31373328751711,12.610268378045092,-1.703464909472018,11.59244694163938,11.570797264205808,-0.02164967743357238,15.047758821428417,14.396757993043892,-0.6510008283845252,13.779757557944407,14.269331272423784,0.48957371447937703,13.786236577091614,15.362401692191781,1.5761651151001672,1.5418983479058426,1.8522749336163855,0.31037658571054294
2017-02-10,11.736431808815816,1,14.63881608046374,12.862985879594504,-1.7758302008692368,11.373494564348306,11.447548518308352,0.07405395396004621,15.812304580660623,15.070419249071634,-0.7418853315889891,13.206161723626735,13.6129509061239,0.4067891824971639,13.979830805782328,15.548752826887892,1.5689220211055641,1.4079830980131618,1.8759334729086135,0.46795037489545166
2017-02-17,11.517979707401908,1,14.492609245412183,12.700353090092278,-1.7922561553199046,11.044008324313452,11.050067635064224,0.006059310750771374,15.431648296062505,14.816051071588035,-0.6155972244744703,12.96342696542905,13.28700217571415,0.3235752102850995,13.819859202503096,15.351439860982708,1.5315806584796121,1.356326210691165,1.902964410969986,0.5466382002788208
2017-02-24,11.566704374223475,1,14.421963058189235,12.72526186022236,-1.696701197966874,11.024350070972488,11.02926624447079,0.004916173498301646,15.453695264558732,14.952070436087084,-0.5016248284716482,12.895840833018795,13.270263042357342,0.3744222093385474,13.927800077722978,15.514338436462282,1.586538358739304,1.6765769408786184,1.909026225741016,0.23244928486239758
2017-03-03,12.06012693655937,1,15.349880686518816,13.503094249880178,-1.846786436638638,10.791508780492805,10.627009010628143,-0.16449976986466197,16.007390864428686,15.628843426601264,-0.3785474378274216,13.529071323004032,13.985034455539008,0.45596313253497556,15.048676571497623,16.62963386720783,1.5809572957102063,1.634233393414263,1.9871466094998596,0.35291321608559656
2017-03-10,12.574593424037886,1,17.439920098143503,14.31492545302062,-3.1249946451228823,11.368521375049468,11.380482394274367,0.01196101922489845,15.813866763719673,15.592621523792559,-0.2212452399271143,13.756880118809292,14.220107857132376,0.4632277383230843,14.720761302099987,16.733601641533795,2.012840339433808,2.3476108864053913,3.205821674473583,0.8582107880681917
2017-03-17,12.588409485332036,1,17.145254488331005,14.393117186197045,-2.75213730213396,11.537716361010396,11.541077011213417,0.0033606502030210095,16.154599391986963,16.144851872890996,-0.00974751909596705,13.829083799385472,13.946999714821729,0.11791591543625657,14.53199929285573,16.66072851107566,2.128729218219931,2.331803578422651,2.8436826157933552,0.5118790373707043
2017-03-24,12.388436307179964,1,16.984780883034574,14.40168939468687,-2.583091488347705,11.453566496604324,11.206829836398157,-0.24673666020616736,15.712754078659216,15.81113434011678,0.09838026145756373,13.622379747370303,13.50731486904074,-0.11506487832956225,14.284591519218125,16.336870966647766,2.0522794474296404,2.2725451181932357,3.0667784361894803,0.7942333179962446
2017-03-31,12.880662940426324,1,18.825294477930996,16.087932892799287,-2.7373615851317084,11.755088707696643,11.672271611484177,-0.08281709621246591,15.627141767854908,15.467719616528186,-0.15942215132672288,13.285462336893247,13.133615395255063,-0.15184694163818335,14.991234344506822,17.251466525877206,2.260232181370384,2.7997560076753274,3.6709716006140525,0.8712155929387251
2017-04-07,12.747327713672947,1,18.04296328574148,15.785309408933244,-2.2576538768082344,11.839176214562897,11.73618028878937,-0.10299592577352712,15.356977633359591,15.066680612451421,-0.2902970209081701,13.338666474535046,12.998009082837356,-0.3406573916976896,14.966449242093702,17.216301310679384,2.2498520685856818,2.939733431744969,3.6814855783469085,0.7417521466019394
2017-04-21,12.661423772310284,1,18.21321960084775,16.071523733930817,-2.1416958669169333,11.575484495690745,11.62473228041118,0.04924778472043556,15.247031813758525,14.86257848842618,-0.3844533253323448,13.21405490569795,12.766003596021292,-0.4480513096766572,14.774497803277,17.043370089012157,2.2688722857351564,2.944254014589731,3.6003344460600744,0.6560804314703432
2017-05-12,12.531039297016287,1,18.253146131586846,16.228993730896335,-2.024152400690511,11.382152490364703,11.288963368261733,-0.09318912210297015,15.152547605851566,14.909009788746033,-0.24353781710553335,13.022641253727784,12.534521113455042,-0.4881201402727413,14.385664333585026,16.586819146056627,2.2011548124716,2.9900839669818,3.6379286346819413,0.6478446677001415
2017-05-19,12.28659482522199,1,18.247207659138752,16.23432873410006,-2.0128789250386916,10.654688072712688,10.542995459584617,-0.11169261312807066,14.739720602223798,14.319744980586009,-0.41997562163778923,12.495197828144214,12.052100170229892,-0.443097657914322,14.51743767850786,16.851766468544852,2.3343287900369916,3.0653171106046244,3.7186331382865347,0.6533160276819103
2017-05-26,12.24056573473635,1,18.16934165960126,16.11259162062707,-2.0567500389741866,10.75114171122091,10.633907275392346,-0.11723443582856419,14.497391835101979,14.148765927540694,-0.348625907561285,12.509519350620735,11.946213452499691,-0.5633058981210439,14.465188036081955,16.804000756346625,2.33881272026467,3.0508118157912634,3.7979153760116304,0.7471035602203671
2017-06-02,12.438970129002898,1,18.437130828878352,16.349449468352773,-2.087681360525579,10.996528033574123,10.847009516370576,-0.14951851720354625,14.538336369928103,14.049282638227979,-0.48905373170012467,12.51083976452874,12.211141671585338,-0.29969809294340166,14.737856174581012,17.02242780154424,2.2845716269632277,3.4131296025270643,4.154509677936517,0.7413800754094524
2017-06-09,12.446522584320348,1,18.103023715070663,16.179340655700756,-1.9236830593699068,11.42144808143857,11.180936384678844,-0.24051169675972517,14.345657561899472,13.87393897780305,-0.471718584096422,12.74946321347366,12.398353516849099,-0.3511096966245617,14.369483791873847,16.590326850352028,2.220843058478181,3.690059142165879,4.456239120538285,0.7661799783724064
2017-06-16,12.544249495509561,1,18.09267202997765,16.220319708989265,-1.8723523209883837,11.370684638722423,11.18990740894293,-0.18077722977949406,14.502605186520213,14.018052764307853,-0.48455242221236006,12.739660678408754,12.521678931942006,-0.21798174646674795,14.863882256560387,16.992078920116015,2.1281966635556273,3.69599218286794,4.323459238759341,0.6274670558914011
2017-07-07,12.818121298869926,1,18.511317657810025,16.428857902989563,-2.082459754820462,11.923264831137914,11.810969889173279,-0.11229494196463463,14.466886416805437,13.9328133614667,-0.5340730553387374,13.134586342941333,12.828261352730209,-0.3063249902111238,15.134401812228177,17.548407085250176,2.414005273021999,3.7382707322966695,4.359418201609614,0.6211474693129446
2017-07-14,12.82354560874324,1,18.83491494553118,16.657481907683902,-2.1774330378472797,11.997894974688762,11.813046402882065,-0.18484857180669678,14.488940877655878,14.018880431193452,-0.4700604464624263,12.602596044151156,12.273380150041831,-0.32921589410932484,15.22008289938303,17.726446883674484,2.506363984291454,3.796843911049436,4.452037876983738,0.655193965934302
2017-07-21,12.761097679693679,1,18.56201122533689,16.470041582532332,-2.091969642804557,11.927398994110959,11.78636073390561,-0.14103826020534882,14.619295368384712,14.124696376707618,-0.4945989916770941,12.400077490147268,12.162327575043847,-0.23774991510342147,15.252018736253419,17.42563543121814,2.1736166949647213,3.805784263928828,4.597524378754514,0.7917401148256857
2017-08-04,12.781861766165134,1,18.48724359747871,16.280911878863733,-2.206331718614976,12.14657540171875,12.068401632682296,-0.07817376903645368,14.313545081722935,13.726473488853173,-0.5870715928697621,12.822734935427917,12.3204179278421,-0.5023170075858161,15.179868940705205,17.807739645705368,2.627870705000163,3.741202639937285,4.48722602304413,0.746023383106845
2017-08-11,12.325292452979413,1,18.21427514843836,15.770715140968406,-2.443560007469955,11.75779614060501,11.58221093080985,-0.1755852097951589,14.140466182339253,13.39688297263254,-0.7435832097067134,11.744146910506629,11.793558682818514,0.04941177231188476,14.540132932911945,17.034992944637636,2.4948600117256916,3.554937403075286,4.373394046009565,0.8184566429342794
2017-08-18,12.597880725076402,1,18.098912534920544,15.498694200930458,-2.6002183339900853,12.712461556803234,12.320604914786742,-0.3918566420164922,14.199050195926958,13.240518543935906,-0.9585316519910521,12.644138984805394,13.44205445166429,0.7979154668588961,14.499367590997437,16.762275926485955,2.262908335488518,3.433353487004851,4.323136312655052,0.889782825650201
2017-08-25,13.093537109239177,1,19.110362618015287,16.614956857502364,-2.4954057605129236,13.075970614614135,12.349739681829163,-0.7262309327849721,14.75478171719449,13.751415889983917,-1.0033658272105725,13.123953293448054,14.00369380305618,0.8797405096081263,14.92859757646761,17.249754732974623,2.321157156507013,3.567556835695484,4.591661690088813,1.0241048543933289
2017-09-08,12.732370037023356,1,18.509097001934734,15.964339456028668,-2.544757545906066,12.750061378535449,11.896580755099379,-0.8534806234360701,14.838420494694276,14.0640453144281,-0.7743751802661762,12.663197663940508,13.593242665007622,0.9300450010671142,14.582913187248593,16.695332948126804,2.112419760878211,3.0505304957865746,4.180679083449576,1.130148587663001
2017-09-15,11.701751069880856,1,17.00797619434647,14.797727717692851,-2.210248476653618,11.562750913940661,10.912347666186122,-0.6504032477545394,13.596766972771547,13.026434180948016,-0.5703327918235317,11.856510707731175,12.491702223780536,0.6351915160493604,13.257031250471513,15.45857934948559,2.201548099014076,2.9294703800237727,3.5237152811920396,0.5942449011682669
2017-09-29,11.401340782655174,1,16.854756784101,15.04870845667,-1.8060483274310002,10.839855851985178,10.09955655153928,-0.7402993004458978,13.064181254249291,12.483373729483688,-0.5808075247656035,11.584621675148568,12.16624219429518,0.5816205191466111,12.82369951574205,14.937371805005313,2.1136722892632633,3.240929614704953,3.6727919589375944,0.43186234423264125
2017-10-06,11.36934333831811,1,16.858249533832833,14.713502057757779,-2.144747476075054,10.758380763866057,10.1321316298053,-0.6262491340607568,13.123958652287413,12.618796726025565,-0.5051619262618487,11.432755016185439,12.216084648040763,0.7833296318553238,12.796151177714222,14.829407428587203,2.033256250872981,3.2465648860226963,3.7061375396920084,0.4595726536693121
2017-10-20,10.816160831725844,1,16.19762833364466,14.09193788622349,-2.1056904474211677,9.898849468873948,9.340269809473298,-0.5585796594006496,12.637142912552164,12.272619555989223,-0.3645233565629411,10.75897329665787,11.351644176544696,0.5926708798868248,11.973897255744546,13.974158334954126,2.0002610792095794,3.430473722881871,3.866335227170225,0.43586150428835424
2017-10-27,10.950774002002625,1,16.266554179589136,13.982767584769775,-2.283786594819361,9.961127543495763,9.470976393452744,-0.4901511500430189,13.001854660091979,12.473961082057272,-0.5278935780347069,10.740357735609962,11.497836696573515,0.757478960963553,12.2867412324063,14.36748704166969,2.080745809263391,3.448008660822609,3.911615213492766,0.46360655267015716
2017-11-03,10.282974016256285,1,15.34673113081017,13.111475982856163,-2.235255147954007,9.33866926659499,9.014477191126772,-0.3241920754682184,12.348061708508638,11.85169815210422,-0.4963635564044182,9.869321044145593,10.67838613423342,0.8090650900878273,11.4869941196837,13.219201551758886,1.7322074320751852,3.308066827794619,3.822605085458264,0.514538257663645
2017-11-10,10.386661207177303,1,15.571975009633562,13.120176383565664,-2.451798626067898,9.806226896415794,9.184465957808968,-0.6217609386068261,12.343198077969049,11.856306999002143,-0.48689107896690587,9.728038502759858,10.972208990543024,1.2441704877831654,11.508241651068118,13.27291313873792,1.7646714876698013,3.3622871052174332,3.913895773406111,0.5516086681886776
2017-11-17,10.564517140863542,1,16.157273314029325,13.49750089844764,-2.659772415581685,9.871294601221322,9.150000220853428,-0.721294380367894,12.370028030639773,11.927947764308755,-0.4420802663310184,9.843469413014972,11.251065673682533,1.4075962606675603,11.570144326267837,13.423812912143134,1.8536685858752975,3.574893160008017,4.136775375745756,0.5618822157377394
2017-11-24,10.56347314175022,1,16.031130260674303,13.541488996328084,-2.4896412643462185,9.781348772800513,9.102050725552516,-0.6792980472479968,12.685145910136399,12.20782989136272,-0.4773160187736778,9.765932329042187,11.091395468295744,1.3254631392535572,11.622378645466341,13.466482351088402,1.8441037056220608,3.494902932381578,3.9715914178738387,0.47668848549226084
2017-12-01,10.43786942189705,1,15.573646352071776,13.153608421636221,-2.420037930435555,9.5472415122439,9.232442414635017,-0.31479909760888347,12.497924593259242,11.986617077689985,-0.511307515569257,9.847451942338196,10.881314768744673,1.0338628264064766,11.558646643445712,13.454102231695558,1.8954555882498454,3.6023054880234753,3.9191316169808488,0.3168261289573735
2017-12-08,10.141846807406184,1,15.329604413989074,12.99843806615948,-2.331166347829594,8.65787231972405,8.226879281624022,-0.4309930381000271,12.56560636166202,12.249482869386654,-0.3161234922753664,9.310938551372715,10.263630096730523,0.9526915453578084,10.99011136512253,12.703414717052453,1.7133033519299232,3.9969478325667183,4.409235813483974,0.41228798091725594
2017-12-15,10.322987082418065,1,15.348056379618768,12.711295749283508,-2.63676063033526,8.661065637627232,8.552738859975591,-0.10832677765164078,13.351077088498869,12.553346294783466,-0.7977307937154023,9.421339752999756,10.796242835605895,1.3749030826061386,10.924858831110384,12.738077876167523,1.8132190450571386,4.231524804653375,4.5862208786924015,0.35469607403902614
2017-12-22,10.309332378404738,1,14.92387103917062,12.449977757561598,-2.4738932816090227,8.645878726233974,8.68562237840193,0.03974365216795661,13.144107534606562,11.725823780755519,-1.4182837538510427,9.845657597927215,11.65614055846892,1.8104829605417052,10.751182297752791,12.329146729147567,1.5779644313947756,4.545297074737263,5.009283066092877,0.4639859913556137
2017-12-29,10.352625756715407,1,15.16399063152933,12.533298673924918,-2.6306919576044123,8.593918488742432,8.6372200864827,0.04330159774026754,13.161530076522297,11.740252806360772,-1.421277270161525,9.758120227230734,11.47662023820672,1.718500010975987,10.96119240011214,12.738056241289001,1.776863841176862,4.477002716155511,4.990306494028346,0.5133037778728351
2018-01-05,9.931554367644802,1,13.671669736836662,10.950972556981426,-2.720697179855236,8.429983195047257,8.501007827658768,0.07102463261151115,12.792051030847503,11.366831351026477,-1.4252196798210264,9.649878664597352,11.339224974724956,1.689346310127604,10.929069673784923,12.907091561004393,1.9780218872194695,4.1166739047551175,4.524197934472809,0.40752402971769186
2018-01-12,9.774644143757655,1,13.335286870903133,10.78437810921102,-2.5509087616921136,8.463553751880838,8.523312532002066,0.05975878012122848,12.543192342884282,11.262415313317575,-1.280777029566707,9.434104293647962,10.817262197181819,1.3831579035338564,11.065841871594628,13.002020237927809,1.9361783663331806,3.8058857316350867,4.2584764729056275,0.4525907412705408
2018-01-19,10.020255709381061,1,13.264334241170062,10.77095357778721,-2.493380663382851,9.699580418076806,9.474672968031527,-0.22490745004527923,12.47941707545246,11.21448952972122,-1.2649275457312399,9.91183094664494,11.392585543882959,1.4807545972380183,11.154827506196597,13.065826014062438,1.9109985078658411,3.611544068745502,4.203006622801027,0.591462554055525
2018-01-26,10.066869824011638,1,13.484588547230103,11.056428560042818,-2.4281599871872857,9.534446006932328,9.240893498285004,-0.2935525086473234,12.733149052453413,11.751857092143297,-0.9812919603101165,9.874658150841015,11.310675887203942,1.4360177363629276,11.04153925795272,12.840083354380852,1.798544096428131,3.7328379286602456,4.201280552013898,0.4684426233536527
2018-02-02,9.848706107513513,1,13.428533961266353,11.139594078259634,-2.2889398830067194,9.229891711666056,9.001273051378249,-0.22861866028780753,12.540149710828942,11.52203921471559,-1.0181104961133514,9.741223682749435,11.134817370528424,1.3935936877789885,10.385599081966348,12.165128585239714,1.7795295032733662,3.7668384966039383,4.129384344959462,0.3625458483555235
2018-02-09,10.427566266896607,1,13.862383336827463,11.708806130070144,-2.153577206757319,10.035178151639542,9.773265192123915,-0.26191295951562665,12.969963487199337,11.94862313424315,-1.0213403529561873,10.405460268226136,12.095157227410098,1.6896969591839621,10.87495338536904,12.330351640625764,1.4553982552567248,4.417458972118126,4.709194276906572,0.2917353047884461
2018-02-23,10.312127412165019,1,13.612241789227639,11.779374400255534,-1.8328673889721045,10.194088588094289,9.785746877993333,-0.4083417101009559,13.091232412737654,12.05895701891221,-1.0322753938254436,10.288334420520883,11.971552249248262,1.6832178287273791,10.410762285495338,11.897579336543544,1.486817051048206,4.276104976914311,4.379554590037188,0.10344961312287637
2018-03-02,10.139494531355522,1,13.341069144544122,11.483278052231242,-1.8577910923128798,10.039154382503597,9.804897294649024,-0.2342570878545729,12.90713346363961,11.97311709681496,-0.9340163668246504,9.816826690027085,11.326424541046208,1.509597851019123,10.538708785718043,12.087796519101602,1.5490877333835584,4.194074721700673,4.161453684290109,-0.03262103741056421
2018-03-09,10.037189411461924,1,13.051252535890413,11.214927313744909,-1.8363252221455042,10.007325942657587,9.769795049469124,-0.2375308931884632,12.84921561033893,11.87528401270049,-0.9739315976384404,9.869297021715255,11.376755038103767,1.5074580163885116,10.423566875918937,11.843597876893881,1.4200310009749444,4.0224784822504205,4.142777177859358,0.12029869560893758
2018-03-16,9.973716562427713,1,12.997506345139385,11.223247755411336,-1.7742585897280492,10.01004427180763,9.716405671885482,-0.29363859992214714,12.734080620288708,11.707010507857532,-1.0270701124311756,9.75615321431674,11.223595304563403,1.4674420902466636,10.241138018148732,11.692508092267033,1.4513700741183015,4.103376904865087,4.279532042581451,0.17615513771636415
2018-03-23,10.0344335470923,1,12.982236538303809,11.280116950425992,-1.7021195878778173,10.131185277018162,9.748839687314828,-0.3823455897033341,12.790049480427697,11.806057423853943,-0.9839920565737543,9.8336804463557,11.323315442433582,1.489634996077882,10.451340801429978,12.017255779907842,1.5659149784778634,4.018108739018459,4.031015998617619,0.01290725959916017
2018-04-20,10.207406108885792,1,13.017703689539346,11.346517002313306,-1.6711866872260401,10.27288291765558,9.92107605654455,-0.35180686111102943,12.990608808314107,11.94837309149895,-1.0422357168151564,10.11233283682526,11.663043272736687,1.5507104359114265,10.717607790097091,12.23482690629659,1.5172191161994988,4.133300610883367,4.130600323924682,-0.002700286958685183
2018-04-27,10.060933212751506,1,12.875623719987246,11.003978573442993,-1.8716451465442532,10.425324238757867,9.867227665455516,-0.5580965733023504,12.28167953446875,11.404307845270765,-0.8773716891979859,10.031450086119918,11.490010333959333,1.458560247839415,10.638765897854512,12.231566691388537,1.5928007935340247,4.1127557993207375,4.368508166991916,0.25575236767117815
2018-05-04,9.922912592979216,1,12.7578315589965,11.033520536301197,-1.7243110226953036,10.34677042372472,9.786215433916539,-0.5605549898081819,11.99491915288796,11.148428110451107,-0.8464910424368526,10.241109569591998,11.65215546514213,1.4110458955501315,9.977103976092039,11.419659241676385,1.442555265584346,4.21974087658208,4.497496770387883,0.27775589380580357
2018-05-18,9.667909446052256,1,12.248718499501194,10.62062180774437,-1.6280966917568236,10.348195226853846,9.797568341467553,-0.5506268853862935,11.72113437876483,10.901069204822448,-0.8200651739423819,9.971915380721967,11.532398709139116,1.560483328417149,9.7241773850525,10.785926674388776,1.0617492893362765,3.9933158054192006,4.369871938751231,0.37655613333203064
2018-05-25,9.6083524905408,1,12.229462682320033,10.858052074814339,-1.3714106075056947,10.201908229840882,9.68991823869304,-0.5119899911478427,11.520754922052674,10.665673727448606,-0.8550811946040682,9.96046077697207,11.413403969271428,1.452943192299358,9.654734368305057,10.724840178234729,1.0701058099296716,4.082793963754085,4.2982267547827036,0.21543279102861845
2018-06-08,9.37967897069477,1,12.019198336837377,10.52974427007085,-1.4894540667665268,9.797975032594195,9.139119641090645,-0.6588553915035504,11.123930182336679,10.255781708340393,-0.8681484739962855,9.919386820328143,11.639212189949092,1.7198253696209491,9.60296192638613,10.623880967329882,1.0209190409437525,3.8146215256860927,4.09033504738774,0.27571352170164687
2018-06-22,10.30286241372589,1,12.830485721978704,11.411197876418314,-1.4192878455603903,10.950680990524958,10.369603604937154,-0.581077385587804,12.203788222712177,11.560360216947728,-0.6434280057644486,10.772382481096457,12.395367280177439,1.6229847990809816,10.779815554104616,11.595920371567246,0.8161048174626302,4.280021511938429,4.484725132307446,0.2047036203690169
2018-06-29,10.231635148256046,1,12.510856079039073,11.254987520548482,-1.2558685584905902,10.637691856474873,10.341201821615584,-0.29649003485928915,12.270783999772007,11.495194280844828,-0.7755897189271792,10.920070607796333,12.417626473979453,1.49755586618312,10.78826089133159,11.51315668180662,0.7248957904750313,4.262147455122403,4.367644110741281,0.10549665561887878
2018-07-06,10.132434896138681,1,12.355263371965776,11.041626429416041,-1.313636942549735,10.871510665620193,10.486049308705503,-0.3854613569146892,11.566620698891825,10.603517770148926,-0.9631029287428987,10.979837453844738,12.404873499031083,1.4250360451863457,10.794590727966181,11.52784377454708,0.7332530465808986,4.226786458543373,4.730698594983409,0.5039121364400359
2018-07-13,10.43774387463421,1,12.629749213151868,11.327898240532761,-1.301850972619107,11.749771632823553,11.219145883588226,-0.5306257492353268,11.81868528432446,10.675613016546848,-1.1430722677776117,11.336559707897834,12.970532628689725,1.6339729207918907,10.973717059952364,11.684052896253462,0.7103358363010983,4.117980349655184,4.749220582194241,0.6312402325390565
2018-07-20,9.720642407586425,1,12.10494019719303,10.982982934744314,-1.121957262448717,11.44920511243268,10.641183071415753,-0.8080220410169261,9.663038255305864,8.944337363373819,-0.7187008919320448,10.73111692611198,12.092904348872437,1.3617874227604574,10.324157765927637,11.017275459884061,0.6931176939564239,4.051396188547358,4.645171267228179,0.5937750786808209
2018-08-03,9.70555289583856,1,12.03868430575237,10.90498582711811,-1.1336984786342583,11.474992570591823,10.668454473206225,-0.806538097385598,9.691829976597774,9.190130588553927,-0.5016993880438463,10.782204916241042,12.008741706274506,1.2265367900334638,10.311852126905805,10.937930243965894,0.6260781170600893,3.933753478942549,4.523074535912713,0.5893210569701637
2018-08-10,9.749519968975436,1,12.235879293263864,11.024275708810379,-1.211603584453485,11.617464844126431,10.674637877923487,-0.9428269662029436,9.519037292973806,9.10246644881758,-0.4165708441562259,10.806851766585098,12.005258254271482,1.198406487686384,10.314782141927665,10.919731501951077,0.6049493600234115,4.003104474975757,4.770750022078616,0.7676455471028589
2018-08-24,9.709189922475687,1,12.177452010975614,11.375728702219675,-0.801723308755939,11.486082494707745,10.596662431340945,-0.8894200633667992,9.48458129026163,8.861879975345047,-0.6227013149165828,10.173113931600795,11.338375291135819,1.1652613595350232,10.762184038287003,11.162308012110373,0.4001239738233693,4.171725769021336,4.920185122702264,0.7484593536809285
2018-09-07,9.93035425414088,1,12.47143419820189,11.77802906575171,-0.6934051324501809,11.686244702186286,10.847547379029606,-0.8386973231566799,9.751996906203644,9.15464589981859,-0.597351006385054,10.445993259823695,11.372212182315621,0.9262189224919268,10.96876884218139,11.398429397034576,0.42966055485318577,4.257687616248376,5.031261600895178,0.7735739846468022
2018-09-14,9.969714249380237,1,12.510732098703784,11.73870979739101,-0.7720223013127736,11.468719283385752,10.7634772858423,-0.7052419975434532,9.823538297434823,9.180901730504786,-0.6426365669300367,10.570799815962047,11.4841756059337,0.9133757899716528,11.087221627748349,11.57306977670828,0.48584814895993134,4.357274373046664,5.077951299901358,0.7206769268546935
2018-09-21,9.935117361250754,1,12.490042674880684,11.830546806053064,-0.6594958688276193,11.19170052795522,10.612215230950426,-0.5794852970047941,9.846400516216875,9.173819861344825,-0.6725806548720499,10.41859084614181,11.083559436171399,0.6649685900295879,11.041820052978792,11.576635753360833,0.5348157003820404,4.622149549331141,5.333927079624004,0.7117775302928635
2018-09-28,9.748062356393104,1,12.691983324097833,12.151560881723768,-0.5404224423740658,10.887099232683653,10.137563197842368,-0.7495360348412845,9.680715604840941,9.203759522223024,-0.47695608261791733,10.225403498247317,10.856101861764245,0.6306983635169274,10.490538310841515,10.946059534749992,0.4555212239084767,4.512634167647363,5.193329140055255,0.6806949724078919
2018-10-05,9.745300295023334,1,12.63631250108645,12.215324372130496,-0.4209881289559547,10.834803727710096,10.022291211275345,-0.8125125164347509,9.765927533979038,9.312499598955014,-0.453427935024024,10.084833421761886,10.995724415021286,0.9108909932594003,10.547163035923248,10.558189469120236,0.011026433196988705,4.602761549679286,5.367772703637627,0.7650111539583406
2018-10-12,9.883263961941644,1,12.271285977109258,11.93733868164911,-0.333947295460149,11.368077703587161,10.615926062922995,-0.7521516406641666,9.698895091835595,9.23652556473698,-0.4623695270986161,10.657222302994015,11.443665135082426,0.7864428320884116,10.603851385163622,10.613805663706827,0.009954278543204964,4.700251310960212,5.452322663551556,0.7520713525913436
2018-10-19,9.843116867104056,1,12.221874574867684,11.90082189609707,-0.32105267877061294,11.155752469296104,10.653817394533903,-0.5019350747622013,9.706868125043187,9.168182875035768,-0.5386852500074184,10.791888557812996,11.543787038445487,0.7518984806324909,10.481442114741455,10.468453665815687,-0.01298844892576767,4.700875360862909,5.323638332696433,0.6227629718335237
2018-10-26,10.014825720412203,1,12.1534369514398,11.844765551484258,-0.3086713999555428,11.455588656061664,10.76682560911648,-0.6887630469451835,9.700222650815306,9.229265610119867,-0.4709570406954384,11.131861942778002,11.85386087045535,0.7219989276773475,10.725838434594507,10.753529183189087,0.027690748594579873,4.922005686783933,5.640707498108156,0.7187018113242232
2018-11-09,10.45024593433246,1,13.622608945306496,13.110843214931137,-0.5117657303753589,11.41778240909602,10.812449298408708,-0.6053331106873117,10.128333647259282,9.615578350920032,-0.5127552963392503,11.338947319233895,12.362484179032478,1.0235368597985826,11.074731640260595,11.100880441534173,0.026148801273578215,5.1190716448384705,5.699240121168259,0.5801684763297885
2018-11-16,10.44856933293279,1,13.540131144115747,13.130423268912466,-0.40970787520328145,11.468042657231052,10.771530600284905,-0.6965120569461476,10.122461142026879,9.626529392498512,-0.49593174952836705,11.392158792047312,12.484245180898242,1.0920863888509302,11.021825516461305,10.988738175229642,-0.03308734123166346,5.14679674571444,5.689949379772997,0.5431526340585577
2018-11-23,10.344882557218071,1,13.378861503323293,12.932033733177505,-0.4468277701457879,11.509891794561184,10.76570861474336,-0.7441831798178242,9.61918266891739,9.25257163954987,-0.3666110293675189,11.390140040467074,12.497212342739843,1.107072302272769,11.035012606334291,10.941603669829746,-0.09340893650454518,5.136206729705194,5.680165343268101,0.5439586135629071
2018-12-07,10.526296359861812,1,13.481615744374864,13.010562895400255,-0.4710528489746082,11.979559242046761,11.170939418571123,-0.8086198234756381,9.888615788121626,9.54580846322068,-0.3428073249009458,11.812593548875498,12.886142163600624,1.0735486147251265,11.096954390495284,11.020096289543389,-0.07685810095189538,4.898439445256841,5.5242289288347735,0.6257894835779325
2018-12-14,10.555642960084425,1,13.54725280852152,13.109401258084546,-0.43785155043697443,12.05200298205726,11.25585356871649,-0.7961494133407712,9.880159157227098,9.598455169737463,-0.2817039874896352,11.913737506919063,12.89978179902731,0.9860442921082466,11.05963211185528,11.020449539073084,-0.03918257278219528,4.881073193926326,5.449916425867642,0.5688432319413153
2018-12-21,10.401139417395834,1,13.411409552146054,13.119142523732421,-0.29226702841363306,11.917061902271953,11.061534845881908,-0.855527056390045,9.871075873937713,9.617136381942075,-0.2539394919956379,11.739972153525073,12.578643631067209,0.8386714775421353,10.938918684683557,10.875852807016713,-0.06306587766684402,4.528398337810657,5.154526314734696,0.6261279769240389
2018-12-28,10.325911205162887,1,13.325354800841922,13.054456475840453,-0.27089832500146827,11.736214015149656,10.872024548525417,-0.8641894666242393,9.83675990103697,9.622070114228634,-0.21468978680833573,11.788472363247791,12.540926839868419,0.7524544766206276,10.808154786128384,10.754417893561651,-0.05373689256673231,4.4605113645725964,5.11157135895273,0.6510599943801338
2019-01-04,10.224581993479191,1,13.385080078969864,13.070229151946336,-0.314850927023528,11.498504138717152,10.671649019832472,-0.82685511888468,9.931147414314282,9.767351250992746,-0.16379616332153546,11.40458364365928,12.064232970822871,0.6596493271635921,10.765832171726345,10.659121660463398,-0.10671051126294628,4.362344513488225,5.114907906817351,0.752563393329126
2019-01-11,10.246795447587395,1,13.3207941202365,13.044764007112647,-0.27603011312385206,11.578916503038982,10.743027316120731,-0.8358891869182514,9.874947352922675,9.841305988858707,-0.03364136406396767,11.542983699222006,12.171916292663184,0.6289325934411778,10.76866119639736,10.58446272806674,-0.1841984683306208,4.3944698137068485,5.095296352702405,0.7008265389955568
2019-01-18,10.266037865582518,1,13.215185818236122,12.894663028520284,-0.32052278971583803,11.577170717898412,10.722618333685077,-0.8545523842133349,9.897384402864702,9.838785859372209,-0.058598543492493604,11.635582240648688,12.400099899970996,0.7645176593223084,10.928155500011755,10.78906181547795,-0.13909368453380466,4.342748513835431,4.950998256468623,0.6082497426331912
2019-01-25,10.26827012132219,1,13.336774167930557,13.048319535462,-0.2884546324685573,11.672752726838993,10.742097006003945,-0.9306557208350483,9.787919694655585,9.63665474915517,-0.15126494550041514,11.68442732811664,12.616667823234721,0.93224049511808,10.775701586292456,10.522841499684333,-0.2528600866081234,4.352045224098916,5.043040114393037,0.690994890294121
2019-02-15,10.292213085580215,1,13.527903501322896,13.247723506153264,-0.28017999516963243,11.414886685005527,10.418117958562064,-0.996768726443463,9.999851484558775,9.834247097538196,-0.16560438702057922,11.630444811114643,12.586443647658257,0.9559988365436141,10.745134938259667,10.492957106158997,-0.2521778321006707,4.435057093219783,5.173789197410542,0.7387321041907597
2019-02-22,10.383929717937542,1,13.68742262902795,13.222927459681472,-0.4644951693464776,11.468797618618567,10.31146976737196,-1.157327851246606,10.215152293083065,10.057777907447957,-0.15737438563510864,11.662288326510762,12.792023351682005,1.129735025171243,10.652451947046075,10.385337001202728,-0.26711494584334616,4.617465493338841,5.534042820239122,0.9165773269002813
2019-03-01,10.109237593805759,1,12.28791817185207,11.907280419061863,-0.3806377527902072,12.01285516253472,10.879071900155353,-1.1337832623793673,9.621929646413108,9.375972740491335,-0.24595690592177277,11.701035185828374,12.771643792119704,1.07060860629133,10.494714822214007,10.367780214484412,-0.12693460772959497,4.536972573992273,5.353676496521885,0.8167039225296122
2019-03-08,10.222676351480525,1,13.157927521011018,12.721764189892426,-0.4361633311185926,12.134768975629726,11.01597748964086,-1.118791485988865,9.55503031580912,9.403132470383923,-0.15189784542519646,11.673862753606684,12.820679785397715,1.1468170317910307,10.371561828308586,10.295724291076866,-0.07583753723172038,4.442906714518017,5.078779882491347,0.6358731679733296
2019-03-15,10.683176785722438,1,12.795913133847307,11.948218058298764,-0.8476950755485433,13.08518323473875,11.929494894649139,-1.1556883400896112,10.432261396569615,10.318441073964209,-0.11382032260540598,12.634149607782902,13.920757103374228,1.2866074955913263,10.896106548105706,10.789398292366513,-0.10670825573919274,4.255446793290346,5.192751291681731,0.9373044983913843
2019-03-22,10.838736377542931,1,12.73539608608877,11.953681246506079,-0.7817148395826905,13.361653743279092,12.096508963467826,-1.2651447798112656,10.443285240988118,10.288866296419371,-0.1544189445687465,13.407755768927672,14.594426595266626,1.186670826338954,10.803113371410433,10.843421603009375,0.04030823159894226,4.281214054563506,5.2555135605883265,0.9742995060248205
2019-03-29,10.88643322028387,1,12.789706556202034,11.917603503653439,-0.8721030525485958,13.718442627617137,12.517819255633029,-1.2006233719841077,10.242645957953115,9.93865449351955,-0.3039914644335653,12.836174360509034,14.185416921570791,1.3492425610617573,11.394461277906984,11.288797530269136,-0.10566374763784836,4.337168541514913,5.470307617057244,1.1331390755423314
2019-04-05,11.142935800196147,1,13.804869047960906,12.625292689721988,-1.1795763582389185,13.833780839983334,12.435859505339266,-1.3979213346440673,10.360672361183447,9.97761950316766,-0.3830528580157875,12.641920550121412,14.405475834531572,1.7635552844101596,11.731880671345436,11.74948293768162,0.017602266336183447,4.484491330582344,5.66388433073476,1.179393000152416
2019-04-12,11.344443054461436,1,13.985759670319169,12.754543219310591,-1.231216451008578,13.846315074759474,12.491730071813222,-1.3545850029462514,10.57207202529186,10.151563256555875,-0.420508768735985,13.107665974210335,14.790454420022868,1.682788445812534,11.959305642941288,12.146771008061577,0.1874653651202891,4.595539939246493,5.731596351004455,1.1360564117579628
2019-04-26,11.352969234368791,1,13.815025737040116,12.573064116202403,-1.2419616208377136,13.721905883218895,12.428239387734038,-1.2936664954848567,10.603888909470982,10.184158382370484,-0.41973052710049785,13.175230679085459,14.903205737884079,1.72797505879862,12.140678498008583,12.255717257919585,0.11503875991100188,4.661085699388707,5.773430524102139,1.112344824713432
2019-05-03,11.353019826137142,1,13.676806767674151,12.437166349913838,-1.239640417760313,13.556531551363449,12.250340901845732,-1.306190649517717,10.802914839862552,10.332496416899417,-0.4704184229631352,13.035842282345783,14.726216925130103,1.6903746427843203,12.47771742003485,12.493855218995222,0.01613779896037215,4.56830609554207,5.878043144038543,1.3097370484964728
2019-05-10,11.342352241990667,1,13.567173718897735,12.112762754646127,-1.4544109642516077,13.504041227987926,11.745712922721864,-1.7583283052660619,11.17741543143265,10.80578242218212,-0.3716330092505302,13.121362744123843,14.900831133246413,1.7794683891225702,12.252059083851421,12.336159955613041,0.08410087176162051,4.432061245650431,6.152864263534411,1.7208030178839806
2019-05-17,11.167884785720695,1,13.933812683563573,12.432949224132713,-1.5008634594308603,12.793147281630596,11.014292651548061,-1.7788546300825345,11.055836648574427,10.56817761076259,-0.48765903781183795,12.800382008875971,14.607573757507438,1.8071917486314675,12.079015971158043,12.278334769557318,0.19931879839927547,4.345114120521558,6.105980700816076,1.7608665802945183
2019-05-24,11.056316099095767,1,13.846960538489398,11.979669806695796,-1.8672907317936023,13.039777957857396,11.631761400578625,-1.4080165572787706,10.906061783902459,10.306029431089499,-0.6000323528129599,12.699110199528945,14.53542931294136,1.836319113412415,11.791138163181714,12.049265595906334,0.2581274327246206,4.05484795161469,5.8357410473629585,1.7808930957482687
2019-05-31,10.885296089691527,1,13.443393960641814,11.980459815128953,-1.462934145512861,13.589766160705452,12.336184623589403,-1.2535815371160481,10.628713644190924,9.983250948765786,-0.6454626954251381,12.599151490669882,14.332107314590488,1.732955823920605,11.053419463167202,11.082869203370208,0.02944974020300606,3.997331818773887,5.5969046327043515,1.5995728139304646
2019-06-14,10.672812993812494,1,13.221108107348286,11.838048502112855,-1.383059605235431,13.587929969730041,12.38692101538848,-1.2010089543415603,9.977926803286039,9.428436075321443,-0.5494907279645957,12.596849916703789,14.195548478295123,1.598698561591334,10.7810096531812,10.725117154379802,-0.05589249880139846,3.8720535126256124,5.4628067373772495,1.5907532247516372
2019-06-21,10.745149925789223,1,12.889465150206462,11.629542070872631,-1.2599230793338307,14.103561907098609,12.992339762535678,-1.1112221445629302,9.949658595899436,9.25750673273923,-0.6921518631602055,12.811033974118573,14.570395267776007,1.7593612936574345,10.969434666476857,10.74067277684631,-0.22876188963054744,3.747745260935403,5.280442943965497,1.5326976830300936
2019-06-28,10.311454451294432,1,12.386866416704436,11.08431701651719,-1.302549400187246,13.603626704572775,12.410003007211984,-1.1936236973607919,9.56363991472901,8.930989679032905,-0.6326502356961043,12.04279383778534,14.283261562645563,2.240467724860224,10.704429251935252,10.120264695832603,-0.5841645561026496,3.5673705820397856,5.039890746526353,1.4725201644865678
2019-07-05,10.500528807744907,1,12.904317328079571,11.766763441364645,-1.137553886714926,13.944107021505374,12.458704320382466,-1.4854027011229078,9.454916606070583,8.755167793152253,-0.6997488129183296,11.98663506086534,15.073509561334177,3.086874500468838,11.049792173041183,9.726404469829248,-1.3233877032119352,3.663404656907389,5.222623260406635,1.5592186034992466
2019-07-12,12.28792222792214,1,16.994124871190692,16.557939529828104,-0.436185341362588,13.872713406471192,11.702681606862384,-2.1700317996088074,10.033988356476215,9.073899649985563,-0.9600887064906516,12.408897111636762,14.70267783815575,2.293780726518989,12.898897587435016,13.348254486161863,0.4493568987268475,7.518912034322966,8.342080256539205,0.8231682222162391
2019-07-19,11.90521379201793,1,16.33196350129859,16.04785330644647,-0.2841101948521185,13.227094574060715,11.724991007410267,-1.5021035666504474,9.988536731614246,9.22386895606546,-0.7646677755487872,12.319767453987254,14.687474153485084,2.3677066994978304,12.162746846580433,12.262223533010072,0.09947668642963947,7.401173644566342,7.484871795690182,0.0836981511238406
2019-07-26,11.915440123537316,1,16.252860497852453,16.061938246392018,-0.19092225146043518,13.228554491757762,11.719406619502365,-1.5091478722553973,10.03976638647353,9.290951738312017,-0.7488146481615132,12.304033640116856,14.622814689401608,2.318781049284752,12.281564921245462,12.326871830090482,0.045306908845020644,7.385860803777831,7.47065761752539,0.08479681374755899
2019-08-02,11.91893091909065,1,16.364409756738667,16.23762312798081,-0.12678662875785562,13.165178521245096,11.714894220896511,-1.450284300348585,9.956080602137874,9.17814343232287,-0.7779371698150044,12.3862652877893,14.669609487795924,2.283344200006624,12.29233526068667,12.23573188277578,-0.05660337791088921,7.349316085946299,7.4775833627719805,0.12826727682568162
2019-08-16,11.854001727461101,1,15.91123352676155,15.997464526901226,0.08623100013967644,12.995349390118434,11.668850430482081,-1.3264989596363534,10.307616648308723,9.573461272825284,-0.7341553754834393,12.419223508676993,14.566940630937822,2.147717122260829,12.259153662723818,11.982261613724688,-0.2768920489991302,7.231433628177086,7.335031889895518,0.10359826171843167
2019-08-23,10.90585082185632,1,14.742512323074493,14.894092468783342,0.1515801457088486,11.880032191394164,10.777145438513713,-1.1028867528804511,9.434098316101043,8.846414576218095,-0.587683739882948,11.569905233693461,13.521034391541505,1.9511291578480439,11.106309012089085,10.6545673157855,-0.4517416963035856,6.702247854785682,6.741850740295732,0.039602885510049646
2019-08-30,11.01763935046187,1,14.890185061968467,14.948726374089603,0.058541312121136,12.376444899868218,11.092299773524815,-1.2841451263434038,9.349661704431753,8.73129809235256,-0.6183636120791931,11.667038467112732,13.764386263660697,2.0973477965479645,11.159572761225917,10.730598747639746,-0.4289740135861706,6.662933208164134,6.838526851503801,0.17559364333966698
2019-09-06,11.051777521626063,1,14.798118702139988,14.865428464620194,0.06730976248020681,12.77930088391004,11.489760211592113,-1.2895406723179264,9.319275026777234,8.673473498630557,-0.6458015281466771,11.669705268333331,13.732593874538637,2.0628886062053056,11.099375847143023,10.654780282133203,-0.4445955650098199,6.644889401452758,6.894628798241655,0.24973939678889678
2019-09-13,10.614635368076948,1,14.32188747210185,14.350222928128531,0.028335456026681527,12.076267214104405,10.914659582606234,-1.1616076314981711,8.950582857914483,8.256537167751262,-0.6940456901632217,10.934977385710809,13.10232330603813,2.167345920327321,10.520545175734412,9.928953768084924,-0.5915914076494886,6.8835521028957345,7.1351154558526275,0.251563352956893
2019-09-20,10.298656748500099,1,14.02327533583501,14.238421319970584,0.2151459841355745,11.299968411807399,10.104484863859724,-1.1954835479476742,8.45997081945589,7.765520035943339,-0.6944507835125506,10.263590405405097,12.401932961431584,2.138342556026487,9.89919564736931,9.414320864714924,-0.4848747826543871,7.845939871127882,7.867260445080433,0.021320573952550603
2019-09-27,10.100401287145159,1,13.676810293039495,13.941807368093492,0.26499707505399783,11.104669984379782,9.814782186028367,-1.2898877983514154,8.525581206840059,7.818555699214926,-0.7070255076251328,10.277751741128213,12.180552673713407,1.902800932585194,9.424330672087493,8.95170235707647,-0.472628315011022,7.593263825395908,7.895007438744315,0.3017436133484068
2019-10-04,10.529051898526182,1,13.876436185209926,14.188768739333355,0.3123325541234294,12.200660552047353,10.72100333067479,-1.4796572213725625,8.59593240264958,7.835714091675854,-0.7602183109737268,11.185299525300621,13.251355657490336,2.066056132189715,9.741511476319829,9.09893041572171,-0.6425810605981184,7.574471249629781,8.078539156261058,0.5040679066312777
2019-10-11,10.38144736885752,1,13.819673778626992,14.040989413389909,0.2213156347629166,11.835698373957783,10.639624562256316,-1.196073811701467,8.535552505457261,7.689117189969295,-0.846435315487966,10.935928779489998,12.8437818123912,1.9078530329012011,9.522883195857048,8.845060312447032,-0.6778228834100162,7.638947579756035,8.230110922691352,0.5911633429353174
2019-10-18,10.369934983918922,1,13.77492122291936,13.912042432865135,0.13712120994577504,11.239124048687387,10.211716787163525,-1.0274072615238623,8.622853364948057,7.707280655775563,-0.9155727091724941,10.942994411646112,12.932733824576971,1.9897394129308594,9.76159093301176,9.044887430084216,-0.7167035029275439,7.878125922300853,8.410948773048133,0.5328228507472801
2019-10-25,10.403348571015291,1,13.79700227551352,14.047248815025043,0.2502465395115223,11.208556071860386,9.916677861869488,-1.291878209990898,8.539326243146675,7.577821730535845,-0.9615045126108299,10.776227574620606,12.659795634081632,1.8835680594610267,9.517942865037043,9.178142532471426,-0.33980033256561626,8.581036395913515,9.040404852108267,0.45936845619475264
2019-11-08,10.446964545091568,1,13.71142964499792,13.918180163900686,0.20675051890276563,11.259203955590365,9.866107333184232,-1.3930966224061336,8.582665776327545,7.573183588598226,-1.0094821877293185,10.869578768555101,12.886016235186247,2.016437466631146,9.4882220689924,9.151579460350533,-0.336642608641867,8.770687056086075,9.286720489329454,0.5160334332433791
2019-11-15,10.61125946382266,1,14.034431869163114,14.245397243266638,0.21096537410352312,11.33510575775901,9.912076250521068,-1.423029507237942,8.866595889165467,7.926792577413266,-0.9398033117522004,10.89423452473504,12.919948158311186,2.025713633576146,9.60005603054394,9.219650086769008,-0.38040594377493164,8.93713271156939,9.443692466654753,0.5065597550853624
2019-11-22,10.729714658459265,1,14.200570300076919,14.588767192958542,0.3881968928816235,11.62808172804823,10.257656827727729,-1.3704249003205007,8.849666142582763,7.8564975616318975,-0.993168580950865,10.971469100741587,12.976269821217358,2.004800720475771,9.955216534049072,9.570024671251417,-0.3851918627976545,8.773284145257023,9.129071875968663,0.35578773071163994
2019-11-29,10.822564947405654,1,14.168501541417811,14.536808543039427,0.36830700162161634,11.825874818868527,10.393313756662039,-1.4325610622064886,9.004477038840108,7.991207712788949,-1.0132693260511587,11.238694984597217,13.201525979935042,1.962830995337825,9.856346926359578,9.555932651829352,-0.30041427453022607,8.841494374350688,9.256601040179135,0.41510666582844635
2019-12-06,10.73761691864397,1,14.216150712057484,14.406220688061822,0.19006997600433806,11.786926947969192,10.206010842368727,-1.5809161056004655,8.820457532075423,7.789627992943693,-1.0308295391317301,10.718460858691444,13.069545022718273,2.3510841640268296,9.665048000117224,9.35749496847616,-0.3075530316410635,9.218657460953054,9.596801997295145,0.37814453634209144
2019-12-13,10.889695403342692,1,15.059164702314604,15.031368109604301,-0.027796592710302548,12.061531462664988,10.357264267564375,-1.7042671951006128,8.961676311513244,7.8772885916662005,-1.0843877198470437,10.649991568293501,13.071684808578368,2.421693240284867,9.462573528477392,9.0864069030103,-0.3761666254670928,9.143234846792424,9.914159739632609,0.7709248928401848
2019-12-20,10.462071803176107,1,14.830007336178198,14.785934040204396,-0.04407329597380283,10.705792140278788,9.195775367795392,-1.5100167724833966,8.799166622353312,7.7972597892797495,-1.001906833073562,10.611571873869622,13.161277486743558,2.549705612873936,8.979972975240898,8.397639864651936,-0.5823331105889622,8.84591987113582,9.43454427038158,0.5886243992457594
2019-12-27,10.632021265082384,1,14.77460625216382,14.726645782062818,-0.04796047010100324,11.256845568352034,9.3219704700346,-1.934875098317434,8.896040229127863,7.886393480081878,-1.0096467490459844,10.730682837253994,13.518287662941177,2.7876048256871826,9.200033489891624,8.6338105067788,-0.5662229831128229,8.933919213704968,9.705019688595044,0.7711004748900763
2020-01-03,11.114933420612823,1,15.62974129117012,15.377978232459483,-0.25176305871063676,11.840980818653378,10.254887676778822,-1.5860931418745565,9.204236717696688,8.05899641689983,-1.145240300796857,10.918608699085183,13.492711443615178,2.574102744529995,8.88244786321711,8.62968574954165,-0.252762113675459,10.213585133854465,10.875341004381937,0.6617558705274718
2020-01-10,11.376463692380147,1,16.45098994237867,16.406004214961968,-0.04498572741670159,11.662887701095087,10.2609173797877,-1.4019703213073882,9.435908242831474,8.261514563742622,-1.1743936790888512,11.0884498143771,13.554767092251112,2.466317277874012,9.211817225504788,8.936019855526126,-0.2757973699786618,10.408729228093762,10.839559048011367,0.43082981991760505
2020-01-17,11.307751510082548,1,16.458879271948504,16.510585368920005,0.051706096971500415,11.739287457753164,10.330877169403564,-1.4084102883496001,9.295633693187483,8.136907195619713,-1.1587264975677698,10.996269791318014,13.39374253862718,2.397472747309166,9.022637723876358,8.703637114230204,-0.31900060964615307,10.33380112241177,10.770759673694627,0.43695855128285643
2020-01-31,12.082621935824164,1,17.357014447313503,17.458831546972135,0.10181709965863206,12.638212153132798,10.903811243668244,-1.7344009094645543,10.041167692798666,8.86549549587852,-1.1756721969201465,11.57146664125095,14.0179099340139,2.4464432927629503,9.843938495086675,9.667319430680408,-0.1766190644062675,11.043932185362394,11.582363963731808,0.5384317783694144
2020-02-07,12.199405926853983,1,17.53618348015364,17.59520708320794,0.059023603054299656,12.85124650206474,10.958328034648176,-1.892918467416564,10.067473762615776,8.683174513808098,-1.3842992488076789,11.59395649715708,14.208859193577112,2.6149026964200317,9.9663621341345,9.694782973628875,-0.2715791605056239,11.181213184998157,12.05608376225372,0.8748705772555638
2020-02-14,12.23330933527032,1,17.630491283585542,17.691545963094086,0.06105467950854404,12.8870991516728,11.064291449851567,-1.8228077018212332,10.248328618910975,8.81811561254574,-1.4302130063652356,11.726880818016596,14.405754377039244,2.678873559022648,9.950358138254103,9.653762248245997,-0.29659589000810627,10.956698001181906,11.76638636084526,0.8096883596633546
2020-02-21,12.268848099564856,1,17.52413558414743,17.5076368595427,-0.01649872460473034,13.131121138596683,11.337774736655561,-1.7933464019411218,10.209245653105057,8.79679911720963,-1.4124465358954268,11.823324456243938,14.51013483089038,2.6868103746464413,9.950458325686554,9.674734145488557,-0.27572418019799727,10.974803439609474,11.786008907602337,0.8112054679928633
2020-02-28,13.327753488390677,1,18.636378336134896,18.485028344643922,-0.1513499914909744,13.993330436575263,12.58695396887488,-1.4063764677003832,11.289806088556233,9.833513538418956,-1.4562925501372774,12.764404785441585,15.588627146219864,2.824222360778279,11.526061619929237,11.304073712846034,-0.2219879070832036,11.756539663706846,12.168324219340391,0.4117845556335453
2020-03-06,13.262306045546937,1,18.64059729758189,19.054978045780715,0.4143807481988233,12.90187278625298,12.564210650722742,-0.3376621355302376,11.376536977668124,10.075347691118793,-1.3011892865493309,13.451801819332374,15.12389145368276,1.6720896343503853,11.391253890505197,10.987342507201276,-0.40391138330392096,11.811773501941062,11.768065924775385,-0.043707577165676526
2020-03-13,15.635611348307904,1,20.90146294918401,21.19541836093842,0.29395541175441053,15.465422403197124,13.53136523788794,-1.9340571653091843,13.692647719607066,12.628535163291602,-1.0641125563154645,15.603272225626682,18.23099865260143,2.6277264269747462,14.152600655431314,14.158459880949778,0.005859225518463518,13.99826213680123,14.068890794178216,0.07062865737698587
2020-03-20,16.3301957484016,1,22.247784576256223,22.185634422058314,-0.06215015419790859,16.64536139662323,14.718841669162217,-1.926519727461013,14.942448400435921,13.499139017015409,-1.4433093834205124,16.711453051592002,19.024602882845116,2.3131498312531136,12.315010517954192,12.968889689557841,0.6538791716036485,15.119116547548032,15.584066809770661,0.46495026222262936
2020-03-27,17.080030077098616,1,23.205819635819395,23.083389836442493,-0.12242979937690279,17.460250991364617,15.504873735617494,-1.9553772557471234,15.976996189696123,14.429149572271925,-1.5478466174241987,17.620644575668862,20.341517065559884,2.720872489891022,12.809610437085198,12.982844146133843,0.17323370904864532,15.406858632957508,16.138406106566066,0.7315474736085577
2020-04-03,17.09018753261427,1,22.88080626512975,22.87720857657216,-0.0035976885575905726,17.524699057308,15.442521851499635,-2.082177205808364,15.555151639107123,14.026523037367411,-1.5286286017397117,17.916673243641313,20.564731171268548,2.648057927627235,12.276226675050637,12.308598213894612,0.032371538843975145,16.38756831544879,17.321542345083216,0.9339740296344274
2020-04-17,17.41126077091454,1,22.101920114337048,21.364941593062312,-0.736978521274736,17.966436721864355,15.85765885392523,-2.108777867939125,15.96547164809381,14.287633181283013,-1.6778384668107975,18.34716367034075,21.96781169815658,3.6206480278158324,12.754364370992477,12.95012201808403,0.19575764709155408,17.332208099858804,18.03939728097606,0.7071891811172577
2020-04-24,18.020979762408142,1,22.95631595093191,21.609290024464755,-1.347025926467154,18.66906002204078,16.539002546572334,-2.1300574754684476,16.73391359292644,15.007850414306432,-1.7260631786200094,19.204755276903967,23.741060576484657,4.53630529958069,13.219429213130354,13.065531449417747,-0.15389776371260666,17.342404518515394,18.16314356320298,0.8207390446875849
2020-05-08,18.411551205085246,1,23.39213967149078,22.015413333935612,-1.3767263375551693,19.1326632881987,17.084979195085978,-2.0476840931127214,17.150561791792782,15.314107756874435,-1.8364540349183471,19.354729623675055,23.985271499333223,4.630541875658167,13.551200183938448,13.416345587209804,-0.13485459672864408,17.88801267141571,18.65318985807245,0.765177186656743
2020-05-15,18.50348285397451,1,23.479730236281384,21.964369603255065,-1.5153606330263187,19.567977309586823,17.504636574721417,-2.063340734865406,16.849815897948105,15.128288571876183,-1.7215273260719215,19.592657330872044,24.15961220482282,4.5669548739507775,13.620384549503214,13.516414298916587,-0.10397025058662734,17.910331799655495,18.747575870254977,0.8372440705994819
2020-05-29,18.856335084419097,1,23.857379057320145,22.385538319778505,-1.4718407375416405,19.87662430383189,17.732509549990155,-2.144114753841734,17.309694769817895,15.518895455969925,-1.7907993138479696,19.75758002418246,24.37925429100156,4.621674266819099,14.36892111700142,14.320118867056934,-0.048802249944486675,17.967811234360767,18.8016940227175,0.8338827883567319
2020-06-05,19.96848454560802,1,24.593482244709392,23.260434129159194,-1.3330481155501985,21.54923767178765,19.983900764999277,-1.5653369067883744,18.42682785548044,16.698081531433573,-1.7287463240468668,21.233070405462882,24.80963227933796,3.576561873875079,15.298057839688497,15.75955133485158,0.4614934951630829,18.710231256519265,19.29930723386657,0.5890759773473064
2020-06-19,19.974152740412396,1,24.5833736725001,23.266881319474535,-1.3164923530255663,21.77691542174611,19.883858445832317,-1.8930569759137938,18.577919287831563,16.793561600814883,-1.78435768701668,21.366280164380555,24.994916578220625,3.62863641384007,15.217192448404177,15.838030877128347,0.6208384287241699,18.32323544761188,19.067667621003707,0.7444321733918287
2020-06-26,20.374216042401358,1,25.12327648820758,23.868255473879344,-1.2550210143282357,21.93632452610224,19.981629997323708,-1.954694528778532,18.982386053963197,17.184036138568715,-1.798349915394482,21.488818813120304,25.187638018258497,3.698819205138193,15.573660908659974,16.093096863410196,0.5194359547502216,19.14082946435485,19.930639762967616,0.789810298612764
2020-07-03,20.595749745070552,1,25.27499144438916,23.723561789961877,-1.551429654427281,22.182896026486844,20.122875028472436,-2.0600209980144086,19.492458947291524,17.748547927981633,-1.7439110193098912,21.904311349123745,25.631375025863036,3.7270636767392915,15.943091634840187,16.55600601367496,0.6129143788347733,18.77674906829185,19.79213268446935,1.0153836161775018
2020-07-17,20.504024804473623,1,25.261468752830325,23.526387637818374,-1.7350811150119512,22.24750006095796,20.091194271665742,-2.156305789292219,19.462114111327878,17.599714017193662,-1.862400094134216,21.91790345597549,25.777534745884722,3.859631289909231,16.017561614543254,16.397268101246382,0.3797064867031281,18.11760083120683,19.63205005303284,1.5144492218260126
2020-07-24,20.090303677156186,1,24.12517952409685,21.77246784239827,-2.3527116816985796,22.084449480885397,19.754171455005647,-2.3302780258797497,19.14668629622942,17.407170101495254,-1.7395161947341649,21.940493332921747,25.97235177434385,4.031858441422102,15.97615198545202,16.45598338802209,0.4798314025700705,17.268861443351682,19.17967750167199,1.9108160583203073
2020-08-07,19.97982920277361,1,23.509162348860798,21.302576380446965,-2.206585968413833,22.156007171869845,19.662896949069832,-2.493110222800013,19.45971161405609,18.01055346203806,-1.449158152018029,22.171581644754525,25.90703022483983,3.735448580085304,15.921137450613372,16.368067448791166,0.44692999817779366,16.661374986487047,18.62785075145584,1.9664757649687914
2020-08-14,20.04591030320174,1,23.6187893383689,21.313931742241536,-2.3048575961273627,22.141949589637207,19.748805558535125,-2.393144031102082,19.47482775204587,18.05416315619479,-1.420664595851079,22.163628064613377,25.767181295886445,3.603553231273068,15.606806713436669,15.97700291413436,0.3701962006976913,17.26946036110843,19.41437715221815,2.144916791109722
2020-08-28,20.15111665542951,1,23.691994491257745,21.41438397645723,-2.2776105148005144,22.26431093530401,19.955858256083218,-2.3084526792207924,19.66080712690507,18.328771421927215,-1.332035704977855,22.056775086470964,25.586253818453642,3.529478731982678,15.80745776799506,15.96582150863614,0.15836374064107872,17.42535452464422,19.65561095101961,2.230256426375391
2020-09-11,20.30403777017634,1,24.007425356955906,21.725391729810653,-2.2820336271452533,22.205255852950117,19.928626072782237,-2.2766297801678803,20.00113001656088,18.74100524160258,-1.2601247749582996,22.15929292569035,25.257059124399163,3.097766198708811,15.710729966695396,15.935184815604657,0.22445484890926082,17.740392502205395,20.236959636858742,2.496567134653347
2020-09-18,20.51007400690899,1,24.46054628287159,21.920514733202822,-2.540031549668768,22.215432271039802,20.34189818342729,-1.8735340876125122,20.27972123969458,18.83797132902636,-1.4417499106682214,22.19566566181112,25.5209128054763,3.3252471436651803,16.1001597899634,16.038385778053694,-0.061774011909704996,17.808918796073456,20.40076121226747,2.5918424161940123
2020-09-25,20.423098413624256,1,24.436391456940356,22.14926412840184,-2.287127328538517,22.006468547127795,19.748717157913305,-2.2577513892144907,20.329212650573368,19.063631037866045,-1.2655816127073223,22.173041722850087,25.392825164408862,3.219783441558775,15.838470540555704,15.890844928972655,0.052374388416950524,17.75500556369822,20.293308064182824,2.5383025004846047
2020-10-02,20.420665633871042,1,24.751565754529068,22.31569757054443,-2.4358681839846383,22.017617876401047,19.819356664210204,-2.198261212190843,20.050836750197178,18.78330314523501,-1.2675336049621677,22.12937170628814,25.513601302521153,3.3842295962330127,15.915682859160412,15.802091211175934,-0.11359164798447807,17.658918856650416,20.28994390953953,2.6310250528891146
2020-10-09,21.059003178577377,1,25.772879633631092,23.478084149313474,-2.2947954843176177,23.088204813441422,21.328869559583424,-1.7593352538579978,20.20539954437274,18.958712207997124,-1.246687336375615,22.617140262401634,25.98568195408896,3.3685416916873265,16.700723231812162,16.44105064391495,-0.2596725878972137,17.969671585805216,20.161620556566376,2.1919489707611604
2020-10-16,20.223023703152357,1,25.77591299477959,23.521132054335936,-2.254780940443652,22.36979327981723,20.161292102781246,-2.208501177035984,20.021217800674307,18.97646852859171,-1.0447492720825977,19.55285874830122,23.576855706305267,4.023996958004048,15.976516287459305,15.373527644376964,-0.602988643082341,17.641843107882494,19.72886618252305,2.0870230746405554
2020-11-06,20.374224659230013,1,25.814201769897892,24.54141182666723,-1.2727899432306629,22.48252949314694,21.333029367292582,-1.1495001258543596,20.536376752458935,19.4003953480141,-1.1359814044448342,19.988656837536183,21.241649149735025,1.2529923121988418,16.362626272789385,16.545197960306552,0.1825716875171679,17.060956829550747,19.18366430336458,2.1227074738138327
2020-11-13,21.07518782659031,1,26.17691920601135,24.756029682797518,-1.4208895232138303,23.350943513817654,22.420839421837783,-0.9301040919798709,21.129776146538106,20.020122610754683,-1.1096535357834227,20.8579258153745,22.26824433315595,1.4103185177814481,17.327592304983853,17.63577998541446,0.3081876804306063,17.60796997281639,19.350110925581447,1.7421409527650553
2020-11-20,21.085152739192257,1,26.674117421069525,25.343878738194434,-1.3302386828750912,22.54495067637623,21.80928901618273,-0.7356616601935002,21.235761882471678,20.113273628116943,-1.1224882543547352,20.99803536504217,22.159704975556522,1.1616696105143518,17.338121640601727,17.730842049850608,0.39272040924888074,17.719929449592215,19.353928027252266,1.6339985776600514
2020-11-27,21.468962637219025,1,27.365454653356466,26.209978201535506,-1.1554764518209595,22.82560385091439,22.248463027942066,-0.5771408229723249,21.84884501944451,20.512138688505786,-1.3367063309387248,21.12445819589857,22.197306204669474,1.0728480087709045,17.615809711636132,18.223861127415674,0.608051415779542,18.033604392064092,19.42202857324567,1.388424181181577
2020-12-04,21.44961991491725,1,27.43510788713165,26.49807618780075,-0.9370316993309018,22.953521543030263,22.55116496563673,-0.40235657739353314,21.676652006057864,19.97410107030433,-1.7025509357535356,21.07496025691337,22.271927728730915,1.196967471817544,17.576213198743616,18.051949230484524,0.47573603174090806,17.981264597626733,19.350500306546266,1.3692357089195326
2020-12-18,21.048516292196812,1,27.068168272311325,25.936998451411426,-1.131169820899899,22.36092806352184,21.901726062078012,-0.4592020014438276,21.52190995528379,19.873783312789612,-1.6481266424941765,21.07658270795416,22.30654632783603,1.2299636198818718,16.27346729150142,16.906839846004274,0.6333725545028557,17.990041462608332,19.365203753061536,1.3751622904532042
2021-01-08,21.38339201598178,1,27.432630132715957,26.791047220106094,-0.6415829126098629,21.96102547100169,21.337302550381494,-0.623722920620196,21.63935303127053,19.84324914066889,-1.7961038906016427,21.416752764269702,23.114497165121577,1.6977444008518745,17.026153443622405,16.57552028380742,-0.4506331598149842,18.824437253010387,20.638735735805184,1.814298482794797
2021-01-15,22.092027507735875,1,27.582301740575687,26.73277456574776,-0.8495271748279265,22.202416979107127,21.767042930648415,-0.4353740484587121,21.63433883138677,19.479709142792345,-2.154629688594426,22.812672747214776,24.916381261771562,2.1037085145567858,18.716691804658865,18.143678943953574,-0.5730128607052904,19.603742943472014,21.51257820150161,1.9088352580295975
2021-01-22,22.28120053969967,1,27.639087840779254,26.840464292860773,-0.7986235479184813,22.58435329164348,22.1044286581768,-0.47992463346668046,21.764996975614878,19.52226445301916,-2.242732522595716,22.66315899368672,24.254207650397646,1.5910486567109245,18.866268688393177,18.929351185487604,0.06308249709442748,20.169337448080526,22.036486998256024,1.8671495501754976
2021-01-29,23.00014919200287,1,28.786468965123078,28.253625026981325,-0.5328439381417525,23.0870255784766,22.787841310435653,-0.2991842680409462,22.43626089660843,20.12815015809116,-2.3081107385172714,23.170048476028867,24.33176703611018,1.1617185600813116,19.19844761025894,19.529786807640278,0.33133919738133955,21.32264362552131,22.96972481275857,1.6470811872372622
2021-02-05,22.734369901918654,1,28.777397789113266,28.311082783394752,-0.4663150057185135,22.485133503242082,22.37118026810127,-0.11395323514081213,23.011047234309913,20.520456318687906,-2.4905909156220076,21.651448171597266,23.107502282717633,1.4560541111203662,18.87935877081192,19.150590039355805,0.271231268543886,21.601833942437494,22.945407719254604,1.3435737768171094
2021-02-19,22.63768338234631,1,28.547987800224917,27.986025993562535,-0.5619618066623815,22.45741814775276,22.473017650019173,0.015599502266411491,22.94766065464718,20.555255038989642,-2.3924056156575375,21.679313715979347,23.280423099376904,1.6011093833975565,18.893302632489167,19.20910231934242,0.31579968685325355,21.30041734298449,22.322276192787186,1.0218588498026975
2021-03-05,22.351004071848696,1,28.325733271933316,28.26938002943716,-0.05635324249615792,22.417669219839652,22.32822543340791,-0.08944378643174389,22.997384785111947,20.684207493283125,-2.313177291828822,21.344247276897732,22.851535532800597,1.5072882559028642,18.323366461663355,18.68998547407216,0.3666190124088047,20.697623415646177,21.282690468091232,0.585067052445055
2021-03-12,22.39064587503965,1,28.420878017537376,28.264531294604495,-0.15634672293288077,22.439968039835733,22.891528430204133,0.45156039036839957,23.0164961633146,20.789956859232305,-2.2265393040822943,21.21331841111332,23.037368078721812,1.8240496676084916,18.235012620859507,18.6913443360519,0.45633171519239113,21.018201997577364,20.669146251423257,-0.3490557461541073
2021-03-19,22.104592606942617,1,27.59778272007472,27.543911062545746,-0.053871657528972605,22.377675436263317,22.79136139693297,0.41368596066965324,22.381242568130673,20.016570671345193,-2.364671896785481,21.121088434905403,22.83831806747085,1.7172296325654486,18.28777344495181,18.79701657524646,0.5092431302946494,20.861993037329796,20.640377868114484,-0.22161516921531188
2021-03-26,22.249534155647172,1,27.92787043920103,27.705285111358705,-0.22258532784232443,22.504860349895978,23.045107211328002,0.5402468614320242,22.439669813602137,20.211612847570635,-2.2280569660315024,21.145089648614885,22.816674027802208,1.6715843791873226,18.304176862059663,18.70809885483348,0.40392199277381735,21.175537820509362,21.010426880989982,-0.16511093951937994
2021-04-16,22.303982722445102,1,28.042034206677798,27.7652191957434,-0.2768150109343992,22.664911397620727,23.01471571666474,0.34980431904401144,22.600026497462025,20.416765758259345,-2.18326073920268,21.157200300871864,22.95406685990116,1.7968665590292972,18.10046538254791,18.46778385207125,0.36731846952334024,21.259258549490312,21.205344952030728,-0.053913597459583684
2021-04-23,22.302902817262378,1,27.667493983060353,27.174948261564367,-0.4925457214959863,22.358828480424805,22.898715599992755,0.5398871195679504,22.435469371600888,19.84808724955525,-2.587382122045639,21.578281253316078,23.568264100680082,1.9899828473640042,18.43829579111683,18.853289183164037,0.414993392047208,21.3390480240553,21.474112508617765,0.1350644845624629
2021-05-07,22.20081424974366,1,27.29380155692681,26.97678854781229,-0.31701300911451824,22.30996744505255,23.06656258311928,0.7565951380667286,21.946845338378793,19.805754527678104,-2.141090810700689,21.541034098901747,23.48517095436469,1.9441368554629435,18.47994253274858,18.595939626329127,0.1159970935805461,21.633294526453483,21.274669259158472,-0.358625267295011
2021-05-21,22.012576470209112,1,27.15807287975791,26.97261514249557,-0.1854577372623396,22.211019645988742,23.093105828895418,0.8820861829066757,21.924357824134816,19.915813458746925,-2.008544365387891,21.43119984297303,23.445388094852788,2.0141882518797587,17.73123918612032,17.59276998388421,-0.13846920223610937,21.619569442279854,21.055766312379788,-0.5638031299000659
2021-05-28,22.435234972114554,1,27.212209238495277,27.02796946254712,-0.1842397759481571,23.188225874166974,24.44884644253476,1.2606205683677842,22.3775822939718,20.329886293373775,-2.047696000598023,21.826598103203338,23.88965766011617,2.063059556912833,18.08377841950073,17.56789257003429,-0.5158858494664429,21.923015903349196,21.347157404081216,-0.57585849926798
2021-06-04,22.61232026666609,1,27.506886939590473,27.315791281518827,-0.19109565807164586,23.511151983457708,24.320362246282386,0.8092102628246778,22.702791548395695,20.79609364327257,-1.9066979051231243,21.638694796521378,23.763954464955745,2.125259668434367,18.37133630243781,18.01420243848071,-0.35713386395710245,21.943060029593468,21.46351752548631,-0.47954250410715815
2021-06-11,22.583854575745487,1,27.66370270426441,27.293928510984642,-0.3697741932797669,23.468866126820473,24.36653592879,0.8976698019695277,22.691018236910622,21.090930167304037,-1.600088069606585,21.541668475603416,23.84441354692808,2.302745071324665,18.209402238398653,17.73933938111722,-0.4700628572814338,21.92846967247533,21.167979919348937,-0.760489753126393
2021-06-18,22.61026528123922,1,27.677330442327346,27.413456338250455,-0.2638741040768906,23.405162136906824,24.16599021413826,0.7608280772314373,22.78559771668148,21.204360481693087,-1.581237234988393,21.36097017932663,23.418201553275054,2.057231373948426,18.186429263753567,17.770929112999312,-0.41550015075425506,22.24610194843946,21.688653987079164,-0.5574479613602961
2021-06-25,22.605062711514904,1,27.535902728210516,27.064449241735787,-0.4714534864747293,23.255121058394778,24.05841403511249,0.8032929767177137,22.78041405282451,21.228560359106837,-1.5518536937176748,21.464399638696676,23.770657183148003,2.306257544451327,18.115556927851614,17.88783260974354,-0.22772431810807348,22.47898186311133,21.62046284024281,-0.8585190228685207
2021-07-02,22.12852133330729,1,26.56760325137104,26.324650846148344,-0.24295240522269523,22.257519534218403,22.49974373194476,0.24222419772635817,22.50136924872902,21.106320807867434,-1.3950484408615864,21.40240384837699,24.0846875723623,2.6822837239853072,18.217937436495205,17.99335624814904,-0.22458118834616414,21.824294680653082,20.76236879337182,-1.0619258872812622
2021-07-09,21.90904415558104,1,26.46562949536967,26.213564745512954,-0.25206474985671434,22.44892379757195,22.790848717678543,0.34192492010659237,22.410488463014772,21.015550654642396,-1.3949378083723758,20.980422085421168,23.208237563226703,2.2278154778055352,17.96404758443404,17.778434480171782,-0.1856131042622593,21.184753507674642,20.44762877225385,-0.7371247354207924
2021-07-16,21.82653875734573,1,26.45494768821665,26.205404436866615,-0.2495432513500333,22.24255383556283,22.44607971956924,0.20352588400641025,22.36116897173187,20.939749439225963,-1.421419532505908,20.97580365000549,23.36087313392308,2.38506948391759,17.806501216323795,17.687643140535016,-0.11885807578877916,21.118257182233762,20.31948267395451,-0.7987745082792514
2021-07-23,21.599774570977605,1,26.473089505066937,26.331996119426236,-0.14109338564070129,21.797069190418398,22.080206729499693,0.28313753908129513,22.078252951693727,20.621768688511466,-1.4564842631822614,20.867222223436784,23.34997033904854,2.4827481156117557,17.47451659156171,17.42692060721639,-0.047595984345321085,20.90849696368808,19.787784942163327,-1.1207120215247528
2021-07-30,21.462634581496673,1,26.38086445890154,26.09588917316961,-0.28497528573193165,21.737050399270245,21.772561116245342,0.03551071697509656,21.997148549483825,20.90617520974429,-1.0909733397395343,20.56442735218286,22.71923961498061,2.1548122627977477,17.332901957488033,17.415731847365862,0.08282988987782858,20.763414771653544,19.866210527474323,-0.8972042441792212
2021-08-06,21.15912382298465,1,25.962714026230515,25.61658381757711,-0.34613020865340616,21.662891117550544,21.71556271123717,0.05267159368662533,21.547162331129897,20.275435445972136,-1.2717268851577614,20.498035563836766,23.035599838070937,2.537564274234171,16.69549181372372,16.766098835844545,0.07060702212082504,20.588448085436454,19.545462289205958,-1.0429857962304965
2021-08-13,21.140833880157256,1,25.69671611737813,25.547852341897084,-0.1488637754810469,21.453385820201063,21.573400269077453,0.12001444887638968,21.215946466213836,20.14151731325292,-1.0744291529609171,20.63612695841148,22.77406687375388,2.1379399153424004,17.52461167249301,17.46561369669587,-0.05899797579714061,20.31821624624601,19.34255278626634,-0.9756634599796712
2021-08-20,21.53078987927619,1,26.209421056759368,25.94539727915793,-0.26402377760143736,21.540691508449044,21.958747689043236,0.41805618059419203,21.502728019000486,20.532860571190255,-0.9698674478102305,21.398770424736725,23.19608787698995,1.7973174522532247,18.023730108710424,18.070100860746948,0.0463707520365233,20.50939815800109,19.481544998528847,-1.0278531594722438
2021-08-27,21.05865220298904,1,25.137060107799982,24.794106411663634,-0.3429536961363482,20.92645547166626,21.56370035839784,0.6372448867315796,21.335603701202615,20.358543578101646,-0.9770601231009692,20.909711315321758,22.283680507305448,1.37396919198369,17.814933447509688,18.252301709325863,0.43736826181617516,20.228149174433952,19.09958065313984,-1.1285685212941132
2021-09-10,21.534032523795346,1,25.276388384440082,25.288656171324945,0.01226778688486263,21.265933211973177,22.072567187726065,0.806633975752888,21.488730331176754,20.51910131850505,-0.9696290126717031,21.141750767338067,22.349652731493194,1.207901964155127,19.725215631511375,19.744674514380904,0.019458882869528793,20.306176816332624,19.229543219341906,-1.0766335969907175
2021-09-17,21.583517889069558,1,25.312257624619093,25.295496952946394,-0.016760671672699345,21.074458702499882,21.819518044945752,0.7450593424458702,21.59144806255493,20.597278650304673,-0.9941694122502582,21.16609010976987,22.399404940456762,1.2333148306868935,19.95174603930394,20.2123572541458,0.2606112148418589,20.40510679566964,19.17705149161803,-1.2280553040516082
2021-10-01,21.779859680616557,1,25.3956240001136,25.210171516328046,-0.18545248378555357,21.595963630466613,22.78401263090683,1.1880490004402162,21.774208259224423,20.78081190252844,-0.9933963566959818,21.292648011980503,22.474964687866702,1.1823166758861987,19.95103758762484,19.966490106223745,0.01545251859890584,20.66967659428937,19.462707239845614,-1.206969354443757
2021-10-08,21.938063822529767,1,25.95136674216195,26.34391149363384,0.3925447514718883,21.91705684626544,23.19892898344976,1.2818721371843225,21.07152354551647,19.673564453555272,-1.397959091961198,21.42389842351494,22.332274553053978,0.908376129539036,20.273109018460815,20.383912290347695,0.11080327188687988,20.991428359258975,19.695791161138047,-1.2956371981209287
2021-10-15,20.611011212050887,1,24.52114828660318,25.875816114466474,1.3546678278632953,20.701219612431117,21.63658151572234,0.9353619032912235,20.410165730981447,18.88211602013348,-1.5280497108479665,20.338085325533655,20.722213666311674,0.3841283407780196,17.587051052558607,17.398603038271204,-0.18844801428740254,20.108397264197322,19.150736917400167,-0.9576603467971552
2021-10-29,20.542910755496923,1,24.319776848493802,25.861464220466488,1.5416873719726851,20.71118422823436,21.830270138759403,1.119085910525044,20.429533034827216,18.897521408045833,-1.532011626781383,19.857062492305857,20.424761227659275,0.5676987353534173,17.72091220215752,17.20065400833967,-0.5202581938178525,20.218995726962774,19.042793529710863,-1.1762021972519108
2021-11-05,20.29880883616706,1,24.05025991813956,25.522869999053725,1.4726100809141656,20.236705609791315,21.063073496427776,0.8263678866364614,20.219398889789005,18.561604628263552,-1.6577942615254528,19.604845478535324,20.200451076333664,0.5956055977983397,17.388917573842605,16.966610385319143,-0.4223071885234617,20.292725546904535,19.478243431604497,-0.8144821153000379
2021-11-12,20.484149517458533,1,24.078418003105966,25.933186517950773,1.8547685148448068,20.42244188335556,21.350759236147127,0.9283173527915665,20.74732520895988,18.802966820812372,-1.9443583881475064,19.78359474779559,20.063480343098902,0.2798855953033126,17.474629457396034,17.309552420784428,-0.16507703661160633,20.39848780413817,19.444951765957583,-0.9535360381805873
2021-11-19,20.5645898139159,1,24.192679784935976,25.915298412348676,1.7226186274127002,20.42410295671945,21.22440934426723,0.8003063875477778,20.452943833903305,18.54883606559318,-1.9041077683101264,19.705481163202535,19.835187913513494,0.1297067503109588,17.378009713731345,17.23805243988903,-0.13995727384231316,21.234321431002797,20.6257547078838,-0.6085667231189973
2021-11-26,20.11101146448372,1,23.79228305420952,25.950038045188208,2.157754990978688,20.160775000419733,21.079607582625883,0.91883258220615,18.82822445126392,16.47076684760279,-2.357457603661132,19.465452756611754,19.481192146714577,0.01573939010282288,17.234126276343915,17.25844641881224,0.024320142468326367,21.185207248053473,20.426017745958546,-0.7591895020949266
2021-12-17,20.594538333364646,1,24.482334315070915,27.175159017974067,2.6928247029031525,20.513546874346105,21.246223244881804,0.7326763705356996,18.99911653191134,16.63196644718927,-2.36715008472207,19.689009299507987,19.508380681953824,-0.18062861755416293,17.706979992604104,17.622140160502937,-0.08483983210116719,22.176242986747425,21.383360447685916,-0.7928825390615089
2021-12-24,20.892033008005807,1,24.557602787486616,27.31751271961099,2.7599099321243727,20.410313527497806,20.834473560152105,0.42416003265429936,19.921545810909834,17.61789605658207,-2.3036497543277648,19.906776702822356,19.794336450257845,-0.11244025256451096,18.20846151382112,17.992523538249372,-0.2159379755717481,22.347497705497105,21.79545572318247,-0.5520419823146341
2022-01-07,18.986749619972155,1,23.420764095396734,25.98755095443903,2.5667868590422955,19.03451428180918,19.585548161871614,0.5510338800624339,18.96478682697635,17.352279761192406,-1.6125070657839444,18.413357467593727,18.871411725427535,0.45805425783380826,12.538720153029885,11.074138453972992,-1.4645816990568932,21.54835489502706,21.04956866292933,-0.49878623209772854
2022-01-14,18.797794393564182,1,22.65966929590138,25.334869369543085,2.6752000736417045,19.072060344468653,19.711201399742535,0.6391410552738819,18.83583933962595,17.47844167477831,-1.357397664847639,18.37903537414958,18.91232097036827,0.5332855962186898,12.696154434813579,10.462852029766935,-2.2333024050466435,21.14400757242595,20.88708091718594,-0.256926655240008
2022-01-21,18.35660707063187,1,22.571445258098777,25.227696134006337,2.65625087590756,18.494787785640952,19.33681207794649,0.8420242923055383,18.307846448572676,16.696942732655714,-1.6109037159169617,17.801430484512792,18.26928475278376,0.467854268270969,12.191910651912664,10.083379431809163,-2.108531220103501,20.77222179505337,20.525527294589793,-0.2466945004635761
2022-01-28,18.446265373023284,1,22.682192876335677,25.219623004088092,2.5374301277524154,18.387003904313858,19.24706033495326,0.8600564306394034,18.23607457979996,16.651315597747057,-1.5847589820529038,17.692658888378233,18.599062384885073,0.9064034965068402,13.038786753252992,10.528755112562692,-2.5100316406903005,20.64087523605899,20.431775803903534,-0.20909943215545468
2022-02-11,18.523118360808223,1,22.69480318228578,25.507823567307113,2.813020385021332,19.22547597151251,20.1092198928298,0.88374392131729,17.45226503134988,15.427968829898475,-2.0242962014514063,17.87748890490063,19.008256202285665,1.1307672973850345,13.187879650687776,10.861141798042496,-2.32673785264528,20.70079742411275,20.224299874485766,-0.4764975496269841
2022-02-18,17.537460926438907,1,22.066212940091816,24.18848034080493,2.1222674007131133,17.90930065468939,18.238891226033914,0.3295905713445251,16.407797261662935,14.550376525269755,-1.8574207363931805,15.88596569922484,17.83314840886122,1.9471827096363796,12.72074300516256,10.304307786347323,-2.416435218815238,20.23474599780191,20.109561271316267,-0.12518472648564227
2022-03-04,17.694366558832133,1,22.807785322263825,25.86048741289838,3.052702090634554,17.508781694646885,18.20234841463271,0.6935667199858244,16.324597147345386,14.85391640538279,-1.470680741962596,15.79985836917065,17.12189058437471,1.322032215204061,12.693286204040376,10.159999919474302,-2.533286284566074,21.03189061552567,19.967556616229956,-1.0643339992957124
2022-03-11,17.419811539725416,1,21.945395512190117,24.494507360801094,2.549111848610977,17.398598349250932,18.14990649104753,0.7513081417965992,16.156244635691692,14.941956855687053,-1.2142877800046392,15.733566428003627,17.179702380043793,1.4461359520401658,12.634592489493315,10.152237463889449,-2.482355025603866,20.65047182372281,19.60055868688353,-1.0499131368392796
2022-03-18,17.32664920615286,1,21.857004336949032,24.534214505803988,2.6772101688549554,17.33146538457646,18.010679330302466,0.6792139457260049,16.243089954059087,14.905574029441624,-1.3375159246174633,15.632213962309336,17.074209928593575,1.4419959662842388,12.628362592552719,10.217405701299086,-2.410956891253633,20.26775900647054,19.21781174147641,-1.049947264994131
2022-03-25,16.975786776500236,1,21.571497185637085,24.206843750152117,2.6353465645150322,17.021783375459094,17.684935208394194,0.6631518329350996,16.044750187253214,15.046658185940913,-0.9980920013123011,15.158363400144992,16.462782789031408,1.3044193888864157,11.81839895776929,9.337536247381891,-2.480862710387399,20.23992755273774,19.115964478100892,-1.1239630746368476
2022-04-01,17.062385195763934,1,21.48599286394095,24.097694667925282,2.6117018039843316,17.190409673993543,17.87398691316156,0.6835772391680166,16.349143200269282,15.585662267708344,-0.7634809325609382,15.386491456679465,16.71158788174874,1.325096425069276,11.669411889924888,9.324905364437498,-2.3445065254873896,20.292862089775483,18.780474079602172,-1.5123880101733107
2022-04-08,17.14060078248345,1,21.59514482699005,24.361935022887636,2.7667901958975847,17.076716562147737,17.270501191391688,0.19378462924395023,16.365037459817074,15.477144919892325,-0.8878925399247493,15.379147421557192,16.653164125313353,1.2740167037561605,11.676637779042508,9.398550570934901,-2.278087208107607,20.750920645346127,19.682308864480817,-1.0686117808653108
2022-04-22,17.016093941679237,1,21.412856090696195,24.18461263339988,2.7717565427036845,17.031451761241755,17.254430596283072,0.22297883504131732,16.355536139209903,15.578505646192909,-0.7770304930169942,15.371767194292332,16.774916840572942,1.4031496462806103,11.707443215749876,9.371233410671351,-2.336209805078525,20.217509248885364,18.932864522955242,-1.2846447259301215
2022-05-13,18.26978652813793,1,22.892503034243774,24.79007555296853,1.8975725187247576,18.108031672510577,18.276268450337128,0.1682367778265501,17.28969545263361,15.569978725724852,-1.7197167269087572,16.212331464594982,17.88524313957886,1.6729116749838795,13.260034941536944,10.899278676947588,-2.360756264589355,21.85612260330771,22.19787462327062,0.34175201996291094
2022-05-20,18.390821684199313,1,23.190642430312764,25.067849456025087,1.8772070257123232,17.32920371456062,18.03032880887504,0.7011250943144205,17.691847558115057,16.053717571072397,-1.6381299870426602,16.315195399413014,18.09730531746183,1.7821099180488176,13.561745346627347,10.876334153856604,-2.6854111927707436,22.256295656167083,22.21939479790491,-0.03690085826217171
2022-05-27,18.33124550044919,1,23.119306011388062,24.73386094565457,1.6145549342665078,17.037957032263662,18.18500251093849,1.1470454786748263,17.639077618017524,16.19691263129849,-1.4421649867190354,16.220920982309195,18.167471876277105,1.9465508939679097,13.715240648441068,10.998629949219065,-2.7166106992220023,22.254970710275614,21.705595089307423,-0.5493756209681919
2022-06-10,18.443431594175344,1,23.04124970517435,24.843498973557956,1.8022492683836049,17.17182488165969,18.424380607956465,1.2525557262967766,17.934978419297295,16.75326753279066,-1.181710886506636,16.538378256735257,18.36752129638279,1.8291430396475334,13.948434296722326,11.03377570402796,-2.914658592694366,22.025724005463147,21.238145450336233,-0.7875785551269132
2022-06-17,18.945735256191856,1,23.391000361731145,25.08763906654889,1.6966387048177438,17.64477377758756,19.30190469292498,1.6571309153374187,18.317500127062104,17.18716350347023,-1.130336623591873,16.957734896133232,19.086936776274342,2.1292018801411103,14.531472458072429,11.482013922604551,-3.0494585354678776,22.83192991656466,21.52875357532811,-1.3031763412365507
2022-06-24,19.049176307122497,1,23.46128242026414,25.110578042814907,1.649295622550767,18.076891327631927,19.40355308077666,1.3266617531447338,18.475896936310804,17.355979054110705,-1.1199178822000988,16.792313356866387,18.962778145217698,2.1704647883513104,14.460945324359486,11.71418915915416,-2.7467561652053263,23.027728477302233,21.747980360660904,-1.2797481166413291
2022-07-01,18.729566371707055,1,22.80586924571196,24.29514417762705,1.4892749319150909,17.853784151479474,18.533627153406343,0.6798430019268693,17.849209299199117,16.886033960214647,-0.9631753389844704,16.636878826888932,18.739496214701987,2.102617387813055,14.188917175243105,11.695427918232028,-2.4934892570110776,23.042739531719747,22.227668806060294,-0.8150707256594529
2022-07-08,18.878075834001457,1,22.876895004587396,24.789189012790814,1.9122940082034177,17.95515983912746,18.67555211312282,0.7203922739953583,17.962125372702346,17.188031002158795,-0.7740943705435512,16.895593524910637,18.646991341709736,1.7513978167990985,14.232763519681114,11.680320383334461,-2.5524431363466533,23.345917742999788,22.288371150892118,-1.0575465921076699
2022-07-15,18.57512919180383,1,22.37714311057701,23.38708741518633,1.00994430460932,17.94139000648427,19.02689300191031,1.0855029954260402,17.353367846209835,16.31995664362931,-1.033411202580524,17.107880655822925,19.54199072895061,2.434110073127684,14.204444887398495,11.558241107692794,-2.6462037797057008,22.46654864433043,21.61660625345357,-0.849942390876862
2022-07-22,18.3820173215249,1,21.91463744717592,24.175360226389216,2.260722779213296,17.923515366671197,18.78325928323052,0.8597439165593244,17.012677523793215,16.569637431628763,-0.44304009216445195,17.15698090233336,18.84531109521646,1.6883301928831003,14.007806883515414,11.002716316440086,-3.005090567075328,22.276485805660286,20.915819576244374,-1.3606662294159122
2022-08-05,18.687449680911662,1,22.10375924714235,24.653504337497623,2.549745090355273,17.951667625604983,18.99213924432121,1.040471618716225,18.002822747419714,16.898818339223368,-1.1040044081963458,17.35519528375731,19.02732790233121,1.6721326185738974,14.155647890155933,11.152017777798605,-3.003630112357328,22.555605291389682,21.400890484297946,-1.154714807091736
2022-08-19,18.712224747387644,1,22.039526191335156,24.553667406786715,2.514141215451559,17.844045986806563,19.22552039853025,1.381474411723687,17.87089461777674,16.326374623553704,-1.5445199942230374,17.79671755293792,19.228381718899882,1.431664165961962,14.217776790722183,11.410148471582545,-2.8076283191396385,22.5043873447473,21.529255864972782,-0.9751314797745181
2022-08-26,18.88981622811298,1,22.2867486715961,24.804018593919764,2.5172699223236634,17.998671585637638,19.439269477454772,1.4405978918171343,18.139022467960558,17.002230181004606,-1.1367922869559521,18.038069297854094,19.20867821651072,1.170608918656626,14.2300856447809,11.491444078701278,-2.7386415660796217,22.646299700848587,21.393256821086737,-1.2530428797618498
2022-09-09,18.856019774267754,1,22.227670706138724,24.88273551046781,2.6550648043290863,17.88985823914564,18.990774854422114,1.1009166152764749,18.20827155375477,16.733958239215198,-1.4743133145395717,18.11080338340166,19.28274256540378,1.17193918200212,14.143613159797752,11.536849589033125,-2.6067635707646275,22.55590160336797,21.709057887064503,-0.8468437163034679
2022-09-23,18.51740036936753,1,21.555124399141945,24.29973818771731,2.7446137885753643,17.75136841246122,18.682859361318677,0.9314909488574585,18.066707641712085,16.453617107226037,-1.613090534486048,17.9672500586705,19.091232094054476,1.1239820353839747,13.526190874698372,11.10860043987141,-2.4175904348269626,22.23776082952105,21.468355026017235,-0.7694058035038154
2022-09-30,19.140673856086817,1,22.114104175596523,24.0224837615837,1.908379585987177,18.200798421673184,19.768367531254896,1.5675691095817115,18.752383338122442,17.300183260664795,-1.452200077457647,18.488651296855863,19.63269331894716,1.1440420220912983,14.163983286384891,10.956580719731235,-3.2074025666536556,23.12412261788799,23.16373454433915,0.0396119264511583
2022-10-07,18.777258366532923,1,21.12403546406388,23.30876747735607,2.184732013292191,18.03814656794394,19.672794514360746,1.6346479464168056,18.670236781132715,16.982472893593155,-1.6877638875395604,18.22222012922188,19.361098896077706,1.1388787668558251,14.060797889837914,10.905378091288327,-3.1554197985495875,22.5481133669972,22.433038326521512,-0.11507504047568773
2022-10-21,19.059321988656134,1,21.62946260403959,23.372357354521853,1.7428947504822645,18.503686851357045,20.270821149059827,1.767134297702782,18.505059442183423,16.84492314949621,-1.6601362926872127,18.58020818332399,19.50122154900704,0.9210133656830521,14.36982888697446,11.09743766317466,-3.2723912237998007,22.767685964058302,23.269171066677202,0.5014851026189007
2022-10-28,18.796891884918352,1,21.411876131390585,23.149982795988308,1.7381066645977228,17.920112555366586,20.287514616250007,2.367402060883421,18.2949754018357,16.48203051178504,-1.8129448900506588,18.19614239415769,18.492891090006736,0.29674869584904684,14.543900842284884,11.325516388362232,-3.2183844539226527,22.41434398447467,23.04341590711779,0.6290719226431207
2022-11-04,18.72348386138766,1,21.042290188979933,22.77442505575428,1.732134866774345,17.899328399790974,20.18051261323562,2.2811842134446465,18.461535191504282,16.530170822690707,-1.9313643688135755,18.109701174753965,18.36279699832525,0.2530958235712859,14.661567926034266,11.328961326164787,-3.3326065998694787,22.16648028726253,23.164036352155307,0.9975560648927768
2022-11-11,18.86079809670335,1,21.05419897203187,22.352227632190903,1.2980286601590336,18.13542458475007,20.37371876452727,2.238294179777199,18.914894369603587,16.81260150869116,-2.102292860912428,18.138551848881008,18.713642482520086,0.5750906336390784,14.710337171488945,11.434481682501527,-3.2758554889874176,22.21138163346461,23.478116509789146,1.2667348763245343
2022-11-25,18.645743578814557,1,20.550123508210618,21.552637211399343,1.0025137031887255,17.40965428340033,19.098310222028715,1.6886559386283864,19.976102337718615,18.523736399470707,-1.4523659382479082,17.980434337732945,18.490250586160087,0.5098162484271427,14.293859781049122,11.57359540091906,-2.720264380130061,21.66428722477572,22.635931652909434,0.9716444281337147
2022-12-02,18.523925592825396,1,20.188769697622277,21.571911475439492,1.3831417778172153,17.204640551451632,19.67501984688029,2.470379295428657,20.121800239384513,18.083296584999815,-2.038503654384698,17.86398348064219,18.174152154593628,0.31016867395143777,14.294589305549366,11.563062304041722,-2.7315270015076436,21.469770282302406,22.076111190997494,0.6063409086950884
2022-12-09,18.42272792141554,1,20.07280089381922,21.393678161926303,1.3208772681070826,16.999379437406944,19.409183612656875,2.4098041752499313,19.944238488546816,17.96513732155374,-1.9791011669930754,17.788689612807104,18.07462050317214,0.28593089036503727,14.357598577345385,11.684554664340112,-2.673043913005273,21.373660518567775,22.0091932648441,0.6355327462763256
2022-12-16,18.66244357704817,1,19.664964926187864,20.10869217124001,0.4437272450521448,17.561113797187858,20.448336584106272,2.8872227869184144,20.057057018566454,17.72022278314192,-2.336834235424533,18.25693941793783,18.985971117565924,0.729031699628095,14.714726097945004,12.089921916969345,-2.6248041809756586,21.719860204464,22.621516889265564,0.9016566848015657
2022-12-23,18.72205020064867,1,19.91888325144923,20.071018727988744,0.1521354765395131,17.746780226103937,20.62365623157477,2.8768760054708338,20.039205586322154,17.869352956430717,-2.1698526298914373,18.325222108288784,19.215936567613696,0.8907144593249114,15.129252306481533,12.198285747060709,-2.930966559420824,21.172957725246377,22.35405097322341,1.1810932479770315
2023-01-06,18.884126397220562,1,20.641113257184287,20.99975267204141,0.35863941485712303,17.65657117861268,20.12089730159147,2.4643261229787896,19.958943060135567,17.89349958432473,-2.065443475810838,18.98390559346504,20.044353190030236,1.0604475965651972,14.973289391955689,11.763620807424076,-3.209668584531613,21.090935901970113,22.48263482791144,1.391698925941327
2023-01-13,18.893681518952228,1,20.69015604207968,20.886041174738452,0.1958851326587734,17.640757806839773,20.180103873169415,2.5393460663296423,19.937514293211308,17.71154268933215,-2.2259716038791595,19.047852653063202,19.918143152743582,0.8702904996803795,14.953234007282532,11.801077690624567,-3.1521563166579654,21.092574311236874,22.865180533105217,1.7726062218683438
2023-01-27,19.05936180053281,1,20.93273029171786,21.229724880744087,0.29699458902622666,17.984972051455415,20.500627191274233,2.5156551398188185,20.386307571477474,18.14323702002747,-2.2430705514500033,18.554584464852155,19.114971391662905,0.5603869268107502,15.256110165544754,12.195101247052378,-3.0610089184923766,21.241466258149188,23.172509072435787,1.9310428142865987
2023-02-03,18.819630427259234,1,20.785931079127636,20.787871205671124,0.0019401265434879633,17.826158266655128,20.690469156905067,2.8643108902499392,20.290734422988038,17.74925898056341,-2.541475442424627,18.429751906610136,18.82400918342954,0.3942572768194026,15.27709537272736,12.431751008945682,-2.8453443637816775,20.30811151544711,22.434423028040584,2.1263115125934746
2023-02-10,18.578445229597225,1,20.777427336068584,20.46756011917715,-0.3098672168914334,17.538818142442636,20.392065526464066,2.8532473840214294,19.992951137414536,17.346015618236592,-2.6469355191779442,18.07424474512878,18.39789450482921,0.3236497597004302,14.996612289444272,12.367530953328014,-2.6290813361162577,20.090617727084535,22.49960465554838,2.4089869284638468
2023-02-17,18.36883979747151,1,20.59596615391068,20.30846106411086,-0.28750508979982214,17.443601051837362,20.936225236493854,3.492624184656492,19.733896957969534,16.53049699721295,-3.2033999607565846,17.82565855858664,18.41324420608305,0.587585647496411,14.73960022961873,12.014590192617675,-2.7250100370010557,19.874315832906106,22.01002108831065,2.1357052554045453
2023-02-24,18.459681045416044,1,20.75341417091967,20.220111803450365,-0.5333023674693038,17.51266412736362,21.131371870476926,3.618707743113305,19.968677067610173,16.72653335998865,-3.2421437076215227,18.0052965994403,18.705372548796092,0.7000759493557922,14.706658619649133,12.035300369790235,-2.6713582498588977,19.811375687513376,21.939396319994003,2.1280206324806272
2023-03-03,18.314754644719798,1,20.35848946337927,19.988117945421706,-0.3703715179575653,17.61890789017899,20.867520140430216,3.2486122502512274,19.46021320726878,16.716205797643838,-2.744007409624942,18.416538432168394,19.06718270509728,0.6506442729288864,14.414522287093774,11.745475929698443,-2.669046357395331,19.61985658822958,21.504025350027263,1.8841687617976817
2023-03-10,18.07696776107517,1,20.165552027547236,19.680259392219426,-0.4852926353278093,17.62462963379275,20.959703638642353,3.335074004849602,19.098815344580544,16.091581043850752,-3.0072343007297917,18.04317800011718,19.117744408054293,1.0745664079371124,14.185858855622214,11.397465973246497,-2.7883928823757174,19.343772704791093,21.215052110437654,1.8712794056465611
2023-03-17,17.961289351583524,1,20.19343823981687,19.682498529586326,-0.5109397102305451,17.56080668779063,20.835389008610946,3.274582320820315,18.941948256380257,16.050081995223408,-2.8918662611568493,17.625492109481684,18.82404172428066,1.1985496147989778,14.209256479320118,11.309253917623224,-2.900002561696894,19.236794336711583,21.066470934176564,1.8296765974649816
2023-03-24,17.094746942442885,1,19.062661323968015,18.669429783563075,-0.39323154040494046,17.521930079678725,20.96942121829275,3.4474911386140263,18.17534108570385,14.765613926970929,-3.4097271587329203,16.94524028219982,17.989478207090684,1.044237924890865,13.103178116194485,10.47805111727574,-2.625126998918745,17.760130766912425,19.696487401464154,1.9363566345517285
2023-03-31,17.044912351597983,1,18.23657960630419,18.30287820068071,0.0662985943765193,17.70502780196422,21.325156487614535,3.6201286856503145,18.51566721087056,14.959484492111116,-3.5561827187594446,16.859640297170188,17.778317362602664,0.9186770654324761,14.166951653770425,11.224383942238205,-2.94256771153222,16.785607539508305,18.679253624340674,1.893646084832369
2023-04-28,17.219104883496023,1,18.39090386392705,18.50388737080037,0.11298350687332004,17.642680541561703,21.094566729460084,3.4518861878983813,18.872044954722924,14.615025943758567,-4.257019010964356,16.8838292140196,17.72554868522508,0.8417194712054794,14.292478162170298,10.972582764265425,-3.3198953979048724,17.232692564574563,20.403017807466597,3.1703252428920337
2023-05-12,17.32303219110891,1,18.352285902830033,18.563600411254683,0.21131450842464972,17.814228110397494,21.1094296849854,3.2952015745879066,18.982637815670188,14.845786507067743,-4.136851308602445,16.984528758936932,18.01916943210371,1.034640673166777,14.367053593686762,11.101585449556154,-3.265468144130608,17.437458965132052,20.298621661685843,2.861162696553791
2023-05-19,16.634415079189008,1,16.9715048804931,17.275947515192797,0.3044426346996971,17.747386549168596,19.931608012106665,2.184221462938069,18.64518344149441,14.508406848066713,-4.136776593427697,17.892964427497162,19.440050747773668,1.547086320276506,12.555909850038915,9.075787316824929,-3.4801225332139865,15.993541326441871,19.574690035169255,3.5811487087273832
2023-05-26,16.7434757224295,1,17.513053148743964,17.22645393225045,-0.2865992164935136,17.46587798859045,20.163004123903562,2.6971261353131126,19.449666270053385,14.97139866941501,-4.478267600638375,17.577209041219874,19.223132511752198,1.645923470532324,12.415522684466737,9.064776898418813,-3.3507457860479235,16.0395252015026,19.81208819883699,3.77256299733439
2023-06-09,16.744097666410088,1,17.367931033937325,17.1685623240526,-0.19936870988472322,17.673466635971877,20.073899275841512,2.400432639869635,19.552423389071805,14.720896521850207,-4.831526867221598,17.590420736698917,19.46854300078411,1.8781222640851922,12.278028717215136,8.924303689805726,-3.3537250274094106,16.00231548556546,20.108381186126394,4.106065700560933
2023-06-16,16.67862959020697,1,18.0666473208218,17.837114180954103,-0.22953313986769786,17.25615438075195,19.880255998300044,2.6241016175480922,19.15487697182573,14.797358689302115,-4.357518282523614,16.742849953513456,18.550747855592377,1.8078979020789205,12.785706776257967,9.295576275821858,-3.490130500436109,16.06554213807091,19.710724541271375,3.645182403200465
2023-06-23,16.55568106434928,1,18.26363824802685,17.70344291116102,-0.5601953368658315,16.822888557118247,19.3244971900005,2.5016086328822524,19.05621143370361,14.481752540636847,-4.574458893066762,16.517361849243272,18.68369619702257,2.166334347779298,12.628338055593602,9.498587047790352,-3.12975100780325,16.045648242410095,19.64211049948443,3.596462257074336
2023-07-07,16.361110561636625,1,18.28634591283587,17.860719348973177,-0.4256265638626928,16.000931457103164,18.490647461464363,2.489716004361199,18.991670633267432,14.424076281012105,-4.567594352255327,16.190977702296237,18.215514785798675,2.0245370835024374,12.671951143776568,9.516288213993732,-3.155662929782835,16.024786520540488,19.659417278577706,3.6346307580372184
2023-07-14,16.43402303290648,1,18.406443435828947,18.156315633224622,-0.2501278026043252,16.270969376704755,17.981033272976703,1.7100638962719472,19.043399719201474,14.711044738721199,-4.332354980480275,16.406873803502933,18.437506921275073,2.0306331177721404,12.417471035484695,9.49468984801716,-2.9227811874675353,16.05898082671608,19.823547783224143,3.7645669565080624
2023-07-21,16.562347403643027,1,18.708445968150528,18.709667007109246,0.001221038958718168,16.516673602512995,18.283884273718314,1.7672106712053193,19.191801344464523,15.159188676056772,-4.032612668407751,16.368236937270524,17.941167518283677,1.5729305810131535,12.502232900829782,9.763443990788318,-2.738788910041464,16.086693668629806,19.5167329559018,3.4300392872719954
2023-08-04,16.472725380702713,1,18.708000801038636,18.5725381576855,-0.1354626433531365,16.330568880836708,17.89813882749438,1.5675699466576702,19.113074247265786,15.171224594797124,-3.9418496524686617,16.099415288619397,17.895942811159728,1.7965275225403303,12.48602929433821,9.695310441746898,-2.7907188525913114,16.09926377211754,19.603197451332633,3.503933679215095
2023-08-11,16.66733808511758,1,18.86722459117442,18.835176083941676,-0.03204850723274433,16.33693672062283,17.853726114475634,1.5167893938528039,19.257016923270882,15.197870788774495,-4.0591461344963875,16.43903631074207,18.209300589944675,1.7702642792026069,12.77112610998627,10.01427183698982,-2.756854272996449,16.33268785490901,19.89368309657918,3.5609952416701702
2023-08-18,16.508125743032,1,18.446777064910393,17.922802901273414,-0.5239741636369786,16.103787431080562,17.831084822887746,1.7272973918071841,18.847544453938397,14.832463456578694,-4.0150809973597035,17.074721524338784,18.98414313580912,1.9094216114703357,12.643789654410384,9.986651877430631,-2.657137776979752,15.932134329513474,19.49160826421243,3.559473934698957
2023-08-25,16.594439833306613,1,18.555880205301037,18.046863695141738,-0.5090165101592987,16.154780538001205,18.17021604054389,2.0154355025426867,18.947782790414763,14.746969850728192,-4.200812939686571,17.19977634337863,18.980520472106747,1.7807441287281165,12.512424464270921,9.842187169961548,-2.6702372943093735,16.195994658473126,19.77988177135758,3.5838871128844545
2023-09-08,16.585663482850574,1,18.57562345107145,18.138038638490016,-0.43758481258143433,16.109295743714966,18.015181854632317,1.9058861109173506,19.102545129991057,14.878715333866694,-4.223829796124363,17.085823597325643,18.869531688313742,1.7837080909880996,12.384636601537437,9.712371772382824,-2.6722648291546136,16.256056373462897,19.900141609417872,3.644085235954975
2023-09-15,16.59915995800306,1,18.381534551000385,18.025597965467398,-0.35593658553298724,16.048481895864683,17.901385083751777,1.8529031878870938,19.1242667997727,15.050826263458134,-4.073440536314564,17.050372290190893,18.648681662150807,1.598309371959914,12.544221270257452,9.681548330226704,-2.8626729400307482,16.446082940932257,20.28692044296359,3.8408375020313343
2023-09-22,16.606385995451294,1,18.68360012091692,18.292474693783475,-0.39112542713344567,16.01007663764615,17.853960800796415,1.843884163150264,18.986734987908534,14.77468542159204,-4.2120495663164945,17.011932797150223,18.618758559497593,1.6068257623473698,12.575327429369352,9.764681916218393,-2.810645513150959,16.370643999716577,20.333754580819814,3.963110581103237
2023-09-29,16.259085112549993,1,18.31239551567414,18.30241171664622,-0.009983799027921236,15.995165246770696,17.873526888898283,1.8783616421275866,18.331400784920746,14.049003696496342,-4.282397088424403,16.385033966699865,18.021054620803397,1.6360206541035325,12.584593912676226,9.719133936195618,-2.865459976480608,15.945921248558292,19.589379816260106,3.6434585677018134
2023-10-06,16.284982872746394,1,18.130176891816376,18.513795665806924,0.38361877399054833,15.968383640394492,17.88712514168992,1.918741501295429,18.21781419283333,14.010467513032822,-4.207346679800509,16.598878929453093,18.013757322261355,1.4148783928082622,12.660223222559225,9.720046319995404,-2.9401769025638202,16.13442035942184,19.564705273691942,3.4302849142701035
2023-10-20,16.28483202171017,1,18.184982471814152,18.496953351382416,0.3119708795682641,15.467022537892348,17.20907578011297,1.7420532422206207,18.342091349950906,14.117454025331526,-4.22463732461938,16.644080102652453,18.207777604520587,1.563697501868134,12.945110085071178,10.007045577695493,-2.9380645073756853,16.125705582879974,19.67068579121802,3.544980208338046
2023-10-27,16.006538303054437,1,17.840605646096208,17.998959168348065,0.15835352225185773,15.006284469199969,16.74890777750518,1.7426233083052125,18.360241331813597,14.25940658488966,-4.100834746923937,16.452238822626597,17.97060636599562,1.518367543369024,12.931039410967728,10.208464108170844,-2.7225753027968835,15.448820137622533,18.852885813417174,3.404065675794641
2023-11-03,16.063526051191854,1,17.735777903681864,18.291136391595046,0.5553584879131819,15.011073593889293,16.790404716659012,1.7793311227697188,18.452312350068155,14.289710560712365,-4.16260178935579,16.43512823371742,17.897668525665196,1.462540291947775,13.37095741372076,10.421613668859706,-2.9493437448610536,15.375906812073623,18.69062244365982,3.3147156315861963
2023-11-10,15.91660956698174,1,17.42331193581137,17.779853214534697,0.3565412787233271,14.918259869576417,16.71281906299653,1.7945591934201133,18.054081516511985,14.046563880925916,-4.007517635586069,16.412316684106898,18.051493330913544,1.6391766468066464,13.4594177750038,10.559241734272021,-2.900176040731779,15.232269620879961,18.349686178247723,3.1174165573677612
2023-11-17,15.634113308835433,1,16.925602159267967,17.329780703226348,0.4041785439583805,14.832986473810763,16.716207487467372,1.883221013656609,18.08207694797983,14.043020302228811,-4.0390566457510175,16.42103583395742,18.03020832181322,1.6091724878558011,13.301194519098217,10.346811115997426,-2.954383403100792,14.241783918898406,17.338651922279396,3.0968680033809903
2023-11-24,15.523247949318,1,17.084218647659654,17.476260462493954,0.39204181483430034,14.708083622388557,16.457477874406834,1.749394252018277,17.95142705391055,14.004393230424355,-3.947033823486194,16.155395254650358,17.74586339106743,1.5904681364170727,13.22184193980759,10.303794141253917,-2.9180477985536726,14.018521177491294,17.151698596261525,3.133177418770231
2023-12-01,15.743864442790516,1,16.976938509607535,17.469256067255074,0.4923175576475387,15.00281469575836,16.945519446454355,1.9427047506959951,18.230202726639533,14.243400036672853,-3.98680268996668,16.58653913449433,17.96310611854119,1.3765669840468604,13.145867076867674,10.167439473886375,-2.9784276029812986,14.520824513375658,17.674465513933242,3.1536410005575846
2023-12-15,15.618089373706477,1,17.000801746772808,17.535156944601766,0.5343551978289582,14.879475897888852,16.956994883821295,2.0775189859324428,17.835325970504016,14.185982457167114,-3.649343513336902,16.401825141304485,17.381933142459957,0.9801080011554717,13.145093190760804,10.151167676593545,-2.993925514167259,14.446014295007899,17.497301137595173,3.051286842587274
2023-12-22,15.739541984319308,1,17.15162189274703,17.680522060839408,0.5289001680923775,14.87926788884539,16.779185627491486,1.8999177386460957,18.13288889741493,14.302836770995867,-3.830052126419062,16.49171886441802,17.6710732827581,1.1793544183400826,12.995584343922431,10.011505812595061,-2.98407853132737,14.786170018568043,17.99212835123592,3.205958332667876
2024-01-05,16.018153748351235,1,17.45745415091058,18.027059258203252,0.5696051072926736,15.592969252059888,17.49636700534073,1.9033977532808422,18.387266771440153,14.896618439286954,-3.4906483321531994,16.42443047404859,17.815296999513023,1.390866525464432,13.00429506523696,9.954920079256297,-3.0493749859806627,15.242506776411233,17.91866070850712,2.676153932095886
2024-01-12,16.845486644203845,1,16.688205564777675,16.456407918195694,-0.2317976465819811,17.843118567777438,20.15106311085698,2.307944543079543,19.99477631302645,16.322814421658677,-3.671961891367772,17.098845254524107,18.267236681650317,1.1683914271262097,12.813399081476973,9.764803552273719,-3.0485955292032543,16.634575083640428,20.110594180587654,3.476019096947226
2024-01-19,16.472650341767952,1,17.03486811253846,16.57409986453773,-0.4607682480007327,17.515381844787456,19.112826189471434,1.5974443446839786,18.550953128342258,15.86678638510189,-2.684166743240368,16.85789500039496,18.20923212815987,1.351337127764907,12.484075138530827,9.7169763903444,-2.7670987481864273,16.39272882601375,19.35598109299238,2.9632522669786283
2024-01-26,16.434966436692083,1,17.07074279773387,16.5642543877658,-0.5064884099680711,17.496189492606078,19.034022836578004,1.5378333439719256,18.397981090614778,15.834080236768472,-2.563900853846306,16.856388222385192,18.18607027729152,1.3296820549063284,12.490913594855385,9.70398758516474,-2.786926009690646,16.297583421957185,19.287383296583897,2.989799874626712
2024-02-02,16.391858159221172,1,16.856748065889192,16.281455342443095,-0.5752927234460969,17.36251871810522,18.83358503507752,1.4710663169722977,18.455356684541,15.869531431930866,-2.5858252526101353,16.977775342209824,18.402390538247957,1.4246151960381326,12.48102887311343,9.702685852373193,-2.7783430207402375,16.217721271468363,19.261500755254417,3.0437794837860537
2024-02-16,16.618960324007716,1,18.237557028296237,17.604305390008506,-0.6332516382877316,17.350917419967047,18.905887634667693,1.5549702147006457,18.43309305834829,15.696578196560793,-2.736514861787498,16.64663937678084,18.124762243239772,1.478122866458932,12.66211644098847,9.729714909674655,-2.9324015313138148,16.383438619665412,19.652513569894865,3.2690749502294523
2024-02-23,16.71439717533755,1,18.50158292253586,17.62570892765048,-0.8758739948853815,17.304352242033787,18.732852117957236,1.4284998759234497,18.46049850593259,15.769070465106438,-2.6914280408261533,16.65578754224194,18.121174266511574,1.465386724269635,12.65544827325958,9.842318966995592,-2.8131293062639884,16.708713566021544,20.195258307803925,3.4865447417823816
2024-03-01,16.604799876875727,1,18.577666160193942,17.614914818383227,-0.9627513418107156,17.288802175047536,18.681187674923464,1.3923854998759282,18.28935406773185,15.301008562669821,-2.9883455050620285,16.58745409765487,18.040588843167924,1.4531347455130543,12.48712293587927,9.725470082761532,-2.761652853117738,16.39839982474689,20.26562927934836,3.867229454601471
2024-03-08,16.707304170723784,1,18.570710960405876,17.576152264068796,-0.99455869633708,17.38057218665834,18.89626040478892,1.5156882181305775,18.359669909453444,15.599486688510808,-2.7601832209426362,16.86758191559855,18.235956635378543,1.3683747197799931,12.61584219110216,9.832227659097597,-2.783614532004563,16.44944786112434,20.103741372498064,3.654293511373723
2024-03-15,16.644039775876973,1,18.430202302437266,17.404820790772092,-1.0253815116651737,17.391813924158342,19.02964604774023,1.6378321235818873,18.281009549076828,15.70970639832818,-2.5713031507486477,16.812770114986137,18.242279956935718,1.4295098419495815,12.5598475108373,9.336333906426944,-3.223513604410357,16.38859525376597,20.14145155505865,3.752856301292681
2024-03-22,16.145080155784253,1,18.101924797849463,17.211832163334606,-0.8900926345148577,16.85143773608965,18.36264463170687,1.5112068956172209,17.89278839313687,15.152675449549747,-2.740112943587121,16.176209758933155,17.47929209233979,1.3030823334066355,12.165617459187132,9.34378571886812,-2.8218317403190127,15.682502789509257,19.32025087890642,3.6377480893971637
2024-04-05,16.236627557251904,1,18.162015314412344,17.130546949657898,-1.0314683647544456,16.608598085066447,18.16524294550392,1.5566448604374727,17.606926586182496,14.89332212218595,-2.713604463996546,16.348073460249466,17.96164759528945,1.6135741350399826,13.314496947859183,10.045747327370904,-3.268749620488279,15.379654949741479,19.223258403503323,3.843603453761844
2024-04-19,16.512487182753894,1,18.596445980032286,16.87331449258879,-1.7231314874434958,16.33281125679268,17.885081884771324,1.5522706279786433,18.024227859154593,15.268538936329193,-2.7556889228253993,16.76969883753486,18.49430569574365,1.7246068582087872,13.548355425707626,10.101595329425535,-3.446760096282091,15.803383737301317,20.45208675766486,4.648703020363541
2024-04-26,16.721770899949174,1,18.813213120642658,17.070026150042708,-1.7431869705999503,16.526948631282963,18.031360250471025,1.5044116191880619,18.188939822164684,15.443163026934656,-2.7457767952300287,16.92549308421694,18.663041438591264,1.7375483543743258,13.840355664553826,10.313841307336915,-3.526514357216911,16.035675076833982,20.8091932263185,4.7735181494845165
2024-05-03,16.76806381045543,1,18.8967273619987,16.88537508507993,-2.011352276918771,16.691432531829406,18.245618254146805,1.5541857223173992,17.982387636027724,15.442481852317016,-2.539905783710708,17.048873089170286,18.8448232605558,1.7959501713855133,13.90231133466159,10.255235889659303,-3.6470754450022866,16.086650909044877,20.93484852097373,4.848197611928853
2024-05-17,16.86288197444936,1,18.831538563123928,16.914656777630796,-1.916881785493132,16.726430003029293,18.449524857834092,1.723094854804799,18.025063469988254,15.354486708524036,-2.6705767614642184,17.076425196356226,18.791833631937948,1.7154084355817218,13.901261776829315,10.21866033635986,-3.6826014404694547,16.616572837369134,21.44812953440939,4.831556697040256
2024-05-31,16.26482768380815,1,18.277926465159553,16.20844547249827,-2.0694809926612834,16.279495107047183,17.98781561379859,1.7083205067514058,17.794746989840007,14.945894706354636,-2.848852283485371,16.76504876973263,18.516502160714623,1.7514533909819932,13.63754458484658,10.032796761298144,-3.6047478235484363,14.834204186222948,19.89751138818464,5.063307201961692
2024-06-07,16.621428773877582,1,18.584952205154693,16.79228058603516,-1.792671619119531,16.525440921738905,18.297946934378686,1.7725060126397807,18.98337762891147,16.129592791885145,-2.853784837026325,16.64407214479209,18.29633093225864,1.6522587874665504,13.685673315658775,10.061225829520964,-3.624447486137811,15.30505642700956,20.151195569186854,4.846139142177293
2024-06-14,16.680605585866548,1,18.783568521217646,17.121485790057122,-1.662082731160524,16.527085843063446,18.330772160840198,1.8036863177767515,18.936225604248335,16.078672975045862,-2.8575526292024733,16.67160957690902,18.01737923784367,1.34576966093465,13.960505793963591,10.467717042978563,-3.492788750985028,15.204638175797243,20.067606308433852,4.86296813263661
2024-06-21,16.49884915612274,1,18.34452877718101,16.382906036156427,-1.9616227410245841,16.365296143339364,18.103617394045017,1.7383212507056527,18.57827233093927,15.554927563287421,-3.0233447676518495,16.816647336753135,18.246869958280683,1.4302226215275482,13.587711423966425,10.375213650061866,-3.212497773904559,15.300638924557234,20.329560334905068,5.028921410347834
2024-06-28,16.24968147317881,1,18.028436327782188,16.250269869756835,-1.7781664580253533,15.542157080131972,16.589362000212404,1.047204920080432,18.303870668448482,15.867793882601163,-2.4360767858473196,16.919532226629855,18.51916292927322,1.599630702643367,13.60872622970804,10.446982866075587,-3.1617433636324535,15.095366306372327,19.82451729115364,4.729150984781313
2024-07-05,16.48991857166354,1,18.115675611332563,16.52277693442616,-1.592898676906401,15.855766558984314,16.912096134729666,1.0563295757453517,18.359748040750887,15.673712481731684,-2.686035559019203,17.163966079942867,18.55112555941612,1.3871594794732545,13.613067123876931,10.057099778153457,-3.5559673457234737,15.831288015093676,21.222700541524105,5.391412526430429
2024-07-12,15.628854959288011,1,17.32570215052918,16.31758683011799,-1.0081153204111928,15.014943119237358,15.83268011815116,0.8177369989138015,17.46906615404002,14.665617402474851,-2.8034487515651705,16.273082436982165,17.767585818581153,1.4945033815989888,12.920961945324422,9.53271121217638,-3.388250733148041,14.769373949614916,19.656948374226545,4.887574424611628
2024-07-19,15.766634309747568,1,17.703284955790778,16.24556712163725,-1.4577178341535273,15.23780459933441,15.935835269354087,0.6980306700196763,17.44701689713375,14.805236251074462,-2.6417806460592885,16.36358914171133,17.90838836924081,1.5447992275294808,12.906507153124267,9.795741287823063,-3.110765865301204,14.941603111390876,19.90903755935571,4.967434447964834
2024-07-26,15.911961119260548,1,17.463265761479633,16.11695010235873,-1.3463156591209042,15.25445812878101,15.750503319690367,0.4960451909093564,18.538580144497118,16.205384925856762,-2.3331952186403555,16.465667411530788,17.8352272140541,1.3695598025233124,12.844497056857122,9.719835596610196,-3.1246614602469265,14.90529821241762,19.843865556993137,4.938567344575517
2024-08-02,15.737854455604058,1,17.322336521458297,15.95802289412029,-1.3643136273380065,14.959101039777266,15.380927249990975,0.4218262102137089,18.128295254023854,16.15089797448617,-1.9773972795376835,15.999778315318338,17.231606835312704,1.231828519994366,12.838690135855586,9.736150860031046,-3.1025392758245403,15.178925467191007,19.96952091968322,4.790595452492212
2024-08-16,16.817347308976334,1,17.883185265335555,16.720619861115907,-1.1625654042196487,16.26410002690065,16.80140607277582,0.5373060458751695,21.68298307139682,19.641626978711457,-2.041356092685362,16.361295752479265,17.768855094195274,1.4075593417160093,12.729361295255984,9.502327730267936,-3.227033564988048,15.983158442489724,20.46924811679159,4.486089674301866
2024-08-30,16.656158683053473,1,17.717871652570622,16.57236826451245,-1.1455033880581738,15.969342847471168,16.410623204121137,0.441280356649969,21.476185216876942,19.54597640043268,-1.9302088164442637,16.38994899171169,17.595592722358063,1.205643730646372,12.629610919263527,9.610142096521173,-3.019468822742354,15.753992470426894,20.20224941037533,4.448256939948436
2024-09-06,16.682822474362546,1,17.844509980714506,16.574109843804877,-1.270400136909629,16.05410677239162,16.511798277956203,0.4576915055645827,21.864828211115025,19.876709399465142,-1.9881188116498834,16.22494274056743,17.548929407493247,1.3239866669258191,12.381732356674803,9.286926496574623,-3.0948058601001804,15.726814784711891,20.29846142088114,4.571646636169248
2024-09-13,16.601858404093914,1,17.92606156309857,16.524313469651034,-1.4017480934475373,15.656054249220588,15.944646603282806,0.2885923540622173,21.739953707612102,19.77365233430551,-1.9663013733065924,16.28070115097381,17.964504255189368,1.6838031042155563,12.341751291012798,9.122741747908634,-3.219009543104164,15.666628462645605,20.281292014226125,4.61466355158052
2024-09-20,16.470023755021494,1,17.691366764817133,16.180746457469823,-1.5106203073473097,15.592858283601814,15.550007125321699,-0.04285115828011499,21.57244833187052,19.598188152621773,-1.9742601792487449,16.112145582706972,18.357708888293786,2.2455633055868134,12.296239607731593,8.99992988228783,-3.2963097254437628,15.555083959400932,20.133562024134008,4.578478064733076
2024-09-27,16.40592410605634,1,17.60767465660348,16.16299902003057,-1.44467563657291,15.797324823155975,15.697969211790237,-0.09935561136573767,21.52855387394797,19.55341640136271,-1.97513747258526,16.055257127345612,18.113752736946168,2.0584956096005556,11.918069591880695,8.852707189298059,-3.065362402582636,15.528664563404305,20.05470007691025,4.526035513505946
2024-10-04,16.315752797367864,1,17.404275922872046,15.959357003168378,-1.4449189197036674,15.608064943098938,15.445591285792105,-0.16247365730683327,21.35917391751825,19.273831938555176,-2.085341978963072,16.11737170444978,18.22556131236034,2.1081896079105604,11.892049086862485,8.842905900752243,-3.0491431861102427,15.513581209405686,20.147269343578927,4.633688134173241
2024-10-11,16.42019696979531,1,17.29238845172746,15.71052464040018,-1.5818638113272812,15.688593328063703,15.410071691319516,-0.2785216367441876,21.301682819009983,19.240153959163592,-2.0615288598463906,16.358665799073336,18.823869428627006,2.4652036295536703,12.318209231516931,9.118813960516562,-3.1993952710003697,15.561642189380436,20.217748138744994,4.656105949364559
2024-10-18,16.21445155474407,1,17.077357248760705,15.348325126018707,-1.729032122741998,15.622952299554129,15.155551639377975,-0.46740066017615334,21.182673545103953,19.07235308902615,-2.110320456077801,16.15108540149764,18.539079005104966,2.3879936036073275,12.056259594687589,9.3258870977469,-2.7303724969406886,15.196381238860411,19.84551337118971,4.649132132329299
2024-10-25,16.26456027490855,1,17.36082114832446,15.60409147663708,-1.7567296716873813,15.587404409744096,15.15166941594562,-0.43573499379847647,21.369318275886428,19.27274846729192,-2.0965698085945093,15.986508457283534,18.46466700190841,2.4781585446248755,12.07088322620578,9.37236829538054,-2.6985149308252403,15.212426132006996,19.721816992287728,4.509390860280732
2024-11-08,15.985428514750616,1,17.105664006263552,15.214545836234578,-1.8911181700289745,15.871765486819783,15.292132289397514,-0.5796331974222682,21.447438457016673,19.40100363292214,-2.0464348240945327,15.458648530434402,17.71265265678059,2.2540041263461887,11.10188341901511,8.847398304526251,-2.2544851144888582,14.927171188954176,19.444838368642635,4.517667179688459
2024-11-15,15.90987822585584,1,17.16667549671041,15.4893273066304,-1.6773481900800107,15.844687166704404,15.299681734544592,-0.5450054321598117,21.563558261713922,19.818136717354946,-1.745421544358976,15.004277622689173,17.646557974751573,2.6422803520624,11.105222675204644,8.387825772877804,-2.71739690232684,14.774848132112481,18.817739848975748,4.0428917168632665
2024-11-22,16.15392851508276,1,17.447217942447793,15.60305116117938,-1.844166781268413,16.326449339316,15.632556237430848,-0.693893101885152,21.54298162530607,19.583035044607286,-1.9599465806987837,15.20126503832968,18.5941782838094,3.3929132454797184,11.544361348723527,8.722350826099316,-2.822010522624211,14.861295796373497,18.788399537370353,3.9271037409968557
2024-11-29,16.138556769135118,1,17.509937548490853,15.802023505353148,-1.7079140431377056,16.608086621807303,15.791830926071995,-0.8162556957353075,21.379827631308643,19.59997243208491,-1.7798551992237321,15.065664294723106,18.074383078836277,3.008718784113171,11.352693605763065,8.732080225616201,-2.620613380146864,14.915130912717729,18.831050446848195,3.9159195341304667
2024-12-06,16.383968374813985,1,18.145507519217787,16.609172546641915,-1.5363349725758724,16.721229992167025,15.769246735545153,-0.9519832566218724,21.698179676590698,19.964413904004118,-1.7337657725865796,15.216322771858813,17.941333645568506,2.7250108737096923,11.45957043492028,8.967651787162339,-2.4919186477579416,15.062999854129302,19.051991629961876,3.9889917758325737
2024-12-13,16.542199305418205,1,18.277826979195595,16.648851085280484,-1.6289758939151113,17.143336338018784,16.12664880477753,-1.016687533241253,21.78766281445874,20.03298873074695,-1.754674083711791,15.108858131074967,17.951307646455305,2.8424495153803377,11.417805802462226,8.864501535841526,-2.5533042666206995,15.51770576729892,19.628898029407466,4.1111922621085455
2024-12-20,16.618549190126817,1,18.4845282990575,17.026438511227227,-1.458089787830275,17.33497680781737,16.176927081850067,-1.1580497259673024,21.862335691159473,20.337368313018686,-1.5249673781407864,15.305105874264711,18.113367846289904,2.8082619720251927,11.689416164688524,9.267900967431729,-2.421515197256795,15.034932303773317,18.789292420943255,3.754360117169938
2024-12-27,16.796586956274584,1,18.603248717305192,17.193165304686374,-1.4100834126188175,17.4687812576083,16.274123791290094,-1.1946574663182048,21.929226514440984,20.288486946685623,-1.640739567755361,15.443072006746604,18.367710528966825,2.9246385222202207,11.823417564560216,9.475185470702911,-2.3482320938573054,15.511775676986218,19.180849695315715,3.6690740183294963
2025-01-03,16.85786422822911,1,18.591369260250445,16.852490667125593,-1.738878593124852,17.33758727337616,16.240168157103057,-1.0974191162731017,22.242533130362375,20.619792537314524,-1.6227405930478511,15.355853706750537,18.28632624016886,2.9304725334183246,11.98336203930971,9.567588762764231,-2.4157732765454796,15.636479959325442,19.5808190048984,3.94433904557296
2025-01-10,16.57200983860559,1,18.475837360628987,16.643203550369535,-1.832633810259452,17.090933371047925,16.076806074615988,-1.014127296431937,22.070748642136508,20.568655708386288,-1.5020929337502196,14.527879140446458,17.490467036400332,2.962587895953874,11.862677252697779,9.40100483486033,-2.4616724178374483,15.403983264675901,19.251921827001055,3.8479385623251545
2025-01-17,16.234299986354163,1,18.352154969210673,16.53462073230935,-1.8175342369013237,16.578974428165978,15.92853644948427,-0.6504379786817083,21.997513287278352,20.578479267700132,-1.4190340195782198,13.770565248488154,15.87592285477021,2.1053576062820554,11.432004422903688,9.296786433148654,-2.1352179897550343,15.274587562078125,19.191454180712384,3.916866618634259
2025-01-24,16.345332229101484,1,18.44147448734266,16.891730861596997,-1.5497436257456627,16.657105701106815,15.754693748182234,-0.9024119529245809,22.151602038755613,20.767929864462914,-1.3836721742926983,13.911725053455257,16.328255156035027,2.4165301025797703,11.391165167187879,9.0714606897577,-2.3197044774301787,15.518920926760686,19.25792305457402,3.739002127813336
2025-02-07,16.46074934351639,1,18.725402067711983,17.2615153386146,-1.463886729097382,16.798215595966767,15.90727270846888,-0.8909428874978857,22.004169035320757,21.21398845300888,-0.7901805823118764,14.076711664526826,16.21552267310122,2.138811008574393,11.834063401626366,9.762936751235202,-2.0711266503911645,15.325934295945643,18.40326013666953,3.077325840723887
2025-02-14,16.547589886195567,1,18.556148288724117,16.719208116056222,-1.8369401726678944,17.228950914627262,16.773797616343074,-0.4551532982841877,21.73639856790514,20.965522667375936,-0.7708759005292052,14.161767244718817,16.14443135180302,1.9826641070842044,12.002173607293074,9.890078923202438,-2.1120946840906356,15.600100693904992,18.79250064239268,3.19239994848769
2025-02-21,16.409226203571702,1,18.065249462322413,16.56156337559844,-1.5036860867239739,16.87420213503789,15.943062614357785,-0.9311395206801052,22.217824952351023,21.341737936713287,-0.8760870156377365,13.986262895039545,16.03909407642948,2.0528311813899336,11.794060624203155,9.898991195411966,-1.8950694287911887,15.517757152476179,18.670908022919306,3.1531508704431275
2025-02-28,16.78554438115802,1,19.43329177064605,18.031518648477586,-1.4017731221684642,17.033384487209887,15.874251825709209,-1.1591326615006778,22.58185519521571,21.669860182800676,-0.9119950124150336,14.157394161019752,16.243160296464794,2.0857661354450414,12.110191667654632,10.25999640795699,-1.8501952596976423,15.397149005202081,18.634478925538843,3.2373299203367623
2025-03-07,16.692281701832886,1,19.25510668580077,17.940164252334043,-1.314942433466726,17.120411524720566,15.959818717681713,-1.160592807038853,22.848239162240787,21.742176554857636,-1.1060626073831514,13.966278676968827,16.025061345756328,2.058782668787501,11.421992302879104,9.774160157377025,-1.647832145502079,15.541661858387272,18.71230918299065,3.1706473246033795
2025-03-14,15.964632533106736,1,19.388969380454654,18.330148343856436,-1.0588210365982178,14.502649580920448,13.31110441626889,-1.1915451646515578,22.17240755010559,21.15340873695027,-1.0189988131553207,12.831588266303243,14.834435285470377,2.0028470191671346,10.699646683646478,8.89403810525701,-1.8056085783894673,16.19253373721,19.264660310837428,3.072126573627429
2025-03-21,15.783451297607384,1,18.577202341991423,17.905115655907196,-0.6720866860842278,14.528385299626024,13.341181968847238,-1.187203330778786,22.108878226751827,20.722862013532293,-1.3860162132195342,12.78100595813548,15.098679185550395,2.3176732274149145,10.656828555344163,8.983349275595842,-1.673479279748321,16.04840740379538,18.649519686211335,2.6011122824159543
2025-04-11,16.36269465085157,1,19.023560865869428,18.695471777233408,-0.3280890886360197,15.390022411443539,14.34652945445552,-1.0434929569880182,21.999465424076902,20.106320440593535,-1.8931449834833671,13.95030736329268,16.433340882366167,2.483033519073487,11.184194053374767,9.350175328503042,-1.8340187248717257,16.628617787052107,19.24433002195768,2.6157122349055726
2025-04-25,16.28345696375683,1,18.935640359926012,18.66945988913494,-0.26618047079107043,14.945517712988064,14.278165749022605,-0.6673519639654586,21.84459757733525,19.929392848613006,-1.9152047287222445,14.522127396481096,16.35549783147006,1.8333704349889643,10.825956747565584,9.187882370404637,-1.6380743771609474,16.62690198824498,19.280343093895738,2.6534411056507565
2025-05-09,16.274434447116633,1,19.42347897080171,18.881014394296756,-0.5424645765049547,15.03856259889568,14.316257638517783,-0.7223049603778975,21.822543633931787,20.206028498378927,-1.6165151355528593,14.323545644015454,16.30804142118083,1.9844957771653782,10.812041660246734,9.16791320476402,-1.644128455482715,16.226434174808432,18.767351525561523,2.540917350753091
2025-05-16,15.97453841733418,1,19.137165438588326,18.729279096804248,-0.4078863417840779,14.929218588847405,14.315987870061747,-0.6132307187856583,20.58960580487549,18.781022787916655,-1.8085830169588348,14.289054619366567,16.269445740944278,1.9803911215777106,10.842303723959986,9.223535702231075,-1.6187680217289113,16.05988232836731,18.527959306047094,2.468076977679786
2025-05-23,15.903726399020451,1,19.200566810101307,18.758007549347653,-0.44255926075365437,14.689783420619833,14.226050336700567,-0.4637330839192657,20.51446856157125,18.693338608299356,-1.8211299532718925,14.174921463779725,16.049378399496405,1.8744569357166796,10.84915261713337,9.204400672168063,-1.6447519449653072,15.993465520917226,18.49118282811068,2.4977173071934544
2025-06-13,15.79328181671112,1,19.104292330900947,18.49747010623628,-0.6068222246646684,14.784041400051066,14.409356668372453,-0.37468473167861305,20.492874858215117,18.753187346341363,-1.739687511873754,14.003172317247078,15.835420975801867,1.8322486585547892,10.664695872832851,8.982138967551563,-1.682556905281288,15.71061412101966,18.28211683596321,2.5715027149435485
2025-06-20,15.779447141628646,1,18.855378045884976,18.54930761082413,-0.3060704350608461,15.22252661089,14.727552366101094,-0.4949742447889065,20.37557459500519,18.53313409290071,-1.8424405021044805,13.84625158073689,15.559384278012885,1.713132697275995,10.631509706507089,9.069664096177974,-1.5618456103291152,15.745442310747734,18.237640405755073,2.492198095007339
2025-07-04,15.668916088581689,1,18.86667470278013,18.729724123498556,-0.1369505792815744,15.038733152871771,14.509960145489018,-0.5287730073827532,19.80194922684143,18.249189491422783,-1.5527597354186469,13.813601954678518,15.598327236524497,1.7847252818459793,10.822736588053615,8.892582672727997,-1.9301539153256186,15.669800906264669,18.03371286182727,2.3639119555625996
2025-07-11,15.466294741993906,1,18.717115423746293,18.55205262683461,-0.16506279691168402,14.885945837345446,14.385386980578886,-0.5005588567665598,19.60759531297947,17.781082487305284,-1.826512825674186,13.694766534443232,15.49211511546325,1.7973485810200174,10.285726491091197,8.513768995001698,-1.7719574960894988,15.606618852357798,18.073362246779695,2.466743394421897
2025-07-18,15.8232419260482,1,19.062832100473514,19.047019004786435,-0.015813095687079226,14.91551343939858,14.404868462419671,-0.5106449769789094,20.176366087512235,18.1508268904996,-2.025539197012634,14.075396518837877,16.064175414318754,1.988778895480877,10.894052358649361,8.766555857163027,-2.127496501486334,15.815291051417631,18.506005927101754,2.6907148756841224
2025-07-25,15.850155518164726,1,19.167824917610332,19.070092394248817,-0.09773252336151472,14.790731102449755,14.315631978043442,-0.47509912440631297,20.290821391818184,18.291701454962066,-1.9991199368561183,14.134651255861954,15.964214578939249,1.829563323077295,10.718170404513273,8.672324548492398,-2.0458458560208754,15.99873403673486,18.786968154302357,2.788234117567498
2025-08-01,15.758357886628216,1,19.471412125939793,19.563459461035464,0.0920473350956712,14.72116325664578,14.888679032603974,0.16751577595819356,19.922059354242535,17.74536223091357,-2.176697123328964,13.878720033953783,15.043120778197888,1.1644007442441051,10.852958176005814,9.166599652349603,-1.6863585236562102,15.70383437298159,18.142926164668808,2.4390917916872183
2025-08-08,15.627412934915247,1,19.064738771883498,18.729425689643335,-0.33531308224016243,14.778708503678288,15.100723466687242,0.3220149630089537,20.03568214028236,17.537267986776556,-2.4984141535058058,13.634637874852032,14.900757240921948,1.2661193660699155,10.301637524059686,9.358300129073555,-0.9433373949861306,15.949072794735613,18.138003096388843,2.1889303016532295
2025-08-15,13.59420446175758,1,14.944056481470028,14.345489486456941,-0.598566995013087,15.263784971178538,16.102762378358932,0.8389774071803942,17.95892927414978,15.741862148419216,-2.2170671257305656,12.957461846257587,14.5952528148093,1.6377909685517125,7.186095022934282,6.030473275325292,-1.1556217476089898,13.254899174555263,14.74938666717577,1.4944874926205074
2025-08-22,13.798576081112598,1,15.766278852660804,14.54839461412783,-1.2178842385329745,14.946450721483117,15.636007125715963,0.6895564042328459,18.41206727414422,15.787573366439545,-2.624493907704675,12.98803638290039,14.724682870159569,1.7366464872591791,7.0852720357080585,6.575878966725213,-0.5093930689828454,13.593351219778995,15.518919543507494,1.9255683237284984
2025-08-29,13.78713390582359,1,15.848161846356959,14.531049048327034,-1.3171127980299246,14.890946883520158,15.573741085149734,0.6827942016295765,18.3749014584957,15.817556927765438,-2.557344530730262,12.95260792198576,14.622508712740398,1.6699007907546388,7.064178889684484,6.6363991870913,-0.42777970259318465,13.59200643489848,15.541548473867635,1.949542038969156
2025-09-12,13.767980362104042,1,15.974478108603648,14.707481303820302,-1.2669968047833464,14.647270565767528,15.20392060094808,0.556650035180553,18.59503312001469,15.989145054245455,-2.6058880657692356,13.070065206379098,14.8343316520738,1.7642664456947017,6.783553362545291,6.35793554693241,-0.42561781561288115,13.537481809314002,15.515068014604196,1.9775862052901942
2025-09-19,13.643484100680332,1,15.558478460881588,14.481204003815733,-1.0772744570658546,14.599230946467515,15.247883572481285,0.6486526260137708,18.01966246023207,15.588026653155794,-2.431635807076276,13.227360368936644,15.127181900726669,1.8998215317900247,6.991990396111348,6.449778023747228,-0.5422123723641192,13.464181971452831,14.966830450155257,1.502648478702426
2025-09-26,13.439018164820844,1,15.559142691003245,14.471009626264618,-1.0881330647386278,14.53132163486002,15.09096308506281,0.5596414502027898,17.55008454285057,15.177593289311574,-2.372491253538996,13.08569046578316,15.105605595220524,2.019915129437365,7.038579976205526,6.323187793302779,-0.7153921829027468,12.869289678222543,14.46574959976276,1.596459921540216
2025-10-03,13.305802922268832,1,15.46250513058446,14.241921070901128,-1.2205840596833326,14.271371276000139,14.91826229752236,0.6468910215222223,17.50773193511654,15.178579268831143,-2.3291526662853954,12.881515046956878,14.769491448015089,1.8879764010582107,6.9037925569653,6.26583319721577,-0.6379593597495301,12.807901587989676,14.460730251127515,1.6528286631378393
2025-10-10,13.211474641598457,1,15.291194636977977,14.291897571496108,-0.9992970654818691,14.231766025227088,14.804271990981348,0.5725059657542602,17.302610796727222,15.082454888082651,-2.2201559086445712,12.824783002193684,14.605583693299508,1.7808006911058243,6.896818266171977,6.216982480728092,-0.6798357854438848,12.721675122292794,14.267657225003035,1.5459821027102407
2025-10-17,13.203316507177691,1,15.24053753575079,14.213386905774613,-1.0271506299761768,14.214187448248097,14.775769589146165,0.5615821408980679,17.05977834798057,14.81994360757055,-2.239834740410018,13.16083000932963,14.973018852536896,1.8121888432072666,6.851975657097029,6.124621698479004,-0.7273539586180249,12.692590044660037,14.31315838955895,1.6205683448989134
2025-10-24,13.401261590806321,1,15.455932771966758,14.579650954266171,-0.8762818177005869,14.166998099730478,14.748082512756469,0.5810844130259909,17.174914637701775,14.877050201267778,-2.297864436433997,13.474433891869609,15.362901894953126,1.888468003083517,7.0835237436268415,6.292476192552343,-0.7910475510744988,13.051766399942466,14.547407789042012,1.4956413890995464
2025-11-07,13.403954582996567,1,15.471026165425556,14.580550242851288,-0.890475922574268,14.177095487212512,14.681996445560543,0.5049009583480313,17.283030279317884,14.921198191045988,-2.361832088271896,13.563495816860325,15.539627736936282,1.9761319200759573,6.868051260939055,6.190768982773278,-0.6772822781657766,13.061028488224068,14.509585898812034,1.4485574105879664
2025-11-14,13.286736979719196,1,15.139119855366872,14.267671354010375,-0.8714485013564968,14.017474321245885,14.492866953274103,0.4753926320282176,17.21326118226557,14.795547838168417,-2.4177133440971517,13.47607361056707,15.441528774118964,1.9654551635518942,6.76973176139461,6.108914617055817,-0.6608171443387931,13.104761147475173,14.613892341687489,1.5091311942123156
2025-11-21,13.214064787354275,1,14.92694803314943,13.84395179311035,-1.0829962400390798,13.996038355333852,14.361412685637774,0.3653743303039221,17.10152721463362,14.761971975790729,-2.339555238842891,13.51853142429421,15.663778395753667,2.145246971459457,6.810117325144461,6.185942948153638,-0.6241743769908226,12.931226371570077,14.467330925679505,1.5361045541094285
2025-11-28,13.030405268215338,1,15.553020227338834,14.61574996323715,-0.9372702641016843,14.232149546409161,14.560595978845242,0.3284464324360812,16.420653690103876,14.24284399231631,-2.1778096977875663,13.066382985877809,15.169890790808864,2.1035078049310556,6.532258829765254,5.889826898036574,-0.6424319317286802,12.37796632979709,13.703523986047884,1.325557656250794
2025-12-12,13.061058566444506,1,15.4325401329357,14.355776563264072,-1.076763569671627,14.141140818285876,14.869835834176456,0.7286950158905796,16.263567988815225,14.249405835595638,-2.014162153219587,13.222889874814513,15.15821646455717,1.9353265897426581,6.822504368748952,6.061441085564795,-0.7610632831841571,12.48370821506677,13.671675615508889,1.187967400442119
2025-12-19,13.040366987570275,1,15.3508920955137,14.533198753263235,-0.8176933422504646,14.108999253540304,14.731492135579458,0.622492882039154,16.260168904356306,14.22608005554791,-2.034088848808395,13.240248625519499,15.145666601367054,1.9054179758475556,6.772714073294736,6.071682118206681,-0.7010319550880553,12.509178973197109,13.5340822614573,1.024903288260191
2026-01-09,13.148152419069307,1,15.498676839622505,14.726057749078606,-0.7726190905438983,14.157203205242055,14.808207115250852,0.6510039100087965,16.45287247783655,14.426361958835628,-2.0265105190009223,13.389796304044978,15.196585650571734,1.806789346526756,6.711963380537384,5.874594985676467,-0.837368394860917,12.678402307132373,13.857107055002544,1.1787047478701709
2026-01-23,13.139622197107483,1,15.427526781399138,14.629247238095644,-0.7982795433034937,14.079006563652953,14.748901024635046,0.6698944609820927,16.48856641461218,14.450234794653937,-2.0383316199582424,13.291325362738817,15.077036978794098,1.7857116160552806,6.593030293598318,5.712900164405298,-0.8801301291930201,12.95827776664349,14.21941298206086,1.2611352154173687
2026-01-30,12.707236477922988,1,14.551105919461975,13.580849759291993,-0.9702561601699813,13.859735005907794,14.72954220552306,0.8698071996152663,15.391461095304223,13.102251616352575,-2.2892094789516477,13.082406048875967,14.889975401493558,1.807569352617591,6.630405002535753,5.909621009296771,-0.7207839932389817,12.728305795452215,14.031178875579954,1.302873080127739
2026-02-06,12.898108654145252,1,15.123176156082607,14.220790799413237,-0.9023853566693703,13.757899769517763,14.676104401842423,0.9182046323246595,15.319925603415967,13.040292595492517,-2.279633007923451,13.676791719515009,15.225436091605857,1.5486443720908483,6.983273263463033,6.187596104639155,-0.795677158823878,12.52758541287713,14.038431931878335,1.5108465190012055
2026-02-13,12.383515686478262,1,14.46431052044315,13.238847315237948,-1.2254632052052017,13.416136224602852,14.506751281667263,1.0906150570644115,14.679743008596944,12.820966440133716,-1.8587765684632274,13.35390559504971,14.590270432553638,1.2363648375039276,6.85737215886121,6.118539304425809,-0.738832854435401,11.529626611315706,13.025719344851169,1.4960927335354626
2026-02-27,12.429843528122875,1,13.988128742253778,12.553444838372485,-1.434683903881293,13.953784721465581,15.202492509892068,1.2487077884264863,14.789610018815097,13.067055967519593,-1.7225540512955035,13.574411477579446,14.592766256806556,1.01835477922711,6.65417929119576,5.879770329169361,-0.7744089620263992,11.618946917427593,13.283531266977207,1.6645843495496138
2026-03-06,12.170400193625563,1,14.556019185072884,12.82333484026725,-1.7326843448056337,11.879712732856987,13.132479644673225,1.252766911816238,14.578223668964227,12.876770434218159,-1.7014532347460687,13.6404381704358,14.372271035178542,0.7318328647427421,6.6780282318848805,6.12754174863106,-0.5504864832538203,11.6899791725386,13.690003458785114,2.0000242862465143
2026-03-13,11.266364483357767,1,13.146921848799124,11.329838067833336,-1.8170837809657883,10.865716574609237,11.779686280292708,0.9139697056834706,13.688533234448087,12.179536559534299,-1.5089966749137886,12.92240902650667,13.593077440374017,0.6706684138673467,5.991040520435703,6.009200948685773,0.018160428250070026,10.983565695347778,12.70684760342644,1.7232819080786612
2026-03-27,11.37149993526687,1,13.424341666313879,11.407859660951587,-2.016482005362292,11.064513633499146,12.082105636216994,1.0175920027178478,13.717490451648516,12.306930004393905,-1.4105604472546105,12.819468850012882,13.595100417872587,0.7756315678597048,5.981811072300317,6.345254746114719,0.3634436738144018,11.221373937826485,12.491749146051404,1.2703752082249196
2026-04-10,11.286515285190623,1,13.318528628822278,11.311664706550587,-2.006863922271691,10.610851115196596,11.633608030935221,1.0227569157386256,13.577423065907325,12.235371301919699,-1.3420517639876266,12.749418455579814,13.518292008544506,0.768873552964692,6.136275211996562,6.557752062034709,0.4214768500381467,11.326595233641157,12.462403601158968,1.1358083675178108
2026-04-17,10.683358890005527,1,12.613174346195223,10.53403851734086,-2.079135828854362,10.003394816063278,11.186520751359097,1.1831259352958199,12.975649341283486,11.489940831555344,-1.4857085097281413,12.208203271386878,12.831295284363847,0.6230920129769686,5.784773123538116,6.187568798222401,0.4027956746842847,10.51495844156618,11.870789157191624,1.3558307156254443
2026-04-24,10.747842300256915,1,12.907434355530384,10.644159002352708,-2.2632753531776757,10.100642877012703,11.211375754127076,1.1107328771143727,12.744307614131756,11.332149311576458,-1.412158302555298,12.305509196368845,12.895661324858679,0.5901521284898337,5.870253493579497,6.323095943523825,0.45284244994432754,10.558906264918306,12.080612465102718,1.5217062001844113
2026-05-08,10.682200164590201,1,12.779380018566329,10.61274056103889,-2.166639457527438,9.951320683633298,10.874320463556344,0.922999779923046,12.76523327384406,11.263311301981602,-1.5019219718624583,12.300032774764219,12.955643464342572,0.6556106895783529,5.902784303009227,6.340052843064711,0.4372685400554843,10.394449933724076,12.047132353557117,1.6526824198330416
2026-05-22,10.5971825482507,1,12.685065019753566,10.666902500459315,-2.0181625192942505,9.983678247746084,10.935143784410585,0.9514655366645002,12.099125175157084,10.428838613906791,-1.6702865612502933,12.388319936722752,13.129800200918027,0.7414802641952747,6.088541028832253,6.395730669114712,0.3071896402824592,10.33836588129246,12.026679520694742,1.6883136394022813
2026-05-29,9.7061441490526,1,11.38165564874474,9.71406918728674,-1.6675864614580007,9.188923654926384,10.052606490116261,0.8636828351898771,11.316185332322291,9.378705635019372,-1.9374796973029191,11.361030101280065,12.004473380099114,0.6434432788190492,5.438844348042352,5.4321373747579145,-0.0067069732844373675,9.55022580899977,11.6548728270362,2.104647018036431
2026-06-05,9.696527449941653,1,11.302320374451895,9.559518958100014,-1.742801416351881,9.105367190128533,9.728057592970885,0.6226904028423519,11.541414395554924,8.902471609709195,-2.638942785845728,11.217355078221132,12.210627453453583,0.9932723752324506,5.451229113511559,5.753712239530742,0.30248312601918315,9.561478547781874,12.024776845885569,2.4632982981036946
2026-06-19,8.14588836609511,1,9.7824045378823,7.971116636562172,-1.811287901320128,7.349451806876104,8.505196628669964,1.15574482179386,9.942746720927829,7.275688032957163,-2.667058687970666,9.75043538345247,9.842406205331756,0.09197082187928629,4.144293040273936,4.483742637442887,0.33944959716895085,7.90599870715802,10.797180055606717,2.891181348448697
2026-06-26,7.193350184949511,1,8.355877015454453,7.077818245260886,-1.2780587701935673,6.389744725030809,7.327923124479383,0.9381783994485744,7.912826886249832,6.044112395660122,-1.86871449058971,7.7460520677200435,7.654852174020945,-0.09119989369909831,5.278034938067179,5.298396077824421,0.02036113975724163,7.47756547717475,9.756999092451295,2.2794336152765453
2026-07-03,6.641921111754679,1,7.407747437128549,6.298715151798092,-1.109032285330457,5.87134369979556,6.781763570333538,0.9104198705379787,7.051879777988873,5.5366401750002865,-1.5152396029885864,7.1841067970012915,6.8719741483953385,-0.312132648605953,4.892664440519937,5.041400487560054,0.14873604704011711,7.443784518093864,9.32103313744075,1.8772486193468865
2026-07-10,6.619697593841013,1,7.32065083903143,6.251197294892876,-1.069453544138554,5.860059441290048,6.686526987147786,0.8264675458577386,7.16180154759671,5.646706499411906,-1.5150950481848042,7.216800827587974,6.834164467281127,-0.3826363603068472,4.662250852405251,4.842750858074027,0.180500005668776,7.496622055134665,9.45683945623837,1.960217401103705
