date,TCI,lag_selected,FROM_Indonesia,TO_Indonesia,Net_Indonesia,FROM_Malaysia,TO_Malaysia,Net_Malaysia,FROM_Philippines,TO_Philippines,Net_Philippines,FROM_Singapore,TO_Singapore,Net_Singapore,FROM_Thailand,TO_Thailand,Net_Thailand,FROM_Vietnam,TO_Vietnam,Net_Vietnam
2010-12-31,17.452265831751124,1,23.023285936811135,20.85557892090577,-2.167707015905364,18.92833493500268,7.434457362188752,-11.493877572813929,11.30583290160618,10.43197967812128,-0.8738532234849004,10.941107198268895,8.147827086454157,-2.793280111814738,24.481963906527255,27.07741103171938,2.5954471251921234,16.033070112290602,30.766340911117396,14.733270798826794
2011-01-07,17.681902195718937,1,23.805702462522646,19.3649893874792,-4.440713075043448,21.343533007492624,8.688676241513917,-12.654856765978707,9.622806149706605,13.41419385812101,3.7913877084144048,11.27699046881007,6.140002299161807,-5.136988169648262,22.35087830450307,25.550565486110145,3.199687181607075,17.6915027812786,32.932985901927566,15.241483120648965
2011-01-14,20.407233039766325,1,31.992089940571205,27.32543500029624,-4.666654940274967,24.705763360765218,11.927265694763534,-12.778497666001684,10.98377273217595,11.80373164791476,0.819958915738809,14.509040379756243,7.990591232474941,-6.518449147281302,21.788390874009878,25.091120661416255,3.3027297874063777,18.464340951319457,38.30525400173221,19.84091305041275
2011-01-21,21.669273117007155,1,32.841117137739005,32.38109514535543,-0.4600219923835738,25.751319507773914,12.452009240290394,-13.29931026748352,12.705281821484107,11.259447404512187,-1.4458344169719197,14.850745633072805,7.939909200762827,-6.910836432309978,21.93462816953945,27.855408955704462,5.920780786165011,21.932546432433654,38.12776875541762,16.195222322983966
2011-01-28,22.221963769129555,1,34.42882019326993,31.112582098958868,-3.3162380943110605,26.7960094018365,12.260886464561821,-14.535122937274679,12.41542051618508,12.46643238432398,0.05101186813890024,16.364863299530086,8.766300416844075,-7.598562882686011,21.54521952841351,27.75054814245894,6.205328614045428,21.78144967554222,40.97503310762967,19.19358343208745
2011-02-11,21.749623863309967,1,34.2979701968045,31.741885240306146,-2.5560849564983528,26.56019848162221,13.235126051971832,-13.325072429650376,10.981164522294137,10.459147540370552,-0.5220169819235849,15.820978981754166,9.440708764488733,-6.3802702172654335,21.802576906780487,25.45681742183791,3.654240515057424,21.034854090604313,40.16405816088465,19.129204070280338
2011-02-18,21.363187499773705,1,33.528829634459115,31.15477323962469,-2.374056394834426,26.716027725733156,13.310651293554614,-13.405376432178542,9.59748953524182,11.095207818759832,1.4977182835180116,15.52373787644109,6.565392202205729,-8.95834567423536,19.414086894121468,24.505386268502534,5.091299374381066,23.398953332645576,41.54771417599484,18.148760843349265
2011-02-25,21.870296545768472,1,33.942566649978005,32.6127649023792,-1.3298017475988075,26.529731686790697,12.367381271154628,-14.16235041563607,10.141210726445124,17.36569996719885,7.2244892407537264,14.77881106801398,7.086537887751248,-7.692273180262731,20.273276049615944,19.404691537242087,-0.8685845123738574,25.55618309376709,42.3847037088848,16.82852061511771
2011-03-04,22.13142640134593,1,34.00373653366003,33.09504880546821,-0.908687728191822,26.895169886740547,12.076769896104196,-14.818399990636351,10.946227667737617,18.218679037890695,7.272451370153078,14.654981276639631,8.157040942332216,-6.497940334307415,19.816457322648148,19.193572943194724,-0.6228843794534242,26.4719857206496,42.047446783085505,15.575461062435906
2011-03-11,22.920970252302112,1,31.85155215479115,39.92157800868446,8.070025853893313,24.693147271271343,10.32336690930346,-14.369780361967884,11.128156312315127,17.39494215098604,6.266785838670913,14.920048025272195,9.456004838669415,-5.46404318660278,24.886034171597288,17.884124549101813,-7.001909622495475,30.046883578565584,42.5458050570675,12.498921478501913
2011-03-18,20.54484017493465,1,34.207208987926435,27.11065971942311,-7.096549268503324,25.47542311767502,10.758813989197407,-14.716609128477614,9.524341688834184,15.895229407545258,6.370887718711074,15.413925991017578,6.680940997929298,-8.73298499308828,15.127654157737197,20.117974051293913,4.990319893556716,23.520487106417477,42.70542288421889,19.184935777801414
2011-03-25,20.977002585119337,1,34.248107007893296,26.834784423386353,-7.413322584506943,24.06360882685462,9.95167677840179,-14.111932048452829,9.487531787152307,15.829389506522801,6.341857719370495,17.86108305116116,6.972867738288173,-10.888215312872987,15.774640263341553,21.055412145391116,5.280771882049564,24.427044574313086,45.21788491872579,20.7908403444127
2011-04-01,22.21241010427811,1,34.36355249202563,29.30440031431067,-5.059152177714964,25.050825764505973,16.606536008250075,-8.444289756255898,10.4769137290494,14.262813149265952,3.785899420216552,17.69227594667717,10.116048341634936,-7.576227605042234,19.76744195465821,19.56419234823926,-0.20324960641895018,25.92345073875228,43.42047046396779,17.49701972521551
2011-04-08,21.999451414639342,1,35.39738048598889,29.599372860483257,-5.798007625505633,24.083848408014802,12.399745573966428,-11.684102834048375,11.827208809180135,14.437283273233348,2.6100744640532128,16.82738211820238,10.807040720795555,-6.020341397406824,16.969439296638427,21.232661316406563,4.263222019768136,26.891449369811426,43.52060474295088,16.629155373139454
2011-04-15,22.236772283501,1,34.93653735171482,28.98374129409605,-5.9527960576187695,23.271260240087187,11.811567876130141,-11.459692363957046,14.067584818761063,18.46627278826304,4.398687969501978,16.08654474185633,10.316142688619763,-5.770402053236566,17.270930066896554,20.263812660699728,2.9928825938031736,27.787776481690045,43.579096393197304,15.791319911507259
2011-04-22,22.693063381012255,1,32.37809497762818,23.881178618124295,-8.496916359503885,24.752844882250344,9.86138577309579,-14.891459109154553,17.128745029085167,25.090335466807005,7.9615904377218385,13.946504541733674,10.166149625564216,-3.7803549161694576,15.130257160380793,22.75180165280429,7.621544492423496,32.82193369499538,44.40752914967791,11.585595454682533
2011-04-29,21.892342353738425,1,34.97436266605716,23.45214696878358,-11.52221569727358,21.08944064966157,10.473493390045391,-10.615947259616178,15.943755206595625,19.985358621402995,4.041603414807369,13.914453160790046,12.644551788228384,-1.2699013725616624,14.10799035849503,20.9134795752544,6.805489216759369,31.32405208083111,43.88502377871575,12.56097169788464
2011-05-06,21.878974070279373,1,32.34675330441651,22.339749824672708,-10.007003479743801,20.50666735836215,11.559738335659944,-8.946929022702207,17.181665951523925,18.965435727952467,1.7837697764285423,13.281707512441628,14.359773052632931,1.0780655401913037,16.731880387033087,21.709504162151987,4.9776237751189,31.22516990789896,42.33964331860622,11.114473410707262
2011-05-13,22.580487173743325,1,32.64292358050264,22.528904908929334,-10.114018671573305,20.920149448430138,11.830154496881875,-9.089994951548263,17.223453712742625,18.8509401320796,1.6274864193369751,13.749973809335103,17.747931744291037,3.9979579349559344,18.047163938058816,22.915754451729597,4.868590513670782,32.89925855339064,41.60923730854853,8.709978755157891
2011-05-20,20.790245534447916,1,27.70128229995791,18.528373132276016,-9.172909167681894,22.954271154111495,16.3016656751887,-6.652605478922794,12.335149237077502,12.197303612869561,-0.1378456242079409,14.893490971003772,18.86276534872573,3.969274377721959,15.709568201510294,22.593283521469218,6.883715319958924,31.14771134302653,36.258081916158304,5.110370573131775
2011-05-27,21.576224476886324,1,28.370884987256545,19.361279556285936,-9.009605430970609,25.07855440439458,18.438409576874676,-6.640144827519904,14.177973135868257,16.69818152028175,2.5202083844134933,13.402356512314356,17.97232321587157,4.569966703557213,15.475407207601393,21.370075043552546,5.894667835951154,32.95217061388283,35.61707794845148,2.664907334568653
2011-06-03,21.27334291354295,1,27.06678894724881,20.23541860491507,-6.8313703423337415,23.523030053305433,18.407279548903105,-5.115750504402328,14.632443611998085,16.1774660935082,1.5450224815101166,13.83644924394089,19.674960044039437,5.838510800098547,16.291267292210705,17.544937064370032,1.253669772159327,32.29007833255379,35.59999612552184,3.3099177929680508
2011-06-10,20.469352404525143,1,27.553665323680775,21.375686864732657,-6.177978458948118,21.168716130093642,16.871560392584456,-4.297155737509186,13.720796135384816,14.602808799259932,0.8820126638751162,15.07593033213196,17.409378296219614,2.3334479640876538,16.16432306329986,18.175698784633596,2.011375721333735,29.13268344255981,34.38098128972062,5.2482978471608135
2011-06-17,20.726279006357647,1,25.47247900451353,21.50946349847051,-3.963015506043021,22.259691116413208,16.908526639877323,-5.351164476535885,13.787534960914357,16.052928830213332,2.2653938692989755,18.335745818696395,21.87280251706086,3.5370566983644665,15.024998528067869,15.151972342291685,0.12697381422381682,29.477224609540528,32.861980210232176,3.3847556006916477
2011-06-24,19.48351991517651,1,25.97357714278027,19.43864184353697,-6.534935299243301,19.642603572340136,13.601613735971057,-6.040989836369079,11.122445772710961,14.726886282379255,3.6044405096682937,15.941127074057789,21.231693098585453,5.290566024527664,15.027065746774284,13.774177013645982,-1.2528887331283016,29.194300182395622,34.12810751694032,4.933807334544696
2011-07-01,19.394491032966467,1,26.677515481183022,18.470465298253544,-8.207050182929478,19.693296701032608,12.792612130351998,-6.90068457068061,11.358059535821397,14.571010520286706,3.2129509844653086,16.48226723443517,21.280653333381224,4.798386098946054,13.358392442565219,15.185372084828515,1.8269796422632965,28.797414802761395,34.06683283069678,5.269418027935387
2011-07-08,19.337656501206812,1,26.850922538960546,18.260826233301657,-8.59009630565889,19.61411764869041,12.958266020086498,-6.655851628603912,10.693580242348204,14.05383427358042,3.360254031232216,16.648731029723777,21.51538296914508,4.866651939421303,12.97211488610138,15.038634273189032,2.066519387087652,29.246472661416547,34.19899523793816,4.952522576521616
2011-07-15,19.370427325079508,1,25.757904935836024,18.65737064487007,-7.100534290965953,19.249251870248486,13.142014624139478,-6.107237246109008,11.578386736331339,13.609203724279283,2.0308169879479436,15.722414965490486,23.532692525737474,7.810277560246988,14.15583467360618,14.607111035074837,0.4512763614686577,29.758770768964524,32.67417139637588,2.9154006274113584
2011-07-22,18.879139675629986,1,25.29533975849519,19.537763111698425,-5.757576646796764,17.736130949921574,12.121694972657721,-5.614435977263852,10.591450582228461,10.954195776541468,0.3627451943130069,15.44673031387157,22.28773820521758,6.84100789134601,14.203156861409951,14.55194286746594,0.3487860060559882,30.002029587853173,33.82150312019877,3.8194735323455973
2011-07-29,20.478218508002822,1,26.32437656764384,19.01389882068436,-7.310477746959478,22.534581415794804,15.61639818304458,-6.9181832327502235,10.209812158457638,13.301276743182868,3.0914645847252302,17.42614813941927,23.968596029187964,6.542447889768695,18.108162511448157,17.846213480909256,-0.26194903053890073,28.266230255253234,33.12292779100791,4.856697535754677
2011-08-05,24.66921662196469,1,26.87885985534423,21.99043838852033,-4.8884214668239,23.00048430422133,24.92510471545829,1.9246204112369583,15.643361416240737,12.742106682129162,-2.901254734111575,32.11237633942844,36.049495772403844,3.9371194329754076,21.147351175377068,18.509880663481965,-2.6374705118951027,29.23286664117633,33.79827350979453,4.565406868618197
2011-08-12,24.55055859584226,1,27.000907500750785,22.320857992673865,-4.6800495080769196,26.62448448638763,30.94094213318091,4.316457646793282,17.257866832708913,11.9017331593179,-5.356133673391014,28.17796300362575,33.80810833008999,5.630145326464245,23.16279571072762,17.892862391724847,-5.269933319002774,25.079334040852856,30.438847568066066,5.35951352721321
2011-08-19,22.24103264159415,1,27.15436592481494,24.080164872157297,-3.074201052657642,22.401135513318494,30.394966959840048,7.993831446521554,19.48722483285178,9.219009322229724,-10.268215510622056,19.93463554395821,20.04745656931992,0.11282102536171124,22.042114057571894,18.361550957760244,-3.68056309981165,22.426719977049586,31.343047168257712,8.916327191208126
2011-08-26,21.708729624741835,1,21.754184375698372,22.999257635576754,1.2450732598783816,26.016208144279375,25.754935615127124,-0.26127252915225085,20.28124379826943,13.756288502657426,-6.524955295612003,19.484594436530074,21.684212744233662,2.199618307703588,19.643016103393094,15.65075392019601,-3.9922621831970844,23.07313089028068,30.406929330660006,7.333798440379326
2011-09-09,19.4889748898106,1,19.502159312607773,16.963520122734252,-2.538639189873521,21.37841120291793,22.978503178999034,1.600091976081103,19.5989276862731,12.818671027301406,-6.780256658971695,19.631717640337328,22.65882825138337,3.027110611046041,21.67616539957669,19.56373573934711,-2.11242966022958,15.146468097150773,21.950591019098425,6.804122921947652
2011-09-16,20.77398477206156,1,21.249284466223642,15.699167626234754,-5.550116839988888,24.066762415120976,24.687322889671833,0.6205604745508566,20.27512042969755,12.549922712924413,-7.725197716773138,20.400639789156912,23.55275553877196,3.1521157496150494,22.32273118685677,22.629071637755118,0.3063404508983467,16.329370345313507,25.52566822701131,9.196297881697802
2011-09-23,23.65550854573442,1,20.823505305431325,18.415722077775186,-2.4077832276561395,27.976463865936623,32.63687114028686,4.660407274350234,26.641293964727808,16.75202079393064,-9.889273170797168,23.776720031695376,29.202862231735054,5.426142200039678,26.52672546037701,27.7848954362195,1.2581699758424918,16.188342646238368,17.14067959445923,0.9523369482208608
2011-09-30,24.969875550607288,1,24.69541305148647,21.188315953019256,-3.507097098467213,28.534632261785404,36.73877230065513,8.204140038869724,26.911618682068493,17.717141855281582,-9.19447682678691,23.55589794901816,29.704803259037476,6.148905310019316,28.052151954850558,28.083677072635,0.031525117784440226,18.06953940443465,16.386542863015322,-1.6829965414193282
2011-10-07,25.587179718427095,1,24.581555463839152,20.913788693248478,-3.6677667705906742,28.286809691629898,35.40056677513108,7.113757083501184,23.44347613123115,19.384484369586588,-4.058991761644563,25.875969816857662,33.66318358027148,7.787213763413817,28.20608032618138,28.005826589059254,-0.20025373712212513,23.129186880823312,16.15522830326563,-6.973958577557681
2011-10-14,26.50227801697278,1,23.012139089878374,22.566950259534707,-0.4451888303436675,27.56020144677234,34.81242226335462,7.25222081658228,25.172114179654372,19.50900667102667,-5.663107508627704,29.23294020312467,38.50061400083743,9.26767379771276,29.327839888506276,29.895224921483234,0.5673850329769579,24.708433293900683,13.72944998560007,-10.978983308300613
2011-10-21,26.292300962802603,1,24.27534566399092,24.820586489411255,0.5452408254203363,27.773232964177097,35.069913446871695,7.2966804826945975,21.22691976026644,19.476248650406006,-1.7506711098604342,30.26089389455045,40.897893833121984,10.636999938571535,28.518245131020336,25.7282405730423,-2.790004557978037,25.699168362810383,11.760922783962357,-13.938245578848026
2011-10-28,28.911779357004008,1,28.04676059464032,32.20978774394166,4.163027149301342,30.70834764691638,33.305685858737775,2.597338211821395,24.317065052789346,20.449481513221727,-3.867583539567619,33.614461428937474,47.05176053955647,13.437299110618994,31.789742439143268,29.957213033266257,-1.8325294058770112,24.99429897959726,10.496747453300202,-14.497551526297059
2011-11-04,28.613156529866018,1,28.329569501437504,30.99354095499561,2.663971453558105,29.555629328588523,33.80134209739214,4.245712768803614,26.848697428616134,22.965877097359993,-3.8828203312561413,33.97402871459481,44.832560479197355,10.858531764602546,31.684166232353874,29.394910881346235,-2.2892553510076397,21.286847973605262,9.690707668904793,-11.59614030470047
2011-11-11,28.846792916914932,1,27.97862558377402,30.864880075319306,2.8862544915452872,29.999367020876875,35.10021753725623,5.100850516379353,28.447163532064266,24.005663551786924,-4.441499980277342,32.69050960164569,42.967521697149735,10.277012095504048,31.411964674604732,29.202186457532818,-2.2097782170719142,22.553127088523993,10.940288182444604,-11.61283890607939
2011-11-18,28.823139479408358,1,28.145599287670677,32.42846057056542,4.282861282894743,28.90220580588803,34.898615987293184,5.996410181405153,28.82205178047643,22.30974634681101,-6.512305433665418,32.777729853365614,42.71423351733149,9.93650366396588,31.286066527514578,29.062500054889483,-2.2235664726250945,23.005183621534826,11.525280399559534,-11.479903221975292
2011-11-25,29.680467746220007,1,28.99233333121724,33.47980308417711,4.487469752959868,29.491295092460504,35.67385667039527,6.182561577934763,29.641034645550448,22.530221169362832,-7.110813476187616,34.86476259697382,45.179006832327204,10.314244235353385,32.39665640652477,29.68901351042949,-2.7076428960952796,22.696724404593283,11.530905210628205,-11.165819193965078
2011-12-02,31.855676998390937,1,31.27896115473345,35.41760463600623,4.13864348127278,30.903425485755378,38.03457461135696,7.131149125601581,27.45249484805811,19.40316507652544,-8.049329771532669,36.29508038029221,48.03550340816377,11.740423027871557,32.58295200851765,30.092751221601333,-2.4902007869163185,32.62114811298885,20.15046303669196,-12.470685076296888
2011-12-09,29.870526927587036,1,31.53141366280221,35.15503946412838,3.6236258013261704,27.740463306706985,29.463741385115057,1.7232780784080717,21.53173884665179,19.561144097859042,-1.9705947487927489,33.935766261821556,44.52238102993705,10.586614768115496,31.86735107362277,34.1874397508697,2.320088677246929,32.61642841391689,16.33341583761299,-16.283012576303904
2011-12-16,31.47359461579833,1,33.94817776999993,40.81589974440429,6.867721974404361,28.916218615859947,23.23514845632819,-5.681070159531757,25.683718647513516,29.44741760334516,3.763698955831643,30.275834857271093,37.43164377577315,7.155808918502061,37.0286992549547,39.25271842385092,2.22401916889622,32.9889185491908,18.658739691088243,-14.330178858102556
2011-12-23,29.94361799153849,1,34.73638335387221,39.99094881097834,5.254565457106125,20.3462259914793,20.89984330634597,0.5536173148666705,25.998786100753065,29.586860570451506,3.588074469698441,29.672780387451553,37.29634400556962,7.6235636181180695,37.016421682613945,33.435647508510094,-3.5807741741038512,31.891110433060845,18.45206374737539,-13.439046685685454
2011-12-30,29.778408636623237,1,36.23022395804787,44.55932208785674,8.32909812980887,18.402368709167135,17.78960362942786,-0.6127650797392761,25.32334291330355,29.34606664470516,4.022723731401612,30.442828850415964,36.40800719125188,5.965178340835919,38.25979516082657,32.83140666892983,-5.42838849189674,30.011892227978322,17.73604559756795,-12.27584663041037
2012-01-06,29.50960023922562,1,36.34850354461226,44.98398368395429,8.635480139342036,17.7173141148877,17.959445975758342,0.24213186087064287,26.49956045212477,29.261204714260487,2.761644262135718,31.24416925497289,36.57674140042219,5.332572145449305,35.632945277057885,31.7294446183772,-3.9035006586806844,29.61510879169822,16.546781042581173,-13.068327749117046
2012-01-13,29.206539816430617,1,37.274478371995876,44.687838976362976,7.413360604367099,17.549056777776087,19.983790883623016,2.4347341058469283,25.021349470760683,26.94720223772127,1.9258527669605883,30.83681576639627,33.51134993730352,2.6745341709072505,34.2562172444424,31.83990731651849,-2.416309927923905,30.301321267212387,18.26914954705441,-12.032171720157976
2012-01-20,29.06056742983563,1,38.161052218201,44.467476463233076,6.306424245032076,17.192825577336663,20.197638697523118,3.004813120186455,25.367442942704287,27.391581141867874,2.0241381991635876,30.06388100696533,31.443279269159532,1.3793982621942007,33.993889454069304,31.338600948051436,-2.655288506017868,29.584313379737196,19.524828059178716,-10.05948532055848
2012-02-03,26.69981566032526,1,36.40361163991488,43.97063462373561,7.567022983820735,16.234937828846498,17.392193991084554,1.1572561622380562,21.550040512538416,23.942867457500384,2.3928269449619677,26.87021930863493,28.787152772910304,1.916933464275374,32.490378510121005,29.43945869668032,-3.050919813440686,26.649706161895836,16.666586420040446,-9.98311974185539
2012-02-10,27.97961036881884,1,37.16180057427505,44.44609371674642,7.28429314247137,17.60377960574823,17.930911790249795,0.3271321845015649,21.71286105280774,23.875085324799656,2.162224271991917,31.6089488979231,35.13694346088525,3.5279945629621494,31.819006207180266,29.006349201307586,-2.81265700587268,27.97126587497867,17.482278718924377,-10.488987156054293
2012-02-17,27.73923938805416,1,37.3478095443928,45.7477571032731,8.3999475588803,16.237250364598637,17.856649764701245,1.6193994001026084,22.444180138688694,24.75305430371101,2.308874165022317,31.559622216376525,33.344870279868005,1.7852480634914798,32.610452274199346,29.457239730068906,-3.15321254413044,26.236121790068935,15.275865146702657,-10.960256643366279
2012-02-24,28.451334246858625,1,35.710865876085165,42.40979582662506,6.698929950539892,19.241882820986277,19.529075634359145,0.2871928133728687,22.948284031882864,26.642273418311248,3.6939893864283846,32.608997146688594,35.24415172017845,2.6351545734898565,33.73157836728156,30.948020605799016,-2.783557761482541,26.466397238227316,15.934688275878855,-10.53170896234846
2012-03-02,29.332643771382305,1,38.22978575547843,38.852844453311306,0.6230586978328745,23.249067432948138,30.278784009146122,7.029716576197984,25.59475100277379,31.47768775032155,5.88293674754776,30.539345634455458,31.28440460217344,0.7450589677179806,35.42673603634361,30.3264926962606,-5.100243340083011,22.956176766294377,13.775649117080803,-9.180527649213573
2012-03-09,30.024668408882324,1,38.17968315207217,40.93112212254499,2.751438970472819,23.979963212654425,29.311756899510172,5.331793686855747,27.679635864493193,30.804280294504494,3.124644430011301,31.175545771584083,30.19510839124365,-0.9804373803404332,36.58112296611733,35.4441897298342,-1.1369332362831273,22.55205948637274,13.46155301565642,-9.09050647071632
2012-03-16,29.102411192868754,1,37.88585982110406,36.86225262080636,-1.023607200297704,23.460361909333287,29.323989694513926,5.86362778518064,27.591939001802487,31.496527314086194,3.904588312283707,30.56167719392387,27.547418792701194,-3.0142584012226763,35.21919104092072,35.74249574571347,0.5233047047927499,19.895438190128104,13.641782989391459,-6.253655200736645
2012-03-23,27.11831063348633,1,36.53747277556462,35.27894127017072,-1.2585315053939041,20.900397213194708,26.755265076471275,5.854867863276567,23.23582561971773,25.915215838933037,2.679390219215307,30.68308198956052,29.15858305157292,-1.5244989379876017,33.8842154351985,33.62216746785475,-0.26204796734374725,17.46887076768192,11.979691095915285,-5.489179671766635
2012-03-30,26.83673619251861,1,37.34300403087873,35.388824619572745,-1.9541794113059865,19.62056427547843,26.59576759416538,6.975203318686951,23.552162881903357,24.721929928075227,1.16976704617187,30.8704932637569,29.035215730158015,-1.8352775335988838,32.12698251649417,32.031888304657656,-0.09509421183651057,17.507210186600076,13.24679097848265,-4.260419208117426
2012-04-06,28.07423424910071,1,36.67677236503748,34.88794755302317,-1.7888248120143118,22.34811016029616,27.9629176940129,5.614807533716743,22.353083890248982,25.145613095833824,2.7925292055848416,31.62031688454971,28.825584052068734,-2.7947328324809746,33.86763443514715,36.73841628281366,2.870781847666507,21.57948775932475,14.884926816851987,-6.694560942472762
2012-04-13,30.087506724783935,1,38.89617283400805,39.085972910090796,0.18980007608274718,27.761856603886088,33.67224711541921,5.910390511533123,20.18981357257084,24.458309705298703,4.268496132727861,33.65439573406748,30.680617278509345,-2.973778455558133,36.15100864428311,37.97590700280455,1.8248983585214376,23.87179295988807,14.651986336581032,-9.219806623307036
2012-04-20,28.362781408686832,1,38.49671680287714,36.57876651637671,-1.917950286500428,27.239380156745227,32.507360876825416,5.267980720080189,19.56941449966314,23.87366705409228,4.304252554429141,32.73282316425127,26.59775089095524,-6.135072273296032,35.46899817703613,37.793687503571476,2.324689326535349,16.669355651548102,12.82545561029994,-3.843900041248162
2012-04-27,28.530433482954184,1,40.055154494218556,41.37040430313827,1.3152498089197167,26.297834435758105,30.513557889661115,4.21572345390301,20.80997622995845,24.63923867403757,3.82926244407912,32.68791936265501,26.704443713137508,-5.983475649517501,35.36757919020715,36.19274884096552,0.8251696507583688,15.964137184927836,11.762207476785107,-4.201929708142728
2012-05-04,27.513701498762572,1,40.15030525097629,41.82455586072456,1.6742506097482703,25.947142185788366,28.906950450181412,2.959808264393047,19.431414943881194,24.466282472189903,5.034867528308709,29.863423610675866,24.265284295693704,-5.598139314982163,34.64027175743803,35.09289261042588,0.4526208529878488,15.049651243815674,10.526243303359934,-4.523407940455741
2012-05-11,26.602372487974623,1,40.557615359157396,42.82849221571935,2.270876856561955,21.80030072548837,24.356734531113617,2.5564338056252467,18.24696512363576,24.119959491006014,5.872994367370254,29.585148320435252,21.29657993624747,-8.288568384187784,35.73423578771866,38.401500131291314,2.667264343572654,13.689969611412323,8.610968622470011,-5.079000988942312
2012-05-18,28.65026846599565,1,44.16610348535293,47.75439105417389,3.5882875688209595,22.79009950591238,24.918387162290614,2.128287656378234,23.309726639255516,28.079186569068696,4.769459929813181,33.46295301085031,25.898312469675957,-7.564640541174356,36.56959859812507,37.35424487423582,0.7846462761107489,11.603129556477725,7.89708866652893,-3.7060408899487953
2012-05-25,27.90961392972694,1,42.720527945089145,46.79300732171292,4.072479376623775,20.402817881087827,23.780442756894516,3.3776248758066885,22.70697071585826,26.93472020020981,4.227749484351548,30.48419028917776,24.223398867488,-6.26079142168976,35.86232066439551,35.71935076773927,-0.14296989665623983,15.280856082753132,10.006763664317106,-5.274092418436027
2012-06-01,28.868612792035666,1,42.883749338863765,48.59686028564586,5.713110946782095,23.24542370885227,25.710134345427946,2.464710636575674,22.76255445518734,27.387801544569584,4.625247089382242,31.576069883504616,24.434840305974305,-7.141229577530311,36.125490328799955,34.9831771876506,-1.1423131411493586,16.61838903700604,12.098863082945655,-4.519525954060384
2012-06-08,31.73064401586849,1,45.66858735105457,51.93786230071338,6.269274949658808,24.88161460485304,27.03976454966299,2.1581499448099493,23.36722055587545,27.95828883974862,4.59106828387317,33.581707100888025,25.881737863916584,-7.699969236971441,41.85487511784998,43.15018242098606,1.2953073031360844,21.02985936468987,14.416028120183256,-6.613831244506613
2012-06-15,30.91905221729425,1,46.34281290687865,51.013742755583166,4.670929848704517,24.544394710684927,25.258916186054066,0.7145214753691391,23.24330208239887,26.261749802795592,3.018447720396722,31.927976093199263,23.34814883544375,-8.579827257755511,42.02004039971063,44.06975591480407,2.049715515093439,17.435787110893145,15.561999809084824,-1.8737873018083206
2012-06-22,29.631555919880615,1,47.853330632287175,48.92323507843357,1.0699044461463956,25.16139793325378,28.580683202976402,3.4192852697226215,20.48702037244361,25.903785153319532,5.416764780875923,26.42079106590873,19.11840975343108,-7.3023813124776495,43.12339053538373,45.652524458774955,2.5291339233912282,14.743404980006659,9.610697872348169,-5.13270710765849
2012-06-29,30.204277656205317,1,48.19306869702337,49.09666228666773,0.903593589644359,25.52536757495207,28.853555614303318,3.3281880393512466,20.519198670373584,26.124799440601535,5.605600770227952,28.708537270898347,20.945851554687266,-7.762685716211081,43.91885284458087,47.22824122847864,3.309388383897769,14.360640879403647,8.976555812493388,-5.384085066910259
2012-07-06,30.66803884940335,1,48.62236666860247,51.57423636474047,2.9518696961380044,25.985849459663072,27.703284814392262,1.71743535472919,21.273934164939433,26.1636483521806,4.889714187241168,30.23491654685158,23.883161619500683,-6.351754927350896,43.450360468773965,46.121344656005974,2.6709841872320084,14.440805787589554,8.562557289600107,-5.878248497989446
2012-07-13,30.327922571942366,1,48.49152349806687,52.951285915425984,4.459762417359116,26.129826821045796,27.51220355945337,1.3823767384075722,20.547539268619516,25.675758385772895,5.128219117153378,30.25766401324948,23.606240275969313,-6.651423737280169,43.06456154952127,44.416356853474014,1.3517953039527413,13.476420281151249,7.805690441558639,-5.67072983959261
2012-07-20,29.07655357730495,1,45.45616632824202,47.16623810917406,1.71007178093204,24.313744889006315,26.28842588079638,1.9746809917900663,20.803214470647973,26.56715391976907,5.7639394491210965,30.219663378094566,22.278099649469183,-7.941563728625383,40.427354949078584,44.65379891553881,4.226443966460224,13.239177448760245,7.505604989082229,-5.733572459678015
2012-07-27,26.294194491186147,1,43.438725405224645,43.45080869818351,0.012083292958863012,22.994666892075216,24.26667402376924,1.272007131694025,20.962498549150197,26.09848095416355,5.135982405013351,26.52230725785671,20.17112909266511,-6.351178165191598,33.71266189577854,38.639422439475965,4.926760543697426,10.13430694703159,5.138651738859522,-4.995655208172067
2012-08-03,25.97322580625692,1,43.87948387919437,44.03704029361057,0.15755641441620583,22.818695245314515,24.00816256066497,1.1894673153504556,20.57367926464501,25.579819169437542,5.0061399047925335,26.16373891875662,19.285198618122152,-6.878540300634469,31.85072903362679,36.82879070194541,4.978061668318617,10.553028496004245,6.1003434937608745,-4.452685002243371
2012-08-10,25.593201840885428,1,42.65688397391189,43.66495776849918,1.0080737945872897,24.284663136554045,24.608906460740116,0.32424332418607094,20.790393720084964,25.591551847186054,4.80115812710109,25.659755069366696,20.140723389376603,-5.519031679990093,30.189910289238,34.38843207801908,4.198521788781079,9.977604856156958,5.164639501491493,-4.812965354665465
2012-08-17,27.193161304998345,1,43.88340367169239,47.36347972611769,3.4800760544252967,29.001287748870553,26.168683883225185,-2.8326038656453676,20.74618619141765,23.62256393973591,2.876377748318262,25.381129048805036,23.675088087211577,-1.7060409615934589,33.36958272253909,38.42323091849475,5.05364819595566,10.777378446665352,3.905921275204932,-6.8714571714604205
2012-08-24,27.433102012651755,1,40.64985066350751,44.803344426254654,4.153493762747146,29.636226137385734,29.612965683447527,-0.023260453938206638,20.28161341814277,23.47162145924547,3.1900080411027005,23.840900223729477,22.01144791436211,-1.829452309367369,34.256318055319994,37.23777909675054,2.981461041430549,15.933703577825042,7.461453495850222,-8.47225008197482
2012-08-31,25.913674052751123,1,37.443520372125235,41.25927318364876,3.8157528115235237,28.503397267757236,23.617941024853337,-4.885456242903899,19.88785418883765,24.129499442529905,4.241645253692255,23.52835621665963,23.317738974382138,-0.21061724227749323,33.35674075148425,35.44010991546806,2.0833691639838037,12.762175519642753,7.717481775624549,-5.044693744018204
2012-09-07,22.867249369692573,1,30.483202653299784,30.93254362067266,0.4493409673728763,26.699518204669488,21.607170856292086,-5.092347348377402,15.775257250314567,22.359952845460583,6.584695595146016,20.083219012659853,21.309166171639845,1.2259471589799915,29.39839291150976,30.661486373629003,1.2630934621192438,14.763906185701984,10.333176350461244,-4.43072983524074
2012-09-14,24.229585621562787,1,30.251261919278292,32.71752550542594,2.4662635861476474,27.91119675529181,24.43805741714837,-3.47313933814344,16.4901850376678,22.725665395324995,6.235480357657195,22.609788982945304,21.64363128305989,-0.9661576998854144,29.39701762129441,31.221170717474735,1.824153096180325,18.7180634128991,12.631463410942786,-6.086600001956313
2012-09-21,24.99685571559426,1,31.17295562881526,35.8593213012678,4.686365672452538,27.926573473584284,22.726870309427667,-5.199703164156617,17.18195111069619,23.656415888290397,6.474464777594207,23.035698772218694,23.762583491406005,0.7268847191873107,30.85612450115869,31.69970379436478,0.8435792932060906,19.807830807092458,12.276239508808871,-7.531591298283587
2012-09-28,22.798552433407632,1,28.128272879736997,29.0006577562974,0.8723848765604032,26.33744222613109,21.033962872755936,-5.3034793533751525,16.049771402519056,23.074275660526794,7.024504258007738,20.025750123420323,22.47365939392465,2.4479092705043257,27.612847221022605,28.898708728325715,1.2858615073031103,18.63723074761573,12.310050188615307,-6.327180559000425
2012-10-05,23.48548975797242,1,28.808817096740782,27.816383392446255,-0.9924337042945268,27.404708398382922,22.814463020898458,-4.5902453774844645,16.728494062776846,22.27832150708258,5.549827444305734,20.623862397176367,23.628160181104548,3.0042977839281804,28.772359624796152,31.277809715942723,2.505450091146571,18.574696967961444,13.097800730359978,-5.476896237601466
2012-10-12,18.13672332132288,1,10.930249312616183,15.351409275330482,4.421159962714299,26.58650589151432,23.102755540090158,-3.4837503514241632,11.923554780059362,17.808772424236324,5.8852176441769615,11.866797493177657,14.474792000879063,2.607994507701406,26.469830340599486,24.46715176228419,-2.0026785783152974,21.04340210997026,13.615458925117082,-7.427943184853177
2012-10-19,17.72751303821656,1,10.94757889474026,13.803499574776836,2.8559206800365757,24.946956396214375,23.51628984793868,-1.4306665482756955,11.727450135323494,17.59121780326828,5.863767667944785,14.567123015920629,13.26831845732255,-1.2988045585980785,24.84250453832098,25.119876757420798,0.27737221909981713,19.333465248779618,13.065875788572214,-6.267589460207404
2012-10-26,18.120878257626785,1,13.736154803238023,14.798690582859393,1.0625357796213706,25.284087580041728,23.66281409603799,-1.621273484003737,11.790239114655378,17.76116915391441,5.970930039259031,15.718166323327111,15.167256067933977,-0.5509102553931342,23.781993066135357,24.244260848593157,0.46226778245780054,18.414628658363114,13.091078796421755,-5.323549861941359
2012-11-02,18.65826462394101,1,13.659520594442938,18.03262048626398,4.373099891821042,23.83642128811924,21.762895558561112,-2.0735257295581278,14.170924847108267,20.00693647668568,5.836011629577413,17.65789982682371,15.097063684179972,-2.560836142643737,23.89726693456339,21.89789610665686,-1.9993708279065316,18.727554252588533,15.152175431298488,-3.5753788212900446
2012-11-09,17.208049747990117,1,12.35766061814445,14.328029709988996,1.970369091844546,22.810025596487222,20.551542319539465,-2.258483276947757,13.78982467103232,20.85205778025565,7.062233109223328,13.707190781105723,13.373744980382284,-0.3334458007234389,22.785687637776476,20.16152836739262,-2.6241592703838563,17.79790918339451,13.98139533038173,-3.816513853012779
2012-11-16,13.957697383017639,1,10.071827903349956,10.228546611894203,0.15671870854424697,18.997929292491065,16.689385074316533,-2.308544218174532,14.216044126900627,23.339905995742612,9.123861868841985,8.541307772478959,12.752779534653314,4.211471762174355,19.851706968304654,12.799152775277534,-7.05255419302712,12.06736823458057,7.936414306221607,-4.130953928358963
2012-11-23,13.45785692486164,1,8.774104371638643,9.612469569119853,0.8383651974812096,17.342861021132123,16.421415910049575,-0.9214451110825479,16.857376100183757,19.7608617796286,2.9034856794448416,8.694054279253436,13.462457757050274,4.768403477796838,17.639188159504712,14.175409545750895,-3.463778613753817,11.439557617457169,7.314526987570659,-4.12503062988651
2012-11-30,12.691929478113947,1,8.73025703877532,6.751520975393689,-1.978736063381632,18.99425658144274,14.03294508284118,-4.96131149860156,17.28245711605784,20.10791982408456,2.82546270802672,11.107879492096956,17.617609913850657,6.5097304217537015,10.205956672471302,10.337431177556155,0.13147450508485292,9.830769967839515,7.304149894957405,-2.5266200728821104
2012-12-07,15.344608362012599,1,8.025241882227448,5.930859953648607,-2.0943819285788408,26.372225829098284,17.106006034765628,-9.266219794332656,26.15471182767503,23.504115647085868,-2.6505961805891616,11.99679380391784,15.89512519972466,3.898331395806821,10.739844581848857,21.09703559315699,10.357191011308132,8.77883224730813,8.534507743693794,-0.24432450361433666
2012-12-14,15.65780960080773,1,9.379329804814006,7.309477035414744,-2.0698527693992617,23.877217497084544,13.674503259292635,-10.20271423779191,24.63701405879094,19.441214541414112,-5.195799517376827,14.73752420915271,20.861237095093998,6.123712885941288,12.390263117828994,23.070031725244974,10.67976860741598,8.92550891717518,9.590393948385895,0.6648850312107157
2012-12-21,16.184722863844495,1,10.530214966687481,7.089795653549658,-3.4404193131378236,24.4105472825417,14.38717938781005,-10.02336789473165,23.444865321016465,23.7009834076556,0.25611808663913394,14.231509243570954,20.085252711192766,5.853743467621811,12.25537176471964,22.52327626541674,10.2679045006971,12.235828604530738,9.321849757442138,-2.9139788470886003
2012-12-28,16.016390261423517,1,9.121756800893095,6.076370603987456,-3.045386196905639,23.352114957675326,17.58195733822724,-5.770157619448085,23.91979041523642,21.815268800381546,-2.1045216148548747,14.03792367419446,18.2223025944117,4.184378920217242,12.80880111466152,22.802718134515118,9.993917019853598,12.85795460588028,9.599724097018012,-3.258230508862269
2013-01-04,15.347473094468924,1,8.668420095028921,6.242478264360514,-2.425941830668407,23.089681389638642,15.957766222855156,-7.131915166783486,23.06391623315986,17.028307696363754,-6.035608536796104,15.576449837515241,21.03280510691269,5.456355269397449,13.099134950031512,23.602239963419734,10.503105013388222,8.58723606143937,8.221241312901668,-0.36599474853770175
2013-01-11,16.57776925613207,1,8.781141926386951,5.236905543081761,-3.54423638330519,24.814261642102053,9.776694614249777,-15.037567027852276,23.013006565300785,21.058214658029073,-1.9547919072717121,18.375495199376033,23.847009961473375,5.4715147620973426,15.033637135277218,26.178130469488877,11.14449333421166,9.449073068349378,13.369660290469568,3.92058722212019
2013-01-18,16.742622809867793,1,9.793598690440845,6.469020783202595,-3.3245779072382504,21.74315857123655,9.031913099121311,-12.711245472115237,25.82003308316753,22.99509186111598,-2.8249412220515495,19.075905587009984,22.659502865549655,3.5835972785396706,15.286325560555284,24.216541540324016,8.930215979768732,8.73671536679656,15.08366670989318,6.34695134309662
2013-01-25,16.81515528383922,1,9.96966413965609,6.077656128623815,-3.8920080110322743,23.056844427045817,11.309658839412947,-11.74718558763287,26.550505675936094,22.08925397572817,-4.461251700207924,18.6524334523222,23.330526867943433,4.678093415621234,15.432272034865832,24.719322565950435,9.287050531084603,7.2292119732092885,13.36451332537655,6.135301352167261
2013-02-01,19.79980540977049,1,12.020137093994848,7.569655676788415,-4.450481417206433,33.05050455892153,15.429706134434213,-17.62079842448732,31.721999148290166,25.776235805020306,-5.94576334326986,18.903482285377947,23.969909808012844,5.066427522634896,16.853321864397145,26.902990146432558,10.049668282035412,6.249387507641288,19.150334887934576,12.900947380293289
2013-02-08,20.21484254510852,1,11.348561146968734,7.357064332760004,-3.9914968142087304,36.149899286395716,19.16115850207388,-16.988740784321834,32.61034931345553,25.713527609640536,-6.896821703814993,17.907415404610973,21.989078535979047,4.0816631313680745,17.280869415294617,27.271360048640645,9.990490633346027,5.9919607039255425,19.796866241557026,13.804905537631484
2013-02-22,20.418374584665422,1,12.386300466024068,7.517392875234549,-4.868907590789519,38.192297194510104,18.362244718900897,-19.830052475609207,30.796255136536686,28.641491772050202,-2.1547633644864845,18.87416764424532,21.918471642789953,3.0443039985446347,16.11521218250681,26.686693760304067,10.571481577797258,6.146014884169546,19.383952738712836,13.23793785454329
2013-03-01,19.511727972219862,1,10.911608236376338,6.01198038483227,-4.899627851544068,35.19405082594599,20.7641069460593,-14.429943879886693,31.62488764893304,31.729806570046605,0.10491892111356549,18.810906764431934,18.830214387931463,0.01930762349952886,16.068238394123952,22.568138021777443,6.499899627653491,4.46067596350791,17.166121522672086,12.705445559164176
2013-03-08,17.801711384533025,1,11.540663970100312,6.668323211187484,-4.872340758912827,32.46882904259928,19.569931073013194,-12.898897969586088,29.064149591279474,29.81471361157834,0.7505640202988673,14.798185475608221,17.363912883312295,2.565727407704074,14.621773532796269,15.68510851816616,1.0633349853698917,4.316666694814586,17.708279009940696,13.39161231512611
2013-03-15,17.623004512245636,1,11.585328304130982,7.742852633949212,-3.84247567018177,31.951795174732894,18.55658948124163,-13.395205693491263,27.636514814897055,27.020475525720727,-0.616039289176328,12.605117020493154,14.859802459850798,2.254685439357644,16.816562010792296,18.158398900953543,1.3418368901612467,5.142709748427436,19.39990807175792,14.257198323330485
2013-03-22,17.90604870849361,1,11.521332381800647,7.081365764499722,-4.439966617300925,29.95206297594646,19.59065028933746,-10.361412686609,28.433958179552207,28.991278906054035,0.5573207265018283,12.367792628281904,17.99113748108772,5.623344852805815,19.8811346616409,14.770542411161216,-5.110592250479684,5.280011423739552,19.01131739882149,13.731305975081938
2013-03-29,19.433527604184945,1,16.36478326533502,10.264969457443797,-6.099813807891223,29.7568696614767,12.028811123851952,-17.728058537624747,29.359679643171418,31.7814196554215,2.4217400122500834,15.675267090584398,19.422707756278157,3.747440665693759,19.56338571863182,26.077271395354757,6.513885676722936,5.881180245910315,17.025986236759522,11.144805990849207
2013-04-05,19.819988950391654,1,15.732846122062554,9.988441431462661,-5.744404690599893,32.211726238084324,15.162847119930817,-17.048879118153508,31.155930687325466,31.99607229259614,0.8401416052706736,16.304172609970635,22.356694258110608,6.052521648139972,16.934382407291693,22.363774683798155,5.429392276506462,6.58087563761525,17.052103916451486,10.471228278836236
2013-04-12,19.156197134428165,1,14.503322670729531,9.519046075486017,-4.984276595243514,32.052285931804064,14.976732767383524,-17.07555316442054,29.361069334074088,29.35813082318694,-0.002938510887148027,15.434840827126877,20.64666100067049,5.2118201735436145,17.04839980033475,23.146138567283202,6.097738766948453,6.537264242499674,17.290473572558767,10.753209330059093
2013-04-19,21.168921443244248,1,15.68312554008861,8.75145431662743,-6.93167122346118,37.62410577710281,14.888925059082808,-22.735180718020004,30.426437656734223,30.55597708093792,0.12953942420369913,15.432339496317567,28.972479591653794,13.540140095336227,17.318036412402222,22.285743191228093,4.967706778825871,10.529483776820058,21.55894941993546,11.029465643115401
2013-04-26,19.84768670044679,1,15.442136206772858,8.520904585398156,-6.921231621374702,33.635070204480925,15.375323535814317,-18.259746668666608,27.395551466930044,29.84812839053403,2.452576923603985,16.816244262670082,23.50528540285518,6.689041140185097,16.531003997568845,21.69295834585145,5.161954348282606,9.266114064257977,20.14351994222757,10.877405877969593
2013-05-03,20.490361052740635,1,14.822890882193633,8.649576619988338,-6.173314262205295,31.97574003667171,19.249947472784044,-12.725792563887666,25.632533401316408,29.082394291387388,3.4498608900709797,17.97792587240464,25.221292293382774,7.243366420978134,16.055101827718232,19.083402723591462,3.0283008958732296,16.47797429613918,21.655552915309812,5.177578619170632
2013-05-10,21.235532004057053,1,14.98619995812804,6.920543868994216,-8.065656089133824,34.020123789494676,23.132924425174963,-10.887199364319713,27.116534524964152,26.736284406444923,-0.3802501185192284,18.431736501690622,23.011421165211885,4.579684663521263,15.688902937509582,17.031348082279408,1.342445144769826,17.169694312555237,30.580670076236927,13.41097576368169
2013-05-17,20.397441231316808,1,13.219042105224219,6.970061024745618,-6.2489810804786,33.025520163413375,16.661679665498212,-16.363840497915163,22.1225778172315,24.710667465227587,2.5880896479960853,21.719863991613394,22.116677254171634,0.3968132625582399,17.376037053885213,19.61041613707401,2.2343790831887986,14.921606256533153,32.31514584118382,17.393539584650668
2013-05-24,19.544800223438443,1,14.076116252016135,7.550067815123498,-6.526048436892637,27.5120462757464,13.2657178890084,-14.246328386738,22.259048100459538,23.783721609146383,1.5246735086868455,21.555990413989477,25.455386352977072,3.8993959389875954,17.070980933335434,22.233812152535634,5.1628312192002,14.794619365083676,24.980095521839658,10.185476156755982
2013-05-31,20.401653543290717,1,17.338249819597394,12.551035028202463,-4.787214791394931,22.27775955068165,12.478406274781008,-9.799353275900643,24.754677186121484,28.119366703223278,3.3646895171017945,19.24500858410876,19.379038479149784,0.13402989504102436,21.188538079462788,26.8940115945734,5.7054735151106115,17.605688039772218,22.988063179814333,5.3823751400421145
2013-06-07,21.055038518799872,1,17.87158342408422,11.114431062200495,-6.757152361883726,25.241206945298472,11.707919019414803,-13.53328792588367,26.631410287874118,27.18843353807236,0.5570232501982417,17.88103594729435,19.963367328494257,2.082331381199907,21.664243533234,28.37500803113025,6.71076449789625,17.040750975014063,27.98107213348709,10.940321158473026
2013-06-14,21.362227814468287,1,17.38072397782085,9.837130632259871,-7.5435933455609785,25.11293973653501,11.964688087095993,-13.148251649439018,28.43264813133767,27.774229631435134,-0.6584184999025382,20.083170315817043,18.753135873731694,-1.3300344420853492,21.9702983454211,30.290961976169555,8.320663630748456,15.19358637987807,29.5532206861175,14.359634306239428
2013-06-21,20.402720411772165,1,17.626213157218828,9.703765227969356,-7.922447929249472,24.784973801164327,11.02611828082641,-13.758855520337917,25.82946825581564,25.224704102728452,-0.6047641530871886,16.861356071464215,18.06210969215637,1.2007536206921543,21.608354342734245,28.66446616637026,7.056111823636016,15.705956842235736,29.73515900058213,14.029202158346394
2013-06-28,21.05450699474267,1,18.88759630216063,9.376713644338153,-9.510882657822478,24.865043152912932,10.786837018758703,-14.078206134154229,27.81990655964286,27.511638350661983,-0.30826820898087703,17.315492935045384,17.768767130006353,0.45327419496096866,23.473698929409693,30.750830856817046,7.277131927407353,13.965304089284515,30.132254967873806,16.16695087858929
2013-07-05,20.835888677817945,1,20.764681415944665,10.43470766303443,-10.329973752910234,23.880109269716783,9.759798699649409,-14.120310570067375,24.308410880799954,25.406277947768146,1.0978670669681918,16.98295887869959,18.412363276803973,1.4294043981043814,22.22836980036699,27.579637015780577,5.351267215413586,16.85080182137969,33.422547463871155,16.571745642491464
2013-07-12,20.866732262726405,1,16.49636613955576,10.358537018588208,-6.137829120967552,24.8510485627623,7.184555918428245,-17.666492644334056,23.00298924404187,23.12374456971196,0.12075532567008906,19.942011173271183,18.928771318876187,-1.013239854394996,24.430733353953244,30.572685110919323,6.14195175696608,16.477245102774077,35.03209963983453,18.55485453706045
2013-07-19,20.56220457228367,1,16.669795366697286,10.449327716398017,-6.22046765029927,24.98049679555392,7.696723041576007,-17.28377375397791,21.60274694157991,21.59593936514763,-0.006807576432279916,19.74372810313757,18.128687788731256,-1.6150403144063148,23.89639881215851,30.32582243018382,6.429423618025311,16.48006141457482,35.17672709166533,18.696665677090508
2013-07-26,20.696723426794968,1,16.411225037494873,10.059547825767467,-6.351677211727406,25.577409579328744,7.778871658248278,-17.798537921080467,22.796299234132633,21.81607072645157,-0.980228507681062,19.754637495411146,18.955067923897104,-0.7995695715140414,23.710766264389065,30.367762047007346,6.6569957826182815,15.930002950013346,35.203020379398026,19.27301742938468
2013-08-02,19.08800244945279,1,15.033745615943346,7.342221952415031,-7.691523663528315,25.031791216898128,9.768716624018921,-15.263074592879207,21.4990411305465,20.71010021730011,-0.7889409132463925,19.900031377236758,16.968107257192656,-2.9319241200441013,22.784888068571505,26.5306061776311,3.7457181090595952,10.278517287520515,33.20826246815895,22.929745180638434
2013-08-16,16.927098814970094,1,11.28908448279185,5.687727555935311,-5.601356926856539,16.65646664160741,11.394273712861747,-5.262192928745662,21.72207297123262,18.195630012084294,-3.5264429591483264,18.4671931165624,15.932310326632404,-2.534882789929995,23.283716711585768,24.168786164481475,0.8850694528957064,10.144058966040518,26.183865117825334,16.039806151784816
2013-08-23,18.349322438488034,1,12.844028932585857,6.979501388458914,-5.864527544126943,14.896065195276378,11.035263283971986,-3.8608019113043923,25.13094184383563,21.130796544667575,-4.000145299168054,21.080934054245233,16.593312691976422,-4.487621362268811,25.78049053928177,30.03992014437,4.259429605088229,10.363474065703329,24.317140577483272,13.953666511779943
2013-08-30,18.705861322478768,1,11.907288721225385,7.469449564746327,-4.437839156479058,14.131780668685138,13.111224487558971,-1.0205561811261674,29.70599135266626,20.596545955757847,-9.109445396908413,17.69476179476638,19.35310990190986,1.6583481071434818,28.502977119687003,30.779227975267162,2.276250855580159,10.292368277842442,20.925610049632425,10.633241771789983
2013-09-06,19.325262275696744,1,14.793776847227292,7.012714477325147,-7.781062369902145,13.41179332479497,15.012037847097545,1.6002445223025745,29.971010201737002,20.160764559043585,-9.810245642693417,17.283150129496676,18.34180381065984,1.0586536811631646,27.921233745735677,30.38403005675697,2.462796311021293,12.570609405188847,25.04022290329742,12.469613498108572
2013-09-13,19.32615833197978,1,14.660584706693285,7.938213335477485,-6.7223713712158,13.466902845435186,16.624266602115355,3.1573637566801693,29.86008062779942,20.40579477920066,-9.454285848598758,17.906682689247674,18.764990351740238,0.8583076624925638,28.20269874137105,30.684184758580074,2.481486017209022,11.860000381332071,21.539500164764874,9.679499783432803
2013-09-20,19.76056354064906,1,14.659032648905125,11.29983507196367,-3.3591975769414546,17.527026125826282,13.206688572165476,-4.320337553660806,31.178168353474092,21.558823163363073,-9.61934519011102,16.840482245083706,21.84382563370025,5.003343388616543,28.89033037613109,30.98704915606112,2.096718779930029,9.46834149447406,19.667159646640798,10.198818152166737
2013-09-27,19.86649981534065,1,14.95969139465953,11.827959515020126,-3.1317318796394034,17.599549039995665,13.815994980106325,-3.7835540598893402,30.681785558604247,20.32810394905401,-10.353681609550236,17.03424038278908,21.566047523913852,4.531807141124773,29.5688144669045,32.15182495979265,2.5830104928881497,9.35491804909087,19.509067964156927,10.154149915066057
2013-10-04,22.194488761061876,1,18.496438092088525,11.142362989087403,-7.354075103001122,19.5755826444841,23.020250718239097,3.444668073754997,34.938840238066135,27.864072127778414,-7.074768110287721,20.09725059266694,22.535030895532543,2.4377803028656047,31.32858277331927,31.91510847872135,0.5865257054020816,8.730238225746291,16.690107357012494,7.959869131266203
2013-10-11,20.485576792101785,1,18.483912289703994,11.580530711493267,-6.903381578210727,19.25973251188597,19.552033675603667,0.29230116371769554,31.769466084166012,24.83180566342017,-6.937660420745843,16.147414498992646,19.801661892232616,3.65424739323997,28.833512789649788,29.91544933872899,1.0819365490792023,8.419422578212306,17.231979471131964,8.812556892919659
2013-10-18,20.229701126710385,1,17.734826134391895,11.117969082296312,-6.6168570520955825,18.958105774579167,19.075931693822014,0.11782591924284702,31.26182561752327,24.667235260543706,-6.594590356979566,15.907225734116295,18.637530025051973,2.7303042909356776,29.121134367519062,30.638487457683937,1.5173530901648746,8.395089132132611,17.24105324086436,8.84596410873175
2013-10-25,22.51388728980263,1,26.519551327522052,13.631298327103053,-12.888253000418999,21.742925709867677,21.73357265817141,-0.00935305169626588,33.542943514066764,24.674099195718043,-8.868844318348721,15.375139461617124,16.707527632411697,1.332388170794573,31.858778682662816,33.49046385084225,1.6316851681794304,6.043985043079346,24.846362074569342,18.802377031489996
2013-11-01,20.75090439212606,1,20.154962901112995,14.63601800671863,-5.518944894394366,18.315098866482344,21.436319720590276,3.121220854107932,32.00269535953778,24.91630878340284,-7.086386576134942,16.413260140160716,15.923100240329845,-0.4901598998308714,31.250433448197256,34.39333208414929,3.1428986359520366,6.368975637265265,13.20034751756549,6.831371880300225
2013-11-08,20.783690257688125,1,19.888814361415115,16.11731348791264,-3.7715008735024753,19.025864727740995,21.810017621722906,2.7841528939819113,30.2897465334199,23.778639495687386,-6.511107037732515,18.048298958941402,15.883092523865457,-2.1652064350759446,30.905034872404357,34.06889146619173,3.163856593787372,6.5443820922069875,13.044186950748639,6.499804858541651
2013-11-15,20.82265492341536,1,16.58249383189559,11.047276664884961,-5.535217167010629,19.411435284978865,22.300832556532626,2.8893972715537615,31.571540416515944,25.061633484886926,-6.509906931629018,20.46645300221155,20.00128909660647,-0.46516390560508114,31.07240686048992,33.3627103123316,2.2903034518416803,5.831600144400298,13.162187425249527,7.33058728084923
2013-11-22,20.885257676763725,1,15.267950487338652,14.61877660260852,-0.649173884730132,17.21938184725724,21.907231360218205,4.687849512960966,30.58238447146404,25.455705880730022,-5.126678590734016,24.66819196755229,18.054465818879393,-6.613726148672896,30.339040436356015,32.02478914101084,1.6857487046548272,7.2345968506141105,13.250577257135319,6.015980406521209
2013-11-29,22.046864923902074,1,18.872844660121032,14.371190730761313,-4.501653929359719,17.19560762374701,22.8358936784539,5.640286054706891,31.338692525338118,27.435580403429682,-3.9031121219084355,26.616596931382716,21.583525784598137,-5.033071146784579,30.087271452709643,31.792103067323694,1.7048316146140507,8.170176350113906,14.262895878845697,6.0927195287317915
2013-12-06,21.58028106838644,1,20.78480018578253,18.548708443394275,-2.236091742388254,19.733613882383054,22.251098890520453,2.517485008137399,27.563727765187664,26.548162246836355,-1.015565518351309,26.14689029813158,20.55122866091918,-5.595661637212402,27.18897686928925,27.725806982725203,0.5368301134359541,8.063677409544567,13.856681185923208,5.79300377637864
2013-12-13,20.717825453128317,1,17.64025476638983,18.706360011774933,1.0661052453851028,19.22859141211802,21.615544318324865,2.3869529062068437,26.402200157306467,25.501952123542964,-0.9002480337635035,25.83470941290446,16.903891956592062,-8.930817456312397,26.540064349903318,27.866861153650362,1.326796803747044,8.661132620147797,13.712343154884678,5.051210534736882
2013-12-20,20.976788349214093,1,18.650660149993627,18.56169513876803,-0.08896501122559641,23.27888528253291,25.60596158382775,2.327076301294838,26.892246822516242,25.310807575035582,-1.5814392474806596,19.072845551128495,13.682279146443037,-5.390566404685458,28.266429174304946,29.379215520862388,1.1127863465574421,9.699663114808331,13.320771130347737,3.6211080155394058
2013-12-27,20.5632194279131,1,17.70645416695831,16.553799108310216,-1.1526550586480937,23.74851509078114,25.252307206716296,1.5037921159351555,25.97486511160642,24.41047267737183,-1.5643924342345912,19.65835795082971,13.017207211664669,-6.641150739165042,26.953122406458178,29.339923347565716,2.3868009411075377,9.338001840844854,14.805607015849858,5.467605175005005
2014-01-03,20.805579725276665,1,17.758853443636767,16.205320990843404,-1.5535324527933625,24.744354410576108,26.890242835508715,2.1458884249326076,25.93000021986444,22.99837088328995,-2.9316293365744883,18.891845704283256,11.979840562779586,-6.91200514150367,27.91243023226434,30.512804306744073,2.6003740744797312,9.59599434103508,16.246898772494276,6.650904431459196
2014-01-10,21.550251021545847,1,17.75736227914132,18.149003394211206,0.39164111506988775,25.732718101991125,28.135557266457127,2.402839164466002,25.062834175988016,23.605768211194132,-1.457065964793884,23.807509319497925,13.07012550628751,-10.737383813210414,27.797506258638194,29.886838509954543,2.0893322513163497,9.14357599401852,16.454213241170578,7.310637247152059
2014-01-17,23.453176980289186,1,19.703104714444393,18.29884395254713,-1.4042607618972625,29.151440165620656,32.334026730178124,3.182586564557468,28.133335633148477,26.84132506595998,-1.2920105671884983,24.316781304988766,12.641540510236908,-11.675240794751858,28.841452815317453,31.829653805182303,2.9882009898648505,10.572947248215357,18.7736718176307,8.200724569415343
2014-01-24,22.996065453781984,1,19.23093474637244,19.300905540968174,0.06997079459573285,28.2792802084615,31.947473675586778,3.6681934671252776,28.43729309090149,26.34569604969434,-2.0915970412071516,24.410797836789357,10.55028660558456,-13.860511231204796,28.51407398454201,30.984891570818263,2.4708175862762545,9.1040128556251,18.847139280039755,9.743126424414655
2014-01-31,22.85086349943627,1,18.422557699721196,16.86808483966199,-1.5544728600592066,26.81491472776065,29.966621752784633,3.151707025023981,29.181227151925583,27.158518205805876,-2.0227089461197068,24.20295430539916,10.220705197339967,-13.982249108059193,27.935108040282486,31.56165036888305,3.6265423286005642,10.548419071528514,21.329600632142046,10.781181560613533
2014-02-07,23.131623472163255,1,17.968392594573615,17.337660102768297,-0.6307324918053183,30.272546909538576,31.270438609353164,0.9978916998145877,29.73318344009776,28.542084393099188,-1.1910990469985734,23.590516361991988,9.643866725827294,-13.946649636164693,27.44139388971503,33.904408368497556,6.463014478782526,9.783707637062534,18.09128263343399,8.307574996371457
2014-02-14,22.318901742552427,1,16.476316935394365,22.047445355837937,5.571128420443571,33.08545465815618,36.4326402011328,3.347185542976618,29.952671990371726,24.3854571949158,-5.567214795455925,23.47778178092304,8.262804228710138,-15.2149775522129,24.950520322320628,25.696752333253855,0.7462320109332268,5.970664768148623,17.088311141464047,11.117646373315424
2014-02-21,23.919585613107916,1,19.568426791523862,22.21127439447639,2.6428476029525285,33.763676988969024,36.03646830992021,2.2727913209511854,31.546448048216845,25.36378964233333,-6.182658405883515,28.101094814218555,8.84824295005484,-19.252851864163716,22.7626313094769,31.50214522394495,8.739513914468048,7.775235726242343,19.55559315791787,11.780357431675526
2014-02-28,23.299733355111197,1,20.481408157502656,22.626457444382595,2.1450492868799387,31.430186651747974,35.32518524452777,3.8949985927797997,30.146419250806673,23.80126557656942,-6.3451536742372525,26.705570376365614,7.810751254813468,-18.894819121552146,22.758419753144764,29.446322832865107,6.687903079720343,8.276395941099494,20.788417777508812,12.512021836409318
2014-03-07,24.91681840423637,1,20.298533209148275,22.530532917712776,2.2319997085645014,37.59476433598802,44.62013854974985,7.025374213761836,30.714199227131758,25.742354312337056,-4.971844914794701,27.311190852108027,8.648222490319156,-18.66296836178887,25.768999461286356,30.480689062967684,4.7116896016813286,7.8132233397557656,17.478973092331685,9.66574975257592
2014-03-14,24.356978487439033,1,21.48103020676608,24.156188414511647,2.675158207745568,36.60026441650085,40.72930054439438,4.129036127893528,28.61103108174676,24.636887619546982,-3.974143462199777,26.43875690395579,8.409926529025356,-18.028830374930436,24.23230185774601,31.984812498233765,7.752510640487756,8.778486457918689,16.224755318922064,7.446268861003375
2014-03-21,22.737204655803183,1,24.678365339784307,16.510553766452873,-8.167811573331434,35.396560378518274,40.41275669905784,5.016196320539564,28.363444492414004,22.77599540473159,-5.587449087682415,15.499054158466166,12.067448533350358,-3.4316056251158074,23.51484922789173,30.993236613420834,7.478387385529103,8.970954337744615,13.663236917805577,4.6922825800609615
2014-03-28,22.320210772846867,1,25.757506050928413,19.47380773815553,-6.283698312772884,35.34829700572776,38.185577293820344,2.837280288092586,28.26922135368467,21.109432391730195,-7.159788961954476,13.757108416171974,10.437562751603451,-3.3195456645685226,22.636264857497935,30.366213318156923,7.7299484606589886,8.152866953070458,14.348671143614766,6.195804190544308
2014-04-04,22.55627559214211,1,24.765675551258383,16.49441055343665,-8.271264997821731,34.87741087957983,37.3235588546454,2.4461479750655712,28.905921307854513,20.141414967192446,-8.764506340662066,13.310041178595185,13.019850977011814,-0.2901902015833713,22.881037903009272,30.263270043400993,7.3822321403917215,10.597566732555464,18.09514815716537,7.497581424609905
2014-04-11,24.244739649517225,1,25.027245049452063,16.169042800031733,-8.85820224942033,36.73448932566908,40.196464615497824,3.461975289828743,30.311268844004715,21.36372051733693,-8.947548326667786,14.824125979555802,13.798398220155107,-1.025727759400695,28.552255206758815,35.47184032193704,6.919585115178222,10.019053491662888,18.46897142214472,8.449917930481831
2014-04-18,23.965401954087366,1,19.29173432263744,10.396623633384678,-8.89511068925276,27.385946565140856,41.834878229841024,14.448931664700169,32.77891360171587,22.825490837926424,-9.953422763789447,19.856309307108035,15.155812020487417,-4.700497286620617,29.161650181702967,30.167673957812084,1.0060237761091173,15.317857746219047,23.411933045072573,8.094075298853525
2014-04-25,26.5267960410912,1,26.137570634840287,18.49929346214772,-7.638277172692568,29.4114609578306,37.08397584999473,7.672514892164131,31.87748799085962,29.300848654733414,-2.576639336126206,17.035617892737662,12.822127315397935,-4.213490577339726,36.918476813106146,47.06815640754227,10.149679594436122,17.780161957172893,14.386374556731127,-3.3937874004417665
2014-05-02,24.461655801963413,1,23.16146482095067,19.44126094616979,-3.7202038747808786,25.642854181138745,41.501521738473144,15.8586675573344,29.680198526364208,21.4828027753027,-8.197395751061507,13.559835947238327,11.71854910726671,-1.841286839971616,34.204894336542736,35.657952969849305,1.4530586333065685,20.520686999545788,16.96784727471882,-3.552839724826967
2014-05-09,23.53951425903756,1,20.992746723706844,18.91313455223839,-2.0796121714684546,23.93999372891564,40.97471021880416,17.034716489888524,26.063863445845854,17.879929675707828,-8.183933770138026,12.151305691690808,9.979293556369555,-2.1720121353212534,37.35373840564455,33.81366148663663,-3.540076919007916,20.73543755842168,19.676356064468806,-1.059081493952874
2014-05-16,22.654959785680933,1,21.42850075799963,22.5279833036753,1.09948254567567,24.085743583667494,39.31417964394906,15.228436060281567,26.238385020354897,16.823201388018802,-9.415183632336095,10.122149528317834,7.339913403373686,-2.7822361249441485,32.39062409476706,33.93523462619379,1.544610531426727,21.664355728978677,15.989246348874985,-5.675109380103692
2014-05-23,22.071512735260512,1,20.934285491297643,19.968075250035454,-0.9662102412621891,22.538194630799424,37.25824396076062,14.7200493299612,24.72273384193501,17.92722786872916,-6.795505973205849,9.19919124796975,7.553662684527609,-1.6455285634421415,33.311330197777664,35.18590640999814,1.8745762122204752,21.72334100178358,14.535960237512114,-7.187380764271467
2014-05-30,21.779975683203492,1,20.392409595115723,18.06053001593881,-2.3318795791769134,23.14447082872134,38.48504251137827,15.340571682656929,22.893507169105135,17.85746655344073,-5.036040615664405,9.145450297128178,7.011294068126162,-2.1341562290020164,32.459165312826755,33.11438388736413,0.655218574537372,22.644850896323817,16.15113706297285,-6.4937138333509665
2014-06-06,21.31033465018878,1,19.220526992419593,15.72940244923248,-3.4911245431871123,23.82466861577744,38.22982387415421,14.405155258376766,24.23206544247637,20.513237883813247,-3.718827558663122,6.6037727737355425,6.501163120073812,-0.10260965366173025,31.85859579086923,32.00344492518428,0.1448491343150522,22.122378285854495,14.884935648674713,-7.237442637179782
2014-06-13,21.852517029042286,1,18.978657597334333,16.731998412405645,-2.2466591849286885,22.553965327018076,35.05459049026335,12.500625163245275,25.011729270016303,20.587715152218237,-4.424014117798066,7.7381240170885945,8.711922096883313,0.9737980797947188,33.08580261896242,34.082051324056366,0.9962487050939473,23.746823343833995,15.94682469842681,-7.799998645407186
2014-06-20,21.991634739536114,1,21.107518260490437,20.041292274243588,-1.0662259862468488,22.389906293543106,33.013184771190595,10.623278477647489,25.489741255740824,20.852644890067452,-4.637096365673372,7.899445620966517,9.888823408340755,1.989377787374238,33.55911224087893,31.562003487009278,-1.9971087538696537,21.504084765596872,16.59185960636505,-4.912225159231824
2014-06-27,22.200708698271637,1,21.29405279548645,20.857671241526404,-0.43638155396004663,22.96621603053123,32.61740414648136,9.651188115950134,25.45554111375735,20.234488724732557,-5.221052389024791,7.569123773666149,10.359624000160736,2.7905002264945864,33.802626059499616,31.870343823510808,-1.9322822359888079,22.116692416689006,17.264720253217945,-4.851972163471061
2014-07-04,23.12863175156046,1,21.340155300874258,22.57760865389355,1.2374533530192906,24.433126419721333,34.09426843893563,9.661142019214296,25.266882561574917,19.14693395756221,-6.119948604012706,10.422543774560879,12.540724322051602,2.1181805474907236,34.666583586645615,32.568178588465415,-2.0984049981802,22.64249886598573,17.84407654845431,-4.7984223175314185
2014-07-11,23.030559942598245,1,21.451332376411415,23.117552257025693,1.6662198806142783,22.338576849157278,32.08860560545969,9.750028756302413,26.13943912949111,20.188266217161512,-5.951172912329596,10.374790442917956,11.088242415838565,0.713451972920609,35.78978928195639,34.69418670697104,-1.0956025749853495,22.08943157565531,17.006506453132957,-5.082925122522354
2014-07-18,22.530587680095845,1,22.251364793942656,24.92228232217849,2.670917528235833,21.428236193135703,30.36108712548362,8.932850932347918,24.76128460063545,18.606435029805226,-6.154849570830223,10.792055898852965,11.593701840397827,0.8016459415448622,35.55732276617037,34.25564660408649,-1.3016761620838793,20.393261827837904,15.444373158623392,-4.9488886692145115
2014-07-25,24.23790412833962,1,22.697869796820825,28.892185734920005,6.19431593809918,21.721815027587212,30.50183624532697,8.780021217739758,27.456659976704415,20.433123595127185,-7.02353638157723,15.730652767536284,12.860905060982446,-2.869747706553838,36.96864425654203,36.94047067729091,-0.028173579251117076,20.851782944846946,15.798903456390164,-5.052879488456782
2014-08-08,21.286952155657517,1,20.229977416485767,19.730755135891314,-0.4992222805944522,18.897342852994697,30.449292811205055,11.551949958210358,22.0539379318044,15.0243310085107,-7.029606923293699,9.722545755141255,11.285775882904673,1.5632301277634184,34.1931036089248,31.17923974886564,-3.0138638600591605,22.62480536859418,20.05231834656773,-2.5724870220264506
2014-08-15,22.112800459091442,1,20.856420858071758,18.5611783245635,-2.295242533508258,19.159414983333278,34.5972530948663,15.437838111533026,23.826305722184614,14.28859260533956,-9.537713116845055,10.135460656235153,13.03651683763296,2.9010561813978057,33.30010005793976,30.903877114157595,-2.3962229437821634,25.399100476784085,21.28938477798873,-4.109715698795355
2014-08-22,22.113492015613705,1,20.838974820690623,18.872330196499874,-1.9666446241907494,20.1318234880181,33.93539623921765,13.803572751199553,23.264237243802043,13.703391855362284,-9.560845388439759,10.836587461597787,13.382438226237241,2.5458507646394537,32.08741318824228,30.971139695901016,-1.1162734923412643,25.521915891331403,21.81625588046417,-3.705660010867234
2014-08-29,20.824503798951742,1,18.14476928574892,13.742064614550785,-4.402704671198137,17.575919753750952,34.39760646687304,16.82168671312209,20.98276325764168,12.897963998792136,-8.084799258849543,11.311035719276461,14.946718204800916,3.6356824855244554,30.751896581527646,25.85907909600499,-4.892817485522656,26.1806381957648,23.10359041268859,-3.0770477830762104
2014-09-05,18.063980219137488,1,16.44012050270372,13.47811546082852,-2.9620050418752015,14.510087309846114,25.970824720076664,11.46073741023055,19.121163176295653,14.91332208834686,-4.207841087948793,10.215104235878911,9.933467055257452,-0.28163718062145904,26.44831825197477,26.407333520278257,-0.04098473169651129,21.64908783812575,17.680818470037153,-3.968269368088599
2014-09-12,18.495188249901283,1,15.182405326597888,11.881270556969127,-3.30113476962876,14.54238244783862,25.747086192399564,11.204703744560945,20.906138544414716,19.1683982518436,-1.737740292571118,12.800415137791006,12.255046943840412,-0.5453681939505941,25.026372439631714,24.734504451280586,-0.2918679883511288,22.51341560313375,17.18482310307438,-5.328592500059372
2014-09-19,20.03271970460971,1,14.289044273670498,11.441216302420244,-2.847827971250254,19.702133251888185,29.797294595752746,10.09516134386456,24.903557583936248,20.62221998457919,-4.281337599357059,14.006406139102168,15.674943873262748,1.66853773416058,25.198926584099965,27.40468373447959,2.2057571503796254,22.096250394961203,15.255959737163735,-6.840290657797468
2014-09-26,20.002109768592042,1,17.902001267935702,10.756799726663985,-7.145201541271717,18.74774257487745,40.49160983503293,21.743867260155483,24.076370562630984,18.471510753953226,-5.604859808677759,13.662291103017822,15.138411875028439,1.476120772010617,23.986639100688663,21.79591188497875,-2.190727215709913,21.637614002401634,13.358414535894909,-8.279199466506725
2014-10-03,19.00522388165343,1,20.39722536987152,11.438486021380655,-8.958739348490866,14.086132820130274,40.99333288951016,26.907200069379883,20.587939024480605,14.87047482230416,-5.717464202176444,13.410301827564567,13.984415895492802,0.5741140679282353,22.67830444563478,20.52052815867799,-2.157776286956789,22.871439802238825,12.224105502554778,-10.647334299684047
2014-10-10,18.642725772720997,1,20.041329992387233,10.757100104071782,-9.284229888315451,13.497013633806901,33.317656534259214,19.820642900452313,18.40329837467364,14.948150262964802,-3.455148111708837,15.056072321842095,17.365664559091897,2.3095922372498023,21.856220409522976,21.161525115621146,-0.6946952939018303,23.002419904093145,14.306258060317134,-8.69616184377601
2014-10-17,16.91671627437809,1,19.29023729207063,8.550105140951274,-10.740132151119354,12.471394495414131,31.263815478303798,18.792420982889666,19.326336801128946,14.851952976556731,-4.4743838245722145,12.669297419929777,15.095967128393468,2.4266697084636917,21.410584262687607,21.321927275156597,-0.08865698753101015,16.332447375037447,10.416529646906667,-5.915917728130779
2014-10-24,17.65164421115655,1,18.968339188003895,9.806768089066452,-9.161571098937443,13.269681863352119,32.852089584823474,19.582407721471355,20.423045105291166,13.595325409597834,-6.827719695693332,11.805170857925063,18.02416066986852,6.218989811943459,21.547880220706574,21.551487674564385,0.003607453857810583,19.89574803166049,10.080033839018654,-9.815714192641835
2014-10-31,17.95046415587194,1,19.42188897725157,10.508772542200575,-8.913116435050995,11.87642527822571,33.336604368839176,21.460179090613465,23.120643744000063,14.173437920573463,-8.9472058234266,12.703155775395501,20.460918043868702,7.757762268473201,22.52077406806302,20.747881278297797,-1.7728927897652227,18.059897092295785,8.475170781451965,-9.58472631084382
2014-11-07,17.698471087960446,1,19.887941508601045,11.591160514051182,-8.296780994549863,13.335308574959285,27.756848917442326,14.421540342483041,18.314229814297263,16.337463797253292,-1.9767660170439711,13.442496360419142,18.24768065563775,4.805184295218609,21.071657395765,23.49894109786834,2.427283702103338,20.139192873720944,8.758731545509747,-11.380461328211197
2014-11-14,18.25308923371784,1,20.877650791485664,9.688693215082353,-11.188957576403311,13.255262709637236,25.332373913882066,12.07711120424483,19.64526710472073,19.011920667490045,-0.633346437230685,12.799144964277957,17.79953698347471,5.000392019196752,20.795706859759548,28.11181783082553,7.3161109710659815,22.145502972425902,9.574192791552306,-12.571310180873596
2014-11-21,18.160797151775046,1,20.957352362801046,10.484071467265167,-10.47328089553588,13.721323163769114,23.3140562528435,9.592733089074386,20.729057145075146,20.248681570672787,-0.480375574402359,12.095056153141769,18.487949683139973,6.392893529998204,19.873545411737595,27.549518441124192,7.675973029386597,21.588448674125615,8.880505495604623,-12.707943178520992
2014-11-28,16.943443370902447,1,22.390879694528962,10.274575367198352,-12.11630432733061,11.89196024779666,24.071456580571834,12.179496332775173,18.587995425207396,19.974876035428267,1.3868806102208708,10.89127456526478,14.957351444393552,4.066076879128772,18.761674444602576,24.18688186185895,5.425207417256374,19.1368758480143,8.195518935963761,-10.941356912050537
2014-12-05,18.8572594857725,1,23.120181920671612,12.03592896019613,-11.084252960475482,14.871238268664328,28.534166597217933,13.662928328553605,19.204255799433128,21.028705936243682,1.8244501368105546,12.511702446383765,15.191695334106313,2.6799928877225483,24.912978405646697,28.99809959521022,4.085121189563523,18.52320007383547,7.354960491660705,-11.168239582174763
2014-12-12,18.10606916559656,1,22.15133250931568,11.332919535449662,-10.818412973866018,20.963460484493055,25.537665094705588,4.574204610212533,14.183026311276848,22.36929821135263,8.18627190007578,14.473002306836676,15.05721302030993,0.5842107134732544,22.34019488516428,23.79380330545017,1.4536084202858888,14.525398496492812,10.54551582631133,-3.979882670181482
2014-12-19,17.560785578496944,1,20.68288058609768,10.174141668871272,-10.50873891722641,18.404339966723597,20.102076276162663,1.6977363094390654,12.751713004852633,21.263374510381922,8.51166150552929,13.699698032818162,18.22298106876289,4.523283035944729,24.52378643983849,25.831770718315767,1.307984278477278,15.302295440651108,9.770369228487127,-5.531926212163981
2014-12-26,17.949635397144803,1,25.888591216914023,16.371651104600502,-9.51694011231352,16.38365854276779,23.694109372112806,7.310450829345015,12.196428668465302,18.343592610270193,6.147163941804891,12.37650415826468,17.217807563325835,4.841303405061154,27.08501588272125,22.002595065422952,-5.082420817298299,13.767613913735772,10.068056667136545,-3.699557246599227
2015-01-02,17.544274605316158,1,26.98014357684407,17.66814305089514,-9.312000525948932,16.528449441328306,23.558282628414943,7.029833187086638,11.414319426066413,17.48038260904336,6.066063182976947,11.581231854158446,16.042159067541974,4.460927213383528,25.059984475321173,20.185740140288758,-4.874244335032415,13.701518858178545,10.33094013571278,-3.3705787224657655
2015-01-09,17.173548467109615,1,26.809064062742507,18.012346623235075,-8.796717439507432,16.19033114058908,22.78735496232963,6.5970238217405495,10.571296139628586,17.025181998585225,6.453885858956639,12.14542282723481,15.629824529461175,3.4844017022263643,24.820589102533702,19.606706919661505,-5.213882182872197,12.504587529928997,9.979875769385075,-2.524711760543923
2015-01-16,16.911174214197825,1,26.878227446933167,20.289736126967824,-6.5884913199653425,17.195714839346337,22.0239528424315,4.828238003085161,8.850489859405926,15.155254692140673,6.304764832734747,12.923287742208998,14.197146003892954,1.273858261683955,22.989970249709344,19.14438552462508,-3.845584725084265,12.62935514758317,10.656570095128913,-1.972785052454256
2015-01-23,16.43603762829007,1,27.204953373912204,19.18977264990224,-8.015180724009966,15.192013256508744,21.21571532085487,6.023702064346125,9.233470201097475,14.547659305481162,5.314189104383686,12.157635145249245,15.962722345487677,3.8050872002384324,22.04859510146241,18.124602855176633,-3.9239922462857777,12.779558691510331,9.575753292837803,-3.203805398672529
2015-01-30,16.364675001293048,1,27.058145302693603,19.257193116581135,-7.800952186112468,14.570862885998665,20.743538576481413,6.172675690482748,9.353363434639903,14.239741801253885,4.886378366613982,12.248392430861685,16.256113267503352,4.007720836641667,21.77692297235859,17.76270979539703,-4.014213176961562,13.180362981205832,9.928753450541436,-3.251609530664396
2015-02-06,16.154817786983042,1,26.98347695062671,17.769084289348413,-9.214392661278296,14.97296838748207,22.09181910459732,7.118850717115251,8.314500728682148,13.86217124305253,5.547670514370381,10.896463421166942,15.727444699915736,4.830981278748794,23.020332374679796,18.79205361723477,-4.228278757445025,12.741164859260579,8.686333767749446,-4.054831091511133
2015-02-13,16.196248711487396,1,27.722997702234252,18.859415543742045,-8.863582158492207,14.578876584815177,19.815329349628584,5.236452764813407,8.333898535429299,13.603642460064705,5.2697439246354065,11.330757027549026,14.817263121790518,3.4865060942414914,22.54112364633079,20.177621003346886,-2.363502642983903,12.66983877256584,9.904220790351658,-2.765617982214181
2015-02-27,15.889072917037426,1,27.37123931869587,18.271034207964803,-9.100205110731068,13.833181038205012,20.127536271293266,6.294355233088254,8.238032348638981,13.577694024849947,5.339661676210966,12.1053935258318,13.900408586051185,1.7950150602193844,20.840016460513297,18.48788175611412,-2.3521347043991767,12.946574810339598,10.96988265595121,-1.9766921543883882
2015-03-06,17.02763821340916,1,31.43811853836128,19.888219006958195,-11.549899531403085,14.373628077498026,24.25291267881167,9.879284601313643,7.591755356054449,12.932825537680387,5.341070181625938,13.102098706798984,13.623231001048339,0.5211322942493553,20.59275788298295,18.47220592675197,-2.120551956230983,15.067470718759267,12.996435129204428,-2.071035589554839
2015-03-13,17.263532783998816,1,31.737858702734357,19.709212406221894,-12.028646296512463,13.343491670225859,24.63143402031845,11.287942350092592,7.726425710203685,11.592858300784428,3.866432590580743,13.988735328351652,14.540621975888456,0.5518866475368043,21.663315205551896,19.38190883275054,-2.2814063728013565,15.121370086925438,13.725161168029146,-1.396208918896292
2015-03-20,17.53726072280436,1,33.35767439917437,21.97627452746198,-11.38139987171239,14.030769840088979,20.225637161542934,6.194867321453955,6.987241420827459,12.747258861779954,5.760017440952495,13.412690330719059,16.393773520567308,2.981083189848249,22.06553774610937,19.984096755483336,-2.081440990626035,15.369650599906919,13.896523509990615,-1.4731270899163036
2015-03-27,16.38999177749831,1,33.00228068222182,19.093229374531347,-13.909051307690476,14.937870701725501,20.062014237516735,5.124143535791234,5.828037582423775,10.367767138186537,4.5397295557627615,11.771981507290704,16.360502795528646,4.588521288237942,21.169254299163555,19.567533379290836,-1.6017209198727187,11.6305258921645,12.888903739935799,1.2583778477712997
2015-04-03,17.044608641539334,1,32.862477500050375,20.308320299445825,-12.55415720060455,15.504691496268094,20.038708660323238,4.534017164055143,6.059237866860968,12.046994753444594,5.987756886583625,12.025471234285206,17.031655832762553,5.006184598477347,24.14056978235746,21.45824650124149,-2.68232328111597,11.6752039694139,11.383725802018319,-0.2914781673955815
2015-04-10,16.841481253849626,1,24.073546313674882,19.522285689329678,-4.551260624345204,18.04677691940134,16.169724856979826,-1.8770520624215123,5.21091359806681,10.3653915787376,5.154477980670791,17.58027313816504,25.170727803286425,7.590454665121385,24.27597106425104,19.399224887748943,-4.876746176502095,11.861406489538652,10.421532707015317,-1.4398737825233354
2015-04-17,13.880796762708847,1,14.158469570047686,12.210020162932679,-1.9484494071150067,17.13980218000067,11.687770526447451,-5.45203165355322,5.823484753467653,11.803196219488669,5.9797114660210156,14.318545267200648,25.4830520984264,11.16450683122575,21.822065605883964,12.44342674615389,-9.378638859730074,10.022413199652462,9.657314822803983,-0.36509837684847923
2015-04-24,16.153662209923855,1,14.70246313242069,12.271495557475902,-2.4309675749447877,17.506410475231164,11.46139912148297,-6.045011353748194,8.456291136486598,19.65960572247812,11.20331458599152,17.13386825730595,26.602492451508468,9.468624194202519,22.265309750371316,15.683088284942826,-6.582221465428489,16.857630507727407,11.24389212165481,-5.613738386072598
2015-05-01,14.41366852168801,1,20.71947985587586,16.90635176747233,-3.8131280884035306,12.653576199432464,6.593315856967621,-6.060260342464844,8.097360140274418,11.615062566906388,3.5177024266319705,9.272772499262487,21.227120990930544,11.954348491668057,21.952627084790265,18.0123613704978,-3.9402657142924653,13.786195350492562,12.127798577353374,-1.658396773139188
2015-05-08,16.219131797462104,1,21.553822213389623,16.42262873591214,-5.131193477477481,16.32379905417241,8.090336700315845,-8.233462353856567,9.772865810606774,11.999617956682954,2.22675214607618,9.28067522119045,28.837055716724237,19.556380495533787,25.329021301912007,18.435598618738553,-6.893422683173455,15.05460718350136,13.529553056398925,-1.525054127102436
2015-05-15,16.42009839419311,1,21.492862312019767,17.37403663977888,-4.118825672240888,17.018410178898847,8.446857260100316,-8.571552918798531,11.055765099367605,12.08379487426889,1.0280297749012846,9.437141095428117,26.2725008518119,16.83535975638378,22.408205662947353,17.704451264896463,-4.70375439805089,17.10820601649698,16.63894947430218,-0.46925654219479895
2015-05-22,15.761096176456489,1,20.031576451789917,16.645477997863225,-3.3860984539266923,14.780662687830883,5.735449459246922,-9.045213228583961,10.413847054241941,11.70022693926866,1.2863798850267187,9.114069274196027,26.061318961144295,16.94724968694827,22.678651993492096,18.41356108772362,-4.265090905768474,17.547769597188065,16.010542613492163,-1.537226983695902
2015-05-29,15.868428797591521,1,20.570559501486912,16.064734339241667,-4.5058251622452445,13.087760345415134,6.766325950385195,-6.321434395029939,12.108376114669895,11.805411800030626,-0.30296431463926865,10.263025468856299,27.39626751043008,17.13324204157378,22.046675781297253,18.151568023888174,-3.895107757409079,17.13417557382364,15.026265161573377,-2.1079104122502628
2015-06-05,14.273795888520718,1,17.380084629495045,12.956663460671763,-4.423421168823282,13.737724581309294,7.39370843907237,-6.344016142236924,12.802036136061886,10.448855397563037,-2.3531807384988497,8.114632106079625,24.855582068947058,16.740949962867433,17.89368961351866,14.334907223740359,-3.558782389778301,15.714608264659802,15.65305874112974,-0.06154952353006138
2015-06-12,12.806410486667835,1,13.150995373565834,11.179048170874296,-1.9719472026915383,14.190169886783437,8.024916945003199,-6.165252941780238,13.276061462702785,10.65739832713328,-2.6186631355695056,8.365331344750771,20.73136841562699,12.366037070876217,12.380077964065165,10.386880490283303,-1.993197473781862,15.47582688813901,15.858850571085924,0.3830236829469129
2015-06-19,12.334159551839917,1,12.179016830320293,11.864623315788876,-0.3143935145314174,15.82832461805512,9.053495656330327,-6.774828961724793,13.858020000810015,11.65439062739776,-2.203629373412255,8.207572769680155,21.91449008557808,13.706917315897925,13.187028428242428,7.9968300651929525,-5.1901983630494755,10.744994663931493,11.521127560751538,0.7761328968200445
2015-06-26,12.958412309972877,1,12.23566305388249,15.68289051372659,3.4472274598441004,15.954947201299163,7.412287061800654,-8.542660139498508,17.32523778017088,12.989998390976652,-4.3352393891942285,8.012479074690575,21.18199101104598,13.169511936355406,12.99871025915688,8.131866598513412,-4.866843660643468,11.223436490637269,12.351440283773982,1.1280037931367133
2015-07-03,12.547375179402279,1,12.121563488259099,13.821070430785568,1.6995069425264688,13.90547777991263,7.655122542885238,-6.250355237027392,18.172417810345422,13.171864103892318,-5.000553706453104,7.989034191696788,22.712075444683478,14.72304125298669,14.479830781925685,6.515708516566761,-7.964122265358924,8.615927024274043,11.408410037600348,2.7924830133263043
2015-07-10,12.44520248157648,1,9.843350164267761,13.907801773996198,4.064451609728437,13.869903574165534,9.3139705899398,-4.555932984225734,18.916449675384598,13.135600706327722,-5.780848969056876,8.373978218354225,22.923190996752396,14.549212778398172,14.16832238185647,5.617481876268556,-8.550840505587914,9.499210875430293,9.77316894617418,0.27395807074388756
2015-07-17,13.048655237463917,1,12.665646278477396,16.10139211571483,3.435745837237434,15.94697531657853,12.789341703005135,-3.1576336135733953,15.743318738804533,10.923347608501231,-4.819971130303301,10.165021597242657,24.743114097980055,14.578092500737398,14.117198149643528,4.215281342033876,-9.901916807609652,9.653771344036855,9.519454557548372,-0.13431678648848333
2015-07-24,12.977824862507092,1,11.426396940804594,15.716432037260518,4.290035096455924,14.303328927371709,11.455491556915007,-2.847837370456702,12.883146350138276,12.48699214681885,-0.3961542033194263,16.954958107882888,25.47840084243954,8.523442734556653,14.190560217990154,3.6765045302880566,-10.514055687702097,8.10855863085493,9.053128061320592,0.9445694304656627
2015-07-31,12.776030491382556,1,10.490221465784089,11.174730084259537,0.6845086184754479,14.292026909781711,10.673798776107944,-3.6182281336737674,14.718183087188535,12.61827641080788,-2.0999066763806553,12.51675890848746,30.465559302245012,17.94880039375755,15.908673590910027,4.330602269835538,-11.57807132107449,8.730318986143516,7.393216105039485,-1.3371028811040304
2015-08-07,13.036939531196014,1,10.963430754818134,12.115250234167789,1.1518194793496548,15.039081749841088,10.566240442135836,-4.472841307705252,15.668800399518005,12.847559954797276,-2.821240444720729,13.237214233146474,30.663493188799166,17.42627895565269,15.531387175118326,4.752864236297057,-10.778522938821268,7.781722874734058,7.276229130979004,-0.5054937437550535
2015-08-14,13.475687605979587,1,12.219222247000886,11.73925157614498,-0.4799706708559057,13.563454467484874,9.781409075182808,-3.7820453923020665,17.037856299641874,15.682129422484422,-1.3557268771574513,16.25923534440929,28.847304765067037,12.588069420657746,14.108284607970859,5.682013410638163,-8.426271197332696,7.66607266936974,9.122017386360156,1.455944716990416
2015-08-21,15.225045994680409,1,12.718755405241083,10.750103146172876,-1.9686522590682074,12.516876296435257,15.444399738366613,2.9275234419313563,18.76747088387266,15.297486059473286,-3.4699848243993756,20.39196020970543,32.563796843735545,12.171836634030115,19.946881545151925,6.8539145648243505,-13.092966980327574,7.0083316276761,10.4405756155098,3.4322439878337008
2015-08-28,14.067310406207428,1,13.22457604319142,11.206117327093764,-2.018458716097655,14.174096395359882,14.431599116039251,0.2575027206793692,19.1652706498472,15.605360097289207,-3.5599105525579944,18.21819815062466,24.952094416773036,6.733896266148378,13.580353919684072,4.316125642112567,-9.264228277571505,6.0413672785373365,13.892565837936758,7.851198559399421
2015-09-04,13.70734533492391,1,13.43548269403324,11.83617355576223,-1.5993091382710105,13.772386099006141,13.680459414096248,-0.0919266849098932,18.82381583248946,15.26977744471607,-3.5540383877733888,17.467209272878648,22.33629599732535,4.869086724446703,13.469562944558774,4.98805783482122,-8.481505109737554,5.275615166577197,14.13330776282234,8.857692596245144
2015-09-11,13.968960390653004,1,15.040377007408267,11.706409534785863,-3.3339674726224047,13.795602971292254,14.258844319443185,0.4632413481509303,18.535098458064382,15.462078425437909,-3.0730200326264736,18.056240041462985,21.820019227721986,3.7637791862590007,13.086035235611888,5.045705604089491,-8.040329631522397,5.300408630078252,15.520705232439596,10.220296602361344
2015-09-18,17.60237394285548,1,16.09193462352424,13.042548084323286,-3.0493865392009525,29.38781896672981,18.593080607282587,-10.794738359447223,15.962957430675146,17.7142940557776,1.7513366251024536,17.762526729986476,20.629955133278713,2.8674284032922372,18.630283986866047,9.286934192606594,-9.343349794259453,7.778721919351156,26.347431583864093,18.568709664512937
2015-09-25,16.77701710412567,1,19.99080155469329,16.85364287682485,-3.1371586778684417,14.55745886140717,26.809515588100993,12.252056726693823,22.15444097954608,14.267980224480624,-7.886460755065457,20.236595525280876,22.085254633055328,1.848659107774452,16.237280755898297,6.755601609419855,-9.481679146478442,7.4855249479282975,13.89010769287232,6.4045827449440225
2015-10-02,15.875748640293537,1,14.124492884795984,16.418234152035353,2.293741267239369,14.477248759461816,23.91582973860639,9.438580979144575,21.024617425438137,15.966864674392923,-5.057752751045214,20.055072420658163,20.08319915081502,0.028126730156856183,17.569019456681588,5.253279070386256,-12.315740386295332,8.004040894725534,13.617085055525308,5.613044160799774
2015-10-09,17.448413605519153,1,19.58149357951214,20.614902416213397,1.0334088367012555,15.645131665994185,22.299511861411162,6.654380195416977,23.29419285455846,18.749451684287024,-4.544741170271436,21.056161812674105,25.174980636958736,4.118818824284631,18.197702936742644,6.175432756502303,-12.02227018024034,6.915798783633377,11.676202277742263,4.7604034941088855
2015-10-16,17.991360947470675,1,21.78361423769651,23.89125536023748,2.1076411225409686,16.158753855268415,21.56328616028172,5.404532305013305,23.49564888603824,18.814385221526663,-4.681263664511576,21.884962664832898,25.61463136280284,3.7296686979699416,16.62882091951117,6.671082673103484,-9.957738246407686,7.996365121476813,11.393524906871846,3.397159785395033
2015-10-23,20.253341976160346,1,23.576462439094215,29.045154963284418,5.468692524190203,16.760910731674286,23.86851808116252,7.107607349488234,28.141452788922507,22.00176910243914,-6.139683686483366,22.622538111384756,24.740881457766378,2.1183433463816215,20.603945938705564,10.301913432980626,-10.302032505724938,9.814741847180741,11.561814819328973,1.7470729721482314
2015-10-30,22.328891880152025,1,25.77284699392189,29.97336332272846,4.200516328806572,18.918984178339343,25.781193408787814,6.862209230448471,30.534275493067824,26.74750223466775,-3.786773258400075,24.46315384198418,27.637541646358144,3.174387804373964,21.569297131364067,10.143515323049712,-11.425781808314355,12.714793642234838,13.690235345320318,0.9754417030854796
2015-11-06,21.32598756347711,1,24.34957956127262,28.3514641619427,4.001884600670081,17.55256924415805,21.917407151444735,4.3648379072866845,28.001713524061387,25.65924236122254,-2.342471162838848,23.990841366219797,29.68499483163353,5.694153465413734,22.260367365809714,8.877851586178224,-13.38251577963149,11.800854319341099,13.464965288440908,1.6641109690998093
2015-11-13,21.692217448627115,1,24.63235988975319,28.624160990640902,3.991801100887713,19.607634348598793,22.340372827846522,2.732738479247729,27.25745774853449,24.721888143793507,-2.535569604740985,23.648407775258974,28.90467160874867,5.256263833489697,22.79356613754493,10.08565695871846,-12.707909178826469,12.213878792072322,15.47655416201468,3.2626753699423574
2015-11-20,21.847633770607526,1,24.140115801925077,27.65489576413256,3.5147799622074842,22.54947834687451,23.605131064096184,1.055652717221676,26.865786344427647,24.06485419943907,-2.800932144988579,23.578416033857266,28.305739398628248,4.727323364770982,22.13706280130299,11.665974303055691,-10.471088498247298,11.814943295257663,15.789207894293426,3.974264599035763
2015-11-27,20.44984596277642,1,20.534035476999364,24.294608145622647,3.7605726686232828,22.1823528356027,35.07100508375255,12.888652248149853,28.897070276715354,17.785575365479204,-11.11149491123615,18.733345681760653,14.340273739321674,-4.393071942438979,20.45310882290991,15.959225909436043,-4.493882913473868,11.899162682670521,15.248387533046383,3.3492248503758617
2015-12-04,18.90477258232441,1,20.17250011841702,21.389545863528028,1.2170457451110082,19.425946990652932,33.9593583613247,14.533411370671772,26.982056175336822,16.656929016664336,-10.325127158672487,17.160442913362445,13.88209126822494,-3.278351645137505,21.034944037884017,14.114151832429712,-6.920792205454305,8.652745258293223,13.42655915177474,4.773813893481517
2015-12-11,19.360846123107496,1,20.632828566807518,23.15577429518646,2.522945728378943,20.332653102262384,34.39210744009684,14.059454337834453,26.59710863892002,18.452445551975003,-8.144663086945016,17.590775319818704,14.424350356891779,-3.166424962926925,22.392032147132397,14.171785549623579,-8.220246597508819,8.619678963703961,11.568613544871369,2.948934581167407
2015-12-18,20.018043534971152,1,20.98811291422203,23.361702481637266,2.3735895674152374,21.04861738143488,36.181612880578115,15.132995499143234,27.907307938856675,19.53729910688564,-8.370008831971035,17.864795181901385,14.05024995713434,-3.814545224767045,23.936945459455472,15.792588461235795,-8.144356998219678,8.362482333956478,11.184808322355764,2.8223259883992853
2015-12-25,20.915718306934455,1,22.15506793614773,25.96162969763506,3.8065617614873304,21.029341886701843,33.559273077399226,12.529931190697383,29.44554756646366,24.846029039632015,-4.599518526831645,16.66389180983063,13.014646912920085,-3.6492448969105453,25.107724134710224,15.658147167594294,-9.44957696711593,11.092736507752633,12.454583946426041,1.3618474386734079
2016-01-01,20.373054355720573,1,21.624958342240475,26.030687480875812,4.405729138635337,19.15339056760378,32.28168757252013,13.128297004916348,29.88088208978796,24.297975108314716,-5.5829069814732435,17.801883530068636,12.289146013742084,-5.512737516326553,24.055130121853622,15.463389115185336,-8.591741006668286,9.722081482768957,11.875440843685382,2.1533593609164257
2016-01-08,20.04765493052719,1,21.06470197473088,24.993567252833245,3.9288652781023643,17.32213393068909,33.38967243481831,16.067538504129217,30.720585898890974,24.249019316727185,-6.471566582163788,17.531698729049495,10.81313347115514,-6.718565257894355,24.22226487321997,14.112772837993361,-10.109492035226609,9.424544176582742,12.727764269635898,3.303220093053156
2016-01-15,19.5009726425444,1,19.515592015743778,22.481660216494376,2.9660682007505983,16.81410283128112,32.83517900945262,16.021076178171498,30.107667840907126,24.501289960026668,-5.6063778808804585,18.772048821105358,10.192320844787517,-8.579727976317841,22.177560672354517,12.093579964714664,-10.083980707639853,9.618863673874515,14.901805859790528,5.2829421859160135
2016-01-22,19.64940417833875,1,19.701613090553067,22.204605689303193,2.502992598750126,11.619632514939312,38.38751023229183,26.76787771735252,32.43352086628721,25.806357013894754,-6.6271638523924565,20.47852021393163,10.215471463109381,-10.26304875082225,22.175166695292106,8.260058459664066,-13.91510823562804,11.487971689029166,13.022422211769324,1.5344505227401584
2016-01-29,19.183245336526756,1,20.724385086578152,26.28705563789383,5.5626705513156764,12.177361102932636,28.855167809054677,16.67780670612204,26.988330246629303,25.822878562791757,-1.1654516838375457,23.38196458132998,12.4500436737476,-10.93192090758238,21.234520146802396,7.365541136761834,-13.868979010040562,10.59291085488806,14.318785198910831,3.7258743440227704
2016-02-05,19.70718701761144,1,19.868956848864585,26.062098762498024,6.19314191363344,13.169444159829908,26.065761532677726,12.896317372847818,26.3064410670123,26.271612910719014,-0.03482815629328684,22.626711028193995,15.649568234934009,-6.977142793259986,21.433343389535423,8.01591970269611,-13.417423686839314,14.83822561223242,16.17816096214375,1.339935349911329
2016-02-19,18.97901381240297,1,18.691106301497072,24.418286903366962,5.72718060186989,12.86373960070273,24.980810783216583,12.117071182513854,26.26808616677401,25.92134254183705,-0.34674362493696265,20.476294851645548,15.834753482693088,-4.64154136895246,21.36559416362755,8.146794816031331,-13.218799347596217,14.209261790170913,14.572094347272795,0.362832557101882
2016-02-26,18.996653147170054,1,19.061715946675434,24.535522392294112,5.473806445618678,13.259442587768348,24.38050444041322,11.121061852644871,27.19387917455721,28.074885720918758,0.8810065463615473,20.405378409744515,15.027407753424143,-5.377970656320372,20.783970031242518,7.6190696623411185,-13.1649003689014,13.275532733032307,14.342528913628982,1.066996180596675
2016-03-04,19.15173980508227,1,19.113339474088264,22.7975120385031,3.684172564414837,14.36627081561484,25.700808723367516,11.334537907752676,27.902202758698266,26.871915171117863,-1.0302875875804034,21.028226427252463,16.972659888398013,-4.05556653885445,20.38024793290711,8.603879691185085,-11.776368241722025,12.120151421932675,13.963663317922027,1.8435118959893515
2016-03-11,18.975947410875147,1,18.801998350819105,21.326208704659294,2.524210353840189,16.206869087954132,26.463185018015892,10.25631593006176,26.359739050272097,26.29163997787171,-0.06809907240038626,21.164584407335965,16.51044403220841,-4.654140375127554,19.773677861394688,8.508150404598737,-11.265527456795951,11.548815707474887,14.756056327896815,3.2072406204219277
2016-03-18,19.753186091527564,1,18.782473216055294,21.520729472517615,2.7382562564623214,17.832791964247463,22.64001999602955,4.807228031782088,26.693470256471315,28.95136908154555,2.2578988250742356,24.380466891424973,19.12718480899207,-5.253282082432904,21.365116312782376,9.896691767436963,-11.468424545345414,9.464797908183968,16.383121422643626,6.918323514459658
2016-03-25,18.898442596350158,1,18.419678299956985,20.74908320995857,2.3294049100015854,17.007176256712583,23.488713739322364,6.481537482609781,26.621094703992185,27.8707673985719,1.249672694579715,20.852637290914615,18.03955120071197,-2.8130860902026456,21.298873319126287,10.184955745350692,-11.113917573775595,9.191195707398293,13.05758428418551,3.866388576787216
2016-04-01,19.050242846459252,1,17.23188068535471,19.78154377904002,2.549663093685311,21.75280306008301,24.586908714655664,2.834105654572653,25.345803099379538,26.258317365158746,0.9125142657792082,20.5776509107299,18.883426583123722,-1.6942243276061788,20.261381230967004,11.372388499706332,-8.888992731260672,9.131938092241342,13.41887213707102,4.286934044829678
2016-04-08,22.6446284877758,1,24.93917776839264,30.740804205436845,5.801626437044206,24.707139013969567,21.20971658834202,-3.4974224256275477,31.38230961610971,39.28774764169994,7.905438025590229,22.317034770187263,20.15560473604984,-2.1614300341374246,20.732741212603685,11.00625346181819,-9.726487750785495,11.789368545391937,13.467644293308012,1.678275747916075
2016-04-15,21.842606817628035,1,22.72847049567659,26.614555882537886,3.8860853868612963,21.630221086904456,22.707509232665657,1.0772881457612016,30.955501675038164,37.26317157400169,6.307669898963525,24.329353105267586,19.290997895094463,-5.038355210173123,20.33448965632512,11.529905124544143,-8.804584531780975,11.077604886556287,13.649501196924305,2.571896310368018
2016-04-22,22.278779587730668,1,22.8871739245578,29.37955024749695,6.492376322939151,21.35350258480402,22.662704863642517,1.309202278838498,31.74287996963075,37.9044821352463,6.161602165615548,24.18891255559643,19.21485157359946,-4.9740609819969706,21.38758247993232,11.654176946854335,-9.733405533077985,12.112626011862702,12.856911759544445,0.7442857476817437
2016-04-29,22.6233502552883,1,22.91885311694692,29.439224005509942,6.520370888563022,19.854640531146245,20.778125583427865,0.9234850522816203,32.792913835953016,41.07487391053644,8.281960074583424,25.204851932973085,19.422063088541776,-5.782788844431309,20.825724582747085,9.890297954950455,-10.93542662779663,14.14311753196344,15.135516988763328,0.9923994567998875
2016-05-06,22.771137415344498,1,21.716252413239232,27.48308587089062,5.766833457651387,19.790888831121904,20.962924885597047,1.172036054475143,32.45611875774878,40.86164109602937,8.40552233828059,26.157241554602535,21.710509823918017,-4.446731730684519,20.558372995761573,9.6946761659229,-10.863696829838673,15.947949939592945,15.91398664970906,-0.03396328988388575
2016-05-13,21.862446274488263,1,21.010649751010064,24.812624630685264,3.8019748796751998,18.33918528621811,20.09787822491691,1.7586929386988004,29.742655984654746,39.34870639947336,9.606050414818611,24.02201139248102,19.98310804894085,-4.03890334354017,21.03421657992854,10.133757817343806,-10.900458762584734,17.025958652637115,16.798602525569407,-0.2273561270677078
2016-05-20,22.64579205179339,1,21.40652985812399,25.47948940607823,4.072959547954241,18.522813433975173,21.229720130874455,2.7069066968992814,30.570900292683334,42.35473852801054,11.78383823532721,27.131210185280437,20.94768785591131,-6.183522329369126,20.8538368393787,8.244742970061523,-12.609093869317178,17.389461701318695,17.618373419824238,0.22891171850554315
2016-05-27,22.81686494565641,1,22.62809908872424,28.807031163055584,6.1789320743313425,17.66880385285181,14.85601288461774,-2.8127909682340686,29.686285652174703,47.3394804867019,17.6531948345272,26.794778204962128,22.288278855923352,-4.506499349038776,22.58980356767806,6.540565337649994,-16.049238230028067,17.533419307547533,17.069820945989875,-0.46359836155765777
2016-06-03,22.487163264235235,1,23.05981872329278,27.46005060228174,4.400231878988961,19.114252363763327,14.66580255396903,-4.4484498097942975,28.39466616351099,48.13229734204553,19.737631178534542,26.424946513333055,22.88007951875872,-3.5448669945743347,21.135159047808912,7.24682193064227,-13.888337117166643,16.79413677370235,14.53792763771412,-2.256209135988229
2016-06-10,25.650801413973994,1,27.723313621096224,31.871683505223615,4.148369884127391,20.932442167441437,22.392669992310715,1.4602278248692784,35.04148416091016,55.51281254531776,20.4713283844076,29.16443218196703,25.253615677252526,-3.9108165047145036,22.63677458305318,6.214350526211348,-16.422424056841834,18.406361769375934,12.659676237528004,-5.74668553184793
2016-06-17,24.11934155244695,1,27.53181715464413,28.036986710053085,0.5051695554089548,20.239606040789923,21.74979827125219,1.5101922304622661,33.82353031336865,48.197535092445406,14.374004779076756,30.17705636544855,26.82404486681962,-3.3530114986289306,15.572730321230068,6.666490997641844,-8.906239323588224,17.37130911920036,13.241193376469496,-4.130115742730865
2016-06-24,25.0713787998189,1,30.234228411932676,34.84949533964334,4.615266927710664,20.01776760826654,20.113872160221305,0.09610455195476675,35.45742737602056,50.38966190442447,14.93223452840391,28.017893546038025,23.660949455482395,-4.356944090555629,19.392694023047966,7.308541029537125,-12.084152993510841,17.308261833607617,14.105752909604718,-3.202508924002899
2016-07-01,25.8953364979957,1,31.96965386723295,36.522074040711104,4.552420173478154,19.263894164704325,18.406019657078758,-0.8578745076255672,35.94034644819925,54.04400136674248,18.103654918543228,31.407524046629916,27.594140804917103,-3.8133832417128133,17.561126519782675,6.6940978325540925,-10.867028687228583,19.229473941425084,12.111685285970651,-7.117788655454433
2016-07-15,27.094279694722843,1,32.222142943436,36.06609390727648,3.8439509638404843,19.247001202670404,18.973905102777124,-0.2730960998932801,36.87445861382924,51.715207048980666,14.840748435151426,33.9337017846091,32.08425230576644,-1.8494494788426579,20.48574138813943,11.54105860320287,-8.94468278493656,19.80263223565288,12.185161200333468,-7.6174710353194115
2016-07-22,27.538348055397545,1,29.457196954589037,33.766119456055705,4.308922501466668,20.217765845316734,18.277585540232366,-1.9401803050843682,33.52969120101666,51.12015789792504,17.59046669690838,34.20970822255835,35.26276254597609,1.05305432341774,26.37577006697751,12.579525602038757,-13.796244464938752,21.439956041926976,14.223937290157295,-7.216018751769681
2016-07-29,27.71702192983764,1,30.9522157164092,35.68384437001146,4.731628653602257,20.316404834759425,19.925168647867565,-0.39123618689185946,33.411494237776964,46.44934940581716,13.037855168040196,35.31409736498851,35.99367228198096,0.6795749169924505,25.91127293754967,13.381032438422267,-12.530240499127402,20.396646487542057,14.869064434926429,-5.527582052615628
2016-08-05,26.643781004149485,1,29.04977302450196,32.53849033178743,3.4887173072854694,19.084619873972258,19.30342218157878,0.21880230760652353,30.56598919229448,42.668540199421244,12.102551007126763,35.77410682246655,38.19707750480916,2.4229706823426085,23.883078506382148,12.078742548004556,-11.804335958377592,21.505118605279506,15.07641325929572,-6.428705345983786
2016-08-12,25.778070833209597,1,26.533302441450672,32.413374187730625,5.8800717462799525,18.60425931397451,19.78068705714645,1.176427743171942,30.33136257595143,46.95705017714867,16.625687601197242,34.05413685731931,33.927371595746465,-0.1267652615728423,24.65232081116001,9.375360443323245,-15.276960367836764,20.493042999401652,12.214581538162108,-8.278461461239544
2016-08-19,28.043748333959098,1,26.11086152140821,30.16819983230711,4.057338310898899,21.844742791302878,22.10497481719554,0.2602320258926625,30.518908410476556,46.06089308561643,15.541984675139872,35.401197601802096,33.87972817252556,-1.5214694292765358,27.949735827273642,17.51974036677747,-10.429995460496173,26.437043851491197,18.52895372933247,-7.908090122158725
2016-08-26,28.665136920292195,1,27.116855046427673,30.99188802159412,3.875032975166448,22.332778462258986,22.625786503794515,0.2930080415355292,30.42187563361611,43.60427575950703,13.182400125890922,35.62804729112287,35.26453933545231,-0.36350795567055627,29.341997610538968,19.4286850141453,-9.913312596393666,27.149267477788555,20.07564688725992,-7.073620590528634
2016-09-02,27.746014447604765,1,26.956675629232365,30.41099660992697,3.454320980694604,22.196731372392478,21.93112698393047,-0.26560438846200896,29.85498259565506,42.69723088326532,12.84224828761026,35.602820211459985,35.619148134586624,0.016327923126638666,28.25896651319907,18.059326452006545,-10.199640061192525,23.605910363689617,17.758257621912676,-5.84765274177694
2016-09-09,28.11493730499315,1,27.474059435599287,29.453601921582774,1.9795424859834867,27.827652861019814,26.309864112477527,-1.5177887485422872,31.47372657472502,44.55009964014069,13.076373065415666,38.20736379425616,39.69306892800018,1.4857051337440197,26.159429803842684,16.94745303687887,-9.211976766963815,17.547391360515945,11.73553619087889,-5.811855169637056
2016-09-16,27.206058717998218,1,23.370454182667032,26.747485075600395,3.3770308929333623,27.300156308099076,25.933578120108677,-1.3665781879903989,30.654571998663968,42.84355424757729,12.18898224891332,38.10562591783055,40.10605795485645,2.0004320370259023,25.6251062803628,16.107865351871624,-9.517240928491177,18.18043762036588,11.49781155797487,-6.682626062391009
2016-09-23,28.71010865586902,1,29.410281557302568,31.521465834540024,2.111184277237456,27.76664712428223,29.225549678542166,1.4589025542599359,31.90346670096008,44.51033745543076,12.606870754470677,37.88829622890599,39.916154163313784,2.027857934407791,27.490857028651277,16.394893984629377,-11.0959630440219,17.80110329511197,10.692250818758012,-7.10885247635396
2016-09-30,23.73155759918082,1,24.566051086975293,22.104114579434693,-2.4619365075405995,20.262255574000278,22.210704363040804,1.9484487890405262,29.537780209101925,45.16550879309392,15.627728583991995,31.93916058958196,32.70810815352128,0.7689475639393208,22.166434881021402,10.849708264084299,-11.316726616937103,13.917663254404076,9.351201441909964,-4.566461812494111
2016-10-07,23.189813766832128,1,25.044237019731497,21.398566276972062,-3.6456707427594353,18.642898326185545,20.744326479419428,2.1014281532338828,29.633761293983312,44.652649542824264,15.018888248840952,32.47010643231445,34.21195433351744,1.7418479012029877,19.32628221571356,8.974010696006502,-10.35227151970706,14.021597313064404,9.157375272253091,-4.864222040811313
2016-10-14,23.730986244601286,1,24.850767625480856,21.15048377400781,-3.7002838514730456,18.79350916707618,20.7167148020433,1.9232056349671183,29.124927735828578,44.598973248902524,15.474045513073946,32.82884905015817,36.120194673922356,3.2913456237641867,21.728947319629214,10.338535405231312,-11.390411914397902,15.058916569434714,9.461015563500354,-5.597901005934361
2016-10-21,21.804623163976547,1,20.578985838913724,16.207965666448615,-4.3710201724651085,17.02678475108641,18.835082417154723,1.808297666068313,25.927424793951488,43.64277508170049,17.715350287749004,31.365391236456503,32.895141745184304,1.5297505087278012,20.11041510784537,8.92405676123515,-11.18635834661022,15.818737255605797,10.322717312135993,-5.496019943469804
2016-10-28,23.425693158762144,1,22.09192906558475,18.41214085060652,-3.679788214978231,23.62979003863454,25.625313060062552,1.9955230214280135,25.1529680323097,40.855055517360455,15.702087485050754,31.18540857657125,33.48605483165704,2.3006462550857947,21.44291305026917,10.107478459500086,-11.335434590769083,17.051150189203454,12.06811623338622,-4.983033955817234
2016-11-04,22.866565970518007,1,21.411508028861988,19.390922113091918,-2.02058591577007,22.753265999831584,22.05888476802602,-0.6943812318055649,21.332044001094687,39.55396587273536,18.221921871640674,31.065270250812745,31.91935039337956,0.854080142566815,21.198750918888877,10.082078275640853,-11.116672643248023,19.43855662361817,14.19419440023431,-5.24436222338386
2016-11-11,22.990878571083325,1,23.091881263676,21.54606496407054,-1.5458162996054625,22.338229772465397,22.724183605126683,0.38595383266128636,22.051641842946992,38.43244498376053,16.38080314081354,29.869928995896174,30.84484454456019,0.9749155486640149,20.675045219318562,9.628042236322301,-11.047002982996261,19.918544332196817,14.769691092659741,-5.148853239537075
2016-11-18,23.594203463583412,1,25.281243563631165,26.56375156995776,1.2825080063265943,24.50216671307787,23.29278750069514,-1.2093792123827285,19.832922287563832,33.59722756879566,13.764305281231827,30.606345385889398,31.863750517947253,1.2574051320578548,19.772594240119346,9.996282540411869,-9.776311699707477,21.56994859121886,16.251421083692804,-5.318527507526056
2016-11-25,24.608878956791543,1,27.246712435333876,31.65839475847652,4.411682323142642,25.132109767517534,23.83712692876111,-1.2949828387564253,22.66056739290589,34.32618127387049,11.6656138809646,32.560189435803295,32.116492144459315,-0.4436972913439803,17.516687363707078,10.059650981679724,-7.457036382027354,22.537007345481584,15.655427653502073,-6.8815796919795105
2016-12-02,23.588152473188174,1,22.852941289174566,25.193400070509554,2.3404587813349877,25.64349178631889,24.539557027488982,-1.103934758829908,22.429737298349266,35.704626735603654,13.274889437254387,29.979226531567363,29.283542485152665,-0.6956840464146978,17.17613215105031,11.78176891625499,-5.394363234795321,23.447385782668647,15.02601960411917,-8.421366178549476
2016-12-09,22.214961795583616,1,23.030493484059036,25.956832808254347,2.926339324195311,24.30306931707493,22.681107008446418,-1.621962308628511,21.050837088035067,30.594104922910958,9.543267834875891,29.121006248057554,27.864706840851653,-1.2562994072059013,16.437144386557478,9.61078665800602,-6.826357728551457,19.34722024971761,16.582232535032276,-2.7649877146853328
2016-12-16,22.749199631217113,1,23.60208280219348,26.68887618225358,3.086793380060101,26.37813131492544,25.133119357948786,-1.2450119569766542,20.288339993907712,29.79929164591536,9.510951652007648,29.642303903456025,28.03325598414382,-1.6090479193122036,17.583026170898393,9.797135089154793,-7.7858910817436,19.001313601921623,17.043519527886332,-1.9577940740352915
2016-12-23,25.349118679649365,1,26.256928063579934,28.290926746320466,2.033998682740531,33.16070675001636,31.08330257080607,-2.0774041792102906,21.405476435367206,28.375668200585608,6.970191765218402,35.420000341281366,34.86953409192675,-0.5504662493546135,16.035326861710246,9.85896426325418,-6.176362598456066,19.816273625941093,19.616316205003145,-0.19995742093794888
2016-12-30,23.753980896159202,1,24.19566863299623,27.78026823350025,3.5845996005040206,31.07232386062509,26.887338496889214,-4.184985363735876,21.694188630035754,29.998274465684077,8.304085835648323,31.99038490591768,32.27522091372886,0.28483600781117957,14.346332054390942,8.050535863692971,-6.2957961906979705,19.224987292989496,17.53224740345982,-1.6927398895296761
2017-01-06,25.356966703356715,1,25.267762327244768,27.898094370719065,2.630332043474297,29.49720342959546,30.833173251566635,1.335969821971176,23.0565842720669,30.047927603911106,6.991343331844206,38.05751379325778,32.91652322792932,-5.140990565328465,20.165069656262162,14.809512039662906,-5.355557616599256,16.097666741713212,15.636569726351297,-0.46109701536191494
2017-01-13,25.419097802099618,1,23.48814423109026,25.52488016240582,2.0367359313155617,34.14888452902122,37.15591503131151,3.0070305022902915,22.65774647105907,33.13742150505877,10.479675033999698,33.208005150377545,25.213290067494043,-7.994715082883502,22.757636503868255,16.41802673512548,-6.3396097687427755,16.254169927181337,15.06505331120205,-1.1891166159792874
2017-01-20,24.370765727846617,1,23.209845299259456,26.167346970280306,2.95750167102085,31.333234767597375,32.99807810174447,1.6648433341470934,24.22559779532523,29.559587355103304,5.333989559778075,32.01680226858255,23.356017128805547,-8.660785139777005,20.391591828600212,16.39023888725903,-4.001352941341182,15.047522407714908,17.75332592388706,2.7058035161721534
2017-01-27,24.32278004690413,1,26.300313501465666,30.549115246647872,4.248801745182206,31.373370995623077,32.433924577882635,1.0605535822595584,24.04004821842021,26.58301639819655,2.542968179776338,28.50727543742508,21.859040024658512,-6.648235412766567,20.602804886791105,17.90712595963545,-2.6956789271556545,15.112867241699632,16.60445807440375,1.4915908327041194
2017-02-03,25.039002014790828,1,26.470403220617314,29.903471526316338,3.433068305699024,31.97977168250094,32.97840588466825,0.9986342021673096,25.067663291894277,25.953030257957536,0.885366966063259,29.64284576490317,23.156304376163504,-6.486541388739667,20.796671066296028,18.52804870894407,-2.2686223573519584,16.27665706253326,19.714751334695237,3.438094272161976
2017-02-10,26.038023736788443,1,27.33167104209228,30.009233386194154,2.6775623441018723,31.229187905458872,33.48009706023633,2.2509091547774602,27.08592344681469,28.473504172371022,1.387580725556333,30.729072787510106,24.266529294643476,-6.462543492866629,22.343919037170735,20.35776749188406,-1.986151545286674,17.50836820168398,19.641011015401645,2.1326428137176663
2017-02-17,24.456815530978815,1,25.618046648439545,27.031923180448246,1.4138765320087003,28.99185841992893,30.16596323176823,1.1741048118392996,26.42752747591389,26.041555080680666,-0.3859723952332246,27.19998671314589,23.18306971102433,-4.016917002121559,21.170416444418606,21.424882547378147,0.2544661029595403,17.33305748402603,18.893499434573272,1.5604419505472436
2017-02-24,23.305743236011168,1,24.71758640991837,25.613475887614868,0.8958894776964996,27.552283308966196,27.953831790271707,0.401548481305511,26.901971310486857,26.16660496105466,-0.7353663494321978,23.236072135049582,21.156183087266797,-2.0798890477827854,21.246670997767524,22.842054739753223,1.5953837419856995,16.17987525387848,16.10230895010575,-0.077566303772727
2017-03-03,25.83829153943962,1,29.602768314424026,29.319687349610774,-0.2830809648132515,24.639838371517,21.986353805204672,-2.653484566312329,28.04640778631952,26.340736464281136,-1.7056713220383841,25.770097371072225,29.347366433470498,3.5772690623982726,24.18573736756595,27.2820950695625,3.0963577019965527,22.784900025738978,20.753510114508103,-2.0313899112308746
2017-03-10,27.657239703778526,1,34.32610518909456,29.37780220607759,-4.948302983016973,23.859890527549325,20.819716677685207,-3.040173849864118,28.595717661968195,26.781159477821802,-1.8145581841463923,27.41981765730273,33.55860670091322,6.138789043610487,22.00163385801116,31.498900643581294,9.497266785570133,29.740273328745175,23.90725251659201,-5.8330208121531655
2017-03-17,27.004425261242687,1,33.52220586209569,27.920013240879825,-5.602192621215863,22.905258058580543,21.6889540565476,-1.2163040020329419,29.247979641447287,27.64022435417212,-1.6077552872751681,26.60565995601405,32.13302030343178,5.527360347417726,22.91769481410124,31.39749232327617,8.47979750917493,26.827753235217315,21.24684728914866,-5.580905946068654
2017-03-24,29.569095962551472,1,34.52208599258816,30.00568497612774,-4.516401016460421,24.1286256559291,21.777264816797285,-2.3513608391318144,32.08784083131101,32.684346504632515,0.5965056733215022,26.22422298092023,31.85170685439688,5.627483873476649,30.592087560227313,39.44637603963996,8.854288479412645,29.859712754333017,21.649196583714428,-8.21051617061859
2017-03-31,30.79202172744806,1,38.366863693777816,36.95888316999449,-1.4079805237833227,25.484249541914195,27.02902238507633,1.5447728431621357,29.831013131572107,26.371646408781757,-3.4593667227903495,23.46377797628851,27.303883322659843,3.840105346371331,32.994164593426945,38.16026061582838,5.166096022401433,34.612061427708795,28.928434462347553,-5.683626965361242
2017-04-07,30.77695069974898,1,36.9508168662953,34.91081450277028,-2.0400023635250193,25.82060276067007,30.001989228393626,4.181386467723556,29.818298731405193,25.375075302300175,-4.443223429105018,25.902770306188742,28.46287178378961,2.560101477600867,33.55231248343715,39.63341767071364,6.081105187276492,32.61690305049743,26.277535710526536,-6.339367339970892
2017-04-14,29.509361717990213,1,35.220728334156334,34.348475743405544,-0.8722525907507901,23.95542399725882,26.390453199226897,2.435029201968078,30.232367820449724,25.154339158929915,-5.078028661519809,21.416123803762332,21.618675462889158,0.2025516591268257,35.59138615624089,43.11709665530256,7.525710499061674,30.640140196073162,26.427130088187226,-4.213010107885935
2017-04-21,30.4904755278874,1,37.99571001313033,38.710627020763816,0.7149170076334883,24.316067547257575,26.889067071458072,2.5729995242004975,29.873451601813613,24.50957358211211,-5.363878019701502,23.129765794970893,21.107741066472585,-2.022024728498309,36.68898374972727,44.91059834036726,8.221614590639987,30.938874460424714,26.81524608615055,-4.123628374274162
2017-04-28,31.51464732909392,1,38.29818684020802,38.73899481494104,0.44080797473301914,25.538553723743533,27.26581243549144,1.7272587117479077,31.930607002121988,27.308529944396824,-4.622077057725164,25.166087830635732,22.961488111393606,-2.2045997192421254,37.00927896894627,45.74470893217704,8.735429963230771,31.145169608907977,27.068349736163597,-4.07681987274438
2017-05-05,31.944223750289083,1,37.74826654762376,37.072102179739005,-0.676164367884752,30.662202470878228,33.105347719291615,2.443145248413387,30.625881671833554,24.644533221116617,-5.981348450716936,24.07465048111682,22.256187135787584,-1.818463345329235,37.3042084824336,47.69668397962986,10.392475497196259,31.250132847848533,26.890488266169783,-4.359644581678751
2017-05-12,30.562875469187663,1,35.85799569036456,32.574395817375475,-3.283599872989086,30.533004183727456,38.86807229087228,8.33506810714482,27.16833754177756,20.30335456106876,-6.8649829807088025,23.512362403084012,21.81308540059314,-1.6992770024908737,35.70560873625166,44.13197656180587,8.426367825554209,30.599944259920747,25.68636818341048,-4.913576076510267
2017-05-19,31.672981245613062,1,35.88733655230165,32.18275233123508,-3.7045842210665683,32.3452281602692,39.0675641216374,6.722335961368202,27.720971526447855,20.69937815955761,-7.021593366890244,25.649998604981292,21.16668780559128,-4.483310799390011,36.61230021375368,49.298553550869364,12.686253337115687,31.822052415924702,27.622951504787622,-4.19910091113708
2017-05-26,31.024138807141714,1,34.74018456598985,31.03395476944307,-3.706229796546779,31.44567077041731,37.74670272048044,6.301031950063134,26.065276521792427,19.346301290234194,-6.7189752315582325,23.05794154755516,18.61028173152286,-4.447659816032299,38.59896398442776,52.24819764502265,13.649233660594888,32.236795452667806,27.159394686147124,-5.077400766520682
2017-06-02,31.84926129263684,1,34.857998502260315,30.91731877622489,-3.9406797260354267,31.347790366964475,38.59667254820329,7.2488821812388124,26.510839263065748,20.198664711761694,-6.312174551304054,23.67030257544934,18.62421667145655,-5.04608590399279,40.846729978064666,55.19790902300608,14.351179044941418,33.861907070016485,27.560786025168497,-6.301121044847989
2017-06-09,31.201120845932923,1,35.65592959744541,30.052933143242498,-5.602996454202909,31.1791517136095,41.06005302493077,9.880901311321267,23.789210268944203,18.271764189853258,-5.517446079090945,26.477778132387883,22.479128899785337,-3.9986492326025456,37.17043997092327,48.69789070810933,11.527450737186058,32.93421539228727,26.644955109676346,-6.289260282610925
2017-06-16,28.38183849811752,1,32.047980172757875,29.958625738506697,-2.0893544342511774,27.025627496251744,37.65129985086567,10.625672354613926,22.241626846284447,19.361850287066304,-2.8797765592181435,22.1416314951109,16.302797835376126,-5.8388336597347745,35.76575541631412,42.47332367536332,6.7075682590491965,31.06840956198606,24.54313360152706,-6.525275960458998
2017-06-23,26.382386273603895,1,29.916546495282986,28.966701249565915,-0.9498452457170714,25.145472102720007,34.59500955558276,9.449537452862756,21.943059782326543,17.604375477453118,-4.338684304873425,18.877956713602785,12.730974405186544,-6.146982308416241,33.497317355690015,38.229695413200986,4.732378057510971,28.913965192001015,26.16756154063404,-2.7464036513669754
2017-07-07,26.62006732276524,1,28.94390820542064,28.135452287676372,-0.8084559177442685,24.938666597003362,34.43349514722789,9.494828550224526,22.74161085019223,19.451460620129197,-3.290150230063034,20.88524328077392,12.050598872739585,-8.834644408034336,34.75465923630492,41.56281249006207,6.808153253757155,27.45631576689638,24.086584518756354,-3.3697312481400274
2017-07-14,26.28602652802718,1,28.804565932202692,28.363666871895035,-0.44089906030765746,26.71178716440363,34.19437359437926,7.482586429975626,20.459455144695667,19.332067076553344,-1.1273880681423236,20.884043704532587,12.080778026902479,-8.803265677630108,34.5484584162045,40.366660806403544,5.818202390199048,26.307848806124028,23.37861279202943,-2.9292360140945988
2017-07-21,25.4192570098176,1,27.765834419578468,28.544203761496888,0.7783693419184203,26.541990021115026,34.876012743885354,8.334022722770328,19.855460620900317,15.99655287238609,-3.858907748514227,20.447701634675227,10.788024301747868,-9.659677332927359,33.592692403646055,39.243459839347466,5.650767435701411,24.311862958990503,23.06728854004193,-1.2445744189485737
2017-07-28,25.878236318219205,1,28.458839248475925,28.171405792016202,-0.2874334564597234,25.24726721889752,32.95813540470458,7.710868185807058,21.10621979465796,19.52025374811565,-1.5859660465423104,20.694405470061625,9.384242905645593,-11.310162564416032,34.606076468800424,41.60169971027614,6.9956232414757125,25.156609708421783,23.633680348557036,-1.5229293598647473
2017-08-04,25.998980875771746,1,28.4204484647788,27.82400894096473,-0.5964395238140696,26.21494053203162,32.573817951871646,6.358877419840027,19.6425459927965,18.344631585248592,-1.297914407547907,21.00581122567658,9.589268950724247,-11.416542274952334,35.27187526943193,42.315528364576394,7.043653095144464,25.43826376991504,25.346629461244873,-0.09163430867016586
2017-08-11,25.214265089178856,1,28.150040393823673,27.635468580311382,-0.5145718135122905,26.35672833605902,33.41667525148853,7.0599469154295065,19.36932437218931,17.52539160028435,-1.84393277190496,19.33202201093934,10.336457013709719,-8.995564997229621,33.07232530899263,37.52816211933322,4.455836810340585,25.005150113069163,24.843435969945915,-0.16171414312324828
2017-08-18,25.58184386505867,1,29.904671686599883,29.159986292696203,-0.7446853939036799,25.893251733764444,33.4621085969831,7.568856863218656,19.88084912976106,17.953430559583524,-1.9274185701775366,17.992045999633262,10.375502263148022,-7.616543736485241,33.495272656173185,36.73900146407179,3.2437288078986057,26.324971984420173,25.801034013869383,-0.52393797055079
2017-08-25,24.201417324676026,1,30.33898437885442,29.97740538887892,-0.36157898997549864,24.784921219224927,32.06443876737369,7.27951754814876,16.890247643360496,16.353252977770367,-0.5369946655901288,15.264163452453374,8.463526399348282,-6.800637053105092,30.542038786214974,33.05069547438832,2.508656688173346,27.388148467947957,25.29918494029657,-2.088963527651387
2017-09-01,25.015200707162155,1,34.23052393041657,34.59647762674268,0.3659536963261161,23.713064423780537,28.175120539330536,4.4620561155499985,20.590334571961918,17.26087342404412,-3.3294611479177973,15.436050443215194,9.384108360596613,-6.051942082618581,28.267616288980236,32.005620754919605,3.738004465939369,27.85361458461847,28.669003537339393,0.815388952720923
2017-09-08,23.03974731752794,1,29.78554232739728,30.533155750042795,0.7476134226455144,22.462518076957963,24.82551837599452,2.363000299036557,18.87679317106209,16.624092472972663,-2.252700698089427,15.718815566964338,10.337022612078911,-5.381792954885427,25.79477508862246,30.409000307965897,4.614225219343439,25.60003967416351,25.509694386112855,-0.09034528805065634
2017-09-15,23.461709362273325,1,30.28308209552253,31.3555710363092,1.0724889407866698,22.898007452984373,24.831206137021994,1.9331986840376203,19.30518710774288,17.240144984945175,-2.0650421227977063,17.551680132343165,11.169751144250512,-6.381928988092653,25.018137159276606,30.608735225195744,5.5905980659191385,25.71416222577038,25.564847645917297,-0.14931457985308327
2017-09-22,23.004337044997158,1,29.682298333248426,30.821056114033283,1.1387577807848572,20.976085816273226,23.408267239232316,2.43218142295909,18.63668798197412,16.654516906217452,-1.9821710757566677,19.3806760175123,12.965061546860255,-6.415614470652045,23.965196520761225,28.923002874558946,4.9578063537977215,25.385077600213634,25.254117589080707,-0.13096001113292743
2017-09-29,23.525774853598545,1,30.61872620609256,30.00726863657431,-0.6114575695182509,19.57427793218983,20.226136087271314,0.6518581550814844,17.55887256307075,14.837289649437466,-2.7215829136332843,23.77339857450316,14.338086017547212,-9.43531255695595,22.319169647144093,31.390499935626437,9.071330288482343,27.310204198590853,30.355368795134524,3.045164596543671
2017-10-06,23.687374844823143,1,33.88815904425647,32.53399427849277,-1.3541647657636986,20.435569089603817,19.86294013277373,-0.5726289568300871,16.42260160120911,14.75037168187086,-1.6722299193382497,23.24192138931447,14.494296726416778,-8.747624662897692,23.18995114066597,33.21637294434831,10.02642180368234,24.94604680388902,27.266273305036393,2.320226501147374
2017-10-13,23.349340941149176,1,31.909765882251904,27.280077555865546,-4.629688326386358,16.48725847171478,17.224901198353678,0.7376427266388959,20.408522837180243,20.11831310405374,-0.29020973312650256,23.817732097087088,13.497446739616109,-10.32028535747098,23.542688995825046,34.666514901981955,11.12382590615691,23.930077362835974,27.308792147023993,3.37871478418802
2017-10-20,21.97412309299146,1,29.04757921339585,23.88947629888932,-5.158102914506529,14.93575930847787,24.138824698458663,9.203065389980793,18.67018738187859,16.269376517041437,-2.4008108648371547,21.737226061622778,12.280965617888398,-9.45626044373438,23.262711327520933,31.499939480186995,8.237228152666063,24.19127526505271,23.76615594548393,-0.425119319568779
2017-10-27,21.9078518975345,1,27.633598142692634,21.917636692914925,-5.7159614497777085,14.708690015358727,22.96602745013189,8.257337434773163,18.539210356282354,15.172990671465996,-3.3662196848163575,22.371420546318618,12.603882931403561,-9.767537614915057,24.90207147029615,33.66651919551981,8.764447725223661,23.292120854258528,25.12005444377081,1.8279335895122841
2017-11-03,20.45864840775018,1,27.120589728593544,21.730672186294314,-5.38991754229923,14.22011083863569,20.986627167748566,6.766516329112875,18.283465535377516,14.81196320730399,-3.4715023280735267,17.253045018833433,12.52723724194233,-4.725807776891102,22.906137924927023,28.600823536365354,5.694685611438331,22.968541400133873,24.09456710684654,1.1260257067126673
2017-11-10,20.94593698270122,1,26.915463867490033,21.665872463175063,-5.24959140431497,14.01102838012011,22.878739719123004,8.867711339002895,18.07941861608755,14.082783848813762,-3.9966347672737896,17.523889695455154,11.519934095673634,-6.00395559978152,23.996433683108208,27.73283371933107,3.736400036222861,25.149387653946263,27.7954580500908,2.6460703961445375
2017-11-17,20.13572435381134,1,29.00533861286668,24.875415717983074,-4.129922894883606,10.7708520692929,14.871485973569406,4.100633904276506,18.343603025275755,14.482882877242119,-3.8607201480336357,19.055435980324617,12.080970727244122,-6.974465253080496,20.254279326303305,26.615285548128412,6.361006221825107,23.38483710880479,27.888305278700898,4.503468169896109
2017-11-24,20.716728450076346,1,25.946456790630762,23.70917973540564,-2.237277055225121,9.706295359143326,17.030063672799386,7.3237683136560605,18.483320973180824,13.241206701357498,-5.242114271823326,24.475755548622217,11.002482079936442,-13.473273468685775,21.192331465092508,28.140878303826327,6.948546838733819,24.496210563788438,31.17656020713281,6.680349643344371
2017-12-01,21.84740299835345,1,27.754931800131246,24.4649296310145,-3.2900021691167467,12.462308227432047,19.484625776244144,7.022317548812097,18.03892998300158,14.014581149613178,-4.024348833388402,23.145143656279203,13.678919029221305,-9.466224627057898,25.017608170443367,27.492254560691862,2.4746463902484948,24.66549615283327,31.94910784333571,7.28361169050244
2017-12-08,21.69323503771476,1,25.931901158295346,25.460184276644156,-0.4717168816511901,11.724095226749967,16.534930340243548,4.810835113493582,17.733279317450084,13.253147888661687,-4.480131428788397,24.776871530251242,12.2941292317862,-12.482742298465041,24.509907587994675,27.344778378198853,2.834870790204178,25.48335540554727,35.27224011075408,9.788884705206812
2017-12-15,24.760547555722056,1,29.243609403273368,34.085846407031156,4.842237003757788,10.434931194953208,11.943692634264693,1.5087614393114848,21.36923509339931,14.444740500574099,-6.924494592825212,24.930185381140532,11.413581553161592,-13.51660382797894,27.059942276134535,27.848839787710517,0.788897511575982,35.52538198543138,48.82658445159029,13.301202466158912
2017-12-22,25.68167355417712,1,29.70009672192343,39.78376058860654,10.08366386668311,13.587144909733354,14.949330327121913,1.3621854173885595,25.023202605505617,19.287456337664835,-5.735746267840781,24.49178307925756,10.059948104763379,-14.43183497449418,26.221114810934182,23.705382377440685,-2.515732433493497,35.06669919770857,46.304163589465375,11.237464391756802
2017-12-29,24.400761204892238,1,31.81444779590514,39.354060993176816,7.539613197271677,8.165145788205194,14.969503467788286,6.804357679583092,23.28445401928616,17.7243366675892,-5.5601173516969595,21.975939842945238,9.286725200758198,-12.68921464218704,24.994043108693347,22.365840986782615,-2.628202121910732,36.17053667431836,42.704099913258325,6.533563238939962
2018-01-05,23.49913927887503,1,28.358431846273973,34.45370372703053,6.095271880756556,6.636782295701664,18.211567141695554,11.57478484599389,17.244869092516367,12.123466490329179,-5.121402602187189,26.645197241258813,11.361936001429711,-15.283261239829102,27.657038111313923,25.411572745217796,-2.245465366096127,34.45251708618544,39.432589567547424,4.9800724813619865
2018-01-12,21.927477289538615,1,27.930641659464385,30.466463815084524,2.5358221556201386,7.912051942288983,19.041538558917424,11.12948661662844,13.655914860235399,10.997791260697895,-2.658123599537504,26.684892364200635,10.725280005685349,-15.959612358515287,24.641030898751197,22.95814759673098,-1.6828833020202154,30.740332012291077,37.375642500115504,6.635310487824427
2018-01-19,22.747115700338924,1,28.896171652246593,31.358241497704213,2.46206984545762,9.243479950126499,19.669492519208703,10.426012569082204,14.486996337568243,11.803412281038291,-2.683584056529952,25.898189593938795,10.263345270225344,-15.634844323713452,24.141010796975735,22.43660207341783,-1.7044087235579042,33.81684587117768,40.95160056043919,7.134754689261513
2018-01-26,22.506528590589014,1,29.218125112711974,30.483664332409532,1.2655392196975583,6.353230762534366,19.41515896228954,13.061928199755172,13.087774813055958,9.176118626583602,-3.9116561864723565,28.378550063862093,9.799037853568137,-18.579512210293956,22.998244658105023,23.803127278313525,0.8048826202085024,35.00324613326467,42.36206449036975,7.358818357105079
2018-02-02,21.935805693416295,1,28.824051270707955,31.461616924945588,2.6375656542376333,6.711676267459282,13.090857441031986,6.379181173572704,10.53501268099933,7.835421980494857,-2.699590700504473,29.810391856799598,9.642343083411362,-20.168048773388236,22.213446402672545,25.312621410875792,3.0991750082032468,33.520255681859055,44.27197331973818,10.751717637879125
2018-02-09,22.7463410884376,1,28.180633420594646,30.60754736711077,2.426913946516123,6.3666233755267,14.28341342764729,7.916790052120589,13.628851859814205,11.553755564693077,-2.075096295121128,25.260881214073848,12.234830705259313,-13.026050508814535,24.116288413277147,19.173396449340373,-4.942891963936773,38.924768247339046,48.62510301657477,9.700334769235724
2018-02-16,22.39516240783664,1,28.05827014217043,30.13968402828195,2.0814138861115197,8.822492560838256,18.194188900612758,9.371696339774502,11.029753532989687,11.058800664212868,0.029047131223180145,26.887249119422847,11.135067161077899,-15.752181958344948,23.05611958438145,20.020867482977792,-3.035252101403657,36.51708950721717,43.82236620985659,7.305276702639418
2018-02-23,21.79273442156391,1,25.894741083978786,24.591791400474733,-1.3029496835040533,9.83010479398898,18.509873034396875,8.679768240407896,12.875286671623158,15.959865997296447,3.084579325673289,28.125501924117827,10.860207148075759,-17.26529477604207,20.501591102067835,18.62544428205149,-1.876146820016345,33.52918095360688,42.20922466708812,8.68004371348124
2018-03-02,23.35827839373367,1,30.295130689140194,26.153431533565552,-4.141699155574642,13.029726245909814,17.666544931845607,4.636818685935793,10.688127570882727,17.17913395787788,6.491006386995153,31.4561615765152,11.297538120219315,-20.158623456295885,20.40488025055629,17.916613850902877,-2.488266399653412,34.275644029397796,49.93640796799076,15.660763938592964
2018-03-09,23.17465591075661,1,30.18043519550008,28.870522126617175,-1.3099130688829064,19.416126070757556,14.743159669544298,-4.672966401213259,10.921698084354517,22.198515716941984,11.276817632587466,32.42732578436775,13.78726864149479,-18.640057142872962,15.029111082896009,15.204222937612357,0.1751118547163486,31.073239246663746,44.24424637232906,13.171007125665312
2018-03-16,21.661601180016646,1,28.364920596902223,16.534725145436056,-11.830195451466167,16.34015835438693,19.227472233917084,2.8873138795301543,10.702227589241872,23.511560752481785,12.809333163239913,32.98839543059353,20.369983711743743,-12.618411718849785,13.484189645559226,12.869191940064184,-0.6149977054950426,28.0897154634161,37.45667329645701,9.366957833040914
2018-03-23,19.27917603895791,1,27.451472340273384,12.332923646682218,-15.118548693591165,14.699701469660852,19.193107931022695,4.493406461361843,11.082331448497612,21.623175828612844,10.540844380115232,28.02488905570921,17.25832957998412,-10.766559475725089,12.70571711801972,12.820780002304872,0.11506288428515177,21.710944801586677,32.44673924514072,10.735794443554042
2018-03-30,20.500089378784413,1,30.813637060535825,10.729356211199843,-20.084280849335983,14.211145575572246,23.684344826061277,9.473199250489031,14.244180317912992,22.771658798023736,8.527478480110744,27.788465131446614,16.785033650124817,-11.003431481321797,12.590074187433359,12.279885014988793,-0.31018917244456645,23.353033999805447,36.75025777230802,13.39722377250257
2018-04-06,18.737218135545685,1,26.09873872284639,12.980313460134624,-13.118425262711767,11.059733074777526,18.894609299778978,7.834876225001452,11.784105512946724,15.588008120809619,3.803902607862895,30.468410831384944,16.422023336585525,-14.046387494799419,13.861708994449202,15.556623350973979,1.6949143565247766,19.150611676869318,32.98173124499141,13.83111956812209
2018-04-13,18.34407502394623,1,23.866060576148698,11.59327714118082,-12.272783434967877,10.136565702054114,17.939839974439494,7.80327427238538,10.47350103404598,15.14462193264005,4.671120898594069,30.02593388169221,15.579613347052387,-14.446320534639824,15.247890952010266,15.667445154309604,0.41955420229933793,20.314497997726107,34.13965259405505,13.825154596328943
2018-04-20,21.783982033260674,1,27.46102677005952,13.760964119118398,-13.70006265094112,11.794339739001742,20.251752896326494,8.457413157324751,16.15724619595987,20.197609530962183,4.040363335002311,35.35891925148947,22.384938990917306,-12.973980260572162,16.56730709055674,18.69181713003428,2.124510039477542,23.365053152496728,35.41680953220539,12.051756379708664
2018-04-27,17.52836934014152,1,21.65760302914694,8.555948022423763,-13.101655006723178,11.897152886704234,18.44314734648735,6.545994459783117,9.419875024446071,11.515977232569298,2.0961022081232272,27.641961912705938,19.40974738963598,-8.232214523069956,13.910293489082491,14.928652026412749,1.0183585373302577,20.643329698763438,32.31674402332001,11.673414324556575
2018-05-04,17.53999574879617,1,22.3756104285266,11.086062902362258,-11.289547526164341,12.05877702154882,15.839773422368324,3.780996400819504,9.687826946670555,11.154962811916434,1.4671358652458792,25.830205963464394,18.458903512645207,-7.3713024508191864,14.61660106861109,13.67959142361984,-0.9370096449912495,20.670953063955565,35.020680419864945,14.34972735590938
2018-05-11,17.160279457687697,1,20.480737913648497,10.911871066526075,-9.568866847122422,11.026936756122723,15.451412882682163,4.424476126559441,9.978891291117009,9.848772492104814,-0.13011879901219459,25.927890683603522,18.869336947687714,-7.058553735915808,15.274851375947975,13.298534411626562,-1.9763169643214127,20.272368725686448,34.58174894549886,14.309380219812411
2018-05-18,15.532743352347474,1,19.334533749973446,8.774262877928024,-10.560270872045422,9.98950849550532,14.299152040787831,4.309643545282512,10.4297689792093,8.429359772401043,-2.000409206808257,24.043745684643625,17.574227920309568,-6.469517764334057,12.958577116094673,11.29347929729856,-1.665097818796113,16.44032608865848,32.82597820535979,16.38565211670131
2018-05-25,17.3669183607044,1,18.624514748045755,11.899414168913381,-6.7251005791323735,11.710635214957875,14.603434649048353,2.8927994340904775,9.537777484195061,6.834106982947247,-2.7036705012478137,26.348512137257472,19.700325646596568,-6.648186490660905,17.749020041100493,15.220359616725617,-2.528660424374877,20.23105053866975,35.943869099995254,15.712818561325506
2018-06-01,18.121910333574736,1,20.139874304075164,14.206032188293491,-5.9338421157816725,13.103218855429475,18.757199106346633,5.653980250917158,9.823004802684935,6.771175457357714,-3.0518293453272207,27.72631197829739,19.53017018907211,-8.19614178922528,18.00276737485943,16.67130955844685,-1.3314578164125805,19.936284686102027,32.795575501931566,12.859290815829539
2018-06-08,16.430004383955925,1,19.70688434151542,9.535166217761997,-10.171718123753422,11.416287758803378,17.44953992817166,6.033252169368282,9.233883075868917,6.202020402749881,-3.0318626731190363,24.175066309288354,20.640213357865235,-3.534852951423119,15.635944535846662,14.079507830063363,-1.5564367057832982,18.41196028241282,30.67357856712343,12.261618284710607
2018-06-22,19.850759748434175,1,18.025586173973963,13.606736018451855,-4.418850155522108,15.589002242412292,21.403105918917888,5.814103676505596,14.958073121849424,10.747529896814314,-4.21054322503511,27.571205177785245,20.835590953124566,-6.735614224660679,20.019454374896867,16.021287592162054,-3.9981667827348133,22.941237399687267,36.4903081111344,13.54907071144713
2018-06-29,17.267281556433833,1,17.075237804348788,11.412834265395588,-5.6624035389532,11.855842752266923,18.108562099379142,6.252719347112219,12.274161498683739,8.579251210995409,-3.69491028768833,24.935343423340612,22.500238456389496,-2.4351049669511156,15.595655586679541,11.685693451963758,-3.9099621347157836,21.867448273283387,31.31710985447954,9.449661581196153
2018-07-06,18.478077445860446,1,16.70724447871322,10.818831075460722,-5.8884134032525,13.565900416390903,18.14045662816217,4.574556211771267,8.73135458601159,6.1609788869877775,-2.5703756990238134,29.397217305762908,22.8514732814385,-6.5457440243244065,19.088254534237052,14.531764127719455,-4.556490406517597,23.37849335404701,38.3649606753941,14.986467321347092
2018-07-13,19.09931059012224,1,17.902521351002136,10.85437801695943,-7.048143334042706,16.887931612931084,18.59080683310998,1.7028752201788961,10.321912091756587,8.794157760276619,-1.5277543314799686,30.821342658445744,23.38156342321554,-7.439779235230205,18.347020313460646,15.133826661498404,-3.213193651962243,20.31513551313725,37.84113084567349,17.52599533253624
2018-07-20,19.01026937635748,1,17.14112012557767,11.776543411916165,-5.364576713661506,16.847393693726502,18.5566853367104,1.7092916429838994,11.77853365871782,7.7398017652176065,-4.038731893500213,30.740520978058868,22.852704597959686,-7.887816380099181,17.010864072382645,14.24126068931568,-2.769603383066965,20.543183729681374,38.89462045702534,18.351436727343966
2018-07-27,19.42161500202667,1,15.11516060718391,10.25189809550028,-4.863262511683629,17.502888887178585,17.876995496421657,0.3741066092430714,16.72820796703722,9.12803437742403,-7.600173589613192,31.535167821138387,23.30243358428288,-8.232734236855507,16.378206462093985,15.448270320351199,-0.929936141742786,19.27005826752793,40.52205813817997,21.251999870652043
2018-08-03,18.09674757741464,1,14.568184703153975,10.290775207072599,-4.2774094960813756,16.495279212492022,17.659929969355133,1.1646507568631108,12.999742042402616,9.464326917002623,-3.535415125399993,29.232517287438355,24.100923597098117,-5.131593690340239,15.480232526020515,13.867101933491483,-1.613130592529032,19.804529692980353,33.19742784046787,13.392898147487514
2018-08-10,17.053128643708334,1,12.765256488881533,6.677265215998503,-6.0879912728830305,16.195401910972606,17.043498571844395,0.8480966608717893,13.037033519490237,9.340745945374408,-3.6962875741158285,27.3517523021181,24.81181092338676,-2.539941378731342,14.625125400628747,14.788062429282547,0.16293702865380055,18.34420224015878,29.657388776363348,11.313186536204569
2018-08-17,17.07763180080119,1,10.95385605574954,5.178932201578405,-5.774923854171135,18.47382098364477,16.409525795566083,-2.064295188078688,16.713433905221052,17.12773006737801,0.4142961621569583,27.463854523112445,22.462541590247525,-5.00131293286492,12.717248440605985,16.126414061972994,3.409165621367009,16.14357689647335,25.160647088064138,9.01707019159079
2018-08-24,16.35090368519358,1,12.728970795488678,6.391704005719589,-6.337266789769089,15.50718080559436,17.770728506543875,2.263547700949516,11.226434022655909,16.765044826527372,5.538610803871464,28.446287708942563,21.902890030143382,-6.543397678799181,12.203576438015077,14.068729035927845,1.8651525979127683,17.99297234046489,21.20632570629941,3.2133533658345215
2018-08-31,15.554358206991163,1,13.833100191396,5.069476319488331,-8.763623871907669,14.497921325412776,14.656783460717264,0.15886213530448856,10.722231884725872,14.019867292196565,3.2976354074706933,22.650984217963014,27.421603301011288,4.770619083048274,11.18513707407594,12.71598724910234,1.5308501750264014,20.43677454837338,19.442431619431176,-0.9943429289422028
2018-09-07,16.460926720912198,1,10.879632098616085,8.278877164157322,-2.600754934458763,18.361134090375344,17.82864620582029,-0.5324878845550529,12.151947774792447,15.913701269845149,3.7617534950527016,20.7516863582981,23.998158471334662,3.2464721130365604,14.833165329418335,13.962429712644962,-0.8707356167733735,21.787994673972875,18.78374750167073,-3.0042471723021436
2018-09-14,15.551664932245274,1,11.229926691651656,7.189708428647151,-4.040218263004505,19.56234461063282,19.169164477896572,-0.39318013273624786,10.959779798560788,18.231234113473406,7.271454314912617,19.02896382164535,19.531119139615328,0.5021553179699794,12.553028419451138,13.996205886682233,1.443177467231095,19.97594625152989,15.19255754715698,-4.783388704372911
2018-09-21,15.446400628668597,1,11.732724387055839,7.229001891824026,-4.503722495231813,19.21234736170632,17.972177560644056,-1.2401698010622653,11.432402431825551,18.567453702379808,7.135051270554257,18.546056664831056,18.250799418908443,-0.29525724592261327,12.071856526883366,14.535197819983026,2.46334129309966,19.683016399709444,16.123773378272205,-3.55924302143724
2018-09-28,14.75812807466356,1,13.019862972070243,8.936931819402744,-4.0829311526674985,17.743892664413366,16.169784347149076,-1.5741083172642902,11.456679561001778,17.98113948632738,6.524459925325601,17.29193993769205,17.382495784873257,0.09055584718120713,9.270865741184409,13.150821944519407,3.8799562033349986,19.765527571619515,14.927595065709497,-4.837932505910018
2018-10-05,16.342217916333453,1,17.196103010023293,11.297045831792744,-5.899057178230549,18.700152233383506,17.003217947267302,-1.6969342861162033,12.166697181199382,18.440289831099506,6.273592649900124,18.004007429194715,16.9425193514263,-1.0614880777684164,9.897212387799314,17.776552739367034,7.87934035156772,22.08913525640051,16.593681797047836,-5.4954534593526745
2018-10-12,17.000169418348204,1,17.926441430204832,9.857945133277042,-8.06849629692779,18.806594744870964,18.946533958033513,0.13993921316254898,11.852289969085476,18.090579868056167,6.238289898970692,19.309252187891644,20.839587261450475,1.530335073558831,9.901293534437727,17.903881098157726,8.002587563719999,24.205144643598572,16.362489191114307,-7.842655452484266
2018-10-19,16.533143937018735,1,16.895413518052905,10.188216642857753,-6.707196875195152,19.840845719898567,18.156857779812526,-1.6839879400860411,11.180395803320579,19.290219152063898,8.10982334874332,17.96977339627766,19.301997307484328,1.3322239112066683,8.957717933963977,17.463410213930146,8.50569227996617,24.354717250598725,14.798162525963747,-9.556554724634978
2018-10-26,18.85097296689048,1,18.864329148857337,8.324507523858742,-10.539821624998595,25.336110451904617,21.672897012089763,-3.6632134398148537,12.174112971528189,19.623618130660702,7.449505159132514,20.58848835275886,27.27789959028587,6.689411237527011,9.046129768213163,18.0282780923376,8.982148324124438,27.096667108080723,18.178637452110237,-8.918029655970486
2018-11-02,19.177811238438895,1,17.626562020107215,9.30933102568413,-8.317230994423085,25.33338661306574,23.945926214761272,-1.3874603983044693,12.506288793127666,19.649413024039745,7.143124230912079,22.00903909655797,26.56236612557423,4.553327029016259,11.55110681436831,18.957559102557866,7.406452288189556,26.040484093406477,16.642271938016094,-9.398212155390382
2018-11-09,19.108868029392827,1,17.203978538658077,8.254051174495132,-8.949927364162946,26.649710613275175,25.39463892031982,-1.2550716929553545,11.287703311991194,20.103113882344402,8.815410570353208,22.195620447251216,25.917139093619397,3.7215186463681817,11.263015623940944,17.918260501070648,6.655244877129704,26.053179641240348,17.06600460450754,-8.987175036732808
2018-11-16,19.655757034766086,1,17.952488685327324,9.12279419605575,-8.829694489271574,27.950039917904363,24.729014930099524,-3.2210249878048387,11.340891516655574,21.365653554220742,10.024762037565168,22.307776540770405,23.963083019743934,1.6553064789735288,9.684089734122608,16.676007187594607,6.9919174534719986,28.69925581381625,22.07798932088197,-6.621266492934282
2018-11-23,20.047461187690065,1,16.86180513603783,9.238402475803653,-7.623402660234177,30.18975054136783,24.385858464239234,-5.8038920771285945,10.814124318925025,21.039227714039086,10.225103395114061,22.282495717146347,24.874623504003807,2.5921277868574606,9.144808654077536,17.73296922867594,8.588160574598405,30.991782758585813,23.01368573937866,-7.978097019207155
2018-11-30,19.612126182659782,1,16.822449298605335,8.36869615343248,-8.453753145172854,30.83007926389324,25.960939648760416,-4.8691396151328235,10.513890677104598,19.752934192457957,9.239043515353359,22.33800390952699,24.035558508983684,1.6975545994566943,9.093464543106094,17.592777439698494,8.4993128965924,28.074869403722445,21.96185115262564,-6.113018251096804
2018-12-07,19.091298467214845,1,16.63690936951285,8.509345670956307,-8.127563698556543,30.126801187772983,23.93190523467939,-6.194895953093592,10.572757664036232,18.44312545727584,7.870367793239609,23.830670214679614,27.17446227611974,3.3437920614401264,9.484584645241597,18.552277248531723,9.067692603290126,23.896067722045785,17.936674915726115,-5.95939280631967
2018-12-14,19.29101301301998,1,16.319281433848005,8.069716588004027,-8.249564845843977,30.62767640637918,24.676556737192783,-5.951119669186397,10.315999105241616,18.454812970237285,8.138813864995669,24.70167471199541,28.29223390073956,3.5905591887441517,9.774078501088738,18.54541365394128,8.771335152852544,24.00736791956693,17.707344228004956,-6.300023691561975
2018-12-21,20.358364454565613,1,21.574771754427758,12.01325066472998,-9.561521089697777,30.277966325796882,25.13657124339919,-5.141395082397693,10.010731213273871,17.2861944508725,7.275463237598629,23.852212545597084,27.09129868524782,3.2390861396507376,13.32014239475778,24.90010096642345,11.57995857166567,23.114362493540312,15.722770716720774,-7.3915917768195385
2018-12-28,19.87870447385723,1,20.754275868865363,12.428913747339394,-8.32536212152597,29.247737597683795,23.81209664861794,-5.435640949065856,11.2443760274017,18.156660360141075,6.912284332739375,22.083821524303218,26.1964484305161,4.112626906212881,12.682944217942918,23.5520734988648,10.869129280921882,23.259071606946392,15.12603415766408,-8.133037449282313
2019-01-04,19.945205419004196,1,21.287110038841462,13.181630321066734,-8.105479717774728,29.347104706370814,23.62322669679395,-5.723878009576865,10.899093868118527,18.835709144059095,7.936615275940568,21.63280092206253,25.996751128285496,4.363950206222967,13.29703667326362,22.99701821511107,9.69998154184745,23.208086305368226,15.036897008708834,-8.171189296659392
2019-01-11,20.42021429750191,1,22.090621959173745,14.37180217283094,-7.718819786342806,29.088041967555412,23.4750370143813,-5.613004953174112,11.378386129404774,19.68253724603042,8.304151116625647,21.71248534353643,26.64030048851859,4.927815144982162,14.099915454119767,23.289725351383268,9.189809897263501,24.151834931221345,15.06188351186698,-9.089951419354364
2019-01-18,19.219762990566384,1,21.171168088409686,13.192970945913942,-7.978197142495745,28.724408663246564,21.942627920874585,-6.7817807423719785,11.389053851553982,18.145371109976423,6.756317258422442,21.83873101728871,25.453405193705436,3.6146741764167274,12.412669260637827,20.26878007003502,7.856110809397194,19.78254706226153,16.31542270289289,-3.46712435936864
2019-01-25,18.42771052167934,1,20.881692849715705,12.142077662278922,-8.739615187436783,27.27079734202985,21.149011963824364,-6.121785378205487,13.492524694842544,18.437699171218554,4.94517447637601,17.998024961249712,22.744571101665457,4.746546140415745,12.357831002554306,20.50042794080896,8.142596938254655,18.56539227968392,15.592475290279808,-2.972916989404112
2019-02-01,18.572398678641477,1,20.946575900389803,11.702720645744918,-9.243855254644885,27.346425241215698,19.736681933014225,-7.609743308201473,13.514843053069399,21.51641593916466,8.00157288609526,18.37112733520881,23.281118019516114,4.909990684307303,12.602611574484627,19.189286850702572,6.586675276217946,18.652808967480524,16.008168683706415,-2.644640283774109
2019-02-15,17.302213511597966,1,19.18187365126778,10.390352171095287,-8.791521480172491,27.493173016446093,19.196856278325328,-8.296316738120765,13.342579560058127,22.97515432297223,9.632574762914103,15.498378407016332,23.73394494456477,8.235566537548436,10.951224322499058,17.368706021337744,6.417481698838685,17.346052112300413,10.148267331292502,-7.197784781007911
2019-02-22,17.46948811684684,1,19.00970494315851,7.078281904279692,-11.931423038878819,28.53198889678724,21.770838898665147,-6.761149998122093,15.243881032431872,22.14102275512397,6.897141722692098,16.58565674608677,22.41974265394812,5.8340859078613505,9.731432949553167,20.386737447166027,10.65530449761286,15.71426413306348,11.020305041898055,-4.693959091165425
2019-03-01,16.586947159978262,1,13.365423203350048,5.190026371409786,-8.175396831940262,28.55677751448134,19.710976618926665,-8.845800895554675,15.178042780692564,22.498185207214206,7.320142426521642,16.691823578349243,22.420100348212728,5.728276769863484,10.338539952539051,18.30623016504761,7.967690212508558,15.391075930457319,11.396164249058572,-3.9949116813987473
2019-03-08,16.098406985074472,1,14.08049323293315,4.105974415849005,-9.974518817084146,28.68187898698072,19.692281653788285,-8.989597333192435,14.37492815869716,20.47064462989843,6.095716471201271,16.978182750977496,24.04736058922363,7.069177838246134,9.262002425598666,17.56720382387479,8.305201398276125,13.212956355259635,10.706976797812672,-2.505979557446963
2019-03-15,17.290961423333027,1,14.532974112678886,3.962933232254258,-10.570040880424628,29.269447431687524,18.542324322294093,-10.727123109393432,10.634542363164442,21.355771541173297,10.721229178008855,21.814234615977824,28.369763089918166,6.555528473940342,11.295617183858624,21.262756401976233,9.967139218117609,16.19895283263085,10.252219952382148,-5.946732880248703
2019-03-22,15.31020782423645,1,14.77605035659532,3.5589644685622517,-11.217085888033068,24.425442435082303,18.07977816933355,-6.345664265748752,9.27362339108204,14.866780565314528,5.593157174232488,20.47066509045979,26.211389085704283,5.740723995244494,10.745816842482938,20.126181154911038,9.3803643124281,12.169648829716309,9.018153501593048,-3.1514953281232607
2019-03-29,14.97123008629553,1,15.548871464279358,4.2574944466763895,-11.291377017602969,21.31122124595096,13.14570498077643,-8.165516265174531,9.340839960464166,13.580846432847238,4.240006472383072,18.649340628949204,26.714636051921786,8.065295422972582,12.545440147071517,23.419297952044303,10.873857804972786,12.431667071057973,8.709400653507046,-3.7222664175509266
2019-04-05,13.575434874318228,1,17.467963050177985,7.742733787261898,-9.725229262916088,16.182907592636667,12.367265014811423,-3.815642577825244,7.174936645511778,13.926782653041982,6.7518460075302045,14.656058349688024,17.810649401428705,3.154591051740681,13.237087288042972,21.320296984463596,8.083209696420624,12.733656319851946,8.284881404901782,-4.448774914950164
2019-04-12,13.611112419725188,1,16.607859622927847,7.71813027238737,-8.889729350540478,16.10948671834001,12.576518182442229,-3.53296853589778,8.333861697318937,15.026111043803525,6.692249346484587,14.166616282239161,18.467517021807254,4.3009007395680925,13.076144608124025,19.873860851830642,6.797716243706617,13.37270558940115,8.004537146080168,-5.368168443320982
2019-04-19,14.032501705382566,1,19.00918960541682,8.260947218330983,-10.748242387085838,16.31684297139347,13.020353784875923,-3.2964891865175474,7.105984701261221,13.70073287404324,6.594748172782019,15.757212317290822,17.77768510016375,2.020472782872929,13.28585497243327,21.713751161869197,8.427896189435927,12.719925664499797,9.721540093012322,-2.998385571487475
2019-04-26,15.539668476154986,1,22.23676214547723,12.130055307639907,-10.106706837837322,16.30323584481164,12.907356561426298,-3.395879283385341,7.37955959969139,13.076441006635534,5.696881406944144,16.358686397272066,19.28961969789006,2.930933300617994,17.552125944987594,24.30076963826116,6.748643693273564,13.40764092469,11.53376864507699,-1.8738722796130105
2019-05-03,15.336842498146522,1,22.501080645804237,12.078628405574705,-10.422452240229532,14.739061389222186,12.540558730601006,-2.19850265862118,7.477191862253662,13.08004493088778,5.6028530686341185,15.291341063122886,17.368691534241506,2.0773504711186206,17.90496388199567,24.520628688934494,6.615664806938824,14.107416146480489,12.43250269863961,-1.6749134478408791
2019-05-10,16.39444698147793,1,22.829549928876958,13.491648336725547,-9.337901592151411,15.075991271336065,12.867115003031486,-2.2088762683045786,7.282420013671867,15.754751233468653,8.472331219796786,17.05689173591874,18.989361980622064,1.9324702447033246,20.37948023518736,26.409915287760498,6.030435052573139,15.742348703876587,10.853890047259313,-4.888458656617274
2019-05-17,17.018458584207252,1,21.972866783504628,15.6983082346227,-6.274558548881927,15.262295906551572,11.249214010242198,-4.013081896309373,7.483040390572484,17.9389329918895,10.455892601317018,18.375497579607327,20.356700344605855,1.9812027649985282,22.713522137046766,27.14734102444794,4.4338188874011735,16.303528707960737,9.720254899435275,-6.583273808525462
2019-05-24,15.697095858887215,1,19.32873270476881,12.195495441746246,-7.133237263022565,15.48640143603744,12.238741400256743,-3.2476600357806973,8.802616273587574,17.123249754197047,8.320633480609473,17.966976817691872,20.828771307141565,2.861794489449693,18.6420502525649,24.213275921955585,5.571225669390685,13.955797668672687,7.583041328026113,-6.372756340646575
2019-05-31,15.724095856350774,1,19.71021066893752,8.901416231129318,-10.808794437808203,15.09730674002067,14.237944907640639,-0.8593618323800314,9.43120100746954,18.808192293641596,9.376991286172057,18.23448302700467,22.67491807890002,4.440435051895349,14.263642058598265,21.091862217236553,6.828220158638288,17.60773163607398,8.630241409556504,-8.977490226517475
2019-06-14,12.551251921552621,1,15.709298938308535,8.499412680914048,-7.209886257394487,10.067742996626734,11.347225893620362,1.2794828969936276,6.285446614379978,15.981642020939844,9.696195406559866,14.419551829411887,18.404543657320175,3.9849918279082885,10.303425592126459,15.335898495274591,5.032472903148133,18.52204555846214,5.738788781246697,-12.783256777215442
2019-06-21,12.973751487671313,1,14.616639542561941,8.026709049891195,-6.589930492670746,11.998447371412155,12.78954489496276,0.7910975235506044,6.5605069777191005,15.40019571697323,8.839688739254129,15.810911830858672,20.8077284385227,4.99681660766403,11.340235031053226,16.23986683884823,4.899631807795004,17.51576817242278,4.578463986829746,-12.937304185593035
2019-06-28,13.22118603088173,1,18.645964907493337,9.361981735648698,-9.283983171844639,10.440137410346154,11.788226838679464,1.34808942833331,9.374592066470825,16.17966395457701,6.805071888106184,14.301258657150811,21.120610909672138,6.819352252521327,10.663915807871504,16.447236434955784,5.783320627084279,15.901247335957748,4.429396311757273,-11.471851024200475
2019-07-05,13.334968798862306,1,20.155960536673646,8.538873464779073,-11.617087071894574,7.832146265325136,10.115745508272838,2.2835992429477017,8.853284885065221,16.60323431197881,7.749949426913588,12.563787836939042,23.891040562986916,11.327252726047874,12.384276811438156,16.599381224930426,4.21510441349227,18.220356457732635,4.261537720225803,-13.958818737506832
2019-07-12,23.807574915634877,1,27.203642799427612,41.541500021243806,14.337857221816193,10.715281207280086,10.384709985474629,-0.3305712218054566,28.22826901650042,16.42582929589561,-11.80243972060481,15.599386498073542,16.627134357814484,1.0277478597409413,27.084038904032752,41.063003334023776,13.978964429991024,34.01483106849487,16.803272499356993,-17.21155856913788
2019-07-19,20.34932967899435,1,27.17773859626257,30.72457840614132,3.5468398098787475,9.85533939645184,10.641001681705646,0.7856622852538067,16.247143942924907,16.740287332342575,0.4931433894176678,14.757131308323054,17.668167884216473,2.9110365758934194,26.965317933946224,31.792690596094673,4.8273726621484485,27.093306896057513,14.529252173465409,-12.564054722592104
2019-07-26,20.493974680486343,1,28.070950388612587,31.238625477025238,3.1676750884126506,9.850898192329893,10.738159984309178,0.8872617919792845,16.277200668129836,17.272890475401724,0.9956898072718872,14.481480462932012,17.699379475519237,3.2178990125872247,27.31764469619283,30.77564161196632,3.457996915773492,26.96567367472089,15.239151058696365,-11.726522616024525
2019-08-02,20.617579253739724,1,29.073407202926305,31.70092069151511,2.6275134885888036,11.486515031781778,12.4184403407411,0.9319253089593218,16.415184481669158,17.36088732034129,0.9457028386721333,14.498117361048486,17.229621479577304,2.731504118528818,26.82806015253911,29.042580666014175,2.2145205134750654,25.404191292473513,15.953025024249385,-9.451166268224128
2019-08-09,21.217552864659844,1,30.47035483655948,32.43138583729784,1.961031000738359,9.862711762767404,10.455815186451318,0.5931034236839139,15.773747716167094,16.42581784308817,0.6520701269210747,15.750395645663374,18.02645100031998,2.276055354656606,26.952449301517476,29.125041534106444,2.1725922325889684,28.495657925284235,20.840805786695284,-7.65485213858895
2019-08-16,22.039187476426008,1,29.47657343176384,33.29813562310706,3.8215621913432187,11.685395393462429,11.430235941716987,-0.25515945174544186,16.489671131968407,17.678542195113593,1.1888710631451858,19.083493942825484,20.078863596694703,0.9953696538692185,26.90601126611037,27.832315450239662,0.9263041841292932,28.593979692425506,21.917032051684046,-6.67694764074146
2019-08-23,23.660286535603962,1,30.331700746862126,36.52638336715572,6.194682620293591,13.4358991577692,12.39636607396497,-1.0395330838042298,16.993821865863083,20.28570361744501,3.2918817515819256,24.395515691809706,22.254597767180783,-2.1409179246289227,27.713177029405443,28.999420877139983,1.2862438477345393,29.091604721914237,21.499247510737362,-7.592357211176875
2019-08-30,23.606356847659537,1,29.999597911009218,35.00766593797705,5.008068026967834,13.926186612967626,13.296653702968726,-0.6295329099989004,15.090486328272817,17.809934979986735,2.7194486517139183,24.754815257184134,26.109207051420697,1.3543917942365624,28.180411418025642,26.692918577725408,-1.4874928403002343,29.686643558497792,22.721760835878598,-6.964882722619194
2019-09-06,23.4864844604066,1,29.78454501983849,34.22232852376453,4.437783503926042,14.703115977786453,13.68195017648182,-1.0211658013046332,15.364300215479886,18.170215372010787,2.805915156530901,24.93078521786387,26.333104994821582,1.402319776957711,27.356000454245617,26.177461920766078,-1.1785385334795393,28.780159877225287,22.333845774594778,-6.4463141026305095
2019-09-13,23.041274795382563,1,29.656622192931195,33.8154567855768,4.158834592645604,14.021181559442397,12.802777055143338,-1.218404504299059,15.467803079773162,17.62348118857878,2.155678108805617,22.713096737792966,24.679359800361482,1.9662630625685154,27.509756110870896,27.084056063837465,-0.42570004703343045,28.87918909148476,22.242517878797486,-6.636671212687276
2019-09-20,25.112105447644335,1,30.903814287868613,32.06653181896915,1.1627175311005402,13.413372986998098,11.844344592353153,-1.5690283946449455,15.147876132395808,17.243070505108534,2.095194372712726,26.147124368818922,31.633307083498906,5.486182714679984,36.63113667183334,34.03570995182253,-2.5954267200108063,28.42930823795122,23.849668734113735,-4.579639503837484
2019-09-27,22.78313036672102,1,28.699569323423106,26.81941184503725,-1.8801574783858541,12.812510500174398,11.856996638473149,-0.9555138617012489,13.49484695392313,12.36334957490753,-1.1314973790155989,24.715953156821783,30.00832291855518,5.292369761733397,30.119088209472764,35.41007589737745,5.290987687904689,26.85681405651094,20.240625325975557,-6.616188730535384
2019-10-04,23.285426380698084,1,30.12848117644704,27.105484435367586,-3.022996741079453,12.423190853108693,11.255528417037794,-1.1676624360708985,14.095947855812469,12.427020114154416,-1.6689277416580524,23.691357235495673,30.383819289486127,6.692462053990454,32.06543646492224,36.94223693985725,4.87680047493501,27.308144698402373,21.598469088285327,-5.709675610117046
2019-10-11,22.703573912367574,1,29.415110716080846,26.420441558671797,-2.9946691574090494,11.610131473957708,9.97884461576487,-1.631286858192837,14.263694320245108,12.665477562534022,-1.5982167577110857,23.25730843410733,30.453417914191775,7.196109480084445,32.202109255288505,36.370652030226765,4.16854277493826,25.473089274525933,20.33260979281623,-5.140479481709704
2019-10-18,23.766612682495502,1,29.532577096960793,25.034071379906663,-4.49850571705413,11.498355576991614,8.682409347920029,-2.815946229071585,14.776763890018074,11.529483842611228,-3.2472800474068464,25.330245793360504,36.557372552673144,11.22712675931264,35.213275634496924,38.01012837790577,2.7968527434088486,26.248458103145083,22.786210593956156,-3.462247509188927
2019-10-25,21.194155435702964,1,28.473793729191172,25.861778324432308,-2.612015404758864,11.408931571081254,8.072174131133906,-3.3367574399473483,15.657438032470438,12.26830916321029,-3.389128869260148,22.72890619625936,27.304744746152522,4.575838549893163,27.22590416823526,34.59884011129381,7.37293594305855,21.669958916980292,19.059086137994967,-2.6108727789853248
2019-11-01,19.729183165178956,1,28.11007991991322,26.466141794159128,-1.6439381257540902,11.889520224362187,8.098596583134636,-3.7909236412275504,15.401583239635158,12.019462023463959,-3.3821212161711998,17.35083579821753,22.688250022576298,5.337414224358767,22.01565566748603,31.636648999056405,9.620993331570375,23.607424141459603,17.465999568683316,-6.1414245727762875
2019-11-08,20.3348707064836,1,26.398432714985105,25.499933748536208,-0.8984989664488978,14.784955861712973,9.759274403232652,-5.025681458480321,16.777887498795792,14.794667288919086,-1.9832202098767056,18.521243232491827,24.700392629150457,6.17914939665863,24.68866999576251,28.599442630556894,3.910772634794384,20.838034935153388,18.6555135385063,-2.1825213966470898
2019-11-15,21.33859308508686,1,29.25686382102343,27.808065045856935,-1.4487987751664946,15.205663116169177,11.84181449652175,-3.3638486196474275,18.127830384478457,16.54127250356079,-1.5865578809176668,18.55855231890783,23.795095259790585,5.236542940882757,25.380510509206218,29.421252350261113,4.040741841054896,21.50213836073607,18.62405885452999,-2.8780795062060776
2019-11-22,21.273305162878312,1,28.953386058380275,28.553379844755554,-0.4000062136247209,14.82695887836573,11.864936848594795,-2.962022029770935,18.969457297827788,16.630343157753003,-2.339114140074784,18.974825458144338,23.262278475195743,4.287453017051405,24.755138860595096,29.812626054841417,5.05748719424632,21.160064423956655,17.516266596129412,-3.6437978278272425
2019-11-29,22.239207394294493,1,28.806344680570888,29.151431718083884,0.34508703751299663,18.017646258769076,12.297829347618816,-5.719816911150261,20.387233982730393,18.614426751818428,-1.7728072309119653,18.805992496446365,26.208439510893626,7.402447014447262,24.965168735703955,27.952691023446974,2.987522287743019,22.45285821154627,19.21042601390522,-3.242432197641051
2019-12-06,22.395485746170166,1,28.91998679509645,29.97353335453566,1.0535465594392122,19.692881037885556,14.061495482818941,-5.631385555066615,19.573556415314115,17.50855278934064,-2.0650036259734748,15.25377227733631,27.536471420417058,12.282699143080748,27.495443636411977,26.557191333530724,-0.9382523028812528,23.43727431497659,18.735670096377916,-4.701604218598675
2019-12-13,22.91877210593512,1,32.39061725585839,32.47662258384149,0.08600532798310212,19.982137331810762,13.843954153498103,-6.138183178312659,19.837458168719948,17.538885951992427,-2.2985722167275213,15.162890702146584,27.078890606947823,11.91599990480124,26.05893372175541,23.800270617890718,-2.2586631038646914,24.08059545531964,22.77400872144014,-1.3065867338794988
2019-12-20,24.368355574736594,1,33.27156019754321,35.30157553108121,2.030015333538003,20.337962603253757,14.959983290090747,-5.37797931316301,22.733796088136884,19.99414931229066,-2.739646775846225,17.07963231403734,28.23698916350945,11.157356849472109,28.072766414548227,24.499757563486853,-3.573008851061374,24.714415830900137,23.217678587960606,-1.4967372429395311
2019-12-27,24.25079657286716,1,31.57917380501091,32.94554933955983,1.3663755345489221,22.028201422956897,14.785564322950222,-7.242637100006675,21.9587877807152,18.770790789830485,-3.187996990884713,17.670891443055623,32.574146339968834,14.90325489691321,28.205277034795216,23.681189086087784,-4.524087948707432,24.062447950669124,22.747539558805826,-1.3149083918632982
2020-01-03,23.34132729754025,1,30.591581723848492,33.632030938084384,3.040449214235892,24.473446716883856,12.733533140434758,-11.739913576449098,21.674452354991033,18.456331568422073,-3.21812078656896,15.938183025579022,31.83304982732858,15.894866801749558,23.299043544491184,20.230903440542605,-3.068140103948579,24.071256419447934,23.16211487042912,-0.9091415490188126
2020-01-10,24.429880485263414,1,32.415361243490224,35.836272975058776,3.4209117315685518,25.13342356851213,12.05211784061207,-13.081305727900059,22.19807698736865,20.241812572985722,-1.9562644143829289,15.998279070254767,31.462921599617985,15.464642529363218,21.402740071842103,20.618463790672152,-0.7842762811699515,29.431401970112617,26.367694132633773,-3.0637078374788445
2020-01-17,25.224154958681243,1,32.62068524880817,34.86134684721766,2.2406615984094884,26.468114028101624,14.108549879944889,-12.359564148156736,23.267073988100748,21.559714618572926,-1.707359369527822,16.73370128434904,31.714071259513616,14.980369975164578,23.585768258582974,22.631750210110596,-0.9540180484723777,28.669586944144925,26.469496936727765,-2.2000900074171597
2020-01-24,27.712283282348327,1,36.021098154880214,38.23983415729399,2.2187360024137774,27.401538103528154,14.789474265550098,-12.612063837978056,23.734606038212405,20.763200385242172,-2.9714056529702333,17.24904921275207,31.903314401953125,14.654265189201055,24.587644969630475,28.12766692181306,3.5400219521825846,37.27976321508666,32.45020956223753,-4.829553652849128
2020-01-31,31.149724776226424,1,39.437742335777806,41.13404195685629,1.6962996210784809,30.221797619756202,18.886567455896426,-11.335230163859777,28.277058772342983,24.69237913279227,-3.584679639550714,19.484291204302124,33.11108193804766,13.626790733745537,28.685518093800425,31.884175155591407,3.198657061790982,40.791940631379006,37.19010301817451,-3.601837613204495
2020-02-07,30.594211192471857,1,38.75681009884746,38.698104280735954,-0.05870581811150544,30.79722375112425,18.561104618921135,-12.236119132203115,30.287706072291627,27.091895968580914,-3.1958101037107127,18.95730454623343,33.57316770927446,14.615863163041027,26.71134202677436,32.16691445390266,5.455572427128303,38.05488065956,33.474080123416044,-4.580800536143954
2020-02-14,31.35601113445838,1,42.506864401603316,43.21908068637496,0.7122162847716424,30.497983936522843,18.83044236834081,-11.667541568182031,31.81481842799262,29.316463979739112,-2.498354448253508,18.380745524691918,33.7738459440631,15.39310041937118,26.930134610425426,32.25921346857426,5.329078858148833,38.00551990551415,30.737020359657947,-7.268499545856201
2020-02-21,30.979314575002135,1,40.33057487639672,42.53420112783078,2.203626251434059,30.97762859623198,18.411994111932984,-12.565634484298997,31.297767635934434,28.873924016827587,-2.4238436191068473,18.916150103044785,33.84392624875261,14.927776145707824,25.91422609828237,30.7194519858338,4.80522588755143,38.43954014012254,31.492389958835055,-6.947150181287483
2020-02-28,37.29705455816575,1,47.63542951972802,48.1219718158024,0.4865422960743757,32.3576606170829,18.18191183035283,-14.175748786730068,42.172076875369754,36.199750957133546,-5.9723259182362085,21.730617617523876,38.45701581574649,16.72639819822261,32.09729494893725,39.45908438113047,7.36178943219322,47.78924777035268,43.36259254882879,-4.4266552215238875
2020-03-06,36.86982543879267,1,47.4190556902797,50.2077522864494,2.7886965961697,30.566216488242816,22.661400558333142,-7.904815929909674,41.633352596060774,38.539726825258924,-3.09362577080185,22.444670596497488,32.122666256239086,9.677995659741597,32.43017966963153,33.99458044643342,1.5644007768018895,46.725477592043724,43.69282626004206,-3.032651332001663
2020-03-13,44.16240417478923,1,51.159059308802675,51.8763746484727,0.7173153396700229,35.35707240789134,21.523417880641645,-13.833654527249692,51.19180774094136,54.57295206727683,3.3811443263354732,33.54465637285129,37.81685615307778,4.272199780226487,39.90651078439309,43.554159412803585,3.6476486284104936,53.815318433855595,55.630664886462796,1.8153464526072014
2020-03-20,44.88117025001725,1,53.55068109352846,51.29219867619887,-2.2584824173295885,39.22840630076222,24.005529441572335,-15.222876859189881,54.8391885764542,56.8675308723459,2.0283422958917043,37.305705653161404,39.92618327921196,2.6204776260505582,27.290576972562917,40.802887603958695,13.512310631395778,57.072462903634296,56.3926916268157,-0.6797712768185988
2020-03-27,48.83290658744219,1,57.64360494302955,57.60495491962653,-0.03865002340302226,42.856533732307305,26.998690692838018,-15.857843039469287,60.01071478146702,67.8044535656019,7.793738784134881,40.86496693277468,46.888166243613796,6.023199310839118,32.599889023539376,32.726556525091794,0.12666750155241857,59.021730111535184,60.97461757788107,1.952887466345885
2020-04-03,49.06627503233264,1,57.75301876625302,58.82474446061056,1.0717256943575393,43.265328364561455,27.748101732613662,-15.517226631947793,59.83327338667465,66.90838467016235,7.075111283487701,41.29524038007965,47.15062670269997,5.855386322620319,33.36872600817054,32.868054439723394,-0.5006715684471459,58.88206328825651,60.897738188185876,2.0156748999293654
2020-04-10,49.56669145454635,1,55.38210852326473,54.02727623547449,-1.354832287790245,45.01835478058315,29.41059040968122,-15.607764370901933,61.09469212597671,68.80702078839697,7.712328662420262,42.39298326822433,48.96340998080336,6.570426712579035,34.30821733818165,34.38895365604394,0.0807363178622893,59.20379269104758,61.80289765687816,2.599104965830577
2020-04-17,49.835394268031955,1,54.14879128096659,52.621004638967335,-1.5277866419992563,46.585090027379515,30.158492834068646,-16.42659719331087,61.6521751612657,70.14046279213974,8.48828763087404,42.53292777005014,49.273400218004994,6.740472447954858,34.79633932358699,35.04329750440692,0.24695818081993082,59.29704204494277,61.77570762060407,2.478665575661296
2020-04-24,50.78928363284903,1,55.77002903423301,52.700473658609376,-3.0695553756236365,47.37575062026247,34.910721911385544,-12.465028708876929,61.99004057617788,70.23086508963146,8.240824513453582,43.50300158677233,49.437300503928526,5.934298917156198,36.588721532309734,36.25814710835208,-0.3305744239576569,59.508158447338744,61.19819352518718,1.6900350778484352
2020-05-01,51.904365890704554,1,56.64221797612376,53.988253607717354,-2.653964368406406,50.36554857118773,38.808296863725104,-11.557251707462626,62.69393479139848,71.6094326891776,8.915497897779112,44.61702297427849,50.94601781681468,6.32899484253619,37.7942983648739,36.99899371435206,-0.7953046505218424,59.313172666365,59.07520065244055,-0.23797201392444833
2020-05-08,52.39562044042115,1,57.39999739639232,56.97135391366591,-0.4286434827264145,51.123306759021666,38.99933448899184,-12.123972270029824,62.1882832142964,71.06662843637605,8.878345222079652,44.58454421363457,51.245818424050995,6.661274210416423,39.47430489368938,37.74684082043726,-1.727464073252122,59.60328616549255,58.34374655900487,-1.259539606487678
2020-05-15,52.501733506777136,1,56.92734486825935,56.711750954692,-0.21559391356734636,50.56714332508523,38.48257864417919,-12.084564680906041,60.54808236622156,66.61810835295876,6.0700259867372,44.409782964924474,51.81431858586009,7.404535620935619,43.11181320694274,43.13763035324719,0.025817146304447647,59.446234309229474,58.24601414972559,-1.2002201595038855
2020-05-22,53.0156776542453,1,57.22374640217709,55.75739896773657,-1.4663474344405216,51.00500825435582,37.755417271055244,-13.249590983300578,61.982075763157894,73.06008604879956,11.078010285641668,45.31151617349996,52.180941695034825,6.869425521534865,43.10477389867712,42.2833503336771,-0.8214235650000177,59.46694543360389,57.056871609168475,-2.4100738244354147
2020-05-29,53.51469043552073,1,57.61242679185348,56.06870756581084,-1.54371922604264,52.15383636220579,39.64697325532435,-12.50686310688144,62.874664173383266,73.01271375312272,10.138049579739459,44.95915178053894,50.64461013067302,5.685458350134084,43.232758950332475,42.915902059412495,-0.31685689091997915,60.25530455481043,58.79923584878093,-1.4560687060294981
2020-06-05,54.36941183805542,1,57.87674359973353,57.36833915006575,-0.5084044496677791,51.97895419663763,50.394700045810424,-1.5842541508272063,63.57661493881839,74.38724623725784,10.810631298439453,48.93987684893106,43.76877487809627,-5.171101970834783,43.35434806548901,46.41222223153867,3.0578741660496576,60.489933378722945,53.885188485563624,-6.604744893159321
2020-06-12,53.856331005432935,1,57.64670547666406,59.545102949930815,1.8983974732667548,52.680537853388934,51.01699019484922,-1.6635476585397129,59.579379159902956,61.55886954802294,1.9794903881199843,47.414949845210934,45.65430161473983,-1.760648230471105,44.53256300195394,49.47724332943992,4.944680327485983,61.283850695476765,55.88547839561483,-5.398372299861933
2020-06-19,49.563115857188485,1,52.32419594114219,46.27502136724627,-6.049174573895925,55.16597840666316,60.02061470624005,4.854636299576896,57.73656171638184,60.92205280421595,3.1854910878341087,44.1674338578178,53.8128156080881,9.645381750270303,35.426731114785255,32.27056188145664,-3.1561692333286118,52.5577941063407,44.077628775883916,-8.480165330456785
2020-06-26,50.79537554847986,1,51.92895825992255,45.21498983773991,-6.713968422182646,55.40255008612459,58.87929459135499,3.4767445052304,58.16836564015597,60.04710678916322,1.8787411490072543,49.1795012310001,55.579510625059584,6.400009394059481,37.04586797364249,38.04790019392074,1.0020322202782523,53.04701010003349,47.003451253640776,-6.043558846392713
2020-07-03,50.52962066865109,1,52.10326699443787,45.297727100091144,-6.8055398943467225,55.04088206657192,58.74633726157014,3.7054551949982226,58.084991551677014,60.390980113076246,2.305988561399232,48.943343111036135,56.09056409701129,7.147220985975153,37.33572905135168,39.21567045187565,1.8799414005239754,51.66951123683191,43.43644498828206,-8.233066248549846
2020-07-10,49.10909623008971,1,51.69630876823813,44.87196132574059,-6.82434744249754,56.99832050267455,56.44298008778414,-0.5553404148904093,57.347336102818396,57.778657554999874,0.43132145218147855,40.82792875172083,51.42766103707076,10.59973228534993,36.31765810190135,39.22549682117461,2.9078387192732578,51.467025153185006,44.90782055376829,-6.5592045994167165
2020-07-17,49.68290555281006,1,51.54368963678537,45.70416903396526,-5.839520602820116,56.500942992735546,55.837363858757215,-0.663579133978331,57.363601837363234,58.10842727948811,0.7448254421248777,43.63783058754347,54.875189134497425,11.237358546953956,36.684173365177806,38.70914961326282,2.024976248085011,52.36719489725494,44.863134396889514,-7.504060500365426
2020-07-24,49.17557652204194,1,52.41932188956859,40.080726973418294,-12.3385949161503,57.30893850739119,55.59047304111267,-1.7184654662785164,56.19545702398511,56.90556533345394,0.7101083094688363,41.407885816105725,58.84443843546878,17.436552619363056,37.009428663935786,39.63467329629871,2.6252446323629215,50.71242723126523,43.99758205249919,-6.714845178766041
2020-07-31,47.715661973398994,1,51.47742623337738,36.40487131020621,-15.072554923171168,56.42671335383406,53.6326732209304,-2.7940401329036604,55.045515713878515,54.46244007851443,-0.5830756353640822,39.32783699338245,60.71327437642695,21.385437383044504,35.576496134392926,40.04425640385996,4.4677602694670355,48.43998341152865,41.03645645045598,-7.4035269610726715
2020-08-07,46.105592376959315,1,48.4453705230711,34.83860318780497,-13.606767335266127,54.64831953749714,51.72096616100638,-2.927353376490757,54.13260983915249,55.64830869541962,1.5156988562671359,38.84250210844872,59.07083732608178,20.22833521763306,35.6190302645077,40.0173866587286,4.398356394220897,44.94572198907873,35.337452232714504,-9.608269756364223
2020-08-14,46.35131207993323,1,48.07478158055473,36.170641820944184,-11.904139759610544,54.917002606820006,51.87356284940344,-3.0434397574165644,53.77442798013725,55.62671778690233,1.8522898067650857,38.63043689365156,59.201837842872635,20.571400949221072,35.77062920822813,39.17051705750927,3.399887849281143,46.94059421020772,36.06459512196753,-10.875999088240192
2020-08-21,46.360496349118165,1,47.02702067374725,34.909848057415466,-12.117172616331786,54.83240061472248,50.71566423087018,-4.116736383852299,53.629911605770936,54.356151521967654,0.7262399161967181,40.17020446873373,62.92952744999626,22.759322981262528,34.936328737288676,39.634777756819005,4.6984490195303295,47.567111994445945,35.61700907764044,-11.950102916805506
2020-08-28,47.39088267488501,1,48.15847912401556,37.09400338701582,-11.06447573699974,56.58671882268831,51.99794821465794,-4.588770608030373,54.087253334294,54.28351533412076,0.19626199982675985,41.1153699449783,66.14002689895182,25.02465695397352,35.96842177583433,39.31816147412637,3.3497396982920407,48.42905304749963,35.51164074043741,-12.917412307062222
2020-09-04,47.39140513677999,1,47.95224691186001,37.043047158218535,-10.909199753641474,56.675052291520856,51.78676905469152,-4.888283236829338,53.810602522774076,53.76714111913438,-0.04346140363969653,41.667232166829734,67.01325166701403,25.346019500184298,36.21522844871602,40.202727655472316,3.987499206756297,48.028068478979264,34.53549416614915,-13.492574312830115
2020-09-11,47.29860803756569,1,48.24108829912137,37.64266443414729,-10.59842386497408,56.47751789408825,50.07794439765546,-6.399573496432794,53.94396876248441,54.60779710684532,0.6638283443609083,41.47013651096949,66.27505700553652,24.804920494567035,35.68342827865543,39.208786825979246,3.525358547323819,47.975508480075256,35.979398455230346,-11.99611002484491
2020-09-18,48.10333475743355,1,48.01421094552283,35.94290737077403,-12.071303574748796,58.978333858195825,51.61002581694265,-7.368308041253172,55.26914624447492,56.74323272862819,1.4740864841532755,40.813238529970555,71.61387958842406,30.8006410584535,36.43159996243618,41.01020486844078,4.5786049060046,49.11347900400105,31.699758171391608,-17.413720832609442
2020-09-25,46.48545219222756,1,48.22738990558797,40.9173369545197,-7.310052951068272,55.76082249677302,48.72904623545223,-7.031776261320786,54.12806769665185,57.716261223078,3.588193526426153,41.73730429025907,64.42780198497428,22.690497694715212,34.354235885812656,38.32578256669832,3.971546680885666,44.70489287828083,28.796484188642836,-15.908408689637994
2020-10-02,46.81975078080645,1,49.30724855401313,39.67476180402856,-9.632486749984565,55.39021150139968,50.09209815378147,-5.298113347618212,53.285510787999016,57.236459084448725,3.9509482964497096,42.36658090540212,68.0126495221997,25.646068616797578,34.47955816178178,36.91795717411449,2.4383990123327095,46.08939477424296,28.984578946265785,-17.104815827977177
2020-10-09,47.96973934364119,1,49.70490656955387,41.025357919128325,-8.679548650425545,56.01016681286507,50.587053085060894,-5.4231137278041786,52.8997065547815,54.59477752216607,1.6950709673845665,43.29391912780214,71.87446046730939,28.58054133950725,38.67184877018226,42.056032351036684,3.384183580854426,47.23788822666223,27.680754717145724,-19.557133509516504
2020-10-16,46.868256641574355,1,49.26179094720386,40.41745828248983,-8.844332664714031,56.15940942242098,46.65713438255345,-9.502275039867527,52.25493860420748,57.13404151376763,4.879102909560146,37.28850562283712,78.10398581163166,40.81548018879454,36.96859375085303,33.03032681738138,-3.9382669334716525,49.27630150192365,25.86659304162216,-23.409708460301488
2020-10-23,44.84106402484337,1,48.04124991930609,35.13698320628131,-12.904266713024782,53.62440684393307,49.91146420802326,-3.712942635909812,52.0175289502963,61.8555789504945,9.838050000198194,37.64998572006909,53.08496599098046,15.434980270911367,37.07897931136054,37.07714336889201,-0.0018359424685314707,40.63423340409511,31.980248424388662,-8.65398497970645
2020-10-30,44.27389247536045,1,45.141197271440085,31.540025655195286,-13.601171616244798,54.450642415128755,49.86716481255631,-4.583477602572444,52.19720774740961,61.00159870162756,8.80439095421795,37.563268752683776,49.962009492481606,12.39874073979783,34.78622551592274,37.403751448324485,2.6175259324017475,41.50481314957776,35.868804741977485,-5.636008407600272
2020-11-06,44.72869787999986,1,46.22518507455117,29.979326113927847,-16.245858960623323,56.35265121303539,53.31269700448529,-3.0399542085500997,53.435245922521766,61.758454662118645,8.323208739596879,38.07586928282296,51.88477170369274,13.808902420869785,34.395889908928766,38.10382023827796,3.707930329349196,39.887345878139044,33.33311755749659,-6.554228320642451
2020-11-13,45.222239988299776,1,47.89322501625344,32.22885136600617,-15.66437365024727,56.182669655197785,53.68021935546645,-2.5024502997313363,53.64137156089116,61.97249323760862,8.331121676717459,37.986233684070896,52.18555087379896,14.199317189728063,36.697017296981606,40.95816841259033,4.261151115608726,38.93292271640375,30.30815668432814,-8.624766032075613
2020-11-20,43.72923780816404,1,46.47132496840304,32.71529518199223,-13.756029786410807,52.41996324681612,49.45156061597955,-2.9684026308365645,52.48223675275611,62.271487567879205,9.789250815123097,37.88330465564494,48.326167861142956,10.442863205498014,35.75593748596097,39.300778647547716,3.5448411615867457,37.36265973940303,30.31013697444253,-7.0525227649605
2020-11-27,43.98773631322104,1,49.562915137428,36.980653429299984,-12.582261708128016,51.853623414358616,53.16686666306472,1.313243248706101,52.85775512229452,63.05006733843561,10.19231221614109,34.08376267563952,40.75680558303726,6.673042907397743,40.2546418779012,37.835999038517365,-2.4186428393838355,35.31371965170439,32.136025826971306,-3.1776938247330833
2020-12-04,44.35074489776258,1,50.082379370016554,38.97103948020252,-11.111339889814033,50.8630038413638,55.078797178191415,4.215793336827616,51.7554116368473,60.46785785634383,8.712446219496528,34.72394982262894,40.35321778473978,5.629267962110845,40.191955535539414,36.15231563382451,-4.0396399017149065,38.4877691801795,35.08124145327342,-3.406527726906077
2020-12-11,39.59119158455335,1,43.59096776418552,36.184596165786786,-7.406371598398735,47.07421651730188,46.03589447707243,-1.0383220402294455,46.93339096070665,53.95359660813592,7.020205647429265,28.77423315150321,35.38182632355799,6.607593172054777,38.90753248947918,33.96591706457748,-4.941615424901698,32.266808624143636,32.025318868189515,-0.24148975595412026
2020-12-18,35.696815623898765,1,39.862178938866066,32.85107219566929,-7.011106743196777,44.77474655940519,46.435578127961676,1.660831568556489,44.283280797409276,52.13673410258694,7.853453305177666,24.756004749588826,32.556817019976904,7.800812270388079,31.98940492725761,23.42440913810904,-8.564995789148568,28.515277770865595,26.776283159088734,-1.7389946117768602
2020-12-25,34.79695166595083,1,38.20318667468943,32.074123499047936,-6.129063175641491,43.17180342938467,44.01539278885262,0.8435893594679555,43.58103705750832,52.61527479456513,9.034237737056813,27.4603466085416,33.605922633523136,6.145576024981537,30.84252173596569,20.796784581083287,-10.045737154882403,25.52281448961523,25.67421169863283,0.15139720901760256
2021-01-01,35.470609444615604,1,38.84163068859877,32.77259406095207,-6.069036627646696,42.7118748119088,41.887227827143334,-0.8246469847654652,44.26518095937963,54.04703546125504,9.781854501875415,29.62958209163068,38.041734768400914,8.412152676770233,32.442218215515894,23.357418718929793,-9.0847994965861,24.93316990065982,22.717645831012476,-2.215524069647344
2021-01-08,33.6509103740948,1,37.3519198372604,32.88359756459684,-4.468322272663556,39.66801433748889,37.28887811815793,-2.3791362193309595,42.489611675656406,50.410671375313584,7.921059699657178,29.659569871774494,34.01498273881231,4.355412867037813,31.59512718113804,23.479423911555514,-8.115703269582525,21.141219341250576,23.82790853613261,2.6866891948820353
2021-01-15,34.56704483701781,1,38.10203149658668,33.04065015906131,-5.061381337525376,41.04106795804099,38.582521438552796,-2.458546519488195,43.33251135205784,53.079857467075094,9.747346115017251,30.954734133486042,35.6936290679931,4.738894934507059,32.30374791124825,23.7407174066699,-8.56303050457835,21.668176170687033,23.264893482754673,1.5967173120676392
2021-01-22,35.27378593437016,1,39.886240463630685,35.25405665917353,-4.632183804457156,41.1664993753537,37.8110175124233,-3.3554818629304037,44.295153578113,54.7655409726264,10.470387394513395,31.237168665117522,34.89057339189594,3.653404726778419,33.66019164947939,23.99915483408688,-9.661036815392507,21.397461874526684,24.92237223601491,3.5249103614882245
2021-01-29,36.14516223336282,1,40.86897014695551,36.96668665590976,-3.9022834910457505,41.67293667379941,38.693998551657785,-2.978938122141628,45.281459840586265,56.867076535153885,11.58561669456762,33.152595589387545,33.97011409236187,0.8175185029743233,34.12506034402621,23.545382712288045,-10.579677631738164,21.769950805421956,26.827714852805528,5.057764047383571
2021-02-05,33.54274676922086,1,39.799283302292295,31.19656839826409,-8.602714904028204,42.36225232756884,39.79157691827889,-2.5706754092899473,43.325637209296886,52.59519627950378,9.269559070206896,25.603459685504845,29.359778664948024,3.7563189794431793,29.775538718412164,19.88579469379448,-9.889744024617684,20.390309372250144,28.42756566053589,8.037256288285747
2021-02-12,31.462717998296142,1,38.66547788470797,27.657924875271405,-11.007553009436563,34.36317894151637,28.40300583661329,-5.9601731049030775,36.91011275902616,44.414304341823296,7.504191582797134,27.382789594377684,36.58402832928003,9.201238734902347,32.61344496158786,25.938609639855855,-6.6748353217320044,18.841303848560813,25.778434966932963,6.93713111837215
2021-02-19,22.124381280738266,1,32.348031368352366,15.616770752393847,-16.73126061595852,21.647265147369936,18.776767193565973,-2.8704979538039623,25.051286201103068,38.35747945984332,13.306193258740251,19.545350533323116,26.239094707607777,6.69374417428466,23.64101053446035,14.439058586416479,-9.20195194804387,10.513343899820754,19.317116984602222,8.803773084781469
2021-02-26,23.72530183628405,1,29.30799357287134,20.28017978831238,-9.027813784558958,23.41343007274412,20.057151385581662,-3.356278687162458,26.32629045067047,38.869661443533744,12.543370992863274,17.506766729477604,21.923132384132117,4.416365654654513,35.9968637271342,28.472273692585105,-7.524590034549092,9.80046646480659,12.749412323559312,2.9489458587527224
2021-03-05,24.72560758742586,1,32.024513895840585,24.29213770501228,-7.732376190828305,24.28023987242267,18.07666877383045,-6.203571098592221,27.61201029020812,35.633167057016294,8.021156766808176,16.44934589371674,17.692357390732738,1.2430114970159991,36.79375435608007,33.13417744651119,-3.6595769095688837,11.193781216286965,19.5251371514522,8.331355935165234
2021-03-12,22.965295618583937,1,26.422081111086428,24.90642126410509,-1.515659846981336,19.451441919908575,18.258174359227112,-1.1932675606814627,27.816714981453217,35.95928047609989,8.142565494646675,16.478595917152887,17.812385400635506,1.3337894834826187,34.38962656159765,33.10901729797136,-1.280609263626289,13.233313220304865,7.746494913464673,-5.486818306840192
2021-03-19,22.30338207927927,1,27.809875316885027,33.583636725262565,5.773761408377538,17.831011530053487,18.97440501862235,1.1433934885688615,21.309181014607844,28.575550791420753,7.266369776812908,20.191204400372087,12.967678328485164,-7.223526071886923,32.9621069562787,32.82733361498036,-0.13477334129834162,13.716913257478481,6.891687996904437,-6.825225260574044
2021-03-26,21.606473540783714,1,30.570779690356588,27.40382255680025,-3.1669571335563376,18.356017181300004,18.800749746401664,0.4447325651016598,21.16746273494529,29.003678576359476,7.836215841414187,15.099288667823544,14.65321607156936,-0.44607259625418294,33.21235126380009,31.207431052613146,-2.004920211186942,11.232941706476794,8.56994324095838,-2.662998465518413
2021-04-02,21.303605827441523,1,30.2023720834526,27.002376678839866,-3.1999954046127357,18.057268328937752,18.563945289930814,0.5066769609930617,20.718765039493036,27.80998938236074,7.091224342867704,14.407644020783408,14.312959870450925,-0.09468415033248334,32.89661848835216,31.00518358921842,-1.891434899133742,11.538967003630177,9.127180153848428,-2.4117868497817483
2021-04-09,20.331184247222406,1,28.804464875265523,28.17261260720508,-0.6318522680604417,15.953422883431685,17.388860416927727,1.4354375334960423,20.088542838127864,25.038954497489073,4.950411659361208,13.649407015414937,12.180292918379294,-1.4691140970356429,31.01442552778306,30.303739440709748,-0.7106860870733129,12.476842343311361,8.902645602623537,-3.5741967406878246
2021-04-16,21.13597301822906,1,30.476989790771896,29.2844150371579,-1.1925747536139966,18.80898236824615,18.72880541437162,-0.08017695387452761,20.819228862473892,26.955117533726778,6.135888671252886,13.66627091076073,13.29900570676591,-0.367265203994819,30.622071171735072,28.438024777081594,-2.1840463946534783,12.422295005386616,10.110469640270594,-2.3118253651160217
2021-04-23,21.501060064290318,1,28.39771265161383,22.95272699409354,-5.4449856575202915,16.22705515739223,20.414724546435167,4.187669389042938,21.44822532278195,29.595430234033017,8.147204911251066,15.622829905779582,15.173738925122379,-0.44909098065720343,32.12983527762756,31.408355659688496,-0.7214796179390675,15.180702070546744,9.461384026369302,-5.719318044177442
2021-04-30,21.57529470173382,1,27.051559956668214,23.750917208618347,-3.3006427480498672,14.808589419517673,22.613467271188384,7.80487785167071,26.47798576901927,29.25910553803162,2.7811197690123493,16.825668331634873,13.202048868920997,-3.623619462713876,31.867029033694024,30.930584431529525,-0.9364446021644994,12.420935699868878,9.69564489211406,-2.725290807754817
2021-05-07,21.013457018100443,1,23.505503158063448,21.87593512428083,-1.6295680337826184,13.130343594745483,20.48406069486431,7.353717100118828,25.68140121404079,32.276117217944375,6.594716003903585,16.744021256585143,13.874620555903931,-2.8694007006812114,32.86535415968062,28.211738848307036,-4.653615311373585,14.154118725487166,9.358269667302139,-4.795849058185027
2021-05-14,18.09104497908301,1,21.56785293899067,24.291552986396596,2.723700047405927,10.267693664353203,15.688127594961088,5.420433930607885,22.767565306702977,22.61862054047937,-0.14894476622360742,14.417196080286331,7.854215159205026,-6.562980921081305,28.1542186143962,25.173073396637946,-2.981145217758254,11.371743269768672,12.920680196818026,1.548936927049354
2021-05-21,20.688649186542744,1,21.847848566986812,23.318674709646544,1.4708261426597318,12.152676190732493,20.76354036237595,8.610864171643456,33.987161457301454,21.224803550227207,-12.762357907074247,16.55502867378732,11.5800654683472,-4.974963205440119,29.497938386370294,33.53220225512888,4.034263868758586,10.091241844078098,13.712608773530661,3.621366929452563
2021-05-28,20.929091147042246,1,22.504984080814083,23.468759973270707,0.9637758924566242,12.259740293040167,20.383866610402023,8.124126317361856,30.314613018967947,26.049908117031578,-4.264704901936369,18.828080664083757,12.23029457457919,-6.597786089504567,30.616241937416305,28.593755038006606,-2.0224868994096994,11.050886887931227,14.847962568963354,3.7970756810321262
2021-06-04,20.984026012338337,1,23.292878763804552,23.678811062548988,0.3859322987444358,11.690590548383497,20.6137068066774,8.923116258293902,29.880518211523253,26.164645913364353,-3.7158722981588994,19.01492966227154,12.350553564035735,-6.664376098235806,30.416087971967784,28.63680137106182,-1.7792866009059622,11.6091509160794,14.45963735634173,2.85048644026233
2021-06-11,20.996997834480208,1,22.96244315657809,24.65026426214689,1.6878211055688013,10.6769136888758,20.517905188218037,9.840991499342238,29.163443632794923,26.092434856376485,-3.071008776418438,19.714187469715583,12.000144818953402,-7.714042650762181,29.896315891773583,26.92222075847478,-2.9740951332988033,13.568683167143277,15.79901712271166,2.2303339555683834
2021-06-18,21.668771803443217,1,22.858093904882935,25.88713602641178,3.029042121528846,10.321124670517918,20.397265226030726,10.076140555512808,29.929267984402003,27.820316931951638,-2.108951052450365,24.01879878336186,11.627396571154534,-12.391402212207325,29.92540021610948,25.902599315958525,-4.022800900150955,12.959945261385116,18.37791674915212,5.417971487767005
2021-06-25,21.332925299483907,1,22.211633765212525,26.730680105848236,4.519046340635711,8.159744748669638,22.08600285611884,13.9262581074492,29.49007502649026,27.859911241769282,-1.6301637847209776,24.22950958749999,10.893312468437358,-13.336197119062632,27.707743869866505,24.85926026515746,-2.8484836047090454,16.19884479916452,15.568384859572262,-0.6304599395922565
2021-07-02,22.991249545630055,1,23.222739737457502,30.783498539510816,7.560758802053314,6.9559094357570785,20.879341002153524,13.923431566396445,31.904134857423287,31.274892212277777,-0.62924264514551,24.085345644464496,12.701282530421992,-11.384063114042505,33.214337010762506,27.12763476434762,-6.086702246414887,18.56503058791546,15.180848225068615,-3.3841823628468433
2021-07-09,20.93150559414048,1,22.41221381883271,19.016694288075072,-3.395519530757639,7.05253246743834,21.256632528234604,14.204100060796264,32.3474894824174,32.5271061743948,0.17961669197740093,16.482387503932088,13.615179789799285,-2.867207714132803,29.16262846961564,23.70726304495426,-5.45536542466138,18.131781822606698,15.46615773938484,-2.665624083221857
2021-07-16,21.77416607446315,1,24.906183856697098,19.86256127245609,-5.043622584241007,7.427853029059847,20.881621251820548,13.4537682227607,31.755577596722503,32.13024354441147,0.37466594768896755,16.666881597304624,16.671215392901416,0.004333795596792811,27.675937923405684,22.907957127985185,-4.767980795420499,22.212562443589135,18.191397857204166,-4.02116458638497
2021-07-23,20.959454140823322,1,25.021095378894344,19.082738981219862,-5.938356397674482,6.689029033369977,18.050306657553534,11.361277624183558,30.540683958246603,30.936984788427836,0.3963008301812323,15.906051163492606,16.38944802236857,0.4833968588759632,27.517484020771093,24.189116618501117,-3.3283674022699756,20.0823812901653,17.108129776868992,-2.974251513296309
2021-07-30,20.357345332812624,1,24.55451497816847,17.973018829333824,-6.5814961488346455,6.3854976169869815,15.331201238970024,8.945703621983043,28.983176103953994,33.50565995656275,4.522483852608758,14.687509679851885,15.256034683647542,0.5685250037956564,27.47982476493469,23.828900205274678,-3.6509245596600124,20.053548852979716,16.249257083086945,-3.804291769892771
2021-08-06,18.10382984561769,1,21.211820779837083,15.161861255634165,-6.049959524202919,6.745656905518018,17.239595737905873,10.493938832387855,28.03144376161714,24.64408326686349,-3.3873604947536506,15.74980508370112,15.93915558481649,0.18935050111537066,18.91783157035816,18.806758974493775,-0.11107259586438545,17.966420972674612,16.831524253992356,-1.1348967186822563
2021-08-13,16.466401156994284,1,21.18137273968763,14.82807769508382,-6.3532950446038114,6.420295679167637,16.261113268730583,9.840817589562945,20.124586500419724,20.66671173756164,0.5421252371419172,16.00903541094182,15.897462854514501,-0.11157255642731911,16.013967017996606,12.628776630745207,-3.3851903872513986,19.049149593752276,18.516264755329928,-0.5328848384223477
2021-08-20,16.47338036713816,1,20.990010136175727,14.673683806689866,-6.316326329485861,6.560206373045148,16.62496390526863,10.064757532223481,19.406036389858414,21.744557809822723,2.3385214199643087,17.01107581228233,15.79535703385595,-1.2157187784263783,15.647940661550166,11.811309423628074,-3.8366312379220915,19.225012829917162,18.190410223563703,-1.0346026063534595
2021-08-27,16.092661204538263,1,18.593577870885213,14.598857011253372,-3.9947208596318404,7.8342667862428925,15.728526361621348,7.894259575378456,18.71434419083333,22.162690580098584,3.4483463892652537,16.5758737835516,15.080818887326231,-1.4950548962253691,15.953697424208329,10.773581637137838,-5.180115787070491,18.88420717150821,18.211492749792214,-0.6727144217159946
2021-09-03,16.144632817801803,1,19.961653435141983,13.254635570693878,-6.707017864448105,9.960971722466013,16.507908348373192,6.546936625907179,18.48122272481443,23.36741879289967,4.8861960680852405,16.090962250455448,17.097825121435775,1.0068628709803278,14.1007847419787,8.762735193724794,-5.338049548253906,18.27220203195425,17.87727387968353,-0.3949281522707224
2021-09-10,16.083052945105074,1,19.606341596046235,13.970632261947372,-5.635709334098863,9.536904543188058,16.83789617732677,7.300991634138711,20.445107628978263,23.776157118014126,3.3310494890358626,15.107948502495674,16.362226896904048,1.2542783944083737,13.867266458447375,8.44154794531697,-5.4257185131304055,17.934748941474837,17.109857271121186,-0.8248916703536509
2021-09-17,15.972914709216392,1,20.156045433842777,13.778755937941568,-6.377289495901209,8.904947526058635,15.891254172739579,6.986306646680944,20.415509822649682,23.072948710879814,2.657438888230132,15.393459638064598,16.225240741049035,0.8317811029844364,13.744882528191937,8.426255582454559,-5.318626945737378,17.222643306490724,18.4430331102338,1.2203898037430747
2021-09-24,19.44808110342966,1,23.410358831458552,15.74022495070102,-7.6701338807575326,10.793976257401724,16.923362588544194,6.12938633114247,23.692414342854732,24.60341797395857,0.9110036311038385,20.75197373061512,20.341550141770952,-0.41042358884416785,17.866148644850284,13.436702510070461,-4.429446134779823,20.173614813397563,25.643228455532764,5.469613642135201
2021-10-01,19.736922586985205,1,21.028984095151273,15.816306992441653,-5.21267710270962,11.983717532004846,15.021077770186182,3.0373602381813356,28.746226901633605,23.358674013641348,-5.387552887992257,17.468257901157173,26.98025510266625,9.511997201509075,18.06686010167607,10.86453710557781,-7.20232299609826,21.12748899028827,26.38068453739801,5.2531955471097405
2021-10-08,19.46640700168854,1,22.205648801494945,20.668077389345356,-1.537571412149589,12.287980312887086,14.86437932232596,2.576399009438873,24.534672075825767,13.085053983053555,-11.449618092772212,18.399722901725,28.320540187795487,9.920817286070488,18.304236454928215,12.658785917296456,-5.64545053763176,21.06618146327024,27.20160521031444,6.1354237470442
2021-10-15,18.91462387696333,1,20.19264495623331,21.160557738371665,0.967912782138356,11.007329475922049,14.98579166746184,3.9784621915397906,25.820514073502864,14.914958066057778,-10.905556007445085,17.143777678467288,23.25860344348301,6.114825765015723,17.542478830855345,8.780841227664169,-8.761637603191176,21.78099824679913,30.38699111874152,8.60599287194239
2021-10-22,18.552680908971915,1,21.902938404286104,20.903734519079237,-0.9992038852068674,8.107342114397369,12.652135313669064,4.544793199271695,25.0715453269421,12.065527539450272,-13.006017787491828,15.552530590790852,18.441934723369542,2.88940413257869,16.796353148973566,12.760291023787957,-4.036062125185609,23.8853758684415,34.492462334475434,10.607086466033934
2021-10-29,18.55319116040483,1,20.831597674973153,20.110642112251483,-0.7209555627216702,10.053886873012345,15.443026992280167,5.389140119267822,24.817698395183058,12.840819169115136,-11.976879226067922,14.63621168037642,18.137474845599513,3.5012631652230937,17.127648419202856,11.591650960964088,-5.535997458238768,23.85210391968114,33.195532882218586,9.343428962537445
2021-11-05,17.155543601507908,1,18.568358147560417,18.25170504026393,-0.31665310729648866,9.756853711547748,17.3430283242903,7.586174612742553,21.801880088242342,8.587558421092794,-13.214321667149548,13.291313537804697,15.105963906456807,1.81465036865211,16.49948337496714,10.768627726187333,-5.730855648779809,23.015372748925103,32.87637819075633,9.861005441831225
2021-11-12,17.62885268139601,1,17.983771501741373,19.512383657077294,1.5286121553359209,12.236717545604435,19.398631614183657,7.161914068579222,22.297497851639065,9.320559440690047,-12.976938410949018,13.326403982644194,12.830433693281037,-0.49597028936315724,16.16342781857307,11.434357071686904,-4.7290707468861655,23.765297388173906,33.27675061145709,9.511453223283183
2021-11-19,16.85497382154137,1,17.618151748327847,19.45992984214601,1.8417780938181636,13.255463055075367,17.088145015755444,3.832681960680077,20.370161457553692,9.215359679395718,-11.154801778157974,12.884710410137359,13.10847338857235,0.2237629784349906,14.355547974081418,9.695454634815576,-4.660093339265842,22.645808284072544,32.56248036856317,9.916672084490628
2021-11-26,18.77408724436287,1,19.3649173746185,21.320441159663872,1.9555237850453722,14.220930312926654,17.650711738328567,3.429781425401913,23.54499046969093,10.160281988254894,-13.384708481436036,12.94377756195884,18.262617651635537,5.318840089676698,19.988630094170105,14.34002404586532,-5.648606048304785,22.58127765281219,30.910446882428985,8.329169229616795
2021-12-03,18.432260789911048,1,16.717648870105336,20.13029348854569,3.4126446184403534,11.825314147478878,16.25655212833145,4.431237980852572,24.849317054807386,8.151678571452763,-16.697638483354623,18.381058875108508,17.957651290435194,-0.4234075846733134,17.174543950248818,17.031482058961046,-0.14306189128777191,21.645681841717362,31.06590720174016,9.420225360022798
2021-12-10,18.506127150660404,1,16.86494883508273,20.43555763434621,3.570608799263482,12.927688107966404,17.7632290215587,4.835540913592297,24.32958003716182,8.879303548726213,-15.450276488435605,18.00562422016334,17.896148009330133,-0.10947621083320769,17.1388989315833,15.58894575216965,-1.5499531794136487,21.770022772004836,30.47357893783149,8.703556165826654
2021-12-17,17.92677801649752,1,14.040993023162699,17.61772365331923,3.5767306301565327,14.326151596716969,19.844562801051538,5.518411204334569,25.698722815519744,10.401874676129637,-15.296848139390107,17.946204049202123,17.659744308491085,-0.2864597407110381,15.640379358215213,14.268017314243934,-1.372362043971279,19.908217256168356,27.768745345749636,7.86052808958128
2021-12-24,19.39895800230707,1,13.772614117571663,18.46582832058799,4.693214203016325,14.405321560907339,16.374045367358832,1.968723806451493,33.894980397396466,10.542518159101462,-23.352462238295004,17.11592505974778,22.455405444045113,5.339480384297332,16.944338716694944,16.263319174799264,-0.6810195418956795,20.26056816152422,32.29263154794974,12.03206338642552
2021-12-31,18.56593704237562,1,14.011852547911019,17.82651244494086,3.8146598970298413,11.97446844173895,16.66736812055983,4.692899678820879,32.054977963022736,10.903670684379094,-21.151307278643642,16.320692447202447,20.937205097768413,4.616512650565966,16.978739451280845,15.437483333316194,-1.5412561179646502,20.054891403097713,29.623382573289334,9.56849117019162
2022-01-07,18.090722808103482,1,12.736568425441007,15.417624503695222,2.6810560782542154,13.956738268443061,16.649482110705435,2.6927438422623737,26.677822909703934,9.287289773089697,-17.390533136614238,26.94754255214582,24.400467444371685,-2.547075107774134,13.068378846304284,24.490399448208436,11.422020601904151,15.15728584658278,18.299073568550426,3.1417877219676456
2022-01-14,16.08115192127199,1,11.353317956258039,16.72532396105312,5.372006004795082,10.884173646911307,17.73499987095029,6.850826224038983,27.790743870618485,8.246654017180475,-19.54408985343801,24.062580406084194,26.398905757827094,2.3363253517429,13.008085124972723,12.067673543388736,-0.9404115815839873,9.388010522787184,15.31335437723223,5.925343854445046
2022-01-21,15.350516783335438,1,11.314569391358987,15.627941492992719,4.313372101633732,9.578202589885677,18.343887375614273,8.765684785728595,24.699679696889078,7.555489998093364,-17.144189698795714,23.23659356090127,22.54526255138545,-0.6913310095158209,13.93628092160796,12.100960257846225,-1.8353206637617347,9.337774539369661,15.929559024080561,6.5917844847108995
2022-01-28,15.504178989404911,1,13.064628460514314,16.666849530666425,3.602221070152112,9.491867550639355,16.81261308136716,7.320745530727805,24.590456197885814,9.767065962525905,-14.82339023535991,22.645070058713543,22.10528213496191,-0.5397879237516321,12.601917913693427,11.422076757781412,-1.1798411559120154,10.631133754983011,16.251186469126665,5.620052714143654
2022-02-11,17.858959405731266,1,15.080330293662584,20.80714380351469,5.726813509852107,12.659233359464963,18.31908900050381,5.659855641038845,27.450498593183355,11.839816074380053,-15.610682518803301,29.776451203771543,27.260483294963635,-2.5159679088079088,12.698045696967895,10.161671815955273,-2.536373881012622,9.489197287337248,18.765552445070114,9.276355157732866
2022-02-18,19.088263492686625,1,12.71955880276549,16.644624667605996,3.925065864840505,10.788196626574063,14.999422811998826,4.2112261854247635,31.896502806643753,8.2258193611096,-23.670683445534152,24.037417440104505,33.69212960535576,9.654712165251254,12.424389508424085,11.384370416965496,-1.0400190914585892,22.663515771607862,29.58321409308411,6.919698321476247
2022-02-25,18.008553677025734,1,17.590111987334765,18.175230415808215,0.5851184284734501,10.25839012121564,16.49246362096001,6.234073499744369,26.508181191981535,8.691332060812044,-17.81684913116949,22.233172629795433,22.993725529483115,0.7605528996876814,11.796112744456906,10.489175705143623,-1.3069370393132829,19.665353387370118,31.20939472994742,11.544041342577302
2022-03-04,17.44768590137956,1,22.15638793285693,15.787971969617502,-6.368415963239428,9.967220775844908,16.92037781537563,6.953157039530723,23.91665464486148,5.689120912102396,-18.227533732759085,20.464210658406586,23.663409419960203,3.1991987615536175,12.492458868014324,11.869290939871291,-0.6231679281430331,15.689182528293145,30.755944351350365,15.06676182305722
2022-03-11,17.713757547946745,1,21.9824056469633,18.083671127403505,-3.8987345195597953,13.215257849919155,17.942046789492764,4.726788939573609,23.620639056635753,8.226655615852579,-15.393983440783174,20.326584272621687,21.53980386034749,1.2132195877258027,13.16625228157011,12.201688552531479,-0.9645637290386304,13.971406179970472,28.28867934205263,14.31727316208216
2022-03-18,14.981680831241171,1,19.81774075031852,13.366535213611556,-6.451205536706965,11.74449301935482,17.60495828844917,5.860465269094348,22.87331500370793,8.395656635774245,-14.477658367933685,15.728330601250704,17.625249011936106,1.8969184106854016,11.286094139598347,11.999621911955686,0.7135277723573381,8.440111473216703,20.898063925720237,12.457952452503534
2022-03-25,14.986608782927432,1,19.663521608541302,13.570261687569527,-6.093259920971775,11.770848721946521,18.44075250057253,6.669903778626008,22.58532437054855,8.453995684459244,-14.131328686089304,16.22398864660076,18.606520746113674,2.3825320995129147,11.456609210423181,11.74662844559711,0.29001923517392925,8.219360139504275,19.10149363325249,10.882133493748213
2022-04-01,14.521758801577775,1,19.709278036894645,13.396625207409372,-6.312652829485273,11.802149188150665,20.557961270530953,8.755812082380288,20.432876465820556,8.163496003615066,-12.26938046220549,15.951099792678207,16.343737222576934,0.39263742989872696,11.466726932179895,10.92266952093317,-0.544057411246726,7.768422393742682,17.746063584401185,9.977641190658503
2022-04-08,14.27064268246265,1,20.543594452705022,12.871696610370932,-7.67189784233409,14.083254805259315,16.354516810816392,2.2712620055570767,18.254592367222685,10.085826899593258,-8.168765467629427,15.268741977175239,14.647275082207742,-0.6214668949674973,9.393341349563926,11.493140959212568,2.0997996096486418,8.080331142849715,20.171399732575026,12.09106858972531
2022-04-15,14.618188982987903,1,20.796886640131476,13.353518971869931,-7.443367668261544,14.484633058992387,20.234312651801474,5.749679592809088,14.240665473004313,10.361191650478816,-3.8794738225254974,15.59978091041883,14.395947040403911,-1.2038338700149183,12.994856150893995,12.323731136639779,-0.6711250142542156,9.592311664486417,17.04043244673349,7.448120782247074
2022-04-22,13.988500844406042,1,17.683580461558336,12.121152006597342,-5.562428454960994,14.350843651695925,21.08760877426944,6.736765122573516,11.877559062138474,9.036909093771442,-2.840649968367032,16.11814268020386,14.143124019086017,-1.9750186611178435,13.287889917328997,12.552975278290603,-0.7349146390383936,10.612989293510665,14.989235894421384,4.376246600910719
2022-04-29,14.507726189287636,1,15.359381534662276,16.27687813457986,0.9174965999175839,17.711823073751674,20.882387396416476,3.170564322664802,11.643798001866784,4.700837253489851,-6.942960748376933,18.188512424128533,17.133888953437605,-1.0546234706909274,13.32938119330224,12.613749936520975,-0.7156312567812648,10.813460908014306,15.438615461281046,4.625154553266739
2022-05-13,16.21106550790708,1,16.483058908324722,14.258716066711159,-2.224342841613563,16.392469275365556,27.506544003002688,11.114074727637131,8.597249930196341,4.0698035729866575,-4.5274463572096835,21.35757768983872,18.80808308482972,-2.549494605009002,12.126190198642036,10.139730803036969,-1.986459395605067,22.309847045075102,22.4835155168753,0.17366847180019818
2022-05-20,15.645068935096099,1,18.450666902103563,13.483215953347582,-4.967450948755982,15.418927882341592,21.88701690568844,6.468089023346849,9.476360751161678,4.88090950008187,-4.595451251079808,20.794540177484407,18.410862628913208,-2.3836775485711996,11.247949285831695,9.654463381034219,-1.5934859047974754,18.481968611653656,25.553945241511286,7.07197662985763
2022-05-27,15.47411772415739,1,17.62706565644548,11.733071730187547,-5.893993926257934,17.295023848399296,26.338501626199857,9.043477777800561,7.9601229387630354,4.1531418208774085,-3.806981117885627,20.033253159776834,17.79411977189143,-2.2391333878854027,11.438473015713669,9.956807356365246,-1.4816656593484225,18.490767725846027,22.869064039422852,4.378296313576826
2022-06-03,15.74086815240149,1,16.49475108359877,10.823766986748737,-5.6709840968500345,18.140866198912818,23.097670838310123,4.956804639397305,9.479217614995804,6.541591019539155,-2.937626595456649,21.693287102520912,18.71186518462548,-2.9814219178954318,10.344058843870798,9.29526069725307,-1.0487981466177274,18.293028070509834,25.975054187932372,7.682026117422538
2022-06-10,15.0815542512771,1,14.744090511657618,10.481000283070415,-4.2630902285872025,19.310475044830937,22.481586144225858,3.1711110993949205,6.7362856407578136,5.966935866441958,-0.7693497743158559,21.96010970522336,18.61832863806275,-3.3417810671606105,10.229074151664378,8.962034652134605,-1.2670394995297727,17.509290453528493,23.979439923727043,6.47014947019855
2022-06-17,15.444995326211894,1,14.645373621369629,9.489322052504178,-5.1560515688654505,20.486607637013776,20.039697458868247,-0.44691017814552936,6.993303681400818,7.298607935614456,0.30530425421363816,23.335175532880385,19.740225235258634,-3.5949502976217502,8.858901065056017,8.344531676179571,-0.514369388876446,18.350610419550733,27.757587598846243,9.40697717929551
2022-06-24,16.453280717449637,1,19.021643316359615,11.130031698710326,-7.891611617649289,18.77492321580945,18.861578434694323,0.08665521888487149,8.082295355723588,8.415549314989377,0.3332539592657895,22.992143273210814,19.67629934748186,-3.315843925728956,8.665725494524509,11.20217060719223,2.536445112667721,21.182953649069844,29.434054901629736,8.251101252559891
2022-07-01,17.61440473071459,1,18.650512136770985,12.037702382313697,-6.612809754457288,21.21808019487173,20.362516250665905,-0.8555639442058265,7.4446664003681065,8.404930438273453,0.9602640379053469,25.572817653990683,23.038596284662162,-2.5342213693285203,9.620428838536185,11.281680411682956,1.661251573146771,23.179923159749848,30.56100261668938,7.381079456939531
2022-07-08,17.896065271666778,1,18.612065730634313,12.212335408879497,-6.3997303217548165,20.80104868911161,20.59650584749903,-0.20454284161257874,8.039311873811371,8.189230988556105,0.1499191147447334,25.762488354361494,24.532076080940456,-1.230412273421038,9.866628206122812,10.9819557351164,1.1153275289935891,24.294848775959068,30.864287569009193,6.569438793050125
2022-07-15,17.678413819755097,1,18.930221268133593,11.798693431167521,-7.131527836966072,20.17819160230806,20.99420594629224,0.8160143439841789,9.314236366253397,8.80958384041871,-0.5046525258346861,24.60634283175071,23.546744181494418,-1.0595986502562909,9.278964173546058,11.429288218852662,2.150324045306604,23.76252667653877,29.491967300305035,5.729440623766266
2022-07-22,18.4043752862733,1,20.44694684836425,12.04580651204104,-8.40114033632321,21.28608882495891,23.08565982279123,1.799570997832319,10.2148403204599,8.349941293156519,-1.8648990273033803,25.89234932261175,25.12786862682013,-0.7644806957916188,9.157945072896524,12.104252432889098,2.9463073599925735,23.42808132834847,29.712723029941742,6.284641701593273
2022-07-29,18.410770114876836,1,20.25712988496099,11.848414492706013,-8.408715392254976,21.28686782394226,22.39204973195544,1.1051819080131793,9.50587226262158,8.582974863833158,-0.9228973987884217,27.12474102468896,27.079490637781717,-0.04525038690724159,8.320035782580717,11.882743986393564,3.5627082038128464,23.96997391046652,28.67894697659115,4.708973066124628
2022-08-05,18.988596175959056,1,21.52429536679975,12.783211440448653,-8.741083926351095,20.824959014362165,21.899631699678167,1.0746726853160027,9.925113617885302,9.010932321410593,-0.9141812964747089,28.152766821929276,28.4752354977894,0.3224686758601223,8.497099635699527,12.139245708117059,3.642146072417532,25.007342599078314,29.623320388310432,4.615977789232119
2022-08-12,18.96493861342641,1,21.80714429518632,13.228761934243565,-8.578382360942754,21.254585248673948,21.489561330439656,0.2349760817657085,9.626901200643985,8.109004869197292,-1.5178963314466927,28.040318733939884,28.659362403674592,0.6190436697347081,8.731727609030543,12.047902951255523,3.3161753422249802,24.328954593083765,30.2550381917478,5.926083598664036
2022-08-19,19.008316117611418,1,23.781201179418687,13.366585479481614,-10.414615699937073,22.187302532017796,20.566793006136166,-1.62050952588163,7.517115881160578,7.6500064196214055,0.13289053846082766,28.570693563175396,29.64338489376412,1.0726913305887251,7.045127753185696,11.926319824661363,4.881192071475667,24.948455796710363,30.896807082003832,5.9483512852934695
2022-08-26,19.614902018663017,1,25.35141063865504,16.389345300213108,-8.962065338441931,21.854723170500378,19.82484870450355,-2.0298744659968264,6.386629173146346,6.7658793183970545,0.3792501452507082,29.807586167135142,31.70313087886133,1.8955447117261883,6.480235807215294,10.078328467026438,3.598092659811144,27.8088271553259,32.92787944297662,5.119052287650717
2022-09-02,19.66913883425249,1,25.767941984843603,16.43203614171955,-9.335905843124053,22.40545913400358,21.936019889290677,-0.4694392447129019,6.868839632056407,6.936234124014561,0.06739449195815439,28.396051432000178,30.361729610281955,1.9656781782817774,7.579014376012239,10.455079415370008,2.876065039357769,26.99752644659894,31.893733824838222,4.896207378239282
2022-09-09,19.20692304154589,1,26.001282120020647,16.463211692246986,-9.538070427773661,19.217036666207193,21.437743883932185,2.2207072177249927,6.703938355145141,6.545718847617977,-0.15821950752716418,28.215396151515876,30.044081622344308,1.8286854708284324,7.832061126319076,10.217373825393224,2.3853126990741487,27.27182383006739,30.5334083777406,3.261584547673209
2022-09-16,18.347936653938813,1,24.618598025956558,15.498943109950346,-9.119654916006212,16.93189864212445,21.23658971870033,4.304691076575878,7.162580743024378,6.310356335917476,-0.8522244071069025,27.504175457045136,28.69124498201282,1.1870695249676828,8.340949159472615,10.788074966868933,2.4471258073963185,25.529417896009733,27.562410810182953,2.032992914173221
2022-09-23,18.91957884651809,1,25.536425474317866,15.003662248179467,-10.5327632261384,19.27264719703028,22.793668673396738,3.5210214763664567,7.341788863901215,6.576821182707917,-0.7649676811932977,27.855126336464465,29.492419610381972,1.637293273917507,9.163646168589182,10.091680500881807,0.9280343322926257,24.347839038805517,29.559220863560654,5.2113818247551364
2022-09-30,18.99076629113898,1,25.42836369947932,12.297031326787163,-13.131332372692157,18.34987428877224,22.295495981523118,3.9456216927508763,9.032791278665215,9.454560342629051,0.4217690639638363,28.1084611451312,29.983924556879046,1.8754634117478446,7.1879519054055265,9.270388127915098,2.082436222509571,25.83715542938036,30.643197411100388,4.806041981720028
2022-10-07,17.548614135692894,1,20.21405702479366,10.437229925073765,-9.776827099719895,17.33158008528396,21.442482593134343,4.110902507850383,9.549624822527775,10.527294241379622,0.9776694188518462,27.14937217960697,26.83345307999305,-0.3159190996139216,6.798297062990912,8.137358065133228,1.3390610021423157,24.248753638954085,27.913866909443385,3.6651132704893
2022-10-14,18.06472893675924,1,21.525973634305004,12.44808793168589,-9.077885702619113,16.120848750918256,20.876430997275534,4.755582246357278,9.260946618620949,13.51214511903406,4.2511985004131105,29.093437274290295,29.858361832977963,0.7649245586876674,6.486348609289095,7.165274298136154,0.678925688847059,25.900818733131842,24.52807344144587,-1.3727452916859733
2022-10-21,19.908860969159125,1,23.314214831837177,15.359085236498956,-7.955129595338221,17.605861447424573,22.617444450347065,5.011583002922492,9.398483596616998,10.57581956311087,1.177335966493871,33.311461611888916,36.52323655936347,3.2117749474745523,6.09155766293317,6.949663159357314,0.8581054964241446,29.73158666425391,27.42791684627707,-2.3036698179768393
2022-10-28,19.85041143849698,1,25.415965738535064,15.256523747675118,-10.159441990859946,19.16127759158026,24.82152066991614,5.660243078335881,9.503277768450133,11.360777581634395,1.857499813184262,29.29240185309628,31.845099343896578,2.5526974908002984,6.816921412711125,7.20029361535056,0.3833722026394355,28.912624266609015,28.618253672509056,-0.29437059409995925
2022-11-04,18.933830207588418,1,21.806569585659133,15.05624625965902,-6.750323326000114,21.99497913170471,21.850517479201216,-0.14446165250349452,8.323615755519185,10.51537136957917,2.1917556140599856,27.19698411216646,27.81888522819878,0.6219011160323191,5.361696706862574,6.70167185329484,1.3399751464322662,28.91913595361845,31.660289055597516,2.741153101979066
2022-11-11,19.89578708748032,1,21.782614303191295,15.590283370813637,-6.192330932377658,22.385718527776802,25.84555039127318,3.459831863496376,10.930463666564535,9.089111890230782,-1.8413517763337524,28.0096569222506,29.552114716681785,1.5424577944311864,6.211734472473054,6.6359595870559644,0.4242251145829101,30.054534632625632,32.661702568826584,2.607167936200952
2022-11-18,19.721132567698632,1,18.238708362457274,12.964708568056395,-5.273999794400879,20.689594218587743,24.547372152682044,3.857777934094301,14.7769339742744,9.977849510543365,-4.799084463731035,26.22557290579448,29.808370996310344,3.5827980905158654,6.907663945941138,7.3796922286548465,0.47202828271370834,31.488321999136758,33.6488019499448,2.160479950808039
2022-11-25,19.18267472203369,1,17.879729410560316,15.214517219367494,-2.665212191192822,19.884148125835708,23.76667499824265,3.8825268724069417,12.36964498996349,12.765259655921298,0.39561466595780814,28.758331357830414,27.108041496968696,-1.6502898608617187,7.27299887303829,7.161011724019673,-0.11198714901861706,28.931195574973913,29.080543237682292,0.1493476627083794
2022-12-02,17.12229047312211,1,17.206873385243213,14.816777344499442,-2.390096040743771,16.679841669045572,22.542218378583044,5.862376709537472,12.150582085839176,12.970171573993554,0.8195894881543779,25.62100237312788,23.970328518136228,-1.650673854991652,6.797565895411424,7.298622964878433,0.5010570694670093,24.277877430065388,21.135624058641937,-3.1422533714234504
2022-12-09,17.08423901248377,1,17.54720210556401,14.125579669352945,-3.4216224362110665,16.690960930109043,22.1227018582847,5.431740928175657,12.02443495629852,13.32630711370058,1.3018721574020589,25.34390491326451,22.674923546874425,-2.668981366390085,6.905594966296761,7.220510109014853,0.3149151427180925,23.99333620336978,23.035411777675137,-0.9579244256946424
2022-12-16,17.36122027080711,1,16.640274602132493,13.927239127324455,-2.713035474808038,19.69229973185692,24.944089563624416,5.251789831767496,11.452788045170237,12.58659933330847,1.133811288138233,25.84446650502207,21.732560759757803,-4.111905745264266,6.6390301093318556,7.208345085700202,0.5693149763683465,23.89846263132908,23.768487755127296,-0.1299748762017856
2022-12-23,17.18723961666937,1,18.165664486306568,14.251016357482314,-3.914648128824254,18.955698300107912,25.41255720313673,6.456858903028817,12.367783141109044,12.411134736629307,0.043351595520263686,27.235421249005398,22.950608852704804,-4.284812396300595,4.56406508230873,7.406630111651509,2.8425650293427793,21.83480544117856,20.691490438411535,-1.1433150027670251
2022-12-30,22.227127879636594,1,22.166541014947384,20.702556269765708,-1.4639847451816763,20.73789595939124,27.070909216384777,6.333013256993539,13.178451793343314,12.425839177837958,-0.7526126155053561,29.462453888113245,23.950025757117828,-5.512428130995417,21.83914574798756,21.957143643097098,0.11799789510953929,25.978278874036818,27.256293213616217,1.2780143395794
2023-01-06,21.872265712026927,1,21.274193862135718,20.58047469169371,-0.6937191704420087,21.369833177292364,26.74027611682081,5.370442939528445,15.417875806998524,10.547743610729455,-4.8701321962690685,29.53352286010079,24.323225728176297,-5.2102971319244915,20.246027582561084,21.216855202795784,0.9708276202347008,23.39214098307309,27.825018921945514,4.432877938872423
2023-01-13,21.72119105055421,1,21.53554590225147,21.470092299154075,-0.06545360309739578,20.35543828892007,27.139692425101458,6.784254136181389,14.105046200048122,11.530281620878057,-2.574764579170065,31.49535552774833,24.155269564396917,-7.340085963351413,19.848233150022523,19.96264713681343,0.11441398679090753,22.98752723433475,26.06916325698134,3.0816360226465918
2023-01-20,19.306319657619024,1,17.370078427239548,16.87861757755671,-0.4914608496828379,21.30424986249723,28.960128438081114,7.655878575583884,14.791800911155619,7.475710148479166,-7.316090762676453,22.375786807294233,22.868504586960285,0.49271777966605157,20.329073986128705,20.92807082235346,0.5989968362247566,19.66692795139882,18.726886372283417,-0.9400415791154018
2023-01-27,19.459975632483296,1,18.140835541911542,16.919512091952484,-1.2213234499590584,19.279057537586937,25.16647074880018,5.887413211213243,21.34370595227098,11.988437014987682,-9.355268937283299,19.4040295626354,22.488111501176206,3.0840819385408054,20.394899656759165,21.82640035163959,1.4315006948804267,18.197325543735758,18.370922086343597,0.1735965426078394
2023-02-03,20.29786773693112,1,18.866701600643253,15.457064737257824,-3.4096368633854297,21.49767019901911,32.07419503821953,10.576524839200417,23.699498940411814,7.298499707897378,-16.400999232514437,22.191347374720976,24.483701112447008,2.2923537377260317,21.219574528890845,27.86008698047516,6.640512451584314,14.312413777900716,14.61365884528982,0.30124506738910384
2023-02-10,22.411357730974697,1,23.519138893166087,19.267404046644472,-4.2517348465216145,21.03030532966379,32.16340077203766,11.133095442373872,22.9813381644464,8.083096083939381,-14.898242080507018,21.58729375885713,27.59476903583152,6.0074752769743895,31.364463951848435,32.92384045666077,1.5593765048123345,13.985606287866332,14.435635990734355,0.45002970286802224
2023-02-17,23.246227838706186,1,23.658618076000778,23.18563107179962,-0.47298700420115836,22.95650687518517,32.224561473684446,9.268054598499276,23.55918986012577,7.375805468915672,-16.183384391210097,21.65804200280489,31.066290967209824,9.408248964404933,31.231854062510763,30.847640926282992,-0.3842131362277712,16.41315615560974,14.777437124344544,-1.6357190312651966
2023-02-24,23.766856823812446,1,25.547620070939516,25.04500213029789,-0.5026179406416276,24.40079111849623,33.06325434761946,8.662463229123233,23.187003747128216,8.115565036832052,-15.071438710296164,21.564301258635098,30.95422379095757,9.389922532322473,31.55297590142331,31.428231264767817,-0.12474463665549251,16.348448846252325,13.994864372399903,-2.353584473852422
2023-03-03,23.86402157901723,1,25.267464598381707,26.37796314785325,1.1104985494715436,23.828525241300923,33.655448401026646,9.826923159725723,21.077150075645832,9.367110569240168,-11.710039506405664,21.35956562498383,29.98468696132251,8.62512133633868,31.215413921143963,29.755568953021296,-1.4598449681226668,20.436010012647102,14.043351441639459,-6.392658571007644
2023-03-10,24.56064068028439,1,25.588742074339237,28.427572592109527,2.8388305177702904,24.52486343460245,33.277798812910916,8.752935378308464,21.29980410313277,8.449990038912219,-12.849814064220553,22.069078194539216,35.46862700798479,13.399548813445577,33.20637402499082,28.952918643694375,-4.2534553812964475,20.674982250101834,12.786936986094517,-7.888045264007317
2023-03-17,24.422782233965506,1,28.256604016420965,32.20165725130242,3.945053234881456,26.03447800964038,31.70241927078618,5.667941261145799,19.552202738141332,7.728126816834532,-11.8240759213068,20.70274034459591,34.96709457500448,14.264354230408571,33.21313755162447,28.14113308287061,-5.07200446875386,18.777530743369965,11.796262406994785,-6.98126833637518
2023-03-24,25.004486133088033,1,27.373278488886015,31.329370918008692,3.956092429122677,26.19952738126831,38.22322562946265,12.023698248194336,24.381664728859604,8.344759113159284,-16.03690561570032,20.44558033933467,36.97657469696318,16.530994357628515,30.759514545843814,24.52586931348668,-6.233645232357134,20.867351314335806,10.62711712744769,-10.240234186888117
2023-03-31,24.85327373312211,1,27.6581167731825,31.365357715949273,3.7072409427667736,26.94021752996443,38.06189370509429,11.121676175129863,23.01274666034068,8.355465175072382,-14.6572814852683,20.639512841450568,35.826778796307536,15.187265954856969,30.385824938025976,24.507923409320128,-5.8779015287058485,20.48322365576847,11.002223596988998,-9.481000058779472
2023-04-07,24.938141046796222,1,28.283545050827044,32.74182267365879,4.458277622831744,29.082515353123213,38.633457637078976,9.550942283955763,21.92537159560578,8.721028752943482,-13.2043428426623,20.252725638829006,34.502230906766016,14.24950526793701,29.286838516263813,21.587102545499647,-7.699735970764166,20.79785012612848,13.443203764830386,-7.354646361298094
2023-04-14,26.82340263616901,1,28.020562032802758,34.71357840588233,6.693016373079573,30.68063680129312,40.099923320006795,9.419286518713676,26.11141731416774,17.179017593141722,-8.932399721026016,20.21569571287894,35.05712851569342,14.84143280281448,33.05962351065898,22.694974181759918,-10.364649328899063,22.852480445212535,11.195793800529898,-11.656686644682637
2023-04-21,21.32698777752459,1,16.536185282647708,14.646031860543275,-1.890153422104433,19.955384018800743,45.46087696987466,25.50549295107392,29.446017308045896,11.91627123113949,-17.529746076906406,17.371932238686043,39.14711365851126,21.775181419825216,25.053963943074066,10.898058044173325,-14.155905898900741,19.598443873893075,5.89357490090552,-13.704868972987555
2023-04-28,20.34389026000305,1,13.98826689102971,13.48100823191676,-0.5072586591129493,17.991413368769173,42.19508702823879,24.203673659469615,28.15664905109948,11.463118105080625,-16.693530946018853,16.662898250174678,36.420673886731024,19.757775636556346,25.405369495073913,12.43438110901242,-12.970988386061492,19.85874450387135,6.0690731990386695,-13.78967130483268
2023-05-05,20.251325078370858,1,13.910384803213347,15.557920364721113,1.647535561507766,17.737704526392932,42.094711559265065,24.357007032872133,25.635144176869815,8.697714899690766,-16.93742927717905,17.38243281327044,35.9836923351786,18.601259521908162,25.870068397242335,12.633374691390983,-13.236693705851351,20.97221575323627,6.540536619978653,-14.431679133257617
2023-05-12,19.204131327115558,1,15.54270629444288,13.704936784157653,-1.8377695102852272,17.900445514501044,41.707755052063646,23.807309537562602,24.90928468037042,9.514834339668582,-15.394450340701837,15.295895363320284,30.982164025632358,15.686268662312074,23.69706052284714,13.714055350554986,-9.983005172292152,17.879395587211576,5.601042410616145,-12.27835317659543
2023-05-19,20.301648830854784,1,16.573816457723254,13.105911354960227,-3.4679051027630265,19.60323143670591,40.183327722233855,20.580096285527944,25.87548418294419,6.93906737211681,-18.93641681082738,13.807274014860695,31.98514643433404,18.177872419473346,24.408997585148,12.987500407140757,-11.421497178007243,21.541089307746645,16.608939694343036,-4.93214961340361
2023-05-26,19.02217868287899,1,16.0949365896075,14.092349971805504,-2.0025866178019953,17.001480873279107,33.30435042268836,16.30286954940925,22.74558670625518,6.981600522354341,-15.76398618390084,12.115400420154941,26.716310846360187,14.600910426205246,23.062140992300755,13.859125995530306,-9.203014996770449,23.113526515676455,19.179334338535213,-3.9341921771412416
2023-06-02,19.37137288115924,1,15.280619530264147,11.74115854872511,-3.5394609815390368,16.83320854940699,29.27582520931304,12.44261665990605,21.301703493501662,6.817011702480386,-14.484691791021277,11.876420627509319,29.655508005941016,17.779087378431697,22.49505792524201,16.39014963169609,-6.104908293545918,28.441227161031307,22.348584188799762,-6.092642972231545
2023-06-09,18.217422696916596,1,15.666784575498141,11.63097991524451,-4.035804660253632,18.449313013060916,26.870417914381363,8.421104901320447,18.05625206234754,7.33620081475334,-10.7200512475942,12.07845101043226,25.647809330764076,13.569358320331816,21.997500569264517,14.278503778986462,-7.718996790278055,23.056234950896197,23.540624427369835,0.4843894764736376
2023-06-16,18.62888013047723,1,19.17446329629847,16.528607631156518,-2.6458556651419514,20.036569006831684,22.889025170472337,2.852456163640653,14.575316008791646,11.419113280489583,-3.1562027283020626,11.498314208279382,23.797787948880753,12.299473740601371,22.236201269753153,15.074311896597052,-7.1618893731561,24.252416992909062,22.064434855267137,-2.1879821376419244
2023-06-23,17.2620521314409,1,15.348642117152849,13.308166419283623,-2.0404756978692262,13.596892888986432,22.252699698772517,8.655806809786085,15.582543382643522,8.120953626282684,-7.461589756360837,12.057149565239328,23.06004988051268,11.00290031527335,24.15323034573545,15.29376283054387,-8.859467515191582,22.833854488887823,21.536680333250075,-1.297174155637748
2023-06-30,17.876097099858143,1,17.156552670759254,16.15507177762663,-1.001480893132623,13.68471935428542,23.504366192740648,9.819646838455228,15.401783049230971,8.584515222769255,-6.817267826461716,13.012967593331865,20.602664351191237,7.589696757859372,24.554464444073346,16.054246962590113,-8.500217481483233,23.446095487468,22.355718092230973,-1.0903773952370273
2023-07-07,18.167954953934984,1,17.212708198749084,16.473121893152694,-0.73958630559639,14.828454197073114,25.024461854946523,10.196007657873409,16.341530884335782,8.810907322327722,-7.53062356200806,13.219286811670898,19.17820292420629,5.958916112535391,24.059229941340604,16.582800284515102,-7.476429656825502,23.34651969044043,22.938235444461583,-0.40828424597884805
2023-07-14,18.216847235667537,1,17.08684163251752,15.598936547359514,-1.4879050851580047,16.3683318394518,16.78536427298829,0.417032433536491,18.336211323266028,10.98441927160249,-7.351792051663537,9.909906348024876,23.12363142854531,13.213725080520433,23.813651745838513,17.58704709254141,-6.226604653297102,23.786140524906486,25.22168480096819,1.4355442760617052
2023-07-21,17.936001560768485,1,17.186243723045266,19.729602241034186,2.5433585179889207,17.444589591984553,16.103821221346195,-1.340768370638358,17.383723129603112,13.342310992957493,-4.041412136645619,9.647264684347462,18.958163146752327,9.310898462404865,23.305535480667658,16.204031149325886,-7.101504331341772,22.648652754962868,23.27808061319479,0.6294278582319208
2023-07-28,18.894808017654437,1,17.830553259476915,21.140616220078243,3.3100629606013285,19.366826411012354,17.44319512125186,-1.9236312897604932,18.782751531539418,14.198930995551876,-4.583820535987542,10.249904270796975,19.79037113425386,9.540466863456885,24.25351845466446,17.55288763779558,-6.70063081686888,22.88529417843651,23.242846996995212,0.3575528185587018
2023-08-04,18.494070733880154,1,18.038091796715364,21.01165709251957,2.9735652958042067,17.714616997466024,16.834213649499205,-0.8804033479668192,20.65605080538903,14.164823398369762,-6.491227407019267,9.493964352597587,19.175653609128716,9.68168925653113,22.75857184254116,17.400471154098568,-5.35810068844259,22.303128608571754,22.37760549966508,0.074476891093326
2023-08-11,18.79124819701143,1,18.002376361876998,21.277390094038353,3.275013732161355,17.38481604036903,17.89481523965145,0.5099991992824187,21.68853935955704,15.64515456492937,-6.04338479462767,11.437460027257899,20.16678011461113,8.72932008735323,23.325992092369987,16.03187771066456,-7.294114381705427,20.908305300637622,21.731471458173715,0.8231661575360931
2023-08-18,19.546874347950116,1,18.703059150175378,21.236833508152955,2.5337743579775776,18.813514973891515,19.345162282807323,0.531647308915808,21.447596837941546,16.05725487888266,-5.390341959058887,13.312288719004613,19.08423104427368,5.771942325269066,23.656509321535168,16.216169018206415,-7.440340303328753,21.348277085152475,25.34159535537765,3.993318270225174
2023-08-25,20.298007535175547,1,18.394807418564596,19.16326415658449,0.7684567380198928,19.06019339975326,22.185501403517492,3.125308003764232,21.606779284614333,15.37686062679201,-6.229918657822324,14.039522513429546,19.139491157824096,5.099968644394551,26.027181979348683,17.412814482654028,-8.614367496694655,22.65956061534287,28.510113383681173,5.850552768338304
2023-09-01,20.944869127366562,1,18.314755559559615,22.05026227241865,3.735506712859035,19.42803557586464,19.943326554753668,0.515290978889027,24.272765387518135,19.00092037916319,-5.271845008354944,12.581101183264934,18.680263371744402,6.099162188479468,29.25430366035613,17.277084396550777,-11.977219263805353,21.818253397635928,28.71735778956871,6.899104391932781
2023-09-08,19.25795729556044,1,17.216780056594658,20.12453989510506,2.907759838510401,17.06679708368206,15.9682250696236,-1.0985720140584618,22.14349589751407,18.613014494341613,-3.530481403172459,11.264545070187964,16.506000933045556,5.241455862857592,28.073930254155684,17.704479985192833,-10.36945026896285,19.7821954112282,26.63148339605398,6.849287984825779
2023-09-15,21.08836284911261,1,23.225554150518178,26.254977253073193,3.0294231025550147,17.367345716783888,15.093972103584335,-2.273373613199553,21.85559633368301,20.865121947981507,-0.9904743857015035,11.392206341164666,16.3561641836491,4.963957842484433,26.37803707472085,17.637192661496144,-8.740844413224707,26.31143747780507,30.322748944891373,4.011311467086301
2023-09-22,20.878132180604315,1,22.881755615205492,26.375870091226716,3.494114476021224,16.91987807063086,14.136264629036404,-2.7836134415944542,23.347145062237615,22.799707257971264,-0.5474378042663517,11.161088588084212,16.168054529710517,5.006965941626305,25.867627864024357,18.037814592456854,-7.829813271567502,25.091297883443346,27.751081983224125,2.6597840997807793
2023-09-29,20.69490843062187,1,21.998600465942133,32.5119147526746,10.513314286732466,18.11673639890509,9.540729049937397,-8.576007348967693,24.245647266734437,24.826090008678307,0.5804427419438696,9.498470193022584,15.075799635728018,5.577329442705434,26.67628594635562,19.156647214455447,-7.519638731900173,23.633710312771356,23.05826992225741,-0.5754403905139469
2023-10-06,20.06508076126934,1,22.088068452195955,30.74338954889032,8.655321096694365,17.556488410820094,10.936153694232857,-6.620334716587237,23.88246448900327,23.59279721311593,-0.2896672758873393,10.130923285862977,15.179781204932041,5.048857919069064,25.40744318807519,17.375482815876452,-8.03196037219874,21.32509674165854,22.562880090568385,1.2377833489098435
2023-10-13,19.503468861917366,1,21.243898267001825,28.023256492713315,6.779358225711491,16.39216003715633,11.228922309823474,-5.163237727332856,20.57191942392997,24.91430103771411,4.342381613784141,9.9162671534812,11.945849661714831,2.0295825082336307,26.868618491378186,15.756255651587836,-11.11236283979035,22.02794979855669,25.15222801795062,3.124278219393929
2023-10-20,19.5631933923533,1,21.632098461871593,28.05494596008586,6.422847498214267,13.597532464880231,10.353416905634575,-3.2441155592456568,21.800453346307236,28.731601760364327,6.931148414057091,10.06371027747005,10.152504800075803,0.08879452260575249,28.582010828738333,16.487315774908325,-12.094695053830009,21.703354974852346,23.59937515305087,1.8960201781985262
2023-10-27,20.300732191924453,1,28.313196637865573,33.41768494850531,5.104488310639738,13.553478416606708,7.069936536181913,-6.483541880424795,23.195342076391952,32.693941042242756,9.498598965850803,9.51885441680065,9.266567288675361,-0.252287128125289,27.399656711817883,13.6974642247352,-13.702192487082684,19.823864892063952,25.658799111206207,5.834934219142255
2023-11-03,21.365780286860126,1,28.947508114255626,33.46223736408672,4.514729249831092,14.45434906539667,6.2870261356817565,-8.167322929714913,24.328969408831227,29.445847189319963,5.1168777804887355,10.180584463754073,11.485505954765145,1.304921491011072,29.592357698213476,16.94588508387892,-12.646472614334556,20.69091297070969,30.568179993428274,9.877267022718584
2023-11-10,22.12468912534128,1,29.129971117586905,33.504390364443054,4.374419246856149,14.756262439517087,6.783496466763069,-7.9727659727540185,24.79689154403404,31.063368545401175,6.266477001367136,10.629801863839063,12.094891933510553,1.46509006967149,30.520865950530847,17.327302508216704,-13.193563442314144,22.914341836539734,31.974684933713135,9.060343097173401
2023-11-17,20.54615304352209,1,24.390851920145295,26.57269775054114,2.1818458303958437,13.362211269849965,5.602568655756201,-7.759642614093764,23.541798455540345,31.537629601261756,7.995831145721411,10.407180329009762,11.987079110475634,1.5798987814658716,32.61295084870733,18.513813667841518,-14.09913718086581,18.96192543787984,29.063129475256304,10.101204037376462
2023-11-24,19.952243746990973,1,26.564716507015987,25.63206704601079,-0.9326494610051981,11.570379617075844,6.615299926326287,-4.955079690749557,24.09176066089354,31.22061059470535,7.128849933811807,8.614039424904178,9.348994420469808,0.73495499556563,24.658562718645314,22.304078956859527,-2.3544837617857866,24.214003553410976,24.592411537574094,0.37840798416311827
2023-12-01,19.951473701716857,1,26.414155626959015,23.95274628352071,-2.461409343438305,11.394307552717152,5.667907459647594,-5.726400093069557,24.96393378012317,32.87156744380603,7.907633663682859,8.731359363517768,9.909004316973096,1.177644953455328,23.603433324681745,21.7128329050191,-1.890600419662647,24.60165256230229,25.594783801334643,0.9931312390323512
2023-12-08,21.007191249244432,1,24.044417208820335,22.394324711647002,-1.6500924971733326,12.512559474974964,7.261822178164763,-5.2507372968102,25.834689975613173,30.605248527248392,4.770558551635219,10.820118710744282,12.30857477865851,1.4884560679142282,27.417680023278407,27.43237690724557,0.014696883967161511,25.413682102035438,26.040800392502348,0.6271182904669104
2023-12-15,18.40237972980901,1,21.730892865424536,16.160847959814333,-5.570044905610203,8.557736070919603,8.260926482992645,-0.29680958792695833,21.654381760363833,30.521461963211422,8.867080202847589,8.717816074609615,11.820880725179236,3.103064650569621,26.1004573916518,22.23333490933713,-3.86712248231467,23.65299421588466,21.416826338319282,-2.2361678775653786
2023-12-22,19.61942292759274,1,21.497085930897043,17.572739227772487,-3.924346703124556,10.30509961484573,7.393080554540134,-2.912019060305596,24.932009846100627,32.34870154337206,7.416691697271432,8.037151279219046,12.31740911900576,4.280257839786714,27.396018475043007,23.63029777190296,-3.7657207031400475,25.549172419450983,24.454309348963065,-1.0948630704879179
2023-12-29,20.790651128982315,1,19.27456483412206,15.110728327896041,-4.163836506226019,7.201030026754893,13.973048539079329,6.772018512324436,21.976634600592618,31.615402897983685,9.638768297391067,18.605595123700354,19.35647786762786,0.7508827439275052,25.15175249221174,20.444897559234278,-4.706854932977464,32.534329696512216,24.24335158207269,-8.290978114439525
2024-01-05,20.900183874062673,1,20.31393912628738,14.524947606194175,-5.788991520093205,9.130463078869056,11.632072455766348,2.5016093768972922,20.700147509597898,32.2459351162409,11.545787606643003,19.300428150598236,21.63172644365649,2.3312982930582535,24.353210174800594,21.439571956580295,-2.9136382182202993,31.602915204222867,23.92684966593785,-7.676065538285016
2024-01-12,21.470469924444995,1,14.913344685059101,8.934641143100961,-5.97870354195814,11.317194706352723,16.314520615223174,4.997325908870451,21.11099437001083,35.567309388150875,14.456315018140046,18.972145106778385,21.528526577585282,2.5563814708068975,27.71536069776583,18.27578838310059,-9.439572314665241,34.79377998070311,28.20203343950905,-6.5917465411940555
2024-01-19,21.05224500340626,1,17.4637095543804,9.715751279044582,-7.747958275335819,12.836850841844381,14.09193589208246,1.2550850502380797,21.710279625865525,36.081062293557764,14.37078266769224,19.52444737659195,19.72548729105658,0.20103991446463,22.52539747755786,21.816133679581853,-0.709263797976007,32.25278514419743,24.88309958511431,-7.369685559083123
2024-01-26,21.710758599988907,1,19.462879612211665,10.137354276312323,-9.325525335899343,13.012668267238467,13.089608968693184,0.07694070145471699,22.906556975356125,38.77402936087168,15.867472385515555,19.548299098552732,19.682344060179602,0.13404496162686996,23.021399373393294,22.681955570157484,-0.3394438032358096,32.31274827318117,25.89925936371921,-6.413488909461961
2024-02-02,21.557842858671354,1,19.005349859243807,9.069111381360841,-9.936238477882966,13.402577452088906,13.404806833499677,0.002229381410771225,22.35047251824038,40.1100429736109,17.759570455370522,19.810993976963616,19.33570907350446,-0.47528490345915486,22.30462647091572,22.03543561056327,-0.26919086035245243,32.47303687457571,25.391951279488964,-7.081085595086748
2024-02-09,21.04763353462503,1,19.401146630944027,6.1372475341193535,-13.263899096824673,13.527402250614045,13.105664471073965,-0.42173777954008074,19.774884359478932,40.28440616169172,20.509521802212788,19.61097639323573,18.923483610490777,-0.687492782744954,20.56706674662358,20.339169509244456,-0.22789723737912482,33.404324826853866,27.495829921129896,-5.90849490572397
2024-02-16,21.130738089834583,1,18.583701966791537,6.2255941153463965,-12.35810785144514,14.028579097296515,12.54422777766274,-1.4843513196337739,19.896473076806544,40.47061565244387,20.574142575637325,19.17522293096542,18.06723016084149,-1.1079927701239285,22.140533636868554,22.791506703917094,0.6509730670485396,32.95991783027894,26.68525412879589,-6.27466370148305
2024-02-23,20.229175114802384,1,18.019428741294078,5.5707255393537025,-12.448703201940376,12.045247671470634,11.798604700739745,-0.24664297073088903,20.025889990687034,39.211569698317234,19.1856797076302,19.32264775739789,17.1503490928894,-2.1722986645084887,21.75471528193293,23.09075721629712,1.3360419343641894,30.207121246031733,24.55304444121711,-5.654076804814622
2024-03-01,19.225043392830198,1,19.601831669771883,5.5942222845005745,-14.007609385271309,11.662536842353589,12.662517335790952,0.9999804934373628,16.917510733418823,36.19044978175759,19.27293904833877,19.000024245249136,18.435715077355084,-0.5643091678940522,19.84466506166568,18.87439056323582,-0.970274498429859,28.323691804522085,23.5929653143412,-4.730726490180885
2024-03-08,19.042268172338357,1,17.838988615934298,4.569785668011306,-13.269202947922992,13.16408950217793,13.464329443466497,0.30023994128856657,16.065636339047643,33.08423558859991,17.018599249552267,18.9389193367045,18.76959768070145,-0.16932165600304927,20.146439742154897,20.25592672741955,0.1094869852646525,28.099535498010866,24.109733925831364,-3.989801572179502
2024-03-15,18.183126389847576,1,19.168802560668922,4.460318136822906,-14.708484423846016,12.697276937835667,13.645959764395528,0.9486828265598604,13.492199651888257,29.996381336611265,16.504181684723008,19.88182515342521,20.06813456020315,0.18630940677793717,16.9103314015439,17.77188434690551,0.8615529453616091,26.948322633723507,23.15608019414715,-3.7922424395763557
2024-03-22,18.060342425305546,1,14.741208122306503,4.725528034817515,-10.015680087488988,12.899548121227895,13.694506693171206,0.7949585719433117,13.667438003038782,28.556323691600284,14.888885688561501,22.157496422971434,19.443484600962748,-2.714011822008686,17.50443747838223,16.680800812143374,-0.8236366662388548,27.391926403906425,25.26141071913814,-2.130515684768284
2024-03-29,18.67081005192171,1,13.634655170382956,4.123667671977685,-9.510987498405271,12.570910547933039,12.932027737515256,0.3611171895822167,14.959962790792574,29.44672325986801,14.486760469075435,23.976913573410997,21.4120480531068,-2.5648655203041955,17.73008984918779,17.201472345632496,-0.5286175035552958,29.152328379822904,26.908921243430044,-2.243407136392861
2024-04-05,18.955679728536094,1,16.42743338980543,5.007925386942972,-11.419508002862457,16.178754180560347,14.177072467164919,-2.0016817133954277,11.968386262463014,25.806625829896802,13.838239567433789,21.685572589636266,25.452551937062864,3.7669793474265987,19.307745406740395,15.612912039721138,-3.694833367019257,28.16618654201112,27.676990710427873,-0.4891958315832454
2024-04-19,19.613289290456503,1,20.31626908206509,7.957039443111881,-12.35922963895321,14.628646498659535,12.931098238581782,-1.6975482600777525,14.008196788965293,26.402806893194438,12.394610104229145,21.444367943021263,23.2565429317289,1.812174988707639,18.81413213869267,17.482106825622267,-1.3320253130704032,28.46812329133516,29.650141410499756,1.1820181191645958
2024-04-26,19.813949990483568,1,21.65033216766446,5.404536460488501,-16.245795707175958,13.488693244906301,12.375715101713695,-1.1129781431926062,14.042190886883304,24.481772532657445,10.43958164577414,20.418712315461676,27.614178034112967,7.195465718651292,20.209531963329837,14.629353111069506,-5.580178852260332,29.07423936465584,34.3781447028593,5.303905338203464
2024-05-03,20.782362475668755,1,28.377811826546946,6.657248088162959,-21.720563738383987,14.678031500958255,13.438856458185455,-1.2391750427727999,15.869406975524186,27.67009323628207,11.800686260757885,17.825231418336855,23.842461644176282,6.017230225839427,20.919886143876354,15.649559865161578,-5.270326278714776,27.023806988769934,37.4359555620442,10.412148573274266
2024-05-10,21.339286090360705,1,25.024736409725392,6.1942695816377125,-18.83046682808768,19.256876298180757,14.359689875168101,-4.897186423012656,15.114480223037276,24.46391606797674,9.349435844939464,16.884262750177484,26.26314333835562,9.378880588178134,25.03008973351737,18.327504994459204,-6.702584739058167,26.725271127525957,38.427192684566876,11.701921557040919
2024-05-17,21.079751580254896,1,25.0449132782271,9.089813800116687,-15.955099478110412,16.138269105652142,13.440396367606496,-2.697872738045646,15.262996929125833,25.010271074983663,9.74727414585783,18.24428309241746,20.502180199014305,2.257897106596843,24.01352417482154,18.04924278093064,-5.9642813938909,27.774522901285295,40.38660525887758,12.612082357592286
2024-05-24,21.70365548332708,1,27.41346116066009,11.148331925425467,-16.265129235234625,15.03634435273544,14.269872585243974,-0.766471767491467,16.181114030382403,25.990460233807795,9.809346203425392,18.768629491719253,21.570055328496437,2.8014258367771845,23.334029168236356,17.69316823747667,-5.640860930759686,29.488354696228924,39.55004458951217,10.061689893283244
2024-05-31,20.74163483492142,1,30.657624136027962,15.831930038237005,-14.825694097790958,18.287246222090715,11.29211376164551,-6.995132460445205,14.184687527574226,9.662471292653379,-4.5222162349208475,20.044130610170413,20.336771949134587,0.29264133896417377,19.0240889900287,16.120204108598998,-2.903884881429704,22.252031523636504,51.206317859259,28.9542863356225
2024-06-07,17.228639997184427,1,23.222119257600767,12.46276176797167,-10.759357489629096,9.643305768399955,11.786378427978917,2.143072659578962,13.190461766681778,10.746504922332036,-2.443956844349742,19.792974432287167,18.40252926897763,-1.3904451633095363,16.667386936657664,15.61362078546074,-1.0537661511969247,20.855591821479223,34.36004481038559,13.504452988906365
2024-06-14,17.80061240190314,1,24.778855743456603,12.067865154974143,-12.71099058848246,10.081878712069042,10.742255488993806,0.6603767769247639,14.338419887536034,12.696241990555649,-1.6421778969803853,19.590010683691077,19.35241689153601,-0.23759379215506726,16.991444589801958,16.827864718601106,-0.16357987120085227,21.02306479486414,35.11703016675813,14.093965371893987
2024-06-21,17.329114206508855,1,26.389601821411972,13.166204819211316,-13.223397002200656,12.99071111778953,11.774697968154982,-1.2160131496345485,8.409782467253493,6.948362471762266,-1.4614199954912266,20.293725018894065,20.164981033623107,-0.1287439852709582,14.135149282422617,16.56604458137531,2.4308952989526915,21.755715531281453,35.35439436492612,13.59867883364467
2024-06-28,16.025125632182952,1,22.467889627983993,14.8355368419803,-7.632352786003693,11.965556933368674,10.145060833197931,-1.8204961001707431,8.256077220597987,6.991668086668071,-1.2644091339299166,18.40509473913255,19.616929655578573,1.2118349164460227,15.331204775721076,11.803189259645563,-3.528015516075513,19.72493049629344,32.75836911602724,13.0334386197338
2024-07-05,16.64067849788969,1,25.245584133353063,11.287048336544245,-13.958535796808818,13.146786028484698,11.670776069940501,-1.4760099585441964,8.519186117523702,9.7961590770051,1.276972959481398,18.459891303728384,18.54231434730967,0.08242304358128649,14.450447733949218,13.684455229141093,-0.7659925048081249,20.022175670299077,34.863317927397574,14.841142257098497
2024-07-12,16.18479205170704,1,24.265363195476027,9.075972408913216,-15.18939078656281,13.364866685706232,11.207516127708175,-2.1573505579980576,8.974672605939503,9.49903590380508,0.5243632978655768,16.9773701587318,18.564638902886813,1.5872687441550113,14.694642892655438,14.277442310406585,-0.4172005822488529,18.831836771733222,34.484146656522384,15.652309884789162
2024-07-19,16.496367222985544,1,24.69439749951738,8.996879787769686,-15.697517711747693,11.688541516025452,13.363306171734521,1.674764655709069,9.932089919454555,9.398248130849552,-0.5338417886050024,17.53894039057151,19.03010283767732,1.4911624471058076,16.02182048140871,15.22198520376368,-0.7998352776450304,19.102413530935664,32.967681206118456,13.865267675182793
2024-07-26,16.674730117696743,1,24.384614893499744,11.74933095370136,-12.635283939798384,12.879793174299223,15.07637112029306,2.1965779459938375,9.84931200407101,8.888644657389563,-0.960667346681447,18.039050817305494,18.07618231587159,0.03713149856609732,15.55689172250456,13.55991480735294,-1.9969769151516203,19.338718094500422,32.69793685157194,13.359218757071517
2024-08-02,14.968371898953036,1,22.787205405827507,8.251042662147697,-14.53616274367981,11.444579628075772,14.962537156061742,3.5179575279859705,8.156800585507312,8.361196685649134,0.20439610014182108,16.888946768390724,17.051231856112892,0.162285087722168,13.20824269411682,11.927526914057964,-1.2807157800588556,17.324456311800077,29.256696119688783,11.932239807888706
2024-08-09,15.354904428734208,1,23.73630105288035,9.1347971118538,-14.60150394102655,11.919447242761066,14.079745917066305,2.1602986743052384,9.437825383695596,9.069731367884799,-0.36809401581079726,18.018676566033804,17.77160956538745,-0.24706700064635356,12.31839663754998,12.060882504891254,-0.25751413265872714,16.698779689484454,30.0126601053216,13.313880415837147
2024-08-16,14.781803970086974,1,20.380066272372773,6.975337012362985,-13.404729260009788,11.803419409592664,12.233861981397226,0.43044257180456214,11.119386488237353,10.772822873746264,-0.34656361449108886,17.560823602149412,16.42640138583083,-1.1344222163185833,10.970483834045766,11.152807735161915,0.18232390111614905,16.856644214123875,31.12959283202258,14.272948617898706
2024-08-23,15.351577401359464,1,20.955211481165662,6.2738143321482625,-14.6813971490174,12.215225045596753,11.537777422587055,-0.677447623009698,11.577241495643804,12.605863606911768,1.028622111267964,17.896419710071086,17.028989308247887,-0.8674304018231993,12.391938311972964,12.371433050626905,-0.020505261346059456,17.073428363706512,32.29158668763489,15.218158323928378
2024-08-30,15.663697517323564,1,22.014893321788307,6.256298599262308,-15.758594722525999,14.246076716206446,11.286412600709397,-2.9596641154970484,11.261606205178396,12.588709946521035,1.3271037413426399,16.897861682652774,15.848160584349515,-1.0497010983032595,12.965295145435519,15.048063171170114,2.0827680257345946,16.59645203267995,32.95454020192902,16.358088169249072
2024-09-06,14.997758744159471,1,20.837005623749803,6.170575741324058,-14.666429882425746,10.378285240313929,12.136076974102608,1.7577917337886788,13.129564460048599,13.913866220528035,0.7843017604794369,17.52761393157442,15.632860164921269,-1.894753766653153,11.246519279727181,12.36517065780697,1.1186513780797895,16.867563929542897,29.76800270627389,12.900438776730994
2024-09-13,14.141805586859476,1,19.877600276383234,6.539611853751879,-13.337988422631355,8.602132535358436,9.152416926228213,0.550284390869777,13.48138359332367,14.605858302202307,1.1244747088786369,18.226557638501063,18.0814747901577,-0.14508284834336393,8.882472493536255,8.352881534294,-0.5295909592422561,15.7806869840542,28.118590114522732,12.337903130468533
2024-09-20,14.294404944779457,1,20.900829317439374,6.316721538446018,-14.584107778993356,8.515575826198159,10.994527365239733,2.4789515390415744,14.270627108546421,14.515606787474539,0.244979678928118,17.92605298930951,17.877701077690503,-0.04835191161900809,8.481006308571793,9.140176348090506,0.6591700395187132,15.672338118611478,26.92169655173545,11.249358433123973
2024-09-27,14.213213015914228,1,20.967976875349734,6.139431542019153,-14.828545333330581,8.077659848532988,10.161511744388335,2.0838518958553465,14.385419190759322,15.813120094643594,1.427700903884272,17.59237207365949,15.987323340745846,-1.6050487329136445,6.614928233139025,7.797910466870491,1.1829822337314653,17.640921874044807,29.379980906817934,11.739059032773127
2024-10-04,13.922098732734456,1,21.30632011661622,5.905721385157904,-15.400598731458317,7.340219258248268,13.589396877678865,6.249177619430597,13.792207315381305,18.166615634127524,4.3744083187462195,17.466386043394877,12.946409382012902,-4.519976661381975,6.037905565293002,5.928282029657055,-0.10962353563594718,17.58955409747307,26.99616708777249,9.406612990299422
2024-10-11,15.505456158416914,1,19.540430777073155,6.414669339462932,-13.125761437610223,13.658939517452907,14.176574318220275,0.5176348007673681,14.823547920111153,18.931314541910695,4.107766621799541,19.94976098423716,16.845488635625202,-3.104272348611957,5.342465392127551,8.162678260996856,2.820212868869305,19.717592359499562,28.502011854285513,8.78441949478595
2024-10-18,16.52223190829601,1,23.966454813406315,7.720709370578504,-16.24574544282781,13.903695891558002,13.656478929228285,-0.24721696232971624,16.67223636688837,21.60376945242143,4.9315330855330615,19.442243252369025,16.912394330078385,-2.5298489222906397,5.5279586093475785,8.391730018167834,2.8637714088202557,19.620802516206766,30.848309349301587,11.227506833094822
2024-10-25,16.626968433755252,1,22.26077425647425,7.11405302618644,-15.14672123028781,14.956362130470964,14.901380075482194,-0.054982054988769846,17.76909225774982,21.080267843328542,3.3111755855787237,18.855357961286373,17.53860617933414,-1.3167517819522345,6.081094967929758,9.463239643230693,3.3821446753009354,19.83912902862035,29.664263834969532,9.825134806349183
2024-11-01,16.16200040303087,1,21.061368213267315,6.417107074928424,-14.64426113833889,14.961810136653412,14.996025998955545,0.03421586230213336,17.07946018932755,21.20131566136557,4.121855472038021,18.92748775879687,16.032319002374066,-2.8951687564228052,5.139710169354373,9.57148365941974,4.431773490065368,19.802165950785692,28.753751021141895,8.951585070356202
2024-11-08,15.242623644417982,1,21.96290054418239,8.096033538007006,-13.866867006175383,14.129134272395746,13.785508392776777,-0.34362587961896907,17.66016588209733,22.716509177223685,5.056343295126354,16.504208044213726,13.555897730016397,-2.948310314197329,4.024237512238045,6.975059512960229,2.9508220007221837,17.175095611380655,26.326733515523784,9.15163790414313
2024-11-15,15.063485892188597,1,21.25040607752406,8.497705920253424,-12.752700157270638,14.544489607021319,14.825195509526466,0.28070590250514726,17.09765142541407,21.731747934162186,4.634096508748115,16.384067304943187,13.106354914283386,-3.2777123906598007,3.786077727184633,8.136158340359742,4.350080613175109,17.318223211044312,24.083752734546366,6.765529523502053
2024-11-22,15.747334308373384,1,22.0246984291542,10.599141810641598,-11.425556618512601,14.110595365227624,15.91348499675442,1.8028896315267957,19.688790308805935,20.529063735879205,0.8402734270732708,14.370024205938378,13.085768752265167,-1.284255453673211,5.63357607780587,10.075600664044572,4.442024586238702,18.656321463308302,24.280945890655374,5.624624427347072
2024-11-29,15.262957372937839,1,21.288547378256766,9.812375332374188,-11.476172045882578,14.525661337936029,14.851913718559345,0.3262523806233162,19.62082472370834,20.180751504677914,0.559926780969576,12.815951028298798,13.773676425654003,0.9577253973552047,5.501919229697606,9.228093895481209,3.726174665783603,17.824840539729493,23.730933360880357,5.906092821150864
2024-12-06,16.223169162385556,1,22.355534217518723,11.21678433003045,-11.138749887488274,15.053596404360604,15.526219038466465,0.4726226341058606,19.138174929059446,20.424953500038754,1.2867785709793083,14.52981552159305,16.06790113726018,1.5380856156671285,6.155201356731979,9.449656212217945,3.2944548554859665,20.10669254504954,24.65350075629955,4.54680821125001
2024-12-13,16.592496119104883,1,23.430583115386938,11.737578179974776,-11.693004935412162,14.19331117405251,16.693500409747827,2.5001892356953164,18.98386517271439,20.60069205662988,1.6168268839154933,15.377831367507298,16.703261978186376,1.3254306106790779,5.8196515078262365,9.199122064053668,3.3794705562274316,21.749734377141934,24.62082202603679,2.871087648894857
2024-12-20,16.934721261482974,1,24.32923727494554,14.047391131228864,-10.281846143716677,14.274238708485385,16.523076696700016,2.248837988214632,19.084708505895634,20.30571907495036,1.2210105690547266,17.907089341931083,19.180965945623242,1.273876603692159,5.289019222248655,8.751218751605307,3.4621995293566528,20.724034515391537,22.799955968790044,2.0759214533985073
2024-12-27,18.082222516961007,1,25.487058355754556,17.621069909665252,-7.865988446089304,18.961268034937987,10.327331518844403,-8.633936516093584,12.228749405614224,22.847307788730447,10.618558383116223,15.860338230845684,22.151493266777948,6.291155035932263,8.265496140259486,12.386181147855297,4.12068500759581,27.690424934354112,23.159951469892718,-4.530473464461394
2025-01-03,17.31098025361742,1,23.834794122581783,17.625152392882356,-6.2096417296994275,16.072933056375746,9.398130737818704,-6.674802318557042,12.33114974865913,22.18179565142428,9.850645902765152,15.508080546735883,21.102269362252528,5.594188815516645,8.426268670546904,11.415462786278411,2.9891941157315074,27.692655376805078,22.143070591048257,-5.549584785756821
2025-01-10,18.433312609743176,1,24.89194237366145,19.45185430991272,-5.440088063748732,19.880576465571124,5.961672598557314,-13.91890386701381,12.887229079020202,22.395032810775575,9.507803731755374,15.169836846011364,26.95038541741455,11.780548571403187,8.50162275666348,10.803421210977916,2.3017984543144365,29.268668137531435,25.037509310820965,-4.23115882671047
2025-01-17,16.752900890324383,1,22.559809904010976,19.476665373306602,-3.0831445307043737,9.185800623995931,5.429288864143629,-3.7565117598523017,14.711163602683555,23.231970891524696,8.52080728884114,15.355364829020075,16.602873315264077,1.2475084862440013,9.45136559076225,11.429081172617273,1.9777155818550227,29.253900791473512,24.347525725090023,-4.9063750663834895
2025-01-24,17.33614046129721,1,21.390268053661785,20.02995398824403,-1.3603140654177537,9.786869722569406,6.656515174724689,-3.1303545478447177,15.219754473915302,23.67558312565535,8.455828651740049,17.84494016147734,19.538874487645387,1.6939343261680477,9.862183559862189,12.488653811613247,2.6264702517510585,29.912826796297225,21.62726217990054,-8.285564616396684
2025-02-07,18.46203240061391,1,22.4845404118075,22.566284878301914,0.08174446649441336,11.75268472382578,7.918426826944042,-3.834257896881738,16.425265038090373,24.539390936477943,8.11412589838757,19.03070652651975,20.89873044029399,1.8680239137742376,10.899506803969587,14.262063042817047,3.3625562388474606,30.17949089947048,20.58729827884848,-9.592192620622
2025-02-14,17.571002145648034,1,22.134519983103957,21.414169207187342,-0.7203507759166143,5.857532745930527,7.041244348658665,1.1837116027281382,17.000322777417963,21.86963256874097,4.869309791323005,19.389896835686883,18.796530043936627,-0.5933667917502561,10.4207075648401,15.521306323365081,5.100598758524981,30.62303296690878,20.7831303819995,-9.839902584909282
2025-02-21,17.284339362177302,1,21.172408185808393,19.856600851508105,-1.3158073343002883,5.098747198386178,8.560086122642886,3.461338924256708,16.661276870005423,23.657840132569333,6.99656326256391,21.986134490348903,21.352888121008817,-0.6332463693400854,9.224550464390177,14.231749782653935,5.007199318263758,29.562918964124734,16.046871162680716,-13.516047801444017
2025-02-28,17.47281785189541,1,23.091815903146397,19.74633713126815,-3.3454787718782484,5.053257814998247,11.245284464534436,6.192026649536189,14.627990538521516,24.095727578029198,9.467737039507682,21.23055589628244,20.22489033793063,-1.005665558351808,9.751542594577018,14.552448237277389,4.800905642700371,31.081744363846838,14.972219362332666,-16.10952500151417
2025-03-07,18.225276810436956,1,20.83140086647346,16.648478731162186,-4.182922135311273,6.128934956112786,14.09919106004871,7.970256103935924,15.750034689325119,27.7223526109899,11.972317921664782,21.321273633658024,20.993517050448887,-0.3277565832091369,13.457839195589699,14.731721626765918,1.2738824311762187,31.862177521462655,15.156399783206155,-16.7057777382565
2025-03-14,16.745418217113496,1,23.588579067349386,18.34896835666956,-5.239610710679827,3.312323949761506,12.859488466100032,9.547164516338526,16.194690970204746,20.95132353342791,4.756632563223164,21.01752678531517,20.07899622953849,-0.9385305557766799,11.831362059789242,7.314558450619003,-4.516803609170239,24.528026470260926,20.919174266325967,-3.6088522039349584
2025-03-21,16.31549548446925,1,20.03070399292254,23.3745758607284,3.343871867805859,3.0669044575771807,10.073014466286565,7.006110008709385,14.630731804493891,16.34552757952349,1.7147957750296001,20.772155984144803,20.795125081427273,0.022969097282469875,10.989818561754461,9.044550567171228,-1.945267994583233,28.402658105922626,18.260179351678545,-10.142478754244081
2025-03-28,16.94152771071127,1,26.24588019916102,18.445489149074845,-7.800391050086176,4.060342194890325,15.745281448030653,11.684939253140328,14.071118589862408,20.689719503134796,6.618600913272388,19.218204561623565,19.33190431128439,0.11369974966082452,11.802349487850634,9.027657120426412,-2.7746923674242225,26.251271230879667,18.409114732316525,-7.842156498563142
2025-04-11,17.355121844280532,1,29.363957734515466,17.052870257945344,-12.311087476570123,6.563537101156783,20.14258920550941,13.579052104352627,12.77436246337696,20.893173713372192,8.118811249995233,18.784823451812613,19.0553505113095,0.27052705949688516,14.785641150818478,12.196496527204118,-2.5891446236143594,21.858409164002893,14.790250850342687,-7.068158313660206
2025-04-18,17.458211798467243,1,26.971802606901818,20.236689617224755,-6.735112989677063,8.76014404452718,16.684892448410935,7.924748403883754,12.943430301001058,19.26835814105867,6.324927840057612,20.904700174470634,22.736839856733894,1.8321396822632607,13.58913298806172,12.816305019008382,-0.7728279690533384,21.580060675841054,13.006185708366871,-8.573874967474183
2025-04-25,17.43720105475215,1,27.77959387207102,21.87356558670912,-5.906028285361899,8.714404864312115,14.510358047911566,5.795953183599451,12.568651176158298,18.885366146506797,6.3167149703484995,21.61598286835121,23.151718469274584,1.535735600923374,13.777619011944878,12.82658855887209,-0.9510304530727893,20.166954535675387,13.375609519238779,-6.791345016436608
2025-05-02,17.139613410486444,1,27.592527258465324,20.626267884254148,-6.966259374211177,9.792813762385023,15.337107003520089,5.544293241135065,11.71508121323319,24.547201591559542,12.832120378326351,18.165784895298543,18.021574382652176,-0.1442105126463673,14.311763232972964,12.594179089771586,-1.7175841432013783,21.259710100563623,11.711350511161072,-9.548359589402551
2025-05-09,17.3233595337796,1,29.0132898657791,20.428728902742208,-8.584560963036893,10.65031075114392,16.08350509017147,5.433194339027551,11.693067724941528,25.148890713562608,13.45582298862108,16.95887997735872,17.48403348510341,0.5251535077446903,14.566066275854965,12.205925053676964,-2.360141222178001,21.05854260759935,12.589073957420922,-8.469468650178428
2025-05-16,16.60692665632295,1,23.34981090059412,19.672952767408177,-3.676858133185945,11.84058507297442,15.457480917424235,3.6168958444498145,12.776315956539051,21.374798063997304,8.598482107458253,14.913087330144833,16.710010374456743,1.7969230443119102,14.572760122365665,13.46235977579066,-1.1104003465750054,22.189000555319623,12.963958038860639,-9.225042516458984
2025-05-23,16.960819440044347,1,27.36224965677299,21.022561007819647,-6.3396886489533415,12.092272181475408,17.085556112747412,4.993283931272003,13.311566225765176,17.408358650213515,4.0967924244483385,15.31517496352447,17.71360982153702,2.39843485801255,14.950028221558398,12.463329455306834,-2.486698766251564,18.73362539116964,16.07150159264161,-2.662123798528029
2025-05-30,17.90772673142541,1,28.42199253129351,21.474975749163463,-6.947016782130049,13.578776263818355,17.300399017270735,3.7216227534523796,13.43085415168244,16.961119724573322,3.530265572890883,17.46080116098544,18.719170589575057,1.2583694285896172,15.464898019868102,13.036350752416709,-2.4285472674513926,19.0890382609046,19.954344555553135,0.8653062946485335
2025-06-06,18.394336407263662,1,28.935166017752024,20.584234128849417,-8.350931888902608,13.54703530173829,18.318588309602546,4.771553007864256,15.31397510920452,18.388874276848057,3.0748991676435367,17.447481171999215,18.287099980978823,0.8396188089796084,15.773357622301049,13.583940995372075,-2.189416626928974,19.34900322058688,21.20328075193106,1.8542775313441808
2025-06-13,18.699185917434672,1,30.164609091474645,22.14479075775597,-8.019818333718675,15.424815747851937,22.195490263250775,6.770674515398838,13.756989693821069,16.13716097507536,2.3801712812542917,18.74663562974986,18.936721228700492,0.19008559895063115,14.391984783767555,10.806398740961626,-3.5855860428059287,19.710080557942973,21.97455353886383,2.264472980920857
2025-06-20,19.844214598856354,1,31.91163156037011,25.962493507892006,-5.949138052478105,20.295538791917636,22.962734010229156,2.6671952183115195,11.024055362051499,17.026657637704233,6.002602275652734,19.272672119944644,18.931103901604487,-0.34156821834015716,14.860387939460338,12.356477969496893,-2.503909969963445,21.701001819393895,21.825820566211334,0.12481874681743932
2025-06-27,19.353388943800777,1,29.139312149652696,22.26235402295795,-6.8769581266947455,18.906143520592238,24.60436053836004,5.698217017767803,11.776257270456611,15.709557776340176,3.9333005058835653,16.96964161251033,15.723188216897583,-1.2464533956127468,17.45039639577847,13.686761939143295,-3.763634456635174,21.878582713814325,24.13411116910565,2.2555284552913264
2025-07-04,20.558556121194368,1,29.551586865225715,23.065466681278963,-6.486120183946753,20.373852025969242,24.446743829402692,4.07289180343345,15.584346319983709,18.263270063488335,2.678923743504626,17.968065385065785,16.19085677853421,-1.7772086065315733,18.34996673062936,16.794170247715726,-1.5557964829136353,21.5235194002924,24.590829126746286,3.0673097264538853
2025-07-11,20.89617802078122,1,29.984256679413463,24.247581276802805,-5.736675402610658,23.106417199831895,24.014975059614514,0.9085578597826185,15.87994717850934,18.850092744626878,2.9701455661175373,18.68112563675308,16.246863813391613,-2.4342618233614672,16.446075291110418,16.93701051731712,0.4909352262067017,21.27924613906913,25.08054471293441,3.8012985738652816
2025-07-18,18.453910553930196,1,28.951236467088833,23.50012398881985,-5.451112478268982,17.830930048847662,21.84358324302906,4.0126531941813965,15.947243023437835,18.17051644285239,2.2232734194145536,15.869276477203826,15.368874708079574,-0.5004017691242524,13.227416744075839,11.946761572206327,-1.2806551718695118,18.89736056292719,19.89360336859403,0.9962428056668386
2025-07-25,18.90236883867222,1,28.698291537841015,25.171961887980117,-3.526329649860898,15.853942954996015,19.905013204586012,4.051070249589998,19.447850790527255,19.70293822036973,0.2550874298424759,16.311575207669605,16.0570792035722,-0.2544960040974047,12.851358189355679,12.13388863075673,-0.7174695585989497,20.251194351643747,20.443331884768483,0.19213753312473614
2025-08-01,19.978617208395757,1,33.630790533100296,30.48949519301297,-3.141295340087325,21.005275863527075,31.159782730306134,10.154506866779059,17.342311338846088,17.467307002688827,0.12499566384273919,10.458196260400257,8.775043818724868,-1.6831524416753894,15.0462021767907,13.538435764686369,-1.5077664121043313,22.388927077710136,18.44163874095534,-3.947288336754795
2025-08-08,18.25104616698533,1,23.212349382003907,31.42650391858035,8.214154536576444,18.956767538610336,22.63084290782004,3.674075369209703,20.594760724891344,16.53102833405194,-4.063732390839405,7.141029845281992,5.655594658424107,-1.4854351868578846,15.526986053703283,13.00000321053227,-2.5269828431710124,24.07438345742112,20.26230397250326,-3.8120794849178594
2025-08-15,19.05622046308769,1,22.539708529873977,32.82993163558223,10.29022310570825,19.46638899569936,23.30194600541816,3.835557009718798,21.126345241926046,17.073043892780973,-4.053301349145073,6.929075192523214,5.894829337563408,-1.0342458549598064,18.221540201931603,13.72363049100197,-4.497909710929633,26.054264616571942,21.51394141617942,-4.540323200392521
2025-08-22,18.9237659629132,1,23.614757318885296,32.05470164097274,8.439944322087442,20.321483487716975,25.20059576538759,4.879112277670615,18.84538814873642,15.668447927115295,-3.1769402216211233,6.333602943202877,4.89431787766685,-1.4392850655360263,18.61954243809319,14.787814111753846,-3.831728326339345,25.80782144084445,20.936718454582916,-4.871102986261533
2025-08-29,19.26014004575987,1,23.652690964672445,30.86812581280151,7.215434848129064,20.109124212940173,26.106661659464393,5.99753744652422,17.388421531074925,14.563939265957927,-2.8244822651169983,8.860254259322076,6.4042227974358354,-2.4560314618862407,18.958100389009147,13.758122181986863,-5.1999782070222835,26.592248917540445,23.859768556912655,-2.7324803606277897
2025-09-05,20.178329231468627,1,25.880423920974962,33.54706523859711,7.666641317622151,18.21734212804668,25.487776731255906,7.270434603209225,20.677347410504524,17.727072783216627,-2.9502746272878966,10.710707893711941,9.347735206802753,-1.3629726869091883,18.407090831032676,12.423622530707647,-5.983468300325029,27.17706320454097,22.536702898231724,-4.640360306309248
2025-09-12,16.187227721804422,1,15.553712125041429,24.389705009376044,8.835992884334615,18.180255530309367,21.243742257083667,3.0634867267743005,20.931190013312914,13.005220513449146,-7.925969499863768,11.608650887379156,9.751727683306143,-1.8569232040730128,18.710719711465202,11.855343490144833,-6.85537622132037,12.13883806331846,16.877627377466695,4.738789314148235
2025-09-19,16.575308926351997,1,16.29056319734714,22.159910822489678,5.869347625142538,19.859208480935564,21.61769091947103,1.7584824385354665,19.965950984568494,12.272267067536262,-7.6936839170322315,11.93817698231571,10.685439174819336,-1.2527378074963735,20.778306721222663,13.800232731139928,-6.978073990082734,10.619647191722422,18.916312842655742,8.29666565093332
2025-09-26,16.420177241490396,1,17.037359219018285,21.672074221250853,4.634715002232568,20.13179690617585,20.5188587175889,0.38706181141304796,19.894691863125487,12.43126352618215,-7.463428336943338,12.160346918542515,11.009005895842492,-1.1513410227000236,20.954739011343094,15.010006299801105,-5.944732711541988,8.34212953073714,17.87985478827686,9.53772525753972
2025-10-03,16.013302714030562,1,13.24199807144295,18.640790133586293,5.398792062143343,18.553319419944714,20.365553144271217,1.8122337243265036,21.100076227486397,13.965638346816405,-7.134437880669992,12.114303380382395,10.279801945994478,-1.8345014343879171,23.10647673029726,17.0874722603822,-6.01900446991506,7.96364245462965,15.740560453132801,7.776917998503151
2025-10-10,16.48052776763713,1,13.022462508710191,19.68152204574649,6.659059537036299,18.23819145423215,19.80577806482114,1.5675866105889895,21.021918736711115,15.68299033560318,-5.338928401107935,12.444145637917813,10.18743268648413,-2.256712951433684,23.103988991015697,17.16379319669467,-5.940195794321028,11.052459277235826,16.361650276473185,5.309190999237359
2025-10-17,16.291894679083263,1,12.34284682613729,21.017352312333486,8.674505486196196,18.481474430469262,19.658755964315063,1.1772815338458003,20.926342139937105,15.478997175010392,-5.447344964926714,11.69960649755015,10.053216127901848,-1.6463903696483015,22.489972603380835,16.414292645839836,-6.0756799575409985,11.811125577024939,15.128753849098928,3.317628272073989
2025-10-24,16.388018836855363,1,12.077880652939555,20.22814964106942,8.150268988129866,17.967604702455574,18.10017595833446,0.13257125587888652,21.551452805645766,16.042712190171486,-5.508740615474281,12.179281498256671,10.419636776232124,-1.7596447220245466,21.880565827041806,15.754078938441964,-6.1264868885998425,12.671327534792809,17.78335951688271,5.112031982089903
2025-10-31,18.834701737968008,1,13.183046219623819,17.383881364688634,4.200835145064815,21.40955181878742,20.138448373322333,-1.2711034454650871,20.137272120945966,16.00384830188986,-4.133423819056105,17.095020227869668,15.836721985856954,-1.2582982420127138,27.970816646891237,25.995515386946224,-1.975301259945013,13.212503393689929,17.649795015104047,4.4372916214141185
2025-11-07,18.12829499127377,1,12.644926977445905,18.04664314696511,5.401716169519204,21.417511420596142,20.861567208870653,-0.5559442117254889,19.039846923970657,14.407944300770723,-4.6319026231999345,15.660888979607918,13.512410030950846,-2.148478948657072,26.7719500836982,25.480048803837704,-1.2919012798604967,13.234645562323792,16.461156456247593,3.226510893923802
2025-11-14,16.693185170487116,1,11.880401452486907,18.078065812116378,6.197664359629471,19.319256207042542,18.41357085395697,-0.9056853530855733,18.546860232686967,15.023575612211786,-3.523284620475181,12.637480252331144,9.201855570896143,-3.4356246814350015,23.887330687103486,21.780162702060366,-2.1071679850431195,13.88778219127164,17.661880471681044,3.7740982804094045
2025-11-21,15.428549979950487,1,12.133382117334051,14.22619404766796,2.0928119303339088,20.05628412946311,17.503476887675873,-2.552807241787235,13.65964499778606,13.96254055263924,0.30289555485317976,11.845134824451677,9.099711417835053,-2.7454234066166237,23.167639526065116,22.042326046337294,-1.1253134797278221,11.709214284602908,15.737050927547472,4.027836642944564
2025-11-28,14.607062606193905,1,11.79365871709426,14.638609136273445,2.8449504191791846,18.66893200307645,15.974266673485502,-2.694665329590947,12.973194567170992,11.399419281670276,-1.5737752855007159,11.246603600429353,9.14102619355873,-2.105577406870623,21.128572974713293,20.437294830259432,-0.6912781444538609,11.831413774679078,16.05175952191607,4.2203457472369905
2025-12-05,14.660320873166553,1,11.416667167663917,13.866292658089463,2.4496254904255466,18.39219992818964,16.214630202606912,-2.177569725582728,13.003341386329339,11.985180344631075,-1.0181610416982636,11.713625478860592,9.344727488128811,-2.3688979907317815,21.52726856793268,19.20702122574167,-2.32024734219101,11.908822710023145,17.34407331980141,5.435250609778265
2025-12-12,14.224402556364218,1,11.786692798527582,13.423216027851467,1.6365232293238847,17.125162010783242,14.737773016917401,-2.387388993865841,14.20212862018407,13.947251212187183,-0.2548774079968865,9.515074818832673,8.140138611075827,-1.3749362077568463,20.413715118299066,17.736588694251253,-2.677126424047813,12.303641971558676,17.361447775902178,5.057805804343502
2025-12-19,15.160731364266155,1,13.54707081004301,13.286796342365136,-0.2602744676778741,19.04705804683202,13.376144678861792,-5.670913367970229,13.894185008595173,14.756960183031907,0.8627751744367345,10.636640738565262,9.98492384455021,-0.6517168940150526,20.407436182672598,19.3120760207092,-1.0953601619633986,13.431997398888868,20.24748711607866,6.8154897171897915
2025-12-26,15.518296052514934,1,13.59062894949048,13.547987191178137,-0.042641758312342404,20.26245622494781,15.485060111583635,-4.777396113364176,12.915359719156712,15.219088459870662,2.30372874071395,10.436652167269557,8.887314112715174,-1.549338054554383,22.50587950046753,19.6940115388215,-2.81186796164603,13.398799753757515,20.27631490092054,6.877515147163024
2026-01-02,17.45110204880822,1,12.282905744785978,14.971943976594915,2.6890382318089365,23.09709763160835,17.96066867206062,-5.136428959547729,12.606112718629618,14.58192542918674,1.975812710557122,15.587700740790893,14.049563924651736,-1.5381368161391578,26.82597879545024,23.438695687833246,-3.3872831076169945,14.306816661584236,19.70381460252203,5.396997940937794
2026-01-09,18.021707518468464,1,12.084334884108927,14.826474577664811,2.7421396935558846,23.159767448546503,17.817089696277804,-5.342677752268699,15.246440637962749,16.65620264277237,1.4097620048096218,16.07492428871501,13.645899687319172,-2.429024601395838,26.22336784710049,24.28907186399617,-1.9342959831043203,15.34141000437711,20.895506642780433,5.554096638403323
2026-01-16,18.27350400014728,1,10.245147574752309,14.367544425769424,4.122396851017115,23.831224296412216,18.339548548415166,-5.49167574799705,14.805866646693971,16.011981945561075,1.206115298867104,18.016500241944712,13.49636304431887,-4.520137197625843,27.4249221285001,26.1713770412008,-1.253545087299301,15.31736311258038,21.25420899561837,5.936845883037989
2026-01-23,19.125759692670943,1,13.86517318819267,19.151892248897383,5.286719060704712,22.738883697733087,15.98347368466274,-6.755410013070346,18.122419907859268,18.151391456862797,0.028971549003529162,16.34213087976927,13.527667860053427,-2.814463019715845,27.125590817322788,26.199053776749025,-0.9265370405737627,16.56035966514858,21.74107912880031,5.180719463651727
2026-01-30,18.83119567047177,1,15.100376506869196,21.34103247292083,6.240655966051634,21.735067862174148,15.678314791615506,-6.056753070558642,17.19841248453099,17.867480824458866,0.6690683399278754,14.833005264732435,10.095039457915703,-4.737965806816732,26.897049476208394,26.014809877560978,-0.8822395986474163,17.223262428315465,21.990496598358703,4.767234170043238
2026-02-06,18.70872078429389,1,17.32738067114896,20.12796980542643,2.800589134277473,20.7271487492591,17.945812510513647,-2.781336238745453,17.311111975888366,18.42801279056819,1.1169008146798234,15.067229870655439,10.10374506688791,-4.963484803767528,26.869665778394534,26.935229798593014,0.06556402019847951,14.949787660416945,18.71155473377415,3.7617670733572055
2026-02-13,18.850995482498202,1,18.775536932380675,17.10419555813084,-1.6713413742498346,18.51913857916847,19.759336948222384,1.240198369053914,18.269957184721733,21.03545586892369,2.765498684201958,17.324283681558512,12.463772751156625,-4.860510930401887,25.73567337725541,24.881270761518067,-0.8544026157373423,14.481383139904423,17.861941007037615,3.3805578671331915
2026-02-27,20.534799636441964,1,19.39528390983692,21.854184912420592,2.458901002583673,22.710534128434986,24.624748081987207,1.9142139535522205,18.273693262415136,20.031688564652782,1.7579953022376458,17.681871289301014,18.09221870354152,0.4103474142405048,31.446443086016103,21.174955954079408,-10.271487131936695,13.700972142647615,17.43100160197025,3.730029459322637
2026-03-06,16.2562499090291,1,15.008211537091896,17.84193328272562,2.8337217456337243,14.541316913225941,13.330251895216321,-1.21106501800962,16.455034911876524,18.746591820747824,2.2915569088713,19.708063812150627,20.880071620157707,1.1720078080070806,22.593524689113906,13.335566906190735,-9.257957782923171,9.231347590715714,13.4030839291364,4.171736338420686
2026-03-13,15.95662860564674,1,16.463689585487742,15.718563421297333,-0.7451261641904097,12.101851050455068,7.55816519471027,-4.543685855744798,14.91142392011291,15.530403829903562,0.618979909790653,21.57900860144659,24.97957698702271,3.400568385576122,20.002363723039792,18.29895829658703,-1.7034054264527612,10.681434753338337,13.654103904359516,2.9726691510211793
2026-03-20,16.061120794058706,1,17.729827161685336,15.450889349299771,-2.278937812385564,12.926136066106523,8.210962234551687,-4.715173831554836,12.585628997648996,14.972747462948277,2.387118465299281,21.910289002377226,24.907018478573704,2.996729476196478,20.09552318812709,18.680700619419383,-1.4148225687077058,11.119320348407072,14.144406619559433,3.025086271152361
2026-03-27,17.387425405053857,1,13.587513213842684,15.674690195234206,2.087176981391522,16.81515985775127,8.28329780564816,-8.531862052103108,14.549337429438637,15.999843901929964,1.4505064724913268,24.613456993006764,26.75181349540013,2.138356502393364,19.94506771617533,17.02896355076298,-2.9161041654123494,14.814017220108468,20.585943481347698,5.77192626123923
2026-04-03,16.692187925382008,1,13.21628396813422,16.495723172105045,3.2794392039708242,15.831052853548982,5.5272899807903,-10.303762872758682,17.178479527791765,18.423920990421763,1.2454414626299979,25.99757770828974,28.097548146988913,2.0999704386991738,18.29940921991154,16.429516264492747,-1.8698929554187913,9.630324274615802,15.17912899749328,5.5488047228774775
2026-04-10,17.12828284491829,1,13.228887798597128,17.947384803710975,4.718497005113846,17.719338312191155,6.095828847640433,-11.623509464550722,16.94525022330781,17.601988269575713,0.656738046267904,27.151441120742504,28.970901095116304,1.8194599743737996,17.134747023317672,14.997581640142457,-2.1371653831752155,10.590032591353463,17.156012413323836,6.565979821970373
2026-04-17,17.8439542968703,1,14.51681785857248,20.46668023216742,5.949862373594939,18.58466287902587,4.164914178816986,-14.419748700208885,16.764798566267245,19.062829083172957,2.298030516905712,28.051611581159122,31.595411426032996,3.543799844873874,17.830006257300354,15.428613149172477,-2.401393108127877,11.315828638896733,16.345277711858955,5.0294490729622225
2026-04-24,17.778203830771567,1,14.511899139438583,20.98039476180101,6.4684956223624255,18.25246495495759,3.8548132925958924,-14.397651662361696,16.689672372914146,18.607143884794937,1.917471511880791,27.266096667859117,30.531724395783485,3.265627727924368,17.98436117314924,15.620295559818445,-2.3640656133307942,11.964728676310727,17.074851089835633,5.1101224135249055
2026-05-01,15.72208852632256,1,12.584461193097184,19.18210588971405,6.597644696616868,17.66244225866545,1.9767661895363773,-15.685676069129073,14.860212282973976,16.317573405387975,1.4573611224139995,24.800206025499236,27.031062285330407,2.230856259831171,17.22698931501249,16.34557692379572,-0.8814123912167702,7.19822008268703,13.479446464170834,6.281226381483805
2026-05-08,15.33782771694539,1,11.408679126648039,18.705987183434615,7.2973080567865765,16.261541867151436,4.190634458284293,-12.070907408867143,13.820168389489211,13.268581508101533,-0.5515868813876779,25.58048101324229,27.639344927981938,2.0588639147396464,17.717516919175168,17.61149997792343,-0.10601694125173822,7.2385789859661855,10.610918245946564,3.3723392599803788
2026-05-15,15.311664932981948,1,11.018589547666835,18.146507197007566,7.127917649340731,13.161221079582049,6.238239484340966,-6.922981595241083,15.845387335211825,13.587483480307895,-2.2579038549039296,26.92158053152876,26.24756432731155,-0.6740162042172102,18.353967397593365,17.575826578329583,-0.7781408192637826,6.569243706308853,10.074368530594128,3.505124824285275
2026-05-22,13.448624034825736,1,10.783271984605221,15.585002555533492,4.801730570928271,11.528188404337953,5.723346010948234,-5.80484239338972,12.134717693949398,12.512724101270365,0.37800640732096724,22.190686868553996,21.5537662949218,-0.6369205736321959,18.137663019519977,17.633936600092497,-0.5037264194274798,5.917216237987873,7.68296864618803,1.7657524082001572
2026-05-29,13.795909578888173,1,10.573906442746448,17.768834395278773,7.194927952532325,10.77530711643604,5.73470215887744,-5.0406049575586,13.938697804653799,14.774186023307308,0.8354882186535093,22.131479352775315,20.546974658008608,-1.5845046947667072,18.981472322132063,16.976619063993724,-2.00485325813834,6.374594434585376,6.974141173863131,0.5995467392777556
2026-06-05,12.982360267371611,1,12.939733795695162,17.35306332560677,4.413329529911607,9.992583580765853,7.114960076439289,-2.8776235043265643,10.807041485350965,11.047150895069109,0.2401094097181442,19.680353066178625,18.98384462807229,-0.6965084381063349,18.261170533387386,16.693257898882777,-1.5679126345046086,6.213279142851675,6.701884780159432,0.4886056373077565
2026-06-12,13.720282871995286,1,14.734297177508992,15.498944132963828,0.7646469554548361,11.409351201970068,8.366602504550514,-3.0427486974195546,10.719712425727934,12.442917006759302,1.7232045810313679,21.271633327474348,18.32827376831999,-2.9433595591543593,17.693930853757777,20.82617893871111,3.132248084953332,6.492772245532592,6.85878088066697,0.36600863513437787
2026-06-19,14.252495176050244,1,15.2002989399641,14.294690055261611,-0.9056088847024881,13.413533958334128,8.255008673938775,-5.158525284395353,11.5873770960727,14.56200331892201,2.9746262228493094,20.13891867170331,21.403697149934274,1.2647784782309657,18.898488587520603,20.154553594260022,1.2560650067394192,6.276353802706623,6.845018263984784,0.5686644612781606
2026-06-26,14.226405086648667,1,16.739254349299486,14.492484145704921,-2.246770203594565,10.800932656880875,12.338896332508313,1.537963675627438,11.721690042845111,14.850641283172536,3.1289512403274244,21.421398607648257,20.60011547821665,-0.8212831294316061,18.087178065610715,16.89250278284939,-1.1946752827613238,6.587976797607553,6.183790497440171,-0.4041863001673818
2026-07-03,13.707198337409134,1,17.394692945594926,15.87820045527505,-1.5164924903198767,8.475139585291302,12.02647664556423,3.551337060272928,11.130959905680328,14.823330188251575,3.6923702825712468,19.214960069787793,17.328866569989145,-1.8860934997986476,18.103000312282404,16.034251428461346,-2.0687488838210584,7.924437205818052,6.152064736913488,-1.772372468904564
