date,TCI,lag_selected,FROM_Indonesia,TO_Indonesia,Net_Indonesia,FROM_Malaysia,TO_Malaysia,Net_Malaysia,FROM_Philippines,TO_Philippines,Net_Philippines,FROM_Singapore,TO_Singapore,Net_Singapore,FROM_Thailand,TO_Thailand,Net_Thailand,FROM_Vietnam,TO_Vietnam,Net_Vietnam
2014-12-19,13.020926037060448,1,17.608220247708033,19.348919150301995,1.7406989025939623,8.380403662807709,10.668580132822285,2.2881764700145766,16.916491596448694,14.043714274162937,-2.8727773222857564,18.603118158425843,16.31894792896965,-2.284170229456194,14.850129864258122,15.430576309231398,0.5804464449732762,1.7671926927142891,2.3148184268744387,0.5476257341601496
2014-12-26,12.747579903964201,1,17.259142934420964,19.17573954187351,1.9165966074525471,8.057168507094104,10.766416043219607,2.7092475361255026,16.666549321329228,13.671448600985613,-2.995100720343615,18.30854379317843,15.721546336406732,-2.586997456771698,14.420475173314145,14.873243273917922,0.4527681006037767,1.773599694448336,2.2770856273818225,0.5034859329334864
2015-01-02,12.654830012139465,1,17.676104307215567,19.453680817525253,1.7775765103096859,7.554074324059357,10.545500050618173,2.9914257265588162,16.41053111058028,13.60516256199503,-2.8053685485852498,18.338052495454164,15.386288187947713,-2.9517643075064512,14.296242301860445,14.612567394607751,0.3163250927473058,1.65397553366698,2.3257810601429156,0.6718055264759357
2015-01-09,12.695981923813134,1,17.424598452918147,19.364370546912284,1.9397720939941365,7.516215798287334,10.282634123624348,2.766418325337014,16.372699681780063,13.641287974694308,-2.731411707085755,18.210347619600213,15.33406555096451,-2.876282068635703,14.98625374309799,15.203083676714002,0.21682993361601177,1.6657762471950548,2.3504496699693362,0.6846734227742814
2015-01-16,12.763186707826668,1,17.505004499441128,19.416213567458712,1.911209068017584,7.481711175400392,10.189015389920854,2.7073042145204624,16.39940382662212,13.785374212061754,-2.6140296145603656,18.406921651383698,15.61746309939322,-2.789458551990478,15.127277771438074,15.265537891229158,0.13826011979108443,1.6588013226745915,2.305516086896347,0.6467147642217554
2015-01-23,13.04542720716418,1,17.845832872526046,19.698932618250026,1.8530997457239806,7.803256323870045,10.609618061819077,2.8063617379490324,16.51939332306719,13.797356105644027,-2.722037217423164,18.916425765470436,16.179176090925807,-2.7372496745446284,15.505194237166435,15.69262243576516,0.18742819859872384,1.6824607208849187,2.2948579305809744,0.6123972096960557
2015-01-30,13.018677121913894,1,17.99494044871561,19.98170803480896,1.9867675860933502,7.902444558328327,10.358416019393871,2.4559714610655448,16.484757791949818,14.02163596508528,-2.463121826864537,18.62819446226085,15.72833231833701,-2.8998621439238406,15.45253547316257,15.787989265411184,0.3354537922486145,1.6491899970661876,2.2339811284470557,0.584791131380868
2015-02-06,12.976862320083688,1,18.132701462932744,19.90839775654183,1.7756962936090872,7.884315141773328,10.314925239385332,2.4306100976120035,16.354580355186485,14.083908279756528,-2.2706720754299567,18.372805500565804,15.624994045572521,-2.7478114549932826,15.360079676230939,15.717772249482806,0.35769257325186743,1.7566917838128262,2.2111763497631074,0.4544845659502812
2015-02-13,13.069224895165322,1,17.92524130329531,19.592090313972875,1.6668490106775664,7.983923539651514,10.402948919170086,2.4190253795185725,16.60036804580973,14.32673317956629,-2.273634866243441,18.531666007743894,15.97517838116714,-2.5564876265767538,15.535111591762941,15.969221201089525,0.43410960932658327,1.8390388827285449,2.1491773760260173,0.31013849329747245
2015-02-27,13.321200518358824,1,18.17866354715713,19.912414895051498,1.7337513478943691,8.032407257388556,10.69411187951512,2.661704622126564,16.724470771885066,14.451814435715207,-2.2726563361698595,19.58291855134449,16.947195363223003,-2.6357231881214886,15.58260460518079,15.77923958271029,0.19663497752949866,1.8261383771969122,2.142426953937843,0.3162885767409307
2015-03-06,14.012868676125711,1,19.990336273289984,21.354402838628445,1.3640665653384616,8.858789437074336,11.80130029761223,2.942510860537894,16.535464624302207,14.658954552256247,-1.87651007204596,19.63352402567122,16.452558968302256,-3.180965057368965,17.137949228983402,17.507075497389664,0.36912626840626217,1.9211484674331132,2.302919902565421,0.3817714351323076
2015-03-13,14.108138488542878,1,19.995357474607815,21.915986152886703,1.920628678278888,8.85761399652462,11.584256558840138,2.7266425623155186,16.804362606234776,14.74752544917915,-2.056837157055625,19.65222290208075,16.4418358893694,-3.210387012711351,17.41315509485409,17.679469523817133,0.26631442896304236,1.9261188569552132,2.279757357164769,0.3536385002095557
2015-03-20,14.326943293572533,1,20.053079427051912,22.033199878917728,1.9801204518658153,9.240035754042339,11.45664632018159,2.216610566139252,17.053446366970817,15.085097961844966,-1.9683484051258517,19.74421347364772,16.70442702120249,-3.0397864524452274,17.991310520734217,18.41335864755149,0.42204812681727333,1.8795742189881963,2.2689299317369347,0.38935571274873837
2015-03-27,14.48606598496213,1,20.208242096777767,21.915178015567832,1.706935918790066,9.13890562333087,11.697387900368085,2.558482277037214,17.58233071943704,15.775069433479828,-1.8072612859572104,19.835365663500966,16.697682987224965,-3.1376826762760004,18.173357360318775,18.54670952163241,0.37335216131363325,1.9781944464073575,2.284368051499655,0.3061736050922974
2015-04-03,14.531735713597543,1,20.277492174243136,21.942419074450953,1.664926900207817,9.173247723126224,11.704583093141167,2.5313353700149435,17.664430789332627,15.948669086079164,-1.715761703253463,19.902415847803795,16.728908618976448,-3.173507228827347,18.16190797765094,18.601931860138805,0.44002388248786417,2.01091976942854,2.2639025487986686,0.2529827793701287
2015-04-10,14.389347812678396,1,19.868649966637747,21.557716014912174,1.6890660482744266,9.526872117450694,12.161367481950634,2.6344953644999407,17.185142311899256,15.364902690198022,-1.8202396217012335,19.802126290102777,16.607564248428574,-3.194562041674203,18.01655683942427,18.474218877901436,0.45766203847716724,1.9367393505556407,2.170317562679557,0.23357821212391627
2015-04-17,14.375956673035843,1,19.975045300141247,21.461439043265656,1.4863937431244096,9.135703836943904,11.817553551878447,2.6818497149345433,16.996281846946573,15.14428675544994,-1.851995091496633,19.539747356425877,16.258231102702027,-3.2815162537238507,18.471523086437657,19.022668897740687,0.5511458113030301,2.1374386113197943,2.551560687178295,0.4141220758585007
2015-04-24,14.28934856217404,1,19.58949804316225,20.768021933425942,1.1785238902636905,7.981697343228831,11.750307467680898,3.768610124452067,17.056466419820282,15.009908393693365,-2.0465580261269167,20.067788996444307,15.984065296793617,-4.08372369965069,18.669629333418925,19.5440258984582,0.8743965650392767,2.371011236969636,2.679762382992166,0.30875114602253007
2015-05-01,14.416641527751556,1,19.864195650192755,20.9257523903604,1.0615567401676458,8.065108828648818,12.625679317573898,4.56057048892508,16.687697251546865,15.158888025152649,-1.5288092263942161,20.197062973670796,15.126419014398152,-5.070643959272644,18.778119363766137,19.895067685568023,1.1169483218018854,2.907665098683964,2.7680427334561983,-0.1396223652277655
2015-05-08,14.075491462213186,1,19.682062230273146,20.227446224270253,0.5453839939971061,7.474203103960207,12.483917293787584,5.009714189827378,16.098395741927945,14.867339232788353,-1.2310565091395915,20.034215590396542,14.890785039747556,-5.143430550648986,18.424949168357657,19.228470047947496,0.8035208795898399,2.7391229383636215,2.7549909347378474,0.015867996374225868
2015-05-15,14.017733992837327,1,19.307815848129138,19.97926597646881,0.6714501283396714,7.352893226424101,12.642222292479104,5.289329066055004,16.255807078902677,15.145113540776407,-1.1106935381262701,20.006643661249655,14.681626436154232,-5.325017225095422,18.26951944998497,18.81966557049782,0.5501461205128493,2.9137246923334175,2.838510140647557,-0.07521455168586044
2015-05-22,13.77347256015507,1,18.895970905302647,19.6342276494305,0.7382567441278525,7.008822960299327,12.341732735433922,5.3329097751345955,16.1324414143711,14.818505116634867,-1.3139362977362339,19.80104361753395,14.480058981776295,-5.320984635757654,17.959168634151723,18.601150793510314,0.6419821593585908,2.843387829271677,2.765160084144526,-0.07822774512715114
2015-05-29,13.841117849378925,1,18.996376089210315,19.57793838045562,0.5815622912453051,7.092704248545445,12.669126152531987,5.576421903986542,16.20602153340006,14.958773153479441,-1.2472483799206202,19.909670638028373,14.447239156216568,-5.462431481811805,17.97861075950331,18.62882441053256,0.6502136510292473,2.8633238275860435,2.7648058430573457,-0.09851798452869787
2015-06-05,13.871739439086207,1,19.11584666011605,19.690757766389225,0.5749111062731771,7.093030296356133,12.646869290402549,5.553838994046416,16.238565737682976,14.991291434181576,-1.2472743035013991,20.053381056144502,14.486611225654684,-5.566769830489818,18.027149957662317,18.761864762909383,0.7347148052470658,2.7024629265552704,2.653042154979829,-0.049420771575441336
2015-06-12,13.631832675976007,1,18.653900889816967,19.03355583762682,0.3796549478098541,6.964860111068489,12.400198249264719,5.435338138196229,16.00618682883237,14.802296250798264,-1.2038905780341054,19.728939747527946,14.293109094825567,-5.4358306527023785,17.696350564813457,18.568451569335835,0.8721010045223778,2.7407579137968128,2.693385054004807,-0.047372859792005784
2015-06-19,13.716557855724593,1,18.64580361938225,19.238320218232616,0.5925165988503664,7.075368130901154,12.562677357893236,5.487309226992082,16.045309697361645,14.869414466984963,-1.1758952303766819,19.774695264365732,14.318810155338767,-5.4558851090269656,17.81372132583641,18.534276425855907,0.7205551000194959,2.944449096500364,2.7758485100421098,-0.16860058645825404
2015-06-26,13.69365745211431,1,18.61672411575381,19.18851635515003,0.5717922393962169,7.076314955047749,12.528145930431549,5.4518309753838,15.907098692607136,14.818740512337271,-1.0883581802698643,19.740337086999347,14.325671272817402,-5.414665814181944,17.772000049008582,18.484857825314762,0.7128577763061799,3.0494698132692406,2.816012816634853,-0.2334569966343878
2015-07-03,13.672633892401018,1,18.53732094280994,19.155196430318014,0.6178754875080728,7.06155809721146,12.51024723880387,5.448689141592411,15.90679999702509,14.763657623245479,-1.143142373779611,19.778816822259458,14.348400593789663,-5.430416228469795,17.790400541124995,18.51425810141069,0.723857560285694,2.9609069539751687,2.744043366838369,-0.21686358713679965
2015-07-10,13.509632724712096,1,18.374068346210223,18.645485547543302,0.27141720133307956,6.602879323278472,11.936032393655282,5.3331530703768095,16.14100129435589,15.133524615652433,-1.0074766787034548,19.33997394263986,13.983999158729318,-5.35597478391054,17.77801543510776,18.605202580589406,0.8271871454816448,2.8218580066803725,2.7535520521027763,-0.06830595457759614
2015-07-17,13.592742424630416,1,18.52419115595751,19.139476752965933,0.6152855970084232,6.687172998699111,12.486502060903632,5.799329062204521,15.99784378387831,14.794098470014248,-1.2037453138640615,20.120957759773034,13.847809436200336,-6.273148323572698,17.627265853115787,18.630729120259105,1.0034632671433172,2.599022996358741,2.6578387074392253,0.058815711080484334
2015-07-24,13.510653284193852,1,18.484828590304062,19.368277394283126,0.8834488039790642,6.637052855535444,12.261947204969417,5.624894349433973,15.808106893296355,14.407895172663132,-1.400211720633223,20.357632845753955,14.057427977155498,-6.300204868598456,17.35354168828478,18.271345509569713,0.9178038212849344,2.422756831988522,2.69702644652223,0.2742696145337078
2015-07-31,13.25373063706783,1,18.317932067206186,19.25304411279575,0.9351120455895625,6.101090129647815,12.446578924461335,6.3454887948135195,15.466328236548406,14.106105336871039,-1.3602228996773675,20.248528552434166,13.476940618370008,-6.771587934064158,16.818603221358913,17.627689701856312,0.809086480497399,2.569901615211492,2.6120251280525224,0.04212351284103022
2015-08-07,13.1198066908374,1,18.328540882525033,19.10376257645497,0.7752216939299359,5.510525435890372,12.596521884831475,7.085996448941103,15.270286178240013,13.774978617391454,-1.495307560848559,20.314135957964353,13.302792499391842,-7.011343458572512,16.655782060451983,17.308075812273785,0.6522937518218015,2.6395696299526463,2.632708754680891,-0.006860875271755162
2015-08-14,13.501352435309576,1,18.71019688685341,19.084661971811556,0.3744650849581461,5.399416579211021,13.086503050356654,7.6870864711456335,16.09555353017099,14.922216555443157,-1.1733369747278317,20.585953558300332,13.459400537516572,-7.12655302078376,17.604694819255784,17.979832990832648,0.37513817157686447,2.6122992380659156,2.475499505896863,-0.1367997321690524
2015-08-21,13.99273534537591,1,19.390016134522938,19.27278089157234,-0.11723524295059917,5.673547326114445,13.803859050409628,8.130311724295183,16.541775681364115,15.026481550746738,-1.5152941306173773,21.434185672182082,13.598148827057273,-7.836036845124809,18.728642676330665,19.813479409746677,1.0848367334160116,2.188244581741216,2.4416623427228643,0.25341776098164814
2015-08-28,13.882723877489147,1,19.33622415828708,19.084787052871235,-0.25143710541584596,5.7356026167651635,13.622175053172953,7.886572436407789,16.374935700713323,14.853472752303148,-1.521462948410175,21.08150754455852,13.26426607798156,-7.817241466576959,18.624794817531665,19.824882269099504,1.200087451567839,2.1432784270791245,2.6467600595065335,0.503481632427409
2015-09-04,13.751568284084707,1,18.885080882352312,19.10887159495566,0.22379071260334626,5.457630874604959,13.38398416742379,7.926353292818831,16.47952617830157,14.830730659164999,-1.64879551913657,20.968890724759362,12.904842948178995,-8.064047776580367,18.544450336180276,19.614598018519075,1.0701476823387992,2.173830708309765,2.6663823162657394,0.4925516079559742
2015-09-11,13.764930113376176,1,18.929355773486023,19.199920109413583,0.2705643359275598,5.571034569169598,13.319874949358407,7.74884038018881,16.46370979862857,14.938795717668938,-1.5249140809596327,20.912595121683538,12.904851796231284,-8.007743325452253,18.582401028787288,19.59354517197366,1.011144143186371,2.1304843885020404,2.6325929356111857,0.5021085471091453
2015-09-18,14.029379412952077,1,18.88932676172668,19.100647311113065,0.2113205493863859,5.7162319589483985,13.91863091664439,8.20239895769599,16.846292490116255,15.482006590134048,-1.3642858999822067,21.36383198652716,12.967707059614156,-8.396124926913004,18.684624443019587,19.7164981039939,1.0318736609743127,2.675968837374384,2.990786496212934,0.3148176588385496
2015-09-25,14.087845004565603,1,18.937665307613756,19.293515013865076,0.35584970625131973,5.848201092200341,14.33701991279014,8.488818820589799,16.94782257066143,15.63082875196784,-1.3169938186935894,21.466415675093998,12.950603110952798,-8.5158125641412,18.599462118283654,19.59919153096115,0.999729412677496,2.7275032635404415,2.715911706856616,-0.011591556683825388
2015-10-02,14.193372999925579,1,18.77182479518619,19.326389418418756,0.5545646232325652,6.018397738207341,14.413292405606427,8.394894667399086,17.06560415203458,15.89958161501005,-1.1660225370245314,21.74431531100916,13.210208163669009,-8.534107147340151,18.61168069014998,19.503657394226067,0.891976704076086,2.948415312966219,2.80710900262315,-0.14130631034306873
2015-10-09,14.813855967346958,1,19.833489100488293,20.35394713738455,0.5204580368962581,6.897763832468186,15.310953296198463,8.413189463730276,17.656328581284228,16.297573196803157,-1.3587553844810714,22.447911211895388,14.143286108638847,-8.30462510325654,19.002411711982177,20.048567493289198,1.0461557813070215,3.045231365963474,2.7288085717675443,-0.31642279419592967
2015-10-16,14.963925662800241,1,20.061132718336182,20.71613712985358,0.6550044115173961,6.975691380950494,14.721287166344027,7.745595785393533,18.027078580023883,17.12301297088632,-0.904065609137561,22.279813584086625,14.204901856816932,-8.074911727269694,19.266125512983933,20.28332131580845,1.0171958028245172,3.1737122004203258,2.734893537092134,-0.43881866332819186
2015-10-23,14.720556095444394,1,19.570643421962743,20.614738517912244,1.0440950959495012,6.941459002825752,14.69295227646262,7.751493273636868,18.10735453175478,17.06023437140375,-1.047120160351028,22.295972993319253,14.21613457251253,-8.079838420806723,18.316588545890653,19.087288922270858,0.7707003763802049,3.0913180769131827,2.65198791210436,-0.4393301648088226
2015-10-30,14.763177674321405,1,19.599696548838367,21.044438734181,1.4447421853426334,6.9869332328461695,14.96264453149756,7.97571129865139,18.003864518317314,16.91491966657715,-1.088944851740166,22.499063423358734,14.213569705819367,-8.285493717539367,18.335449601314835,18.76921847826135,0.433768876946516,3.1540587212530085,2.6742749295919737,-0.4797837916610348
2015-11-06,14.639528687855922,1,19.312699506805743,20.49865436511807,1.1859548583123285,6.87635908124669,14.631477948842004,7.755118867595314,17.830289186229805,17.006095272421533,-0.8241939138082728,22.166902294644814,14.481242565185823,-7.68565972945899,18.17733181542654,18.51859366261769,0.3412618471911486,3.4735902427819383,2.70110831295041,-0.7724819298315282
2015-11-13,14.777482860391288,1,19.454380522362783,20.904825722194232,1.4504451998314494,7.143426386387603,14.335722672122657,7.192296285735054,18.04417363945157,17.266113571270097,-0.7780600681814747,22.28285670864932,14.641969817308578,-7.640886891340742,18.279481683467836,18.82496803628557,0.5454863528177327,3.460578222028616,2.6912973431665677,-0.7692808788620482
2015-11-20,14.786549602534684,1,19.540559270989164,20.729993998240516,1.1894347272513528,7.223227153783284,14.369365033444467,7.1461378796611825,18.05745907159225,17.397785346238337,-0.6596737253539118,22.05672961860951,14.522731381119058,-7.533998237490451,18.41048673753781,19.042807356129686,0.6323206185918764,3.4308357626960913,2.6566145000360706,-0.7742212626600207
2015-11-27,15.003209408748988,1,19.644762911539345,20.325534575112428,0.6807716635730827,7.229433761822534,14.743894474554438,7.514460712731903,18.694985395084245,18.284325878060116,-0.4106595170241292,21.927623833713668,14.267817286040355,-7.659806547673313,18.807411298279632,19.588895546761137,0.7814842484815046,3.7150392520545097,2.808788691965418,-0.9062505600890916
2015-12-04,14.883517183445049,1,19.564544080169284,20.173943059179578,0.6093989790102938,7.4466970642579895,14.330765777829725,6.884068713571736,18.47776091195692,18.233696350691332,-0.2440645612655885,21.04827712522777,13.830187184594948,-7.218089940632822,18.58235804802611,19.865232592663162,1.2828745446370533,4.181465871032216,2.867278135711544,-1.3141877353206723
2015-12-11,15.471513959102753,1,20.492221740481128,20.84417019141084,0.3519484509297115,8.111508949220593,14.808591835675685,6.697082886455092,18.84343902358495,18.069621670089035,-0.7738173534959145,21.42220379334296,14.969002096389318,-6.453201696953641,19.932545336831268,21.313007133725336,1.3804617968940676,4.027164911155623,2.824690827326293,-1.2024740838293297
2015-12-18,15.886326732136773,1,21.256752877086882,22.111390061898348,0.854637184811466,7.877450398225122,14.194895632052862,6.3174452338277405,18.997425447710384,17.99660382331335,-1.0008216243970338,22.53557431734484,16.161387378535025,-6.374186938809814,20.487998104907504,21.95793881328558,1.4699407083780756,4.162759247545907,2.895744683735458,-1.2670145638104486
2015-12-25,15.836705854360494,1,21.045527526035016,21.24348536692912,0.19795784089410517,7.822895847456934,14.982257068103152,7.159361220646218,18.84723512956117,18.067020203828278,-0.7802149257328921,22.483730003801043,15.544273276149113,-6.93945672765193,20.55850612734683,22.047398617389177,1.4888924900423461,4.2623404919619645,3.1358005937641167,-1.1265398981978478
2016-01-01,15.696090498227912,1,20.76413722992818,20.952123802001694,0.18798657207351255,7.667373328336964,14.763415457716178,7.096042129379214,19.010600278710143,18.33486142881918,-0.675738849890962,22.027924791164395,15.133681569101867,-6.894243222062528,20.54341716431952,22.05586547490924,1.5124483105897184,4.163090196908271,2.9365952568193023,-1.226494940088969
2016-01-08,15.514841219549899,1,20.346629773884658,20.5156987122529,0.1690689383682411,7.667311636719418,14.598572623150176,6.9312609864307575,18.69348263441249,18.314321129165336,-0.3791615052471542,21.905701418140254,14.798814148530823,-7.10688726960943,20.381777473379742,21.968866695248195,1.5870892218684531,4.0941443807628275,2.8927740089519887,-1.2013703718108388
2016-01-15,14.940128487409536,1,19.433224458568375,20.163573187857907,0.7303487292895312,7.230878978843791,14.263817531561216,7.032938552717425,18.055507736666087,17.309684053963224,-0.7458236827028628,21.422318207938233,14.135454112563153,-7.28686409537508,19.227823617949454,20.789364009330924,1.5615403913814703,4.271017924491275,2.978878029180777,-1.2921398953104983
2016-01-22,14.930310602052964,1,19.55864418978078,19.97459004672129,0.41594585694051034,7.025975487929244,14.448013236994328,7.422037749065083,17.971464504442594,17.515290016847914,-0.45617448759468004,21.422961943409263,14.320813518854152,-7.102148424555111,19.32679817588496,20.358699389713635,1.0319012138286752,4.27601931087095,2.9644574031865005,-1.3115619076844496
2016-01-29,15.094420269771872,1,19.837778612455637,20.086672626539738,0.24889401408410095,7.182680747320276,14.677760956280906,7.49508020896063,18.286883868643102,17.741899678418378,-0.5449841902247243,21.647519094409617,14.623493747174365,-7.024025347235252,19.52165994067566,20.587648646763526,1.0659887060878646,4.089999355126935,2.84904596345433,-1.2409533916726048
2016-02-05,15.308846909019003,1,20.1781562022597,20.319508557321726,0.14135235506202548,7.474230249861307,15.514097979792027,8.03986772993072,18.273923300373426,18.096686797199936,-0.17723650317348927,21.751309392725787,14.608157664146702,-7.143151728579085,19.34279041320231,20.371669498128597,1.028879084926288,4.83267189569149,2.9429609575250595,-1.8897109381664308
2016-02-19,15.392812790526266,1,20.148610863827543,19.892649785228556,-0.2559610785989861,7.356324867381986,15.751504332376584,8.395179464994598,18.494853629994196,18.37638993637752,-0.11846369361667541,21.8431201418001,14.54945582251429,-7.29366431928581,19.656596302778695,20.84506334048281,1.1884670377041147,4.85737093737508,2.9418135261778815,-1.9155574111971987
2016-02-26,15.491959835404183,1,20.09126002192248,19.493444014798655,-0.597816007123825,7.279569870699305,17.106239559335464,9.826669688636159,18.985640344165688,18.712107176712905,-0.2735331674527828,22.778191070786107,14.598791052861003,-8.179400017925104,19.013969222321805,20.01117533974083,0.9972061174190259,4.803128482529715,3.030001868976214,-1.7731266135535009
2016-03-04,15.415485838001487,1,20.1759176961788,19.180117199175584,-0.9958004970032164,7.230055685086782,16.612401781305408,9.382346096218626,18.642545926247294,18.754878881391207,0.11233295514391273,22.84734712082839,14.796701515015954,-8.050645605812434,19.1544985625263,20.22762103380991,1.073122471283611,4.442550037141359,2.9211946173108885,-1.5213554198304706
2016-03-11,15.357957295473335,1,20.35058491447664,19.29655680681053,-1.054028107666113,7.243530223858201,16.204018465794647,8.960488241936446,18.556802826472307,18.905283855457057,0.3484810289847502,22.180397861790908,14.58774851023449,-7.5926493515564175,19.103116149798737,20.279421203068253,1.176305053269516,4.713311796443222,2.874714931475083,-1.8385968649681388
2016-03-18,14.94139207231801,1,20.132230809171276,19.401659344642923,-0.730571464528353,7.048588347036443,16.009163694813495,8.960575347777052,17.83660228016133,18.50474035855393,0.6681380783926016,21.627254429632472,13.741007507558848,-7.886246922073624,18.600587090632274,19.91224956469742,1.3116624740651446,4.403089477274264,2.0795319636415144,-2.3235575136327498
2016-03-25,14.864971988875062,1,20.111887147534432,19.316712438767766,-0.7951747087666661,6.994382940290336,15.783553075578283,8.789170135287947,17.834977432022782,18.323378172688734,0.48840074066595207,21.51767741650866,13.680167287837477,-7.837510128671184,18.438807674221195,19.674476892552605,1.2356692183314095,4.292099322672968,2.411544065825524,-1.880555256847444
2016-04-01,14.774399463971015,1,20.206612327109923,19.563110483595835,-0.6435018435140876,6.752904056703599,15.914844256155234,9.161940199451635,17.500013796628636,17.891507295861558,0.3914934992329222,21.635166997258935,13.346710239297991,-8.288456757960944,18.24102871399579,19.42801832578037,1.1869896117845826,4.31067089212921,2.5022061831351152,-1.8084647089940944
2016-04-08,14.43895818543679,1,19.94300964020853,19.069214090705714,-0.873795549502816,6.357047984222575,15.69469337872475,9.337645394502175,17.440207062224474,17.649555295512954,0.2093482332884804,20.921759284896893,12.91720290868389,-8.004556376213003,17.654116700269782,18.861074866645765,1.2069581663759834,4.3176084407984945,2.442008572347632,-1.8755998684508626
2016-04-15,14.177645618796475,1,19.999543902268073,19.367667385514395,-0.6318765167536782,6.017324554906196,15.700451807445205,9.683127252539009,16.973450622166283,16.762918813458285,-0.21053180870799793,20.63304630532791,12.389834027968988,-8.243212277358921,17.42928467345152,18.66198929522386,1.232704621772342,4.013223654658873,2.1830123831680766,-1.8302112714907963
2016-04-22,14.022109039906033,1,19.81464641891749,19.43552624494903,-0.37912017396845954,6.161456925629736,15.640807024232856,9.47935009860312,16.503001844962455,16.23855358638488,-0.26444825857757337,20.76151904898849,12.342271640795218,-8.419247408193272,17.096587484258038,18.356851824027004,1.2602643397689661,3.7954425166799837,2.1186439190471873,-1.6767985976327964
2016-04-29,13.448216908591947,1,19.09533902341377,18.9746639539633,-0.12067506945047057,6.12735143602589,15.886243395923202,9.758891959897312,15.576492648585784,15.03333283047543,-0.5431598181103539,20.483820941210382,12.057408864286955,-8.426412076923427,15.811949916189278,16.499750565053233,0.6878006488639556,3.59434748612658,2.2379018418495917,-1.356445644276988
2016-05-06,13.499690753872452,1,18.984856815667243,18.706373983480248,-0.2784828321869952,6.249378708026015,16.16260406126341,9.913225353237394,15.525701705873331,15.24108496522679,-0.2846167406465412,20.57150242152086,12.071084509739464,-8.500417911781398,15.62312815771908,16.449545924797576,0.826417767078496,4.043576714428184,2.3674510787272,-1.6761256357009842
2016-05-13,13.634593272725441,1,19.172852207655367,18.497662619069146,-0.6751895885862211,6.349644131888326,16.874656721370755,10.52501258948243,15.114188200386408,14.915455690087896,-0.19873251029851247,21.012625196089402,12.1736512084817,-8.838973987607702,15.936402777630803,16.737538959116876,0.801136181486072,4.221847122702343,2.6085944382262767,-1.6132526844760662
2016-05-20,13.584068411789184,1,19.114753508944858,18.076935406655366,-1.0378181022894921,6.326380849718859,17.30534864906963,10.97896779935077,14.781788427077075,14.599243938117084,-0.18254448895999076,21.08128571431098,12.140682401540332,-8.940603312770648,15.84712290493512,16.74472520019198,0.8976022952568599,4.353079065748219,2.63747487516072,-1.7156041905874986
2016-05-27,13.526571075574578,1,19.066576270366113,18.121841697198093,-0.9447345731680201,6.407238853018981,17.14664767697991,10.739408823960929,14.762754154312049,14.776496127690109,0.01374197337806038,20.858220249828975,11.981541046712863,-8.876679203116112,15.708250004311694,16.637507806678144,0.9292578023664504,4.356386921609655,2.4953920981883613,-1.8609948234212936
2016-06-03,13.554716905184106,1,19.01752546500299,17.96359033395204,-1.0539351310509488,6.324686601378389,17.33409027840287,11.00940367702448,14.9619502599747,14.953428999101419,-0.008521260873280312,20.905727170753366,11.90931512834402,-8.996412042409347,15.72549298751295,16.618591851619016,0.8930988641060651,4.39291894648224,2.5492848396852423,-1.8436341067969977
2016-06-10,13.699119309582372,1,19.282543453804422,18.4509669291769,-0.831576524627522,6.412150279332764,16.847571002967015,10.435420723634252,15.300988583977784,15.332035161455536,0.031046577477752635,20.991083207590492,12.41423667383225,-8.576846533758243,15.80414143550935,16.677277973202095,0.8731365376927442,4.4038088972794185,2.472628116860463,-1.9311807804189556
2016-06-17,13.755711048209506,1,19.22893196227308,18.331260976664836,-0.8976709856082437,6.4426582461266975,16.80777422118615,10.365115975059453,15.650169426822586,15.743918543702847,0.09374911688026089,21.057544625629532,12.416592588883447,-8.640952036746086,15.766527079028634,16.66500041313506,0.898473334106427,4.388434949376503,2.5697195456846913,-1.8187154036918116
2016-06-24,13.656002578846214,1,19.19658429814507,18.28531515977545,-0.9112691383696188,6.059718080534807,16.55989448552326,10.500176404988451,15.502643635782945,15.59469135246232,0.0920477166793745,20.8226871018865,11.960032626946258,-8.862654474940243,15.932507336758192,16.993277669777413,1.0607703330192209,4.421875019969775,2.5428041785925757,-1.8790708413771995
2016-07-01,13.511212183193352,1,18.790863800689678,17.976659412885326,-0.8142043878043523,5.990486591114362,16.433763631355617,10.443277040241256,15.42967617729984,15.683886296191602,0.2542101188917627,20.636126837670375,11.694115990858464,-8.942010846811911,15.629747022483372,16.648283582599717,1.0185365601163454,4.590372669902493,2.6305641852694066,-1.9598084846330863
2016-07-15,13.610115794667683,1,19.196345780584466,18.27972238625931,-0.9166233943251569,5.853455899810655,16.339675186690954,10.4862192868803,15.534942430559596,15.820369097950291,0.2854266673906949,20.638529665824905,11.754883757697826,-8.883645908127079,15.791729721967812,16.856246582800665,1.0645168608328532,4.645691269258663,2.609797756607037,-2.0358935126516258
2016-07-22,13.558843305596831,1,19.17977404975082,18.495408230172558,-0.6843658195782609,6.001100674918362,15.85690636377467,9.855805688856307,14.984733963120732,15.458331967817173,0.4735980046964414,21.09493191175406,12.308408882631852,-8.786523029122208,15.597305993416526,16.70613225755659,1.1088262641400632,4.495213240620487,2.527872131628115,-1.9673411089923718
2016-07-29,13.634441706729957,1,19.373986849708302,18.49841878139864,-0.8755680683096614,5.955116880486713,15.870367057184296,9.915250176697583,15.078588976803658,15.97865119616074,0.900062219357082,21.079047038106438,12.147329928885782,-8.931717109220656,15.747451693831039,16.878742212971204,1.1312905191401654,4.572458801443588,2.4331410637791464,-2.1393177376644417
2016-08-05,13.096938511680692,1,17.749600441862512,16.96679299277369,-0.7828074490888213,5.871150755796194,15.617686173187778,9.746535417391584,15.37882305120121,16.465798091625444,1.0869750404242353,19.976443226714423,11.242457228365225,-8.733985998349198,14.649627706269712,16.03622827691173,1.3866005706420168,4.955985888240107,2.25266830722029,-2.7033175810198173
2016-08-12,13.02690954642645,1,17.505102159872067,16.53009446657937,-0.9750076932926959,5.705449174785059,15.518618812634699,9.81316963784964,15.405720636397504,16.74623267542556,1.3405120390280558,19.873450500036768,11.258315386184208,-8.61513511385256,14.382717217435129,15.882722051733566,1.5000048342984371,5.289017590032174,2.2254738860013106,-3.063543704030863
2016-08-19,12.209181928085036,1,16.496116257835638,15.288324808265429,-1.207791449570209,4.898091798561197,14.629886210651904,9.731794412090707,13.929123848514791,15.668354321003036,1.739230472488245,19.214345654373744,10.582545771358582,-8.631799883015162,13.630515266895628,14.920458122940687,1.2899428560450588,5.086898742329211,2.165522334290557,-2.921376408038654
2016-08-26,12.170318570577114,1,16.56147008339032,15.450665562365828,-1.110804521024491,4.901040065428859,14.726656674895409,9.82561660946655,13.871854253664864,14.978961659310258,1.1071074056453938,19.29658493804166,10.658514862535739,-8.638070075505922,13.798367662838643,14.888268635043218,1.0899009722045747,4.592594420098337,2.3188440293121886,-2.273750390786148
2016-09-02,12.183024584249589,1,16.509406825423213,15.69714685224406,-0.8122599731791524,4.994942031621591,14.661377466129167,9.666435434507576,13.880705657803603,14.75977296541592,0.879067307612317,19.43183196527228,10.775079417454805,-8.656752547817476,13.756580691593214,14.988802506891787,1.2322218152985727,4.524680333783635,2.2159682973617976,-2.308712036421838
2016-09-09,11.78204894984634,1,15.999848841584893,14.565179199979951,-1.4346696416049411,4.174033445412974,14.310469772541026,10.136436327128052,13.481708819466917,14.488792980255823,1.0070841607889065,19.208139964756782,10.299229821047888,-8.908910143708894,13.483487389748575,14.849273193951092,1.3657858042025168,4.345075238107896,2.1793487313022695,-2.165726506805626
2016-09-16,11.782976433207287,1,15.51950430667344,13.997717731078623,-1.5217865755948168,4.086368211979902,14.488082538389676,10.401714326409774,14.302233280137614,14.69124557473232,0.389012294594707,18.49383542434586,10.16228988042937,-8.33154554391649,13.738622546637586,14.968526808674824,1.2299042620372376,4.557294829469313,2.389996065938874,-2.1672987635304395
2016-09-23,11.14991179525905,1,14.792766830328759,13.172687128856566,-1.6200797014721928,3.613925727738419,13.833139521962977,10.219213794224558,13.357791919835307,14.012741338635536,0.6549494188002285,17.668786540077107,9.309419038804151,-8.359367501272956,12.98082729530067,14.1431462951806,1.162318999879929,4.485372458274028,2.428337448114476,-2.0570350101595523
2016-09-30,11.104880504069465,1,14.795892744448125,13.146522637358942,-1.649370107089183,3.64302301392307,13.782847163943146,10.139824150020075,13.216229966338119,14.151061332942518,0.9348313666043992,17.203471869491153,8.98499792161843,-8.218473947872724,12.926788929628785,14.141040005805408,1.2142510761766232,4.843876500587541,2.4228139627483216,-2.4210625378392194
2016-10-07,11.235518812673904,1,14.77373083130989,13.342066289215438,-1.4316645420944525,3.6290548419073616,13.568040315266359,9.938985473358997,13.689340154326032,14.615316506307437,0.9259763519814044,17.53677686773024,9.381597751000484,-8.155179116729755,12.90684162239873,14.000321691890136,1.093480069491406,4.877368558371174,2.505770322363574,-2.3715982360076
2016-10-14,11.196165112092475,1,14.57103097654577,12.962556425429128,-1.6084745511166432,3.626945818233736,13.5620962490393,9.935150430805564,13.833862131370921,14.372807633907641,0.5389455025367198,17.629753496839612,9.519319740297789,-8.110433756541823,12.942547741945532,14.084821237089898,1.1422734951443658,4.572850507619279,2.6753893867911387,-1.8974611208281402
2016-10-21,11.199690987594495,1,14.775501794561492,12.770045793950487,-2.005456000611005,3.609706213486646,13.150589885199182,9.540883671712535,13.429325047538214,14.229977366818687,0.8006523192804735,17.614728901936218,9.568125876149196,-8.046603025787022,12.918416822052563,13.978484002323299,1.0600671802707353,4.850467145991843,3.500923001126097,-1.349544144865746
2016-10-28,10.89379678901576,1,14.520951230694322,12.36547990877908,-2.1554713219152433,3.4908177885238274,12.719574484015524,9.228756695491697,12.837420405322405,13.861146578446537,1.0237261731241318,17.326748267275647,9.130518977674143,-8.196229289601504,12.382624518988607,13.577087097900545,1.1944625789119385,4.804218523289748,3.708973687278757,-1.0952448360109912
2016-11-04,10.959312301042123,1,14.922365640243882,12.242348424794756,-2.6800172154491264,3.655610245849772,12.864956704436892,9.20934645858712,13.01635813165818,13.836934378766244,0.8205762471080646,17.191655184821556,9.812447575971973,-7.379207608849583,11.968659372297438,13.358228173769078,1.3895688014716399,5.001225231381909,3.640958548513794,-1.3602666828681151
2016-11-11,10.486883796769908,1,14.179312080431274,11.28421227560223,-2.8950998048290444,3.742419740335322,13.184345415148812,9.44192567481349,12.234009342960022,12.921515023142348,0.6875056801823263,16.696490420053834,9.75399511911624,-6.942495300937594,11.180647400927313,11.961436082297325,0.7807886813700122,4.888423795911677,3.8157988653124733,-1.0726249305992042
2016-11-18,10.326668207013176,1,14.153569833310442,11.483619236234105,-2.669950597076337,4.110662294789037,13.25027161813314,9.139609323344104,11.807876477093629,12.98596931078373,1.1780928336901013,15.691706984744968,8.859392754032143,-6.832314230712825,11.075416515036537,11.488389204779452,0.4129726897429151,5.12077713710444,3.892367118116482,-1.228410018987958
2016-11-25,10.316398306669141,1,13.860091814081244,11.413417034951237,-2.4466747791300065,3.9734863438458206,13.354318959014122,9.380832615168302,12.136902224177234,12.876233576658237,0.7393313524810026,15.670624399219946,8.77331468381179,-6.897309715408156,11.075480912645105,11.510588612471807,0.43510769982670183,5.1818041460454936,3.9705169731076495,-1.211287172937844
2016-12-02,10.103837148186406,1,13.416529631714909,10.841247385748645,-2.575282245966264,3.903044353551323,13.394283784993206,9.491239431441883,12.338858186817987,12.874823038113774,0.5359648512957875,14.489056855427961,8.078964966372766,-6.410091889055195,10.919196038535404,11.4543495821476,0.5351535436121964,5.556337823070848,3.9793541317424115,-1.5769836913284365
2016-12-09,10.063878647460676,1,13.239344102346138,10.904076344874568,-2.33526775747157,3.892944737264756,12.992480072477008,9.099535335212252,12.266961757725596,12.933510161128979,0.6665484034033824,14.428916714961119,7.982426950603056,-6.446489764358063,11.154160573724482,11.668925204110394,0.5147646303859119,5.400943998741965,3.9018531515700516,-1.4990908471719138
2016-12-16,9.966226663769334,1,13.154273034059159,10.81848420988321,-2.3357888241759497,3.962061315821771,12.989378817449861,9.02731750162809,12.100552784944057,13.04274748212353,0.9421946971794739,14.180989734948824,7.633252217171361,-6.547737517777463,10.91831464787765,11.27778099166423,0.35946634378657905,5.48116846496454,4.035716264323781,-1.4454522006407586
2016-12-23,10.141891665686279,1,13.261494385354453,11.284647182358299,-1.9768472029961544,4.013230296587594,13.003018902153528,8.989788605565934,12.508403676870444,13.830695052240557,1.3222913753701135,14.731745896594916,7.836114168858714,-6.895631727736202,10.925339512821338,11.196548007220457,0.27120849439911865,5.411136225888924,3.7003266812861284,-1.710809544602796
2016-12-30,10.331781795341778,1,13.44438231047367,11.637140636382938,-1.8072416740907329,4.206934316237707,13.06620964387453,8.859275327636823,13.020661898221704,14.4260951498959,1.4054332516741965,14.660767288199352,7.832201582367929,-6.828565705831423,11.06998718894394,11.357160763502122,0.2871735745581816,5.587957769974295,3.6718829960272217,-1.9160747739470736
2017-01-06,10.456985959843095,1,13.313040816410137,11.76114320495688,-1.5518976114532563,4.562513905527908,13.25116151843227,8.688647612904361,13.44837899886764,14.573824013780865,1.1254450149132254,14.730843960233486,8.009518367812433,-6.721325592421053,11.153931800396478,11.470546677221833,0.31661487682535494,5.533206277622924,3.675721976854277,-1.8574843007686468
2017-01-13,10.5916143602889,1,13.600421958388466,11.952540846159863,-1.6478811122286032,4.3690898092477966,12.04824605539757,7.679156246149773,13.761157644004953,15.810880898894894,2.0497232548899404,14.350180666310322,7.260622335478757,-7.089558330831565,12.496943247321425,12.94703757752643,0.45009433020500467,4.971892836460441,3.530358448275905,-1.441534388184536
2017-01-20,10.61974367338689,1,13.931937867936142,11.744076204990407,-2.1878616629457355,4.439480135868195,12.114804277467684,7.675324141599489,13.931336847523724,15.84264394392514,1.9113070964014156,14.01953187632175,7.578141598732884,-6.441390277588866,12.603923753769024,12.98765194194543,0.38372818817640564,4.792251558902507,3.4511440732597976,-1.3411074856427092
2017-01-27,9.63782494901344,1,13.451240120034683,11.307723310934023,-2.1435168091006602,4.122772125296606,12.61285534902835,8.490083223731745,11.855550503582819,12.89997104451433,1.0444205409315117,13.718796515504408,7.401172969154047,-6.317623546350362,9.840801062727564,10.124253342663465,0.2834522799359007,4.837789366934558,3.480973677786423,-1.356815689148135
2017-02-03,9.588028662847401,1,13.576153810139786,11.254939400883671,-2.3212144092561147,4.2159075615839186,12.704332276998471,8.488424715414553,11.863951349735302,12.502742826989163,0.6387914772538608,13.571385335677348,7.317252240259336,-6.2541330954180125,9.403443272575274,10.27360008160349,0.8701568090282166,4.897330647372783,3.4753051503502377,-1.4220254970225454
2017-02-10,9.837708168967145,1,14.143390868135995,11.568103471665353,-2.5752873964706424,4.229583492231384,12.80017412234902,8.570590630117636,12.669869043700814,13.253217842816866,0.5833487991160524,12.840789375062599,6.570758074758203,-6.270031300304396,10.211487073728122,11.318690191328315,1.1072031176001929,4.931129160943954,3.5153053108850685,-1.4158238500588851
2017-02-17,9.988238289782396,1,14.407288179750552,11.752128174395821,-2.6551600053547304,4.270780143887492,12.727093656612013,8.45631351272452,13.178269124610125,13.145705267211184,-0.032563857398940854,12.908316935213804,6.713481516776682,-6.194835418437123,10.471630148261298,12.02774485697546,1.556114708714162,4.69314520697111,3.5632762667232214,-1.1298689402478885
2017-02-24,10.011431581769209,1,14.296909136002128,11.729064197081271,-2.5678449389208566,4.376988900312426,12.781436940840905,8.404448040528479,13.394221683491438,13.133198639143984,-0.2610230443474535,12.868106017976913,6.754052376778461,-6.114053641198453,10.462673937254493,12.122009447849862,1.659335510595369,4.669689815577854,3.548827888920755,-1.1208619266570992
2017-03-03,10.828512617088572,1,15.239741111872505,12.189901135908357,-3.0498399759641472,4.615467900248959,12.916133760331462,8.300665860082503,14.943946314721828,14.7370430147419,-0.20690329997992762,13.604496086498628,7.611620480296935,-5.992875606201693,11.897642039681031,14.148201852580897,2.2505598128998656,4.669782249508486,3.368175458671857,-1.3016067908366296
2017-03-10,10.56552293140349,1,15.389638315058818,12.09695257827137,-3.2926857367874476,4.349469035466697,12.93561776060406,8.586148725137363,14.131131862031168,14.304885446596344,0.1737535845651763,13.079949640924184,7.157958538063056,-5.921991102861128,11.84378011437174,13.441912024160274,1.5981319097885347,4.599168620568335,3.4558112407258363,-1.1433573798424987
2017-03-17,10.714979457319577,1,15.664450821389423,12.284480021573003,-3.3799707998164195,4.662285527821126,13.147545536716294,8.485260008895168,14.183319004520257,14.595244478360101,0.4119254738398439,13.06369350631887,7.1248235165648595,-5.938869989754011,12.09856312018033,13.82215250024855,1.7235893800682192,4.617564763687454,3.315630690454654,-1.3019340732328004
2017-03-24,10.819396868347296,1,15.688032641927052,12.369434818102164,-3.318597823824888,4.617141690127781,13.556844692732525,8.939703002604745,14.297723022802288,14.52558384920792,0.22786082640563166,13.757602199527767,7.300606353889535,-6.456995845638232,12.140204386655185,13.777082470215618,1.6368780835604326,4.415677269043698,3.386829025935995,-1.0288482431077028
2017-03-31,10.861729821827915,1,16.23201816022042,12.72455458109441,-3.5074635791260107,4.7864629939797965,13.689569616297234,8.903106622317438,14.429621019325381,14.398767899235636,-0.030853120089744834,13.01815043167494,6.734260060663061,-6.2838903710118785,12.417683626181855,14.146773194299143,1.7290895681172884,4.286442699585095,3.4764535793780453,-0.8099891202070495
2017-04-07,10.186502135859689,1,15.001448094371739,11.989050805656447,-3.0123972887152917,4.614535880791394,13.315499736005748,8.700963855214354,13.01031760287482,13.401705150533303,0.39138754765848205,12.500182802657747,5.958159162566886,-6.542023640090861,11.832820578327386,13.291601413064214,1.458780834736828,4.159707856135043,3.1629965473315735,-0.9967113088034694
2017-04-14,10.335958481629135,1,15.319704725896344,12.146300549209926,-3.173404176686418,4.642228401869474,13.422369735585576,8.780141333716102,13.802007414822555,13.42218325277534,-0.37982416204721403,12.60191778328138,5.944852743601018,-6.6570650396803615,12.149570994889942,13.858525533484624,1.708954538594682,3.5003215690151137,3.2215190751183087,-0.278802493896805
2017-04-21,10.185290733398746,1,14.991445789298254,11.92276495180485,-3.068680837493403,4.321824614744145,13.139206002625855,8.81738138788171,13.646102624246225,13.205283277566707,-0.4408193466795183,12.686445214852796,6.026655814293207,-6.659789400559589,12.1448734165253,13.735732754189229,1.5908593376639288,3.3210527407257615,3.0821015999126047,-0.23895114081315683
2017-04-28,9.927756226961037,1,14.882934118386743,11.350615558294692,-3.532318560092051,4.264183714563956,13.36173069682242,9.097546982258464,13.644605397062165,13.237980468698723,-0.406624928363442,12.66665589685212,5.725516986903429,-6.941138909948691,11.862201527154028,13.365045059241496,1.5028435320874678,2.2459567077472116,2.525648591805435,0.27969188405822365
2017-05-05,9.934806003989864,1,15.054118817606764,11.911317287911558,-3.1428015296952054,4.656992785053518,13.431622115385892,8.774629330332374,13.414048325085062,12.993078463588077,-0.42096986149698523,12.47500453770364,5.567583880030469,-6.907420657673171,11.577556527866136,13.321978983141719,1.7444224552755827,2.4311150306240705,2.383255293881504,-0.04785973674256638
2017-05-12,9.907882442982306,1,14.889289777485217,11.729534304607853,-3.1597554728773645,4.584852581186979,13.462789251074796,8.877936669887816,13.420123144053903,12.818573019704687,-0.6015501243492167,12.737662201746872,5.766172039778979,-6.971490161967893,11.39421907640677,13.15589953296076,1.7616804565539894,2.421147877014093,2.5143265097668603,0.0931786327527675
2017-05-19,9.875982982967187,1,14.799564248710155,11.639012320579212,-3.1605519281309427,4.746383213580799,13.443102206979475,8.696718993398676,13.393415046937506,12.877562078543974,-0.5158529683935313,12.666000613242431,5.733338158557899,-6.932662454684532,11.244647152479871,13.035051331760968,1.7904041792810972,2.4058876228523616,2.527831801381595,0.12194417852923323
2017-05-26,9.739145882432673,1,14.512170237401406,11.355667470552206,-3.1565027668492007,4.690496496575506,13.567098856559099,8.876602359983593,13.22030481999856,12.716262909139132,-0.5040419108594278,12.545198925025929,5.370056150874049,-7.17514277415188,11.06853873467358,12.869695371365395,1.8011566366918146,2.398166080921058,2.5560945361061584,0.15792845518510035
2017-06-02,9.91207113978163,1,14.743427256967138,11.591784372180939,-3.151642884786199,4.720697212597642,13.693951557708331,8.97325434511069,13.411766409809218,12.901863737111057,-0.5099026726981606,12.923051541087005,5.582471389500185,-7.3405801515868205,11.24331911939747,12.978210238646056,1.7348911192485872,2.4301652988313123,2.724145543543216,0.29398024471190354
2017-06-09,9.69179755463986,1,14.647950658266453,11.79940440196394,-2.8485462563025123,4.6902641387284945,13.775110426125778,9.084846287397284,12.622396724419644,12.246403752118596,-0.37599297230104867,13.136444159115044,5.681635183581619,-7.454808975533425,10.578457141866068,12.121224163553833,1.5427670216877658,2.4752725054434563,2.527007400495421,0.05173489505196471
2017-06-16,9.782213353315221,1,14.266260247483132,11.757537181024233,-2.5087230664588986,4.883747021242925,14.354081932097799,9.470334910854874,12.696341108636048,12.031364015373384,-0.6649770932626637,13.150140023930177,5.414176210502731,-7.735963813427446,11.281723170590567,12.531199558408744,1.2494763878181772,2.4150685480084775,2.6049212224844354,0.18985267447595788
2017-06-23,9.7854750087071,1,14.473592406053143,12.153585771506371,-2.320006634546772,4.958557256585081,14.037280069716388,9.078722813131307,12.717977328766011,11.745927463452148,-0.9720498653138634,12.858880544816586,5.542122335247797,-7.316758209568789,11.321427214451404,12.52458658178837,1.2031593673369656,2.3824153015703757,2.7093478305315273,0.32693252896115155
2017-07-07,9.77034989974407,1,14.551545126744756,11.881286947432969,-2.670258179311787,4.765881333799442,13.959936244890045,9.194054911090603,12.693623115558182,11.750529901741132,-0.9430932138170505,12.813097400240764,5.576652833724367,-7.236444566516397,11.447765023381905,12.72711195603921,1.2793469326573046,2.3501873987393793,2.7265815146366634,0.3763941158972841
2017-07-14,9.796743697627022,1,14.6169775457101,11.97762059698735,-2.6393569487227495,4.956666791306262,13.820834621505355,8.864167830199094,12.873468111692915,12.008896768620218,-0.8645713430726971,12.510241107697766,5.338120538462178,-7.172120569235588,11.467051153180094,12.826333693211339,1.359282540031245,2.356057476174996,2.808655966975678,0.45259849080068193
2017-07-21,9.66122746714302,1,14.407797654136857,11.858938754561109,-2.548858899575748,4.8517447866555585,13.409143093692663,8.557398307037104,12.576320953767635,11.988146624618423,-0.5881743291492114,12.415588870531238,5.489394304040786,-6.926194566490452,11.225953983079037,12.41921604499872,1.1932620619196825,2.4899585546877887,2.802525980946399,0.3125674262586102
2017-07-28,9.753004450165191,1,14.43149738562029,11.898961180441972,-2.5325362051783173,5.069004797255488,13.784943632887845,8.715938835632357,12.571013422658936,11.957861478459535,-0.6131519441994016,12.555717408932168,5.495504714415091,-7.060212694517077,11.223136398942415,12.407944923550474,1.1848085246080586,2.6676572875818465,2.972810771236226,0.30515348365437944
2017-08-04,9.831841894150761,1,14.67540818309125,11.897136801342043,-2.7782713817492066,5.025922700992723,13.599146308072378,8.573223607079655,12.28937584905654,11.66342380634741,-0.6259520427091303,12.787339350434834,6.009849918102475,-6.777489432332359,11.355630542084427,12.585482068501065,1.2298515264166383,2.85737473924479,3.2360124625392075,0.3786377232944176
2017-08-11,9.723154366448016,1,14.727600911027693,11.607380685825348,-3.1202202252023454,4.89637042293505,13.284091913332105,8.387721490397055,12.293729630267151,11.634071786540645,-0.6596578437265066,12.38225449054677,5.66185354357269,-6.720400946974081,11.214169736519793,12.604715312839474,1.3905455763196812,2.824801007391642,3.54681295657781,0.7220119491861681
2017-08-18,9.671894053406058,1,14.47473505288032,11.306873650913687,-3.1678614019666327,4.848637834724869,13.88540268024309,9.03676484551822,12.204107976609635,11.493424009852234,-0.7106839667574008,12.64828598157979,5.409361588199928,-7.238924393379861,11.037558422756021,12.425586833066703,1.3880284103106817,2.8180390518857195,3.5107155581607117,0.6926765062749922
2017-08-25,9.863765632449756,1,14.679829753831996,11.418230346247029,-3.261599407584967,5.1782757901594465,13.975466138576962,8.797190348417516,12.58878242607473,11.843098360942193,-0.7456840651325365,12.808585151115494,5.757255290347388,-7.0513298607681065,11.09624165942516,12.619397274359827,1.523155614934666,2.830879014091707,3.5691463842251636,0.7382673701334568
2017-09-01,9.840435671081785,1,14.692677232416486,11.544117007640352,-3.1485602247761335,5.246822936580173,13.835000317280787,8.588177380700614,12.52741364646242,11.853318951080595,-0.6740946953818252,12.746227506375817,5.748546515599145,-6.997680990776672,10.949419933068796,12.521783198277248,1.5723632652084518,2.8800527715870174,3.5398480366125966,0.6597952650255792
2017-09-08,9.883501722891644,1,15.075481599411617,11.283259567864036,-3.792222031547581,5.1277901411487505,13.522332379504348,8.394542238355598,12.46366689271791,12.069051624413646,-0.3946152683042641,12.844106409291769,6.026203289487455,-6.817903119804313,10.968558350873906,12.596412815805962,1.6278544649320565,2.821406943905913,3.8037506602743747,0.9823437163684616
2017-09-15,9.67959047766007,1,14.692795649476452,10.853199329305724,-3.8395963201707275,4.999251997485601,12.995757015706673,7.996505018221072,12.347612297084083,11.985402596147352,-0.3622097009367309,12.272369521804933,5.97309667205603,-6.299272849748903,10.850055754447851,12.440766912579036,1.5907111581311852,2.9154576456615047,3.8293203401655944,0.9138626945040897
2017-09-22,9.604952070790413,1,14.486020438997386,10.595376595368464,-3.890643843628922,4.757218956924746,12.648581037450029,7.891362080525283,11.855646799261308,11.840714255353674,-0.014932543907633544,12.235219873765956,5.837076521796959,-6.398143351968997,11.242082572633748,12.955737725376693,1.7136551527429447,3.053523783159335,3.752226289396674,0.6987025062373391
2017-09-29,9.63098027325305,1,14.462359803404198,10.816742005394659,-3.645617798009539,4.972543604368383,12.435303360300708,7.462759755932325,11.80848707159646,11.74342816889282,-0.06505890270364034,12.065666470839219,5.798465884521889,-6.26720058631733,11.568451525500677,13.378992502944286,1.8105409774436083,2.908373163809358,3.61294971746392,0.7045765536545616
2017-10-06,9.637058477301693,1,14.433049235980988,10.751342415874944,-3.6817068201060437,5.118436180451241,12.606618178717852,7.488181998266612,11.77547107443462,11.619113573391147,-0.15635750104347323,12.005843837200445,5.64021957671315,-6.365624260487294,11.57935176736882,13.451689545580052,1.8723377782112323,2.9101987683740447,3.753367573532998,0.8431688051589532
2017-10-13,9.687584503035872,1,14.530459173699342,10.75973420996695,-3.770724963732391,5.189317535285738,12.614083084672572,7.424765549386834,11.820481931164508,11.61197040265472,-0.2085115285097885,12.05265590750031,5.806595250482516,-6.246060657017793,11.59385720736573,13.482832627694606,1.888975420328876,2.9387352631996038,3.850291442743867,0.911556179544263
2017-10-20,9.79722477027957,1,14.726608939663976,10.767836069021143,-3.9587728706428322,5.332808075259734,13.022798278630987,7.689990203371252,12.29760366820787,12.088747763522605,-0.20885590468526516,12.338410941763073,6.130173130360433,-6.20823781140264,11.294592438114421,13.037849352927367,1.743256914812946,2.7933245586683455,3.735944027214927,0.9426194685465816
2017-10-27,9.831155030491125,1,14.919655571908734,10.669671463985452,-4.249984107923282,5.6547631440889745,13.378573186915489,7.723810042826514,12.162612996458478,12.324390092228654,0.16177709577017652,12.502012628525833,6.015307570533778,-6.486705057992054,11.08076279957092,12.936804396449219,1.856041596878299,2.6671230423938113,3.6621834728341867,0.9950604304403754
2017-11-03,10.290601069643374,1,14.753342084817817,10.72675805536889,-4.026584029448927,5.790685980536338,14.078214410657694,8.287528430121355,12.566335822381845,12.518428612846137,-0.04790720953570826,14.255986260410936,6.892898122064025,-7.36308813834691,11.126797580001423,12.858435355698148,1.7316377756967256,3.2504586897118912,4.668871861225412,1.4184131715135209
2017-11-10,10.357107903520621,1,14.913285907353426,11.322961752314555,-3.5903241550388714,5.793123133184409,14.402361591174099,8.60923845798969,12.69368423387489,12.423400088134443,-0.27028414574044746,14.602162741392277,6.5597865573270155,-8.042376184065262,11.08637679580032,12.715467237526951,1.6290904417266319,3.054014609518404,4.718670194646691,1.664655585128287
2017-11-17,10.617702981196123,1,15.100505412807053,11.217770349383613,-3.882735063423439,5.655935637916002,15.532154185449869,9.876218547533867,12.749420411325417,12.486543069290931,-0.26287734203448565,15.919426646405796,6.924018677511981,-8.995407968893815,11.106380006110513,12.879084789177426,1.7727047830669136,3.174549772611954,4.6666468163629276,1.4920970437509737
2017-11-24,10.671173827230831,1,14.942793734843008,11.159431204361312,-3.7833625304816962,5.756338689915651,15.487356754246647,9.731018064330996,12.871827385987359,13.008325394429718,0.13649800844235926,15.89943861054941,6.863102886587171,-9.036335723962239,11.318300363740121,13.01088356470477,1.6925832009646484,3.238344178349436,4.497943159055367,1.2595989807059311
2017-12-01,10.56498663938757,1,14.428081478476287,10.631916216140183,-3.7961652623361033,5.674047789697738,16.17076148313643,10.496713693438693,11.974977569035133,12.076436180109681,0.10145861107454834,17.12005893032739,7.233163535519196,-9.886895394808192,11.07030869989812,12.9227807925201,1.85247209262198,3.1224453688907516,4.354861628899869,1.232416260009117
2017-12-08,10.348662363871057,1,14.294450045677053,11.020778482428426,-3.2736715632486266,5.64618789796387,14.561486022910316,8.915298124946446,11.726997472281795,12.228426568101483,0.5014290958196881,16.021360174050585,7.416643033629839,-8.604717140420746,11.09528641066413,12.43858060846705,1.3432941978029191,3.3076921825889087,4.426059467689228,1.1183672851003195
2017-12-15,10.446462761073455,1,14.345138946260903,11.096273826529384,-3.2488651197315193,5.71664769130409,14.746047662811478,9.029399971507388,11.739256954423396,12.29851995647185,0.5592630020484535,16.363341385041522,7.714645797925911,-8.648695587115611,11.084450182749634,12.493145906516176,1.4086957237665416,3.429941406661186,4.330143416185933,0.9002020095247474
2017-12-22,10.49332118326044,1,14.474847099271315,11.129543102458257,-3.3453039968130582,5.713128208002388,14.7672952316628,9.054167023660412,11.887240366867758,12.459634697681835,0.5723943308140775,16.300444118582178,7.719774496762838,-8.58066962181934,11.16728857530282,12.531169924352298,1.3638813490494783,3.416978731536176,4.352509646644577,0.9355309151084015
2017-12-29,10.59954943126061,1,14.680635807266313,11.346557163784482,-3.3340786434818313,5.840282735632144,14.93906729289995,9.098784557267805,11.875557965581294,12.455534199855606,0.5799762342743122,16.54128363890311,7.818956526478601,-8.722327112424509,11.188136592978566,12.614162742702192,1.4260261497236257,3.4713998472022354,4.423018661842818,0.9516188146405824
2018-01-05,10.617003309524742,1,14.203057326786336,10.868713047838256,-3.3343442789480804,5.85162034979804,14.906483385908047,9.054863036110007,12.177732922553048,12.846648574335902,0.6689156517828536,16.61864679778583,7.869098921945451,-8.749547875840378,11.310214737490554,12.729058934883923,1.4188441973933692,3.5407477227346504,4.482016992236879,0.9412692695022287
2018-01-12,10.577480727540582,1,14.03264648490736,10.870789994464516,-3.161856490442844,6.10648109415267,15.292893807935727,9.186412713783056,12.057306503115882,12.611356820505577,0.5540503173896951,16.599540023960103,7.822212309820159,-8.777327714139943,11.113283554658167,12.60507758490597,1.491794030247803,3.5556267044493097,4.262553847611542,0.7069271431622326
2018-01-19,10.602615487634617,1,14.396293617001788,11.664682945039104,-2.7316106719626845,6.097433286859044,15.119678339538382,9.022245052679338,12.052841887034177,12.299651585683463,0.2468096986492867,16.71575291842437,7.98337141563097,-8.732381502793402,10.81643269839283,12.271263832752979,1.4548311343601483,3.5369385180954964,4.277044807162824,0.7401062890673273
2018-01-26,10.527157052220486,1,14.408351009346816,11.455439126632399,-2.9529118827144174,6.185128286053327,15.039803440814111,8.854675154760784,11.917566560419772,12.285450839623465,0.36788427920369315,16.603883662392633,7.880500055842504,-8.72338360655013,10.616642931506902,12.245600558785128,1.6289576272782256,3.4313698636034644,4.256148291625308,0.824778428021844
2018-02-02,10.372077377827386,1,14.345950584895036,11.588164062454084,-2.757786522440952,6.009767290623685,14.741425414440414,8.731658123816729,11.43630222838658,11.53867754597934,0.10237531759275953,16.816157752651463,8.134653343578805,-8.681504409072659,10.044317313208325,12.007101089666051,1.9627837764577265,3.579969097199225,4.222442810845635,0.6424737136464103
2018-02-09,10.808172527592092,1,14.723679569562833,11.722076621595278,-3.0016029479675552,6.649533005600816,15.448840218087796,8.79930721248698,11.797983506860135,12.10673349472684,0.3087499878667046,17.423237659827734,9.259027901337532,-8.164209758490202,10.643542640774854,11.666246117233925,1.0227034764590712,3.611058782926179,4.6461108125711945,1.0350520296450156
2018-02-16,10.366683818992895,1,14.05774470080381,11.025487022476327,-3.0322576783274826,6.003536991565454,15.61187952713523,9.608342535569776,10.995207881494423,11.243833851765274,0.24862597027085087,17.333970814778283,9.02504533236096,-8.308925482417322,10.135283441207093,10.767117315252818,0.631833874045725,3.6743590841083034,4.526739864966785,0.852380780858482
2018-02-23,10.263015912839888,1,13.608214426543213,10.615932553478402,-2.9922818730648117,5.825006705862847,15.61944190149842,9.794435195635572,10.8834389601639,11.245613340804681,0.36217438064078067,17.327595793387445,8.667292717751067,-8.660303075636378,10.241084764323531,11.18263260892509,0.9415478446015584,3.6927548267583887,4.247182354581682,0.5544275278232931
2018-03-02,10.564588725270651,1,14.070216840579903,10.533962251157703,-3.5362545894221995,5.743243312533153,16.102799354939663,10.35955604240651,11.342265526277174,11.763414800215443,0.4211492739382692,17.60116642602712,8.446450627804182,-9.154715798222938,10.867236314616704,12.301202415000787,1.4339661003840831,3.763403931589849,4.239702902506139,0.4762989709162895
2018-03-09,10.785006066207947,1,13.751087560343748,10.518424023734568,-3.2326635366091807,5.845220980569422,15.86197724791296,10.016756267343538,11.291929759525502,11.435437614634424,0.14350785510892194,18.046552786211365,9.534540064090663,-8.512012722120701,11.084994040164574,12.515995722940602,1.431001682776028,4.690251270433066,4.843661723934474,0.15341045350140803
2018-03-16,10.761206806472991,1,14.060130302793311,10.528762609053985,-3.531367693739327,5.7982615718376,15.767641098464836,9.969379526627236,11.317691454481988,11.38453450214358,0.06684304766159244,17.656593780975882,9.185864996641484,-8.470728784334398,11.225756236777968,12.802608276288197,1.5768520395102286,4.508807491971197,4.897829356245893,0.38902186427469587
2018-03-23,10.794547866002238,1,14.116543828693139,10.668676505580294,-3.4478673231128454,5.872580344798877,15.617560338704322,9.744979993905446,11.738681162113338,11.74176509944401,0.0030839373306719153,17.452883450408308,9.150050570563579,-8.302832879844729,11.368077965345933,12.954965324612076,1.586887359266143,4.218520444653834,4.634269357109133,0.41574891245529955
2018-03-30,11.27997288423522,1,14.728609499515272,10.949858154791073,-3.778751344724199,6.469117730268806,16.551175910904405,10.082058180635599,12.717393077696926,12.326870117063535,-0.3905229606333904,17.774322185048774,9.42860427192609,-8.345717913122684,11.786868990580018,13.323300436482754,1.5364314459027355,4.203525822301515,5.100028414243539,0.8965025919420242
2018-04-06,11.16062628662118,1,14.71340193726381,10.934298999577535,-3.7791029376862753,5.900177353163741,18.136650617850293,12.236473264686552,12.857358921779351,11.602738043859333,-1.2546208779200185,18.25631372508623,8.790907133375015,-9.465406591711215,11.090357262466057,12.500303192827204,1.4099459303611468,4.146148519967895,4.99885973223769,0.8527112122697957
2018-04-13,11.08140962064637,1,14.65507061865722,11.090404861813326,-3.564665756843894,5.53048003408928,17.99510531784297,12.46462528375369,12.74511590395646,11.290197882921788,-1.454918021034672,18.292758232092027,8.734740755748959,-9.558017476343068,11.110978643862907,12.551397655359295,1.4404190114963882,4.1540542912203335,4.82661125019186,0.6725569589715263
2018-04-20,10.985570699509152,1,14.251083268060384,11.1972217278024,-3.0538615402579836,5.393207232959654,18.604412482959972,13.211205250000319,12.791646967082684,10.985464965975254,-1.8061820011074303,18.426492949548475,8.303710310672741,-10.122782638875734,10.90156604022414,12.132144460110169,1.2305784198860295,4.149427739179572,4.690470249534357,0.5410425103547851
2018-04-27,10.994979746534229,1,14.059749801985419,11.193191995432855,-2.8665578065525636,7.237712109442967,18.839215349760394,11.601503240317427,12.457101234512976,11.023682456620762,-1.4334187778922143,17.548794383574844,7.907272917533902,-9.641521466040942,10.57507219132141,11.965920716203698,1.390848524882287,4.091448758367761,5.0405950436537665,0.9491462852860053
2018-05-04,11.098196925740467,1,14.141209101133285,10.695000031691649,-3.446209069441636,7.609974794003094,20.528259409758633,12.918284615755539,13.126641620806595,10.822357173607614,-2.304284447198981,17.30153016386531,7.810526540503815,-9.491003623361493,10.334627421544496,11.493164595008949,1.1585371734644525,4.0751984530900245,5.239873803872172,1.1646753507821472
2018-05-11,10.970932060776597,1,13.86672363937494,10.386183107403937,-3.480540531971002,8.213924084683399,21.702773370889915,13.488849286206516,13.074196192491527,10.727692657678588,-2.346503534812939,17.320506723807114,7.50325091390512,-9.817255809901994,9.327505464084311,10.211318053694256,0.8838125896099456,4.022736260218295,5.294374261087725,1.2716380008694301
2018-05-18,10.485386580888088,1,13.199949821512575,9.131569655283329,-4.068380166229247,7.579871823519923,22.1127028838484,14.532831060328476,12.275253616497864,10.2260085211703,-2.0492450953275636,17.073041713206337,7.124233913772883,-9.948807799433453,8.892523147937652,9.407330485297265,0.5148073373596134,3.8916793626541732,4.910474025956361,1.018794663302188
2018-05-25,10.559515096117513,1,12.945641915525272,9.810516007104013,-3.1351259084212586,7.834556637355888,22.288842681384907,14.454286044029018,12.402899068749136,9.935676900369359,-2.4672221683797773,17.202221940715262,7.0254379768737465,-10.176783963841515,8.833996125160866,9.317170210616936,0.48317408545607066,4.137774889198653,4.979446800356129,0.8416719111574764
2018-06-01,10.52249458546059,1,12.74919789757945,9.776571395200648,-2.9726265023788017,7.779942797802178,22.341367637477234,14.561424839675055,11.965697290073152,9.807946514614073,-2.1577507754590783,17.60806367770823,6.978168768580687,-10.629894909127543,8.810100135008156,9.297268846883668,0.4871687118755119,4.221965714592372,4.933644350007228,0.7116786354148559
2018-06-08,10.450320170523467,1,12.601060172198046,9.994275596124567,-2.60678457607348,7.6358537341926365,21.267952496133177,13.63209876194054,12.022602248891573,10.003255156584231,-2.019347092307342,17.25392319245303,7.203532314217284,-10.050390878235746,9.092954763545222,9.46706778064599,0.3741130171007683,4.09552691186029,4.765837679435549,0.6703107675752591
2018-06-22,11.053306378410818,1,13.43726263208329,10.017121635350392,-3.420140996732897,8.41967644267244,22.137245437914316,13.717568995241876,13.016157972083633,10.845375815644203,-2.1707821564394294,17.72434190491657,7.979327710033104,-9.745014194883467,9.81646359275841,10.120765322309452,0.3043017295510424,3.9059357259505703,5.220002349213402,1.314066623262832
2018-06-29,10.903713148177152,1,13.333275945458666,10.272480618076159,-3.0607953273825075,8.046549976340515,21.956016672502315,13.9094666961618,13.118362712987604,10.2990038765914,-2.819358836396205,17.428853356068885,8.186405418543316,-9.242447937525569,9.858778183336995,9.791013486536741,-0.06776469680025343,3.636458714870244,4.917358816813035,1.280900101942791
2018-07-06,10.920526625446525,1,13.348685522710582,10.369390201093822,-2.9792953216167604,8.130817897866976,21.88350633845502,13.752688440588045,13.052268275964337,10.250405915348708,-2.8018623606156297,17.280903731510932,8.325433971731243,-8.955469759779689,9.870001067172964,9.88435263219661,0.014351565023645207,3.840483257453357,4.810070693853731,0.9695874364003743
2018-07-13,10.419704542569676,1,12.75075693324466,9.214285477643372,-3.536471455601287,7.482271226220348,22.671615688548556,15.189344462328208,12.628102831139373,9.448300612434082,-3.179802218705291,16.992960331994894,7.603241695163078,-9.389718636831816,9.107697387442343,8.819143156179493,-0.2885542312628502,3.5564385453764373,4.761640625449516,1.2052020800730787
2018-07-20,10.472568385458901,1,13.214855555164036,9.322977140514652,-3.8918784146493834,7.5377345133534135,22.506206322390113,14.9684718090367,12.61499522392866,9.579241177464866,-3.0357540464637935,16.787743465973776,7.544870285416934,-9.242873180556842,9.136183807909674,9.015132973750042,-0.12105083415963236,3.543897746423852,4.866982413216775,1.3230846667929228
2018-07-27,10.484342885737355,1,12.9824583333572,9.206020517692792,-3.7764378156644085,7.34071456835126,22.432567569078387,15.091853000727127,12.597479068351078,9.452789493040044,-3.144689575311034,17.12751000983708,7.982448794831129,-9.145061215005953,9.116599883738786,8.897940400690771,-0.21865948304801464,3.7412954507887264,4.934290539091009,1.1929950883022826
2018-08-03,10.12145091444894,1,12.523740426010377,8.718114748084119,-3.8056256779262583,6.941881291010148,22.20266101014029,15.260779719130142,12.360540048857317,8.950396970605894,-3.410143078251423,16.423647993798426,7.386197733864506,-9.03745025993392,8.79298689625692,8.432836455247823,-0.36015044100909677,3.6859088307604537,5.038498568750995,1.3525897379905416
2018-08-10,9.794797354246555,1,11.971060269094565,8.327499462954634,-3.6435608061399307,6.6273106539932485,21.52896296447898,14.90165231048573,11.805434201531682,8.257013457322671,-3.548420744209011,16.22148542972326,7.54055029782468,-8.680935131898579,8.19152390144123,7.883773191299397,-0.307750710141832,3.9519696696953446,5.230984751598939,1.2790150819035944
2018-08-17,9.794674189843837,1,11.960239348288724,8.20852452601494,-3.751714822273783,6.578746555401807,21.740052867701735,15.161306312299928,12.601693416714795,8.61616180936548,-3.9855316073493157,16.10364220968141,7.493404790928082,-8.610237418753329,8.002063689737795,7.568470178448678,-0.43359351128911783,3.5216599192384876,5.141430966604091,1.619771047365603
2018-08-24,9.672985534888317,1,11.8612349303298,8.335031262900984,-3.526203667428817,6.501856070967165,21.935432443969844,15.43357637300268,12.704285769949138,8.41155712728046,-4.292728642668678,15.801260298815734,7.444794096997981,-8.356466201817753,7.768875285611173,7.358901845785297,-0.4099734398258761,3.4004008536568904,4.552196432395377,1.1517955787384864
2018-08-31,9.661071554779342,1,11.651651970976332,8.20523605097975,-3.446415919996582,6.424994937480363,21.707702176183375,15.282707238703011,12.575643456634182,8.316532389752453,-4.259111066881729,15.933317876576595,7.781045378014383,-8.152272498562212,7.555567243983717,7.263015085738601,-0.2925521582451154,3.8252538430248677,4.692898248007495,0.8676444049826273
2018-09-07,9.758761737473153,1,11.872603869419876,8.13692722222595,-3.7356766471939267,6.478909589002242,21.8361966495484,15.357287060546156,12.610888951902652,8.524679731950897,-4.086209219951755,16.128919850239626,8.0648370868674,-8.064082763372227,7.711717951605792,7.418885139852733,-0.2928328117530583,3.7495302126687307,4.571044594393527,0.8215143817247963
2018-09-14,9.739092828659539,1,11.891550966203113,8.112196346622994,-3.7793546195801184,5.997636896273548,21.680282896746377,15.682646000472829,12.640087463069491,8.246444072298303,-4.393643390771189,16.155389332049694,8.199434326117114,-7.95595500593258,7.816207356059778,7.585526071812282,-0.23068128424749546,3.933684958301612,4.610673258360137,0.6769883000585253
2018-09-21,9.775369546500606,1,12.070495954710509,8.147343738007848,-3.923152216702661,5.946067046670706,21.512498494544232,15.566431447873526,12.705565519149246,8.090204149128454,-4.615361370020793,16.282781892823422,8.364714722511494,-7.918067170311929,7.718790563112492,7.563983047961557,-0.15480751515093516,3.928516302537261,4.973473126850024,1.044956824312763
2018-09-28,9.581594253510014,1,11.986547446569105,8.194128772487204,-3.792418674081901,6.079534514070076,21.49514537986127,15.415610865791194,12.308144789121314,7.8300232996737265,-4.478121489447588,16.03094029643475,8.075862428563624,-7.955077867871125,7.143209506145567,7.025382263331963,-0.11782724281360402,3.941188968719274,4.86902337714227,0.9278344084229957
2018-10-05,9.783663454446751,1,12.456218695485276,8.598039024422391,-3.858179671062885,6.166079966745997,21.704319034705193,15.538239067959196,12.59551706281971,8.428857039187761,-4.166660023631948,16.19034855550099,8.18934431897037,-8.001004236530619,7.45754099185757,6.905946796508488,-0.5515941953490824,3.836275454270961,4.875474512886299,1.0391990586153383
2018-10-12,9.868955197076126,1,12.072999511848664,8.689475510109403,-3.3835240017392607,7.0929961325587385,21.425106183144038,14.3321100505853,12.580678884497857,8.569130028580147,-4.0115488559177095,15.969844090336196,8.230122041299225,-7.7397220490369705,7.448314895218573,7.131096343181028,-0.317218552037545,4.048897667996727,5.168801076142941,1.1199034081462145
2018-10-19,10.056575435165298,1,13.559643884945856,8.493303288788823,-5.066340596157033,6.702634762969396,23.16299683056583,16.460362067596435,12.823568530355715,7.858284530119036,-4.965284000236679,15.759843590319605,8.723791116751897,-7.0360524735677075,7.418121145642431,6.841358684720873,-0.5767624609215574,4.075640696758782,5.259718160045367,1.1840774632865845
2018-10-26,10.324039516510686,1,13.859195792235155,9.176931688126174,-4.682264104108981,7.8565225685750875,22.91992846063468,15.063405892059592,12.607710582126188,7.826676240147279,-4.781034341978909,15.602705813415412,9.048162223236588,-6.554543590178824,7.630156670296969,7.333469047963092,-0.29668762233387724,4.387945672415299,5.639069438956298,1.2511237665409993
2018-11-02,10.505102226409264,1,14.169164075282396,8.988356144578802,-5.180807930703594,7.883413533843864,24.19163012358618,16.308216589742315,12.523664301233666,7.380055193046459,-5.143609108187206,16.063350047829687,9.136085124396757,-6.927264923432929,7.769927777291954,7.4392231524212775,-0.33070462487067687,4.621093622974016,5.895263620426064,1.2741699974520486
2018-11-09,10.441201891745742,1,14.05072173956475,8.789048160082814,-5.261673579481936,7.70677835385537,24.4132832719757,16.70650491812033,12.573671990573075,7.313050683953051,-5.260621306620024,16.12809425767969,9.057987986903683,-7.070106270776009,7.69401480448272,7.331637891826176,-0.3623769126565435,4.493930204318843,5.742203355733039,1.248273151414196
2018-11-16,10.262420374491299,1,13.899988954987677,8.197463871107232,-5.702525083880445,6.238228599301777,24.596180658344664,18.357952059042887,12.520470172031267,6.862404090129388,-5.658066081901879,16.59029857661524,8.977800595622483,-7.612497980992757,7.766744704529614,7.18848189630279,-0.5782628082268246,4.558791239482218,5.7521911354412225,1.1933998959590042
2018-11-23,10.12265217770483,1,14.083081605201713,7.885200061318216,-6.197881543883497,6.658281352132391,22.320156329339653,15.661874977207262,11.71380049377531,7.416308157968359,-4.29749233580695,15.602002497163653,9.443184765423368,-6.158817731740285,7.857278720181512,7.68716398120489,-0.170114738976622,4.82146839777441,5.983899770974446,1.162431373200036
2018-11-30,10.184732077471173,1,14.299135271706277,8.115036774048136,-6.184098497658141,6.62786815239123,22.437921938786587,15.810053786395358,11.65988593713702,7.348011627875991,-4.311874309261029,15.749774839990508,9.481618444272485,-6.268156395718023,7.962615118453613,7.825161718890598,-0.1374533995630145,4.8091131451483875,5.900641960953209,1.0915288158048213
2018-12-07,10.242800666698924,1,14.305354386063073,8.02890814667957,-6.276446239383503,6.61763306578375,22.707059139996673,16.089426074212923,11.51545829886453,7.219538360466217,-4.295919938398313,16.17359470588771,10.051084944905114,-6.122509760982595,7.923909470130738,7.709419522485945,-0.21448994764479323,4.920854073463744,5.740793885660011,0.8199398121962673
2018-12-14,10.317296528140828,1,14.830250777853436,8.42553398384456,-6.404716794008877,6.714296832066708,22.53341823312944,15.81912140106273,11.506869480989323,7.2912308568647575,-4.215638624124566,16.015055868884247,10.097272256506244,-5.9177836123780025,7.9444884137286635,7.744824175844059,-0.19966423788460474,4.8928177953225855,5.811499662655919,0.9186818673333335
2018-12-21,10.419929390293008,1,15.111958435938533,8.64740596602745,-6.464552469911084,6.892816110961476,22.610823266778524,15.718007155817048,11.57076561289017,7.321543634058159,-4.249221978832011,16.062461337621514,10.164356458407156,-5.898104879214358,7.965361398129929,7.852594906964185,-0.11276649116574333,4.916213446216432,5.922852109522594,1.0066386633061626
2018-12-28,10.359960209564221,1,15.337670302560696,8.73748515261883,-6.600185149941865,6.682242696750166,22.56685375132801,15.884611054577846,11.28282086544246,6.974207299003609,-4.308613566438851,16.076068843359295,10.112175136329697,-5.963893707029598,7.870215763072039,7.84442060371029,-0.025795159361749143,4.910742786200672,5.924619314394889,1.013876528194217
2019-01-04,10.338998583880878,1,15.484091212028218,8.421239753387113,-7.062851458641106,6.494282955110322,23.613295638279567,17.119012683169245,11.522999424376394,6.648391272475138,-4.874608151901256,15.87253929202788,9.752359646545642,-6.120179645482239,7.818637121901986,7.645289113666777,-0.1733480082352088,4.841441497840464,5.9534160789310135,1.11197458109055
2019-01-11,10.453030664595005,1,15.519563337495129,8.52023161059806,-6.9993317268970685,6.484716601955569,23.669133145706795,17.184416543751226,11.466385957997318,6.554614866848354,-4.911771091148964,16.166602498084885,10.053029388688842,-6.113573109396043,8.042693123381156,7.838781032205674,-0.20391209117548215,5.038222468655974,6.082393943522305,1.0441714748663316
2019-01-18,10.926736059370194,1,17.619225255598153,9.691645542859774,-7.927579712738378,6.082203278689633,24.692730525783446,18.610527247093813,11.95202862536911,7.144582704525803,-4.807445920843307,16.151208518366488,9.605499082607537,-6.545709435758951,8.95042052769054,8.52996474255039,-0.4204557851401489,4.805330150507245,5.895993757894217,1.090663607386972
2019-01-25,10.916537316143403,1,17.85863334176443,9.612802301540185,-8.245831040224246,6.22829660507783,25.363032436291306,19.134735831213476,12.225724740990685,7.032159374241729,-5.193565366748956,16.093799734199393,9.34920972899151,-6.744590005207883,8.291965090988697,7.743027280477051,-0.5489378105116458,4.8008043838393775,6.398992775318632,1.5981883914792547
2019-02-01,10.716165476134215,1,17.655413888206624,9.276235913620127,-8.379177974586497,5.885944893521682,25.480845187937007,19.594900294415325,12.202169374074671,6.940257775987277,-5.261911598087394,15.970782933172131,9.005862887855969,-6.964920045316163,8.130929062680764,7.431915301682963,-0.6990137609978007,4.451752705149417,6.1618757897219325,1.7101230845725155
2019-02-15,10.77797078526934,1,17.609972095109242,9.422225422744233,-8.187746672365009,5.911834367236608,25.53603162612545,19.62419725888884,12.114006424390837,6.829941736499904,-5.2840646878909325,16.37437540742519,9.08504056758538,-7.28933483983981,8.120602776663588,7.477163000217388,-0.6434397764462005,4.537033640790568,6.31742235844365,1.7803887176530822
2019-02-22,10.79004663528631,1,17.42655748231195,9.324029882740604,-8.102527599571346,5.8877181857343,25.589509712759096,19.701791527024795,12.485321727584619,6.576339832460889,-5.9089818951237305,16.150150054770307,9.215151239357937,-6.934998815412371,8.067694776771376,7.467137513886641,-0.6005572628847347,4.722837584545303,6.568111630512675,1.845274045967372
2019-03-01,10.851924295230774,1,17.32353795018338,9.331280705430828,-7.992257244752551,5.954268715562236,25.659520035111257,19.70525131954902,12.586550245598275,6.586302692574193,-6.0002475530240815,16.24047409606274,9.443038429614276,-6.7974356664484645,8.08530116968167,7.504273550599521,-0.5810276190821497,4.9214135942963395,6.587130358054608,1.6657167637582688
2019-03-08,10.895404202787425,1,17.436987582426156,9.324856218150032,-8.112131364276124,5.996835131215221,25.841756968367605,19.844921837152384,12.671158271016353,6.664086992002851,-6.007071279013502,16.28757014390858,9.41191667855179,-6.875653465356791,8.109336185233218,7.514022056535339,-0.5953141286978791,4.870537902925022,6.615786303116991,1.7452484001919686
2019-03-15,11.124760107285693,1,17.733910811427364,9.08271180661687,-8.651199004810493,6.890797242871756,26.94141612618442,20.050618883312666,12.90137546523961,6.929435124894027,-5.971940340345583,16.544904024466916,9.833283638884211,-6.711620385582705,8.02386367946427,7.387838757842474,-0.6360249216217966,4.65370942024424,6.573875189292167,1.9201657690479266
2019-03-22,10.6956605644491,1,17.008764019395187,8.863741246671907,-8.14502277272328,6.879757633402605,24.65856624802811,17.778808614625504,11.554578855918905,6.747711560846199,-4.806867295072706,16.48705434340299,9.82863360774732,-6.6584207356556675,7.59104967911108,7.207995520915176,-0.38305415819590394,4.65275885546383,6.867315202485841,2.214556347022011
2019-03-29,11.169145234517636,1,17.490615660265306,10.304372520871098,-7.1862431393942074,6.184948739027206,24.084789401488777,17.89984066246157,11.766859071954372,6.777347455511162,-4.98951161644321,16.984307954872918,11.250722548645285,-5.733585406227633,8.081535326258802,7.939874161881804,-0.14166116437699827,6.506604654727212,6.657765318707689,0.15116066398047678
2019-04-05,11.46255445478925,1,17.62403862544747,10.668702529146884,-6.955336096300584,7.438091104965466,24.116400315980812,16.678309211015346,11.894858114870857,6.889582858659821,-5.005275256211036,16.935282740255147,10.935697051030346,-5.999585689224801,8.396991204889574,8.256557877801797,-0.14043332708777712,6.4860649383069955,7.908386096115848,1.4223211578088524
2019-04-12,11.526194964154804,1,17.614528764942193,10.61917746858434,-6.995351296357853,7.2208526879831965,24.397861117615463,17.177008429632266,11.887283751468985,6.895397298174444,-4.991886453294541,17.304859731421416,11.069109649630704,-6.235750081790712,8.520276898824264,8.363333648316868,-0.15694325050739621,6.609367950288771,7.812290602607007,1.202922652318236
2019-04-19,11.488960800808895,1,17.585302850164723,10.683761072853997,-6.901541777310726,7.1591051525716125,24.26328809036248,17.104182937790867,12.069456859215279,6.850638345618009,-5.21881851359727,17.132322941641533,10.845175981974208,-6.287146959667325,8.568611936428226,8.447183883407405,-0.12142805302082138,6.418965064831994,7.843717430637284,1.4247523658052899
2019-04-26,11.479607661595423,1,17.46303555921105,10.425003531670612,-7.038032027540439,7.314468860653633,24.357481007249874,17.04301214659624,12.116038970541425,6.872855101285381,-5.243183869256043,17.030665265681463,10.852071331258216,-6.1785939344232474,8.548661851703713,8.43618668522653,-0.11247516647718214,6.404775461781256,7.934048312881913,1.5292728511006572
2019-05-03,11.644715385719143,1,17.362419456631855,10.346291342827158,-7.016128113804697,8.182612154433443,24.586998062380417,16.404385907946974,12.183712354394984,6.974406430634403,-5.209305923760581,17.00074538902797,10.867681004967025,-6.133064384060944,8.743427107045704,8.746942971681023,0.0035158646353181666,6.3953758527809015,8.345972501824804,1.9505966490439022
2019-05-10,10.618731036603855,1,14.071167619311524,9.120868722935015,-4.950298896376509,8.65962034377148,20.40190333498846,11.742282991216982,12.123348112313153,7.628956509428448,-4.494391602884704,15.085939538972283,10.103966377826964,-4.981973161145319,7.012101413038749,7.687288144047045,0.6751867310082957,6.760209192215939,8.76940313039718,2.009193938181241
2019-05-17,10.908346154618819,1,14.58637738171042,9.651769060969954,-4.934608320740466,7.703065771661201,20.397708203016947,12.694642431355746,12.195765090129612,7.68888122815234,-4.506883861977272,15.472359666184843,10.912734649109623,-4.55962501707522,7.230999270262004,8.15967887098033,0.9286796007183256,8.261509747764833,8.639304915483763,0.3777951677189293
2019-05-24,10.929255384607295,1,14.101731927881417,9.792212132303575,-4.309519795577842,7.861613806280658,18.75593635131537,10.894322545034711,12.751086063867405,8.345603939109765,-4.40548212475764,15.191838603811476,10.984939330161694,-4.206899273649782,7.276555747832063,8.36540708671076,1.0888513388786976,8.39270615797075,9.331433468042633,0.9387273100718829
2019-05-31,11.197317436827712,1,14.572220995628669,10.137764220035308,-4.434456775593361,8.158111742969538,19.389103177957338,11.2309914349878,13.320552424418821,8.628227673359689,-4.692324751059132,15.16745755414783,11.548999180187067,-3.618458373960763,7.164691007045775,8.128807251474896,0.9641162444291211,8.80087089675564,9.351003117952004,0.550132221196364
2019-06-14,11.091841104195643,1,14.496791015827071,10.288579660996234,-4.208211354830837,8.503070087632025,19.090103319602918,10.587033231970892,12.768000161103146,8.376655829295188,-4.391344331807957,15.114612577375553,11.449104816545088,-3.665507760830465,7.07065744226027,7.9463479503669845,0.8756905081067146,8.597915340975788,9.400255048367399,0.8023397073916101
2019-06-21,11.28973490179768,1,14.796572804646758,10.419351182905459,-4.377221621741299,8.615482590711537,19.573471692225638,10.957989101514102,12.954761076539526,8.576521637461823,-4.378239439077703,15.49900751503553,11.687569605569834,-3.8114379094656954,7.48044213503259,8.487506734610406,1.0070645995778165,8.392143288820137,8.99398855801293,0.6018452691927934
2019-06-28,11.155907119749765,1,14.629713904276542,10.299233824183744,-4.330480080092798,8.525669684250317,18.590265643161416,10.064595958911099,12.972707926223876,8.652310086817906,-4.32039783940597,15.071228226903855,12.066846836463583,-3.0043813904402725,7.405568557381244,8.179487056434255,0.7739184990530106,8.330554419462757,9.147299271437717,0.8167448519749598
2019-07-05,11.120838034845542,1,14.66940848432229,10.371762049230782,-4.297646435091508,8.533821860013688,18.544399342766553,10.010577482752865,12.942993890058375,8.638313748471731,-4.304680141586644,15.05699498133454,11.906080480432152,-3.1509145009023882,7.317329213576073,8.059454385292852,0.7421251717167792,8.204479779768292,9.205018202879202,1.0005384231109105
2019-07-12,11.671438724802291,1,15.261038661626259,11.449004884301573,-3.812033777324686,9.053876587594388,18.4287921046119,9.374915517017513,13.004386163926227,8.586304656063675,-4.418081507862553,15.280399682284184,12.005450617041447,-3.274949065242737,7.608839615239475,9.302243099851268,1.6934034846117925,9.82009163814321,10.25683698694391,0.4367453488006987
2019-07-19,11.524298593474958,1,14.874119078685652,11.407587558440241,-3.466531520245411,8.579979057000358,18.464039708360488,9.88406065136013,12.966311785800258,8.79241001128581,-4.173901774514448,15.505243855965048,12.147177111868245,-3.358066744096803,7.442940358788732,8.99173946892023,1.5487991101314975,9.777197424609696,9.34283770197473,-0.4343597226349658
2019-07-26,11.565649742593292,1,14.932535031708241,11.548128287057168,-3.3844067446510735,8.568553329678707,18.348976819647476,9.780423489968769,13.024527410230434,8.883021829020265,-4.141505581210168,15.524240997278625,12.213890291725008,-3.310350705553617,7.407483657002814,8.970952993226263,1.5634693362234486,9.93655802966093,9.428928234883529,-0.5076297947774009
2019-08-02,11.695341670597294,1,14.98949347770376,11.52009409459086,-3.4693993831129006,9.000017461528586,18.50730806508423,9.507290603555646,13.29135477420408,9.219642164388347,-4.071712609815734,15.666111149880464,12.55686827877004,-3.1092428711104247,7.614019012140773,9.087268630722917,1.4732496185821446,9.611054148126101,9.280868790027398,-0.33018535809870286
2019-08-09,11.715664188484366,1,15.177114993859576,11.744722167855528,-3.4323928260040475,9.02927512359284,18.31019016806559,9.28091504447275,13.23003026595326,9.165625696845169,-4.064404569108092,15.698408453772316,12.505198140779001,-3.1932103129933154,7.54800781236392,9.121363051521016,1.5733552391570953,9.611148481364282,9.44688590583992,-0.1642625755243614
2019-08-16,11.746313662179206,1,15.264204970852376,11.71108442451299,-3.553120546339386,9.07641508110764,18.144532957502747,9.068117876395107,13.299955413169357,9.255452129638002,-4.0445032835313555,15.577972520626005,12.73989110079124,-2.838081419834765,7.584341745999083,9.306138360320176,1.721796614321093,9.67499224132078,9.320783000310087,-0.3542092410106932
2019-08-23,11.747255558874505,1,15.17259982680089,11.838387093804556,-3.3342127329963347,9.244082696053582,18.061981548411737,8.817898852358155,13.27127097736006,9.215344427208038,-4.055926550152023,15.600522728189915,12.823991917266767,-2.7765308109231484,7.527053688018839,9.200528692683577,1.6734750046647378,9.668003436823739,9.34329967387238,-0.3247037629513585
2019-08-30,12.269529525354104,1,15.861869245837866,13.334056530271098,-2.5278127155667676,9.292449420917833,17.75836895685829,8.465919535940458,14.25914413284454,10.047424259774616,-4.211719873069924,16.076848209355873,13.170993177865014,-2.9058550314908587,7.931984402322158,9.538278305845367,1.606293903523209,10.194881740846355,9.76805592151021,-0.4268258193361447
2019-09-06,12.383540959511967,1,15.93260378603938,13.39233716103655,-2.540266625002829,9.782875099787645,17.907075486378687,8.124200386591042,14.433738698511632,10.185175923511963,-4.2485627749996695,15.87840768334128,12.953731746859518,-2.924675936481762,7.99316131156327,9.571741397081254,1.5785800855179843,10.28045917782859,10.29118404220388,0.010724864375291077
2019-09-13,12.208006435067249,1,15.803624308930225,13.496408979730418,-2.3072153291998063,9.574437521371095,17.575457184604616,8.00101966323352,14.33616408577035,10.120711503022449,-4.215452582747901,15.455895065531948,12.551560606037626,-2.904334459494322,7.816819790674771,9.392226524077358,1.5754067334025876,10.26109783812511,10.111673812931002,-0.1494240251941079
2019-09-20,12.079781387019851,1,15.782011769854591,13.746516529196867,-2.035495240657724,9.361220986359754,16.232049259240398,6.870828272880644,14.34586138156341,10.556816840916412,-3.789044540646998,15.02261647188108,12.669384984931085,-2.353231486949994,7.948557062156965,9.495136336750207,1.5465792745932418,10.018420650303312,9.778784371084129,-0.23963627921918373
2019-09-27,12.227847225332807,1,16.63000543404796,14.482047979266184,-2.147957454781775,9.408542787799533,16.495477858872917,7.086935071073384,14.463942294359796,10.444181584135364,-4.019760710224432,14.819434040802207,12.508097428370917,-2.3113366124312904,8.086467158519184,9.64592033309387,1.559453174574685,9.95869163646816,9.791358168257588,-0.16733346821057182
2019-10-04,12.48170497625827,1,16.906502906376943,14.962856234887724,-1.943646671489219,9.759288767432366,17.211541724317,7.452252956884635,14.779600946538068,10.551519891873951,-4.228081054664116,15.056181416899292,12.594639300223278,-2.4615421166760143,8.24016539249888,9.750861465681567,1.510696073182686,10.148490427804063,9.818811240566077,-0.3296791872379856
2019-10-11,12.36995189374708,1,16.962701784705104,15.060253381426463,-1.9024484032786404,9.382249804648609,17.7679360075348,8.385686202886191,14.98005702627654,10.339426160346264,-4.640630865930277,15.003298265867315,12.309730948382892,-2.6935673174844226,7.897325826107874,9.174679284183256,1.2773534580753818,9.994078654877043,9.567685580608838,-0.42639307426820494
2019-10-18,12.305850436866118,1,16.70352869874786,14.999935244147835,-1.7035934546000249,9.213961358924934,17.5491297749645,8.335168416039565,14.946764002885544,10.47604564295527,-4.470718359930274,15.052918322814463,12.244171039760317,-2.808747283054146,7.935144792186023,9.3881981089757,1.4530533167896778,9.982785445637887,9.177622810393089,-0.8051626352447983
2019-10-25,12.611462831414464,1,17.44009705800478,15.688643453680484,-1.751453604324297,10.076833094061854,17.974056391218795,7.897223297156941,14.800481705210032,10.545042522998983,-4.255439182211049,14.917836972093056,12.02885722235203,-2.8889797497410257,7.7313377897574895,8.938253627448987,1.206915837691497,10.70219036935957,10.493923770787518,-0.20826659857205243
2019-11-01,12.357667654059226,1,17.038878152169616,15.634452383681136,-1.4044257684884798,10.057124574182524,17.464243455091292,7.407118880908769,14.632047116212263,10.56791531003816,-4.064131806174103,14.302463453776753,12.162797010794236,-2.1396664429825165,7.242918421725264,8.098660067506941,0.8557416457816771,10.872574206288931,10.217937697243613,-0.6546365090453179
2019-11-15,12.614430020872616,1,17.13403561764443,15.862513355182884,-1.271522262461545,10.14544067147854,17.94430902542311,7.79886835394457,15.258442785291749,10.769339835204121,-4.489102950087627,14.668874798648119,12.510765875733782,-2.1581089229143373,7.4756626867054194,8.27501117533781,0.7993484886323898,11.004123565467438,10.324640858353973,-0.6794827071134648
2019-11-22,12.625091390917142,1,17.3046788321211,15.837618417599543,-1.467060414521555,10.077963207315378,18.29988271564757,8.221919508332192,15.127527425521066,10.492762504675483,-4.6347649208455834,14.730724512922706,12.688420368765549,-2.042304144157157,7.661209632963718,8.32542733703933,0.664217704075611,10.848444734658884,10.106437001775362,-0.742007732883522
2019-11-29,12.638064246262468,1,17.620256130126435,15.575166208134732,-2.0450899219917034,9.966158778803049,18.595069335095985,8.628910556292936,15.020318411190374,10.445868208503995,-4.5744502026863785,14.509766965239123,12.69843954201221,-1.8113274232269134,7.797465546199376,8.535888096423875,0.7384225502244988,10.914419646016455,9.977954087404001,-0.9364655586124542
2019-12-06,12.573696183447028,1,17.572937041581298,15.679401324479485,-1.8935357171018126,9.941758912776237,18.542269420898847,8.60051050812261,15.107400024125994,10.496134614467508,-4.611265409658486,14.206892676413602,12.286339483420022,-1.9205531929935802,7.670274316896695,8.647342277208779,0.977067960312084,10.942914128888347,9.79068998020756,-1.1522241486807872
2019-12-13,12.721143238598229,1,18.365380441682746,16.060837855937976,-2.3045425857447697,9.991623306323675,18.644496085239865,8.65287277891619,15.204521743091718,10.592354906316757,-4.612166836774961,14.20256467516252,12.482975252617663,-1.719589422544857,7.639426942875133,8.473314994596038,0.8338880517209049,10.923342322453578,10.072880336881042,-0.8504619855725366
2019-12-20,12.567472699980263,1,18.026115704996016,15.80001508441191,-2.2261006205841056,9.302251264040265,18.63021935953452,9.327968095494256,15.0271854698278,10.338600331292227,-4.688585138535572,14.18510105155967,12.546945580987895,-1.6381554705717747,7.993084603570111,8.549693333087959,0.5566087295178477,10.871098105887711,9.539362510567088,-1.3317355953206231
2019-12-27,12.36041623872522,1,17.726312182308646,15.408935560732928,-2.3173766215757183,9.198359241089335,18.0848101102263,8.886450869136965,15.105116052318778,10.79468113555464,-4.310434916764137,13.951138864663363,12.140558776440642,-1.8105800882227214,7.661862329868825,8.379904850015365,0.7180425201465397,10.519708762102368,9.353606999381427,-1.1661017627209418
2020-01-03,12.386435969764939,1,17.334658247729223,15.041552244623759,-2.293106003105464,9.191673021463615,18.174849498487745,8.98317647702413,15.089073801975033,10.778660436025774,-4.310413365949259,14.438298534649022,12.374974928659029,-2.063323605989993,7.559360387448379,8.549903798831252,0.9905434113828733,10.705551825324363,9.398674911962118,-1.3068769133622453
2020-01-10,12.49094738151999,1,17.5146489322197,15.006512113556084,-2.5081368186636155,9.036302292562837,18.339874611670922,9.303572319108085,15.312940423763152,10.948349961530056,-4.364590462233096,14.499443916302596,12.54855146124271,-1.9508924550598863,7.56608203019195,8.620189161716766,1.054107131524816,11.016266694079704,9.4822069794034,-1.534059714676303
2020-01-17,12.412249936385427,1,17.439328440464024,14.972293493964372,-2.467034946499652,8.826355877871308,18.294561546969177,9.46820566909787,15.328188176851413,10.916626256769689,-4.4115619200817235,14.5121914507626,12.358210063279785,-2.1539813874828155,7.389343728965812,8.429105928982665,1.0397622000168525,10.978091943397402,9.50270232834687,-1.4753896150505312
2020-01-24,12.462786138804573,1,17.541124261310983,14.735420152884558,-2.8057041084264256,8.812020213962953,18.519284021039354,9.707263807076401,15.407869741812505,11.032672735545916,-4.375197006266589,14.604317807411334,12.50269869419607,-2.101619113215264,7.427883589551385,8.540836939354037,1.1129533498026518,10.983501218778272,9.445804289807484,-1.5376969289707887
2020-01-31,13.187945262013615,1,18.58903252899148,15.561984563660502,-3.027047965330979,9.42113539088355,19.61011197091871,10.18897658003516,16.064308767423626,11.614075167684433,-4.450233599739192,15.482551028089489,13.158643481170856,-2.323907546918633,8.04997284120752,9.510423795257168,1.460450954049648,11.52067101548603,9.672432593390042,-1.8482384220959887
2020-02-07,13.164201380085686,1,18.30736246619213,15.210498662012924,-3.0968638041792076,9.688656127213633,19.39634961213949,9.707693484925855,16.567067957646273,11.865749022353285,-4.7013189352929885,15.233766983120091,13.255670459678456,-1.9780965234416357,8.017697433350818,9.236540923940652,1.2188434905898333,11.170657312991167,10.020399600389382,-1.1502577126017854
2020-02-14,13.187333322017537,1,18.295214287818396,15.101435149170698,-3.193779138647699,9.745775772016387,19.78749148693916,10.041715714922773,16.817783415530712,12.013494886663437,-4.804288528867275,15.245789887285738,13.212944749463574,-2.0328451378221644,7.915294175155054,9.154198432866323,1.238904257711269,11.104142394298933,9.854435227002,-1.2497071672969327
2020-02-21,13.199158662049436,1,18.300543885294786,15.117569453941528,-3.1829744313532586,9.85570078888452,19.848111174122153,9.992410385237633,16.85837620767046,11.97863648642074,-4.87973972124972,15.271279506179809,13.201317771937582,-2.069961734242227,8.044751740340416,9.305909734584205,1.2611579942437885,10.86429984392663,9.743407351290443,-1.1208924926361874
2020-02-28,14.32516526331859,1,19.91398543843941,16.597395907107853,-3.3165895313315588,10.61301606331503,21.323203992831324,10.710187929516295,18.018088343049087,13.092630136917165,-4.925458206131921,16.470865981562838,14.366837357449128,-2.1040286241137096,9.323016035284127,10.809223923495935,1.4862078882118084,11.612019718261053,9.76170026211014,-1.8503194561509133
2020-03-06,14.18980839834587,1,19.88447811159365,16.865358154982587,-3.019119956611064,10.624069727516414,20.57818885162206,9.954119124105645,17.661127179474263,13.584661380080576,-4.076465799393688,16.46490454930641,14.144397092404347,-2.320507456902064,9.227104554135934,10.506210483229907,1.2791059290939728,11.277166268048546,9.460034427755758,-1.817131840292788
2020-03-13,16.31568215067973,1,22.28038219279,19.26663771037626,-3.013744482413742,13.247757291575752,22.46473513343102,9.216977841855268,19.732219115507476,16.25602303538001,-3.4761960801274654,18.50495435084909,16.674442866973763,-1.830511483875327,11.341749239245033,12.86245425444109,1.5207050151960573,12.787030714111026,10.36979990347622,-2.4172308106348055
2020-03-20,17.213904464679555,1,23.897824605997258,20.398074127228682,-3.4997504787685756,14.696883531797866,23.682276480158933,8.985392948361067,20.810553508182707,16.80119874506248,-4.009354763120228,19.453757564043443,17.608193339312948,-1.845564224730495,11.038598731195833,13.640956045411116,2.6023573142152827,13.385808846860229,11.152728050903164,-2.233080795957065
2020-03-27,17.942030807470875,1,25.1696238765404,21.34319453200456,-3.826429344535839,15.714878803580476,24.201683670951894,8.486804867371418,21.525087576218894,17.29969710394107,-4.225390472277823,20.486386553142083,19.628214793730876,-0.8581717594112064,11.214315718472236,13.291620705403574,2.0773049869313382,13.541892316871156,11.88777403879321,-1.654118278077945
2020-04-03,18.024004399379344,1,25.03932880146641,21.609725510086534,-3.429603291379877,15.780905823390981,24.437871947813164,8.656966124422183,21.6494625244071,17.23784080019756,-4.411621724209539,20.888196018415584,19.637440944173647,-1.2507550742419369,11.585997605191608,13.60898068059079,2.022983075399182,13.200135623404378,11.612166513414351,-1.587969109990027
2020-04-10,18.93121226905454,1,25.820911433273125,22.103710415110157,-3.7172010181629673,16.749109775908806,25.67562936917635,8.926519593267543,22.380238624400405,17.737540394733784,-4.642698229666621,21.996748079477072,21.1301516045245,-0.8665964749525727,12.522104326511624,14.934605575380402,2.4125012488687787,14.118161374756212,12.005636255402067,-2.112525119354146
2020-04-17,19.153192260775295,1,25.75430551424229,22.010841675628768,-3.743463838613522,17.078112191212,25.973061714451816,8.894949523239816,22.67554138014988,17.839733728582644,-4.835807651567237,22.207606651913807,21.615523264094065,-0.5920833878197413,12.62453956539872,15.26309952532604,2.6385599599273206,14.579048261735082,12.216893656568445,-2.362154605166637
2020-04-24,19.441883632627896,1,26.257547167931676,22.385107025217835,-3.8724401427138417,17.346516205662653,26.43603153759281,9.089515331930158,23.045015615647515,18.173718656994723,-4.871296958652792,22.577667859159675,22.063624028461845,-0.5140438306978297,12.749123488139489,15.295147907751371,2.546024419611882,14.675431459226374,12.29767263974881,-2.377758819477563
2020-05-01,19.872793825606035,1,26.762021806342815,23.018575931426753,-3.7434458749160626,17.92715502471684,27.204016844069358,9.276861819352519,23.66001974410493,18.698342184696457,-4.961677559408471,23.087818556278336,22.518493122270826,-0.56932543400751,13.315803152140475,15.709894970310273,2.394091818169798,14.483944670052807,12.08743990086252,-2.3965047691902868
2020-05-08,19.987467947841747,1,27.139085221070417,23.702321242313147,-3.43676397875727,18.075849258980924,27.451694929902487,9.375845670921564,23.54544490845757,18.51571618221928,-5.0297287262382895,22.66563954652092,22.324206861309904,-0.3414326852110179,13.537446525709399,15.848141512299094,2.310694986589695,14.96134222631126,12.082726959006564,-2.8786152673046956
2020-05-15,19.781302963733065,1,27.04067702516332,23.558551426116324,-3.482125599046995,17.99823023656586,27.142477929851097,9.144247693285237,22.359886588763132,17.772690626520614,-4.587195962242518,22.63516711749611,22.175037957414546,-0.46012916008156424,13.469971343850148,15.812191344910673,2.342220001060525,15.183885470559815,12.226868497585158,-2.9570169729746567
2020-05-22,19.822622568232763,1,26.713696491566523,23.25647738570926,-3.4572191058572628,18.063906961055537,27.342505666413203,9.278598705357666,22.669827601821225,17.99786150444271,-4.671966097378515,22.66818549741194,22.168530124371017,-0.4996553730409232,13.541356132599972,15.940712477114246,2.399356344514274,15.278762724941373,12.229648251346148,-3.0491144735952247
2020-05-29,19.98015908384741,1,27.173880218650524,23.369060963041377,-3.8048192556091465,18.294600359899306,27.82801441267881,9.533414052779506,23.039228098089723,18.245107908426007,-4.794120189663715,22.510023026405392,21.960318747026847,-0.5497042793785454,13.702891500214207,16.086644442615977,2.3837529424017703,15.160331299825316,12.391808029295476,-2.7685232705298404
2020-06-05,20.935836645222263,1,27.953362196346916,24.54519555108122,-3.4081666452656947,19.246055978957486,29.34327608126449,10.097220102307006,24.093749207591515,19.253414149251768,-4.840335058339747,23.776665909224164,22.67605277815464,-1.1006131310695224,14.984614346390373,17.475967257724818,2.4913529113344453,15.560572232823134,12.321114053856633,-3.239458178966501
2020-06-12,21.142636715322272,1,28.482213536778403,24.56975687073262,-3.9124566660457845,18.991080596631363,29.49799110241206,10.506910505780695,23.924173752237678,19.56164886807551,-4.36252488416217,24.261166142371636,23.844598712773106,-0.41656742959852977,15.332909297639759,17.20642643706458,1.8735171394248198,15.864276966274787,12.175398300875727,-3.6888786653990593
2020-06-19,21.143043240012428,1,28.507676599860517,24.519541723584695,-3.988134876275822,19.227942622025495,29.462323832676958,10.234381210651463,23.964497250582284,19.742770892682927,-4.221726357899357,24.261859748111803,23.831281891197108,-0.4305778569146952,15.690058567226359,17.385753756397307,1.695695189170948,15.20622465226812,11.916587343535568,-3.2896373087325514
2020-06-26,21.408061825600896,1,28.68232538884338,24.67268698873299,-4.00963840011039,19.719570324718745,30.237061493549874,10.517491168831128,24.114729032952738,19.971257818158932,-4.143471214793806,24.641345485955213,24.409552484602102,-0.2317930013531111,15.940759146681089,17.413712161851578,1.4729530151704893,15.349641574454225,11.744100006709928,-3.6055415677442966
2020-07-03,21.38070871273261,1,28.338669621149847,24.4643276262577,-3.8743419948921485,20.044843900342542,30.124459295014844,10.079615394672302,24.108276420706957,20.189231190720562,-3.919045229986395,24.643368307005574,24.45238665477585,-0.1909816522297234,16.081131118004663,17.499396346366197,1.418265228361534,15.067962909186079,11.55445116326051,-3.5135117459255696
2020-07-10,20.680428664505182,1,26.941194427973528,23.967726279160672,-2.973468148812856,19.385411368177685,27.955665986771137,8.570254618593452,23.93884044517776,20.251358913440328,-3.6874815317374328,23.25759175455933,23.90274936110154,0.6451576065422131,15.81785114271942,17.310416453580885,1.4925653108614654,14.741682848423366,10.69465499297651,-4.047027855446856
2020-07-17,20.285666177106716,1,26.23579033955731,23.634813855478868,-2.600976484078444,19.141961374967977,26.924482409129766,7.782521034161789,23.847087768895662,20.254216545140153,-3.592871223755509,22.524521927184452,23.586410477953862,1.0618885507694102,15.51618928406711,17.09414614171014,1.5779568576430307,14.44844636796779,10.21992763322747,-4.2285187347403195
2020-07-24,20.476823170223785,1,26.193559377800085,23.9920365915099,-2.201522786290184,19.138112307497877,27.13807805859932,7.999965751101442,23.69502276841439,20.54967674826588,-3.1453460201485086,23.34042206577456,23.985156272228906,0.6447342064543449,16.136613990936652,16.934748583972464,0.7981345930358117,14.35720851091915,10.261242766766287,-4.095965744152863
2020-07-31,20.747697911296857,1,26.270272954014715,23.742987740163144,-2.5272852138515702,19.55155644124615,27.6549103931778,8.103353951931652,23.938469291256126,20.632128085683348,-3.306341205572778,23.56946078233058,24.401931716549583,0.8324709342190033,16.66332707455537,17.733305207155425,1.0699781326000561,14.493100924378211,10.320924325051848,-4.172176599326363
2020-08-07,20.728368092002878,1,26.369172942742225,23.812747984114253,-2.5564249586279715,19.564706072984052,27.535775352555063,7.971069279571012,23.82627209554923,20.531862242807136,-3.294409852742092,23.530678954326092,24.341415926321602,0.8107369719955102,16.610759488811198,17.792401737128813,1.1816422483176154,14.46861899760448,10.35600530909042,-4.11261368851406
2020-08-14,20.821749359622512,1,26.480720857322638,23.92481591855899,-2.5559049387636463,19.623764874965303,27.874485008536695,8.250720133571392,23.799179978488723,20.3303076437564,-3.4688723347323247,23.731904825676068,24.564354201913105,0.8324493762370366,16.39649165227486,17.718841320797168,1.3223496685223068,14.898433969007485,10.517692064172763,-4.380741904834721
2020-08-21,20.77372451408518,1,26.3330574563669,23.62199922444725,-2.711058231919651,19.844299778621277,27.007737450073847,7.16343767145257,23.57464687732036,20.052172729739155,-3.5224741475812067,23.60482749571395,24.840867291418007,1.236039795704059,16.448103742872988,17.81255926460787,1.3644555217348824,14.83741173361561,11.307011124224957,-3.5304006093906537
2020-08-28,20.80565202048644,1,26.540309327380157,23.69680828109169,-2.8435010462884662,19.87593200876144,27.257549954444414,7.381617945682976,23.78063157006656,20.163064652817596,-3.617566917248965,23.26571516501832,24.54502015185038,1.2793049868320594,16.397346433023486,17.968753675132163,1.5714072421086769,14.973977618668684,11.202715407582346,-3.771262211086338
2020-09-04,19.79901512625338,1,25.159016074948667,22.50499390353623,-2.6540221714124357,18.805934293713165,25.88237463842995,7.0764403447167865,23.051507702682684,19.673195905301554,-3.37831179738113,22.112418282344123,23.036943444412046,0.9245251620679227,15.481372805439605,16.771913757652158,1.2905409522125524,14.183841598392036,10.924669108188368,-3.2591724902036674
2020-09-11,19.988455491088775,1,25.350184826452875,23.157957833885376,-2.192226992567498,18.669907620992944,25.79717453169819,7.127266910705245,23.329032691487654,19.81629245090599,-3.512740240581664,22.322206825209776,23.122792092073553,0.8005852668637772,15.698205152480739,17.062671100439417,1.3644659479586778,14.561195829908655,10.973844937530117,-3.587350892378538
2020-09-18,20.258530066121708,1,25.623960954237873,23.080539211874353,-2.5434217423635204,18.45670913485729,26.18656967592341,7.729860541066117,23.415302447201242,19.823834882177934,-3.591467565023308,22.476053389352487,23.411564400339373,0.935511010986886,17.02741635929378,18.14660887252893,1.1191925132351486,14.551738111787571,10.90206335388622,-3.6496747579013515
2020-09-25,20.06372946485236,1,25.202191177576296,22.77542111695449,-2.4267700606218057,18.23653246090116,25.11149215182776,6.874959690926602,23.337963773011822,19.786051755139837,-3.5519120178719845,22.30321564136524,23.140975185428303,0.8377595440630614,16.77556712036781,18.902136690409975,2.1265695700421645,14.526906615891832,10.666299889353766,-3.860606726538066
2020-10-02,19.942271434051044,1,24.38612051775914,23.34631504217697,-1.0398054755821704,18.314006877423523,25.118832141492135,6.8048252640686115,22.5512542619865,18.47518285258974,-4.076071409396761,22.633842878762195,22.43487161976836,-0.1989712589938364,16.926374622949425,18.951279349256083,2.0249047263066586,14.842029445425482,11.327147599023007,-3.5148818464024743
2020-10-09,19.842522917236586,1,24.726454149680947,21.859412808199977,-2.86704134148097,18.0058643360136,25.73813822306245,7.732273887048848,22.195574335808786,18.158517500156222,-4.037056835652564,22.431676263657877,23.038479738728796,0.6068034750709188,16.833583618631792,18.99231823129429,2.1587346126624993,14.861984799626512,11.26827100197778,-3.593713797648732
2020-10-16,19.767796225965366,1,24.66534846995127,22.104399744337513,-2.5609487256137555,17.964530901045606,25.48040285943506,7.515871958389454,22.169156409005424,18.17839052307002,-3.990765885935403,22.1707457664199,22.729719461927743,0.558973695507845,16.755184161164593,18.88497943929599,2.1297952781313967,14.881811648205414,11.22888532772589,-3.652926320479523
2020-10-23,19.493999326363728,1,24.218629447654934,21.82205233914675,-2.3965771085081826,18.31144053015373,25.63999153533176,7.328551005178028,21.566885467924934,17.09213032028714,-4.474755147637794,21.24486968814942,22.75374260976102,1.508872921611598,16.756074665072006,18.599596973825115,1.8435223087531085,14.86609615922734,11.056482179830596,-3.809613979396744
2020-10-30,19.206201663492738,1,22.956866732632506,19.064105284102354,-3.892761448530152,18.51704690299387,26.013674294386718,7.496627391392849,21.291821508631728,17.052280314368204,-4.2395411942635235,21.52957076954803,22.849604406752192,1.320033637204162,16.80295679301588,18.98381549321323,2.180858700197348,14.138947274134424,11.273730188133683,-2.86521708600074
2020-11-06,19.686761104033774,1,23.819441812111748,18.3974850087495,-5.421956803362249,18.82979080756712,27.42343425199239,8.593643444425268,21.650863140532834,17.662381339486288,-3.9884818010465466,22.134145549238326,23.887005051964294,1.7528595027259684,17.36333770900964,19.438102967276464,2.0747652582668223,14.322987605742966,11.31215800473369,-3.010829601009277
2020-11-13,19.919878759270322,1,23.010079722295075,17.294806283087013,-5.715273439208062,19.438977766219566,29.422146248889405,9.98316848266984,22.05433016211674,18.165989420367637,-3.8883407417491043,22.958698891990437,23.585510532874437,0.6268116408840001,17.700495189259684,19.67197441122717,1.9714792219674848,14.356690823740422,11.37884565917625,-2.9778451645641724
2020-11-20,19.571510081985252,1,22.950729201417204,17.301218160900362,-5.649511040516842,17.719951944608752,28.83176690433892,11.111814959730168,21.94572803904525,17.889372203817942,-4.056355835227308,23.02792106010132,22.95779459086573,-0.07012646923558918,17.698779023519307,18.840919219495703,1.1421401959763955,14.08595122321968,11.607989412492813,-2.4779618107268675
2020-11-27,20.121266892032292,1,23.636645600335257,18.44711130639827,-5.189534293936987,18.480733287295237,26.415822782366916,7.935089495071679,22.22287084855489,19.182168818545563,-3.040702030009328,23.89808020795668,24.481970970481214,0.5838907625245326,18.168160248079815,20.019501499379388,1.8513412512995728,14.321111159971878,12.181025975022422,-2.1400851849494558
2020-12-04,19.516080765512452,1,23.086814365913625,18.00293714168373,-5.083877224229894,18.052411228269264,25.509528757919085,7.457117529649821,21.4442103571876,18.212641300019712,-3.2315690571678886,22.759182285877188,24.361842573065317,1.6026602871881295,17.71853123976473,19.15415647653738,1.4356252367726512,14.035335116062313,11.855378343849537,-2.179956772212776
2020-12-11,19.855430064289415,1,23.89689383368156,18.27440288213569,-5.6224909515458705,18.107710818899577,26.42771641258456,8.320005593684982,21.579860001580528,18.428893415434644,-3.150966586145884,22.616473114468093,23.986519870823386,1.3700467563552934,18.900372873764084,19.921198847098694,1.0208259733346097,14.031269743342648,12.093848957659503,-1.9374207856831447
2020-12-18,19.160275596970415,1,23.49457115544773,18.036670816885078,-5.457900338562652,17.484381785856243,24.633407732389784,7.149025946533541,19.031741091849597,16.677550380460985,-2.354190711388611,22.346970109492986,23.484345087376326,1.13737497788334,18.569369433221226,20.35842980068435,1.7890603674631222,14.034620005954707,11.771249764025953,-2.2633702419287545
2020-12-25,18.609941487627506,1,22.83766349454291,17.512442740957397,-5.325220753585512,16.836365658313554,23.73357892778185,6.8972132694682955,18.387950410837107,16.44019898426906,-1.947751426568047,21.885984544796756,22.8998173602058,1.013832815409046,18.05588565990186,19.803793739461156,1.747908079559295,13.65579915737284,11.269817173089791,-2.385981984283049
2021-01-01,18.773252244233486,1,22.5632221161285,17.570797851913525,-4.992424264214975,16.843558777436712,24.08243834253574,7.238879565099026,18.478609693013297,16.537976074234535,-1.9406336187787616,21.931111555418326,23.234374871387573,1.3032633159692466,18.541416519441142,20.064687651588983,1.5232711321478405,14.281594803962946,11.14923867374057,-3.1323561302223766
2021-01-08,18.95888678511665,1,22.818783846598052,18.849133531068333,-3.9696503155297194,16.78574319959762,23.166654893188493,6.380911693590875,18.508326032220126,16.47481079188657,-2.033515240333557,22.241998011070166,23.593117753019143,1.3511197419489775,18.94191518892923,20.005937544625283,1.0640223556960535,14.456554432284705,11.66366619691209,-2.792888235372615
2021-01-15,18.824982514181087,1,22.526232561206243,18.42014239747712,-4.106090163729121,16.178317194209143,22.054065735762535,5.875748541553392,18.076173538303223,16.088190116684174,-1.9879834216190488,21.879670569438986,23.73055932436587,1.8508887549268849,19.724071927265214,20.938139506987596,1.214067579722382,14.565429294663716,11.718798003809255,-2.846631290854461
2021-01-22,18.427126392456803,1,22.364524460213616,17.633613107279004,-4.730911352934612,15.815480563760843,21.459360424410008,5.6438798606491645,17.58919437817785,16.235571295453184,-1.353623082724667,21.074130931957157,23.784879461778473,2.7107485298213163,19.32184313333741,19.687106915080037,0.36526378174262675,14.397584887293931,11.76222715074006,-2.635357736553871
2021-01-29,19.19390303820727,1,23.384340940539957,18.30925070122946,-5.075090239310498,16.38513151263703,22.870428207582194,6.485296694945163,18.20903008318919,17.23204602081117,-0.9769840623780226,22.310361256216638,23.896059992514168,1.5856987362975303,19.804726516113263,20.331837214135348,0.527110698022085,15.069827920547553,12.523796092971281,-2.5460318275762717
2021-02-05,19.254216533149247,1,23.710338249296,18.261964936828946,-5.448373312467055,16.10673723367738,23.115725651766894,7.0089884180895154,18.707809950139904,17.479230681533153,-1.228579268606751,21.667172620779596,23.708531863194565,2.04135924241497,20.24071793458164,20.659316875935545,0.4185989413539062,15.092523210420964,12.300529189636379,-2.7919940207845855
2021-02-12,19.261401698836377,1,23.584351400825327,18.265973475920617,-5.318377924904709,16.15984213518189,23.058389249473436,6.898547114291546,18.434516665454325,17.218011445984317,-1.2165052194700081,21.87116648753488,23.503964350741057,1.6327978632061786,20.37880359622463,21.222569225041966,0.8437656288173372,15.139729907797218,12.299502445856888,-2.84022746194033
2021-02-19,19.25361840052955,1,23.275154080477506,17.911586869751886,-5.36356721072562,16.523589925694182,23.133281483728453,6.609691558034271,18.499778839117923,17.348611011512062,-1.1511678276058603,21.8291400281975,23.590606659670456,1.7614666314729561,20.316517524307315,21.13654558304657,0.8200280587392541,15.077530005382883,12.401078795467882,-2.676451209915001
2021-02-26,19.396872914837097,1,23.38332746517139,18.36071300813974,-5.022614457031651,16.547726008201224,22.842290113691817,6.294564105490593,18.334902400099452,17.360473563065753,-0.9744288370336989,21.850501020265753,23.51880875440804,1.6683077341422887,20.883165801781985,21.646880644564064,0.763714842782079,15.381614793502777,12.652071405153194,-2.729543388349583
2021-03-05,19.279028884890867,1,23.33063514251593,18.243871024150934,-5.0867641183649965,16.48010709830038,22.845148586134513,6.365041487834134,18.447505224443162,17.58317041063451,-0.8643348138086537,22.055630544565332,23.463427986587647,1.4077974420223143,21.05939788669079,21.64699928460766,0.5876013979168704,14.300897412829613,11.891556017229973,-2.4093413955996397
2021-03-12,19.474887818613286,1,23.46513683954737,18.4467443175607,-5.018392521986669,16.515463668114776,23.434283616856746,6.9188199487419695,18.626499690545444,17.73718905000962,-0.8893106405358253,22.438127281374292,24.143533033783825,1.7054057524095327,21.348895090751398,22.026773225772786,0.6778781350213876,14.455204341346445,11.060803667696035,-3.3944006736504093
2021-03-19,19.665154945805664,1,22.963081322945712,18.21950144189256,-4.743579881053151,16.882339846818752,23.556636850706425,6.674297003887673,18.543306854981026,17.36022276788819,-1.183084087092837,22.758640811760984,24.247756508037696,1.4891156962767127,22.345789675946108,23.556760435838157,1.2109707598920494,14.497771162381397,11.050051670470921,-3.447719491910476
2021-03-26,19.894348422216606,1,23.876509968275613,18.797869291946768,-5.078640676328845,16.86126274950547,23.578353419842244,6.717090670336773,18.655525622928465,17.50391578927494,-1.1516098336535237,23.113771354367714,24.572455201124342,1.458683846756628,22.314170462066258,23.808072066299147,1.4939016042328888,14.544850376156106,11.10542476481217,-3.4394256113439354
2021-04-02,20.153350947156365,1,24.083051044795653,18.874498772403925,-5.208552272391728,17.042372385393264,24.035542318401056,6.993169933007792,19.160227100258965,18.22022192665861,-0.9400051736003547,23.153946862145204,24.52784654720007,1.373899685054866,22.845891811566446,24.06622091911609,1.2203291075496452,14.634616478778668,11.195775199158476,-3.438841279620192
2021-04-09,20.076433401163566,1,24.148967592100192,18.923589230212272,-5.22537836188792,16.983782661868148,23.798383828693915,6.814601166825767,19.17178092495608,18.1499607193889,-1.021820205567181,22.719656510043606,24.37962350580611,1.6599669957625025,22.828878082862744,23.850295134871644,1.0214170520088999,14.605534635150633,11.35674798800855,-3.248786647142083
2021-04-16,20.203601020217228,1,24.28235098127442,18.82986639696206,-5.452484584312359,17.44740392272587,24.396488560801174,6.9490846380753055,19.222129618200015,18.040462555236473,-1.181667062963541,22.715559305430347,24.66647212926405,1.9509128238337041,22.852385819949376,23.746269508693644,0.8938836887442676,14.701776473723342,11.542046970345964,-3.1597295033773776
2021-04-23,20.17978006044008,1,24.02037736160733,18.55825591533305,-5.462121446274281,17.504705899864135,24.788643822893917,7.283937923029782,18.709441163047032,17.503254338296017,-1.2061868247510148,23.12746659694818,24.985838886125123,1.8583722891769412,22.98074048586227,23.654002099825277,0.6732616139630068,14.735948855311534,11.5886853001671,-3.147263555144434
2021-04-30,20.154316865952968,1,24.24761421727392,18.373783006547455,-5.873831210726465,17.454937116195495,25.35502602619094,7.900088909995446,18.96387796150509,17.018046097688398,-1.945831863816693,23.068952413217986,24.552088844311868,1.4831364310938824,22.471224330657932,23.78257719000679,1.3113528593488581,14.719295156867389,11.844380030972331,-2.8749151258950576
2021-05-07,20.27828800221531,1,24.408365698792963,18.870418168062514,-5.537947530730449,17.327911511071505,25.221511551533894,7.893600040462388,18.7297636200841,17.27646575268487,-1.453297867399229,23.300379908716423,24.675087753955253,1.3747078452388308,22.762095364914657,23.65727959949372,0.8951842345790624,15.141211909712197,11.968965187561622,-3.1722467221505752
2021-05-14,20.39017934915191,1,24.412394244483863,18.36694647982003,-6.045447764663834,17.863099495065185,25.86772782123728,8.004628326172096,18.984377379172187,17.58986038631069,-1.3945169928614973,23.21081779950805,24.96249716474769,1.7516793652396387,22.8267384522987,23.34487424843546,0.518135796136761,15.043648724383473,12.209169994360309,-2.8344787300231644
2021-05-21,20.25698795582612,1,24.2989396864307,18.341741360885493,-5.957198325545207,17.911922906677006,25.327700130042047,7.4157772233650405,18.75255755770455,17.93498836229476,-0.8175691954097886,23.12106497043878,24.639915926566687,1.5188509561279062,22.590370632182925,23.264020815522144,0.6736501833392197,14.867071981522756,12.033561139645599,-2.833510841877157
2021-05-28,20.163563851004962,1,23.957222548507318,18.059253630211046,-5.897968918296272,18.079043599165914,25.87382425520292,7.794780656037005,18.747431127695165,17.877951985084124,-0.8694791426110413,22.979327000479813,24.507746543133848,1.528419542654035,22.39864535666476,22.684260207304263,0.2856148506395044,14.819713473516813,11.978346485093567,-2.841366988423246
2021-06-04,20.5771239001898,1,24.411549493367176,18.369517461004264,-6.042032032362911,18.266741226073847,26.352007026453705,8.085265800379858,20.1074004220345,18.681352078104553,-1.4260483439299492,23.062058515177554,24.587509847327254,1.5254513321497,22.624950850776926,23.246570991332277,0.6216201405553505,14.99004289370879,12.225785996916784,-2.7642568967920056
2021-06-11,20.77003425284624,1,24.43903005887836,18.313985757665108,-6.125044301213251,18.68602930481829,26.797835388301223,8.111806083482932,20.13906421488349,18.695612559362104,-1.443451655521386,23.57429868916718,25.411690726311164,1.8373920371439851,22.748811765922653,23.14500054892366,0.39618878300100846,15.03297148340748,12.25608053651419,-2.776890946893289
2021-06-18,20.930382662126828,1,25.23159438329003,19.30181355332911,-5.929780829960919,18.636515275774883,26.090470595988293,7.45395532021341,19.93627574814748,18.6790652775086,-1.2572104706388814,23.87918112918824,25.73825357895531,1.8590724497670692,22.61654242937071,23.4148576259618,0.7983151965910906,15.28218700698963,12.357835341017875,-2.9243516659717557
2021-06-25,21.076892573303496,1,25.190804968013524,19.06998865755017,-6.120816310463354,18.745297732368073,26.374616728726608,7.629318996358535,20.046890588991644,19.349058806091264,-0.69783178290038,24.223274611413245,25.573760263174236,1.350485651760991,22.71404054211554,23.656513861157492,0.9424733190419516,15.54104699691895,12.437417123121222,-3.103629873797729
2021-07-02,21.005537536387827,1,25.104944775531948,19.411400268267798,-5.69354450726415,18.16804708405094,24.85444678850118,6.686399704450238,20.60870294173189,19.610806158766096,-0.9978967829657961,24.062944121858152,25.90122048651969,1.8382763646615388,22.822406310920698,23.845170504951668,1.0227641940309695,15.266179984233332,12.41018101132056,-2.855998972912772
2021-07-09,20.56981934913492,1,24.163883173226367,17.889149183582205,-6.274733989644162,17.91150477415188,24.701729475658766,6.790224701506887,20.352540725182052,19.292385231278473,-1.0601554939035793,24.036769629859023,25.91114515613181,1.874375526272786,22.49812064238172,23.657275967912966,1.1591553255312448,14.456097150008475,11.967231080245256,-2.488866069763219
2021-07-16,20.420221980727295,1,23.839217692535556,17.772998750860324,-6.066218941675231,17.988090727175788,24.600388893329907,6.612298166154119,20.22557642204579,19.233268839954548,-0.992307582091243,24.027070750622713,26.260378168834592,2.2333074182118793,22.389411968854986,23.28820602819856,0.8987940593435724,14.051964323128928,11.366091203185803,-2.6858731199431247
2021-07-23,20.4431056509495,1,23.800134405456475,17.43856384633004,-6.361570559126434,18.479797645034154,24.832613475056903,6.352815830022749,20.075046668457645,19.36864918133797,-0.7063974871196734,24.044367436568535,26.253934572134682,2.2095671355661466,22.18689618656778,23.333565079413845,1.1466688928460655,14.072391563612413,11.431307751423546,-2.6410838121888673
2021-07-30,20.581415327658842,1,24.222826293332588,17.6430992131546,-6.579727080177989,18.689699380675037,24.949037301516924,6.259337920841887,20.160770010442448,19.57442144738195,-0.586348563060497,24.003405458858197,26.11594529571194,2.112539836853742,22.377831233173822,23.67926750861305,1.3014362754392295,14.033959589470967,11.526721199574581,-2.5072383898963864
2021-08-06,20.4343775754355,1,23.989026645654192,17.745680557768964,-6.243346087885229,18.596169555304215,24.716132852600182,6.119963297295968,20.0460147693845,19.279629035028236,-0.7663857343562626,23.808593701278923,26.09183561822924,2.283241916950317,22.26548180322993,23.569700605887405,1.3042188026574735,13.900978977761241,11.203286783099003,-2.6976921946622383
2021-08-13,20.616496870248927,1,23.987469709167968,17.86459516128103,-6.122874547886937,18.705225454435606,24.875658551676068,6.170433097240462,19.82056069401669,19.21875953307149,-0.6018011609452003,24.717819379558946,26.591573315941815,1.8737539363828688,22.368817696259683,23.600398697390546,1.2315810011308628,14.09908828805466,11.547995962132589,-2.5510923259220704
2021-08-20,20.811200857860822,1,23.941143024453297,17.928248691099512,-6.012894333353785,18.925744032160736,25.336310735119895,6.410566702959159,19.95848308426723,19.637050512114243,-0.32143257215298604,25.185969094702514,26.401914430241817,1.2159453355393026,22.77252404515511,23.89369143945683,1.1211673943017217,14.083341866426053,11.669989339132655,-2.413352527293398
2021-08-27,20.75928347178169,1,23.18474331571906,17.530539606164368,-5.654203709554693,19.028668955908202,25.2373585117155,6.208689555807297,20.033536503143893,19.649943426656733,-0.3835930764871591,25.298011614812296,26.33082679127034,1.032815176458044,22.937390839000827,23.93792546623871,1.000534627237883,14.07334960210585,11.86910702864445,-2.2042425734614
2021-09-03,20.642006367911122,1,23.04146112453904,16.66662050454768,-6.37484061999136,18.827107035098436,25.654591695452822,6.827484660354386,20.69752927908482,20.698909564818152,0.001380285733333153,24.552851545959697,26.28673757253121,1.7338860265715113,23.020264068972168,23.951105247136113,0.930841178163945,13.712825153812574,10.594073622980787,-3.118751530831787
2021-09-10,20.65940254834052,1,22.90967354054274,16.19723258920405,-6.712440951338692,18.45418159037169,26.063330261359823,7.609148670988134,21.390019983261695,21.066921030396145,-0.3230989528655499,24.53501998390672,26.37871130629067,1.8436913223839468,22.987443334511184,23.860872426232646,0.8734290917214622,13.680076857449095,10.389347676559808,-3.2907291808892865
2021-09-17,20.586275430903573,1,22.77341693076913,15.894359721644292,-6.879057209124838,18.183313611146986,26.343014664673916,8.15970105352693,21.42383878203937,20.714124907285807,-0.709713874753561,24.460246307822416,26.381137654210377,1.920891346387961,22.95703196246305,23.978172882799,1.0211409203359523,13.719804991180482,10.206842754808022,-3.5129622363724593
2021-09-24,21.42373632072731,1,23.55787613574789,17.645813965426825,-5.9120621703210645,18.70121121185663,26.06589898157621,7.3646877697195805,21.943264826299114,21.355447568955228,-0.587817257343886,25.597841315115943,27.492718321660192,1.8948770065442488,24.368998535219305,24.725599779267256,0.3566012440479511,14.373225900124979,11.25693930747812,-3.1162865926468584
2021-10-01,21.412425404195133,1,23.00854827954042,17.34671021342696,-5.661838066113461,18.596180302830604,25.845683248189133,7.249502945358529,22.498254819399293,21.510826816961668,-0.9874280024376247,25.90220425554203,27.71042983351309,1.8082255779710579,24.27281473154642,24.894549111627114,0.6217343800806958,14.196550036312033,11.166353201452836,-3.030196834859197
2021-10-08,21.392864928641803,1,22.604806813667295,17.895537830661027,-4.709268983006268,18.77773485363238,26.200936734225095,7.423201880592714,22.000370696654954,20.256071861400173,-1.7442988352547815,26.201705736823428,27.13885281977727,0.9371470829538424,24.333788448180073,25.485930088833157,1.1521416406530847,14.438783022892707,11.379860236954144,-3.058922785938563
2021-10-15,21.4016584456359,1,23.549946451315208,18.711508191819505,-4.838438259495703,18.725421842742364,25.856144398099715,7.130722555357352,22.129782945262278,20.35736001533276,-1.7724229299295189,26.542223362924148,27.77841606962039,1.2361927066962437,23.012872677397397,24.281727425021373,1.2688547476239762,14.449703394173994,11.424794573921645,-3.0249088202523495
2021-10-22,21.54859018773601,1,23.60071413928347,18.881859292029844,-4.718854847253624,18.87244744893863,25.664967539307185,6.792520090368555,22.259773634824043,20.31425824959753,-1.9455153852265141,26.784064794111615,27.14640355694361,0.36233876283199606,22.99726056416594,25.546511327309076,2.549250763143135,14.777280545092367,11.737541161228819,-3.039739383863548
2021-10-29,21.461050078032542,1,23.59265333113312,18.891238253614304,-4.701415077518817,18.663321765943778,25.755815798269097,7.09249403232532,21.997423753475616,20.594327740536528,-1.4030960129390877,26.596186397971067,26.40530374442342,-0.19088265354764644,22.970035930970212,25.431997778711107,2.461961847740895,14.94667928870146,11.687617152640826,-3.259062136060635
2021-11-05,21.11538951923586,1,23.397515635387293,18.321081748786455,-5.076433886600839,18.254066190529088,25.35808887118533,7.104022680656243,21.75287258481191,19.49373988629783,-2.2591326985140796,26.23586358201557,26.100758021861168,-0.13510556015440045,22.264402175929888,24.915299474958005,2.6508972990281165,14.787616946741394,12.503369112326354,-2.2842478344150408
2021-11-12,21.124589385756828,1,23.121357182090634,18.14338958738594,-4.977967594704694,18.287470062906394,25.177012101172963,6.889542038266569,21.7500912879009,19.283896829460417,-2.4661944584404836,26.5049648735708,26.18809577821733,-0.31686909535346786,22.057639808364428,25.313930090980875,3.2562902826164475,15.02601309970781,12.641211927323411,-2.3848011723843996
2021-11-19,20.82977941885468,1,23.017648144081903,17.779310451815988,-5.238337692265915,18.002297693932164,24.82857639555617,6.826278701624005,21.351782745096983,18.9533391721462,-2.3984435729507823,25.95038617741426,25.589709182198646,-0.3606769952156128,21.64708022266983,24.91039100480903,3.2633107821392002,15.009481529932941,12.917350306602032,-2.0921312233309095
2021-11-26,20.910379155996306,1,22.8303861157584,18.11764906531394,-4.71273705044446,18.265221821125706,25.840121453802638,7.574899632676932,20.649650524489203,17.149154867134044,-3.5004956573551596,26.1933737732153,26.36685429138329,0.1734805181679917,22.393173073014083,24.94411763813551,2.5509445651214264,15.130469628375153,13.044377620208436,-2.086092008166716
2021-12-03,20.63954679687581,1,22.245118895245383,17.847570560527046,-4.397548334718337,17.948345576444822,25.798272593874344,7.849927017429522,20.656916379270868,16.184993934582437,-4.471922444688431,25.699961560763185,26.650904163367954,0.9509426026047691,22.20097704961337,24.252929684574752,2.0519526349613812,15.085961319917232,13.102609844328313,-1.9833514755889183
2021-12-10,20.6821800632541,1,22.323963898875064,18.015943535566052,-4.308020363309012,17.97043146946271,25.774447924780176,7.804016455317466,20.638282047221253,16.283804551238603,-4.35447749598265,25.70508478570393,26.760906220379667,1.0558214346757353,22.310378529145467,24.22019903266272,1.9098205035172526,15.144939649116182,13.037779114897432,-2.1071605342187496
2021-12-17,20.714712606941315,1,22.34857403880916,18.021431933602557,-4.327142105206605,18.101957358427228,25.79658563959066,7.694628281163432,20.702442405940204,16.357991886965067,-4.344450518975137,25.6158087311822,26.651347906730038,1.0355391755478394,22.307596789203217,24.19623924792606,1.8886424587228419,15.211896318085877,13.26467902683352,-1.9472172912523575
2021-12-24,20.829835017124406,1,22.31188951696683,17.929218102030205,-4.382671414936624,18.10185655100193,24.379547663251003,6.277691112249073,20.33903034392813,15.828630650449696,-4.510399693478433,26.318624547569186,28.267262602206088,1.948638054636902,22.454435244487613,24.424195881525975,1.9697606370383625,15.453173898792755,14.150155203283461,-1.3030186955092944
2021-12-31,20.18559372321945,1,21.76802304285836,16.444385685967575,-5.323637356890785,16.97345676582664,23.95289704575815,6.979440279931509,19.65673680214377,15.118504937660887,-4.538231864482881,26.01270075843361,28.62714101708859,2.61444025865498,22.050920497629164,23.13438238069314,1.0834618830639755,14.651724472425173,13.836251272148331,-0.8154732002768412
2022-01-07,20.32205491309499,1,22.132805436806436,16.176404986038833,-5.956400450767603,16.958549458615963,24.61813727285815,7.659587814242187,19.66372033416313,15.387673140961212,-4.276047193201919,26.3350307787114,28.801237466863682,2.4662066881522833,22.104951684592137,23.192992543301315,1.0880408587091779,14.737271785680889,13.755884068546763,-0.9813877171341261
2022-01-14,19.3147909715995,1,19.563556770732703,14.231398264210256,-5.332158506522447,16.841935524286455,24.41414472034471,7.572209196058253,17.95477630883471,12.419747752384566,-5.535028556450143,25.041310639924603,28.067642225377213,3.02633158545261,21.242265141750792,22.03655574000942,0.7942905982586268,15.244901444067736,14.71925712727085,-0.5256443167968854
2022-01-21,19.20628104654458,1,19.174442587187244,14.549858152357743,-4.624584434829501,16.644190363406196,23.80211712044165,7.157926757035455,17.91359062236309,12.051282578835469,-5.862308043527619,24.63047693685884,28.294840002851103,3.664363065992262,21.75112695524814,22.045216815121762,0.29408985987362257,15.123858814203956,14.494371609659709,-0.6294872045442474
2022-01-28,19.03988546752633,1,19.264546162119046,14.30542257842346,-4.959123583695586,16.58956498828863,23.417673343295206,6.828108355006577,17.60106853354762,11.315889711434423,-6.2851788221131955,24.133494217622996,28.8304258771184,4.696931659495405,21.590082893474403,21.458184477540343,-0.13189841593406015,15.060556010105287,14.91171681734616,-0.1488391927591266
2022-02-11,19.075016021753346,1,19.42852191370254,14.507177114746554,-4.921344798955985,16.958562614103315,23.627635434398925,6.669072820295611,16.877078864274097,10.082613121478033,-6.7944657427960635,24.137609399625006,29.5511921817735,5.413582782148495,21.863482739825926,21.988649259802784,0.12516651997685813,15.184840598989197,14.692829018320296,-0.49201158066890116
2022-02-18,18.733061180702823,1,19.179770528529687,13.895720212398174,-5.284050316131513,16.67967594731708,20.823522242960067,4.143846295642987,16.487949694365923,10.230639127984062,-6.257310566381861,24.24196873925071,31.037023746635498,6.795055007384789,20.993715931641717,20.263399439975572,-0.7303164916661444,14.815286243111814,16.148062314263512,1.3327760711516987
2022-02-25,18.593137949509693,1,19.04494173921445,13.688079227159449,-5.356862512055002,16.10733668170043,21.199867044817907,5.092530363117476,17.197415389693134,11.31474528215253,-5.882670107540605,24.14615291642818,30.170567278743306,6.024414362315127,20.76242640496058,20.49803095037366,-0.2643954545869178,14.30055456506139,14.687537913811312,0.38698334874992213
2022-03-04,18.41983646482069,1,19.283313929784654,14.058652375446144,-5.22466155433851,16.080196952409807,20.59125636562065,4.511059413210845,16.673813359834327,11.301235374586653,-5.372577985247673,24.07534309416411,29.50421829384821,5.4288751996841,20.706000862655358,20.387552323959824,-0.31844853869553447,13.700350590075885,14.67610405546263,0.9757534653867452
2022-03-11,18.43475157317393,1,19.00936734444737,13.557333024428644,-5.452034320018726,16.27794132879194,20.658898890864705,4.380957562072766,16.55415838135231,11.211348657401743,-5.342809723950566,24.101806016480737,29.461400162653817,5.35959414617308,20.7661273398125,20.329418709014377,-0.4367086307981225,13.899109028158719,15.390109994680245,1.4910009665215256
2022-03-18,18.081183691348368,1,17.831140654212092,12.98958478530345,-4.841555868908642,16.1279225725866,20.325369230189395,4.1974466576027964,16.394274396529568,11.17573206316689,-5.218542333362677,23.77899188378936,28.97040767747562,5.191415793686261,20.58114383723054,20.054807260554014,-0.5263365766765276,13.773628803742056,14.971201131400889,1.1975723276588326
2022-03-25,17.986150855067258,1,17.859754603611123,12.75478480375402,-5.104969799857102,16.024224197464363,20.33233427216487,4.308110074700508,16.574722768141996,11.400290389451953,-5.174432378690042,23.841769180890182,29.308411671650987,5.466642490760805,20.049299635551662,19.427305730160853,-0.6219939053908092,13.567134744744223,14.693778263220864,1.1266435184766408
2022-04-01,18.05463137255398,1,18.18203946064351,12.957993952171876,-5.224045508471633,16.406583454783885,21.03536056508935,4.628777110305464,16.380804038639397,11.223019787976014,-5.157784250663383,24.0251426402251,29.722903790663466,5.697761150438367,19.84014709368458,19.212754022276116,-0.6273930714084628,13.493071547347412,14.175756117147031,0.6826845697996191
2022-04-08,17.949978159637165,1,17.696882701803474,13.10915388872553,-4.587728813077945,16.23369278349479,19.9016085528869,3.66791576939211,16.25172576086254,11.229846591660348,-5.021879169202194,24.231228725326673,29.58164577311318,5.350417047786507,19.752388488402772,19.47965177159419,-0.2727367168085806,13.53395049793275,14.397962379842866,0.8640118819101161
2022-04-15,17.953785623172692,1,17.48829420529347,12.986418212039297,-4.501875993254174,16.207364651159253,19.857147603698976,3.6497829525397236,16.38246872522477,11.300216998112319,-5.08225172711245,24.209199495768317,29.694732036143165,5.485532540374848,19.971368098208444,19.592891227621152,-0.37847687058729207,13.464018563381899,14.291307661421214,0.8272890980393157
2022-04-22,17.688233918458263,1,17.353038473074122,13.244484892383426,-4.108553580690696,16.072685816216634,19.530301380450993,3.4576155642343593,16.002900263652123,11.332122617741575,-4.6707776459105474,24.112847464098337,29.04746907043156,4.9346216063332236,19.809648596829064,19.55345055372706,-0.2561980431020032,12.778282896879304,13.42157499601494,0.6432920991356355
2022-04-29,17.542187101222765,1,17.32112963772687,13.141557022715233,-4.179572615011637,15.798841210031156,19.272792278639443,3.4739510686082866,15.673450649911587,10.791143451070013,-4.882307198841573,24.012842014022752,29.039427640140488,5.026585626117736,19.478851277064834,19.505305828446964,0.026454551382130376,12.968007818579395,13.50289638632438,0.5348885677449857
2022-05-13,18.87515752019872,1,18.65929750708827,14.601897029414744,-4.057400477673525,17.114077513323267,19.73440067991271,2.6203231665894435,16.925967600607763,12.441484924829325,-4.4844826757784375,25.519625008899553,30.328309896961287,4.808684888061734,20.546440953433503,21.14251267921827,0.5960717257847676,14.485536537839963,15.00233991085598,0.5168033730160175
2022-05-20,18.893169542679747,1,19.20102508033176,14.773696293129177,-4.427328787202583,15.708479072265618,19.1762775306443,3.467798458378681,17.33089497899968,12.522154985926775,-4.808739993072905,25.615733006378903,30.42685929981036,4.811126293431457,20.724098086699726,21.34472582951635,0.6206277428166231,14.7787870314028,15.115303317051541,0.3365162856487416
2022-05-27,18.764628686243775,1,19.01865151495592,14.349432023767548,-4.669219491188372,15.690575072706366,19.765359820776823,4.074784748070456,17.182737394076867,12.562669401059807,-4.620067993017059,25.420356523040766,30.395598514835072,4.975241991794306,20.721074847347126,20.947536330205665,0.2264614828585394,14.554376765335604,14.567176026817691,0.012799261482086877
2022-06-03,18.630004465645477,1,18.422113327560808,13.714087757362677,-4.7080255701981315,15.541340900921057,19.712980570820335,4.171639669899278,17.057009440282656,12.438205970881413,-4.618803469401243,25.840631106376478,30.893799653646866,5.0531685472703884,20.547914424618583,20.796135269581242,0.24822084496265973,14.371017594113283,14.224817571580289,-0.14620002253299447
2022-06-10,18.651047070615853,1,18.308978366775605,13.816930096862734,-4.492048269912871,15.599476327465766,19.90146130895613,4.301984981490364,17.21144570060227,12.758447731174698,-4.452997969427571,26.084572868227625,31.066167065931836,4.9815941977042115,20.757032304684472,21.153268234033405,0.3962359293489328,13.94477685593938,13.210007986736343,-0.7347688692030374
2022-06-17,19.1244156400352,1,18.681816774793745,14.271941443549863,-4.409875331243882,15.908479961852464,20.715904290281586,4.807424328429121,17.62295249802827,13.226810114383525,-4.396142383644744,26.41205313408888,31.582521039091674,5.170467905002795,21.360335453811658,21.597311635614247,0.23697618180258928,14.760856017636172,13.352005317290264,-1.4088507003459085
2022-06-24,18.664883976523722,1,18.691762854317346,14.448415749316666,-4.24334710500068,15.614321541841875,19.983689250404154,4.3693677085622795,17.596596577834532,13.233108621778584,-4.363487956055948,25.63434567897815,30.700749275402558,5.066403596424408,20.267691120248173,20.785993992348466,0.5183028721002927,14.184586085922248,12.837346969891868,-1.34723911603038
2022-07-01,18.596296358536193,1,18.164164410208798,14.27705096955789,-3.887113440650907,15.588285622734986,19.9303744782751,4.342088855540112,17.426357843055044,13.160408953057441,-4.265948889997603,25.71208097869666,30.53077006449513,4.818689085798468,20.279434406689134,20.890546561582667,0.611112154893533,14.407454889832536,12.788627124248919,-1.6188277655836174
2022-07-08,18.627232971990477,1,18.18100602398391,14.255658078682202,-3.9253479453017093,15.626190509657008,19.977983797431946,4.351793287774939,17.368615292045163,13.15173536628511,-4.216879925760054,25.92853916092585,30.80446698893722,4.8759278280113705,20.29955023810456,20.76436497896455,0.4648147408599925,14.359496607226362,12.809188621641837,-1.5503079855845243
2022-07-15,18.251430003537664,1,17.86179167600919,14.158725055851988,-3.703066620157202,15.182995314263309,19.533945752851125,4.350950438587816,16.67920961438891,12.526104540994098,-4.153105073394812,25.385780379130438,30.354677158104423,4.968896778973985,20.08640202719704,20.207365162331854,0.12096313513481505,14.312401010237096,12.727762351092494,-1.584638659144602
2022-07-22,18.414391501981946,1,17.944427927114262,14.300845436244202,-3.6435824908700596,15.43047530695047,20.04404411575682,4.613568808806349,16.487693603496865,12.552166500651168,-3.935527102845697,25.627740703373675,30.598138703715946,4.970398000342271,20.678079480796328,20.451437658787597,-0.2266418220087303,14.317931990160076,12.539716596735929,-1.7782153934241478
2022-07-29,18.258032463156873,1,17.886287335859066,14.30742950945357,-3.578857826405496,15.32690052727223,19.554346863966586,4.227446336694356,15.704438723978285,12.196432171368983,-3.5080065526093023,25.58357130770642,30.485547544789924,4.9019762370835025,20.79641477538412,20.491761669780985,-0.30465310560313696,14.250582108741114,12.51267701958119,-1.7379050891599235
2022-08-05,18.318237949529227,1,17.958183475245818,14.280440508457716,-3.6777429667881023,15.125492162071296,19.53464574487461,4.409153582803313,15.838572610896534,11.948562066060461,-3.8900105448360733,25.564227782667686,30.55766084548989,4.993433062822206,21.15735278526708,21.125371372644537,-0.03198141262254239,14.265598881026946,12.462747159648089,-1.8028517213788575
2022-08-12,18.163365716468064,1,17.975763713306307,14.047259955019129,-3.928503758287178,15.170266123986636,19.716417475778456,4.546151351791821,15.722410540672058,11.787992490403951,-3.934418050268107,25.403105507348997,30.261866558064256,4.858761050715259,20.794740438715607,20.906850657171162,0.11211021845555535,13.91390797477878,12.25980716237143,-1.65410081240735
2022-08-19,18.314857861719215,1,18.27916925978974,14.437240821020822,-3.8419284387689174,15.552196259064118,20.215189843899182,4.662993584835064,15.517339775969788,11.278413959175452,-4.238925816794335,25.24659293426039,30.207899260719387,4.961306326458995,21.04337751848476,21.07233574064439,0.02895822215963051,14.250471422746486,12.67806754485602,-1.5724038778904657
2022-08-26,18.295918058623876,1,18.230145570170592,14.588219924547715,-3.6419256456228766,15.90835706799858,20.611282454244858,4.702925386246278,15.190241379663945,11.000394080856381,-4.189847298807564,25.509447515743588,30.122218002440448,4.61277048669686,20.834613494188844,20.79200184176274,-0.04261165242610332,14.102703323977707,12.661392047891113,-1.4413112760865943
2022-09-02,18.172804996772538,1,18.25017830799571,14.515120652749161,-3.7350576552465498,15.87920951036996,20.545533528077826,4.666324017707865,15.086449263802109,11.039592170195093,-4.0468570936070165,25.232523982485134,30.021029376503677,4.788505394018543,20.546151493875612,20.671373501881675,0.12522200800606242,14.042317422106706,12.244180751227802,-1.798136670878904
2022-09-09,18.13349182090235,1,18.136039992465797,14.195156812392156,-3.940883180073641,15.869305582280319,20.405570831500228,4.536265249219909,14.983710148979625,10.986530590240605,-3.9971795587390204,25.227580719014327,30.10906174333752,4.881481024323193,20.637726504783274,20.868720300609255,0.2309937958259809,13.946587977890758,12.235910647334336,-1.7106773305564218
2022-09-16,18.064386786628965,1,18.11206414081815,14.22498388321209,-3.8870802576060584,15.781161634268969,20.386496144209886,4.605334509940917,15.163328796381748,11.200930279104142,-3.962398517277606,24.746744702460532,29.4750707684982,4.728326066037667,20.442786994704903,20.718992202520084,0.2762052078151811,14.140234451139492,12.379847442229348,-1.7603870089101434
2022-09-23,17.514553223259096,1,18.16271589426117,14.244589369103593,-3.918126525157575,15.191883829224992,19.04052436378987,3.848640534564879,14.850304941616216,11.497478554325369,-3.352826387290847,23.538663924806116,27.906253232450595,4.367589307644479,20.53633085114312,21.3627270475302,0.8263961963870798,12.807419898502971,11.035746772354983,-1.7716731261479879
2022-09-30,17.931385702179124,1,18.72652986526755,14.075010364260066,-4.651519501007485,15.430036514970865,20.097248279017336,4.6672117640464705,15.160958824103702,12.235527249087156,-2.925431575016546,23.977116126001135,28.37569547833887,4.398579352337734,20.855324879948753,21.265388383120637,0.4100635031718838,13.438348002782732,11.53944445925066,-1.8989035435320716
2022-10-07,17.705149709036323,1,18.649017353353585,14.393453256202392,-4.255564097151193,15.389087120394151,19.729458573653986,4.340371453259834,14.958117461303019,11.643970910865235,-3.3141465504377834,23.342600562842108,28.321513471252317,4.978912908410209,20.979962218228664,21.67722024970118,0.697258031472515,12.912113538096406,10.465281792542882,-2.4468317455535242
2022-10-14,17.907209946259375,1,18.904730085878427,14.783147406238257,-4.12158267964017,15.553436337643234,19.995322792889795,4.441886455246561,14.821295170043513,11.4628520593497,-3.3584431106938126,23.84866486350535,28.23848525864277,4.38982039513742,21.0726685841058,21.894734207421905,0.8220656233161066,13.242464636379921,11.068717953013817,-2.1737466833661045
2022-10-21,18.055092545210425,1,19.812704399850702,15.878575733798968,-3.934128666051734,15.320520324744521,19.175751558754897,3.8552312340103754,15.263152043330209,12.130457051256286,-3.1326949920739224,23.246369780871376,28.121735844632724,4.875366063761348,20.663455090965655,20.92222242962444,0.2587673386587852,14.024353631500091,12.101812653195282,-1.9225409783048093
2022-10-28,18.060314671476934,1,19.892815185816914,16.15787760560181,-3.734937580215103,14.789810510778793,19.790469012599928,5.000658501821135,15.746618385450859,11.717578261921474,-4.029040123529384,22.80985834539227,26.78648292685581,3.9766245814635397,20.62932207795535,21.830747676061762,1.201425598106411,14.493463523467426,12.07873254582077,-2.4147309776466557
2022-11-04,17.999592716773517,1,19.97865475828219,16.295111680477433,-3.6835430778047566,15.083899514405559,20.50849250076142,5.4245929863558615,15.964585310858922,11.158362509198852,-4.80622280166007,22.28218560740376,26.320617702911633,4.038432095507872,20.549612445417935,21.609683414085964,1.060070968668029,14.138618664272727,12.105288493205805,-2.033330171066922
2022-11-11,18.182552950598346,1,20.076795376085514,16.187362111460246,-3.889433264625268,15.3277675154647,20.620508225173424,5.292740709708724,16.303910734304353,10.730400447545378,-5.5735102867589745,22.288912358508696,27.15757337323346,4.868661014724765,20.834622631833213,21.86233215569105,1.0277095238578369,14.263309087393608,12.53714139048654,-1.7261676969070692
2022-11-18,18.105629598124143,1,19.787682941262204,16.03288390203933,-3.754799039222874,15.227203881056965,20.50661385415384,5.279409973096875,16.314648586948692,10.70518827260419,-5.609460314344503,22.316609682581387,27.150979826789936,4.834370144208549,20.832806849139985,21.836907030241008,1.0041001811010233,14.15482564775563,12.401204702916544,-1.753620944839085
2022-11-25,17.978969874513396,1,20.166722862030554,16.515176409470712,-3.651546452559842,14.721993589024706,19.757397751507185,5.035404162482479,16.156853470653857,10.583993759893858,-5.5728597107599995,22.179849831869575,27.03435374231819,4.854503910448614,20.758716300034337,21.754962209806806,0.996245909772469,13.889683193467349,12.227935374083629,-1.66174781938372
2022-12-02,18.07217772279815,1,20.296058248583435,16.467360273683425,-3.8286979749000096,14.745051450364002,20.074417622904235,5.329366172540233,16.33451178547898,10.490232103132016,-5.844279682346965,22.11893540999114,27.028927644691436,4.909992234700297,20.8611947390157,21.861683237467005,1.000488498451304,14.07731470335564,12.510445454910752,-1.5668692484448883
2022-12-09,18.021640648264693,1,20.118125984979258,16.042206934301873,-4.075919050677385,14.695499731305716,20.130151328383093,5.4346515970773766,16.304463261766927,10.545614641693405,-5.758848620073522,22.066720605586895,27.089264143145357,5.022543537558462,20.889631293251426,21.845941510016843,0.9563102167654165,14.055403012697937,12.476665332047602,-1.5787376806503346
2022-12-16,18.013652352010048,1,20.246058905768095,16.003164667919833,-4.242894237848262,14.700982274009704,20.155540463740948,5.4545581897312445,16.222847646904654,10.505719304790588,-5.717128342114066,22.16959598644665,27.31815480572581,5.14855881927916,20.649566650722207,21.751761804777743,1.1021951540555364,14.092862648208978,12.34757306510538,-1.7452895831035988
2022-12-23,18.432788579455195,1,20.30859049923484,15.970658526517482,-4.337931972717357,15.30684243773895,21.23688593343641,5.930043495697461,17.050114796081616,11.312034768429811,-5.7380800276518045,22.679264394803695,27.38666926880157,4.7074048739978736,21.548220177885653,22.36390712369075,0.8156869458050977,13.703699170986425,12.326575855855125,-1.3771233151312998
2022-12-30,17.95087304743298,1,19.980880521040305,16.17414134650012,-3.8067391745401835,14.900874534920092,19.258913618153628,4.358039083233535,16.80659573997991,10.596732252194784,-6.209863487785128,21.95686334385502,25.876261911462663,3.9193985676076437,20.47373243064854,24.08525150743388,3.611519076785342,13.58629171415403,11.713937648852834,-1.8723540653011952
2023-01-06,17.834500430927616,1,19.548936262502508,15.804837001064428,-3.7440992614380804,14.880024075642922,19.235440946748454,4.3554168711055326,17.194925371760775,10.607372549064124,-6.587552822696651,21.807467830759308,25.95088667657528,4.143418845815972,20.290154020299738,23.811427107697583,3.5212730873978444,13.28549502460045,11.597038304415847,-1.688456720184604
2023-01-13,18.30554101243681,1,20.8691542686434,16.734581573602867,-4.134572695040532,15.02273277025786,19.365280622345125,4.3425478520872645,17.13534413395753,10.678014791488138,-6.457329342469393,22.494341755774713,27.047386650055486,4.553044894280774,20.502345751208708,23.47423573399331,2.971889982784603,13.809327394778634,12.533746703135932,-1.275580691642702
2023-01-20,18.174725814212994,1,20.28977067489032,15.6565517656814,-4.633218909208921,14.975834078427113,19.3528071288341,4.376973050406988,16.94837383104415,10.256011554589406,-6.692362276454745,22.68183256296672,27.95434611480772,5.272513551841001,20.518916484758435,23.400928634330825,2.8820121495723896,13.633627253191236,12.427709687034536,-1.2059175661566996
2023-01-27,18.21021564810808,1,20.765773971789216,16.12000447781533,-4.645769493973887,14.87751740815358,19.353014831210842,4.475497423057263,17.305681117530284,10.187540908142935,-7.118140209387349,21.958431071128558,27.897581008758124,5.939149937629566,20.8126578930288,23.540706252405556,2.728048359376757,13.541232427018045,12.162446410315653,-1.3787860167023922
2023-02-03,18.507622285477165,1,21.41177250362564,17.027862893161497,-4.383909610464144,16.321743718181622,20.770496447029686,4.4487527288480635,18.24703416355362,10.60324176531985,-7.643792398233771,22.083610496204983,27.118470592761383,5.0348600965564,21.27245574982352,24.85540053812575,3.5829447883022283,11.709117081473607,10.670261476464788,-1.0388556050088198
2023-02-10,18.54832441794753,1,21.523232182169124,16.901803282172523,-4.621428899996602,16.415761124023888,20.223529004785462,3.807767880761574,17.91800326495114,10.528348464287106,-7.389654800664033,21.928984960452254,27.2653781303147,5.336393169862447,21.283114227434268,24.967900720763154,3.684786493328886,12.220850748654499,11.40298690536224,-0.8178638432922583
2023-02-17,18.091623179468716,1,21.2323301848282,16.748264281730087,-4.484065903098113,15.52998223258571,19.467820958495366,3.937838725909657,17.09609288202833,9.418808703396238,-7.6772841786320924,21.349931045268463,27.049709713657265,5.699778668388802,21.050027128129358,24.79692364415554,3.746896516026183,12.291375603972241,11.068211775377776,-1.2231638285944655
2023-02-24,18.200895435832006,1,21.11417586457098,16.716366633157108,-4.3978092314138735,15.66748493930183,19.01072209415122,3.3432371548493904,16.728620445238448,9.359840540886921,-7.368779904351527,21.207190531700945,27.442729202397274,6.235538670696329,21.832676948362604,25.469646274846355,3.636969326483751,12.655223885817236,11.206067869553166,-1.4491560162640695
2023-03-03,18.219622875159207,1,21.05363130503224,16.672253630492193,-4.3813776745400475,15.551307655064136,18.892773736395114,3.341466081330978,17.058453497196737,9.933797572406434,-7.124655924790304,21.11861660105609,27.434526853120076,6.315910252063986,21.890037187420177,25.31799431138019,3.427957123960013,12.645691005185853,11.066391147161227,-1.5792998580246262
2023-03-10,18.11494609873979,1,21.20397258222721,16.822741814773607,-4.3812307674536015,15.532988098144571,18.891500230435184,3.3585121322906133,16.869069155333477,9.985030472162336,-6.884038683171141,20.901287084790624,27.058926461695606,6.1576393769049815,21.616631930178798,24.963713010211237,3.3470810800324386,12.565727741764064,10.967764603160802,-1.5979631386032622
2023-03-17,18.503970780686107,1,21.631347106785825,17.45291321012313,-4.178433896662696,15.669806438321515,19.034973472710774,3.365167034389259,17.493943910848273,10.191887063713935,-7.302056847134338,21.834813009464085,27.98468968869176,6.149876679227674,21.748430542971207,25.24558886701574,3.497158324044534,12.645483675725743,11.113772381861324,-1.5317112938644186
2023-03-24,18.208152335444748,1,21.299274619920197,16.90280046074244,-4.396474159177757,14.876343113975594,18.452776423739763,3.5764333097641696,17.35276127522718,10.026725086260655,-7.326036188966526,21.756493679856604,28.233460854214684,6.47696717435808,21.47108292645035,24.547862790241012,3.0767798637906623,12.492958397238567,11.08528839746991,-1.4076699997686575
2023-03-31,18.558944696810798,1,21.452402751779942,16.977500677690927,-4.474902074089016,15.100703550926369,18.1872788223461,3.0865752714197328,17.36759161417403,10.154416237814019,-7.213175376360013,22.0419324123433,28.518146116732822,6.476213704389522,22.739492257743578,26.547398584820755,3.807906327077177,12.651545593897566,10.96892774146012,-1.6826178524374455
2023-04-07,18.510428126983257,1,21.451017053345524,17.779172412688155,-3.671844640657369,15.274120326782395,18.131747202808384,2.8576268760259893,17.457152417278138,10.876362850246153,-6.580789567031985,21.863960979627223,28.00577456643323,6.141813586806009,22.247188674338332,25.146366434458173,2.8991777601198407,12.76912931052793,11.123145295265502,-1.645984015262428
2023-04-14,18.730194320876773,1,21.692105503461192,18.12958163223466,-3.5625238712265315,15.522243450261058,18.39962767199728,2.8773842217362215,17.801526201078246,11.250007111160954,-6.551519089917292,22.080351147827187,28.271578335146387,6.1912271873192,22.305856192856027,25.056301710086885,2.750445517230858,12.97908342977692,11.27406946463448,-1.7050139651424416
2023-04-21,18.804649592008392,1,21.74308443585555,18.19917731632134,-3.543907119534211,15.493850873904208,18.355923973821035,2.8620730999168273,18.19838092062939,11.829857231156822,-6.368523689472568,22.09276463959739,28.226600291433854,6.133835651836463,22.141256223713484,24.90772989546248,2.7664736717489973,13.158560458350337,11.308608843854813,-1.8499516144955237
2023-04-28,18.822366436609027,1,21.861187450011954,17.785491138090634,-4.07569631192132,15.56681828857539,18.86088481274456,3.2940665241691676,18.178902945689387,11.595490655799495,-6.583412289889893,21.661196985772037,28.048610927270346,6.387413941498309,21.976605308836866,24.464004948955292,2.4873996401184257,13.689487640768533,12.179716136793843,-1.5097715039746902
2023-05-05,17.920239543891167,1,20.69091010916418,16.555201681250054,-4.135708427914125,14.548899720484442,17.338271683661276,2.7893719631768334,17.357908959910915,10.51821454689042,-6.839694413020496,20.600227505590183,28.121885156872494,7.521657651282311,21.228351762785152,24.12636721388226,2.898015451097109,13.095139205412124,10.861496980790506,-2.2336422246216188
2023-05-12,18.047277730179573,1,20.83021547581393,16.86381141983074,-3.9664040559831903,14.74352773454693,17.485819685115757,2.742291950568827,17.430796782711994,10.557779725166014,-6.8730170575459795,20.960177414702542,27.928438920592356,6.968261505889814,21.22607618485513,24.365113145430712,3.139036960575581,13.092872788446911,11.082703484941888,-2.010169303505023
2023-05-19,18.007563276234013,1,20.98841899866649,17.212893657115387,-3.775525341551102,14.915714084340053,18.027982420590902,3.1122683362508496,17.95383569238396,10.727650234599835,-7.226185457784126,20.89080616555688,27.64438206524555,6.75357589968867,20.60715469357271,22.976110768390356,2.368956074817646,12.689450022883989,11.456360511462051,-1.2330895114219373
2023-05-26,17.638169232163353,1,20.717687522962393,16.908517771723965,-3.8091697512384286,14.330197963466915,17.47519918462679,3.1450012211598732,17.115371436301615,10.449122437919897,-6.666248998381718,20.63655573336635,27.080069733878204,6.443514000511854,20.365100218112445,22.8690587562982,2.5039585381857563,12.664102518770406,11.047047508533083,-1.6170550102373227
2023-06-02,17.620050748178613,1,20.82116328141103,17.121985980413257,-3.699177300997775,13.91910352820588,16.813500445048604,2.894396916842723,17.57634843299661,10.596519035981274,-6.979829397015337,20.601005234581706,27.24823881248338,6.647233577901673,20.398986770443173,22.8792084685538,2.4802216981106255,12.403697241433278,11.060851746591368,-1.3428454948419102
2023-06-09,17.510384978890105,1,20.762956316240448,17.218760295702168,-3.54419602053828,13.876121548777746,16.577827117058675,2.7017055682809286,17.32199374915612,10.01631838686717,-7.305675362288952,20.494176049336247,27.146407578806503,6.6522315294702565,20.318851050382904,23.29518169588556,2.9763306455026566,12.288211159447172,10.807814799020548,-1.4803963604266244
2023-06-16,17.493678386376846,1,20.62313119564142,17.491404209941635,-3.1317269856997854,13.817638600820118,16.422986181962855,2.6053475811427376,17.187159882258896,10.217772208521907,-6.969387673736989,20.265066669075168,26.600267092457685,6.335200423382517,20.3396099408303,23.245391710465455,2.905781769635155,12.729464029635167,10.984248914911518,-1.7452151147236492
2023-06-23,17.2572227036814,1,20.540534164810083,17.213679184549733,-3.32685498026035,13.701295070316633,16.0485547103126,2.3472596399959684,16.637243268301035,9.925450511656166,-6.7117927566448685,19.785676725937336,26.624915288975018,6.839238563037682,20.252858732582823,22.68201158774059,2.429152855157767,12.625728260140491,11.048724938854335,-1.5770033212861563
2023-06-30,17.860083751935957,1,21.58794928788025,18.28206138518489,-3.3058879026953605,13.8174497392762,16.576321199190815,2.758871459914616,16.911509743391548,9.81724201677001,-7.094267726621538,20.42179742233273,26.871249440125496,6.4494520177927654,20.734221756334847,23.025406784265726,2.2911850279308794,13.687574562400172,12.588221686078782,-1.0993528763213902
2023-07-07,17.822096768331647,1,21.630705463076183,17.805670833931018,-3.825034629145165,13.940988609629912,16.455521646679244,2.5145330370493326,16.734515740980214,9.692052093674775,-7.042463647305439,20.286324017133367,26.85065551929941,6.564331502166041,20.87312847407175,23.352311681886263,2.479183207814515,13.46691830509846,12.77636883451919,-0.6905494705792705
2023-07-14,17.941188079197598,1,21.558681117125317,17.424135681766543,-4.134545435358774,14.57761404209478,16.9462362891243,2.3686222470295206,16.954489751937786,10.186120809467567,-6.768368942470218,20.316388096814137,27.08934677493457,6.772958678120432,21.044503574798554,23.340701191843777,2.296197617045223,13.195451892415022,12.660587728048853,-0.5348641643661693
2023-07-21,18.070220021640047,1,21.684632948222642,17.9992425609628,-3.6853903872598437,15.100419425238172,17.183453153241942,2.0830337280037696,17.302657368957966,10.704396788249952,-6.598260580708015,20.174011390757656,26.204729117883375,6.030717727125719,21.074474328483475,23.828498730312347,2.7540244018288718,13.08512466818037,12.500999779189868,-0.5841248889905017
2023-07-28,17.859201299032993,1,21.586323236674446,17.71295718074974,-3.8733660559247056,15.12469819001403,17.468308132040676,2.343609942026646,17.17747632647341,10.646923571912154,-6.530552754561256,19.685336364583122,25.898807400042102,6.21347103545898,20.74383557189809,22.94591482089504,2.2020792489969523,12.837538104554852,12.482296688558222,-0.3552414159966304
2023-08-04,17.765733650781534,1,21.404552006860868,17.66835169980466,-3.736200307056208,15.06995184370885,17.254788178596854,2.184836334888004,16.973195758652295,10.296696491151366,-6.67649926750093,19.54830579012672,25.60005574230422,6.051749952177502,20.81406070161185,23.29921656582576,2.485155864213908,12.784335803728624,12.475293227006418,-0.3090425767222058
2023-08-11,18.72917204397056,1,22.38986580885674,18.858245486840104,-3.531620322016636,15.198031079617351,17.992484633366203,2.794453553748852,17.68312064316791,10.54518330703388,-7.13793733613403,20.87865119612495,26.748905152591462,5.870253956466513,22.874075125262465,25.3530465689509,2.4789714436884367,13.351288410793941,12.877167115040805,-0.474121295753136
2023-08-18,18.631777886995838,1,22.32673205554501,17.841354147420788,-4.485377908124221,15.093372050952567,17.915910723694168,2.822538672741601,17.64983539417244,10.201881599984446,-7.447953794187995,20.78872526837965,26.76990893053454,5.981183662154891,22.627825248074217,25.9666869207594,3.3388616726851836,13.304177304851137,13.094924999581707,-0.2092523052694304
2023-08-25,18.804664717489718,1,22.807136086860908,18.350110548676383,-4.457025538184524,15.168883193758461,18.288082009596124,3.119198815837663,17.68302736583024,9.932768393735529,-7.750258972094713,21.048702956181913,27.270250540244533,6.22154758406262,22.599087451642276,25.582708758562376,2.9836213069200994,13.521151250664516,13.404068054123357,-0.1170831965411594
2023-09-01,18.6761527221545,1,22.52911541034048,18.191386701186545,-4.337728709153936,15.1482313347787,18.49361875724584,3.345387422467141,17.82316290784935,9.992835301782776,-7.830327606066575,20.67753414126831,27.236736487513326,6.559202346245016,22.564000068156886,24.851354975867324,2.287354907710437,13.314872470533288,13.290984109331262,-0.023888361202025976
2023-09-08,18.5095807948603,1,22.492026205307695,18.278998065056584,-4.213028140251112,14.859428748543465,18.583753336902205,3.7243245883587406,17.793484189212094,10.136586628794731,-7.656897560417363,20.436858297457107,26.924537852206058,6.487679554748951,22.463906968439034,24.211473210119692,1.7475662416806585,13.011780360202408,12.922135676082519,-0.08964468411988946
2023-09-15,18.164704852121208,1,22.047830538994774,18.12502234413944,-3.9228081948553353,14.501247346781625,18.063769303946543,3.5625219571649183,17.895767072042972,10.317503481122841,-7.57826359092013,19.834688406264306,26.027215658535255,6.192527252270949,21.937921377025845,23.77249206245925,1.8345706854334054,12.770774371617733,12.682226262523926,-0.08854810909380717
2023-09-22,18.060400260616976,1,21.9752409904563,17.973076915334218,-4.0021640751220815,14.514802065759596,18.139011636482863,3.6242095707232664,17.86048052763661,10.213704165329716,-7.646776362306895,19.542556596406,25.706762349067347,6.164205752661346,21.9110202091793,23.897456097311007,1.9864358881317088,12.55830117426406,12.432390400176729,-0.12591077408733042
2023-09-29,18.59482660360698,1,22.303328207994966,18.377089620644227,-3.9262385873507384,16.332370598121244,19.683075537484285,3.350704939363041,18.359297690361572,10.591857633651216,-7.767440056710356,19.660959159142777,25.78136018690286,6.1204010277600815,22.142213123216763,24.4214825507555,2.279269427538736,12.770790842804558,12.714094092203823,-0.05669675060073587
2023-10-06,18.77568748352275,1,22.622991501176955,19.210993685435213,-3.411997815741742,16.33096062847386,20.072945340673385,3.7419847121995247,18.530756863796398,10.655697427993886,-7.8750594358025126,19.771504101538866,25.75057080821557,5.979066706676704,22.371059490472334,24.187360972963276,1.8163014824909425,13.026852315678084,12.77655666585514,-0.25029564982294517
2023-10-13,18.727287907760623,1,22.61192002157449,19.3698760317604,-3.2420439898140927,16.04483017948577,19.784609139575252,3.739778960089481,18.57555194300852,10.908711819573526,-7.666840123434994,19.911141812493213,25.827025579216027,5.915883766722814,22.319520630089883,23.92797370078722,1.6084530706973368,12.90076285991185,12.545531175651291,-0.3552316842605592
2023-10-20,18.902767763341924,1,22.720844709532813,19.43993326418854,-3.280911445344273,15.975898146452906,19.752450019180756,3.7765518727278504,18.69042445786495,10.86956654679426,-7.820857911070689,20.08584776430844,25.871929529898836,5.786081765590396,22.411387268981457,24.13307657172642,1.721689302744963,13.532204232910985,13.349650648262724,-0.18255358464826088
2023-10-27,18.792104868978097,1,22.675362009271183,19.276616183289207,-3.398745825981976,15.403291313162129,19.67758272660076,4.2742914134386325,18.62863602676653,10.648162931241899,-7.98047309552463,20.09054446069281,25.945563151344757,5.855018690651946,22.653539220024584,24.13457646101341,1.481037240988826,13.301256183951338,13.070127760378497,-0.2311284235728408
2023-11-03,18.803354849171168,1,22.66635722236866,19.185583306739886,-3.480773915628774,15.41820286509693,19.240387810205675,3.822184945108745,18.546776867615534,10.379038553866508,-8.167738313749027,20.151490602405104,26.06118102099478,5.909690418589676,22.3615907051511,24.448807774984473,2.087217069833372,13.675710832389669,13.505130628235648,-0.17058020415402098
2023-11-10,18.888404660318205,1,22.36107294435689,18.8770147050505,-3.4840582393063926,15.571723459709759,19.194590549369323,3.6228670896595645,18.89601592568721,10.872402408815674,-8.023613516871535,20.13311356996948,26.13799151184844,6.004877941878959,22.60018645228297,24.501900738222076,1.9017142859391072,13.768315609902913,13.74652804860321,-0.021787561299703384
2023-11-17,18.560282000197844,1,22.040764971806013,18.32502190908174,-3.715743062724272,15.467623645521172,19.087515470240405,3.6198918247192324,18.651396197809888,10.782159867205849,-7.869236330604039,20.14780807301564,26.37582839376698,6.228020320751341,22.413175388563275,24.025702028795564,1.6125266402322893,12.64092372447108,12.765464332096528,0.12454060762544827
2023-11-24,18.408082602197172,1,21.840849448198156,18.09433364934756,-3.746515798850595,15.36691670204651,18.929661088017767,3.562744385971257,18.574151687678565,10.673627383729041,-7.900524303949524,19.89304260030076,26.236578291892513,6.343535691591754,22.31131732859619,23.894809015998234,1.583491687402045,12.462217846362847,12.61948618419791,0.15726833783506322
2023-12-01,18.407436213332048,1,21.966722361313657,18.25946072099788,-3.707261640315778,15.342025044798305,18.922162082696616,3.580137037898311,18.53242395309003,10.692124814444156,-7.840299138645875,19.894486602884967,26.54285227351656,6.648365670631591,21.954203616681596,23.33841972743261,1.3842161107510123,12.75475570122373,12.689597660904496,-0.06515804031923267
2023-12-08,18.290144361439193,1,21.492148018588836,18.080489604974062,-3.4116584136147736,15.157065395022158,18.743543980085946,3.5864785850637872,18.05367394805208,10.463876891925139,-7.58979705612694,19.897288121893,26.62256348777312,6.7252753658801225,22.446054658597873,23.775714825109347,1.3296601665114736,12.694636026481206,12.054677378767522,-0.6399586477136836
2023-12-15,18.435747008839552,1,21.765301509238725,18.463966180751484,-3.301335328487241,15.257245717202053,18.90096712149345,3.643721404291398,18.034625468680375,10.41968985556639,-7.614935613113985,19.75902948730335,26.388976901291826,6.629947413988475,22.609767497759975,23.816898199401663,1.2071307016416881,13.188512372852827,12.623983794532492,-0.5645285783203349
2023-12-22,18.509727476347823,1,21.799532489540653,18.32609579015738,-3.473436699383271,15.903194603420403,19.4888382188352,3.5856436154147957,18.165038381935375,10.490217690418476,-7.674820691516899,19.72947701176325,26.39380096261209,6.664323950848839,22.5775134765652,23.656686979262346,1.0791735026971452,12.88360889486205,12.702725216801468,-0.1808836780605816
2023-12-29,18.6522473913158,1,21.877124979399795,18.314757499562248,-3.5623674798375475,16.112492460607626,19.518063491587753,3.405571030980127,19.141286050339758,11.465490222430759,-7.675795827908999,19.312271565991765,25.845180916984702,6.532909350992938,22.633148426797774,23.510654658752216,0.8775062319544418,12.837160864758076,13.259337558577116,0.4221766938190399
2024-01-05,18.59914182983525,1,21.948554403633466,18.294604159383823,-3.6539502442496428,16.115711943396946,19.471418383104933,3.355706439707987,18.984009907282328,11.509791624705514,-7.474218282576814,19.23880578800936,25.91603663349261,6.677230845483251,22.320607019907428,23.005139503655002,0.6845324837475744,12.987161916781972,13.397860674669602,0.41069875788763
2024-01-12,18.838501040779757,1,21.74537031062023,17.860090404293146,-3.885279906327085,16.56921806126681,20.026304697399254,3.457086636132445,19.26976191531209,11.956356165300221,-7.313405750011867,19.48150215494492,26.098440499727616,6.616938344782696,22.48315260763465,23.180912588579716,0.6977599809450652,13.482001194899837,13.908901889378583,0.42690069447874635
2024-01-19,18.436131616965614,1,22.01236646950781,18.034333064333225,-3.9780334051745854,15.94509866056137,18.63776319079915,2.692664530237778,18.52311249382484,11.458350806203057,-7.0647616876217825,18.94214713466559,25.28697073404355,6.3448235993779605,21.686975411705234,22.996359320821895,1.3093839091166615,13.507089531528834,14.203012585592802,0.695923054063968
2024-01-26,18.58943803510571,1,21.850761045497663,17.838029217723573,-4.01273182777409,15.960700792211824,19.059241238272833,3.0985404460610084,19.041556313124545,11.555647501626765,-7.485908811497779,19.01946699283579,25.788669889236502,6.769202896400714,22.106559569463926,23.15500462875039,1.0484450592864647,13.557583497500517,14.140035735024213,0.5824522375236967
2024-02-02,18.207202781269483,1,20.939472930714828,16.923211735224726,-4.016261195490102,16.61660528512013,19.98509402367219,3.3684887385520597,18.737150634801424,11.474242673163815,-7.262907961637609,18.434135379190153,24.523026842163148,6.088891462972995,21.215534420113627,22.388480064177884,1.1729456440642565,13.300318037676746,13.949161349215174,0.6488433115384282
2024-02-09,18.147842887115555,1,20.96109173224005,16.727692665472418,-4.233399066767632,16.44784879355467,20.09971525041935,3.6518664568646813,18.53694029680922,11.387824752553911,-7.149115544255309,18.652584933832344,24.396828231782465,5.744243297950121,21.155387408901888,22.34078261530871,1.1853952064068238,13.133204157355152,13.934213807156482,0.8010096498013297
2024-02-16,17.826755527802128,1,20.94553224815634,16.824661355408495,-4.1208708927478455,16.455159978055903,19.976258391911486,3.521098413855583,18.42514398689606,11.344874361353817,-7.080269625542243,17.76351967360256,23.542703685517296,5.779184011914737,20.38275461014068,21.489535908992778,1.1067812988520984,12.988422669961224,13.782499463628866,0.7940767936676423
2024-02-23,17.98662689723095,1,21.654619746178113,17.21959416111119,-4.435025585066924,16.06838444759356,19.260880965524848,3.192496517931289,18.501837505505762,11.606288053105757,-6.8955494524000045,17.928763049518963,23.525635064196337,5.596872014677373,20.47991525644973,22.27442938424268,1.7945141277929508,13.286241378139565,14.032933755204908,0.7466923770653437
2024-03-01,18.039233140800693,1,22.076334766931737,17.67328157347589,-4.403053193455847,16.143183589507046,19.21978121790957,3.0765976284025243,18.783311733220856,11.555222691586494,-7.228089041634362,17.900994925864765,23.39161274274511,5.490617816880345,20.31751596357097,22.20530035442964,1.8877843908586698,13.014057865708779,14.190200264657463,1.1761423989486843
2024-03-08,18.001326211729747,1,22.118377611293454,17.76809613811504,-4.350281473178413,16.11826414745758,19.316117592314825,3.1978534448572447,18.810515854924247,11.751544869311147,-7.058970985613101,17.90673364441345,23.290300239728964,5.383566595315514,20.125106454430806,21.782208084446907,1.6571016300161006,12.928959557858946,14.099690346461614,1.1707307886026683
2024-03-15,17.75218243146359,1,21.872076864634323,17.29847349103717,-4.573603373597152,15.8133806967695,19.526280910701487,3.712900213931988,18.59304967665345,11.270745644211772,-7.322304032441679,17.562824912295312,22.771467557627446,5.208642645332134,19.976112561081877,21.736557361652586,1.7604448005707098,12.69564987734708,13.90956962355105,1.2139197462039704
2024-03-22,17.78749867779519,1,21.771455740160803,17.391127706751973,-4.38032803340883,16.904158426550353,20.387961151865653,3.4838027253153,18.574885112992106,11.193307675975177,-7.381577437016929,17.397875703227555,22.50678876710424,5.108913063876685,19.6212966681164,21.62216677710758,2.0008701089911796,12.455320415723918,13.623639987966499,1.1683195722425808
2024-03-29,18.394759430476196,1,21.68583378401999,17.25017140661153,-4.4356623774084625,17.319229654996448,21.488027905721125,4.168798250724677,19.283978019772036,11.591501707649542,-7.692476312122494,18.321664161311887,23.25106037519481,4.929396213882924,20.618287206084247,22.502579991716885,1.8842927856326384,13.139563756672558,14.28521519596329,1.1456514392907309
2024-04-05,18.15880811088671,1,21.828479355664044,16.833236882622543,-4.9952424730415,16.87395737402933,21.19903260039132,4.325075226361989,18.28590623449398,11.306314528102618,-6.979591706391361,18.102786853604044,22.900012736319724,4.797225882715679,20.966635564106582,22.688849743889605,1.7222141797830233,12.89508328342228,14.025402173994408,1.130318890572127
2024-04-19,18.403070299192027,1,22.15891968419237,17.171320055716507,-4.987599628475863,16.68395300717978,21.13475814500019,4.45080513782041,18.890315780636314,12.008700839838681,-6.881614940797633,18.273859362797907,22.7093774731713,4.435518110373394,21.166599833127094,22.841085318927213,1.674485485800119,13.24477412721869,14.553179962498277,1.3084058352795864
2024-04-26,18.400567749961848,1,21.652795646301087,16.716868226285854,-4.935927420015233,16.587288245227498,20.86666500908973,4.279376763862231,19.084465978904603,12.311172477130214,-6.77329350177439,18.288783572442327,22.552370403266877,4.263586830824551,21.057495755618135,22.782554204217774,1.7250584485996399,13.732577301277445,15.173776179780631,1.4411988785031866
2024-05-03,18.043418195822927,1,21.499424490157836,16.550696433482926,-4.948728056674909,16.288407814188105,20.707554582299394,4.41914676811129,17.741855377633655,11.430699097786459,-6.3111562798471965,18.159575227193713,22.181968204067772,4.022392976874059,20.89229198324817,22.52057330419524,1.6282813209470675,13.678954282516074,14.869017553105735,1.1900632705896612
2024-05-10,18.20756312093472,1,21.59287130796477,16.578400386025592,-5.0144709219391785,16.27006224603616,20.607430375017003,4.337368128980842,17.84464809309317,11.689611739257487,-6.155036353835683,18.557390873204852,22.115842934062172,3.55845206085732,21.16799898484743,23.2895655789456,2.1215665940981694,13.812407220461921,14.964527712300466,1.152120491838545
2024-05-17,17.48647737666474,1,20.810964901335055,16.269449825331577,-4.541515076003478,16.263140992780748,21.02431316318784,4.761172170407093,17.140116833052048,11.459497871089638,-5.680618961962409,17.861322882949565,21.373143316320338,3.5118204333707723,20.412318963314263,20.975195878016464,0.5628769147022012,12.43099968655676,13.817264206042552,1.3862645194857919
2024-05-24,17.808792524365128,1,21.660730154352635,15.868203801454683,-5.792526352897951,16.698765863321725,21.627885526479503,4.929119663157778,17.898487193206194,11.905223062637077,-5.993264130569116,17.837350348079852,21.793815580580898,3.9564652325010456,20.182943199021764,20.804849454576683,0.6219062555549186,12.574478388208604,14.852777720461944,2.27829933225334
2024-05-31,17.404882593411592,1,21.030938949636138,15.60769953430001,-5.423239415336127,16.578149951645983,21.548005038791956,4.969855087145973,17.56174006157994,11.74366347696403,-5.818076584615909,17.73426799901503,21.56906786654389,3.834799867528858,19.872971947089468,20.898743059127796,1.0257711120383277,11.651226651502995,13.062116584741858,1.4108899332388631
2024-06-07,17.253798356494823,1,20.95077978787151,15.455170116896298,-5.495609670975213,16.41569392731988,21.27809035524173,4.862396427921851,17.348667645878024,11.571353809802034,-5.77731383607599,17.112501235287155,20.9961905007235,3.8836892654363453,19.873970944957875,20.951054100794607,1.077083155836732,11.8211765976545,13.27093125551076,1.4497546578562606
2024-06-14,17.30204432993452,1,20.873948215435917,15.54091555056408,-5.333032664871837,16.803816157353822,21.560608231174683,4.756792073820861,17.363665020038596,11.73487613671881,-5.628788883319785,17.266567685642556,20.677341288528737,3.410773602886181,19.784932039257455,21.006595658604482,1.2216636193470265,11.719336861878773,13.291929114016327,1.5725922521375537
2024-06-21,17.446663466728605,1,20.731609774448273,15.113905633590932,-5.617704140857342,16.5922637085625,21.29537876097153,4.703115052409032,16.957715887660285,10.972300284609574,-5.985415603050711,17.861115453468457,21.510111813364645,3.648996359896188,20.297106463010778,21.837149575070555,1.5400431120597773,12.240169513221332,13.951134732764388,1.7109652195430556
2024-06-28,16.911607260835353,1,19.582654363406007,14.632712587853618,-4.949941775552389,16.19542138744123,20.72429045475093,4.528869067309699,16.048890389651305,10.770123900804222,-5.278766488847083,17.580368663483853,21.28845239485888,3.7080837313750266,20.05859400632555,20.637173760933365,0.5785797546078157,12.003714754704177,13.416890465811164,1.4131757111069874
2024-07-05,16.973046559445013,1,20.11673912109707,15.456233055338885,-4.6605060657581845,16.169024342995712,20.372631897270537,4.203607554274825,16.2768409101363,11.201818477051845,-5.075022433084456,17.522987169905306,21.07511384140598,3.552126671500673,19.751924530949893,19.996297896825382,0.2443733658754894,12.000763281585805,13.736184188777443,1.7354209071916387
2024-07-12,16.816511008863866,1,19.991505651865864,15.505501587569512,-4.486004064296353,16.071926784338032,20.175652063288993,4.103725278950961,16.048835989842942,11.156789471516277,-4.892046518326666,17.557582476864212,20.81802148622006,3.2604390093558493,19.74194561293129,19.902501480735154,0.16055586780386477,11.48726953734085,13.340599963853194,1.8533304265123434
2024-07-19,17.093715757241643,1,20.309807079202727,15.776327103785647,-4.53347997541708,16.33945781850943,20.45176814270124,4.11231032419181,16.14710845823157,11.324393768460098,-4.822714689771473,18.096344227027373,21.609811445502643,3.51346721847527,20.11918710865801,20.152485843906177,0.03329873524816662,11.55038985182074,13.247508239094046,1.6971183872733064
2024-07-26,17.21920309239702,1,20.52201771616427,15.834517812378735,-4.687499903785536,16.453335304284664,20.838251709735317,4.384916405450653,16.328973947102043,11.350899077710778,-4.978074869391264,18.194256551230467,21.634985111290433,3.4407285600599664,20.13112628069615,20.188098329312766,0.05697204861661476,11.685508754904518,13.468466513954127,1.7829577590496086
2024-08-02,17.269983550304353,1,20.753769518097386,16.330588679119032,-4.423180838978354,16.554326930671962,20.601586546216794,4.0472596155448315,16.149811891328824,11.100326747696258,-5.049485143632566,18.16453653539581,21.79487644365281,3.6303399082569996,20.139132444378163,20.39823600359864,0.25910355922047756,11.858323981953973,13.394286881542541,1.5359628995885686
2024-08-09,17.072068066178932,1,20.797570053276104,16.144415672052062,-4.6531543812240415,16.462935701159694,20.445241496062437,3.982305794902743,16.064780028395248,11.329695127704554,-4.735084900690694,17.652360969347157,21.06090510390935,3.4085441345621916,19.762663125113065,20.176239012136094,0.41357588702302905,11.69209851978232,13.275911985209106,1.5838134654267861
2024-08-16,17.104796585180296,1,20.834064905964894,16.272636419836587,-4.561428486128307,16.73616695017489,20.603353728430832,3.8671867782559417,16.0417522228214,11.529215893358128,-4.512536329463273,17.77693608514258,21.397966366842837,3.621030281700257,19.445367622525254,19.596156337552088,0.15078871502683455,11.794491724452755,13.229450765061316,1.434959040608561
2024-08-23,16.989547587773384,1,20.595426903483826,16.189218806084895,-4.406208097398931,16.83729993953665,20.584897766276228,3.747597826739579,16.035217773218477,11.514824606940707,-4.5203931662777705,17.665629332658455,21.356983988601513,3.6913546559430586,19.15353152208924,19.305162085665813,0.15163056357657467,11.650180055653664,12.986198273071153,1.3360182174174895
2024-08-30,16.719766688469925,1,20.192522770577142,16.022935578183905,-4.169587192393237,16.08110241601885,19.846406368623974,3.765303952605123,15.169460750224786,10.660718666984948,-4.508742083239838,18.074414526576817,21.896700596949117,3.8222860703723,19.627886534568503,19.67933199703114,0.05144546246263815,11.173213132853448,12.212506923046433,1.0392937901929855
2024-09-06,17.042239656026418,1,20.55694851051021,16.25013402447979,-4.306814486030419,16.11882758050882,19.29877783759781,3.17995025708899,15.273931950397937,11.013788574798312,-4.260143375599625,18.756185718242207,22.784332547026082,4.028146828783875,20.52195348879431,20.995410605728566,0.47345711693425585,11.02559068770502,11.9109943465279,0.8854036588228809
2024-09-13,16.892921898744426,1,20.667060912724537,16.072003836373483,-4.595057076351054,15.531885382125324,18.67738626840942,3.145500886284097,15.21401902337314,11.008097114242005,-4.205921909131135,18.534762610090993,22.50918700564283,3.9744243955518357,20.37594167977832,21.290022752040812,0.9140810722624906,11.033861784374238,11.800834415758004,0.7669726313837657
2024-09-20,16.958078321322176,1,20.32266283410881,15.592299802623074,-4.730363031485737,15.871022628736597,18.563117405061277,2.69209477632468,15.282711539972453,11.206523518887437,-4.0761880210850165,18.479045153629627,22.65833180111541,4.179286647485782,20.293413830721335,21.34551807665271,1.0521042459313747,11.499613940764235,12.382679323593138,0.883065382828903
2024-09-27,16.940951615482877,1,19.951622395764375,15.712902256224552,-4.238720139539822,16.293544197050068,18.451994061053867,2.1584498640037992,15.236993892302237,11.116061463794708,-4.12093242850753,18.584045685574452,22.66080279128093,4.076757105706477,20.157196396476294,21.164890366959924,1.0076939704836292,11.422307125729844,12.539058753583248,1.1167516278534038
2024-10-04,16.91054950296472,1,20.20354642427276,15.934001563464648,-4.269544860808111,16.090371067652228,18.23793746966966,2.147566402017432,15.071486880602393,10.909552740710282,-4.161934139892111,18.45815815127871,22.411440514172284,3.9532823628935745,20.21275834421222,21.413300950512365,1.2005426063001465,11.426976149770013,12.557063779259067,1.1300876294890543
2024-10-11,16.82716025030013,1,20.081175708622467,15.88171435204545,-4.199461356577018,16.094401816581694,18.16220160388356,2.0677997873018654,15.015220893165491,10.882582220190542,-4.132638672974949,18.459850956525912,22.304263057762483,3.8444121012365713,20.11398884705821,21.35211220829126,1.2381233612330504,11.198323279847003,12.380088059627454,1.1817647797804511
2024-10-18,16.830226358399702,1,20.70037657464634,16.699595008527666,-4.000781566118675,16.41203720930058,18.34089094851116,1.928853739210581,15.354979615547492,11.301771916317662,-4.05320769922983,17.716987923409548,21.573937912687413,3.856949989277865,19.473623582782423,20.704841122235663,1.2312175394532403,11.323353244711825,12.360321242118616,1.0369679974067907
2024-10-25,16.674397944329865,1,20.877511156063008,16.859322248826004,-4.018188907237004,16.01397857365798,18.319763384236225,2.3057848105782455,15.09436131207383,11.211020686740014,-3.8833406253338154,17.665694887910504,21.030880337251773,3.3651854493412685,19.210421417481626,20.32604841322717,1.1156269957455436,11.184420318792249,12.29935259569801,1.114932276905762
2024-11-01,16.358601496337826,1,21.2470353747767,17.087997763342784,-4.1590376114339165,15.640073990471166,17.583797357332827,1.9437233668616614,14.616946323165138,10.786156570464698,-3.83078975270044,17.251009857007006,20.52627405587232,3.2752641988653153,18.731714560220226,20.074347516553388,1.342632956333162,10.664828872386721,12.093035714460981,1.4282068420742604
2024-11-08,16.031161985050144,1,20.767244056166305,16.98467609129473,-3.782567964871575,15.630912480744968,17.469494786326578,1.8385823055816104,14.599548435687652,10.78925053761391,-3.810297898073742,16.935175369337713,20.074872902258576,3.139697532920863,18.59214325630917,19.80345864304445,1.2113153867352793,9.661948312055046,11.065218949762595,1.40327063770755
2024-11-15,16.00445579944079,1,20.743651143660557,17.153569751083296,-3.590081392577261,15.782336820289018,17.66016450177098,1.8778276814819606,14.613483504329935,10.925267945900643,-3.6882155584292917,16.545895007754666,19.80862207349631,3.262727065741643,18.54197090034863,19.733718301490285,1.1917474011416544,9.79939742026194,10.74539222290322,0.9459948026412803
2024-11-22,16.474653495978274,1,20.777491091499343,16.581218559091553,-4.196272532407789,16.936395182542356,18.86202723530282,1.925632052760463,14.726524844867896,10.672147201119486,-4.05437764374841,16.946738843608145,20.69226471686099,3.745525873252845,19.49921445750296,21.13190223826669,1.6326877807637317,9.961556555848944,10.90836102522809,0.9468044693791455
2024-11-29,15.469834454518029,1,19.063286289274288,15.722888594782816,-3.3403976944914717,16.383656268040525,17.445448819680323,1.0617925516397975,13.006657275600361,10.023978072777865,-2.9826792028224958,16.27704974174482,19.774684428100414,3.497634686355596,18.86610714484374,19.524047860902954,0.6579407160592154,9.222250007604444,10.327958950863845,1.1057089432594012
2024-12-06,15.682441228758906,1,19.52568933840719,15.999225981524518,-3.5264633568826724,16.64596532088177,17.642653127232208,0.9966878063504367,13.070119618848608,10.461057493572099,-2.609062125276509,16.504726323257813,19.749366310236937,3.2446399869791236,18.984751290947642,19.783298128858064,0.7985468379104219,9.363395480210414,10.459046331129642,1.0956508509192275
2024-12-13,15.80423459468274,1,19.847188821129635,16.411864591962583,-3.435324229167051,16.739392025469897,17.74610013174241,1.0067081062725123,13.133880489617695,10.386455220900544,-2.7474252687171514,16.543294154359913,19.810662081871953,3.2673679275120406,18.90474730568151,19.588014522660842,0.6832672169793312,9.656904771837787,10.882311018958163,1.2254062471203753
2024-12-20,15.897346212067474,1,19.993078112414054,16.77982148371187,-3.213256628702183,16.921396203103427,17.82352824029749,0.9021320371940647,13.272259887366317,10.56360371449479,-2.708656172871528,16.789991302878917,19.660571036340443,2.8705797334615255,18.940423225135888,20.135279222316655,1.1948559971807668,9.466928541506235,10.42127357524356,0.9543450337373258
2024-12-27,15.008111379121495,1,18.98232612392958,15.726228753250851,-3.256097370678731,16.471535236841305,17.3179309712001,0.8463957343587936,12.180362373243156,9.675845088751359,-2.504517284491797,15.914161338413237,18.67651861618242,2.7623572777691834,17.87862791784667,18.863456534684516,0.9848286168378451,8.621655284455016,9.788688310659737,1.1670330262047202
2025-01-03,15.298684653872677,1,19.12996891829812,15.527713145985715,-3.602255772312404,16.37295379302836,17.45394014593856,1.0809863529102017,13.555242596211443,9.596752576716838,-3.9584900194946044,16.305930260201094,19.504403443645643,3.1984731834445483,17.843694329239227,19.56811818489325,1.724423855654024,8.584318026257819,10.141180426056081,1.5568623997982627
2025-01-10,12.60204025485204,1,16.526328227875013,12.628918776360678,-3.897409451514335,13.608288919697372,14.843732631929555,1.2354437122321826,10.781712762469724,8.661191057684107,-2.1205217047856166,13.380337319538398,15.142115064164031,1.7617777446256326,14.930585374643542,16.420210026958756,1.4896246523152143,6.384988924888191,7.916073972015127,1.5310850471269362
2025-01-17,11.835987838265199,1,15.014062305931262,12.045425518985752,-2.9686367869455097,12.681136159788366,13.816992780055273,1.1358566202669067,9.288182056787932,7.560330587807513,-1.7278514689804183,12.575023933519645,13.215231815539653,0.6402078820200074,15.833751738616172,17.245009081275285,1.4112573426591126,5.62377083494782,7.132937245927749,1.5091664109799297
2025-01-24,11.461579886025845,1,14.226405791789986,11.711409021622487,-2.5149967701674996,12.322793104932728,12.984577009495737,0.6617839045630092,8.568063326895285,6.682616851073405,-1.8854464758218796,12.253632419222114,12.912460243273486,0.6588278240513716,15.786449659998638,17.546097936233394,1.7596482762347563,5.612135013316319,6.93231825445659,1.3201832411402705
2025-02-07,11.396864607647712,1,14.235660161478933,12.110151746150606,-2.1255084153283264,12.33743451066708,12.748051998784604,0.4106174881175235,8.621288750907695,6.763379134021491,-1.8579096168862037,12.27812016281834,12.511369969036508,0.2332498062181685,15.471518539788349,17.70800918341159,2.2364906436232417,5.437165520225875,6.540225614481443,1.103060094255568
2025-02-14,10.694335688099882,1,13.690586565853877,11.764892837496078,-1.9256937283577997,11.780286200611826,12.28635763489244,0.5060714342806136,8.186098825697755,6.432515082400386,-1.7535837432973693,11.273970694593856,10.954818463301848,-0.31915223129200854,14.379742370341944,16.562768856702903,2.1830264863609585,4.855329471500028,6.164661253805633,1.3093317823056054
2025-02-21,10.434239366680979,1,13.207801028857133,11.667040707806336,-1.5407603210507972,11.235034949550766,11.5666206303749,0.33158568082413353,7.717703760960589,6.2058406750401645,-1.5118630859204245,11.324927976894912,10.807265203000014,-0.517662773894898,14.450682604578205,16.48430574448811,2.0336231399099063,4.669285879244271,5.874363239376336,1.2050773601320657
2025-02-28,10.316212700617632,1,13.01709105711383,11.70670500775357,-1.310386049360261,11.07692530036671,11.030137923787507,-0.04678737657920351,7.358576522207429,5.831768528693132,-1.5268079935142964,11.209536830400069,10.786112668384064,-0.42342416201600486,14.732472202610026,16.919981115178643,2.1875089125686173,4.502674291007722,5.622570959908856,1.1198966689011343
2025-03-07,9.978456233836232,1,12.502705105204129,11.524053942658512,-0.9786511625456171,10.674787493686878,10.476029487753792,-0.19875800593308668,7.174959603446709,5.55391951231222,-1.621040091134489,10.883062640781873,10.145824696075948,-0.7372379447059245,13.939706642996853,16.4097980975,2.470091454503148,4.695515916900945,5.761111666716928,1.0655957498159836
2025-03-14,9.40654003355869,1,12.102497431825967,10.803501908970304,-1.2989955228556624,9.905095817335408,9.40662920557655,-0.4984666117588574,5.822863958134292,4.7036547546049405,-1.1192092035293513,10.815034286334452,10.01213178719172,-0.802902499142732,13.427181540838617,15.938170183316728,2.510988642478111,4.366567166883399,5.5751523616919485,1.208585194808549
2025-03-21,9.323608419209414,1,11.190187278190251,10.586182032194955,-0.604005245995296,9.623817263327595,9.334283748804097,-0.28953351452349807,6.8018082191550775,4.670011509819375,-2.1317967093357026,10.76423414750856,9.831570902468442,-0.9326632450401178,13.07761386462306,15.993985878400892,2.9163720137778313,4.483989742451939,5.525616443568694,1.0416267011167548
2025-03-28,9.168474735132222,1,10.790344587726835,10.425532831979694,-0.36481175574714086,9.53734494868442,9.25838985547486,-0.2789550932095608,6.80789661835918,4.743912230357438,-2.0639843880017423,10.595053343183594,9.562319689640645,-1.032733653542948,12.76610447232649,15.668199856976628,2.9020953846501385,4.51410444051281,5.3524939463640635,0.8383895058512536
2025-04-11,9.430601459765606,1,10.751467291070028,10.41918406097767,-0.33228323009235794,9.801731019949585,9.382339521408085,-0.4193914985415006,6.499959619302132,4.502436427477434,-1.9975231918246976,11.476017970052297,10.651537593423313,-0.8244803766289834,13.048571901647762,15.811731430338853,2.763159528691091,5.005860956571837,5.816379724968343,0.8105187683965056
2025-04-25,8.585907890725837,1,10.24243995062892,9.99417959512283,-0.2482603555060905,8.82345650649168,8.32160309925247,-0.50185340723921,5.52236105120511,3.765859328375498,-1.7565017228296114,10.51267272275075,9.605243943798953,-0.9074287789517967,11.83209634027881,14.414807700993734,2.5827113607149244,4.582420772999754,5.413753676811538,0.8313329038117843
2025-05-02,8.437306093079028,1,9.74429018574584,10.219288690947664,0.47499850520182463,8.89850646494861,8.352164230651297,-0.5463422342973132,6.014211745442452,3.863633134247081,-2.150578611195371,10.235422846894934,8.885076804166246,-1.3503460427286882,11.394284326431404,14.207630469064924,2.8133461426335202,4.337120989010927,5.096043229396955,0.7589222403860276
2025-05-09,8.483711949344167,1,9.79474899330647,10.350952623349443,0.5562036300429725,8.78426446240239,8.232456689585007,-0.5518077728173836,5.930918162391265,3.922059247208523,-2.008858915182742,10.661272438725959,9.12118271235451,-1.5400897263714484,11.750574097335402,14.151254233618928,2.400680136283526,3.9804935419035132,5.124366189948603,1.1438726480450896
2025-05-16,8.334652082870958,1,9.612215884385876,10.242747053231412,0.6305311688455362,8.597404214649046,8.10795187859486,-0.48945233605418537,5.880209597159649,3.725787678271331,-2.1544219188883176,10.505103759518974,9.049963095371055,-1.455140664147919,11.430795792647444,13.776316635285369,2.3455208426379244,3.9821832488647573,5.105146156471747,1.1229629076069898
2025-05-23,8.348413065490446,1,9.834006911510883,10.464046598540136,0.6300396870292531,8.497397795991006,8.070136790571581,-0.4272610054194246,5.6726445815450575,3.6848788812201008,-1.9877657003249567,10.491261499194053,8.906125391719485,-1.5851361074745682,11.335651140355026,13.542734577161042,2.207083436806016,4.259516464346646,5.422556153730326,1.1630396893836803
2025-05-30,8.496811250206422,1,9.902447872771546,10.607335699813717,0.704887827042171,8.649747941664714,8.235706801345088,-0.41404114031962536,5.6222196864229375,3.6820791291263646,-1.9401405572965729,10.988989245504513,9.359421456988642,-1.629567788515871,11.53280091565901,13.630639395031608,2.097838479372598,4.284661839215815,5.465685018933158,1.181023179717343
2025-06-06,8.48476432782651,1,10.014399929938946,10.910223118097477,0.8958231881585306,8.417153177581667,7.930109525521289,-0.4870436520603789,5.6669408962721235,3.870602555163785,-1.7963383411083385,11.233881100293729,9.555962126947264,-1.6779189733464648,11.276734753742645,13.412150893710361,2.1354161399677167,4.299476109129941,5.229537747518862,0.9300616383889206
2025-06-13,8.366422495463269,1,9.70483799609461,10.730206492989325,1.025368496894714,8.415060242654405,8.07010186694228,-0.3449583757121246,5.58958430861982,3.7247457269148754,-1.8648385817049444,10.987001275683326,9.480485176970504,-1.5065160987128223,11.294834900741051,13.289081336685555,1.994246435944504,4.2072162489863985,4.903914372277072,0.6966981232906733
2025-06-20,8.456200000502577,1,9.945122213833486,11.041430828253667,1.096308614420181,8.504462583890472,8.136563245230988,-0.367899338659484,5.469761589474004,3.5184632836134995,-1.9512983058605045,11.039198938534625,9.253633054531178,-1.7855658840034465,11.45994987966759,13.766600471203986,2.306650591536396,4.318704797615283,5.020509120182155,0.701804322566872
2025-06-27,8.348969798653753,1,9.461519073123966,10.385313132374506,0.9237940592505396,8.54751249919265,8.149813123861364,-0.3976993753312854,5.438470402644754,3.560583622947675,-1.8778867796970786,10.706433053356506,9.351982432147025,-1.3544506212094802,11.647418624415494,13.65742836829186,2.010009743876367,4.292465139189147,4.9886981123000425,0.6962329731108952
2025-07-04,8.3764920169465,1,9.323281586381768,10.316765536462981,0.9934839500812132,8.45941958260157,8.031773238657067,-0.4276463439445024,5.327766858495195,3.562182664675902,-1.7655841938192935,10.817634214558723,9.433456038256594,-1.3841781763021288,12.031242029247153,13.982493945477671,1.9512519162305182,4.299607830394592,4.932280678148771,0.6326728477541792
2025-07-11,8.232393008006428,1,9.252985661176282,10.327852379516258,1.074866718339976,8.492492766240574,8.034584351462911,-0.45790841477766264,5.28418508302795,3.4736742022609803,-1.8105108807669694,10.644934966031414,9.256814488115154,-1.3881204779162601,11.290371359236588,13.196838530702024,1.9064671714654366,4.429388212325762,5.104594095981241,0.6752058836554795
2025-07-18,8.494237647562784,1,9.528520885494899,10.552749076484446,1.0242281909895468,8.37541564707844,7.992257998099674,-0.3831576489787665,5.554435556602186,3.7209192061503416,-1.8335163504518448,11.071531460471974,9.801452447838685,-1.270079012633289,11.845727937989281,13.476868244652735,1.631140306663454,4.589794397739922,5.42117891215085,0.831384514410928
2025-07-25,8.379278700773062,1,9.540610607172738,10.386384149789151,0.8457735426164135,8.372793587925969,7.961064202455731,-0.4117293854702382,5.400876535824366,3.7431178355246146,-1.6577587002997518,10.831346713779936,9.667649530361075,-1.1636971834188614,11.630968819323641,13.164075504495969,1.5331066851723278,4.499075940611718,5.353380982011828,0.8543050414001101
2025-08-01,7.74111363600669,1,9.401531412528087,10.363908476617723,0.9623770640896367,8.440960770966527,8.016676899730996,-0.4242838712355308,4.9014915028472785,3.268293270641621,-1.6331982322056575,9.657894288412933,8.17453349425982,-1.4833607941531142,9.62602314917065,11.619376035151916,1.9933528859812668,4.418780692114666,5.003893639638093,0.5851129475234274
2025-08-08,7.745612778163722,1,9.358053528996848,10.113242964799909,0.7551894358030609,8.174107286330624,7.8852360524019645,-0.2888712339286599,4.904730973526512,3.1917403560561297,-1.712990617470382,9.721720062224236,8.164500671536345,-1.5572193906878908,9.54103932945668,12.097621265317102,2.5565819358604216,4.774025488447435,5.021335358870871,0.247309870423436
2025-08-15,7.70439489481424,1,9.450183337446163,9.972079346715859,0.521896009269696,8.176807080647663,7.917373969868024,-0.25943311077963926,4.8594153554437725,3.163903285293344,-1.6955120701504285,9.613308970152659,8.076909432597446,-1.5363995375552122,9.325286194659881,11.942077187992098,2.6167909933322164,4.801368430535305,5.154026146418673,0.3526577158833675
2025-08-22,7.66443785566702,1,9.428737199083216,9.646003214792643,0.21726601570942705,7.984070280496383,7.692355042195516,-0.291715238300867,4.964188557043556,3.4463169621434986,-1.5178715949000576,9.874026799544467,8.389357591107697,-1.4846692084367703,9.240895047824864,11.950615332205913,2.7097202843810493,4.494709250009635,4.861978991556882,0.367269741547247
2025-08-29,7.595519101829038,1,9.431379331754371,9.320663626512314,-0.11071570524205754,7.78682472531267,7.499829479976015,-0.2869952453366551,4.950285687904156,3.4688812474152684,-1.4814044404888875,9.8171671492088,8.380183634138945,-1.4369835150698549,9.113338450730069,11.86025374652074,2.7469152957906715,4.474119266064164,5.043302876410976,0.569183610346812
2025-09-05,7.6596630691097785,1,9.426695411265726,9.315560134371182,-0.11113527689454372,7.838803176729286,7.552381005232135,-0.28642217149715066,5.109183838903618,3.554410008935861,-1.5547738299677576,9.968525965890336,8.671811855413893,-1.2967141104764437,9.03196696350632,11.764551862008375,2.732584898502054,4.582803058363382,5.099263548697209,0.5164604903338272
2025-09-12,7.9842431300413566,1,10.258300834634753,10.137476646034344,-0.12082418860040889,7.539827733963264,7.260644839112615,-0.2791828948506492,5.4067551487866155,4.083220666415116,-1.3235344823714996,9.972791486352065,8.679871328589215,-1.2929201577628504,8.898759954044237,11.290483391349582,2.3917234373053446,5.829023622467204,6.4537619087472535,0.6247382862800492
2025-09-19,8.051753717961255,1,11.017489872753615,10.801605418924765,-0.21588445382884913,7.373754487647062,7.249445442734682,-0.12430904491237982,5.22891387209981,4.096593068255828,-1.1323208038439816,9.892626098433468,8.69656508809183,-1.1960610103416371,9.009851775965274,11.623011612726415,2.6131598367611417,5.7878862008683,5.843301677034006,0.05541547616570597
2025-09-26,7.3978843436359085,1,10.242391697668893,10.138018975560911,-0.10437272210798199,6.762648870316411,6.373955412416649,-0.3886934578997625,4.459786048948388,3.3633268367349984,-1.0964592122133894,9.005698551149138,7.907128603469147,-1.0985699476799908,8.095280310680963,10.737648623498288,2.642368312817325,5.821500583051659,5.867227610135458,0.0457270270837995
2025-10-03,7.210263470705975,1,10.749368522151556,10.752561458929463,0.003192936777907107,6.372672810925209,5.8531412647347025,-0.5195315461905068,4.042861803537377,3.2080093987280804,-0.8348524048092969,8.917210113078085,7.244916086240437,-1.6722940268376476,7.483923977317389,10.407322783057666,2.923398805740277,5.695543597226234,5.795629832545501,0.1000862353192673
2025-10-10,7.295666039587154,1,10.773942096965698,10.724402671798671,-0.04953942516702625,7.291860808388222,6.8449823739950375,-0.4468784343931844,4.029670378410302,3.257530918453199,-0.7721394599571028,8.589066928651832,6.653600195405957,-1.9354667332458746,7.443899694064967,10.67795008222447,3.2340503881595026,5.645556331041902,5.615529995645602,-0.030026335396300396
2025-10-17,7.029944573916448,1,10.406453926383975,10.194185201268354,-0.21226872511562078,7.226988051902353,7.017567418312183,-0.20942063359017027,3.580712783697095,2.938594001257073,-0.6421187824400221,8.337354786213837,6.462411357580251,-1.8749434286335855,7.08406221061216,10.236432600511932,3.1523703898997724,5.5440956846892675,5.330476864568922,-0.21361882012034528
2025-10-24,7.109616729226495,1,10.752163911458936,10.288204147358371,-0.46395976410056505,7.025814571719039,6.797313894753884,-0.22850067696515453,3.6138327554967873,3.0894210642266415,-0.5244116912701458,8.339718728658369,6.62109003709601,-1.7186286915623583,7.2798771303100125,10.39585674083986,3.1159796105298483,5.646293277715827,5.46581449108416,-0.18047878663166728
2025-10-31,7.464741684445374,1,10.323147691595196,10.251941853769054,-0.07120583782614176,6.942887901330877,6.6468913660913955,-0.2959965352394818,3.5070145720883517,2.985416932185501,-0.5215976399028506,10.288748927409074,7.868235966062457,-2.420512961346617,8.345974368522349,11.754319228617817,3.408344860095468,5.380676645726396,5.281644759946019,-0.09903188578037714
2025-11-07,7.75163968224081,1,10.253782823042457,10.733761039337551,0.47997821629509474,7.019141493346368,6.935454704707908,-0.08368678863845957,4.913753040014214,3.802187672078901,-1.111565367935313,10.314325737711172,8.160278276153392,-2.1540474615577807,8.338292471650107,11.286058634939394,2.9477661632892875,5.670542527680539,5.59209776622771,-0.07844476145282897
2025-11-14,7.807614562091042,1,10.265413589724275,10.484554241150818,0.21914065142654238,7.02669031643191,6.934023070880826,-0.09266724555108397,4.856115360145225,3.9938084744505886,-0.8623068856946361,10.607835758231687,8.369738545310653,-2.2380972129210335,8.333271540518197,11.545359624908613,3.212088084390416,5.756360807494957,5.518203415844781,-0.23815739165017646
2025-11-21,7.578427688300202,1,9.998769054727546,10.219556991822785,0.22078793709523836,6.934920017984467,6.798227674228798,-0.1366923437556693,4.671478270756268,3.833535344670736,-0.8379429260855318,10.165261028266556,7.944186108800565,-2.221074919465991,7.887829365086674,11.111611854968842,3.2237824898821685,5.812308392979702,5.56344815530953,-0.24886023767017207
2025-11-28,7.374312971720397,1,9.823112275184457,9.826838797063914,0.003726521879457323,7.254360427368155,7.240071602434327,-0.014288824933828437,4.611744752013209,3.896504703299101,-0.715240048714108,9.490968699701568,7.507786029218607,-1.983182670482961,7.578494300947838,10.523075357709345,2.944581056761507,5.487197375107158,5.251601340597105,-0.23559603451005273
2025-12-05,7.320041797376812,1,9.730629640217117,10.033157666919877,0.3025280267027597,7.299040208458024,7.318210376611958,0.01917016815393424,4.767647666934835,3.83792665455681,-0.9297210123780246,8.91723238012625,7.192784886752463,-1.7244474933737877,7.566084401283064,10.260270010344115,2.6941856090610514,5.639616487241582,5.277901189075649,-0.36171529816593306
2025-12-12,7.259452492286958,1,9.390569452625328,9.696002038580886,0.30543258595555756,7.3138999379878555,7.375053031385534,0.06115309339767805,4.718701734505075,3.819009838957811,-0.8996918955472637,8.926189509980489,7.275184019173778,-1.6510054908067104,7.572464478774322,10.290251438202574,2.7177869594282527,5.634889839848682,5.101214587421168,-0.5336752524275141
2025-12-19,6.7778077540565915,1,8.634047782185704,8.960140586746917,0.32609280456121326,6.662383172619897,6.638614224148469,-0.023768948471428075,4.198929114700334,3.4172499790334996,-0.7816791356668347,8.648817763202302,6.936485817478854,-1.7123319457234487,7.3424796288500715,10.186665616437509,2.844185987587437,5.180189062781238,4.527690300494314,-0.6524987622869247
2025-12-26,6.639691185448302,1,8.301054234713064,8.653775271579164,0.35272103686610023,6.699433765102214,6.664838880731693,-0.03459488437052016,3.736902332051116,3.1536133812053038,-0.5832889508458123,8.676102888072464,7.241208047517773,-1.4348948405546906,7.370567722106159,10.057933924242931,2.687366202136772,5.054086170644794,4.066777607412959,-0.987308563231835
2026-01-02,6.68449058846451,1,8.122424484582865,8.617142770525874,0.4947182859430086,6.691085175573079,6.659134443314954,-0.0319507322581245,4.0321907770832865,3.319736428684962,-0.7124543483983246,8.772289852551594,7.247611237805373,-1.5246786147462217,7.366407494468902,10.050198686515387,2.6837911920464848,5.1225457465273365,4.2131199639405,-0.9094257825868368
2026-01-09,6.88723036303752,1,8.39343403144467,9.033103188329633,0.6396691568849633,6.84610391244513,6.829458287967199,-0.016645624477931165,4.239715528609537,3.578840007488097,-0.6608755211214401,8.907977119271408,7.4102742334448095,-1.4977028858265982,7.353431392256425,9.898540282430176,2.5451088901737506,5.582720194197947,4.573166178565188,-1.0095540156327587
2026-01-16,6.979869991502724,1,8.471786416324832,9.181073941036033,0.7092875247112005,6.928938691032997,6.972369709986012,0.043431018953015155,4.394855563527003,3.539767475305112,-0.8550880882218905,8.950329916340507,7.562809215199479,-1.3875207011410282,7.474507431488163,10.087467517083198,2.6129600855950343,5.658801930302843,4.535732090406512,-1.1230698398963312
2026-01-23,7.074157602371588,1,8.576259914055598,9.270919731525964,0.6946598174703666,6.935561530782678,6.955020016209758,0.019458485427080063,4.480732891061436,3.7406368195770625,-0.7400960714843734,8.989660559672458,7.612922641896233,-1.3767379177762251,7.397206885999097,10.021695029509814,2.6244881435107175,6.065523832658258,4.843751375510692,-1.2217724571475657
2026-01-30,6.844575138545466,1,8.236424955969795,8.694633789636427,0.4582088336666317,6.692835072600076,6.700181095461531,0.007346022861455026,4.188238809435887,3.5054504666867814,-0.6827883427491059,8.734733250130617,7.257722302356456,-1.4770109477741613,7.2712632843317095,9.99890873534224,2.727645451010531,5.943955458804709,4.910554441789358,-1.0334010170153505
2026-02-06,6.882190148480244,1,8.5127574689663,8.886155939178693,0.37339847021239336,6.715770647396724,6.698650988115801,-0.017119659280922406,4.15965056036822,3.471823986057089,-0.6878265743111314,8.704449269629308,7.182099323778473,-1.5223499458508343,7.265910605565864,9.9949876209471,2.729077015381236,5.934602338955045,5.059423032804304,-0.8751793061507414
2026-02-13,6.633141033453367,1,8.609946917700654,8.918795507171353,0.30884858947069915,6.68850339391814,6.584722600955814,-0.10378079296232556,3.849706446324234,3.225999219494682,-0.623707226829552,8.412081809940787,6.466807989544108,-1.9452738203966788,6.693223004441734,9.638620673590125,2.9453976691483916,5.5453846283946575,4.963900209964095,-0.5814844184305628
2026-02-27,6.390569172654277,1,7.686515419480472,8.192527588666138,0.5060121691856665,6.6322905462085515,6.482831803357527,-0.14945874285102434,3.9752077307155673,3.317743989255135,-0.6574637414604325,8.352258399639851,6.490455710686646,-1.8618026889532047,6.673655687901075,9.221338754833269,2.547683066932194,5.023487251980143,4.638517189126958,-0.3849700628531849
2026-03-06,6.595233702076118,1,8.419418278839714,8.519481238466938,0.10006295962722334,5.795398066164736,5.626166317880973,-0.16923174828376375,4.329879297002094,3.532168344758432,-0.7977109522436621,8.735621719034711,7.041265644951949,-1.6943560740827621,7.04787199593946,9.73454561816267,2.6866736222232106,5.2432128554759885,5.1177750482357,-0.12543780724028863
2026-03-13,6.708760596137192,1,8.802554946312895,8.78419890643238,-0.018356039880515596,5.831013416757031,5.46617203992561,-0.36484137683142137,4.693008436511562,3.7336880658698703,-0.9593203706416915,8.765035920442756,6.989160207072487,-1.7758757133702687,6.977623858877664,9.852813851503797,2.875189992626133,5.183326997921242,5.426530506019006,0.24320350809776414
2026-03-20,6.50517150461899,1,8.816530980881993,8.562908430317364,-0.25362255056462857,5.647890236514101,5.202112564977838,-0.4457776715362627,4.319845560531377,3.658466342726598,-0.6613792178047788,8.458454355069776,6.780113718992936,-1.6783406360768396,6.702072339055277,9.729806032942477,3.0277336938871997,5.086235555661418,5.097621937756742,0.011386382095324166
2026-03-27,6.3225209599293395,1,8.469146979051345,8.50344149153365,0.03429451248230464,5.526603090707624,5.027627990855407,-0.4989750998522169,3.8253540753309636,3.3407697489000014,-0.48458432643096216,8.446720586211669,6.76641942506734,-1.6803011611443281,6.668691307226084,9.388238197437317,2.719546890211234,4.9986097210483535,4.908628905782308,-0.08998081526604551
2026-04-03,6.264798556563896,1,8.160228902776709,8.30751225268979,0.14728334991308145,5.489749407495623,4.974893182116276,-0.5148562253793472,4.0030647540722555,3.76513112338516,-0.2379336306870954,8.30308565426293,6.640642736766779,-1.6624429174961506,6.877801974888172,9.095800721433207,2.2179987465450353,4.754860645887689,4.80481132299218,0.04995067710449064
2026-04-10,6.240578061178567,1,8.160694430954052,8.38273179988498,0.22203736893092696,5.331430407305248,4.867768004769118,-0.46366240253613,4.0330719019173245,3.8911781896802466,-0.1418937122370778,8.056417331893812,6.595092098040624,-1.461325233853188,7.055568199002437,8.818630613387981,1.7630624143855442,4.80628609599853,4.88806766130844,0.08178156530991032
2026-04-17,6.285655784762267,1,8.128504752907261,8.484298799094205,0.35579404618694355,5.339478197846745,4.8788990386810696,-0.4605791591656754,4.072723951600295,3.9230294000057455,-0.1496945515945498,8.523148150185648,6.577346288523813,-1.9458018616618347,7.070535292901269,8.938738669597186,1.8682033766959165,4.579544363132385,4.911622512671542,0.33207814953915715
2026-04-24,6.216592639488025,1,8.4192077402044,8.444825548657889,0.025617808453489488,5.223415647541131,4.635363714752842,-0.5880519327882894,3.7102432204975884,3.567796834395196,-0.14244638610239235,8.383033703061699,6.724208979068209,-1.6588247239934901,7.076701249365314,9.04255770645591,1.9658564570905952,4.486954276258018,4.884803053598105,0.39784877734008717
2026-05-01,6.117896277585295,1,7.967970074396021,8.152228928531926,0.18425885413590493,5.1798408558416185,4.5253636675944335,-0.6544771882471849,3.608474644313276,3.6071517688368147,-0.0013228754764611494,8.364320956650687,6.762832007588642,-1.6014889490620448,7.01285622684054,9.047353344032302,2.034497117191762,4.573914907469629,4.612447948927652,0.03853304145802383
2026-05-08,6.110550360934496,1,7.873717079630424,8.058767331498217,0.18505025186779278,5.027558864619394,4.354403936634355,-0.6731549279850384,3.5547374075556775,3.560873305382387,0.006135897826709424,8.529400967603465,6.779651053433724,-1.7497499141697404,7.2746149968976255,9.25380945389874,1.979194457001114,4.403272849300393,4.655797084759541,0.25252423545914837
2026-05-15,6.059077876222126,1,7.449857032831588,7.6816060424759485,0.23174900964436063,5.176556250835233,4.482886544328991,-0.6936697065062418,3.7313072100267846,3.744447785194339,0.013140575167554402,8.508578961255736,6.611727528214985,-1.8968514330407515,7.290966445098491,9.123788751220673,1.832822306122182,4.197201357284925,4.71001060589785,0.5128092486129248
2026-05-22,6.090017491646454,1,7.491147743067117,7.780185200148779,0.28903745708166184,5.3417069244527795,4.594700017208822,-0.7470069072439571,3.615176973758423,3.7078025540366895,0.09262558027826628,8.56553407247928,6.662572887177959,-1.9029611853013222,7.305475992892653,9.127820470813475,1.8223444779208222,4.221063243228471,4.667023820493,0.445960577264529
2026-05-29,6.1743035253239,1,7.570851286360309,7.941037456028823,0.37018616966851425,5.684816511032039,4.972692848896571,-0.7121236621354683,3.6880138535563276,3.7428713097454818,0.05485745618915416,8.492570482461176,6.564426933485208,-1.9281435489759673,7.244543811464567,9.049212700993436,1.8046688895288696,4.365025207068982,4.775579902793893,0.41055469572491177
2026-06-05,6.429654116448407,1,8.073324055008058,8.420669693498155,0.34734563849009703,5.705061301342184,5.033322553069183,-0.6717387482730004,3.8061944250874546,3.7706066845716464,-0.035587740515808264,9.078364080418737,6.891514042290254,-2.186850038128483,7.393238524098848,9.451029922244672,2.057791398145824,4.521742312735157,5.010781803016485,0.4890394902813284
2026-06-12,6.366196959028898,1,8.468160454220438,7.933430858936006,-0.534729595284432,5.457526356360688,4.938539860558549,-0.5189864958021388,2.970986623257488,3.5330091516781437,0.5620225284206555,9.312143670854852,7.074002460422989,-2.2381412104318628,7.438695167774469,9.537513589286945,2.098818421512476,4.54966948170545,5.180685833290752,0.631016351585302
2026-06-19,6.447113493496329,1,8.646395139577535,8.0390352298771,-0.6073599097004347,5.318895248483329,4.867069100780412,-0.45182614770291707,3.2476595752988686,3.726897755702211,0.47923818040334254,9.316727223919216,7.159188132948003,-2.1575390909712127,7.5583732193018704,9.60274712823842,2.0443739089365494,4.594630554397156,5.287743613431857,0.693113059034701
2026-06-26,6.434289965361512,1,9.138541387358202,8.760064755189276,-0.37847663216892613,5.165259372024721,4.754403351623864,-0.4108560204008569,3.1831123726868498,3.6508911128756125,0.46777874018876275,9.100646119100944,6.501107353372646,-2.5995387657282976,7.398561021057191,9.546567621249864,2.148006600192673,4.619619519941168,5.392705597857841,0.7730860779166733
2026-07-03,6.3925343784141715,1,8.920761969510394,8.851904531194492,-0.06885743831590219,5.184599897558712,4.835421860822308,-0.34917803673640435,3.2850793424339457,3.558021381546112,0.2729420391121664,9.00628055739864,6.305683242160939,-2.700597315237701,7.342826466168546,9.446284915805606,2.10345844963706,4.615658037414789,5.3578903389555705,0.7422323015407812
2026-07-10,6.364565841750266,1,8.896863246986328,8.786738727871068,-0.11012451911526,5.186599051531559,4.862746770241259,-0.32385228129029997,3.419747604908693,3.531127471578259,0.11137986666956579,8.780917086807278,6.335274701759744,-2.4456423850475346,7.283550017113853,9.268776483969276,1.9852264668554227,4.619718043153881,5.402730895081973,0.7830128519280919
2026-07-17,6.349632882124699,1,8.960596693095809,8.920942598745512,-0.03965409435029699,5.242130617072817,4.9759392540165095,-0.26619136305630775,3.397937838453899,3.504995419148159,0.10705758069425997,8.625488202127201,6.015579176671864,-2.6099090254553374,7.244062969029812,9.20387242614163,1.9598094571118168,4.627580972968659,5.47646841802451,0.8488874450558512
