date,TCI,lag_selected,FROM_Indonesia,TO_Indonesia,Net_Indonesia,FROM_Malaysia,TO_Malaysia,Net_Malaysia,FROM_Philippines,TO_Philippines,Net_Philippines,FROM_Singapore,TO_Singapore,Net_Singapore,FROM_Thailand,TO_Thailand,Net_Thailand,FROM_Vietnam,TO_Vietnam,Net_Vietnam
2010-12-24,33.59686171526039,1,43.87461616895197,51.27447687807547,7.399860709123502,43.55887824486846,29.76827317460009,-13.79060507026837,42.76382179084452,36.25943054425251,-6.504391246592007,34.47271906190004,57.377997698347485,22.90527863644745,19.56892727072298,16.334592864416592,-3.234334406306388,17.342207754274384,10.566399131870199,-6.775808622404185
2010-12-31,33.84270633690056,1,42.22235533656569,50.06972519458099,7.847369858015298,43.58218420603732,28.182779422619,-15.39940478341832,42.897074437346234,36.36949868186642,-6.527575755479816,34.801015768800184,59.81635079277686,25.015335023976675,18.829041637625053,13.692170444254202,-5.136871193370851,20.72456663502892,14.925713485305934,-5.798853149722987
2011-01-07,32.94071986194107,1,40.64888596091244,47.460154487188575,6.811268526276137,40.33670643211726,26.448522112412924,-13.888184319704337,39.29422802347763,39.553222521826115,0.25899449834848554,34.43297971037609,55.25005228859327,20.81707257821718,17.398524775644262,13.388623976087942,-4.00990079955632,25.53299426911876,15.543743785537615,-9.989250483581145
2011-01-14,33.3088892137861,1,42.61190919048499,52.497051528872085,9.885142338387098,40.60567108538925,27.374368467007187,-13.23130261838206,40.54832263834015,37.04165184127952,-3.506670797060636,33.83679614853439,56.650970196850835,22.814174048316445,17.10602637359473,11.636654975600791,-5.469371397993939,25.1446098463731,14.652638273106177,-10.491971573266923
2011-01-21,34.0020621068088,1,40.95161540504554,58.77925323278297,17.827637827737433,40.440930986276044,26.773210867902293,-13.667720118373751,40.35795007147959,43.13420610724742,2.7762560357678296,34.60406465128541,46.77267709689026,12.16861244560485,19.132383852044796,13.286390505308049,-5.845993346736748,28.5254276747214,15.266634830721799,-13.2587928439996
2011-01-28,33.57373948877057,1,40.467776410345266,59.214902496028415,18.74712608568315,40.29509857257475,26.32293941718087,-13.972159155393882,39.232493195395435,42.554476389892955,3.3219831944975198,32.98946964380981,43.010679680565985,10.021210036756173,21.40792177544911,14.195414854542705,-7.2125069209064065,27.04967733504907,16.144024094412558,-10.90565324063651
2011-02-11,34.29116727282786,1,39.20040982556587,57.83664337482952,18.63623354926365,43.20453174020845,28.363184813877623,-14.841346926330829,40.86875039100135,42.66662194203105,1.7978715510297008,33.34167935687438,46.00299839526055,12.661319038386168,24.474960045826663,14.575494357639343,-9.89946568818732,24.656672277490443,16.302060753329087,-8.354611524161356
2011-02-18,33.5284615986888,1,39.94538402452221,54.41572655083485,14.470342526312635,44.22767875040786,30.96050458798024,-13.267174162427622,38.54157298446068,41.79214441223706,3.2505714277763786,32.89719485189697,42.30734424615251,9.41014939425554,21.23419566319852,13.85399993428284,-7.38019572891568,24.324743317646536,17.841049860645242,-6.483693457001294
2011-02-25,33.12432363508559,1,37.129904638850924,51.69383988784866,14.563935248997737,45.33246167592869,29.258330209752437,-16.074131466176254,38.9487595807967,46.10852673751507,7.159767156718374,31.898153693268796,40.00045906230173,8.102305369032933,21.156613947183786,13.121304691772934,-8.035309255410851,24.280048274484642,18.563481221322675,-5.716567053161967
2011-03-04,34.54980764355728,1,36.348802659439,48.459858507689376,12.111055848250373,46.08791242200414,28.380180389302097,-17.70773203270204,43.73850114904254,58.25227783926207,14.51377669021953,31.83569433148736,38.49181937533119,6.656125043843829,20.618872331836158,12.450232308946752,-8.168640022889406,28.669062967534515,21.264477440812215,-7.4045855267223
2011-03-11,34.019456533551384,1,36.28185068629883,48.758546594536675,12.476695908237843,46.24683864656454,27.559092800850337,-18.687745845714204,43.27099769887894,54.94876787806891,11.677770179189963,30.997451835005208,37.1217074922895,6.124255657284294,18.98253285627058,12.912983428654925,-6.069549427615655,28.337067478290223,22.815641006907967,-5.521426471382256
2011-03-18,33.985257184766105,1,36.26280869920069,47.264529546991,11.00172084779031,46.47016598901639,27.58354126159842,-18.886624727417967,43.747656268465875,51.36877450788799,7.621118239422117,30.266757209345172,37.53866603382849,7.271908824483319,23.841184604880283,15.439667253050061,-8.401517351830222,23.322970337688233,24.716364505240634,1.393394167552401
2011-03-25,32.810708957477544,1,34.70837536425657,47.32464855759626,12.616273193339694,43.14268204746909,27.508644358068715,-15.634037689400373,42.27193361517059,51.477990132327854,9.206056517157265,26.850877339043308,30.26776303443573,3.4168856953924234,25.6867458253718,18.08129014947302,-7.6054556758987815,24.203639553553913,22.2039175129637,-1.999722040590214
2011-04-01,33.25768671792031,1,34.64592358302271,47.634067820112435,12.988144237089728,41.47747715882212,26.56952071259193,-14.907956446230187,42.510901077470706,50.55267387874659,8.041772801275883,28.846734335649643,32.76406243812306,3.9173281024734194,26.841293078834653,20.358778799349224,-6.482514279485429,25.223791073722012,21.667016658598627,-3.5567744151233853
2011-04-08,34.080282041881425,1,34.45978297394515,48.92279684320991,14.463013869264756,41.951192578582976,26.980849215428975,-14.970343363154,42.87745343238709,50.27521455337298,7.397761120985891,27.99859036184192,29.826338833403412,1.8277484715614918,33.34134716339071,20.217848695299395,-13.123498468091313,23.853325741140736,28.25864411057391,4.405318369433175
2011-04-15,34.49237762143471,1,32.35000164590653,52.66000153098851,20.30999988508198,39.38219708682203,23.0363251089953,-16.345871977826732,44.4535659900927,43.80952332611675,-0.6440426639759522,29.668647757542132,29.777141304174492,0.10849354663236,35.243223205760785,24.53158205165238,-10.711641154108406,25.856630042484085,33.139692406680894,7.283062364196809
2011-04-22,27.856838725217916,1,23.49027726051891,37.25307566734186,13.762798406822952,33.103426697944045,20.873880853294764,-12.22954584464928,39.236934494099806,30.82037217065831,-8.416562323441497,22.851998067793446,22.56563135373436,-0.28636671405908487,25.482172376147673,19.42850412337569,-6.053668252771985,22.976223454803645,36.199568182902524,13.22334472809888
2011-04-29,27.58326682647649,1,26.010615645397465,38.32807188391398,12.317456238516513,37.1304736357223,22.427813853392173,-14.70265978233013,36.675161802646095,27.966801656855232,-8.708360145790863,24.159999499487867,21.974769107151445,-2.185230392336422,24.919749044843712,19.176222846379176,-5.7435261984645365,16.603601330761492,35.62592161116696,19.022320280405467
2011-05-06,23.06475782868357,1,16.643554728583368,24.31618744199956,7.672632713416192,29.063618377506813,19.03872582825845,-10.024892549248364,34.53081210395591,26.01437239359872,-8.51643971035719,17.8509126909113,13.133198921551667,-4.717713769359634,25.04679780654739,21.428040821269278,-3.618756985278111,15.252851264596657,34.458021565423735,19.205170300827078
2011-05-13,21.14277192944981,1,16.256484032354805,17.254544908979597,0.9980608766247911,26.080165342168144,20.634899232193234,-5.445266109974909,31.648028848009773,24.564060172702185,-7.083968675307588,17.040955467999098,14.350579571609842,-2.6903758963892557,20.025131827180246,19.96525063410418,-0.0598811930760661,15.805866058986808,30.087297057109836,14.281430998123028
2011-05-20,23.25658336133814,1,15.718149154421184,20.75173433601745,5.033585181596266,30.55234673814539,25.37424251294067,-5.17810422520472,31.30452673523203,23.557375946649657,-7.747150788582374,23.0346447503769,14.937148292101057,-8.097496458275842,23.39490120310768,26.12077909085744,2.7258778877497605,15.534931586745643,28.798219989462552,13.26328840271691
2011-05-27,23.465066557349292,1,18.35946360354862,22.8622430841873,4.502779480638679,31.628235086612293,27.108127851304772,-4.5201072353075205,31.95010679695025,22.170878625494794,-9.779228171455458,23.89995160800821,17.693730161715493,-6.206221446292716,23.605661199428823,24.162131213276467,0.5564700138476439,11.34698104954758,26.793288408116936,15.446307358569356
2011-06-03,24.74141652198615,1,22.847062413169695,33.248919913055246,10.401857499885551,32.63786872965855,28.063354305686218,-4.574514423972332,33.93919331306799,23.260268441679784,-10.678924871388205,23.859517337346674,22.298894302874473,-1.5606230344722007,23.95878072167838,25.134840917849388,1.176060196171008,11.206076616995588,16.442221250771766,5.236144633776178
2011-06-10,24.763972743335064,1,22.51058337808776,35.70692650718324,13.196343129095482,33.32045898053937,26.537676739440144,-6.782782241099227,35.42747872344653,21.708950432293065,-13.718528291153461,23.10817599138136,22.59328693376831,-0.5148890576130469,22.953192275079644,24.516677162564207,1.563484887484563,11.26394711147573,17.52031868476142,6.256371573285691
2011-06-17,25.152935750494702,1,21.691286224239363,37.85053863368637,16.159252409447006,34.216334901072685,23.933989245937383,-10.282345655135302,35.56811153376549,22.884710367679048,-12.68340116608644,22.663118631748745,22.209128257285315,-0.45399037446343016,26.17724755204418,28.589461421456065,2.412213869411886,10.601515660097732,15.449786576923998,4.848270916826266
2011-06-24,23.731512523110364,1,21.503130084016007,37.492018957801406,15.988888873785399,30.398134490359254,19.990844586292596,-10.407289904066658,34.6959838180032,21.789287765284655,-12.906696052718544,21.667580754703792,18.191489244550297,-3.476091510153495,24.52970070323373,28.123123681495187,3.593422978261458,9.594545288346168,16.80231090323798,7.207765614891812
2011-07-01,23.179637022418305,1,21.76347859900757,35.84834918684305,14.084870587835482,29.476086457155986,19.786481535797122,-9.689604921358864,34.38788170042535,21.9544199872021,-12.433461713223252,19.95141037916703,16.448047959125716,-3.503362420041313,24.179902287234526,28.578281351540213,4.398379064305686,9.319062711519365,16.46224211400161,7.143179402482247
2011-07-08,23.554368875888343,1,21.713419431854632,35.15945217212405,13.446032740269416,30.700841384691202,21.005073687660584,-9.695767697030618,33.854540977203484,23.86648857126241,-9.988052405941076,22.370635754201103,17.97309662869978,-4.397539125501325,24.8599389688205,29.032465820927968,4.172526852107467,7.826836738559123,14.289636374655231,6.462799636096108
2011-07-15,22.58820399150766,1,20.255184275828356,34.62424364339431,14.369059367565953,29.043334878650214,20.613468723374822,-8.429866155275391,33.529266534911486,23.379844148624585,-10.1494223862869,20.74954431336731,16.18924039807179,-4.5603039152955205,23.131509265578288,28.422242022737166,5.290732757158878,8.820384680710305,12.300185012843315,3.47980033213301
2011-07-22,23.339098451656866,1,20.197681694351758,35.398603836128686,15.200922141776928,29.370723128049292,21.45280627353287,-7.91791685451642,34.469453289231254,22.758258917250757,-11.711194371980497,21.681524959644776,17.079522241375813,-4.602002718268963,23.081731899482207,30.169837447347746,7.088105547865538,11.233475739181927,13.175561994305355,1.942086255123428
2011-07-29,23.845301304099394,1,19.06448856411133,35.38918901207096,16.32470044795963,29.527743213772084,20.115510546978243,-9.412232666793841,34.46306451670853,25.328047680054,-9.135016836654529,23.26923146860723,19.17817066381761,-4.09106080478962,25.324577754427438,28.539833250384632,3.2152554959571944,11.422702306969782,14.521056671290964,3.0983543643211817
2011-08-05,31.3950607183193,1,29.655784732595166,43.93886756302274,14.283082830427574,36.59386437196562,28.793773416411568,-7.8000909555540545,39.10442323649727,31.562910632358594,-7.541512604138674,40.8699850406904,36.141322333811566,-4.728662706878836,33.27588083363453,38.15276032103536,4.876879487400828,8.870426094532803,9.780730043275923,0.9103039487431204
2011-08-12,33.95448322967976,1,32.2886810211463,51.74642359987526,19.457742578728954,47.46355072207503,33.98582065884128,-13.47773006323375,43.13128029262086,31.044281563073454,-12.086998729547403,40.64156475193703,41.08719657587644,0.4456318239394079,33.23083695036313,38.07610579154901,4.845268841185884,6.970985639936188,7.787071188863095,0.8160855489269068
2011-08-19,32.54339563526583,1,31.04001068462756,51.50480624663656,20.464795562009,45.93349126955313,32.1631076560239,-13.770383613529233,40.41493174913416,27.231017504999905,-13.183914244134257,38.26508619059051,38.1389526471537,-0.12613354343680783,31.93547185072444,37.94789724996116,6.012425399236719,7.671382066965208,8.2745925068198,0.6032104398545926
2011-08-26,33.53934336766597,1,30.94307424786888,51.132897586125225,20.189823338256346,48.51088408058978,32.01846889316531,-16.49241518742447,41.561967760140405,31.25411391977228,-10.307853840368125,37.50778609595753,38.743764960459515,1.2359788645019876,32.78328776737919,38.076402726465645,5.293114959086452,9.929060254060033,10.0104121200079,0.08135186594786603
2011-09-09,32.87528611866181,1,30.435439457684254,51.197893243249865,20.76245378556561,49.796499811675055,32.64874881205272,-17.147750999622332,39.105428778868976,27.354912305317733,-11.750516473551244,37.41337173629135,42.47082631615845,5.057454579867098,32.32406343953241,35.12586673777666,2.801803298244252,8.176913487918853,8.45346929741551,0.2765558094966565
2011-09-16,33.46354782266476,1,30.54725321459601,51.01904369510724,20.47179048051123,50.73833051430205,34.611422469403294,-16.126908044898755,37.85648203247055,25.917241051562158,-11.939240980908394,39.35270213772161,44.020542652321396,4.6678405145997885,33.567345066640954,36.714432878119595,3.1470878114786416,8.719173970257401,8.498604189474875,-0.22056978078252598
2011-09-23,39.42989529979432,1,38.18520533270636,71.55570335077519,33.37049801806883,56.49128263951871,36.501439188338544,-19.989843451180164,46.62546699641662,28.846470341895767,-17.778996654520853,42.78414128940064,48.5778696689659,5.793728379565266,40.98096028395547,44.89857573388812,3.9176154499326543,11.512315256768161,6.199313514902457,-5.313001741865705
2011-09-30,40.835206563150024,1,36.621517021678166,79.74230128646937,43.120784264791205,59.230501516154504,36.21353788085078,-23.016963635303725,48.298961859335584,28.547401741878012,-19.751560117457572,43.043586074699306,44.87622417953514,1.8326381048358371,44.69264150678715,48.49852713500727,3.8058856282201248,13.124031400245457,7.133247155159594,-5.990784245085862
2011-10-07,41.353286007011775,1,37.36588586671063,81.63516253620146,44.269276669490836,59.37414925206674,36.00536585916362,-23.368783392903126,48.38105406383518,26.451467374608598,-21.929586689226582,45.030426865819905,46.25394351379478,1.2235166479748756,46.3600958551224,50.35822665355824,3.998130798435838,11.608104138515827,7.415550104743957,-4.19255403377187
2011-10-14,40.88881529920334,1,37.92571424755419,79.11807067412195,41.19235642656776,59.14951654135853,34.79865625016779,-24.35086029119074,47.22959532831669,27.637806343436864,-19.591788984879827,44.846149519830945,47.38692964261787,2.540780122786927,45.06294125453001,48.74949661888683,3.6865553643568205,11.118974903629649,7.641932265988714,-3.4770426376409347
2011-10-21,39.01112347728275,1,36.046495363815,77.0227338879099,40.976238524094896,57.86059520589132,31.975185746926023,-25.8854094589653,40.135684026655404,24.57227711675393,-15.563406909901474,45.4823919441356,47.93709170370239,2.454699759566793,44.043232542494756,45.006658312960035,0.9634257704652782,10.498341780704408,7.552794095444199,-2.945547685260209
2011-10-28,41.56685376689561,1,40.20173322607607,77.84639668164586,37.644663455569784,60.17958649810305,38.25141351562911,-21.92817298247394,42.2850934250203,24.250555086613566,-18.034538338406733,48.15570880089032,50.34591412255555,2.190205321665232,47.99280744667246,51.654985943862954,3.662178497190496,10.58619320461149,7.051857251066679,-3.5343359535448116
2011-11-04,40.35449471351121,1,37.425551921692744,82.87558377979524,45.45003185810249,58.547909615232385,37.54458546864848,-21.003324146583907,39.19949560492475,19.081949140703557,-20.117546464221192,48.20376492092435,50.3570706617,2.15330574077565,49.38918298034719,44.54506426870597,-4.844118711641215,9.361063237945856,7.722714961514058,-1.638348276431799
2011-11-11,40.59133584830459,1,37.32844562684052,81.79873315926989,44.47028753242937,58.00827404531032,39.05358906680902,-18.954684978501305,39.830792087712325,21.01812403722049,-18.812668050491837,48.41475654531553,43.971702501637324,-4.4430540436782024,50.30559687194182,50.05870368943764,-0.24689318250418069,9.660149912706984,7.647162635453171,-2.0129872772538135
2011-11-18,40.216378018780475,1,35.87295835737223,86.36536020738387,50.492401850011646,58.11332401612048,37.137083820162566,-20.976240195957914,40.299169034490966,19.848157660546015,-20.45101137394495,47.75143954963396,40.88623229844286,-6.865207251191094,50.03517718581916,49.097959560983206,-0.9372176248359523,9.226199969246068,7.963474565164347,-1.2627254040817206
2011-11-25,39.60383572338065,1,35.54535328540415,85.19832796864803,49.65297468324388,57.05478991343445,37.19002228361991,-19.864767629814537,38.10648986341852,16.47188560541636,-21.634604258002156,47.567793111853426,46.23428148659067,-1.3335116252627586,49.64463735079789,43.64949836620842,-5.995138984589474,9.703950815375421,8.878998629800464,-0.8249521855749578
2011-12-02,39.24093661507954,1,33.8745484897815,86.06790675041223,52.19335826063073,56.19640587244608,39.44878280601702,-16.747623066429057,35.852767885709184,13.222827154178432,-22.629940731530752,47.95263905129853,45.00700080028517,-2.9456382510133636,50.66380512901688,42.49429330965499,-8.169511819361887,10.905453262225052,9.204808869929323,-1.7006443922957288
2011-12-09,41.122358257496565,1,37.02935647784541,92.57089802811615,55.541541550270736,58.5477122242957,35.20118719149077,-23.346525032804934,39.167427632440436,15.988057131481838,-23.179370500958598,48.937171990534864,44.99622919672305,-3.9409427938118142,51.918400602525786,48.86970812884508,-3.0486924736807026,11.134080617337219,9.10806986832256,-2.0260107490146595
2011-12-16,39.71310792818958,1,33.51647709710919,96.62526995368975,63.108792856580564,56.95816288523052,33.966223275120896,-22.991939610109625,38.16552701178547,12.798030752932618,-25.367496258852853,47.263478464770316,41.56682579839378,-5.6966526663765364,51.19119750177703,44.27314187527694,-6.918055626500092,11.183804608464968,9.049155913723553,-2.134648694741415
2011-12-23,40.958494007993615,1,35.89348332630827,101.51711536466205,65.62363203835378,57.68820078436733,31.813799888160297,-25.874400896207035,39.056080874528305,13.171219861445309,-25.884861013082997,48.14176230057847,40.99558120275868,-7.146181097819792,51.959044986549536,48.21181352107762,-3.7472314654719128,13.012391775629737,10.041434209857727,-2.970957565772011
2011-12-30,41.61851382179048,1,37.37036019429466,100.88681067963732,63.51645048534266,56.32474893300473,29.896046622615344,-26.428702310389383,41.43729315780725,16.476887597830185,-24.960405559977062,47.458694011015545,37.53219742661128,-9.926496584404262,52.617483289424754,55.55222198492342,2.934738695498666,14.502503345195947,9.3669186191253,-5.135584726070647
2012-01-06,41.833001322372006,1,37.487463609521996,105.95826283974932,68.47079923022733,57.44740576022519,29.302415931331588,-28.1449898288936,42.72840655740813,19.552917386535448,-23.17548917087268,47.99703100152262,39.15785607742398,-8.839174924098643,51.072193142974314,48.16404008643852,-2.908153056535795,14.265507862579724,8.862515612753114,-5.40299224982661
2012-01-13,41.26174002714376,1,40.84827674256678,103.98364422941931,63.13536748685253,55.13950049888299,28.224819321314392,-26.914681177568596,40.9005114885546,17.51766355759746,-23.38284793095714,46.59309070306567,36.71904338958524,-9.874047313480432,50.25658219019765,52.08998184084514,1.8333996506474932,13.832478539594817,9.035287824100962,-4.797190715493855
2012-01-20,41.62128389100578,1,43.976981712171344,104.04201912527796,60.065037413106616,54.02155156544664,24.82037969468732,-29.201171870759325,40.35819908726719,17.630483830453763,-22.727715256813426,47.4517581103865,41.86972894861349,-5.582029161773008,50.24593002387174,51.64046205446197,1.3945320305902271,13.673282846891283,9.72462969254022,-3.9486531543510637
2012-02-03,41.73336467250039,1,43.79473740138504,104.50994834068413,60.71521093929909,53.9089801419324,24.812580977860833,-29.09639916407157,40.55642831231129,17.641096963493446,-22.915331348817844,46.9169643375539,41.35270983723289,-5.564254500321013,50.782544563701244,51.82883749417292,1.0462929304716795,14.440533278118508,10.255014421558158,-4.18551885656035
2012-02-10,42.42509430017952,1,42.653109531469646,103.62731809721734,60.974208565747695,55.05951329567895,25.3347142730591,-29.724799022619848,42.348517746248184,20.730465599258956,-21.61805214698923,50.240469777780696,42.46954871791433,-7.770921059866367,50.95791285249808,52.510840582106724,1.5529277296086406,13.291042597401571,9.877678531520687,-3.4133640658808844
2012-02-17,43.25283569622865,1,45.132329351732935,103.23011921747486,58.09778986574193,56.469830232963986,29.715824208909368,-26.75400602405462,42.44695048307327,21.115689855509082,-21.33126062756419,52.0492364027782,45.004363900180955,-7.044872502597244,52.24801312601655,52.29368773552853,0.04567460951197688,11.170654580806954,8.157329259769085,-3.0133253210378683
2012-02-24,44.22033003558206,1,44.34600635784466,105.06902118494064,60.72301482709598,58.949255379902574,27.993671875278913,-30.95558350462366,43.372681503176565,22.22384767220298,-21.148833830973587,51.60972442155854,45.097080259951454,-6.512644161607085,54.77945963685735,55.94736903291312,1.1679093960557765,12.264852914152627,8.99099018820526,-3.2738627259473674
2012-03-02,44.47761970498334,1,43.590829179999865,107.51214675035962,63.921317570359754,59.61633031905823,28.829697773788233,-30.786632545269995,44.14173073881206,22.788955262875547,-21.35277547593651,51.72475520660319,43.69856742659343,-8.026187780009764,55.044392606314425,55.105268885906646,0.06087627959222175,12.747680179112294,8.931082130376609,-3.8165980487356848
2012-03-09,46.05385283890754,1,46.21540690007229,107.40049089752063,61.18508399744834,61.47087714727053,30.21164417735102,-31.25923296991951,45.7808276167756,20.2356207851521,-25.545206831623503,52.21710551026618,44.71906391171588,-7.4980415985503015,55.58503094985964,61.97839558838727,6.393364638527629,15.05386890920093,11.777901673318254,-3.275967235882675
2012-03-16,46.715662889445674,1,47.408139191808736,103.01194841433494,55.6038092225262,60.45839609053868,32.29750637993504,-28.16088971060364,46.16557647689897,24.627718330738055,-21.537858146160914,54.329907569132594,44.69620768539692,-9.633699883735673,56.21012915176679,62.86506174535076,6.654932593583965,15.721828856528305,12.79553478091836,-2.9262940756099454
2012-03-23,48.204728596408586,1,48.49158523739222,107.16626015441679,58.67467491702457,62.03924989147248,33.00508678961026,-29.03416310186222,48.66540884944727,28.01043106150849,-20.654977787938776,56.39899565040833,47.320531013990355,-9.078464636417976,57.5385645068988,58.192589302991,0.6540247960922017,16.094567442832457,15.533473255934638,-0.5610941868978188
2012-03-30,48.360910727886676,1,47.83382145607036,104.60904285522739,56.775221399157026,60.96552641117977,32.3311269376397,-28.63439947354007,49.014793577691634,34.945206965825065,-14.06958661186657,56.90073984349706,40.744215379861025,-16.156524463636032,57.47671037787952,57.7793334414093,0.3026230635297793,17.973872701001696,19.756538787357613,1.782666086355917
2012-04-06,48.773146090192846,1,47.74466301496065,105.44361700512553,57.69895399016488,62.81012422874706,31.167517911590465,-31.64260631715659,47.19948606890251,34.242073714979234,-12.957412353923274,56.87492836518223,41.792923430214,-15.082004934968225,58.000311473309395,60.75437521259323,2.7540637392838363,20.009363390055213,19.2383692666546,-0.7709941234006124
2012-04-13,49.87045928637908,1,48.80449102291712,107.73054042931594,58.92604940639882,63.89993798974478,33.99218551336367,-29.907752476381106,47.343056254567564,36.71302341698385,-10.630032837583713,58.15279795668262,45.61605090656684,-12.536747050115778,60.64029841471858,60.35407073963072,-0.28622767508785785,20.38217407964376,14.816884712413412,-5.565289367230349
2012-04-20,48.42395906683157,1,45.671414115405085,108.7557193790577,63.08430526365261,63.51566357849583,31.616657122242927,-31.899006456252906,44.56787783396344,28.981241388911393,-15.58663644505205,57.77558126020925,43.88587376490841,-13.88970749530084,58.764755253275965,58.58763386163292,-0.1771213916430412,20.248462359639873,18.716628884236115,-1.531833475403758
2012-04-27,48.76660181919573,1,47.85331522698459,108.55004344509237,60.69672821810778,62.13232490815983,30.178467547634668,-31.953857360525163,44.70390347545182,30.30548639038566,-14.398417085066157,58.757472827328854,42.09303915543377,-16.664433671895083,58.720923196170205,61.16852489157418,2.447601695403975,20.43167128107902,20.304049485053667,-0.12762179602535184
2012-05-04,49.26507415124454,1,50.917960988080274,113.03522038823098,62.11725940015071,62.03873979188842,30.13869685849464,-31.900042933393777,44.50174276309494,29.863721547569114,-14.638021215525825,58.4983467109953,40.321365557760124,-18.176981153235175,59.22298406996345,62.160505443013214,2.937521373049762,20.41067058344484,20.070935112399198,-0.3397354710456426
2012-05-11,48.837926732828684,1,50.89028326052557,110.86688026603426,59.97659700550869,61.52199846018743,29.400755736560086,-32.12124272362735,44.39284210786567,31.202621984127013,-13.190220123738655,58.08275620558522,39.90957540681553,-18.173180798769693,56.905655213974406,60.69756991949668,3.7919147055222737,21.234025148833766,20.95015708393852,-0.28386806489524474
2012-05-18,50.259997730514954,1,51.53238204236758,104.26937022741427,52.73698818504669,63.492008988609136,29.779184850336527,-33.71282413827261,48.138900502868665,39.752020673966996,-8.38687982890167,58.89076751930821,46.19275590024738,-12.698011619060836,56.48030306773819,57.082319280758995,0.6020162130208035,23.025624262197965,24.484335450365577,1.4587111881676122
2012-05-25,49.341293839043466,1,48.68247825568576,103.16996981739825,54.487491561712496,60.32648379510491,34.15632501001753,-26.17015878508738,47.47710730154055,42.11870721468461,-5.358400086855937,56.54997295098526,46.36965576982812,-10.180317181157136,56.94900692129,51.615590441386765,-5.333416479903235,26.062713809654312,18.61751478094554,-7.445199028708771
2012-06-01,50.226818331597855,1,49.06790284161878,107.18764145250952,58.11973861089074,61.177067148628645,33.9220487219877,-27.255018426640945,47.73296397963258,41.620084024880605,-6.112879954751975,57.73097409884122,45.72555444901314,-12.005419649828085,59.26983986205071,54.444496942618905,-4.8253429194318045,26.38216205881521,18.461084398577256,-7.921077660237955
2012-06-08,49.89630042437914,1,46.904110019550046,108.18372498950845,61.2796149699584,59.99266670127946,36.071535258166634,-23.921131443112827,48.54026915900849,43.751203932720486,-4.7890652262880025,58.34680466762843,41.13666937520395,-17.210135292424482,59.68655041557921,51.9810998400989,-7.705450575480313,25.907401583229174,18.253569150576382,-7.653832432652791
2012-06-15,50.56212772547068,1,51.32169738691041,97.5324581542215,46.21076076731109,58.72090183131808,43.59998480306184,-15.120917028256244,49.90542621376029,44.42901079768809,-5.4764154160722,58.64921561081295,42.89049548071545,-15.758720130097501,58.89283609048028,54.61134458313813,-4.281491507342153,25.88268921954213,20.30947253399914,-5.573216685542988
2012-06-22,50.96896895191478,1,52.3037667851852,96.62964738601706,44.32588060083185,58.21599315452497,46.23738528072024,-11.978607873804734,50.72686361688936,45.28800660770604,-5.438857009183323,60.013441175440036,43.743850479309614,-16.26959069613042,58.9688387061773,54.91462197880181,-4.05421672737549,25.584910273271845,19.000301978933976,-6.584608294337869
2012-06-29,51.033861752174175,1,52.01282925908934,98.74636614947852,46.73353689038918,58.69764777508011,43.02204492524549,-15.675602849834618,51.20180629225011,44.73261540306338,-6.469190889186734,61.10946884379775,41.735892370168365,-19.373576473629385,58.62225880584147,55.607204229997265,-3.0150545758442036,24.559159536986286,22.359047435092094,-2.2001121018941916
2012-07-06,50.714530781013615,1,51.5729873644345,99.21204220051402,47.63905483607952,58.14140411964643,43.42170892605696,-14.719695193589473,51.33041968792783,45.19992281950087,-6.13049686842696,60.23712999677283,39.98480477685553,-20.252325219917296,58.334418807955494,53.91499736534676,-4.419421442608737,24.670824709344544,22.553708597807443,-2.1171161115371007
2012-07-13,51.14138297067522,1,52.20017312303481,102.26917824574178,50.069005122706976,58.0889755290427,46.33786861580384,-11.751106913238857,50.35304493877016,43.19062610685332,-7.162418831916838,62.98222557579828,43.83633361238782,-19.145891963410463,58.77385902559915,55.31707527052649,-3.4567837550726637,24.450019631806256,15.897215972738124,-8.552803659068132
2012-07-20,50.52323230263033,1,52.82810394344883,103.0141892946024,50.18608535115357,58.51419650869099,47.4948003828272,-11.019396125863793,48.95817077791198,33.778326131594646,-15.179844646317335,64.44940891263832,40.13831975470722,-24.3110891579311,57.89031656040902,59.82637001645365,1.9360534560446325,20.49919711268288,18.887388235596887,-1.6118088770859913
2012-07-27,48.61825865840473,1,48.99467963907033,102.72688044843065,53.73220080936032,55.72234233304666,45.04288440990384,-10.67945792314282,45.026898094673946,34.22012332704586,-10.806774767628085,62.51487508844966,35.38847481952476,-27.126400268924897,56.52890182155106,57.141075456916184,0.6121736353651244,22.921854973636684,17.190113488607025,-5.731741485029659
2012-08-03,48.14155787668846,1,48.84590784281667,98.68394415745226,49.83803631463559,54.23427540764854,46.256097153326536,-7.978178254322003,43.76384250490432,34.35830217150712,-9.405540333397198,62.153608810451836,33.41725034574011,-28.736358464711728,56.49923642662152,60.919468600457975,4.420232173836453,23.352476267687834,15.214284831646737,-8.138191436041097
2012-08-10,50.02988337404164,1,49.9685446428146,102.28430290164013,52.31575825882553,55.52291777405978,47.02086515842507,-8.50205261563471,44.33781721601848,37.256766677113475,-7.081050538905004,62.569491660836185,41.52083976682433,-21.048651894011854,60.647257175756785,60.147236655888825,-0.5000205198679595,27.13327177476404,11.949289084358043,-15.183982690405998
2012-08-17,51.49337024642572,1,50.87425188225408,101.3189178273754,50.44466594512132,57.32037096026142,49.04285137385558,-8.277519586405845,46.560697001673255,39.606268478918885,-6.95442852275437,62.45144889815726,48.908346538650896,-13.543102359506364,62.59037570353186,61.11523570207345,-1.4751400014584135,29.163077032676483,8.96860155768016,-20.194475474996324
2012-08-24,49.186924707929535,1,52.48213257756083,99.07413720037496,46.59200462281413,58.620924966911346,52.835506829688754,-5.785418137222592,46.56273470790147,38.243036820785676,-8.319697887115794,63.4498808687622,44.101900021158905,-19.347980847603296,61.435769253131454,55.207546796570014,-6.22822245656144,12.570105873309913,5.659420578998862,-6.910685294311051
2012-08-31,47.911891287362685,1,50.49418330074653,99.24821891373422,48.75403561298769,59.25879064452692,40.38765397264667,-18.87113667188025,47.73302432334054,36.337988665807565,-11.395035657532972,59.23009509105374,45.48661138292569,-13.743483708128053,58.20014115422277,60.22729149825603,2.0271503440332594,12.555113210285569,5.783583290805836,-6.7715299194797325
2012-09-07,42.07362209900035,1,46.389309933658744,75.27302844906242,28.88371851540368,53.53206777458286,34.454757313167725,-19.077310461415138,28.447448988694703,32.62192654620638,4.174477557511679,57.878280710471195,52.506920475080726,-5.371360235390469,51.05911273666466,50.87819183583622,-0.1809209008284398,15.13551244992999,6.706907974648715,-8.428604475281276
2012-09-14,40.02333696613703,1,45.09594747914846,72.27932621260317,27.18337873345471,48.39219391668856,36.103216419263184,-12.288977497425378,26.841610838574255,26.440307198895823,-0.4013036396784315,58.1400109421863,47.81822152175821,-10.32178942042809,48.10639633339993,50.51819459545786,2.4117982620579284,13.563862286824644,6.980755848843941,-6.583106437980703
2012-09-21,38.892343965819485,1,44.23864332586335,67.60544709562771,23.36680376976436,49.39997162988043,21.465806345838367,-27.934165284042066,28.75581103666309,26.12641517068407,-2.6293958659790206,50.90972852615997,61.38452834302022,10.474799816860255,45.96302000278511,49.95076814679263,3.9877481440075258,14.086889273564964,6.821098692953939,-7.265790580611025
2012-09-28,38.50869414101243,1,42.178471461729586,64.31578327960453,22.137311817874945,38.59220262866596,25.522600216931735,-13.069602411734223,29.420922366472425,26.85352549879272,-2.5673968676797045,52.350909711327084,60.82039936146156,8.469489650134477,43.37662196535774,44.403782969936415,1.027161004578673,25.133036712521786,9.136073519347647,-15.996963193174139
2012-10-05,37.9186248735947,1,42.364169582079455,64.82299024449772,22.458820662418262,31.03050068497633,19.33279457968007,-11.697706105296263,34.095140491601754,29.07394028501885,-5.021200206582904,49.50340656855401,61.43411100591547,11.930704437361456,43.70367833698035,43.14317660917879,-0.5605017278015652,26.81485357737631,9.704736517277325,-17.110117060098986
2012-10-12,35.74761791707181,1,39.01362024015539,60.48826072282134,21.474640482665947,35.10361380794485,20.758651590534157,-14.344962217410696,27.08330855067767,30.16768392718113,3.084375376503459,44.519606114950406,56.75561661526818,12.236010500317775,43.512167470862884,33.431749669673,-10.080417801189881,25.253391317839615,12.883744976953025,-12.36964634088659
2012-10-19,36.866991993342246,1,40.54723614498887,64.06443654636855,23.517200401379682,33.93088635348602,21.32063715558806,-12.610249197897957,29.120312427079227,33.73744936989118,4.617136942811953,45.751014155800966,55.54183625271941,9.790822096918447,44.38569224727576,30.21425991098011,-14.171432336295652,27.466810631422632,16.323332724506187,-11.143477906916445
2012-10-26,38.52763096170917,1,42.228145364896655,71.2541527919478,29.026007427051148,35.04212467268481,20.762200972658505,-14.279923700026302,35.942892560661775,35.788551712474856,-0.1543408481869193,46.299960825520046,62.45032990211236,16.150369076592312,39.64941973761754,24.57999230412515,-15.069427433492393,32.00324260887422,16.330558086936335,-15.672684521937882
2012-11-02,37.56747726036514,1,42.71300491246447,70.12826384937841,27.415258936913943,34.74662146062184,21.436973937084446,-13.309647523537393,37.68077950905598,31.49474953370759,-6.18602997534839,47.66497306264937,63.36296577225391,15.697992709604534,35.68724434189561,24.812154142220578,-10.875090199675029,26.91224027550355,14.169756327545883,-12.742483947957666
2012-11-09,37.997054135259496,1,42.29951083558752,69.91605344399346,27.616542608405943,35.34264742220289,21.208488305767588,-14.134159116435299,37.59406811715819,30.54817613776028,-7.045891979397908,47.96152910608811,65.08195748785829,17.120428381770182,37.738118544000876,26.91798841766431,-10.820130126336565,27.046450786519372,14.309661018512998,-12.736789768006375
2012-11-16,34.86734294675933,1,39.1885569311177,59.54970903153118,20.361152100413477,28.04076546710705,14.71075718451101,-13.33000828259604,39.237726998040095,39.04591849963631,-0.19180849840378755,42.016030344850485,57.29513654839358,15.279106203543094,32.01858041958954,19.75442398061935,-12.26415643897019,28.702397519851104,18.84811243586455,-9.854285083986554
2012-11-23,37.190908979935074,1,39.608118964217155,65.78045753938706,26.172338575169903,30.73180325995095,14.62234268781998,-16.10946057213097,45.96046908808484,36.01245444244285,-9.94801464564199,44.82894417399032,60.814596385686656,15.985652211696333,34.378265073680964,23.050618809747007,-11.327646263933957,27.637853319686187,22.864984014526883,-4.772869305159304
2012-11-30,38.08716758967833,1,40.0375577554189,66.08639039764931,26.04883264223041,29.375178633459328,16.13051359269727,-13.244665040762058,51.845115634744715,47.47548741144412,-4.3696282233005945,45.40366678532859,61.09094562962384,15.68727884429525,33.48858571821815,25.026802016069183,-8.461783702148963,28.372901010900307,12.71286649058625,-15.660034520314056
2012-12-07,39.50042001090404,1,41.40643639910164,67.37556403422025,25.969127635118603,29.560331249355542,18.07258023403321,-11.487751015322331,55.52425117084435,47.81875127545996,-7.705499895384392,46.432049826997435,61.953018498204905,15.52096867120747,35.60222924788546,26.459882235676773,-9.142347012208688,28.477222171239774,15.322723787829133,-13.15449838341064
2012-12-14,38.146470991120744,1,40.92146059000197,66.88390352552379,25.96244293552182,25.99705591616234,19.64459478409003,-6.352461132072307,57.90314140653508,42.7892432143937,-15.113898192141377,46.148307879712235,62.98201288401194,16.833705004299702,31.48211008172092,21.21790409354095,-10.264205988179967,26.426750072591915,15.361167445164085,-11.06558262742783
2012-12-21,36.715874890190754,1,39.51835638700194,64.00247842710056,24.48412204009862,26.778091984034987,17.368559689311667,-9.40953229472332,54.94519236039486,37.01505691694938,-17.93013544344548,40.73069994337803,59.67876117186688,18.948061228488854,32.193605049443974,30.54801996919909,-1.645585080244885,26.129303616890752,11.682373166716957,-14.446930450173795
2012-12-28,37.01558616129143,1,40.161689419274445,61.44552447854003,21.283835059265584,26.1095808416555,15.371452307189472,-10.738128534466028,58.493779103355855,36.076941175135836,-22.41683792822002,39.99689065885566,64.40492257002415,24.408031911168493,31.88269450470621,33.11257435292008,1.2298798482138693,25.448882439900956,11.682102083939085,-13.76678035596187
2013-01-04,35.68731000487748,1,39.11122687470963,60.62824032776638,21.517013453056748,25.960622198170952,18.129974494851325,-7.830647703319627,55.50426728860431,36.64688895965648,-18.85737832894783,40.19653121052118,58.696753413301174,18.500222202779995,30.493637469246423,29.368685849129307,-1.1249516201171161,22.857574988012374,10.653316984560178,-12.204258003452196
2013-01-11,34.229219481734255,1,36.490914941605716,56.877551962355604,20.386637020749887,24.887663347849198,17.921907716721762,-6.965755631127436,54.618596262283546,34.58298090227299,-20.035615360010553,40.19320255442673,53.94307231005854,13.749869755631806,31.00381028917134,31.060020523874044,0.05621023470270359,18.181129495068973,10.989783475122508,-7.191346019946465
2013-01-18,34.231759375185504,1,36.10414489141556,56.06100713053246,19.9568622391169,25.149979504179115,17.411213665318854,-7.73876583886026,54.06149360100659,34.809535933481456,-19.251957667525133,39.54704053894697,54.13188234488888,14.584841805941906,32.04254199312922,31.884520302691172,-0.1580216904380478,18.485355722435557,11.092396874200205,-7.392958848235352
2013-01-25,33.56865930005066,1,34.89122045668816,55.61605463708831,20.72483418040015,22.437681652087562,15.654168274982851,-6.783513377104711,53.65262886875925,33.595261166016115,-20.057367702743136,39.33686613740749,53.769452091515085,14.432585954107594,32.13061265755907,31.959809580695847,-0.1708030768632227,18.962946027802445,10.817210050005727,-8.145735977796718
2013-02-01,33.937060940481096,1,35.892959115811976,57.24117324941889,21.348214133606916,23.5608959891496,15.75831961529154,-7.802576373858059,54.09169521188412,32.47446595213359,-21.61722925975053,37.42514630688998,51.35260186791894,13.927455561028964,34.78974911898575,35.16334527182843,0.3735961528426799,17.861919900165134,11.632459686295121,-6.229460213870013
2013-02-08,31.751582695213273,1,32.35186393619399,48.152008269574424,15.80014433338043,19.03360487036265,15.195666924870736,-3.837937945491916,52.937173764726396,26.52637520099549,-26.410798563730907,37.21024188363603,51.10834212384479,13.898100240208763,32.05027166242478,38.17944539190873,6.129173729483952,16.926340053935803,11.34765826008551,-5.5786817938502935
2013-02-22,32.588076359517224,1,34.87144012337434,46.59785588441693,11.726415761042588,16.94386601877177,13.768210974761772,-3.17565504401,53.37298351144166,27.165587289458443,-26.207396221983217,39.42108223827536,55.37280313728776,15.9517208990124,35.98780148677055,38.96885822359505,2.981056736824499,14.93128477846966,13.655142647583403,-1.2761421308862566
2013-03-01,31.759584711418494,1,35.30330981683129,48.273100488025136,12.969790671193849,17.140444987210913,13.243046941247243,-3.8973980459636692,52.10296032612616,25.88191253465802,-26.221047791468138,40.383139770913935,50.74457958163509,10.361439810721151,32.18014083489702,37.493262258224334,5.313121423327317,13.447512532531618,14.921606464721108,1.47409393218949
2013-03-08,33.01501285466636,1,42.29065750042302,50.395695614312956,8.105038113889933,18.853783881260625,13.352887308898588,-5.500896572362038,48.796114512312734,30.003734724223328,-18.792379788089406,40.559378112268085,44.86426739218121,4.304889279913127,33.67951192346467,40.72649000325187,7.046978079787195,13.910631198268973,18.74700208513015,4.836370886861175
2013-03-15,32.60687975244836,1,42.068775306262566,48.962151401570424,6.8933760953078576,18.480977882409135,12.441221626513851,-6.039756255895284,49.1486724706246,24.294460782581346,-24.85421168804325,38.842088695102284,45.685616013632135,6.843527318529851,33.38594609449807,44.56414227105154,11.17819617655347,13.714818065793494,19.693686419340864,5.9788683535473695
2013-03-22,31.858097330735465,1,44.256453942950664,48.62983394434722,4.373380001396555,21.34045034420039,13.280923954505056,-8.059526389695336,43.48667212074546,38.55598144383067,-4.930690676914793,34.075095513829424,25.256752253290642,-8.818343260538782,32.61800862731981,47.28982550882874,14.671816881508931,15.371903435367045,18.135266879610413,2.7633634442433674
2013-03-29,32.01369774351316,1,44.56978728177145,47.19634505845338,2.626557776681935,25.446649627998966,11.942064853260632,-13.504584774738333,41.87142121247175,39.929682691930005,-1.9417385205417474,31.13035829905482,20.032518606828518,-11.097839692226302,33.57901835905574,54.99915625656192,21.42013789750618,15.484951680726255,17.982418994044536,2.497467313318282
2013-04-05,32.52792725163678,1,43.29848053586887,48.17395758287201,4.8754770470031445,28.65366297429773,14.201700849663268,-14.451962124634463,42.601518446351285,40.940934654266236,-1.660583792085049,28.25528775654969,22.44359723735097,-5.81169051919872,35.849554175895804,49.651743750835635,13.802189574939831,16.5090596208573,19.755629434832542,3.246569813975242
2013-04-12,31.44951771443017,1,41.00668168504767,45.674656884607444,4.667975199559777,26.459499506301,14.795163110637517,-11.664336395663483,42.993737132576,41.99458053439287,-0.9991565981831343,27.657512466596046,22.538807126619517,-5.118705339976529,35.71275185123258,44.65153257084124,8.938780719608658,14.866923644827736,19.042366059482433,4.175442414654697
2013-04-19,30.945411314029105,1,42.002747226345726,45.40155728940898,3.3988100630632516,24.420996762550956,14.567072357489238,-9.853924405061719,43.21414699847617,41.2664236144939,-1.9477233839822645,27.227105414042086,20.90704000780663,-6.320065406235457,34.83993237842341,43.56884018909382,8.728907810670407,13.967539104336296,19.961534425882064,5.993995321545768
2013-04-26,29.79157707676795,1,38.52194929580188,43.551975605998145,5.030026310196263,24.185681760098106,16.608252992866213,-7.577428767231893,41.86815226623277,37.20603029669367,-4.6621219695391005,24.1879302139521,15.782661453616328,-8.405268760335773,34.1271320368501,43.73131542375181,9.60418338690171,15.858616887672724,21.86922668768156,6.010609800008837
2013-05-03,25.52159746706529,1,28.45668528658757,30.011926487535987,1.5552412009484158,19.794750769717865,18.942771596516636,-0.8519791732012294,31.242895149678446,34.173645769024645,2.930750619346199,24.81650267920486,18.876205668794555,-5.940297010410305,30.828347628300392,25.34009845825453,-5.4882491700458615,17.990403288902627,25.784936822265465,7.794533533362838
2013-05-10,26.811590410010652,1,25.350589951027914,37.25659070524232,11.906000754214404,22.7395065840375,21.657620530466076,-1.0818860535714236,38.85949906622165,31.922223375023258,-6.937275691198394,24.907488488285352,21.562859767709327,-3.3446287205760257,31.97454915361419,27.78931983407071,-4.185229319543481,17.037909216877296,20.680928247552202,3.643019030674907
2013-05-17,24.245877634369254,1,22.954166149351096,26.7574016306001,3.803235481249004,19.449535594630518,20.836667615215077,1.3871320205845592,33.00899754669126,32.81593727717322,-0.19306026951804256,22.56029654550086,20.850787379443545,-1.709509166057316,32.2806483487133,24.598354913305712,-7.682293435407587,15.221621621328495,19.616116990477906,4.394495369149411
2013-05-24,26.008509712453016,1,24.661234975371187,29.227715701446385,4.5664807260751985,21.306312047907383,21.756078711025964,0.4497666631185808,34.17900299803384,34.07390222405549,-0.10510077397835005,24.18687629140318,26.26583694521446,2.0789606538112793,33.45651347172878,23.912162029375267,-9.544351442353516,18.26111849027373,20.81536266360051,2.5542441733267793
2013-05-31,27.464523280612855,1,26.128122195810775,37.3946626899549,11.266540494144124,26.23993754057625,17.588908116720845,-8.651029423855405,39.294680431266706,38.277283241930355,-1.01739718933635,23.309075620918847,23.323587414284688,0.014511793365841186,33.63440706572307,29.42349797839975,-4.210909087323316,16.180916829381474,18.77920024238658,2.598283413005106
2013-06-07,28.57073839816789,1,29.578426728335117,36.741993686729785,7.163566958394668,17.531615214494153,14.13737603448844,-3.3942391800057123,43.83551047078667,41.30282173232486,-2.5326887384618146,28.40558487471789,28.600493165768754,0.19490829105086505,36.84290345282562,32.040263468120195,-4.802639984705422,15.2303896478479,18.60148230157533,3.3710926537274304
2013-06-14,39.134663931469255,1,45.531174829753205,51.786982047834265,6.25580721808106,37.69515915023103,13.13554409106748,-24.559615059163548,53.182888479328774,70.69529817725788,17.512409697929108,32.58435691185851,31.557717011401962,-1.0266399004565443,50.94054939673753,52.33239445723441,1.3918450604968768,14.873854820906516,15.300047804019556,0.4261929831130402
2013-06-21,39.999871821774036,1,48.890708587948524,51.790478610221655,2.899770022273131,30.860242042243172,9.153201283781698,-21.707040758461474,51.91969598700188,69.7183189755284,17.798622988526525,40.81501547966474,37.1616023302513,-3.6534131494134385,51.21731936217368,55.955348125793776,4.738028763620093,16.2962494716122,16.220281605067385,-0.07596786654481491
2013-06-28,43.45460529988883,1,53.948375842501534,62.071647704086786,8.123271861585252,33.25035798541265,8.10782371579252,-25.14253426962013,56.14974111845004,72.61706369908845,16.46732258063841,42.142916944262616,39.39987263843121,-2.743044305831404,54.990608200204974,62.48782797967368,7.497219779468708,20.24563170850118,16.043396062260385,-4.202235646240794
2013-07-05,39.73701700870003,1,53.917442946458344,44.819507135882766,-9.097935810575578,21.13205690131481,11.44890936998,-9.68314753133481,53.937613140326526,65.60635926823915,11.66874612791262,38.08831242918602,39.66694642424626,1.578633995060244,51.93865995973184,60.63172116688861,8.693061207156774,19.408016675182637,16.24865868696338,-3.1593579882192557
2013-07-12,41.02878232962606,1,54.50483781584107,50.64466158216793,-3.860176233673144,21.83394495167755,11.341040300246405,-10.492904651431147,55.765302813989024,66.86626770735806,11.100964893369039,43.11513450366702,41.40897647390668,-1.7061580297603456,53.91369676731789,61.690333843602744,7.776637076284857,17.039777125263754,14.22141407047451,-2.818363054789245
2013-07-19,40.309045850403656,1,54.97884782240856,47.60812133087976,-7.370726491528799,20.79708137752411,11.175703387956759,-9.62137798956735,53.849487523496954,69.02213262663861,15.172645103141654,42.50325217801443,40.15169988865136,-2.3515522893630703,54.22033903757379,58.75606566341131,4.535726625837526,15.50526716340407,15.140552204884088,-0.3647149585199827
2013-07-26,39.251895849705384,1,53.915087287817954,46.80625258584004,-7.108834701977912,16.851417892676864,12.092089351325015,-4.759328541351849,53.155697610995105,66.4830912951941,13.327393684198995,42.40592894125026,39.23086689461531,-3.175062046634949,52.78702865044917,56.10892832770094,3.321899677251764,16.396214715042944,14.790146643556909,-1.6060680714860354
2013-08-02,38.40415060485348,1,52.5742043698011,46.35176279133831,-6.222441578462792,15.871013469187176,11.474492081601227,-4.396521387585949,52.15796441272958,64.41369878685265,12.255734374123072,40.826633897765056,38.75135000098994,-2.075283896775119,52.445988200425624,53.35241436669845,0.9064261662728228,16.549099279212342,16.081185601640314,-0.46791367757202806
2013-08-16,37.64474251691586,1,51.150056914195865,48.46055800262763,-2.6894989115682364,10.579000696541144,14.477802216609604,3.89880152006846,50.39219925750309,64.06657815786153,13.674378900358441,38.756342698669954,37.98927881433842,-0.7670638843315345,51.95907442819796,46.3185359091731,-5.640538519024858,23.03178110638717,14.55570200088485,-8.476079105502322
2013-08-23,39.06165818769952,1,51.47311952876979,57.06566437451338,5.592544845743589,14.116260615758506,17.004507956386547,2.888247340628041,48.44922857120617,54.85937120647848,6.410142635272308,37.291848837429896,43.23959359817633,5.947744760746431,54.35760627212718,50.092747481625985,-4.264858790501194,28.681885300905563,12.108064509016401,-16.573820791889162
2013-08-30,43.53141218939939,1,50.3815626963176,83.74692829806554,33.36536560174794,22.206496217474836,19.801244878634648,-2.4052513388401877,59.11741494468036,40.88967873821369,-18.227736206466673,39.84863849676624,49.66024755004915,9.811609053282908,56.98619650829186,53.8936170594365,-3.0925794488553606,32.6481642728654,13.196756611996776,-19.451407660868625
2013-09-06,42.12809581860562,1,51.020089309753125,72.0737129620172,21.053623652264072,22.28091297683835,20.15895897604905,-2.1219540007893016,56.55334551402807,41.19271284706974,-15.360632666958324,40.22556130722522,45.34695829577548,5.121396988550259,55.17267783964228,57.91815801276096,2.745480173118679,27.515987964146632,16.07807381796124,-11.437914146185392
2013-09-13,40.99006473204574,1,47.518962600602585,73.72346083760479,26.204498237002205,25.459829805973683,20.402815838178498,-5.057013967795186,55.790544506390184,39.3428499564591,-16.447694549931086,36.140341405066124,41.58330368957496,5.4429622845088375,55.10280230351094,54.72302239426651,-0.3797799092444336,25.927907770730897,16.164935676190566,-9.76297209454033
2013-09-20,41.63667923396961,1,46.924537970344616,77.06270115476056,30.138163184415944,26.465307722428463,19.297336094582775,-7.167971627845688,56.62389572489332,42.780466496898306,-13.843429227995017,39.55136240992279,42.878111761602,3.3267493516792115,57.18967575644991,53.57451972141376,-3.6151560350361507,23.06529581977854,14.226940174560212,-8.838355645218329
2013-09-27,41.89505120714967,1,49.51709029777781,67.7104872637739,18.193396965996087,26.829386591977553,21.070527518018437,-5.7588590739591154,56.34403508537496,44.77175330748792,-11.572281777887042,39.981147658049345,42.12070551994277,2.1395578618934223,56.189894656346276,59.809470339893984,3.6195756835477084,22.508752953372095,15.887363293780979,-6.621389659591117
2013-10-04,42.767260572962336,1,50.606515337011245,67.97837390173999,17.37185856472874,26.637438767468268,21.974479417544487,-4.662959349923781,56.46991402503905,44.51233232470489,-11.95758170033416,44.05591305893579,46.81089289293072,2.7549798339949234,56.50514799595508,59.537285471532094,3.0321374755770165,22.328634253364555,15.79019942932186,-6.538434824042696
2013-10-11,41.64870378037087,1,49.1706868626273,63.51691926721576,14.346232404588463,25.76009971743595,25.57301315151821,-0.1870865659177383,55.451282136568395,40.344893083754116,-15.10638905281428,42.3977489717282,48.00440687444834,5.606657902720144,55.06189549075779,57.64559758929883,2.583702098541039,22.050509503107634,14.807392715989977,-7.243116787117657
2013-10-18,41.61961167186579,1,49.745246629933895,61.98845403592703,12.243207405993132,23.81791836866246,22.422000536559807,-1.3959178321026542,55.28185543543803,37.93988436910439,-17.34197106633364,42.60971619818432,46.92928550020252,4.319569302018195,56.686438102509,63.93815548684688,7.25171738433788,21.57649529646706,16.499890102554147,-5.076605193912911
2013-10-25,42.361078825968754,1,50.03460232521682,62.173812930046786,12.13921060482997,24.079372438728015,25.40952398367115,1.330151544943135,55.83190522825973,40.097618497598404,-15.734286730661324,42.99293274273293,45.68829197830699,2.6953592355740597,56.38338353994505,63.9247192183957,7.5413356784506504,24.844276680929994,16.872506347793518,-7.971770333136476
2013-11-01,42.09618672132753,1,47.017107882491004,58.158244320424274,11.14113643793327,24.386381737341154,26.225664662156262,1.8392829248151088,57.24085728915897,41.077132581565166,-16.1637247075938,42.211967104626794,44.399182983381934,2.18721587875514,55.60727545707286,64.84164063366154,9.234365176588682,26.113530857274384,17.875255146776,-8.238275710498385
2013-11-08,43.444548013599736,1,49.36434603778414,58.23854320564481,8.874197167860672,24.053837400376352,25.926356241796327,1.872518841419975,57.00971389120481,38.526809435429016,-18.482904455775795,46.282952787977294,52.484464042239836,6.201511254262542,56.8397110027175,66.68149004191088,9.841779039193376,27.116726961538305,18.80962511457753,-8.307101846960776
2013-11-15,42.10815991642557,1,47.5234860166692,52.203525625478456,4.680039608809253,22.68574973115402,24.262322572107095,1.5765728409530766,56.40724726117671,37.640421567347275,-18.766825693829432,43.77725756241273,53.204629052358754,9.427371489946026,55.927294872796516,67.42353214144782,11.496237268651306,26.327924054344237,17.914528539814,-8.413395514530237
2013-11-22,42.270747359131036,1,47.80250631258399,54.53127036326389,6.728764050679899,22.61157808264231,22.808842281520043,0.1972641988777326,53.77987387802302,39.84808330079718,-13.93179057722584,47.80336772677965,52.916831261912215,5.113463535132567,55.94586711271252,66.8339400076176,10.88807289490508,25.681291042044748,16.685516939675296,-8.995774102369452
2013-11-29,42.01386249785909,1,46.303588493355086,53.44225696518924,7.138668471834151,21.806838298618672,23.95813339709926,2.1512950984805883,53.726843788966846,33.33940466291806,-20.38743912604879,48.072329715122876,60.236656801681136,12.16432708655826,56.01490316565498,63.230916142708814,7.216012977053836,26.158671525436034,17.875807017558017,-8.282864507878017
2013-12-06,41.88733716832539,1,47.57496435146151,53.18711866312372,5.612154311662209,23.184485296383656,25.330981112070248,2.146495815686592,51.61594344047396,38.55867995040014,-13.057263490073822,46.96883822694941,62.367625373322305,15.398787146372896,56.51812215316228,57.22145301604513,0.7033308628828507,25.461669541521516,14.658164894990776,-10.80350464653074
2013-12-13,41.702260492077265,1,47.10430804672131,50.959760649898264,3.855452603176957,22.345096540696673,25.93113490663964,3.5860383659429687,52.987735732521735,41.06967392987702,-11.918061802644715,44.41324664303661,60.41938739294152,16.006140749904915,55.87376898963106,57.744746781346066,1.8709777917150063,27.489406999856172,14.088859291761025,-13.400547708095147
2013-12-20,42.07224771439087,1,45.51047478476197,52.17427212540606,6.663797340644095,24.538545002587966,27.31532578740314,2.7767807848151733,50.713809434889626,35.17384683605479,-15.539962598834833,44.81977310079814,57.42695382399942,12.607180723201282,54.60419951162746,60.88070730973522,6.276507798107758,32.24668445168005,19.462380403746593,-12.78430404793346
2013-12-27,43.096904258449,1,47.49868380503906,52.26563124159008,4.766947436551021,23.70842215578297,26.793518192505033,3.0850960367220637,52.9141766818951,34.63762975162612,-18.276546930268978,48.01220506410539,58.28641167497102,10.274206610865633,54.68325636853484,64.54072687882325,9.857470510288408,31.764681475336644,22.057507811178468,-9.707173664158177
2014-01-03,42.069899707259026,1,46.66729929126674,51.52105155410417,4.853752262837432,25.883284381635605,29.305784239528577,3.422499857892973,49.39242575556988,26.7407844707544,-22.651641284815483,45.96199005421081,58.55018742501752,12.58819737080671,50.790494810277465,60.24433114702826,9.453836336750797,33.72390395059364,26.05725940712125,-7.666644543472387
2014-01-10,40.98070839684225,1,47.44784759660635,53.13738243818551,5.68953484157916,22.14985062174712,26.045733720520246,3.895883098773126,49.68758147197674,23.72391761461661,-25.96366385736013,45.86963756640319,55.56801477793746,9.698377211534265,47.97475360177636,60.21779000886053,12.243036407084176,32.75457952254375,27.191411820933155,-5.563167701610595
2014-01-17,40.26971393283625,1,45.64187452702371,53.619578617408386,7.977704090384677,25.865617077962497,26.541688237370124,0.676071159407627,47.699003584966945,18.12080273775858,-29.578200847208365,43.99411059034192,53.407671491801906,9.413560901459988,47.227447986553486,58.90137822231965,11.673930235766164,31.190229830168903,31.02716429035877,-0.16306553981013394
2014-01-24,40.828721771857424,1,46.13388647284437,53.837051506983684,7.703165034139317,26.62305237821603,29.13113863109794,2.5080862528819097,47.315882023953634,18.70504108105935,-28.610840942894285,43.35750263582597,53.42692116690785,10.06941853108188,47.95708495851808,58.638254182267545,10.681169223749464,33.58492216178642,31.233924062828137,-2.3509980989582857
2014-01-31,41.91758606871326,1,46.558691595553384,56.96947869923174,10.41078710367836,28.62381695885803,30.541724769144437,1.9179078102864082,48.08414718633571,18.46108123889843,-29.623065947437283,45.229688833185,53.189756975066395,7.9600681418813934,47.609872483805674,59.19487983540557,11.585007351599899,35.39929935454178,33.14859489453299,-2.250704460008791
2014-02-07,41.554923178294935,1,46.690417073549085,56.333793386954454,9.64337631340537,28.806589393540435,29.83638045423507,1.0297910606946346,47.69822948254476,18.49811908398773,-29.20011039855703,42.43727538421108,53.9450057857639,11.50773040155282,46.121538850592756,55.131416184158965,9.009877333566209,37.57548888533151,35.584824174669464,-1.9906647106620454
2014-02-14,41.55710223434064,1,48.71698115878825,57.00046922092172,8.283488062133472,30.356032525942183,31.6190635857308,1.2630310597886165,47.354888185261366,19.968587285518716,-27.38630089974265,41.73525939094913,52.641062621107814,10.905803230158682,45.652754620399406,57.01521325159909,11.362458631199686,35.52669752470352,31.0982174411657,-4.428480083537821
2014-02-21,42.07581933538527,1,48.99143274854516,56.62013421549752,7.628701466952364,31.35782380245648,32.38624409338641,1.0284202909299296,47.58106506024309,20.37184771422173,-27.20921734602136,42.25089669942631,52.85996500629577,10.60906830686946,46.60390720874534,57.68991885114258,11.086011642397239,35.6697904928952,32.52680613176756,-3.1429843611276453
2014-02-28,41.58974258659545,1,48.48761811543619,56.12918904922556,7.641570933789367,35.47476686294763,34.52855308574691,-0.9462137772007253,46.620575706153595,23.182220879742736,-23.43835482641086,42.94555478903506,52.51943828975743,9.573883500722374,46.69886355591031,55.82155330193244,9.122689746022132,29.311076490089903,27.3575009131676,-1.9535755769223044
2014-03-07,44.27317538387198,1,50.05395488118223,55.76084911297141,5.706894231789178,37.81686558326379,33.847291808048396,-3.9695737752153946,53.00212458921085,26.02330673810492,-26.97881785110593,49.64953342190246,64.7792147325306,15.129681310628143,49.03336740616463,62.11733791278553,13.0839705066209,26.083206421507967,23.11105199879107,-2.9721544227168977
2014-03-14,44.11434788816234,1,49.13444898255265,55.38045435485143,6.246005372298782,38.46781495316195,33.618764906801076,-4.849050046360873,52.78973083105032,25.487266369680626,-27.302464461369695,49.39904201470567,65.62350261164939,16.224460596943715,49.1851441331538,60.75113966382868,11.565995530674883,25.709906414349632,23.824959422162834,-1.8849469921867978
2014-03-21,46.80722309886932,1,54.30263886137643,53.57231251778877,-0.730326343587663,43.05819908499849,37.94146669425031,-5.116732390748183,54.511401586855094,28.75689678002869,-25.754504806826404,52.22922039623323,68.23671378280719,16.007493386573955,49.96295134917327,66.89822608690488,16.935274737731618,26.77892731457942,25.437722731436097,-1.3412045831433232
2014-03-28,46.65859724917433,1,57.5849293511219,56.19111315435666,-1.3938161967652434,43.3688908010966,36.025766514738464,-7.343124286358133,54.7584862605026,29.35101617373291,-25.407470086769692,51.60166923329999,67.63633480041779,16.0346655671178,50.764655628979376,66.66774913384143,15.90309350486205,21.87295222004549,24.079603717958733,2.206651497913242
2014-04-04,47.13180809346441,1,57.09347414157439,58.670303306202,1.5768291646276111,43.49131314034245,33.91611379108331,-9.575199349259137,55.06452574356766,30.271212862033195,-24.79331288153446,52.20698562741602,70.65201222207035,18.445026594654337,51.049675528255,67.01646842539495,15.966792897139946,23.884874379630872,22.264737954002612,-1.6201364256282602
2014-04-11,47.62151108261778,1,57.98142622370835,56.59151275132343,-1.3899134723849187,44.87131019323594,35.41714518522116,-9.454165008014783,56.02058458771395,31.19597902222805,-24.824605565485896,52.96862734615922,69.65232762144748,16.683700275288267,51.484458618944615,69.36178913324788,17.877330514303267,22.4026595259446,23.510312782238685,1.1076532562940855
2014-04-18,47.41765680143747,1,59.449104641736135,52.570975223669784,-6.878129418066351,48.45916880943043,37.06924715606477,-11.389921653365661,56.20661219210436,33.59617242556554,-22.610439766538818,53.55959462685184,72.4034487427333,18.843854115881463,52.36350245790267,69.81318792524178,17.44968546733911,14.467958080599402,19.05290933534964,4.584951254750237
2014-04-25,48.937980210800106,1,61.35803511780119,60.400270237521475,-0.9577648802797114,47.91335058659749,33.59470026640648,-14.318650320191011,60.34299215920725,36.30341286767655,-24.0395792915307,55.56264408797905,76.52867402742336,20.96602993944431,53.77426323778491,76.28996493603674,22.51570169825183,14.676596075430737,10.510858929736045,-4.165737145694692
2014-05-02,49.344206704721906,1,61.22583219043763,61.93473833236513,0.7089061419274998,47.877267596979564,39.76456977578184,-8.112697821197727,59.48981547088236,34.92133548073849,-24.56847999014387,55.95013818024467,75.32512741886757,19.374989238622895,53.974075928478044,74.25372518193332,20.279649253455275,17.548110861309155,9.86574403864509,-7.682366822664065
2014-05-09,47.61367346102573,1,60.493758575181275,60.04919109430996,-0.4445674808713136,48.457120695613725,36.03026999178502,-12.426850703828705,57.58102947455258,33.90614650951488,-23.674882965037696,53.71847232632349,75.55721285489633,21.838740528572842,51.3306080891358,70.66792881990867,19.337320730772866,14.101051605347465,9.47129149573945,-4.629760109608014
2014-05-16,47.15638878275848,1,60.1111639279237,61.28780750907464,1.176643581150941,48.54737959555357,36.996206230283555,-11.551173365270017,56.41471161942087,33.42211525659013,-22.99259636283074,53.961202857384066,74.87602793742742,20.914825080043357,51.22523256010773,68.76798482775618,17.542752267648453,12.678642136160946,7.5881909354189645,-5.090451200741981
2014-05-23,47.56681358719669,1,58.91463484774725,61.279245550333044,2.364610702585793,52.2625852545342,47.41418735915242,-4.84839789538178,56.32036940694017,32.76046261876658,-23.559906788173592,54.219337810174245,69.25513401739065,15.0357962072164,51.07545115593586,68.07374136581353,16.998290209877673,12.608503047848416,6.618110611723907,-5.990392436124509
2014-05-30,45.3411621251175,1,54.96188199596528,61.68314937161579,6.721267375650513,48.67694593697395,54.90378388004967,6.226837943075722,54.33353553558954,27.646164700903277,-26.687370834686263,50.64729433768471,60.6285176676145,9.98122332992979,48.76831794327169,60.45507495555602,11.686757012284332,14.658997001219774,6.730282174965637,-7.9287148262541365
2014-06-06,43.73223929669808,1,53.473735310528824,62.34550231240502,8.871767001876194,47.14054531621264,53.211394728760325,6.0708494125476875,50.98193782714047,28.170843680684712,-22.81109414645576,48.225078914441774,58.383444839817564,10.15836592537579,46.51044384075367,51.921304337858764,5.410860497105091,16.061694571111133,8.360945880662115,-7.700748690449018
2014-06-13,44.06334044607575,1,49.99706353855784,59.970830485453035,9.973766946895196,44.688649459632614,51.11703550105631,6.428386041423693,48.53577625398943,35.096447407321314,-13.439328846668118,48.16367338483641,58.63004870943333,10.466375324596925,46.182800271333846,46.463313018269375,0.2805127469355284,26.81207976810434,13.10236755492113,-13.70971221318321
2014-06-20,45.3044213812856,1,51.80612806530822,62.23492164448303,10.428793579174808,46.996031580472234,51.72779611615445,4.731764535682217,51.03916683349692,35.37760631877691,-15.661560514720009,48.545870633822695,59.7309082224017,11.185037588579007,46.79761803182968,52.63920395114908,5.8415859193193995,26.641713142783843,10.116092034748448,-16.525621108035395
2014-06-27,45.10529013639843,1,52.52191121147928,59.05142976249209,6.5295185510128135,47.99366074734134,68.59137054700926,20.597709799667925,49.692354204265534,29.33796349424849,-20.354390710017043,49.34198852727869,57.44281003238193,8.10082150510324,45.350376876115,44.98796715109554,-0.3624097250194609,25.731449251910746,11.220199831163285,-14.511249420747461
2014-07-04,45.10851327957848,1,51.92648879528179,60.78821852943036,8.861729734148568,49.21821374767708,64.90725946835981,15.689045720682728,51.77144167046983,28.814492190510222,-22.956949479959604,44.24055084039414,58.48366277068322,14.243111930289075,47.09660775053491,47.35751738898747,0.26090963845256,26.397776873113145,10.299929329499804,-16.09784754361334
2014-07-11,44.87401023889444,1,48.277656674311444,54.66642113547964,6.3887644611681935,50.47524799922139,68.98938394948757,18.514135950266187,51.381066260201116,28.51652890693112,-22.864537353269995,44.75688716624304,57.96020326999794,13.2033161037549,47.635204875398294,48.97269058429722,1.3374857088989245,26.717998457991342,10.138833587173096,-16.579164870818246
2014-07-18,44.85921615023741,1,49.41477050800889,48.0182486578039,-1.3965218502049908,48.24400508986406,70.96521507281274,22.72120998294868,53.94396110035769,28.030707192619126,-25.913253907738564,44.37314109761912,62.16822506543685,17.79508396781773,47.39951961992654,50.34755350861974,2.948033888693203,25.779899485648173,9.625347404132128,-16.154552081516044
2014-07-25,45.4850435982465,1,49.067746586713255,45.070068828163485,-3.99767775854977,49.494340838430226,70.01849011660462,20.5241492781744,55.34887517379958,23.73832962543559,-31.610545548363987,45.107427839379966,65.82484827972691,20.71742044034694,51.15921535984327,58.240523968965746,7.081308609122473,22.732655791312652,10.018000770582603,-12.71465502073005
2014-08-08,37.086305852186584,1,35.8177723871308,36.34158579671711,0.5238134095863103,40.91945787732887,45.20825939339319,4.288801516064325,41.48105836356096,28.988670168334338,-12.492388195226624,37.70165444295111,44.938901830349764,7.237247387398654,37.789100991616905,34.508712476939195,-3.2803885146777105,28.808791050530857,32.53170544738593,3.7229143968550744
2014-08-15,33.15625907079496,1,30.121395800732472,29.421100823865316,-0.7002949768671556,36.672361492895746,31.26543978833321,-5.406921704562535,33.94198464703666,30.213697027165765,-3.7282876198708976,33.80273699576955,38.197327128816596,4.394590133047046,34.28810013090671,30.052755054467937,-4.235345076438776,30.1109753574286,39.78723460212089,9.67625924469229
2014-08-22,34.7717106357394,1,34.69783654153342,37.13993173843252,2.4420951968991034,36.81109916515548,33.59147276582502,-3.2196263993304655,38.43155418521574,26.611245301320857,-11.820308883894882,35.00949822840825,40.877930594649044,5.868432366240796,32.958794157431484,38.14315772464185,5.184363567210369,30.721481536692053,32.26652568956713,1.5450441528750787
2014-08-29,31.360310823680578,1,30.567331803086248,28.652041578233963,-1.915290224852285,34.44431080460657,21.958741470541767,-12.485569334064806,34.25376091248863,24.661870483090453,-9.591890429398177,31.52884301217088,43.26490721233051,11.736064200159632,27.988441789762177,33.41420073167541,5.42575894191323,29.37917661996896,36.210103466211365,6.830926846242406
2014-09-05,27.80216616635188,1,26.345558625894327,24.345299076093752,-2.0002595498005746,31.322024504211385,16.389993647001546,-14.932030857209838,29.195015965390127,25.420511841338453,-3.774504124051674,25.2710103645486,38.01973619253968,12.74872582799108,27.2680270871587,27.327331864369782,0.05930477721108218,27.41136045090815,35.3101243767681,7.898763925859953
2014-09-12,28.730486493266863,1,24.609333557367776,25.515523161421427,0.906189604053651,31.983718210093443,17.6498926146013,-14.333825595492144,34.95398269243137,20.987744272289675,-13.966238420141693,27.39586724207078,43.358473501274275,15.962606259203497,26.84238132109479,32.76853234946502,5.926151028370228,26.59763593654303,32.10275306054946,5.505117124006432
2014-09-19,27.913593438262538,1,23.412273931451878,25.95790269640004,2.5456287649481624,30.793781328558495,18.437533252909688,-12.356248075648807,33.423936445335485,21.329895654640026,-12.094040790695459,26.096510683668782,42.69904460370209,16.60253392003331,27.229157518118754,29.242991207860356,2.0138336897416025,26.525900722441833,29.814193214062996,3.2882924916211635
2014-09-26,27.513392578194424,1,21.65152349036879,23.278780467725838,1.6272569773570495,31.415123636018635,18.353271118086596,-13.061852517932039,34.47345469142779,21.57728957884534,-12.896165112582452,26.42622881602891,40.35044757882166,13.924218762792748,25.285363112815276,29.503850195221176,4.2184870824059,25.828661722507135,32.016716530465885,6.18805480795875
2014-10-03,29.009676783711267,1,25.212355267959666,28.240697589612466,3.0283423216528007,31.275774750091855,20.87101844671595,-10.404756303375905,36.39987016398522,21.21642102245263,-15.183449141532591,28.469240072988853,46.536390115637715,18.067150042648862,27.244564636513715,31.597759423085975,4.35319478657226,25.456255810728308,25.59577410476288,0.1395182940345734
2014-10-10,28.0742075990721,1,24.70709058788961,29.188759404796343,4.481668816906733,31.857461312465446,18.546659409160995,-13.310801903304451,34.63571579537803,22.92298757923797,-11.712728216140064,26.065245841389213,44.58651334183604,18.521267500446825,27.27785116156366,30.368722213728148,3.0908710521644878,23.90188089574663,22.8316036456731,-1.0702772500735307
2014-10-17,27.037939097289144,1,26.43665045844878,27.221206306208373,0.7845558477595915,29.32838590369154,18.303349101661794,-11.025036802029746,35.52503754206366,23.795042503507887,-11.72999503855577,27.638590212329177,44.02868328169225,16.390093069363076,23.866549595774714,29.038802416241623,5.172252820466909,19.43242087142697,19.84055097442291,0.40813010299594055
2014-10-24,26.927173998827783,1,21.700878219291596,29.596543502696193,7.895665283404597,30.495073179601988,13.09314967710607,-17.40192350249592,34.04885252511443,23.466560789874435,-10.582291735239991,28.67962948153152,42.667753321730885,13.988123840199364,24.214946071433246,30.640670232399046,6.4257241609658,22.42366451599392,22.09836646916004,-0.3252980468338791
2014-10-31,26.044455003939664,1,20.695414809205886,23.121129073709284,2.425714264503398,26.511134870562216,17.672085488676004,-8.839049381886213,35.555000800490504,21.93724855465021,-13.617752245840293,28.83025335062983,49.3191076077004,20.48885425707057,24.124579595707033,27.588426818314616,3.4638472226075834,20.55034659704249,16.62873248058746,-3.921614116455032
2014-11-07,26.146031898191683,1,21.180768023479516,23.93302701264706,2.7522589891675437,25.96746461808651,11.009360528362066,-14.958104089724443,36.69243470812402,22.268220134785757,-14.424214573338261,29.441094097370268,55.891246800710306,26.450152703340038,22.561401486667606,28.870763694826124,6.309362208158518,21.033028455422212,14.903573217818803,-6.129455237603409
2014-11-14,26.398437958310836,1,21.759001022432713,23.093626007908185,1.3346249854754717,25.29804317941013,9.507884202850548,-15.790158976559582,38.30014697618359,23.074647016842228,-15.225499959341363,30.114054025074125,54.806627092703636,24.69257306762951,22.337387972865912,29.963209306529762,7.6258213336638505,20.581994573898555,17.944634123030667,-2.637360450867888
2014-11-21,23.597909525803573,1,18.5020856406709,23.03951078740721,4.537425146736311,23.93190400446565,8.94699836722505,-14.984905637240601,41.6546202786821,16.504748802720542,-25.14987147596156,22.27886231227204,50.00236049973596,27.723498187463917,17.243691008374782,26.35468773621804,9.110996727843258,17.97629391035595,16.739150961514596,-1.2371429488413526
2014-11-28,24.31798978226398,1,22.407389742390492,26.202075828507148,3.7946860861166556,27.952155412452257,8.583310559419786,-19.36884485303247,38.984452363126096,13.982372944415431,-25.002079418710665,22.660339673169062,45.51429514973289,22.853955476563826,18.20993719776733,32.42617833871242,14.216241140945087,15.693664304678634,19.1997058727962,3.506041568117567
2014-12-05,22.487883967943386,1,22.286583830379,24.537964365621136,2.2513805352421343,17.81744107513694,14.276754245785497,-3.5406868293514435,37.11612065393905,13.027511524113578,-24.08860912982547,21.774690464082838,38.78741077909612,17.012720315013283,20.229112646216237,23.909404091808284,3.6802914455920472,15.703355137906243,20.388258801235622,4.684903663329379
2014-12-12,22.770313828085516,1,27.364613445551583,20.082034132536634,-7.282579313014949,15.683385408200778,16.505456252167406,0.8220708439666282,38.39080403752617,16.753315559309534,-21.63748847821664,19.88389422092621,36.546612428055894,16.662718207129686,21.16409521837616,27.36644133104315,6.202346112666987,14.135090637932194,19.368023265400453,5.232932627468259
2014-12-19,31.950816202600688,1,38.905241792035305,12.929005119254533,-25.97623667278077,13.676655248415074,25.285123388124376,11.608468139709302,54.65869115776884,29.433245446513197,-25.225445711255645,31.21280628200546,40.5304661323506,9.317659850345137,33.683600989351845,54.785020000230205,21.10141901087836,19.567901746027587,28.74203712913119,9.174135383103604
2014-12-26,26.261534721182812,1,21.009813790160962,22.695455280547705,1.6856414903867432,18.162970320809777,12.704594257114039,-5.458376063695738,34.1585877567457,33.783780355985144,-0.3748074007605595,30.199631106336085,26.532279986822942,-3.6673511195131425,34.64327513719451,45.76998038737362,11.126705250179114,19.394930215849854,16.083118059253422,-3.3118121565964316
2015-01-02,26.255541677275204,1,19.096864287406092,17.053043682855574,-2.0438206045505183,17.229068072106244,12.128583245739307,-5.100484826366937,30.53559272580368,37.47671227885371,6.941119553050029,36.20100526837477,36.59497594612918,0.3939706777544103,35.15031002214916,37.40666095275593,2.2563509306067715,19.32040968781125,16.873273957317465,-2.447135730493784
2015-01-09,28.02212853674729,1,18.439608694088378,16.026580655509065,-2.413028038579313,21.241612316129945,17.33779880072467,-3.9038135154052753,34.59775715679827,38.89363999066002,4.295882833861754,37.28064640224829,37.274724027081014,-0.0059223751672732305,35.27082980859146,41.71343591485645,6.442606106264989,21.302316842627405,16.886591831652524,-4.415725010974882
2015-01-16,28.698057243091323,1,14.86066065965663,15.18814086175935,0.3274802021027199,18.811452039796364,15.836346544017417,-2.975105495778948,34.48528210076773,37.47734677438099,2.992064673613257,36.57375217136636,32.599297160778754,-3.9744550105876044,38.3932428330615,44.65007053775643,6.256827704694928,29.06395365389936,26.437141579854966,-2.6268120740443948
2015-01-23,30.507303814298734,1,15.966890182016272,14.578328429960663,-1.3885617520556082,22.850283063293375,19.884456776838647,-2.9658262864547282,33.28904874314178,32.65321323091547,-0.6358355122263077,39.019568153522,37.77839416093205,-1.2411739925899496,40.79121933815896,48.53648777962126,7.745268441462301,31.126813405660002,29.61294250752431,-1.5138708981356928
2015-01-30,30.523270882637423,1,16.1230765244039,11.677692284295532,-4.445384240108368,24.400846230789284,20.896434434751114,-3.5044117960381698,31.407302770232448,29.494992773377618,-1.9123099968548303,38.911894150444716,41.07519995088828,2.163305800443567,40.6817779237739,48.20053795287871,7.518760029104811,31.614727696180296,31.794767899633314,0.18004020345301797
2015-02-06,30.733432510385352,1,14.318543764062099,11.290866802647699,-3.0276769614144,27.130424231797406,25.13847950837514,-1.9919447234222645,30.677766074919347,27.658027857368324,-3.019738217551023,39.148315226151155,40.71458950883364,1.5662742826824854,40.94908247959158,48.07799487101134,7.12891239141976,32.17646328579052,31.520636514075946,-0.6558267717145725
2015-02-13,30.894927718083192,1,14.25218812311789,11.466273297953194,-2.7859148251646957,28.06129677828531,25.615282761969198,-2.446014016316113,30.47953908830874,27.378258241113812,-3.1012808471949285,39.112902141624346,41.90064607169951,2.787743930075166,41.057537690516924,48.05882044150083,7.001282750983904,32.406102486645906,30.950285494262616,-1.4558169923832907
2015-02-27,29.7248145554058,1,13.192504655295878,11.50657632761775,-1.685928327678127,26.64472452097249,25.661188624096155,-0.983535896876333,29.34278466623951,24.874077127327737,-4.468707538911772,37.37901018072609,39.71651131248715,2.3375011317610586,40.8544958868678,46.90524371625232,6.05074782938452,30.93536742233303,29.685290224653727,-1.2500771976793033
2015-03-06,28.00581349234409,1,8.820959686430712,9.870046133055013,1.049086446624301,27.558092869235495,26.34132130296348,-1.2167715662720155,27.68248786578512,21.72921791976465,-5.95326994602047,35.2901406477106,36.84173757934656,1.551596931635956,38.627835166152224,45.656667185786745,7.028832019634521,30.05536471875037,27.595890833148076,-2.459473885602293
2015-03-13,27.74731989763306,1,6.85227440851186,9.369539313442417,2.517264904930556,28.17114405822879,26.624384955836277,-1.5467591023925138,27.508644242252572,20.839264935633153,-6.669379306619419,34.38032325612453,35.151876633963326,0.7715533778387993,38.16363122911884,44.939878262508934,6.776247033390092,31.407902191561746,29.55897528441426,-1.8489269071474865
2015-03-20,27.94198805236022,1,9.533237498549852,9.789309188515148,0.25607168996529595,28.203493453443002,26.095813513224,-2.1076799402190005,27.134754099827973,22.447697036151197,-4.687057063676775,34.654273416620825,33.542612390137265,-1.11166102648356,37.794050583228355,45.259014025810586,7.464963442582231,30.332119262491318,30.51748216032314,0.1853628978318227
2015-03-27,26.10131345063172,1,8.357941349224077,6.259458624790085,-2.0984827244339925,29.1077500664326,26.36797860495861,-2.7397714614739925,20.268834937087192,16.637330721587276,-3.631504215499916,33.15446821335948,33.830094629790636,0.6756264164311574,37.41666234966651,45.52470408583929,8.10804173617278,28.30222378802044,27.98831403682442,-0.3139097511960216
2015-04-03,25.157986134110086,1,8.918834244936889,7.5577613053894765,-1.3610729395474124,26.64470996925894,26.13314567299375,-0.5115642962651918,19.2045163206393,14.246086524272442,-4.9584297963668575,32.120144434761926,34.76186702624962,2.6417225914876923,36.840932035887064,41.66701482312405,4.8260827872369845,27.218779799176374,26.58204145263116,-0.636738346545215
2015-04-10,28.262799505544205,1,12.488769379577604,9.180603031114472,-3.308166348463132,32.52901730178151,31.394184334418085,-1.1348329673634225,19.919572473365847,15.030109512877047,-4.8894629604888,37.49446233473616,41.6929520656114,4.198489730875238,39.53962563648775,43.9054283907386,4.365802754250851,27.605349907316352,28.373519698505604,0.7681697911892513
2015-04-17,28.294307329447822,1,15.38325441577554,12.059081829525866,-3.3241725862496736,31.227199132824595,31.363844752424953,0.13664561960035826,19.903419092515193,14.25236700295801,-5.651052089557183,35.973155239462585,40.82423272916628,4.851077489703698,39.263014545061104,44.22928823712561,4.9662736920645045,28.01580155104793,27.03702942548624,-0.9787721255616901
2015-04-24,27.55315664980833,1,13.740988003424931,11.316576286978062,-2.424411716446869,30.496343383037,30.015523002271564,-0.48082038076543654,19.874789644460876,14.278313372403474,-5.5964762720574015,35.75668419058235,42.115727186561756,6.359042995979408,38.33875467959249,41.29068107563828,2.951926396045792,27.111379997752337,26.30211897499683,-0.809261022755507
2015-05-01,27.710553526407523,1,18.878327109353563,17.15308010368487,-1.7252470056686917,32.25362968569213,36.18287332356202,3.929243637869888,22.548165012506985,17.594345639222027,-4.953819373284958,35.92168356390512,41.407039276558706,5.485355712653586,38.27941054855473,41.424895543343574,3.145484994788845,18.382105238432615,12.501087272074002,-5.881017966358613
2015-05-08,26.874696443163813,1,19.042784418649973,14.998173711471637,-4.044610707178336,29.793423012122616,36.500434829561755,6.707011817439138,20.004412263558308,17.45433621528514,-2.5500760482731692,35.23989556632327,40.57537694443654,5.335481378113272,36.90920396722273,39.493865377942065,2.5846614107193346,20.25845943110599,12.22599158028575,-8.03246785082024
2015-05-15,27.654734584990205,1,21.648425549256615,15.093361604780426,-6.5550639444761885,30.025574821096342,37.17770320472536,7.1521283836290195,19.875613553794437,17.498463073876593,-2.3771504799178445,37.64787972684856,44.637786762798285,6.989907035949727,36.89092471665505,38.37719314780624,1.4862684311511885,19.83998914229022,13.143899715954305,-6.6960894263359165
2015-05-22,27.132886992400415,1,21.36985228588445,14.62484262324034,-6.745009662644108,28.908851080838133,37.11014907573801,8.201297994899875,20.539274018144283,17.189109445639147,-3.350164572505136,36.506275862681264,40.612163056253195,4.105887193571931,36.917544557479786,39.468776212023684,2.5512316545438978,18.55552414937459,13.792281541508117,-4.763242607866474
2015-05-29,28.325724311349614,1,21.716567010382022,15.077852340876802,-6.6387146695052195,29.788022616429217,39.02968681695927,9.241664200530053,24.407526879129847,19.138231955500657,-5.2692949236291895,38.42799391389596,41.566508543352114,3.1385146294561537,38.18067325036309,41.02927345601727,2.8486002056541793,17.43356219789753,14.112792755391553,-3.320769442505977
2015-06-05,27.574999736053048,1,22.047123769490952,15.406098678360536,-6.641025091130416,29.25213334229136,35.999360835107055,6.747227492815696,22.258501563302545,19.197619308330943,-3.0608822549716024,36.877235560323086,39.06774540314785,2.190509842824767,36.17121273884961,40.24207468274755,4.070861943897938,18.84379144206075,15.537099508624365,-3.306691933436383
2015-06-12,27.904964739127497,1,23.729360597707725,16.222234110016643,-7.507126487691082,27.94775408854143,35.05784801704796,7.110093928506529,23.27393573034442,22.65877684553182,-0.6151588848126011,36.92823337212192,38.839340835188224,1.9111074630663012,36.616507720586476,39.07994133891203,2.4634336183255527,18.93399692546302,15.571647288068377,-3.3623496373946438
2015-06-19,29.69825868321725,1,26.445153899533352,16.519166197983722,-9.92598770154963,28.423958820437406,36.26266651427085,7.838707693833442,25.767819670000407,27.272634824699324,1.5048151546989175,37.512312985290414,38.03283955454723,0.5205265692568162,40.12548255275853,44.4965192644607,4.371036711702175,19.914824171283385,15.605725743341665,-4.30909842794172
2015-06-26,29.205879697591744,1,26.10446232179396,17.558107809223273,-8.546354512570687,28.92865330764046,31.937082366254074,3.008429058613615,25.747717833517868,27.3918193168832,1.6441014833653327,37.461016348458045,38.9861319010797,1.5251155526216564,37.77959314793085,43.688788591283924,5.90919544335307,19.213835226209284,15.673348200826283,-3.540487025383001
2015-07-03,30.65101603506461,1,27.664814584783244,20.968875958711834,-6.69593862607141,31.869891743567337,32.66510340897376,0.795211665406427,26.285078616490267,28.32900473888408,2.043926122393813,38.715120475510844,43.60091181387466,4.885791338363816,36.7924933930075,40.992436129110125,4.199942736102628,22.57869739702845,17.349764160833175,-5.2289332361952745
2015-07-10,31.59504255996902,1,28.702206991270685,24.866337988229702,-3.835869003040983,35.988928010469365,35.57243606482453,-0.41649194564483594,28.36226059816228,29.818925417151817,1.4566648189895375,41.53003206316321,44.508311928816305,2.978279865653093,33.341855957872596,36.784721927365624,3.4428659694930275,21.644971738875967,18.01952203342617,-3.625449705449796
2015-07-17,30.797434583404392,1,29.513434918310224,28.345721248400253,-1.167713669909972,32.949916080336465,29.689534487495408,-3.260381592841057,28.371734492107265,29.700793686073396,1.3290591939661311,40.66073101908563,44.711458354796335,4.050727335710704,32.01017943586844,37.80443059261617,5.794251156747734,21.27861155471831,14.53266913104477,-6.74594242367354
2015-07-24,30.442915994662666,1,29.929620687779234,30.17595598326804,0.24633529548880517,31.07474317865642,31.37124109294011,0.296497914283691,28.28144041773237,28.43706745836478,0.15562704063241029,40.2271799092794,41.39694499679129,1.169765087511891,32.49498193327506,34.103419871314316,1.608437938039259,20.64952984125351,17.17286656529744,-3.4766632759560707
2015-07-31,29.449277443461558,1,31.03290048765976,29.981427851335653,-1.0514726363241067,26.85056643900778,29.193722450919807,2.343156011912029,30.8360598473582,29.912519157941375,-0.923540689416825,36.81586774665894,40.30033269674121,3.4844649500822698,31.764289388623467,31.288484923505308,-0.4758044651181592,19.39598075146118,16.019177580325945,-3.3768031711352364
2015-08-07,29.532731656741017,1,30.536848879695427,29.2826211607928,-1.2542277189026265,27.72357991312394,31.365946155613116,3.6423662424891745,31.270870174035096,32.33621769183701,1.0653475178019107,37.09950709978299,41.71727205964573,4.61776495986274,30.584447355835238,26.657914489055003,-3.926532866780235,19.981136517973397,15.83641838350242,-4.144718134470978
2015-08-14,30.450381710523363,1,33.00244470441221,32.44486643190115,-0.5575782725110656,28.640870747518093,36.978181787271836,8.337311039753743,26.196948776758234,25.414576190435255,-0.7823725863229782,40.80383044972745,47.754395722590125,6.950565272862676,30.862186100814824,23.138166696207847,-7.7240194046069774,23.196009483909364,16.972103434733953,-6.223906049175412
2015-08-21,31.618090439708855,1,34.38171894891535,35.63612646775093,1.2544075188355777,24.89410969048005,38.90679807697212,14.012688386492073,25.895584647839826,25.159985863191096,-0.7355987846487295,45.59072262965358,47.110097583954946,1.5193749543013695,33.66087799357939,25.50305298725887,-8.157825006320522,25.285528727784936,17.392481659125153,-7.893047068659783
2015-08-28,46.522031883109754,1,45.361755446070205,53.5299420622962,8.168186616225995,42.838966334082876,57.75334570409958,14.914379370016704,43.741432421167644,32.445627583378936,-11.295804837788708,58.01721866931442,61.30202942056022,3.2848107512458,47.096610811852656,36.79470618475166,-10.301904627100996,42.07620761617073,37.30654034357196,-4.769667272598767
2015-09-04,45.38275778833428,1,45.0752364573756,53.41981046583688,8.34457400846128,43.135375811036795,50.52295228205722,7.387576471020424,42.572495077167645,31.808542763525793,-10.763952313641852,58.02314191038659,61.70019762571574,3.6770557153291463,42.62925821503152,37.11274898519218,-5.516509229839343,40.86103925900755,37.73229460767788,-3.1287446513296686
2015-09-11,45.87402647755035,1,45.263334682759144,53.50721833313941,8.243883650380269,44.22527361979961,51.47672234769,7.251448727890391,42.01458208746998,31.62787470449991,-10.386707382970073,58.15870998536772,61.14337435899614,2.9846643736284193,43.33213633730065,37.63195033540721,-5.700186001893442,42.25012215260498,39.857018785569416,-2.3931033670355646
2015-09-18,45.40397147136122,1,45.857170212559666,54.61707029048742,8.759900077927753,45.327704715495784,51.433749844845465,6.106045129349681,43.206492378100215,32.038855370657124,-11.16763700744309,58.27889775393799,61.03928639047543,2.760388636537442,42.82866985669922,37.86063661039516,-4.96803324630406,36.92489391137437,35.434230321306686,-1.4906635900676832
2015-09-25,45.7085435186576,1,48.16477125671565,54.64262369494291,6.477852438227259,44.56635041732003,53.76491558451995,9.198565167199916,44.54321057326458,34.62649445191284,-9.91671612135174,58.854625146461395,61.97234227316854,3.1177171267071486,43.68416400076167,37.905533442455976,-5.778630558305693,34.4381397174223,31.33935166494541,-3.098788052476891
2015-10-02,45.8838783400989,1,48.73534773502149,54.96118922618406,6.225841491162569,44.488332776232056,53.36530878162745,8.876976005395392,45.135365158172846,34.941045503818614,-10.194319654354231,58.8405239295927,63.45305408153914,4.612530151946444,43.793373546836975,37.94543115503819,-5.847942391798782,34.310326894737315,30.637241292385937,-3.673085602351378
2015-10-09,48.97551546446718,1,50.67375317020733,65.11654274644252,14.442789576235192,49.15151979388662,57.25097158991339,8.09945179602677,48.190983616057395,34.83328891283956,-13.357694703217831,61.64267434060983,68.19439778130146,6.551723440691632,47.0625437482729,38.28088009996708,-8.781663648305823,37.131618117768994,30.17701165633909,-6.954606461429904
2015-10-16,48.454588187906346,1,50.86272086113263,59.61089666502792,8.748175803895293,46.580156914880476,57.75609450205984,11.175937587179362,47.6015244693362,35.427099929331376,-12.174424540004821,61.740410431950146,64.80335748831095,3.062947056360805,47.49107631896009,39.176563246861086,-8.314513072099004,36.45164013117848,33.95351729584688,-2.4981228353316
2015-10-23,48.46029827012944,1,52.29453120618013,62.00749670805504,9.712965501874905,46.621107255466164,57.32254766544465,10.701440409978488,48.23837388585426,35.78797324480816,-12.450400641046102,61.70824452160486,65.6550651346179,3.9468206130130383,46.584217984076815,36.53762009905063,-10.046597885026188,35.315314767594415,33.451086768800266,-1.8642279987941492
2015-10-30,46.7858510440499,1,52.118177553474,65.80548565231416,13.687308098840163,45.66870886762339,56.72215227481481,11.053443407191423,45.95321325338488,34.83178517423388,-11.121428079151002,60.73623221900366,62.95764816975096,2.2214159507473,45.22412401314308,34.08597290473551,-11.13815110840757,31.014650357670376,26.312062088450062,-4.702588269220314
2015-11-06,46.520630380471154,1,52.37170714384088,66.85442443033241,14.482717286491535,45.03288583747901,54.56942479327038,9.536538955791372,45.662009278146066,34.58959308458942,-11.072416193556649,61.20426226810226,65.05197061297949,3.8477083448772262,43.903980084984994,33.15154419544298,-10.752435889542014,30.94893767027375,24.906825166212272,-6.042112504061478
2015-11-13,45.40036811950532,1,49.721454942417566,66.0276752834109,16.306220340993335,44.985726310170314,54.04530370290431,9.059577392733999,44.640554469378024,30.074454219886128,-14.566100249491896,59.52852132846064,63.30433861722156,3.775817288760919,42.34275317703374,32.939739042741834,-9.403014134291908,31.18319848957168,26.010697850867246,-5.1725006387044346
2015-11-20,47.80814006385734,1,49.807144866301286,67.88578186335131,18.078636997050026,51.64761608168687,59.61723394316983,7.969617861482959,45.52921699406237,30.819752764732854,-14.709464229329512,60.34647520428996,64.92368153055457,4.577206326264616,47.19024095708879,37.23664242578772,-9.953598531301068,32.32814627971476,26.36574785554771,-5.9623984241670485
2015-11-27,48.88932915034814,1,51.208589413673074,64.05807405010745,12.849484636434376,51.02335129406051,63.32376820789562,12.300416913835107,44.19254685676383,31.236032411883365,-12.956514444880469,62.12796672200183,65.42118635738005,3.2932196353782217,49.85064642046832,42.597660642798715,-7.252985777669608,34.93287419512126,26.699253232023608,-8.23362096309765
2015-12-04,45.05889398708831,1,48.082736259760566,63.53776487715831,15.455028617397744,46.03322261355156,60.98177223259826,14.948549619046702,44.52680311887881,30.45495878514152,-14.071844333737289,58.375286108112945,62.56419374814844,4.188907640035495,41.01183906670596,31.479229723534658,-9.532609343171302,32.32347675552003,21.335444555948698,-10.988032199571336
2015-12-11,46.30551812749255,1,49.88359441868088,68.90908233936057,19.025487920679687,47.58179589908406,60.72948949121103,13.14769359212697,47.9540693437334,35.93194561955503,-12.022123724178371,59.89550332760038,65.64386680716441,5.748363479564034,41.78040465031001,28.744877906414693,-13.035526743895318,30.737741125546577,17.873846601249525,-12.863894524297052
2015-12-18,46.44291493910287,1,52.34536386219996,68.858291880602,16.512928018402036,45.91635113789969,62.935003390421095,17.018652252521406,48.04138518134096,31.04860331040004,-16.992781870940917,59.02190427167298,66.51194560190527,7.4900413302322875,42.768120796763384,30.037601281945456,-12.730519514817928,30.564364384740244,19.266044169343417,-11.298320215396828
2015-12-25,46.40977906700484,1,53.46648381286079,71.14930633899381,17.682822526133023,45.84604264030217,62.41634359130326,16.570300951001087,48.280793524383725,29.890834716846612,-18.389958807537113,58.762128533249076,66.59430480046498,7.832176267215907,42.401794758118086,30.54496455728463,-11.856830200833457,29.70143113311518,17.862920397135753,-11.838510735979426
2016-01-01,46.00911744713542,1,53.404505124831914,71.22453095930035,17.82002583446844,43.495644402153864,60.53057224036613,17.03492783821227,48.539722802856815,30.253801565562526,-18.28592123729429,59.480565448277034,65.66850754473629,6.187942096459253,42.720534066548815,30.038140248730336,-12.682393817818479,28.41373283814397,18.33915212411675,-10.07458071402722
2016-01-08,45.02136612457296,1,49.37722984334237,66.52792271174624,17.150692868403873,40.52377799832285,58.937340317962374,18.413562319639524,48.4755409016869,35.04582566936939,-13.429715232317506,60.85572525378093,61.59445263594564,0.7387273821647113,41.775264961463535,28.60249926654103,-13.172765694922504,29.120657788841157,19.420156145873094,-9.700501642968064
2016-01-15,43.66965774752845,1,47.35865985852372,63.0221757098151,15.663515851291379,34.70107533354388,56.99828606814471,22.297210734600824,49.24139697745143,35.48017934125055,-13.761217636200882,61.599854649443216,59.579712363310776,-2.0201422861324403,42.16798479602845,30.365501332564747,-11.802483463463702,26.948974870179967,16.572091670084788,-10.376883200095179
2016-01-22,44.10752977321482,1,47.23206089132445,60.082071731076,12.850010839751548,34.750334902574025,54.26509690910913,19.514762006535108,49.4013729372559,36.873968457714085,-12.527404479541815,61.21841055711587,63.56363566092727,2.3452251038114014,43.18745794486202,31.59405112025665,-11.593406824605367,28.855541406156675,18.266354760205758,-10.589186645950917
2016-01-29,45.51639039161473,1,48.638978999825376,56.45399754712134,7.8150185472959635,39.4635466516861,57.42107049017862,17.95752383849252,50.51517841277208,37.415507581870564,-13.099670830901516,61.51121091703914,67.32084699747676,5.80963608043762,43.92915754206788,31.558697075349848,-12.37046046671803,29.040269826297788,22.928222657691194,-6.112047168606594
2016-02-05,45.07017724256726,1,49.56914429673618,54.21985463828664,4.6507103415504645,37.78486359326062,57.26869890190647,19.48383530864585,50.78442231613566,38.785806732498116,-11.998615583637545,61.32820790057349,66.96125946786022,5.633051567286728,42.86204853418011,30.712483886660102,-12.149564647520009,28.09237681451748,22.472959828191946,-5.6194169863255325
2016-02-19,44.65346636342457,1,49.059403082706595,53.022434580585625,3.9630314978790295,37.629219368023335,57.301815075757496,19.67259570773416,49.36658560026991,38.91539410954689,-10.45119149072302,60.68966234963037,65.3910128035748,4.701350453944428,43.30341484390513,30.770516937215334,-12.532897906689797,27.872512936012072,22.519624673867312,-5.352888262144759
2016-02-26,44.4100810072867,1,48.56778217182685,52.65197032547073,4.084188153643879,37.51857410272856,56.42719303357763,18.908618930849073,48.19269440683672,40.12613417018834,-8.066560236648385,59.533811201537645,61.48295307420858,1.9491418726709355,44.448838188427196,33.08645500750713,-11.362383180920062,28.19878597236324,22.685780432767828,-5.513005539595412
2016-03-04,44.087752334069684,1,48.09021452150194,52.799752441209925,4.709537919707984,38.81790868377176,54.775853772977825,15.957945089206063,48.58067835566147,40.17758521467861,-8.403093140982861,58.671761635348034,63.168136935476014,4.49637530012798,45.04342273381706,34.286816641979804,-10.756606091837256,25.322528074317844,19.318368998095934,-6.00415907622191
2016-03-11,44.59236520351098,1,48.15400802410159,51.68362068114299,3.5296126570413975,36.99790842751379,55.97412040830156,18.976211980787767,47.74463871201068,37.906744245453766,-9.837894466556918,59.10933470346912,61.71148261464683,2.6021479111777097,47.895636730552674,37.43635576315854,-10.459280967394136,27.652664623418005,22.841867508362157,-4.810797115055848
2016-03-18,44.09876831189795,1,46.28289162802077,50.46659377724587,4.183702149225098,35.846018487899485,52.60854238107417,16.762523893174688,45.73066020066057,39.956298761610036,-5.774361439050537,59.71367664175078,56.12152376135846,-3.5921528803923195,48.87934695488618,40.724994374365345,-8.154352580520836,28.140015958169954,24.714656815733917,-3.4253591424360366
2016-03-25,40.65292011354688,1,41.496668307460894,43.05662970020707,1.5599613927461746,33.153473440737,46.1332489724153,12.9797755316783,41.605841442064275,42.37761074370269,0.7717693016384146,57.03463715749205,48.455366504794675,-8.579270652697375,43.45867413460981,35.753319991143414,-7.705354143466394,27.168226198917267,28.141344769018133,0.9731185701008656
2016-04-01,41.803734427461656,1,42.18752029758515,40.60345197806578,-1.5840683195193748,34.767412268931636,43.02759808793647,8.260185819004832,45.739267584351815,48.577132788006246,2.837865203654431,56.89843108438406,50.18220167593975,-6.716229408444306,44.85650041565256,38.88248511536422,-5.974015300288343,26.37327491386469,29.549536919457438,3.176262005592747
2016-04-08,40.66668905102308,1,41.78819187818688,41.750126803568875,-0.03806507461800379,33.83397829126527,43.401113859917956,9.567135568652688,45.64409523943185,46.124514607697336,0.4804193682654869,55.733481464829026,49.080294477942104,-6.653186986886922,41.914535473343356,35.27183790306254,-6.642697570280816,25.085851959082063,28.372246653949603,3.286394694867539
2016-04-15,41.63413011307478,1,42.9505636375231,44.906292259422926,1.9557286218998229,35.09184730747302,44.63529074279354,9.543443435320526,45.81626067295379,42.98719871990234,-2.8290619530514505,51.30247432034971,42.538494862347925,-8.763979458001785,41.91358511598953,35.58095655297043,-6.3326285630190995,32.73004962415956,39.156547541011534,6.426497916851972
2016-04-22,41.3472021006556,1,42.38257752692702,46.01886732822119,3.6362898012941685,31.43730504681686,44.44885639402398,13.011551347207117,47.23514746548122,42.91064311568634,-4.3245043497948785,51.915319945026624,40.11315185457386,-11.802168090452767,41.1167326037405,33.549196357109565,-7.567536246630937,33.99613001594139,41.0424975543187,7.046367538377311
2016-04-29,39.50107390856541,1,40.23975720465717,43.57541730528939,3.335660100632225,29.40271772612843,37.42672441985455,8.024006693726122,44.7701921651184,42.53737879770384,-2.2328133674145647,50.487020773356015,38.19628804456587,-12.290732728790147,41.32416928606374,36.51233439863879,-4.811834887424951,30.782586296068672,38.75830048533997,7.975714189271301
2016-05-06,40.29497885449653,1,39.09887781493535,45.02811504624239,5.929237231307042,31.056703544081515,34.000073425049564,2.9433698809680493,44.34099242991646,41.572235498222234,-2.7687569316942273,49.87441109184394,40.67061613273816,-9.203794959105778,42.47101173853268,39.447503295983694,-3.0235084425489873,34.92787650766921,41.05132972874313,6.123453221073916
2016-05-13,39.007553270643406,1,39.23303998908448,42.33873253220056,3.105692543116078,30.596595585008416,33.5913396350043,2.9947440499958873,38.38922687986965,39.87801460523741,1.4887877253677573,49.93167684722502,39.238817101863816,-10.692859745361204,41.256658181386186,37.01899493321049,-4.237663248175693,34.6381221412867,41.979420816343875,7.341298675057175
2016-05-20,37.10998384254765,1,36.32951153050545,40.52449364800025,4.194982117494803,28.92777466455931,33.33229692198587,4.404522257426564,36.77064413036209,35.80420311512339,-0.9664410152387006,48.28172097534959,36.024857761633704,-12.256863213715889,40.59677700473075,36.34375445379403,-4.25302255093672,31.753474749778732,40.63029715474869,8.876822404969957
2016-05-27,38.945379037419265,1,39.68893169291449,45.99204432561415,6.303112632699666,32.64522238891031,37.25871721992971,4.613494831019395,39.69879717891717,37.34919524021954,-2.3496019386976315,48.342546248147954,36.42975062621696,-11.912795621930997,41.073583447010655,36.637580435132385,-4.43600301187827,32.22319326861499,40.00498637740286,7.781793108787866
2016-06-03,39.581821374671165,1,41.54912497042081,51.70063408577408,10.151509115353264,34.136604202429766,37.66466725578077,3.528063053351005,40.81837912125962,36.66062127211274,-4.157757849146876,48.57551486585224,35.964672340259156,-12.610842525593085,41.37130787049082,36.79135156664032,-4.579956303850494,31.039997217573685,38.70898172745986,7.668984509886172
2016-06-10,37.79777020186305,1,39.179002017142274,53.497911661124,14.318909643981726,33.93299731004534,35.50181251015603,1.5688152001106914,35.37033010501899,32.63399479396918,-2.736335311049814,47.303077193618705,32.283428185079686,-15.01964900853902,40.87743524508761,35.430067459587846,-5.447367785499765,30.123779340265386,37.43940660126155,7.315627260996166
2016-06-17,39.67121134539881,1,39.8795943496463,62.694198190426874,22.814603840780578,36.86804233373158,36.831253734786245,-0.03678859894533559,34.859964020344364,27.54000948725779,-7.319954533086573,50.014267907215185,33.71074401897087,-16.303523888244314,42.88136529076112,35.976214443058375,-6.905150847702743,33.52403417069428,41.27484819789265,7.750814027198373
2016-06-24,41.18813784102384,1,43.63029205954293,58.135017406284625,14.504725346741694,37.24671414089959,36.53309306027699,-0.7136210806226018,37.13463674152217,29.912993457853844,-7.221643283668328,50.431729963170596,36.98964210845418,-13.44208785471642,44.70576534789831,37.28788976761709,-7.417875580281219,33.979688793109446,48.27019124565638,14.290502452546932
2016-07-01,40.98276520958954,1,43.20787616906628,57.900588880773185,14.692712711706903,35.71471312825204,33.1591881235117,-2.555525004740346,39.75162549841241,29.758936832713843,-9.992688665698566,50.57020482842495,36.887436165085774,-13.682768663339175,42.944649832244785,32.5281185426558,-10.416531289588988,33.70752180113678,55.66232271279699,21.954800911660215
2016-07-15,40.619267305612944,1,43.10743064095968,54.01173995387215,10.904309312912474,33.58711841787503,33.767163835334856,0.18004541745982294,36.890425856673495,29.32699269306108,-7.563433163612416,50.67359208431252,37.061571774030256,-13.612020310282261,45.951372861071505,37.269230428083915,-8.68214243298759,33.50566397278543,52.278905149295426,18.77324117651
2016-07-22,40.535893635699836,1,41.98540570600448,51.27763939576183,9.292233689757353,35.187778013953306,33.49659744042654,-1.6911805735267649,38.67388811509478,34.71644367205094,-3.9574444430438405,52.06127274155006,39.77585021254644,-12.285422529003625,45.30736968442842,39.16538509543942,-6.141984588989004,29.999647553167975,44.783445997973814,14.78379844480584
2016-07-29,44.24879522332072,1,45.2910555981595,53.93454161337026,8.643486015210755,39.75045323071868,47.141741112927924,7.391287882209241,43.41685250683351,32.66124687806017,-10.755605628773338,53.94407401290621,44.599138579340234,-9.344935433565979,48.06031425213044,41.966529857974976,-6.093784394155463,35.03002173917599,45.18957329825079,10.1595515590748
2016-08-05,44.19528596556895,1,43.64762304181389,52.77032301180384,9.122699969989952,40.839300792556124,41.057261507776026,0.21796071521990257,46.046846321138744,38.756027736666866,-7.290818584471879,52.03631017534312,45.799917022150325,-6.236393153192793,47.479525122466,44.90287247741391,-2.576652645052093,35.1221103400958,41.885314037602726,6.763203697506924
2016-08-12,44.51059901608104,1,44.61625063008218,52.295616479058026,7.6793658489758485,41.63665928878171,47.870881632150805,6.2342223433690975,50.223574189140216,42.10878350630002,-8.114790682840194,52.0310659108809,45.81098948808432,-6.220076422796581,47.46893174418734,45.23672833428429,-2.2322034099030503,31.0871123334139,33.74059465660869,2.653482323194794
2016-08-19,36.66078405362901,1,33.70952005058028,35.73017673444808,2.0206566838677986,29.764290913246,40.434634419062775,10.670343505816774,43.829073365458626,38.467296432673635,-5.361776932784991,48.455177763887924,50.45865432261966,2.003476558731734,40.24442919394245,37.37966940200339,-2.864759791939065,23.962213034658774,17.49427301096651,-6.467940023692265
2016-08-26,38.559092329018306,1,37.50246434117589,35.81900452792001,-1.6834598132558796,31.674288578794005,48.03029685725444,16.356008278460436,43.7764206832358,36.93772264183458,-6.838698041401216,49.689941173784256,51.88022392488072,2.1902827510964613,42.55396733481481,38.298425352696604,-4.255541982118203,26.15747186230506,20.388880669523502,-5.768591192781557
2016-09-02,39.76775356230623,1,38.61221232908416,36.05041053543583,-2.5618017936483284,32.56563871420879,52.10109053348242,19.535451819273632,47.159876968287726,39.30914704188067,-7.850729926407055,50.351846727373974,52.10059721736666,1.7487504899926876,42.44728458954827,37.475538086184535,-4.9717465033637325,27.46966204533443,21.569737959487227,-5.8999240858472035
2016-09-09,40.40158130807601,1,41.314286001126675,39.379520924015736,-1.9347650771109386,40.01507346619325,53.80447249809337,13.789399031900118,46.19114958570209,41.48125792456932,-4.709891661132772,51.298726524206174,53.80150062465019,2.5027741004440145,39.8532332674879,34.33372559355906,-5.5195076739288425,23.737019003740002,19.609010283568423,-4.128008720171579
2016-09-16,40.26296446895368,1,41.044755569524696,41.48188720810688,0.43713163858218707,41.341956267115364,51.701821200062525,10.359864932947161,46.49504305873325,41.96564827617792,-4.529394782555329,50.82826178765037,52.2185285213616,1.390266733711229,38.84007394983928,34.761127675239536,-4.078946274599744,23.027696180859124,19.44877393277359,-3.578922248085533
2016-09-23,40.66919376866184,1,44.18707571550405,45.545776542646976,1.3587008271429255,41.448610763406954,51.8081908843996,10.359580120992646,46.64996085826208,40.80346108891294,-5.846499769349137,50.16491266712682,50.630396844804444,0.46548417767762373,40.374262655335095,35.358508138375775,-5.015754516959319,21.19033995233606,19.868829112831364,-1.3215108395046968
2016-09-30,34.64950421300895,1,35.80222616592803,28.05415464381025,-7.748071522117783,34.152812335639624,41.63293538280294,7.4801230471633176,44.21826397305908,40.534733573339054,-3.683530399720027,43.833150175756266,46.35346652006702,2.520316344310757,35.135693224252336,32.67866313695498,-2.4570300872973547,14.754879403418386,18.64307202107952,3.888192617661133
2016-10-07,35.40754082540258,1,37.13416079445817,29.088249502476984,-8.045911291981184,35.47818595545358,45.881098984664334,10.402913029210751,44.94446184077761,39.036514998015754,-5.907946842761859,44.97152087647426,48.57352270534324,3.6020018288689784,33.92228709470956,32.36151506296105,-1.5607720317485132,15.994628390542275,17.504343698954116,1.5097153084118418
2016-10-14,36.09364763198997,1,37.339489971105664,25.277054292513398,-12.062435678592266,31.903297615600408,37.08395785398669,5.180660238386281,44.903938016093626,41.848224877728406,-3.0557131383652205,45.321844086161356,50.10331083311794,4.781466746956582,39.966790954454446,40.10215213845125,0.13536118399680674,17.126525148524323,22.147185796142153,5.020660647617831
2016-10-21,35.044201940051465,1,37.54299126666239,22.078024389146655,-15.464966877515735,28.886375201746148,29.955897376144392,1.0695221743982444,40.99882773426031,35.387066654429184,-5.611761079831126,43.36758626176761,47.26251761481632,3.8949313530487046,38.4599707725115,43.33421928252932,4.8742485100178214,21.00946040336082,32.247486323242896,11.238025919882077
2016-10-28,36.91805868051029,1,43.52105555201771,30.708849832304672,-12.812205719713035,32.2111400237724,32.673188428368405,0.46204840459600405,40.91469974784494,31.346383493348718,-9.568316254496224,44.38278743117734,44.94161226823545,0.5588248370581113,38.13129191751398,45.9444932526324,7.813201335118421,22.347377410735362,35.893824808172056,13.546447397436694
2016-11-04,35.77779390001769,1,41.54355034715251,31.201565152241095,-10.341985194911416,28.95994736234593,32.053273841963545,3.093326479617616,39.82313830970705,33.33535452395772,-6.487783785749329,43.65959276451328,44.59718231955439,0.9375895550411144,38.167795760238505,39.85306261382689,1.685266853588388,22.512738856148843,33.62632494856243,11.113586092413584
2016-11-11,37.06187582581443,1,44.291150899326894,37.51357965977621,-6.7775712395506815,29.984317472679976,35.93198344218618,5.947665969506204,40.58255073529294,34.90640970850295,-5.676141026789992,44.35177133152465,42.708149879048314,-1.6436214524763386,37.6294145645129,37.29958851926526,-0.3298260452476427,25.53204995154921,34.01154374610768,8.479493794558465
2016-11-18,37.09143761732275,1,44.09534107896151,33.50628393579635,-10.589057143165164,30.424440851875474,35.17003226432966,4.745591412454189,40.61364180256673,34.47046349736648,-6.1431783052002515,44.383679790431344,44.338059250656684,-0.045620539774660074,37.56207306480358,38.869279088847314,1.3072060240437366,25.46944911529785,36.19450766694,10.72505855164215
2016-11-25,37.32703658370882,1,43.69681114402462,30.674939675138248,-13.021871468886374,30.48613031269835,33.511163052817,3.0250327401186468,37.930644907191606,30.49753899000791,-7.4331059171836955,47.57206353367652,45.54559751001138,-2.0264660236651366,39.32658374330757,45.439001738979734,6.1124179956721605,24.949985861354236,38.293978535298606,13.34399267394437
2016-12-02,35.2888971373979,1,40.09306190430034,29.503950888127406,-10.589111016172936,29.74493563569723,30.470943998603374,0.7260083629061427,36.37105749573818,27.5086391788307,-8.86241831690748,44.514678296333344,47.76487927490754,3.250200978574199,37.243231653414554,41.928311272483995,4.685079619069441,23.76641783890372,34.556658211434396,10.790240372530675
2016-12-09,33.869647933100204,1,38.03104819795847,25.791835298879903,-12.239212899078566,28.902081217417447,28.277475054155857,-0.6246061632615891,32.08010504408496,23.825621592893754,-8.254483451191206,45.52117261533161,50.96284635181435,5.441673736482741,35.78900819706409,39.33751762587312,3.5485094288090266,22.894472326744662,35.022591674984255,12.128119348239593
2016-12-16,34.396379332183095,1,39.24080985433439,26.82636988796709,-12.414439966367297,32.64633325929064,33.76428585511742,1.1179525958267789,30.96336356565243,23.05907051821532,-7.904293047437108,46.705484782384985,51.10611010074878,4.400625318363794,35.45009325686469,37.77589443713977,2.3258011802750787,21.37219127457142,33.84654519391016,12.47435391933874
2016-12-23,36.25682097646027,1,40.75781535663545,27.27290706681542,-13.484908289820027,42.858766179372076,46.539346951794265,3.6805807724221893,31.944314731805804,21.55879797228434,-10.385516759521465,46.64898538712077,50.56925651377748,3.920271126656715,33.237061434042005,34.792095006124114,1.5550335720821096,22.093982769785498,36.80852234796595,14.71453957818045
2016-12-30,32.68900262378357,1,37.940158636152255,25.45862739964158,-12.481531236510676,44.12307866080856,39.220860872987444,-4.902217787821115,27.17608917195487,19.868897554200842,-7.307191617754029,39.644264794922265,48.990558082867125,9.34629328794486,29.844810994612246,29.454711571160345,-0.3900994234519004,17.405613484251205,33.14036026184408,15.734746777592875
2017-01-06,30.77641518140649,1,38.08730673783355,24.02805065750038,-14.05925608033317,39.54046106847902,44.08862222923,4.548161160750979,31.408229836260375,22.692818333334273,-8.715411502926102,40.17026988071878,43.94304703202539,3.772777151306613,21.4395209536943,21.061817090382064,-0.3777038633122345,14.012702611452923,28.844135745966824,14.831433134513901
2017-01-13,32.3727903475571,1,40.635686725071324,28.726996994978705,-11.908689730092618,42.21487671452783,46.145683137530696,3.9308064230028634,32.0327520966553,25.962137061973962,-6.070615034681339,39.79031148344286,39.20306271173611,-0.5872487717067543,22.74980062984072,21.00366245734233,-1.7461381724983909,16.813314435804543,33.195199721780796,16.381885285976253
2017-01-20,31.67005581476558,1,39.74053455772444,28.476570649140278,-11.26396390858416,40.196556647741986,43.68185916119778,3.4853025134557925,30.63402027920648,23.930699402381236,-6.703320876825245,41.73769600534267,39.276193638942175,-2.461502366400495,21.62832798299445,19.50598228778837,-2.1223456952060786,16.083199415583465,35.14902974914364,19.06583033356017
2017-01-27,29.74890160667285,1,36.713445825961756,25.84571319637935,-10.867732629582406,36.31984178286034,40.22273706781279,3.90289528495245,30.36887363530448,26.000663458715763,-4.368210176588718,38.875991235543225,36.80923047805453,-2.0667607574886944,21.84502311663529,17.852056755252306,-3.992966361382983,14.370234043731998,31.763008683822406,17.39277464009041
2017-02-03,31.677364859556718,1,39.07672327482146,27.94592150694055,-11.13080176788091,38.26440486087145,42.64067122929414,4.376266368422691,33.07492856682448,28.19293666820751,-4.881991898616974,39.48421607011005,40.271256174151276,0.7870401040412247,23.864666681387092,18.16342684995537,-5.701239831431721,16.29924970332577,32.84997672879146,16.55072702546569
2017-02-10,34.653479272334046,1,44.36247697087841,34.1844395432096,-10.178037427668812,39.89011649681995,42.485443883328465,2.595327386508515,39.08026741009352,32.94383293124522,-6.136434478848301,38.44503846135646,41.03963427505438,2.5945958136979215,25.742772185557087,22.912467716621137,-2.8303044689359496,20.40020410929884,34.35505728454545,13.954853175246612
2017-02-17,31.652497140689064,1,40.80830688939471,32.938488755617946,-7.869818133776761,38.18874921567117,36.66408219099646,-1.524667024674713,32.98223426963746,26.496410295273265,-6.4858239743641946,34.22374329101868,31.360145333056863,-2.863597957961815,20.254202694163652,24.94483377765779,4.690631083494139,23.45774648424873,37.51102249153209,14.053276007283358
2017-02-24,32.920294030973444,1,42.54449352506577,35.92977228823468,-6.6147212368310875,34.935740403239166,32.61787867445025,-2.3178617287889125,34.74167073884594,27.02070109936534,-7.7209696394806,35.45337073465673,37.13083212380688,1.677461389150153,21.16977548925577,27.16830782987742,5.998532340621651,28.676713294777315,37.65427217010607,8.977558875328754
2017-03-03,33.106872013925305,1,42.67304593572787,36.28941884254483,-6.383627093183037,34.47475635185232,33.051939786590225,-1.4228165652620959,34.46740968555548,26.399775458839073,-8.067634226716407,35.601525789076305,37.90897411235542,2.307448323279118,21.445834977913123,27.29498545995014,5.849150482037018,29.97865934342674,37.69613842327212,7.717479079845376
2017-03-10,33.183444422456304,1,44.62108689577183,35.776158797582546,-8.844928098189285,30.8737744187692,29.808593047926735,-1.065181370842467,35.26501310649904,27.45681708661391,-7.808196019885131,36.707671175009715,38.23241860889994,1.5247474338902265,20.33629504000851,27.264247028884597,6.927951988876089,31.296825898679543,40.5624319648301,9.265606066150553
2017-03-17,31.858938911626534,1,38.371392591325304,35.03351925009892,-3.337873341226384,30.04372751528797,32.47057764655857,2.426850131270598,35.4827877128549,26.284591812020736,-9.198195900834165,36.32139769935977,37.18860231438003,0.8672046150202561,20.110039072917843,27.6287581291256,7.5187190562077575,30.824288878013434,32.547584317575385,1.7232954395619515
2017-03-24,33.58261889651865,1,39.931342874563825,33.469477024932004,-6.46186584963182,31.527694106121743,32.16714689047045,0.6394527843487054,35.32912341132142,29.430292841201776,-5.898830570119642,37.644662811953346,39.59484376182741,1.950180949874067,25.275488963896663,32.92456311972829,7.649074155831627,31.78740121125493,33.90938974095201,2.1219885296970773
2017-03-31,35.95289225767416,1,42.10585028226783,34.93303875566583,-7.172811526602004,33.96770992832509,32.20034042021378,-1.7673695081113152,36.81104687380408,29.907690835392096,-6.903356038411985,41.36130381889201,45.880857520242344,4.519553701350333,26.893647449568405,37.87507123396148,10.981423784393073,34.5777951931875,34.92035478056944,0.3425595873819418
2017-04-07,35.29792371056881,1,39.72573033378444,29.96421627549782,-9.761514058286622,36.535967476469246,31.145915467326965,-5.3900520091422806,33.7614159975806,28.535149790188584,-5.226266207392015,43.453389640836946,43.36181760752196,-0.0915720333149892,24.308634005685363,41.66294940569692,17.354315400011558,34.00240480905629,37.117493717180594,3.1150889081243065
2017-04-14,37.87546555396179,1,41.92889428686571,30.129534063848382,-11.799360223017331,34.04660769123599,37.29536321122154,3.2487555199855507,44.13921914702544,28.679306470522405,-15.459912676503038,47.228472717809154,47.45092203098605,0.2224493131768952,26.193202034945912,48.79588061497208,22.602678580026165,33.71639744588852,34.90178693222029,1.185389486331772
2017-04-21,38.82832838108314,1,43.99225910391789,31.34334033512924,-12.648918768788647,34.02780587355387,37.444854288839196,3.417048415285322,47.342369003687296,35.04302985137872,-12.299339152308576,48.459980320757424,48.60815174767774,0.14817142692031382,26.878556104095225,46.35505146243234,19.476495358337118,32.268999880487144,34.17554260104164,1.9065427205544978
2017-04-28,38.74829016587213,1,41.88459286133982,35.39476582601626,-6.489827035323557,35.48853824084405,31.49467416068572,-3.993864080158332,45.442127544463844,34.046991278622414,-11.39513626584143,50.38787057207026,50.91726539721656,0.5293948251462979,27.544718221303825,50.72946159283745,23.184743371533628,31.741893555210964,29.906582739854343,-1.835310815356621
2017-05-05,39.81190315012406,1,48.884358142516795,42.889853417184376,-5.994504725332419,33.25566679733616,27.12397251114507,-6.131694286191092,43.88720578592519,32.86550739630809,-11.0216983896171,50.76667533833452,49.0427570125166,-1.7239183258179196,27.791788821392032,53.70593486705859,25.914146045666556,34.28572401523968,33.2433936965317,-1.0423303187079824
2017-05-12,39.90197067647642,1,48.57964725054758,43.611917872837495,-4.967729377710086,34.07135932063403,28.222138758983917,-5.849220561650114,43.76053759321591,36.03538162978307,-7.72515596343284,50.7521113672082,47.75994503480375,-2.9921663324044516,28.707796990296785,52.07290827173283,23.365111281436043,33.54037153695593,31.709532490717393,-1.8308390462385375
2017-05-19,38.11688909338729,1,45.968653637623355,36.04889053114221,-9.919763106481142,34.077916425125665,27.026626919609782,-7.051289505515882,41.562375233747275,33.81505423457986,-7.747320999167414,48.983788114858015,47.360405789325725,-1.6233823255322903,26.417110863489683,53.294828393271686,26.877717529782004,31.69149028547973,31.155528692394427,-0.5359615930853039
2017-05-26,36.558361828328486,1,38.88008264327952,25.67857039233232,-13.201512250947204,33.466229487903334,26.005503480499712,-7.460726007403622,40.03734114014276,33.64687958504052,-6.390461555102235,48.93702486116077,45.518070943829436,-3.4189539173313364,26.66263262965333,58.35427205459035,31.691639424937023,31.36686020783118,30.146874513678583,-1.219985694152598
2017-06-02,38.64294279310767,1,46.96167152218632,28.393459548856512,-18.56821197332981,34.519507961882425,28.29309475792256,-6.226413203959865,40.32735182090919,35.10938540011298,-5.217966420796216,49.74544491483641,46.111644783040276,-3.6338001317961357,28.190720600412888,61.60136713682732,33.41064653641443,32.11295993841878,32.34870513188636,0.23574519346757938
2017-06-09,36.42677785664397,1,41.61933748973337,31.445132369908464,-10.174205119824904,32.12856202312351,26.212777730881427,-5.91578429224208,42.86029199484543,34.39032417801143,-8.469967816834,48.89714230617345,41.02717218319788,-7.869970122975573,26.795947459924363,60.0384250977191,33.242477637794735,26.259385866063667,25.446835580145432,-0.8125502859182347
2017-06-16,31.169213765649147,1,33.74698417735328,26.812908873585613,-6.934075303767671,28.45937622189564,20.8318695841196,-7.627506637776037,36.99023689286612,29.916884917883124,-7.073351974982998,43.13214544826223,29.404634249231897,-13.727511199030332,25.55604277333029,61.23045105929373,35.67440828596344,19.13049708018734,18.818533909780882,-0.3119631704064574
2017-06-23,32.301818798952105,1,37.92247609431529,26.251138262342387,-11.671337831972906,29.92644250038687,22.61893623292636,-7.307506267460511,39.675577258881226,31.225933792412853,-8.449643466468373,43.11313227478938,29.774432835062925,-13.338699439726454,24.788492279551917,64.17363566515338,39.38514338560147,18.384792385788003,19.766836005814767,1.3820436200267636
2017-07-07,32.99459511218785,1,37.41327875020618,26.728467657332196,-10.684811092873986,30.56734078947366,23.188792745979555,-7.378548043494106,40.90318516261489,31.406327557102813,-9.496857605512076,43.00359683389239,29.134704025488077,-13.868892808404311,25.95058743790665,67.75646936295703,41.805881925050386,20.129581699033352,19.752809324267446,-0.3767723747659062
2017-07-14,32.9262375367596,1,38.14318677668841,25.269589693601688,-12.873597083086722,31.08893940300544,22.872833177028767,-8.216106225976674,41.857305611242374,32.85483514357528,-9.002470467667095,41.02038599901434,28.242531635273323,-12.777854363741014,24.984626681633216,67.96681782250714,42.98219114087392,20.46298074897382,20.350817748571444,-0.1121630004023757
2017-07-21,30.72695901498246,1,36.05603704531303,18.63321907608116,-17.422817969231872,31.757042880672145,23.720115255546006,-8.03692762512614,40.018424580229,35.25028691979701,-4.768137660431989,39.63344424931522,24.625687334668825,-15.007756914646393,21.413329930295134,67.00184588972263,45.5885159594275,15.483475404070205,15.130599614079074,-0.35287578999113123
2017-07-28,32.44516827483837,1,36.38753710766985,19.40898936117342,-16.97854774649643,32.85288490656305,24.981916002860117,-7.870968903702931,41.86036111594434,37.333518388881714,-4.526842727062629,40.29387732615449,27.901958000537874,-12.391919325616612,21.99517621824586,67.33742751524336,45.3422512969975,21.28117297445266,17.707200380333774,-3.573972594118885
2017-08-04,32.24169106618905,1,36.3425230268575,19.529239701477103,-16.813283325380397,33.54529334662941,24.8320096669363,-8.713283679693106,39.754413215570125,35.604546287738486,-4.1498669278316385,40.23830540468411,28.20296100543483,-12.035344399249283,22.211278842489207,66.12786325253187,43.91658441004266,21.358332560903946,19.153526483015682,-2.2048060778882643
2017-08-11,32.32701173133828,1,36.24392914326049,20.069783506468866,-16.17414563679162,32.39959133311386,26.4249827640281,-5.97460856908576,39.90996213490893,35.89418801750255,-4.01577411740638,40.3912889139132,26.20933909962652,-14.181949814286682,22.119772640276338,67.20117394745098,45.081401307174644,22.89752622255692,18.162603052952704,-4.734923169604215
2017-08-18,32.6956077722422,1,36.94166798492991,16.546590290795564,-20.395077694134343,33.16197173721443,31.27476441181834,-1.8872073253960906,40.54342997699521,37.71985940918907,-2.8235705678061436,39.57435945319951,24.878613780442898,-14.695745672756615,23.0190569952144,70.41069497594602,47.391637980731616,22.933160485899748,15.343123765261296,-7.590036720638452
2017-08-25,30.76703983668609,1,37.196422188906496,15.602818670694035,-21.59360351821246,29.157174752090825,33.401944790858934,4.2447700387681095,38.24758862139009,36.28217157593724,-1.9654170454528526,36.10909969079596,24.28604264814254,-11.823057042653417,22.240637710131395,61.67859886070927,39.43796115057788,21.65131605680176,13.350662473774463,-8.300653583027298
2017-09-01,30.34513390206487,1,35.92282656478169,10.401314435948791,-25.521512128832896,27.505624134668096,30.8152041741656,3.3095800394975043,38.93734788143925,40.0500186063998,1.1126707249605516,37.099903006742984,27.735726829131387,-9.364176177611597,20.082520197918996,59.4352579011245,39.352737703205506,22.52258162683819,13.633281465619092,-8.889300161219097
2017-09-08,31.1449238667136,1,35.8387329126075,12.149344366479255,-23.689388546128242,25.75302030303672,34.37518675773954,8.622166454702821,37.86789681978044,45.924137880344034,8.056241060563593,42.47063590418269,28.712245212993743,-13.75839069118895,19.208531710296754,50.7453389484441,31.536807238147347,25.730725550377485,14.96329003428096,-10.767435516096526
2017-09-15,32.50016992923642,1,37.2775975975685,13.524151645675715,-23.753445951892786,27.243020842765674,35.05560507942208,7.812584236656406,39.03589560073523,47.13060116112291,8.09470556038768,43.40215003485925,29.885320624027898,-13.516829410831349,19.483236482618352,51.90610244452101,32.42286596190266,28.55911901687155,17.499238620648967,-11.059880396222582
2017-09-22,32.85026145141543,1,37.75927009511234,15.284810110206948,-22.474459984905394,26.45629706825406,34.888957757331724,8.432660689077665,39.84104174772103,47.57675987805414,7.735718130333112,45.237019892623195,27.642751435561905,-17.59426845706129,21.705877488774462,51.74902234626923,30.043144857494767,26.10206241600747,19.95926718106864,-6.142795234938831
2017-09-29,33.74868136436922,1,40.106012416509785,16.70804649011349,-23.397965926396296,31.967886367721505,47.03978684856882,15.071900480847319,39.78641467368623,46.173631882367324,6.387217208681093,42.614351806781386,26.347843661897414,-16.26650814488397,25.5115725423437,49.05076563647363,23.539193094129928,22.505850379172713,17.172013666794584,-5.33383671237813
2017-10-06,34.65537220511262,1,41.188973758447716,18.252817535974415,-22.9361562224733,31.444304462547535,50.62823547198272,19.183931009435184,39.003642369979396,45.27265087359269,6.269008503613293,44.29677170950179,26.215014270604236,-18.081757438897554,28.908200023592627,50.2603416073015,21.35214158370887,23.090340906606656,17.303173471220205,-5.787167435386451
2017-10-13,35.601387660936695,1,46.37200604759662,16.82655437776119,-29.54545166983543,33.82712832899699,48.69014806760491,14.863019738607917,40.105158081919825,53.763541624931364,13.658383543011539,44.552467484024696,24.544007128384628,-20.008460355640068,26.13493689280439,51.86271523091877,25.727778338114376,22.616629130277644,17.921359536019338,-4.695269594258306
2017-10-20,33.10571087187719,1,40.18849040920727,13.820749686633015,-26.367740722574254,38.768068229223196,40.862226301602995,2.0941580723797983,37.472384756258265,41.13762457389856,3.6652398176402983,38.78389379885624,34.466097671961876,-4.317796126894365,20.58261109574275,55.34532497009263,34.762713874349885,22.838816941975438,13.002242027074075,-9.836574914901362
2017-10-27,27.455766934904563,1,31.721240532748467,12.290553292800752,-19.430687239947716,30.275838737369213,37.35475027547692,7.078911538107704,30.15882191819047,34.778574776991206,4.619752858800737,30.64217712096699,27.91171805360618,-2.730459067360812,16.99361886483767,41.2891672388883,24.295548374050625,24.942904435314574,11.109837971664021,-13.833066463650553
2017-11-03,27.498567747530945,1,32.85625143087435,12.758274800146452,-20.0979766307279,29.94648982588339,36.2307818345605,6.284292008677113,30.167286345633485,33.912193521959225,3.7449071763257393,28.27414883141803,29.875168790736822,1.6010199593187906,16.350330467302797,40.0904394239238,23.740108956621,27.396899584073623,12.124548113858921,-15.272351470214701
2017-11-10,27.06680434626394,1,31.66422556381397,17.410295874750844,-14.253929689063128,26.392772653575477,49.51581113561153,23.12303848203605,33.33815533313221,29.36096071199222,-3.9771946211399865,28.802316737962073,25.79562092038165,-3.0066958175804217,15.14815194851792,30.184151481787495,15.035999533269575,27.055203840582024,10.133985953059948,-16.921217887522076
2017-11-17,28.71275105084007,1,34.82165630038371,15.80181666888835,-19.01983963149536,28.697401091223426,49.05382502477484,20.35642393355141,36.16811319911582,30.289690140385716,-5.878423058730107,28.983051536255047,28.494037180147544,-0.48901435610750354,15.198946259058388,37.65651893161059,22.457572672552203,28.407337919004036,10.980618359233404,-17.426719559770632
2017-11-24,25.383158073526044,1,32.09972813275638,18.970538359075476,-13.129189773680906,30.279559319386593,44.08982472512854,13.810265405741944,28.809315213870562,24.99466765201352,-3.8146475618570435,27.03012664099957,24.319377407801284,-2.7107492331982854,15.681906640207373,30.204328737601088,14.522422097393715,18.39831249393579,9.720211559536352,-8.678100934399438
2017-12-01,25.933947250938388,1,32.29789147778685,19.464971258244844,-12.832920219542004,30.582535824742337,44.689547352884006,14.107011528141669,29.08510715594042,24.34739396430645,-4.737713191633972,27.093869951030186,24.338327608974694,-2.7555423420554916,16.584882000218798,32.2082881147695,15.623406114550704,19.95939709591177,10.555155206450848,-9.40424188946092
2017-12-08,24.206988192288453,1,24.177852912802365,17.121900734011618,-7.055952178790747,30.03843270462329,42.21943928189886,12.181006577275568,25.136442981812493,14.45857655973532,-10.677866422077173,25.731203342240832,22.41374448198323,-3.3174588602576023,15.953588056703467,35.19619803293874,19.242609976235272,24.204409155548262,13.832070063162945,-10.372339092385317
2017-12-15,19.594809947166066,1,15.583162073429037,13.186815837489632,-2.3963462359394043,21.060430618502053,28.886787400258115,7.826356781756061,18.26143965845975,13.41481893313437,-4.84662072532538,23.202472517508824,21.492150158589595,-1.7103223589192282,20.591313721855286,33.2724011017912,12.681087379935917,18.87004109324144,7.31588625173346,-11.55415484150798
2017-12-22,17.55327525099529,1,12.680930855372296,20.571228282784347,7.890297427412051,22.025331197269963,23.542486504371325,1.517155307101362,9.772339891223126,4.806686547770326,-4.9656533434528,17.9682595626917,19.400931725600387,1.4326721629086876,22.800174227929276,28.783799843130694,5.983625615201419,20.07261577148539,8.21451860231467,-11.858097169170719
2017-12-29,17.802896796263358,1,19.87231041603765,16.021985193665145,-3.850325222372504,21.597556277293748,20.35711057493252,-1.240445702361228,8.567170970799907,8.633164987106255,0.06599401630634816,16.673022842806276,21.876105002477132,5.203082159670856,24.808952308608383,29.511935122892368,4.702982814283985,15.298367962034192,10.417079896506749,-4.881288065527443
2018-01-05,19.691280582636804,1,26.880099696631476,14.836153409383485,-12.04394628724799,22.63923927356852,28.091422443218903,5.452183169650382,10.993797817451352,9.932829517506548,-1.060968299944804,15.623498520307265,25.40479128437518,9.781292764067913,27.38821498986539,26.40182031405577,-0.9863946758096205,14.622833197996812,13.480666527280945,-1.1421666707158664
2018-01-12,20.16721377218943,1,21.544358560233007,17.41118879939694,-4.1331697608360685,24.466318811672323,23.235823229830558,-1.2304955818417653,11.389870916560895,9.586029813867995,-1.8038411026928998,15.614532398639028,24.120863816720515,8.506331418081487,31.56428698803782,25.995183833727864,-5.569103154309957,16.423914957993517,20.654193139592678,4.230278181599161
2018-01-19,17.625235533587873,1,21.299094430221146,13.887120514199808,-7.4119739160213385,13.035313743445585,26.328243730610424,13.29292998716484,10.609263235857384,10.104597500188547,-0.5046657356688371,14.870190298748852,17.63859781623681,2.768407517487958,29.113211429639605,24.547237570701427,-4.565973858938179,16.824340063614656,13.245616069590241,-3.578723994024415
2018-01-26,18.475676616263232,1,22.856924522596827,14.820621208830943,-8.036303313765885,15.928101604507404,24.44607727490998,8.517975670402578,11.1937857950401,9.118625122277237,-2.0751606727628626,15.66038982426629,20.72415614738847,5.063766323122181,27.667546129652067,25.269426162877792,-2.3981199667742743,17.547311821516715,16.47515378129502,-1.0721580402216944
2018-02-02,20.112254152525264,1,25.096511427701046,15.5764280497053,-9.520083377995746,15.903020456229328,24.90155219856497,8.998531742335643,13.205482649945083,12.867549962990111,-0.3379326869549715,17.263415891202683,25.524033478586162,8.260617587383479,28.026063535745237,26.160494178901416,-1.865569356843821,21.179030954328198,15.643467046403629,-5.535563907924569
2018-02-09,37.24047770741314,1,41.69758580762286,13.304916201951343,-28.392669605671514,33.65307934854667,48.543227164912906,14.890147816366238,36.86007306493911,62.10833714999634,25.24826408505723,31.773103055384126,27.496834846021144,-4.276268209362982,33.855573256633605,28.503957421656025,-5.351615834977579,45.603451711352456,43.48559345994108,-2.117858251411377
2018-02-16,32.002002376923166,1,29.951532764568014,16.724848476425535,-13.22668428814248,29.40485679249244,43.13133945965164,13.726482667159203,34.15728203200942,45.12486315850924,10.967581126499823,32.2295738490846,28.775649932424486,-3.4539239166601163,32.98233093243205,26.76592876533995,-6.216402167092099,33.286437890952456,31.489384469188096,-1.7970534217643603
2018-02-23,34.372527717751304,1,32.06875560379349,16.892285457871893,-15.176470145921598,32.76658184069446,45.81141188433615,13.044830043641696,35.71947234051906,45.7931366126826,10.07366427216354,33.09891599973351,30.080080699583036,-3.018835300150471,35.168768025545404,28.097144367205317,-7.071623658340087,37.412672496221916,39.56110728482882,2.148434788606906
2018-03-02,31.749432305245534,1,25.505468424981615,13.374768629451864,-12.13069979552975,31.641700811884903,38.37463454165268,6.73293372976778,34.61789313563678,43.39089627479024,8.77300313915346,32.22136355581996,28.35333441397117,-3.868029141848794,34.03198266036502,23.490150485533704,-10.541832174831313,32.47818524278496,43.51280948607359,11.034624243288633
2018-03-09,31.39436257921963,1,26.196247044569674,12.402696025011267,-13.793551019558407,32.32600449294347,39.84438388373336,7.518379390789889,30.634963875211184,36.2209411369425,5.5859772617313155,33.18108668701359,24.543060227395657,-8.638026459617933,31.959502185490095,29.80695125040795,-2.1525509350821466,34.06837119008979,45.548142951827074,11.479771761737283
2018-03-16,32.1848149561499,1,26.73993348532524,13.680265936921927,-13.059667548403311,32.83529654716939,40.796225674107205,7.960929126937813,31.73203312657236,36.54557457258714,4.813541446014781,33.85849587523208,24.086177839642772,-9.772318035589308,31.53974572044976,32.0203154330337,0.480569712583943,36.403384982150556,45.980330280606665,9.57694529845611
2018-03-23,35.11115848966196,1,30.066332629838527,17.95602011031309,-12.110312519525436,35.04495169807147,44.37820245251086,9.33325075443939,39.23728822985117,43.56729196182585,4.330003731974685,38.49737790412795,24.951455773318223,-13.545922130809728,32.50033744130944,36.535396953261596,4.035059511952156,35.32066303477319,43.27858368674217,7.957920651968976
2018-03-30,34.82178975903589,1,29.728611863479927,18.517661780279184,-11.210950083200743,34.729861604392525,44.95092938854954,10.221067784157015,37.30264969746799,47.286487180272196,9.983837482804205,38.95392366651113,22.64633950355494,-16.30758416295619,31.51882599550234,32.64181733283506,1.1229913373327207,36.69686572686142,42.88750336872441,6.190637641862992
2018-04-06,33.50862815186429,1,28.68474152389244,17.48829973138092,-11.196441792511521,36.593654396051754,43.13334160082787,6.539687204776115,35.32066461194937,46.75029121346928,11.429626601519914,40.42131368799125,23.16763890609618,-17.25367478189507,29.233383103439706,32.52146675666012,3.2880836532204114,30.798011587861254,37.99073070275142,7.192719114890167
2018-04-13,35.05038942900057,1,33.09204889702535,16.681384304474705,-16.410664592550646,36.49270873594559,52.490875769564575,15.998167033618984,34.5677314065599,41.75064084700783,7.182909440447929,43.08848144415305,27.702939136715116,-15.38554230743793,26.732919234938336,35.71520373516063,8.982284500222292,36.32844685538118,35.96129278108055,-0.36715407430062896
2018-04-20,37.78023393482395,1,29.337244717364513,15.70394601395175,-13.633298703412763,38.663763870697174,58.523406267837295,19.85964239714012,40.30266586734922,43.53651573094196,3.233849863592738,45.29598193318365,29.267001410820733,-16.028980522362914,30.69819200460202,37.604625177208376,6.906433172606356,42.383555215747116,42.04590900818362,-0.3376462075634947
2018-04-27,40.52222605786189,1,39.24549680240529,20.104929848682467,-19.140566953722825,44.14402116836859,56.185211613881386,12.041190445512797,46.43449153526348,43.05772014089633,-3.376771394367154,37.96789325769736,20.502793163155182,-17.46510009454218,31.802317452460727,41.74706841454643,9.944750962085706,43.539136130975876,61.535633166009546,17.99649703503367
2018-05-04,40.95634242899761,1,43.608335414597086,17.126691501773884,-26.481643912823202,43.809540599810525,54.6371030030103,10.827562403199778,45.914088220380606,44.47812346881807,-1.435964751562537,38.196986185548944,22.24454915293878,-15.952437032610163,27.874492982619202,43.37455197320155,15.500058990582346,46.33461117102925,63.87703547424309,17.542424303213835
2018-05-11,43.02196139556298,1,48.5807475395426,29.90570175097065,-18.67504578857195,45.538129263516105,58.133159601030876,12.595030337514771,47.301195433654485,44.502711401816725,-2.7984840318377593,37.218550639103796,18.78192179364912,-18.436628845454678,30.609297537725837,41.71921750295962,11.109919965233786,48.88384795983512,65.089056322951,16.205208363115872
2018-05-18,41.06172632941236,1,46.39137570796588,33.165058538777686,-13.226317169188192,45.53815455169354,55.229172569415795,9.691018017722257,45.87181286911483,42.3079383911352,-3.563874477979624,31.807352943937275,15.189249192281324,-16.61810375165595,27.997798399752085,38.813022089263455,10.81522368951137,48.763863504010544,61.665917195600684,12.90205369159014
2018-05-25,42.57952051878781,1,51.04056449056843,34.343233217998375,-16.697331272570054,46.88050149729284,65.46407509828238,18.58357360098954,44.34412122775269,38.29491565779191,-6.049205569960776,30.86671077817431,13.433744839369595,-17.432965938804713,31.84802639347369,38.89557612085403,7.047549727380343,50.49719872546486,65.0455781784305,14.54837945296564
2018-06-01,40.72765438466913,1,49.12319819483646,36.775107570662215,-12.348090624174247,45.49252535039881,58.355899972309345,12.863374621910538,41.43144527953005,37.181795003669095,-4.249650275860958,31.50782918015159,12.868801413901792,-18.639027766249797,27.146478050919,36.57297263606995,9.426494585150948,49.66445025217886,62.61134971140235,12.946899459223488
2018-06-08,39.69425266213964,1,46.020995407888456,39.36121936776279,-6.659776040125664,45.10619843714719,55.64903965602951,10.542841218882316,40.605086883442546,36.214749014218306,-4.39033786922424,31.173994910428377,12.35954405818714,-18.814450852241237,26.41100646409292,35.7004019205654,9.289395456472477,48.84823386983832,58.88056195607469,10.032328086236376
2018-06-22,42.9212009821307,1,50.68125455834694,37.84925508856069,-12.831999469786254,45.91829387981502,67.3532264609394,21.43493258112438,43.285992012719085,41.49382371321983,-1.7921682994992523,32.914712047520936,11.17375533059598,-21.740956716924956,32.42271547398268,38.81548323830653,6.39276776432385,52.30423792039956,60.84166206116181,8.537424140762255
2018-06-29,42.759148561916966,1,50.807917842936774,39.066999015695586,-11.740918827241188,45.64318506918307,69.05999745797894,23.41681238879587,43.52431740440599,39.885010394638115,-3.639307009767876,34.10409142818,12.275560097056129,-21.82853133112387,32.35228074935331,36.84524113779996,4.492960388446647,50.12309887744266,59.422083268333125,9.298984390890467
2018-07-06,42.37907432277915,1,50.93283588628297,39.00346646072251,-11.929369425560466,44.87062001848893,65.45302395449758,20.582403936008653,42.770744243776214,40.678151514935955,-2.092592728840259,34.52378799358543,12.178049569842784,-22.345738423742645,30.466747733902253,37.56848653563051,7.10173880172826,50.70971006063908,59.39326790104549,8.683557840406408
2018-07-13,43.17287018048908,1,51.33407712734487,39.78933566934859,-11.544741457996281,46.55895244610572,64.1416648006624,17.582712354556676,42.542288741711076,40.51688048750141,-2.0254082542096654,35.742754026187924,12.531960448878522,-23.210793577309403,30.852534892808677,41.37455697974009,10.522022086931415,52.006613848776205,60.68282269680345,8.676208848027244
2018-07-20,41.19938041247187,1,49.9387676934892,38.57471485224019,-11.364052841249006,45.31640829464592,61.39835719071649,16.08194889607057,40.646883005283684,41.173537169702485,0.526654164418801,32.81496452183684,11.994733824562402,-20.82023069727444,29.134145420827934,33.92667708233657,4.792531661508633,49.345113538747654,60.12826235527311,10.783148816525454
2018-07-27,40.92045541648668,1,49.046370960209806,41.34531904359125,-7.701051916618553,45.74835050412037,59.930231111820575,14.181880607700208,39.22172188956911,38.720594318140016,-0.5011275714290946,32.76319204403964,12.197874720252273,-20.56531732378737,29.079149580952517,31.975014933523852,2.8958653525713345,49.66394752002864,61.35369837159216,11.689750851563517
2018-08-03,40.02249837316014,1,47.94882302909122,44.77607917824327,-3.172743850847951,45.42546721354373,54.122570847309085,8.697103633765352,37.92326899374342,38.12151341840642,0.1982444246630024,35.707528123523716,17.07650453269197,-18.631023590831745,25.636437117896747,27.079069974172214,1.4426328562754662,47.49346576116194,58.95925228813782,11.465786526975876
2018-08-10,36.84920638032968,1,44.72379698746403,48.627541954308256,3.9037449668442292,44.266112234739865,46.068300558790426,1.8021883240505616,35.107983170066305,35.557345425557,0.44936225549069775,31.15873699241145,13.95255582556787,-17.206181166843578,20.920430151433862,19.13723783521347,-1.7831923162203935,44.91817874586261,57.752256682541066,12.834077936678455
2018-08-17,38.397791888813344,1,43.08583897930715,52.33483024375642,9.248991264449273,43.840159772945384,51.47741759014619,7.637257817200805,36.291966711934364,38.49545708031803,2.203490368383669,32.0273291572655,16.273238845598712,-15.754090311666786,26.98432086964887,20.21359063396008,-6.770730235688788,48.15713584177884,51.59221693910065,3.435081097321813
2018-08-24,37.678491714326064,1,43.875286441111484,42.27266299041531,-1.6026234506961714,43.501592871372196,52.65596514552874,9.154372274156543,35.175471437831746,33.660157393034154,-1.5153140447975915,31.697017976294305,18.665275197611194,-13.03174277868311,26.622495747471575,25.31009242585762,-1.3124033216139566,45.199085811875065,53.50679713350934,8.307711321634272
2018-08-31,36.0389668633388,1,40.422088100808615,35.357564543462125,-5.06452355734649,41.218773587617775,51.796366379660896,10.57759279204312,34.6720993215274,29.58222002124947,-5.089879300277929,30.057971149794923,18.803171776715445,-11.254799373079479,26.19156479952197,29.41193758574876,3.2203727862267897,43.67130422076212,51.28254087319613,7.611236652434016
2018-09-07,35.83513771887242,1,35.22730495516686,40.16328209857693,4.935977143410071,40.22612278167543,48.29538911131907,8.06926632964364,36.07027258129264,29.388922717490686,-6.681349863801955,32.11976767634911,22.09614572655137,-10.023621949797743,26.467912679844417,25.618656624324558,-0.8492560555198594,44.89944563890602,49.448430034971885,4.548984396065862
2018-09-14,33.975782095155814,1,33.28299361560322,38.53149091877667,5.248497303173451,41.95941583826908,51.623259858959955,9.663844020690874,33.60305462558067,27.92200234923432,-5.68105227634635,28.8955125345567,20.742600334630964,-8.152912199925737,23.227531700119613,19.81661901139961,-3.4109126887200034,42.886184256805585,45.218720097933364,2.332535841127779
2018-09-21,32.0231370091037,1,30.271345024463642,36.66254093124374,6.391195906780098,38.786257279296045,49.38288372505925,10.596626445763206,33.566109363434705,28.405313124419422,-5.1607962390152835,27.590604087469714,19.30291862831399,-8.287685459155725,22.698727319893663,16.561239438748174,-6.137487881145489,39.2257789800644,41.82392620683762,2.5981472267732215
2018-09-28,30.542267278981814,1,29.89648623514215,34.441024871233765,4.544538636091616,37.87288940960828,47.28298796446224,9.41009855485396,29.849704807893488,24.366814980849156,-5.482889827044332,26.83037156716864,18.625320609243133,-8.205050957925508,21.973485489540295,16.703822784465274,-5.269662705075021,36.83066616453805,41.83363246363739,5.0029662990993415
2018-10-05,29.758693735609885,1,24.386128029161483,32.86930964930312,8.483181620141636,36.432097751145776,45.47593875260658,9.043841001460805,30.4461032929502,24.318910476847478,-6.1271928161027205,27.48160148416534,19.8152159454593,-7.666385538706038,27.543016280273022,21.31011155014511,-6.232904730127913,32.2632155759635,34.76267603929773,2.4994604633342306
2018-10-12,33.107443661942405,1,21.87086921424425,33.40179996426711,11.530930750022861,39.91766998293173,48.74792674039098,8.830256757459253,33.55665355009387,27.038808472124018,-6.517845077969852,34.2987651015066,25.02174866060021,-9.277016440906394,28.44525024996625,23.77596214115151,-4.66928810881474,40.55545387291176,40.65841599312065,0.10296212020888618
2018-10-19,32.19701076193355,1,20.91493249587853,32.31703975486823,11.402107258989702,38.67711925922104,44.64064803560829,5.96352877638725,35.67787007205064,30.385570442475114,-5.292299629575524,33.647282978338666,24.362057293236532,-9.285225685102134,28.382448034129496,22.556623532426542,-5.825824501702954,35.88241173198294,38.92012551298659,3.037713781003646
2018-10-26,33.985431427031784,1,19.448934583339735,26.498303226997933,7.049368643658198,40.02838984498587,39.69004169030897,-0.3383481546768934,35.79595710405029,30.380554489870804,-5.415402614179484,35.80121130926713,29.620304817202864,-6.180906492064267,32.50117306242585,30.154346513628823,-2.3468265487970257,40.33692265812186,47.56903782418129,7.23211516605943
2018-11-02,32.82809799277012,1,19.59892994225423,32.63245258756547,13.033522645311237,40.556675522951366,39.195537517374646,-1.36113800557672,30.91675152883647,24.507148733405657,-6.409602795430814,33.508399319277274,25.88039321785847,-7.628006101418805,32.337622443301,31.07585086419519,-1.2617715791058117,40.05020920000037,43.67720503622125,3.6269958362208854
2018-11-09,32.06551242114622,1,18.410801453699264,28.111574274833103,9.700772821133839,39.911940239998934,37.08927774282355,-2.8226624971753864,27.021530239651497,22.130109897372293,-4.891420342279204,32.25622843353388,25.702242082374582,-6.5539863511592955,31.65067065178212,28.952872698123443,-2.6977979536586787,43.14190350821162,50.40699783135036,7.26509432313874
2018-11-16,31.742128537343557,1,19.102494246983284,27.9113287274608,8.808834480477515,39.742797354839205,36.625049714962664,-3.1177476398765407,26.284486093255197,20.126345569595046,-6.158140523660151,31.756064316376538,26.452849825114924,-5.303214491261613,31.915976413860037,28.92468404724646,-2.9912923666135782,41.6509527987471,50.41251333968147,8.761560540934369
2018-11-23,31.689326222284482,1,20.354579711621824,22.755395170835953,2.4008154592141295,38.84751790797809,35.97196436927928,-2.87555353869881,26.03407639099639,20.37154451159543,-5.662531879400959,30.848941557105817,29.045940974037094,-1.803000583068723,30.91377890244084,26.824975570016235,-4.088803332424604,43.137062863563955,55.16613673794292,12.029073874378966
2018-11-30,33.71186130137276,1,21.364145903670973,26.82605047023536,5.461904566564385,43.1420220089281,40.36574938644767,-2.776272622480434,27.038568378931956,20.710027732172236,-6.32854064675972,30.9304827133614,28.905885158003827,-2.0245975553575732,34.76799149441415,31.304425057989945,-3.463566436424202,45.02795730892997,54.159030003387485,9.131072694457515
2018-12-07,32.138949696410386,1,20.497697304278034,25.252569923005538,4.754872618727504,43.02955221783486,41.14495433899032,-1.884597878844545,24.601250411597704,17.91205040345463,-6.689200008143075,28.764282154022823,28.980444658430457,0.21616250440763451,32.82494448511926,29.188812331375487,-3.636132153743773,43.115971605609616,50.35486652320584,7.238894917596227
2018-12-14,31.609807696920644,1,20.87412967000715,26.138647436956262,5.264517766949112,43.51238019681116,42.3582460346284,-1.154134162182757,23.52017059356865,16.20548194043738,-7.31468865313127,28.147484211572973,28.28962279176784,0.14213858019486736,31.655032087148527,27.745916191226073,-3.9091158959224543,41.94964942241541,48.920931786507886,6.971282364092474
2018-12-21,31.511424467835976,1,20.387771874682485,24.266743249116402,3.8789713744339167,42.91421578979184,42.98985507762704,0.07563928783520169,23.531511784169652,15.700879384693195,-7.830632399476457,28.831706673832613,29.525673816457143,0.6939671426245297,30.51305503637866,27.39439631761654,-3.11865871876212,42.89028564816058,49.19099896150551,6.300713313344929
2018-12-28,32.60011155305418,1,24.657897332005305,28.766228424944188,4.108331092938883,42.663133637646595,40.03103077723212,-2.632102860414477,22.1785058098492,12.559719364741156,-9.618786445108043,31.56787733883374,34.675976689086426,3.1080993502526866,28.216105662112767,22.856285302397353,-5.359820359715414,46.317149537877455,56.71142875992378,10.394279222046322
2019-01-04,31.32385274285247,1,25.594183512748515,23.992905807494466,-1.6012777052540486,41.043705731937244,37.52662222893651,-3.517083503000734,19.97695276137071,11.038647555857807,-8.938305205512904,29.586838802527424,39.149026104997404,9.56218730246998,26.243087811056284,20.449903126144108,-5.793184684912177,45.49834783747466,55.786011633684545,10.287663796209884
2019-01-11,32.07457078952693,1,27.21705695798613,26.739255583183976,-0.477801374802155,43.06313360077039,38.102404929230154,-4.960728671540238,23.314934707116464,11.033451117978615,-12.28148358913785,25.43896781073977,41.068180763446804,15.629212952707036,26.21895300536633,21.350053376184334,-4.868899629181996,47.19437865518251,54.154078967137686,6.959700311955174
2019-01-18,31.11080633665665,1,27.052826306125382,26.877940560600322,-0.1748857455250601,41.827438259783975,36.16519403051383,-5.662244229270144,22.11499705240948,10.638124104134036,-11.476872948275442,24.90633987368591,40.547666529168026,15.641326655482118,23.87033432801026,19.875301180628966,-3.9950331473812923,46.892902199924904,52.560611614894725,5.667709414969821
2019-01-25,28.105413730935982,1,30.13936475550416,36.19617486298601,6.0568101074818514,40.723773777879316,36.457568941496305,-4.266204836383011,14.513300304914281,3.397612643025397,-11.115687661888884,19.9250912671625,29.924348626310206,9.999257359147705,17.718848380520257,18.80494985050335,1.0861014699830918,45.61210389963539,43.851827461294654,-1.760276438340739
2019-02-01,28.15934716975522,1,29.54685259163915,33.82966749356963,4.282814901930479,40.64129278943681,33.66533536504665,-6.97595742439016,12.643214008997603,7.347139937901005,-5.296074071096598,20.52200581801776,28.709436248842934,8.187430430825174,19.15537243385775,17.504925728084714,-1.6504467057730352,46.44734537658222,47.899578245086374,1.4522328685041543
2019-02-15,27.396671630531603,1,28.00548269521616,34.35309240789931,6.347609712683152,38.875357329591274,34.30294792297736,-4.5724094066139145,12.24321399067368,5.755791301455389,-6.487422689218292,21.036225136678283,26.22514702174196,5.188921885063678,20.415312210021185,19.09482721204118,-1.320484997980003,43.80443842100904,44.648223917074446,0.8437854960654079
2019-02-22,26.79323886663361,1,25.68115088222116,26.420827243147798,0.7396763609266372,37.987243148153716,36.935112111565665,-1.052131036588051,14.777003908859527,7.453129674608547,-7.3238742342509795,22.92989319129984,23.719097098409662,0.7892039071098225,21.24941333326278,19.29021429826659,-1.959199034996189,38.13472873600466,46.94105277380346,8.806324037798802
2019-03-01,27.817763437698563,1,26.116240101645403,28.59099838138836,2.4747582797429573,39.09627836522411,40.507589057414435,1.4113106921903267,15.818784717870884,10.615703772481737,-5.2030809453891464,23.36917106068863,20.123567747226204,-3.245603313462425,21.595220115637773,20.782585987203277,-0.812634128434496,40.91088626512458,46.28613568047739,5.375249415352812
2019-03-08,29.238174924875732,1,28.651489497322856,33.313813653765905,4.662324156443049,42.204783342907504,41.79596020494111,-0.4088231379663938,14.915549222702765,12.01440932158009,-2.9011399011226757,24.971907986292052,17.57496605146939,-7.396941934822664,22.064616779817854,24.17309225536667,2.108475475548815,42.62070272021135,46.55680806213126,3.9361053419199123
2019-03-15,30.62043223690485,1,28.98575399250862,34.777691647089426,5.791937654580806,42.76914587574551,44.68472907192675,1.9155831961812453,15.907464368538058,12.59945569162386,-3.3080086769141985,29.0036356046557,16.475928456512634,-12.527707148143065,25.320185727687686,29.69602180765564,4.375836079967954,41.73640785229355,45.488766746620826,3.7523588943272728
2019-03-22,31.383487149685806,1,29.276110096462844,30.644196674716824,1.3680865782539797,44.68395128882288,51.3927819472365,6.708830658413618,17.387185658111378,12.283252844060613,-5.103932814050765,29.09117851373098,13.578868829177296,-15.512309684553685,25.623623049605172,34.90041716313708,9.276794113531906,42.23887429138158,45.501405439786524,3.262531148404946
2019-03-29,33.73022793894251,1,30.653897098873713,40.79033141178725,10.136434312913536,48.427302449819855,52.18984309710479,3.7625406472849363,17.013650062901988,14.22277323796449,-2.7908768249374987,28.66546274138136,9.762367567068537,-18.903095174312824,31.608057265911327,37.196748988540605,5.588691722629278,46.01299801476683,48.2193033311894,2.206305316422572
2019-04-05,38.074695829745615,1,38.229132005328395,50.623947786489836,12.39481578116144,52.16984049793216,55.033774963366966,2.8639344654348093,28.18026274799142,21.09453325722366,-7.085729490767761,22.713126747819942,8.006284731641287,-14.706842016178655,36.924752259452006,43.97179972311622,7.047047463664214,50.2310607199498,49.71783451663584,-0.5132262033139625
2019-04-12,39.92182338468586,1,39.1237153547503,52.30740195866923,13.183686603918929,52.52992806277225,56.89720572105018,4.367277658277928,33.41992703766881,22.474107216543246,-10.945819821125568,27.1612955266432,7.836043805298971,-19.32525172134423,38.193187167655694,48.38512761778243,10.191940450126737,49.102887158624895,51.63105398877107,2.5281668301461764
2019-04-19,37.909928300271226,1,26.52520549217293,49.08155945319996,22.55635396102703,47.363097627545486,57.50420681150264,10.141109183957155,32.1319192843885,19.67801500576526,-12.453904278623241,32.35141086230091,9.951438798915646,-22.399972063385263,38.602524271428706,48.25212559098685,9.649601319558144,50.48541226379082,42.99222414125701,-7.493188122533809
2019-04-26,41.80155905320646,1,27.45819636461013,54.72023707201804,27.262040707407905,53.008339202292866,54.38205998030717,1.3737207780143024,34.31816006091401,24.526928092109614,-9.791231968804397,40.76618747505531,12.55592761748904,-28.21025985756627,42.778335800802964,55.7828394628243,13.004503662021335,52.480135415563495,48.84136209449066,-3.638773321072833
2019-05-03,40.854512817161066,1,23.365265828539165,39.144515328863875,15.77924950032471,52.527484202090164,62.95078016970271,10.423295967612546,34.772375927588584,21.738636829109353,-13.03373909847923,41.21585513384591,13.147254670652224,-28.06860046319369,42.03019839047071,61.7501752714202,19.71997688094949,51.21589742043186,46.39571463321805,-4.82018278721381
2019-05-10,40.59914834689079,1,21.25223412141675,37.759221014250386,16.506986892833638,51.25625424226423,63.9893944048459,12.733140162581677,32.84861687953364,22.100988429666643,-10.747628449866994,43.06025687225694,13.266644023339197,-29.793612848917746,43.47830315656448,62.76403480047068,19.285731643906203,51.699224809308674,43.71460740877191,-7.984617400536763
2019-05-17,40.81242791980937,1,21.562020593538577,38.497450098314445,16.93542950477587,50.900087017409895,62.184340789153204,11.284253771743309,34.343955770124495,24.05461179228905,-10.289343977835443,44.009446962875295,13.053636762970179,-30.955810199905116,43.05742585414094,68.28008264733427,25.22265679319333,51.001631320767046,38.804445428795134,-12.197185891971912
2019-05-24,41.97923730621273,1,20.342639352590425,25.65632969496305,5.313690342372624,51.88596699301218,73.15323109623611,21.26726410322393,37.90299853138298,20.626970224728197,-17.27602830665478,42.52041493393316,16.24400036264334,-26.27641457128982,49.68089456932785,72.54783720603848,22.866942636710633,49.54250945702977,43.647055252667194,-5.895454204362579
2019-05-31,40.59252628471499,1,20.680146817034498,25.357006354938846,4.676859537904349,49.00145629143897,66.58280423662806,17.581347945189094,35.91111012447814,18.924238186564907,-16.986871937913236,42.08624268131835,16.330716253003104,-25.75552642831525,47.95944102669219,74.19506291182064,26.235621885128452,47.91676076732778,42.1653297653344,-5.751431001993382
2019-06-14,38.165606782812375,1,21.436173395415906,32.268303055742635,10.832129660326729,47.78060308835382,45.04684483582452,-2.7337582525292987,34.278439059007724,12.07678176121857,-22.201657297789154,42.2167733011554,18.20505261559842,-24.01172068555698,37.87147415489482,85.71594265293473,47.84446849803991,45.410177698046574,35.680715775555434,-9.72946192249114
2019-06-21,39.01699752089568,1,18.828892126724043,26.925763035565467,8.096870908841424,49.14178632218224,49.080475898649894,-0.06131042353234761,32.04322388394506,11.11144257919861,-20.93178130474645,45.5449148370151,31.461718876166756,-14.083195960848343,43.24674042920265,79.66944470243973,36.42270427323708,45.29642752630496,35.853140033353604,-9.443287492951356
2019-06-28,39.60654330681078,1,22.46181434268472,27.25645958192146,4.794645239236743,47.068303919391994,51.17556768612771,4.107263766735713,33.475552507748404,18.34249180176964,-15.133060705978764,46.63362874327452,33.048973195053584,-13.584655548220937,45.37588846743676,73.15568891338978,27.779800445953022,42.62407186032827,34.6600786626025,-7.96399319772577
2019-07-05,41.063651588907675,1,26.62598761188727,29.026212851280505,2.4002252393932366,47.37596116839529,54.56521100703341,7.189249838638119,36.26269462527764,21.163481907195695,-15.099212718081944,47.89537971039041,33.38090215096066,-14.51447755942975,46.141283782069266,72.98942969268428,26.848145910615017,42.08060263542613,35.256671924291425,-6.823930711134707
2019-07-12,42.35057561412664,1,27.986162743638445,32.37531662099951,4.389153877361068,48.05656041624684,56.26175050832725,8.205190092080414,40.95588627365097,25.20011332482199,-15.755772948828977,49.08280310479976,34.428531504057254,-14.654271600742504,45.706024111727885,72.593266332451,26.88724222072311,42.31601703469595,33.2444753941028,-9.071541640593153
2019-07-19,42.68551801615717,1,28.54900217116662,33.51322080261353,4.9642186314469114,48.396475853420704,57.212648772643796,8.816172919223092,38.45157972336524,23.746341876998486,-14.705237846366757,50.28721449511991,34.681047391295834,-15.606167103824077,46.39217364890976,73.45707954273188,27.064905893822115,44.03666220496077,33.50276971065947,-10.533892494301298
2019-07-26,43.756807132752904,1,28.339565219180997,35.530524222003464,7.190959002822467,50.11288840897137,58.618987025865806,8.506098616894434,40.36812111063282,23.847831930417918,-16.520289180214903,51.56593294163258,35.993103161984536,-15.572829779648046,47.42210965002545,74.62944676633782,27.207337116312374,44.73222546607424,33.92094968990793,-10.811275776166312
2019-08-02,42.83056938493198,1,27.966975060603843,35.63923342760829,7.672258367004446,49.39131751687517,55.21674109445582,5.825423577580651,39.85215786791122,23.62386581984164,-16.228292048069576,49.16104750520761,35.94755301793668,-13.213494487270935,46.22444431467009,73.6718499480572,27.447405633387113,44.38747404432395,32.884173001692275,-11.503301042631676
2019-08-09,43.03288085127999,1,28.409372745042035,35.18666488475259,6.777292139710553,49.658092867463864,54.06446329995984,4.406370432495976,40.265183815718906,25.256014927392904,-15.009168888326002,49.74282241396969,37.33590113350169,-12.406921280467998,45.8724932853528,74.11745217568546,28.244958890332654,44.24931998013262,32.23678868638738,-12.01253129374524
2019-08-16,43.962001970903486,1,27.187678161502674,39.254932018576554,12.06725385707388,50.601182580368494,53.02205689893945,2.4208743185709523,41.58479316310529,29.550602787984744,-12.034190375120545,51.159614133124094,37.86365708258873,-13.295957050535364,48.766195021333665,72.19557669353534,23.42938167220168,44.472548765986716,31.88518634379608,-12.587362422190637
2019-08-23,44.354386414508674,1,27.737171968314925,40.32442521267389,12.587253244358962,51.51841363774744,53.735363584351106,2.2169499466036626,40.72198388201679,29.317060683907343,-11.404923198109444,50.80547219319906,42.19174405326083,-8.613728139938232,50.42614891456038,66.41426616022568,15.9881172456653,44.91712789121348,34.143458792633254,-10.773669098580228
2019-08-30,43.8194367163914,1,29.76318452585153,31.16362851775648,1.4004439919049503,53.72646948515853,65.79489329706976,12.06842381191123,38.73063634000895,33.19714528993428,-5.533491050074673,50.76339405552692,38.17564243970849,-12.587751615818433,46.77407779595375,66.63446043763994,19.860382641686193,43.15885809584869,27.950850316239404,-15.20800777960929
2019-09-06,43.32642422533646,1,29.157893712253554,33.727895167915264,4.570001455661711,53.38056489733469,64.16760968308255,10.787044785747852,38.662759045651065,33.834976257970304,-4.827782787680761,51.02146783174973,36.80445950626196,-14.217008325487768,47.253655017541426,64.99436393182151,17.740708914280084,40.482204847488305,26.429240804967193,-14.052964042521111
2019-09-13,43.4994207431291,1,29.77516173642354,35.66477891123684,5.889617174813296,53.57963147245426,63.45193330395414,9.872301831499882,37.909060948156146,35.709269487710635,-2.1997914604455104,50.459764083875704,36.123054930878006,-14.336709152997699,48.235082769188246,61.887998844383496,13.65291607519525,41.037823448676704,28.159488980611513,-12.87833446806519
2019-09-20,42.45196595123602,1,29.881579280581562,37.743863022823646,7.862283742242084,52.7791032073761,61.0433860634193,8.264282856043195,37.87238645373018,38.280500432055725,0.4081139783255452,48.95980200262739,33.86575782080862,-15.094044181818774,44.20268500397364,59.968859368977775,15.766174365004133,41.01623975912726,23.80942899933106,-17.2068107597962
2019-09-27,42.78646401564665,1,28.805010166174938,36.266697255242505,7.461687089067567,53.79750349420385,64.7040795819708,10.90657608776695,38.36752529998962,37.00271722441501,-1.364808075574615,49.68924356791459,34.405705042293704,-15.283538525620884,44.39454355437425,56.88554121170537,12.490997657331121,41.66495801122265,27.454043778252483,-14.210914232970168
2019-10-04,40.21049176829373,1,30.825858011930094,35.41966948858678,4.593811476656683,51.1798339747116,61.196994696770545,10.017160722058946,36.44727612512574,34.798102475899626,-1.649173649226114,45.79709375486802,30.30240825103548,-15.494685503832542,43.92511597586519,57.08263527290995,13.157519297044757,33.0877727672617,22.463140424559953,-10.624632342701744
2019-10-11,40.18232720755099,1,30.41093902459808,33.942906744156716,3.5319677195586365,52.32599393928767,60.6784438304268,8.35244989113913,35.08496186376789,30.154065204797234,-4.930896658970653,46.88619909941999,33.67940305873595,-13.20679604068404,44.478301582969195,56.7342708500791,12.255969267109904,31.907567735263143,25.904873557110164,-6.002694178152979
2019-10-18,36.96695614497282,1,27.29790026674128,31.17008422444154,3.8721839577002584,49.666710127646205,56.50486075516147,6.838150627515262,33.56428220659873,26.933654601841113,-6.6306276047576205,44.757260708300215,34.484050580237216,-10.273210128062999,41.776481683386734,49.51170790583889,7.735226222452155,24.739101877163762,23.19737880231672,-1.5417230748470416
2019-10-25,37.116549968901815,1,25.618572620569353,31.404840694615984,5.786268074046632,46.77020673836013,48.57577452240372,1.805567784043589,48.21077193168056,34.570212999273515,-13.640558932407046,40.621893273319436,34.578882209288956,-6.04301106403048,38.68759474118515,47.97109566189026,9.283500920705109,22.79026050829627,25.598493725938482,2.8082332176422113
2019-11-01,38.13368944967747,1,27.335125140624157,31.753314575862134,4.418189435237977,46.81738270321178,48.576843103244656,1.7594604000328786,47.956787880749744,38.24495411178377,-9.711833768965974,41.95931159731826,37.563687912562884,-4.395623684755378,39.530339169090034,46.203635017417746,6.673295848327712,25.203190207070847,26.45970197719363,1.2565117701227848
2019-11-08,36.20920014812621,1,22.990494302618558,27.313792861238426,4.323298558619868,45.795714303811835,45.9074364092464,0.11172210543456629,45.90635178956797,35.536401550104905,-10.369950239463066,42.14268095479164,39.68648544314834,-2.456195511643301,38.17176679443044,43.91072753583266,5.738960741402224,22.248192743536848,24.900357089186542,2.6521643456496946
2019-11-15,35.682854725684365,1,22.267781068282986,27.590374647753706,5.32259357947072,46.67772963898849,47.15094784808161,0.47321820909311896,46.16907629545747,35.260768925612794,-10.908307369844678,40.11682751868814,37.74105077374807,-2.375776744940069,37.028620167198135,41.78685898723983,4.758238820041697,21.837093665490954,24.56712717167011,2.7300335061791543
2019-11-22,35.2321840465714,1,21.833176738031256,26.216906217900686,4.38372947986943,46.1750560712284,46.610219781296294,0.4351637100678971,47.00028457076411,36.560564221330154,-10.439720349433955,40.11989531844159,36.32413031383169,-3.7957650046099047,37.25900703392697,42.53361524391452,5.274608209987548,19.005684547036054,23.147668501154996,4.141983954118942
2019-11-29,34.29075061346244,1,21.64059206278013,27.253956500580657,5.613364437800527,45.11853673025177,46.368015670674986,1.2494789404232165,44.827455791086436,33.2257657153319,-11.601690075754533,39.50541639975614,34.85593163991821,-4.649484759837932,37.88079013800948,44.01589112220318,6.1351009841936985,16.771712558890712,20.02494303206568,3.253230473174966
2019-12-06,34.27089658452767,1,21.52554406143848,27.359548609448723,5.834004548010242,44.92628168730712,46.17809560054142,1.251813913234301,43.19673163043296,31.918147693318552,-11.278583937114405,39.32431758086451,35.201871529619275,-4.122446051245234,38.331624905474214,44.3908529720906,6.0592280666163845,18.320879641648702,20.5768631021474,2.2559834604986975
2019-12-13,33.08568601112783,1,22.455960740821936,28.307483128712263,5.851522387890327,45.55485646946285,43.18713882575058,-2.3677176437122682,43.542432916260715,34.48759824079621,-9.054834675464505,37.27033893998346,32.16950384228383,-5.10083509769963,37.6473427731598,41.180230318770406,3.532887545610606,12.043184227078214,19.182161710453684,7.13897748337547
2019-12-20,31.15600702534216,1,21.28566266738399,18.46068580895492,-2.8249768584290678,42.26068860167388,46.04689955736747,3.7862109556935906,44.49371457081739,42.43849055214497,-2.055224018672419,30.02803216061433,22.36424836573309,-7.66378379488124,38.95980805043634,42.37503219881195,3.4152241483756143,9.908136101126999,15.250685669040507,5.342549567913508
2019-12-27,29.666361551024437,1,18.18776135788545,25.938054045583712,7.750292687698263,39.123832966119956,33.8155808799764,-5.308252086143554,42.81448414478711,37.59140879725263,-5.2230753475344756,28.12243296483858,24.37114670542711,-3.751286259411472,39.14518202578616,41.530863892289325,2.3856818665031625,10.604475846729358,14.751114985617477,4.146639138888119
2020-01-03,29.511354693649267,1,16.870479105804577,22.274298528790737,5.40381942298616,39.60386761790715,36.41807696793877,-3.185790649968382,41.57375612309079,38.860239959828874,-2.7135161632619145,28.10269983630154,24.457298844947147,-3.6454009913543928,39.93659187868049,42.27683982965398,2.3402479509734917,10.980733600111051,12.78137403073606,1.800640430625009
2020-01-10,29.51202545855425,1,14.62452178722404,19.307346466653343,4.682824679429302,39.233382641966166,36.8804946131227,-2.3528880288434664,42.190483091076096,38.48537293558079,-3.705110155495305,28.341803941389173,26.747286459280886,-1.5945174821082873,39.69245698904944,42.517546551507344,2.8250895624579044,12.989504300620581,13.134105725180419,0.1446014245598377
2020-01-17,30.58943023938417,1,16.540869790582406,20.977325607795947,4.436455817213542,39.43663971574243,37.30981590037415,-2.126823815368283,42.02343164796169,39.86677869114334,-2.1566529568183483,28.72586741630002,27.923549924106865,-0.8023174921931542,40.51491891526607,43.46279673166864,2.947877816402567,16.29485395045242,13.99631458121614,-2.2985393692362805
2020-01-24,30.786198184606206,1,13.783671916581312,19.57145200491243,5.787780088331118,39.37940915302584,36.740025151364,-2.6393840016618384,43.020234601517075,39.934414998291416,-3.0858196032256586,29.718802799279857,30.634496364662894,0.9156935653830374,40.985659081304796,42.63398035912956,1.6483212778247633,17.82941155592836,15.20282022927698,-2.626591326651379
2020-01-31,34.802668906290336,1,23.296928497445492,23.9935274493851,0.6965989519396061,41.60333087267341,41.69991273801668,0.09658186534326774,47.27527043683956,48.47430503913843,1.199034602298866,27.23988707669905,25.545677898801785,-1.6942091778972639,42.93605623612124,47.75466587482479,4.818609638703549,26.46454031796327,21.347924437575244,-5.116615880388025
2020-02-07,37.41159713225573,1,21.816424854012837,28.117320706309314,6.3008958522964775,43.610124764705375,43.23285231324513,-0.377272451460243,48.34952629836086,50.12690660747364,1.777380309112786,32.721813636215714,25.77656945464868,-6.945244181567034,44.04830742515715,50.20294210173269,6.15463467657554,33.923385815082455,27.012991610124928,-6.910394204957527
2020-02-14,36.3911678466498,1,24.95072495601255,31.373800132669842,6.423075176657292,42.3793847409003,43.177837634704936,0.7984528938046367,46.367520391838305,49.629344586936874,3.261824195098569,30.82353971143833,21.63418570320205,-9.189354008236279,43.34035630489529,50.56554404902382,7.225187744128533,30.485480974814067,21.966294973361315,-8.519186001452752
2020-02-21,34.44804867649578,1,24.097735618481536,30.99969142051809,6.901955802036554,41.449854946588154,42.561465724293335,1.111610777705181,46.35157028244031,49.25749113953085,2.9059208570905355,28.631767484855487,19.71085460590561,-8.920912878949878,37.966279173411934,43.05835989599571,5.092080722583773,28.191084553197214,21.100429272731034,-7.09065528046618
2020-02-28,47.362128788144794,1,42.81178055895133,50.097630888512256,7.28585032956093,48.6640942805039,42.58963063462073,-6.074463645883171,54.635119270813625,57.690280096082866,3.0551608252692404,44.57023525103136,26.995424700470693,-17.57481055056067,48.20671763191069,72.74429621273116,24.537578580820465,45.28482573565788,34.055510196451074,-11.229315539206809
2020-03-06,47.282573289082286,1,46.56903610986641,56.16573129728639,9.596695187419982,50.44236310223823,41.889475971321616,-8.552887130916616,53.34954349786135,54.43453080025024,1.084987302388896,43.94350143130681,28.748767226745564,-15.194734204561243,46.262036010666364,68.66443273946665,22.402396728800284,43.128959582554636,33.79250169942335,-9.336457883131288
2020-03-13,65.24121571978631,1,58.34443305696468,71.32100810849013,12.976575051525451,68.80740452166233,58.993030153262914,-9.81437436839942,70.224121301998,67.09699737131591,-3.127123930682089,65.47331917233646,44.50604798905403,-20.967271183282428,60.435094146051284,99.13614878374285,38.70105463769157,68.16292211970512,50.39406191285201,-17.768860206853105
2020-03-20,68.44177579205713,1,65.36721239213881,70.02865092892885,4.661438536790044,72.97902963197497,58.0484535921162,-14.930576039858764,71.66606438237577,68.12644264551926,-3.5396217368565033,70.9873151707578,58.344984410550424,-12.642330760207372,61.781876229654316,104.47032661064208,42.68845038098776,67.86915694544109,51.63179656458593,-16.237360380855158
2020-03-27,70.56390222733621,1,66.35618861504477,78.22160746084538,11.865418845800605,75.01874036678515,59.23324272235716,-15.785497644427991,73.7953240119291,69.70820844636177,-4.087115565567331,73.99708447531147,57.92459376507249,-16.07249071023898,63.699691408983576,108.3618887339378,44.66219732495423,70.51638448596324,49.9338722354427,-20.582512250520544
2020-04-03,70.81447689310382,1,66.58488500136333,80.15361815708548,13.568733155722143,74.51654008649905,56.55321744080235,-17.9633226456967,73.93104951432312,70.35049810173774,-3.580551412585379,73.40426511702476,57.59986326191361,-15.804401855111152,64.50069340064493,112.10884623730777,47.60815283666284,71.94942823876765,48.12081815977588,-23.828610078991773
2020-04-10,71.6233661613374,1,68.60935356363605,80.89562848037338,12.286274916737327,74.76169784907428,55.2227466958675,-19.53895115320678,73.65667128797212,70.31316605843051,-3.3435052295416057,74.6114018032004,61.806486934430765,-12.804914868769629,64.92814557467102,112.6539845076827,47.72583893301167,73.17292688947053,48.84818429123956,-24.32474259823097
2020-04-17,71.99653239731946,1,69.1680028860286,87.59848728373792,18.43048439770932,75.14453217013228,54.14041694637953,-21.00411522375275,74.34255279218618,69.26728838956285,-5.075264402623333,75.08097287005634,59.44812567513186,-15.63284719492448,65.10479454495783,111.65725122893016,46.55245668397234,73.13833912055546,49.86762486017437,-23.27071426038109
2020-04-24,72.00193033206982,1,69.16831932056726,85.98311522279548,16.814795902228212,75.55961492558492,52.032922259387114,-23.52669266619781,74.45077307709123,68.31779333500116,-6.132979742090072,75.16146001904681,59.80355895141547,-15.357901067631346,64.54266085909391,114.77462917061192,50.231968311518,73.1287537910348,51.09956305320783,-22.029190737826966
2020-05-01,72.1876929941752,1,70.30701586601636,84.91208112795013,14.605065261933774,75.89044090526632,50.46178897130868,-25.42865193395764,74.30397305546582,69.81810734027698,-4.485865715188837,74.90266222682826,63.69431376515353,-11.208348461674724,64.51591112128192,115.42103441347074,50.90512329218882,73.20615479019251,48.818832346891085,-24.38732244330143
2020-05-08,72.12497180415293,1,70.10020759859151,94.49093069724998,24.39072309865847,75.76010873154861,49.47528323020019,-26.284825501348422,74.4407470218932,67.76258112422695,-6.678165897666247,75.74936837077098,61.97863914501989,-13.77072922575109,63.958279480746214,116.98810580909031,53.0298263283441,72.741119621367,42.054290819130195,-30.68682880223681
2020-05-15,72.24532115735683,1,69.18885469490789,99.0420750624241,29.853220367516215,75.694880891534,55.40420060452182,-20.29068028701218,73.61745003071377,66.88680724506975,-6.730642785644022,76.48782867487182,58.06973618750184,-18.418092487369982,65.82432529312685,114.94402218063499,49.11969688750814,72.65858735898667,39.12508566398849,-33.53350169499817
2020-05-22,72.19832095654182,1,68.81401847552209,100.40294627504514,31.58892779952305,75.05579506956413,58.95960154818759,-16.096193521376534,73.26262208063972,63.69529708096182,-9.567324999677894,76.30698717459072,58.6068785157796,-17.700108658811118,67.70067747224871,110.50753060571267,42.80685313346396,72.04982546668553,41.01767171356403,-31.032153753121506
2020-05-29,71.50848744171297,1,67.53730280206065,104.41140317526026,36.87410037319961,75.48728548096074,51.36009139354798,-24.127194087412754,72.96657857628074,65.0855307193627,-7.881047856918045,77.18461600198452,48.830743371091486,-28.353872630893036,63.97517092387727,123.55126169643657,59.5760907725593,71.89997086511397,35.811894294578806,-36.088076570535165
2020-06-05,70.2970172105269,1,66.21564289889443,103.23553915403807,37.019896255143635,76.74419840155075,47.301567374886616,-29.44263102666413,72.68367150710547,58.99602381845658,-13.687647688648894,76.01745924813522,50.32715866122104,-25.690300586914184,62.38413660116562,126.99023167379752,64.6060950726319,67.73699460630995,34.931582580761585,-32.805412025548364
2020-06-12,71.96151708244152,1,68.44742245544624,100.94134471119953,32.49392225575329,77.3351821472974,52.68843336192492,-24.64674878537248,73.15950841958181,58.22768280233828,-14.931825617243533,76.04035147758518,57.66560114590085,-18.374750331684325,63.79963420043813,127.66005414687541,63.86041994643728,72.98700379430042,34.58598632641022,-38.4010174678902
2020-06-19,71.9817131029547,1,69.04061934351313,98.06211647719002,29.02149713367689,77.70629140097705,51.10061201792825,-26.605679383048802,71.44384297417089,64.70169389455833,-6.74214907961256,76.30609628793756,56.75272239237273,-19.55337389556483,64.04439669899625,126.44506223823043,62.40066553923418,73.34903191213328,34.828071597448385,-38.5209603146849
2020-06-26,71.95902097851048,1,69.29381454083466,95.29303488203223,25.99922034119757,77.57982656011312,50.62290849014936,-26.956918069963763,71.65714043291172,70.33011314025629,-1.3270272926554298,76.26343666610398,56.30568691348618,-19.957749752617808,64.02644405513115,124.18274420792093,60.15630015278978,72.9334636159683,35.019638237217976,-37.91382537875032
2020-07-03,71.76938684866546,1,69.04594875769938,90.0805329458536,21.034584188154227,76.91750806113805,51.645629958269275,-25.271878102868776,71.3460134044852,71.2237920778677,-0.12222132661750607,76.13903133353602,56.95798513190649,-19.181046201629535,63.77098434015881,125.25386134884982,61.48287700869101,73.39683519497524,35.454519629245866,-37.94231556572937
2020-07-10,71.71492134283584,1,68.73339288148068,89.96970336674887,21.23631048526819,76.90419684422606,51.38316979530117,-25.521027048924893,71.48184379562203,70.79148304570043,-0.6903607499215951,76.04593714854443,57.51827697800789,-18.527660170536535,63.48026410480045,125.74420284862438,62.263938743823935,73.64389328234141,34.88269202263231,-38.7612012597091
2020-07-17,71.85084516068297,1,67.8396644050112,93.02834588668296,25.18868148167175,76.98954790932916,46.79731309860541,-30.192234810723754,71.40383198182727,71.95295296350008,0.5491209816728144,76.28250609543741,58.098612803424636,-18.183893292012776,64.72390196946304,126.17194672197789,61.448044752514846,73.86561860302969,35.05589948990679,-38.809719113122895
2020-07-24,71.6448319600559,1,68.14623935168547,89.78403502096023,21.637795669274766,76.72302671677701,48.702991088556395,-28.02003562822062,71.47705398473593,71.02227571151107,-0.45477827322486064,76.09425205580013,58.88306783653832,-17.211184219261803,64.3617455410334,127.30208199991031,62.940336458876914,73.06667411030344,34.174540102859055,-38.89213400744438
2020-07-31,70.47241517838248,1,66.24264224295635,85.40435199784602,19.16170975488967,76.42866300280892,46.64172402673134,-29.78693897607758,70.59364678023796,72.40558988662781,1.8119431063898475,75.71570031902854,56.58309149687473,-19.132608822153813,62.8637161346937,129.40404253881255,66.54032640411884,70.99012259056933,32.395691123402344,-38.594431467166984
2020-08-07,70.60170325932688,1,68.83684748497564,78.60788730074515,9.771039815769512,76.36052702271701,48.60731039495005,-27.75321662776696,70.94773126953874,70.52813106161705,-0.4196002079216896,74.96947107972414,61.02468534127121,-13.944785738452936,62.207548955112976,130.09123293246225,67.88368397734928,70.28809374389276,34.75097252491561,-35.53712121897715
2020-08-14,70.31704865321575,1,68.439954758465,78.4924151083865,10.052460349921489,76.2524698449688,46.22408453963683,-30.028385305331973,70.61157335625202,69.36694017179636,-1.2446331844556653,74.7951903082465,63.464029062860156,-11.331161245386348,61.1860567619818,132.02882614661945,70.84276938463765,70.61704688938042,32.32599688999528,-38.29104999938514
2020-08-21,69.80949539305306,1,68.33674964914425,72.34202302752158,4.005273378377325,75.27581366411476,45.95618678134174,-29.319626882773022,70.37774746017533,67.52307975622745,-2.8546677039478823,73.68221333485374,72.9971199375865,-0.685093397267238,61.35844981491204,129.8870313108894,68.52858149597736,69.82599843511824,30.151531544751695,-39.674466890366546
2020-08-28,69.569980664359,1,67.86006812729603,72.21087741855263,4.350809291256596,74.37614605711039,44.30905183272526,-30.06709422438513,69.98840368500824,67.44053019561925,-2.5478734893889907,74.20554080420547,71.6145366094346,-2.591004194770875,61.33251093632418,130.59517804814345,69.26266711181927,69.65721437620974,31.249709881678854,-38.40750449453088
2020-09-04,68.82898014618557,1,67.62041668936399,73.69813534795048,6.077718658586491,73.89922919486986,40.08506118685804,-33.81416800801182,69.66806386969358,63.632979476420466,-6.035084393273117,73.65446542249437,72.79346882378324,-0.8609965987111252,59.443255341391016,134.35894933227607,74.91569399088505,68.68845035930065,28.405286709825177,-40.28316364947547
2020-09-11,68.42296480147222,1,66.7456669739702,67.05623261950711,0.31056564553691146,73.36046369582415,43.35942203211303,-30.00104166371112,69.17711085586235,67.30834182113891,-1.8687690347234422,73.40956390505794,70.72915381612007,-2.6804100889378617,59.38550092901518,133.04874505960174,73.66324413058656,68.45948244910346,29.035893460352383,-39.42358898875108
2020-09-18,67.18901105834227,1,65.78528251572118,59.82765853719753,-5.9576239785236496,72.00853290374437,35.32952736330104,-36.67900554044333,67.96079704123598,72.01400133755544,4.053204296319464,71.49109128059115,72.85151936642279,1.3604280858316429,57.89076584036802,136.00671699522496,78.11595115485694,67.99759676839298,27.104642750351857,-40.892954018041124
2020-09-25,65.26005389948484,1,60.01316124069148,70.69326391567697,10.680102674985484,70.7559009909254,32.65311589184102,-38.10278509908438,66.65065970012088,60.28360202392238,-6.367057676198506,70.5343894217062,70.49407841891524,-0.04031100279095767,57.358526600022,133.83436467819894,76.47583807817693,66.24768544344309,23.60189846835445,-42.64578697508864
2020-10-02,67.30344029335333,1,66.72594340115222,56.84891102127924,-9.877032379872979,71.4200285431794,46.10581433015215,-25.31421421302725,66.46291815800151,71.17015402081037,4.707235862808858,72.84433549366106,73.02269814396902,0.17836265030796028,58.74656684912445,129.89825901778363,71.15169216865918,67.62084931500132,26.774805226125572,-40.84604408887575
2020-10-09,65.46184569322895,1,63.37625296455999,61.0484724724166,-2.32778049214339,70.18720710338683,38.088728912036416,-32.09847819135041,65.83307476156484,64.25022117075557,-1.582853590809279,71.08477779896319,73.22845974642814,2.1436819474649553,56.754046101879446,130.38883768937797,73.63479158749851,65.5357154290194,25.76635416835898,-39.769361260660425
2020-10-16,65.0721468644005,1,64.2808753504712,60.709230950108854,-3.571644400362352,70.15235926304867,40.59703455963445,-29.555324703414215,64.82205788926066,58.29624611149048,-6.52581177777018,70.93101403044105,75.99807191072202,5.06705788028097,55.41951527504886,125.61059015329883,70.19107487824996,64.82705937813247,29.221707501148266,-35.60535187698421
2020-10-23,64.46796884536231,1,63.07368099095407,66.96752976570758,3.893848774753515,70.02230972156309,37.97410263102737,-32.04820709053572,63.012791222055874,54.00715609791582,-9.005635124140056,70.59382312627253,75.38533510855197,4.791511982279445,55.623769526965646,125.08610815590497,69.46233862893932,64.48143848436266,27.387581313066114,-37.09385717129654
2020-10-30,62.665508399257845,1,57.23280948313063,56.11807088042507,-1.1147386027055575,68.62861576933346,36.385058939715464,-32.243556829618,60.958312308607105,54.923523817741994,-6.034788490865111,70.64145674042776,73.64239296472842,3.000936224300659,55.000476832425825,119.27862146095256,64.27814462852675,63.53137926162232,35.64538233198351,-27.885996929638807
2020-11-06,65.65262867833863,1,68.0874825989904,43.5575530312,-24.529929567790404,71.05539534907214,43.87602240850389,-27.17937294056825,63.08289107118277,66.65467220081734,3.571781129634573,70.15067533261187,87.92870370397954,17.778028371367668,56.91739550009247,122.20302366519812,65.28562816510565,64.62193221808214,29.695797060332907,-34.92613515774923
2020-11-13,64.81452502792092,1,66.8290594470558,44.29295329198739,-22.53610615506841,70.45787997959036,42.028486598196274,-28.429393381394085,63.08436614784892,63.56143165216181,0.47706550431288974,70.04955853031626,89.24463936181434,19.195080831498075,56.59146919578146,121.17654118326539,64.58507198748393,61.87481686693276,28.583098080100356,-33.291718786832405
2020-11-20,64.43872991826073,1,64.76229839483472,47.04740847404662,-17.714889920788096,70.23902193099335,40.41332477333223,-29.825697157661118,62.898062959690066,61.607585815935096,-1.2904771437549698,70.19889305236495,89.65803207116373,19.45913901879878,57.26906384033464,117.90373739821433,60.634673557879694,61.265039331346706,30.002290976872352,-31.262748354474354
2020-11-27,64.68261137466229,1,64.90242602380059,44.446331011966585,-20.456095011834,70.80020758371548,41.63558891553541,-29.16461866818007,63.63561756492122,65.69008297780344,2.054465412882223,70.70346262587589,90.91347601628208,20.21001339040619,57.23484592348953,116.35655963050395,59.12171370701442,60.81910852617094,29.053629695882186,-31.765478830288757
2020-12-04,62.18405649475653,1,63.112232394995864,38.822205621292134,-24.29002677370373,67.61866853820345,39.51345728718465,-28.1052112510188,60.508756378731206,67.8357034042844,7.326947025553196,70.55166586143068,83.18527224978658,12.6336063883559,54.33874293213289,118.28383216307178,63.94508923093889,56.97427286304509,25.463868242919617,-31.51040462012547
2020-12-11,60.765925303388165,1,62.13869721809297,39.23512459768517,-22.9035726204078,65.04517229186582,34.87041402277502,-30.174758269090802,60.55235576880807,68.85978814172154,8.307432372913468,68.51008077109591,76.78949571338231,8.279414942286394,52.842045625476075,118.14679453350655,65.30474890803048,55.50720014499005,26.693934811258273,-28.813265333731778
2020-12-18,60.84410336378377,1,62.22648863360805,34.75020694051266,-27.476281693095387,65.04949202975372,28.746397051177205,-36.30309497857652,59.205840885150124,74.48315478911903,15.277313903968903,67.47722673207733,86.51629927607648,19.039072543999154,54.10586091569147,112.14152984262554,58.03566892693407,56.99971098642192,28.427032283191693,-28.572678703230224
2020-12-25,59.172238050404275,1,58.542845613997635,36.7147159602442,-21.828129653753436,63.96953416597127,28.86975032835528,-35.09978383761599,59.078699469743576,65.14519195947526,6.066492489731679,66.48961114147595,83.48626701673133,16.996655875255385,53.458204285922406,110.21649427043003,56.75828998450763,53.49453362531476,30.601008767189484,-22.893524858125275
2021-01-01,58.483168352348734,1,57.94734581701002,35.535868864152604,-22.411476952857413,63.42363948531316,30.238951446547958,-33.1846880387652,59.815243429428435,68.62233145955135,8.807088030122912,66.05903969012684,84.16816905550965,18.109129365382813,50.70029884775728,102.65100845868163,51.95070961092435,52.95344284445665,29.682680829649208,-23.270762014807445
2021-01-08,60.036644725303375,1,60.21282886549398,38.86658655746502,-21.346242308028962,63.93505088211424,32.21800623529215,-31.71704464682209,62.86449752128362,64.62758029173304,1.7630827704494223,67.12588786982013,86.11777944220356,18.991891572383423,51.38185699312688,107.44519829133586,56.063341298208975,54.69974621998141,30.94471753379061,-23.755028686190798
2021-01-15,61.154034607285844,1,60.23763856318237,41.598906541313326,-18.638732021869046,64.21293567628258,32.145972152204365,-32.06696352407822,63.45873577273004,68.60762862864735,5.14889285591731,67.4058780877499,87.49513409806659,20.08925601031669,54.181899044002506,102.36640078135298,48.18450173735047,57.427120499767696,34.710165442130446,-22.71695505763725
2021-01-22,59.52492386880372,1,60.16522951809643,39.7910929879101,-20.374136530186334,65.14752174820015,29.276025435142962,-35.871496313057186,62.37848068200697,69.21756332409541,6.839082642088435,65.9448818980848,91.12869886576516,25.183816967680357,52.86585469404387,100.36487379988503,47.499019105841164,50.64757467239009,27.37128880002362,-23.276285872366472
2021-01-29,60.03849601734969,1,60.549447465720306,44.37845296156884,-16.170994504151466,65.96994035346552,28.813145644792684,-37.156794708672834,63.55414673053452,70.55887558722512,7.004728856690598,66.92392279612993,87.3722220387938,20.448299242663865,55.68614103923063,90.94107761633248,35.25493657710185,47.54737771901729,38.167202255385305,-9.380175463631986
2021-02-05,59.150806375519174,1,61.66566633681311,40.47822527741241,-21.187441059400697,63.71648721498053,36.96935290278935,-26.74713431219118,63.06311854038832,69.25556834748785,6.1924498070995355,65.63173848387135,86.90174014075268,21.270001656881334,56.01348830983166,86.34143465313963,30.32794634330797,44.81433936723012,34.9585169315332,-9.855822435696922
2021-02-12,60.34868504252402,1,63.998855019930915,42.40537888797904,-21.593476131951874,66.0501986725214,37.75413496891623,-28.29606370360517,64.81490185311407,67.09250012069003,2.277598267575968,65.39579509037401,90.09647754880774,24.700682458433732,56.97522703913772,98.34226957030697,41.36704253116925,44.85713258006595,26.401349158444077,-18.455783421621874
2021-02-19,46.82801749175845,1,52.06815504117978,29.259508777863516,-22.808646263316263,53.755638139658565,25.82298306677415,-27.932655072884415,50.04570583481407,59.581708079257055,9.536002244442983,57.04830579677735,83.71314551656758,26.66483971979023,47.034885103884335,62.70278102685859,15.667895922974253,21.01541503423661,19.8879784832298,-1.1274365510068094
2021-02-26,46.29986466360137,1,49.52148230112524,30.104737292360262,-19.416745008764977,51.353024494346165,25.03646046433277,-26.316564030013396,50.16774774918772,59.90826112650503,9.740513377317313,55.126977511602504,82.19776015038155,27.07078263877905,46.76814999715937,60.35230510509392,13.58415510793455,24.861805928187223,20.199663842934683,-4.66214208525254
2021-03-05,39.144149118338014,1,41.20217683922065,29.256091165047103,-11.946085674173545,40.84273157994315,22.885096640402537,-17.95763493954061,41.41934807917157,45.12503360977581,3.705685530604242,51.42942108990159,68.35193467853674,16.922513588635148,40.07229531135867,47.55108090862613,7.478785597267461,19.898921810432483,21.695657707639796,1.7967358972073129
2021-03-12,40.07930594023082,1,41.83427452859726,29.0797752970565,-12.754499231540763,47.48645336539178,24.468944007700514,-23.017509357691267,40.8821950915609,48.045218675198115,7.163023583637212,52.10731920622228,70.27597099224332,18.168651786021037,40.91618483807597,47.8084455042524,6.892260666176426,17.249408611536694,20.797481164934098,3.548072553397404
2021-03-19,40.177538691053,1,41.69330012705799,31.65892220074209,-10.034377926315898,48.91692231629643,30.071729299902437,-18.845193016393992,38.60813791458614,43.65717755452026,5.049039639934122,52.86269400648083,70.5749781362316,17.712284129750778,42.95847103528525,46.550211169499015,3.591740134213765,16.025706746611377,18.552213785422566,2.5265070388111894
2021-03-26,36.70328107080025,1,33.6337773496207,28.183858794687907,-5.449918554932793,47.989435601830166,27.59746277540802,-20.391972826422148,35.97695054079939,38.59589370461934,2.6189431638199494,47.62216179773176,64.90019896859101,17.27803717085925,41.045655532446354,44.262964489160304,3.21730895671395,13.951705602373153,16.67930769233493,2.7276020899617777
2021-04-02,34.97776931470337,1,30.22181887779506,30.791496838408563,0.5696779606135038,44.30014012954104,25.95725664229746,-18.342883487243583,35.54608726753115,34.478403081284284,-1.067684186246865,45.91925081850898,61.10867126591432,15.18942044740534,40.549130915122134,40.93762530222111,0.388494387098973,13.330187879721834,16.59316275809448,3.2629748783726455
2021-04-09,33.587227577442555,1,28.72385183614601,30.579171751668326,1.8553199155223155,40.69312670494319,26.866240241573216,-13.826886463369974,32.778952672854174,33.601434909151095,0.8224822362969206,45.0722014878344,55.51232868004276,10.440127192208365,39.33506771441877,37.98170869263922,-1.3533590217795535,14.92016504845877,16.982481189580696,2.0623161411219257
2021-04-16,34.66078779388016,1,27.623646969023582,30.081810394548256,2.458163425524674,44.52304072405001,25.9242938160099,-18.598746908040113,34.102130357556774,35.27287839243762,1.1707480348808446,45.508835970093514,61.52022879951413,16.011392829420615,40.759268957832475,38.93291054004408,-1.8263584177883985,15.447803784724613,16.23260482072699,0.7848010360023778
2021-04-23,36.330734474685094,1,30.630373527713346,31.254899209042776,0.6245256813294304,45.78057049308539,31.302698285492795,-14.477872207592597,39.79092255551551,34.564333225288166,-5.226589330227341,45.710350728671926,64.95195810490209,19.241607376230164,40.79130662939031,38.450081308920296,-2.3412253204700164,15.28088291373409,17.46043671446442,2.179553800730332
2021-04-30,37.77025655854504,1,35.08249290973333,33.95411836394162,-1.128374545791715,48.56195285628524,33.58827941159718,-14.97367344468806,39.83038653865624,43.16327184162992,3.332885302973679,46.86704188809964,63.00598181596707,16.138939927867426,38.4334444344413,37.26928286868308,-1.1641615657582207,17.84622072405449,15.640605049451395,-2.205615674603095
2021-05-07,38.15979884189682,1,35.836289170866664,33.32835356022548,-2.5079356106411836,48.65371427414717,35.18462420545135,-13.46909006869582,40.07246750195127,43.94743860381164,3.8749711018603676,47.15725613838799,64.50829442939705,17.35103829100906,39.2057191816883,36.66230658927429,-2.5434125924140147,18.03334678433953,15.327775663221132,-2.705571121118396
2021-05-14,36.09699091901103,1,30.79013100899499,53.386380600324415,22.596249591329425,38.548374791122164,27.840724942081813,-10.70764984904035,39.99362665320859,29.25516769947277,-10.738458953735815,46.61012619467409,57.12527986461526,10.51515366994117,35.64936083264777,27.418357699370134,-8.231003133277639,24.990326033418555,21.556034708201707,-3.434291325216847
2021-05-21,30.640628680631547,1,20.743999887471162,44.73920131534291,23.99520142787175,33.804772188958154,23.882557434467316,-9.922214754490838,31.088613798950064,28.870330824481627,-2.218282974468437,45.78305536483751,43.22865284337843,-2.5544025214590818,31.630621426393176,22.141930282197507,-9.48869114419567,20.792709417179225,20.98109938392153,0.18838996674230657
2021-05-28,32.339471086221224,1,20.535159012885273,47.59098816303816,27.05582915015289,33.87245234004352,26.51177445234346,-7.360677887700064,34.67630600901019,31.068827455157063,-3.6074785538531273,47.829246230477246,45.013627903976094,-2.815618326501152,32.620578979862955,22.313405001127947,-10.307173978735008,24.50308394504816,21.53820354168458,-2.96488040336358
2021-06-04,31.26298170808292,1,20.730991101312057,47.021845956558565,26.290854855246508,30.742855363047397,25.608824327698798,-5.134031035348599,33.43348933629282,27.124012592676436,-6.309476743616386,45.31522527260014,44.239837965883375,-1.0753873067167632,31.38662199226536,21.554412009887486,-9.832209982377876,25.968707182979728,22.028957395792816,-3.939749787186912
2021-06-11,31.836642743521068,1,21.41504490957179,48.85797052275066,27.442925613178872,29.411223900584716,26.728262966757626,-2.68296093382709,34.10973327908485,25.065147058920516,-9.044586220164334,45.20595253514802,48.23464354730482,3.0286910121567985,32.73300904487756,20.0149273981406,-12.718081646736962,28.144892791859462,22.118904967252178,-6.025987824607284
2021-06-18,31.00484926303839,1,20.686779184435252,49.13594824164636,28.44916905721111,30.57941545303963,24.041681695384185,-6.537733757655445,33.32644295612698,26.214271613597177,-7.112171342529805,45.30710468322705,45.94167573976371,0.6345710565366574,32.61899903952404,19.798907144246684,-12.820091895277358,23.510354261877353,20.896611143592196,-2.613743118285157
2021-06-25,30.84728023821346,1,18.7002066438274,48.76490816978799,30.064701525960587,32.25929242137728,22.016408696592976,-10.242883724784306,35.32712047181805,27.647926800989666,-7.679193670828383,45.402437927101346,47.29407223783694,1.891634310735597,31.57470487966414,18.92985877783832,-12.64484610182582,21.81991908549257,20.430506746234883,-1.3894123392576887
2021-07-02,31.14509276584916,1,20.36896277474706,48.856137044397926,28.487174269650865,32.39057882774364,23.019178225613928,-9.371400602129711,36.394876602787235,27.821793156176426,-8.57308344661081,43.63087954818208,47.13741661884333,3.5065370706612526,31.576674714640575,18.807365618208436,-12.769309096432139,22.50858412699438,21.228665931854977,-1.2799181951394019
2021-07-09,31.554002392470764,1,19.336953774473884,47.58330815283033,28.246354378356443,32.57116573421851,23.038704891727548,-9.532460842490963,38.243816770461315,28.54718092068837,-9.696635849772946,44.94820604643944,49.07619782786003,4.12799178142059,31.7553317342026,19.17692117426604,-12.578410559936557,22.468540295028845,21.901701387452306,-0.566838907576539
2021-07-16,31.46529439624452,1,18.815089860294222,33.90243825983792,15.0873483995437,30.37841051918859,29.348570227940726,-1.029840291247865,38.72839714813346,28.323537215283345,-10.404859932850115,42.757561871507924,54.481040980797495,11.72347910928957,35.5345624741575,22.80722430673012,-12.727338167427376,22.577744504185446,19.92895538687749,-2.648789117307956
2021-07-23,31.88623442559478,1,19.810338415756533,34.467154337278785,14.656815921522252,30.115448416233548,29.640337854623482,-0.47511056161006593,38.779709482905155,27.80578459444755,-10.973924888457603,44.520097313115016,55.43306467540019,10.912967362285173,36.55012255479896,23.53385830637731,-13.016264248421649,21.54169037075947,20.437206785441305,-1.1044835853181638
2021-07-30,32.05507901289128,1,20.851046250360795,33.29953648923325,12.448490238872452,29.58287747015109,31.2379161543672,1.655038684216109,39.011431078524694,28.484116654811558,-10.527314423713136,44.80596684920059,56.38135902332364,11.575392174123053,36.427301936728476,23.473066415791045,-12.95423552093743,21.65185049238201,19.454479339820935,-2.1973711525610753
2021-08-06,32.2702812926126,1,19.678178297902534,29.6854957806065,10.007317482703968,29.80528915195073,33.77464831016114,3.969359158210409,39.82392005641972,27.410929657025818,-12.412990399393905,44.62283022135445,59.18426953182782,14.561439310473375,37.837800876337525,24.152896319603983,-13.684904556733542,21.853669151710648,19.4134481564503,-2.440220995260347
2021-08-13,32.244621837159976,1,18.911345075600636,30.01146429299581,11.100119217395175,29.726215830440168,33.01711096527691,3.2908951348367452,37.50428903303834,26.07765275847141,-11.426636274566931,45.20801771757412,58.403447292103536,13.195429574529413,41.99269239158724,26.75100422527592,-15.24168816631132,20.12517097471938,19.207051488836285,-0.9181194858830963
2021-08-20,32.596258402352575,1,19.6918683462722,27.38599564904412,7.694127302771918,30.010424077839488,32.27343303163386,2.263008953794369,36.390713771074225,26.83027556975899,-9.560438201315236,44.982800854347474,58.27777672556907,13.294975871221595,43.35737041268669,30.60459179019047,-12.752778622496223,21.14437295189535,20.20547764791891,-0.9388953039764374
2021-08-27,31.748477268672122,1,17.174436892754514,25.83208994966577,8.657653056911258,28.490862370724443,30.489413751301555,1.998551380577112,35.48194898164621,26.363652021067224,-9.118296960578988,45.17728342595762,57.134751022094385,11.957467596136766,43.71225690871751,30.96298223948908,-12.749274669228427,20.454075032232453,19.70797462841476,-0.7461004038176924
2021-09-03,32.86158584221769,1,21.554635596967586,27.74586277221104,6.191227175243455,30.747092267873143,30.168196989239476,-0.5788952786336665,33.44999779152762,23.9085943063681,-9.54140348515952,45.82271545297078,62.250812017745886,16.428096564775103,42.49945102372141,32.62693008068643,-9.872520943034985,23.09562292024559,20.46911888705513,-2.626504033190457
2021-09-10,33.38100192739082,1,20.997935651017002,24.391012638279037,3.3930769872620345,32.08294074967968,30.201167681859104,-1.8817730678205749,36.17018750124693,25.72286846697442,-10.44731903427251,45.7765257066055,64.310977071655,18.534451365049506,42.52115893032035,32.5123701638148,-10.008788766505546,22.737263025475443,23.147615541762505,0.4103525162870625
2021-09-17,35.459331602558315,1,26.7662166880301,25.925802719169923,-0.8404139688601759,32.00645624864636,30.069981593391205,-1.9364746552551537,37.16559028937612,28.31375329176324,-8.851836997612878,46.93817121559694,67.08963973630658,20.151468520709642,43.98140168749009,33.7241160044709,-10.257285683019191,25.898153486210305,27.632696270248033,1.7345427840377283
2021-09-24,35.333605165983194,1,24.52354987166116,23.986180434521884,-0.5373694371392759,32.50083244714274,30.62804987546633,-1.8727825716764102,36.31610434682819,27.91882204981487,-8.39728229701332,46.76353865593313,68.77777326901108,22.014234613077946,45.22399796073275,35.669366123445464,-9.554631837287289,26.67360771360117,25.02143924363949,-1.6521684699616799
2021-10-01,38.271270378525244,1,25.11243278717761,25.47366164841347,0.3612288612358583,35.76622055587478,31.50373542036681,-4.262485135507973,44.95063298649944,38.14958130732411,-6.80105167917533,49.451846731425064,70.78828553304305,21.336438801617987,46.78553916053155,38.03549519242561,-8.750043968105942,27.560950049642997,25.67686316957837,-1.884086880064629
2021-10-08,39.61685820562894,1,36.588074962999436,30.691008528566506,-5.897066434432929,35.29770956676974,31.3893659270735,-3.908343639696241,45.27141931181028,43.1774233898378,-2.0939959219724784,47.97176430743387,70.21937813747698,22.247613830043107,45.05996508660128,36.028666837598905,-9.031298249002376,27.512215998158965,26.195306413219896,-1.3169095849390686
2021-10-15,35.1115606248426,1,31.562062761473058,29.047790266583306,-2.5142724948897524,29.489397012747744,21.19640794736648,-8.292989065381263,44.77863819494636,43.64936411999154,-1.1292740749548216,42.17250374451002,57.46466180935558,15.292158064845566,31.860036423145104,27.33368323398969,-4.526353189155415,30.806725612233308,31.97745637176905,1.1707307595357435
2021-10-22,34.399137812146535,1,35.38705741096177,33.458308934935815,-1.9287484760259588,25.404288292538695,18.20299553452395,-7.201292758014745,42.77201092459107,46.136875560629264,3.3648646360381917,43.767300769455666,46.063100857095584,2.2958000876399183,28.825825855562215,28.369202738467465,-0.45662311709475034,30.238343619769793,34.16434324722708,3.925999627457287
2021-10-29,35.11912819271788,1,37.647075726101114,34.71221243020813,-2.9348632958929812,28.78415294441723,21.70006574120913,-7.0840872032080995,41.68428528367979,46.028008019495566,4.343722735815774,43.41882129026008,47.38881258671491,3.969991296454836,27.760278884442243,28.398763917683652,0.6384850332414089,31.42015502740682,32.4869064609959,1.0667514335890758
2021-11-05,34.93865514547851,1,36.634521772807496,34.01059191336871,-2.623929859438789,28.562637418245657,22.10916939665796,-6.453468021587696,39.90564787704578,42.397718919577144,2.4920710425313644,43.36485305970521,44.22346141783177,0.8586083581265598,28.122007636188002,29.150909763399454,1.0289021272114525,33.042263108878885,37.740079462035965,4.69781635315708
2021-11-12,32.175101267802745,1,35.52447682358273,33.54081436106672,-1.9836624625160084,23.042056683246074,20.203905328806087,-2.8381513544399866,38.50158543621366,37.014184547983604,-1.4874008882300558,38.2642269998276,32.0052245784491,-6.259002421378497,26.873839041116767,28.27104781437795,1.397208773261184,30.84442262282967,42.01543097613302,11.17100835330335
2021-11-19,33.86984242225668,1,36.53527274640233,32.37363142130776,-4.161641325094564,26.701644141385643,23.454352898352724,-3.247291243032919,39.72580400623785,38.221262648834326,-1.5045413574035251,39.063262233673655,34.721276966915184,-4.341985266758471,30.876204918825152,33.402422280801716,2.5262173619765633,30.31686648701546,41.04610831732836,10.729241830312901
2021-11-26,34.44871376287432,1,36.212436567286964,33.71858818680615,-2.493848380480813,30.42293382249038,29.206306273658555,-1.2166275488318234,39.12631274605597,37.43129818564073,-1.6950145604152453,39.89463328065961,35.534532232227896,-4.360101048431716,31.79343695346384,31.251350306091894,-0.5420866473719457,29.242529207289166,39.550207392820695,10.307678185531529
2021-12-03,35.195118554541615,1,38.37386855165159,34.59222657631803,-3.7816419753335566,29.926530383624694,29.527066103906876,-0.3994642797178187,41.13257691299843,41.03752777779535,-0.09504913520308378,41.37121819976697,36.628302950370355,-4.742915249396617,31.748922894633367,29.87693053947214,-1.8719923551612254,28.617594384574673,39.508657379386946,10.891062994812273
2021-12-10,35.9228343976087,1,38.47033455906155,37.200889870008986,-1.2694446890525626,30.994261108385004,29.682732107381,-1.3115290010040042,41.45361520649692,38.60633260245159,-2.8472826040453327,42.4509502679847,36.48367091257345,-5.96727935541125,37.579045360725864,37.91672560343455,0.3376802427086858,24.588799882998188,35.64665528980264,11.05785540680445
2021-12-17,30.386699431852183,1,34.7575557017569,28.521718401824614,-6.235837299932285,20.836750238091696,22.54916086164704,1.7124106235553427,39.0217425963204,31.97027652584294,-7.05146607047746,34.05813589887566,29.087265056249606,-4.970870842626056,31.30789506735374,25.721360732085614,-5.5865343352681265,22.33811708871471,44.47041501346328,22.13229792474857
2021-12-24,31.259490446837685,1,36.28667703474658,27.53879097170772,-8.747886063038862,20.111156426919635,23.530609057843932,3.4194526309242974,40.84056905239055,32.833021172654966,-8.007547879735583,36.141932698092816,28.168197228461338,-7.973735469631478,32.59047590970506,29.322021776030397,-3.268454133674666,21.586131559171463,46.1643024743278,24.578170915156335
2021-12-31,29.701018796255113,1,37.24267977839257,21.511988247290304,-15.730691531102266,8.675411844170455,18.318193960894902,9.642782116724447,39.382911492544814,30.90242996639048,-8.480481526154335,34.76965602564108,29.545853883934,-5.223802141707083,32.15489694930274,31.290448604560595,-0.8644483447421436,25.98055668747901,46.637198114460375,20.656641426981366
2022-01-07,22.211610208646547,1,26.692042506577877,12.45936032984362,-14.232682176734258,5.157529011582213,15.218029168175462,10.06050015659325,26.784502569457118,28.88316956416871,2.098666994711593,26.64593277453544,25.520135788570357,-1.1257969859650814,26.646627544423296,26.30316021373858,-0.34346733068471735,21.343026845303342,24.88580618738257,3.5427793420792284
2022-01-14,20.73863042759514,1,21.50227257338193,10.440406286633475,-11.061866286748455,5.705247873089576,18.2217318147148,12.516483941625225,25.060431933302368,27.47146120015441,2.41102926685204,26.044446498973585,25.83386240535644,-0.21058409361714325,25.315032254175293,22.894027812422593,-2.4210044417527,20.80435143264809,19.570293046289123,-1.2340583863589671
2022-01-21,20.77289722718493,1,25.28821615971067,9.798281743070007,-15.489934416640665,4.833491514108388,16.97097431491268,12.137482800804293,23.72663762686355,30.21791789342629,6.49128026656274,26.033685007787554,24.83804114322389,-1.1956438645636638,24.048384990399327,21.217513406724464,-2.8308715836748632,20.7069680642401,21.594654861752247,0.8876867975121456
2022-01-28,19.70152278119725,1,24.962592814840804,8.388019048457153,-16.57457376638365,5.529456439341118,13.534913412320321,8.005456972979204,20.41457611684784,28.778678256797576,8.364102139949736,26.01507588838659,27.667669114474734,1.6525932260881433,23.698928827227093,22.648863977612592,-1.0500648496145004,17.58850660054007,17.190992877521126,-0.39751372301894605
2022-02-11,20.288408531633717,1,24.21618128757578,8.507602538822255,-15.708578748753524,7.250571495150396,14.130609091484445,6.8800375963340485,20.398582182088262,30.619571831813175,10.220989649724913,28.123649077088828,28.32592594991604,0.20227687282721263,23.95285216490346,22.62674841998337,-1.3261037449200899,17.788614982995583,17.519993357783008,-0.2686216252125746
2022-02-18,20.812665677157224,1,24.765355435136172,8.411926305147546,-16.353429129988626,7.092470629097932,13.617204937994202,6.524734308896271,24.79858972737057,32.12860183534711,7.330012107976543,27.265233360404025,29.357040657497336,2.091807297093311,22.878828808014376,23.15160484997027,0.27277604195589333,18.075516102920275,18.20961547698687,0.13409937406659367
2022-02-25,22.51305855982235,1,25.975193704603,8.319252978720414,-17.655940725882587,8.558569457957574,13.263866704680623,4.705297246723049,26.88856003106693,34.655831988391256,7.767271957324326,31.06478189324143,35.24735816358972,4.182576270348292,24.965568239965634,26.301658364853438,1.3360901248878037,17.62567803209953,17.29038315869863,-0.3352948734008976
2022-03-04,22.069788544079746,1,26.461369487846127,7.73679519238685,-18.724574295459277,7.447118118135094,12.608892723150191,5.161774605015097,26.964448236514855,36.78730830856571,9.822860072050858,30.335235347972443,29.60815852409995,-0.7270768238724941,24.1038658941132,27.593578575359857,3.489712681246658,17.10669417989675,18.083997940915893,0.9773037610191437
2022-03-11,24.72508143383588,1,25.655571578638515,5.388066244141783,-20.267505334496732,14.773426648319628,16.35872394425344,1.5852972959338132,30.04064721871677,35.88730985452622,5.846662635809452,33.55324341458649,39.82804279469397,6.274799380107481,29.3424774614125,36.193037271704256,6.850559810291756,14.985122281341376,14.695308493695634,-0.28981378764574117
2022-03-18,27.28527184913607,1,24.49550542266492,3.2436406222892344,-21.251864800375685,21.4539771602806,24.65705394608935,3.203076785808747,33.16055482295313,34.053002100323894,0.8924472773707635,35.05916805399437,43.86450004799566,8.805331994001293,32.15615145363658,41.4231491486201,9.266997694983516,17.386274181286794,16.470285229498174,-0.9159889517886199
2022-03-25,26.339174393244406,1,20.760030135369846,3.981570452705398,-16.778459682664447,21.987735410273004,23.52117632060569,1.5334409103326863,34.81451202438801,32.67228826507137,-2.142223759316636,31.63189546531322,37.046832655660026,5.414937190346805,32.56492853559611,43.11180579346332,10.546877257867209,16.275944788526274,17.70137287196067,1.4254280834343973
2022-04-01,26.249492837290617,1,22.44027490712581,4.192806191128312,-18.2474687159975,20.78792210409921,22.762884469483453,1.9749623653842434,34.006229654796854,33.09284688446239,-0.913382770334465,31.59261212476811,32.12906556525847,0.5364534404903623,32.451835276761116,45.75676792118959,13.304932644428476,16.218082956192603,19.56258599222147,3.3445030360288683
2022-04-08,26.13913575089145,1,21.13348406830933,6.660233510849693,-14.473250557459636,20.750984717232114,21.419829490939918,0.6688447737078036,33.916196182498766,31.04091538447716,-2.875280798021606,32.0814346661781,31.543586752747586,-0.537847913430511,31.847628776338567,46.50513200214448,14.657503225805911,17.10508609479183,19.66511736418984,2.56003126939801
2022-04-15,27.090341218868463,1,21.921361031587153,5.711809485290672,-16.20955154629648,21.27952407304602,22.153462321127904,0.8739382480818847,36.1542177893462,30.584738327539306,-5.569479461806893,33.037165749046764,31.40054582715652,-1.6366199218902437,33.18097350394484,51.131889840071466,17.950916336126625,16.968805166239804,21.559601512024926,4.590796345785122
2022-04-22,27.110784683676332,1,22.83438783926141,5.29386693373273,-17.54052090552868,22.817730267509603,22.384003825395425,-0.4337264421141782,35.79446564067159,28.053884837430957,-7.740580803240633,32.22886629950655,31.909813769037953,-0.3190525304685963,33.07655610923854,52.11437387448879,19.037817765250253,15.912701945870296,22.90876486197216,6.996062916101863
2022-04-29,29.132036606936946,1,27.240318103718565,9.517804627717425,-17.72251347600114,28.385895376700233,27.410148427411883,-0.9757469492883502,37.746391487713545,28.995588907035874,-8.750802580677671,29.53192873921074,31.089545224408226,1.5576164851974852,33.87567996613468,53.35115072379246,19.475470757657774,18.012005968143896,24.427981731255798,6.415975763111902
2022-05-13,34.18228997480498,1,37.014190123813016,16.16382642045172,-20.850363703361296,27.025901308709848,24.607202693213438,-2.4186986154964103,47.188688293323786,31.847763257858254,-15.340925035465531,34.44968852679568,41.674152366303915,7.224463839508232,38.03003441932018,52.14484574089595,14.114811321575772,21.385237176867363,38.65594937010661,17.270712193239248
2022-05-20,34.94435698129421,1,40.38972569573606,12.72806685261375,-27.66165884312231,28.825060933851603,25.95513848660221,-2.869922447249394,44.20044500327455,36.26201240643297,-7.938432596841579,36.579938595538195,41.23915872702278,4.659220131484588,37.541294795054995,48.124690145054814,10.583395349999819,22.129676864309857,45.357075270038706,23.22739840572885
2022-05-27,33.52673280157435,1,35.984692904124344,12.537066844568585,-23.44762605955576,27.98928265731837,27.325565940149588,-0.6637167171687821,43.347762698335806,32.47962028585402,-10.868142412481788,36.24850158076753,42.38375048365844,6.135248902890908,36.72901201438834,44.56380910177949,7.834797087391152,20.861144954511673,41.87058415343593,21.009439198924255
2022-06-03,34.31790598956618,1,37.228723055756554,10.454231874575193,-26.77449118118136,22.92099096001786,23.564518373618426,0.643527413600566,44.37703384313514,34.036263358326096,-10.340770484809042,39.460291836280625,41.906148305973836,2.4458564696932115,36.266445838777926,48.56337283429666,12.296926995518731,25.65395040342895,47.382901190606844,21.728950787177894
2022-06-10,33.18333444477252,1,35.85207937465782,11.383100521806327,-24.468978852851492,22.040275185629696,21.68419411552256,-0.3560810701071375,42.70350884130535,37.07066469073753,-5.63284415056782,39.309739958322105,40.28338562675258,0.9736456684304784,34.425128279431036,43.04459713444594,8.619468855014901,24.769275029289105,45.634064579370204,20.8647895500811
2022-06-17,35.147862292814644,1,37.37635939381852,14.781756421456194,-22.594602972362324,21.281709240240986,25.78061616008948,4.498906919848494,42.57287917976572,33.07929638002764,-9.493582799738078,42.58194543921213,41.473963548663725,-1.1079818905484018,38.85661968117151,48.61459226896159,9.757972587790078,28.217660822679008,47.156948977689254,18.939288155010246
2022-06-24,34.06777602074224,1,38.28303179604185,15.912133379576353,-22.370898416465494,20.852441509358982,21.982139888300594,1.1296983789416117,42.72190274692909,33.44348485216486,-9.278417894764232,38.7331490616923,38.693076228607765,-0.040072833084536796,38.30118088795186,48.37499165748271,10.073810769530851,25.51495012247932,46.000830118321076,20.485879995841756
2022-07-01,32.83644884565344,1,38.084931461195126,17.25333506666253,-20.831596394532596,20.363766021927717,23.404815472373215,3.041049450445499,40.12616353007153,33.09744708585534,-7.028716444216187,37.490519300114514,36.39310643642054,-1.0974128636939753,36.1108179750133,44.062358361213036,7.9515403861997385,24.842494785598447,42.80763065139597,17.96513586579752
2022-07-08,32.87574396576736,1,38.214459622800256,17.92304874395696,-20.291410878843294,18.331401068190914,22.62656159170679,4.295160523515875,41.110721890046605,33.63774846657809,-7.472973423468517,35.714568417991,31.544396852023027,-4.170171565967976,36.47022732238159,47.579744401884156,11.109517079502567,27.413085473193803,43.94296373845512,16.529878265261317
2022-07-15,32.095314057194166,1,35.48723669468568,17.802206694734906,-17.68502999995077,17.474061919867694,21.47030899801227,3.9962470781445774,41.331170621407615,31.55541232182042,-9.775758299587196,35.200039113410995,32.13050007901916,-3.0695390343918376,35.90676459285693,45.88696337812499,9.980198785268058,27.17261140093612,43.726492871453246,16.553881470517126
2022-07-22,33.15819134619496,1,40.54767614925684,19.611616448301028,-20.93605970095581,17.885955355889905,22.233443828394854,4.347488472504949,41.953690595793525,31.57660620458443,-10.377084391209095,36.232280058264166,33.073216183422616,-3.15906387484155,35.88089541771541,47.609214769140706,11.728319351425299,26.44865050024991,44.845050643326104,18.396400143076193
2022-07-29,32.962422914039564,1,38.857543444845504,20.494807104698978,-18.362736340146526,18.937941742687727,21.252779284328767,2.3148375416410403,42.032563149675774,31.395054761681543,-10.637508387994231,36.30327296641886,33.320956964426045,-2.982316001992814,35.803149247947886,47.73527234466539,11.932123096717504,25.840066932661628,43.57566702443667,17.73560009177504
2022-08-05,33.97723315440634,1,39.393292247566194,20.238168167747517,-19.155124079818677,20.058691318851032,22.986058979247034,2.9273676603960013,44.67671685521181,35.420991294590124,-9.255725560621684,36.92056736002042,33.91529995148097,-3.005267408539453,35.192322043804225,46.82545728439564,11.633135240591415,27.621809100984365,44.47742324897675,16.855614147992384
2022-08-12,31.24656105150761,1,36.78995180300231,21.22407847979929,-15.565873323203022,18.903589962735964,22.555834111316045,3.652244148580081,43.27854755735597,21.712209700732124,-21.566337856623846,35.04888113284318,33.97295845907949,-1.0759226737636851,32.2268745955687,43.054905949830456,10.828031354261753,21.231521257539512,44.95937960828823,23.72785835074872
2022-08-19,32.5978297509911,1,40.650701466111585,24.616323694921647,-16.034377771189938,21.394276949074865,21.174819743588458,-0.2194572054864068,42.88160125369866,21.855683997950436,-21.025917255748226,37.68623741252326,37.36689342435688,-0.31934398816638065,33.95498069589682,41.79421236957495,7.839231673678128,19.019180728641416,48.77904527555425,29.759864546912837
2022-08-26,31.86596151784094,1,40.41830121974443,22.964298990622503,-17.454002229121926,21.536336078488205,22.24326326374944,0.706927185261236,39.82714988304908,23.629275395944596,-16.197874487104485,37.03540859966798,31.68704504659292,-5.34836355307506,33.974192498398295,43.819375200417625,9.84518270201933,18.404380827697665,46.85251120971857,28.448130382020906
2022-09-02,31.95880115866863,1,40.502928566609896,24.021794495561068,-16.481134071048828,21.376593900025284,19.449656512427623,-1.9269373875976612,38.418068693877316,23.342270138772747,-15.07579855510457,36.712383733203126,33.530682834734534,-3.1817008984685913,35.685162538836124,45.54747586576097,9.862313326924848,19.057669519460035,45.86092710475479,26.80325758529476
2022-09-09,30.12312710736283,1,38.010646136431816,23.400214513754975,-14.610431622676842,19.799604925210602,18.015769301771797,-1.7838356234388044,36.33289129968581,21.993066839000775,-14.339824460685037,34.891177883451405,31.933005710941885,-2.9581721725095207,33.23123115574174,42.48662009147432,9.255388935732583,18.473211243655612,42.91008618723319,24.43687494357758
2022-09-16,30.656391624147705,1,40.604958444788544,23.875376261069427,-16.729582183719117,21.918829660446207,19.092033818303946,-2.8267958421422605,37.04853605525022,21.892853541044666,-15.155682514205552,34.70570401915484,31.55869792353326,-3.1470060956215775,32.27462045923791,41.50236783116226,9.227747371924352,17.385701106008526,46.01702036977265,28.631319263764127
2022-09-23,30.2485892597457,1,41.38924307679632,24.677930810705092,-16.711312266091227,22.27470545259817,18.36415761226465,-3.910547840333521,35.35107070731074,20.293695972030903,-15.057374735279836,33.949610440368716,30.814610830826155,-3.134999609542561,31.579621708513486,40.42576074789581,8.846139039382322,16.947284172886768,46.91537958475163,29.968095411864866
2022-09-30,33.85364598899914,1,49.144509925893956,22.424306319398255,-26.7202036064957,22.40463914039826,21.254891779561532,-1.1497473608367272,38.19008586360331,34.13373652579552,-4.056349337807788,37.588162273035955,35.15138385646505,-2.4367784165709026,34.78749497588494,38.56761449820219,3.78011952231725,21.006983755178396,51.589942954572265,30.58295919939387
2022-10-07,33.05701306431493,1,42.935669871610585,17.103899536721286,-25.8317703348893,19.904784294555682,21.38377546297582,1.4789911684201371,39.73843061310024,33.190374086658075,-6.548056526442167,37.54018620578069,36.99797422803392,-0.5422119777467742,37.51687247197957,41.97484115330114,4.457968681321574,20.706134928862824,47.691213918199324,26.9850789893365
2022-10-14,29.841822931745966,1,37.1506302755168,17.5444805525433,-19.6061497229735,18.75373514731814,20.23837574571573,1.4846405983975899,36.381438050874785,32.05159462386738,-4.329843427007404,33.857706505948656,36.692982793998155,2.8352762880494993,33.13316202075286,38.81976608289767,5.686604062144809,19.774265590064573,33.70373779145359,13.929472201389018
2022-10-21,31.372295979839823,1,40.15554187626541,19.695895725203478,-20.459646151061932,17.714883026944833,23.157830932347977,5.442947905403145,39.56868572924391,32.82147668557296,-6.747209043670949,34.842114063231065,42.83866313324974,7.996549070018673,35.22945233228937,35.719238242788265,0.4897859104988953,20.72309885106438,34.000671159876575,13.277572308812196
2022-10-28,30.758263118260984,1,38.21320265420964,19.264622816947764,-18.948579837261875,20.88627601138805,26.105592816886528,5.2193168054984795,38.847656522018504,39.82991696305053,0.9822604410320253,32.16656522294279,33.173922772295654,1.0073575493528608,35.086825603386615,38.43450984120359,3.3476842378169778,19.349052695620315,27.74101349918186,8.391960803561545
2022-11-04,29.956217912620247,1,33.30488713024026,19.693944131945884,-13.610942998294377,19.90112905708837,24.05808626381169,4.15695720672332,37.95656654861214,40.14029255716691,2.183726008554771,34.45488404892018,34.845453783576204,0.39056973465602596,34.2400024581858,39.27552698268305,5.035524524497248,19.879838232674715,21.724003756537684,1.8441655238629693
2022-11-11,28.57473667289557,1,34.018747183043914,21.67369022225968,-12.345056960784234,18.942768296236395,19.702689821354497,0.7599215251181022,35.11817682667768,40.97384277950381,5.855665952826129,30.13456895622639,31.88932682311517,1.7547578668887809,32.337973074053636,35.5396426929825,3.201669618928861,20.896185701135366,21.669227698157755,0.7730419970223892
2022-11-18,28.50330644330784,1,34.122502847546926,21.419894673238545,-12.70260817430838,20.18790578097257,24.56087296645518,4.372967185482608,35.20534665088424,39.1320154612478,3.926668810363566,30.64744358156736,30.739752106281514,0.09230852471415574,31.342289504799936,35.744072947283115,4.401783442483179,19.51435029407601,19.423230505340868,-0.09111978873514204
2022-11-25,27.501790777901647,1,31.20614936060572,23.320713464533284,-7.885435896072437,19.254691061605598,22.877287090411286,3.622596028805688,32.869000183023545,39.10322529569055,6.234225112667005,31.148505166742524,30.508408529466166,-0.6400966372763577,30.339344508191388,35.20301049628708,4.86366598809569,20.193054387241105,13.998099791021474,-6.194954596219631
2022-12-02,27.344312288725074,1,31.331652104326466,19.9834084311438,-11.348243673182665,16.95212023460543,23.66029226746845,6.708172032863018,32.676859357183716,38.09035839316968,5.413499035985964,30.706094918889676,30.531747216060424,-0.17434770282925172,29.975487399754996,35.90986448295443,5.934377083199436,22.423659717590155,15.890202941553653,-6.533456776036502
2022-12-09,26.75947122127901,1,32.22771045852514,16.571932586358997,-15.65577787216614,17.935680068928434,22.904325137083333,4.968645068154899,32.19162431999973,37.5579082275693,5.366283907569567,29.27391973917932,27.802117013526725,-1.4718027256525943,29.507459604791052,37.070150221770234,7.562690616979182,19.420433136250395,18.650394141365496,-0.7700389948848994
2022-12-16,26.431989726229094,1,30.79954738217741,14.52440524221609,-16.275142139961318,17.76343353055485,24.115947692925033,6.352514162370184,31.15760550301235,36.90386029163959,5.74625478862724,28.245616193662684,26.607358402127318,-1.6382577915353664,30.370993010523932,38.05304159215237,7.682048581628436,20.254742737443365,18.38732513631416,-1.8674176011292047
2022-12-23,26.30675842063918,1,29.900934736743977,13.174030288678907,-16.72690444806507,17.77763393485415,26.97032313807253,9.192689203218379,33.11832642505138,34.08556385798775,0.967237432936372,28.183226203114657,26.422846003085553,-1.760380200029104,30.683414202132596,39.12568851888996,8.442274316757363,18.177015021938303,18.062098717120378,-0.1149163048179247
2022-12-30,26.70797738434526,1,31.754921243996534,16.18636173816904,-15.568559505827494,17.482149195271035,30.64974020329258,13.167591008021546,32.34723626804961,31.16745389150796,-1.1797823765416524,29.690327695822248,28.970162952633217,-0.7201647431890308,26.632941337315174,34.86697643480227,8.234035097487094,22.340288565616945,18.407169085666496,-3.9331194799504487
2023-01-06,24.277635296620076,1,22.68472360320885,13.957797154475955,-8.726926448732897,18.626502756574823,31.826471944771654,13.199969188196832,32.107376167880275,20.923515656702733,-11.183860511177542,29.82358016801446,26.39587668685759,-3.4277034811568683,23.834282949558002,33.96545763923663,10.13117468967863,18.589346134484032,18.596692697675905,0.007346563191873656
2023-01-13,23.914934158392697,1,22.89270256612774,16.487657977487416,-6.4050445886403224,17.143738800634665,33.923469675987235,16.77973087535257,29.74926622038238,18.988618428744402,-10.760647791637979,28.958794242260097,23.568577424966406,-5.390216817293691,26.50692253161013,33.58302917073068,7.076106639120553,18.23818058934117,16.93825227244008,-1.299928316901088
2023-01-20,24.453611533234977,1,21.89912434261788,15.762894258691446,-6.136230083926435,18.764636105699594,40.38740717709017,21.622771071390574,31.153305580787247,19.405304670140822,-11.748000910646425,31.900814791558147,19.61102948469825,-12.289785306859898,27.75181724764883,36.20727235282975,8.455455105180917,15.25197113109816,15.347761255959426,0.09579012486126715
2023-01-27,25.27986293349424,1,21.67846569302175,18.27915829429226,-3.3993073987294906,15.093342605810633,50.40102038246867,35.30767777665804,35.373081884693406,19.70438566333361,-15.668696221359795,30.054759918091747,16.120454038047242,-13.934305880044505,27.33720917870444,31.007022709314683,3.6698135306102415,22.14231832064344,16.16713651350902,-5.975181807134419
2023-02-03,24.523184535719896,1,26.51411332431212,17.741656295240688,-8.772457029071433,13.790059310574563,39.71735778833778,25.927298477763216,34.37983896767092,21.023117633559224,-13.356721334111697,29.53251976771959,17.909643226856417,-11.622876540863174,26.495367450890313,30.784767473897332,4.289400023007019,16.4272083931519,19.96256479642797,3.5353564032760687
2023-02-10,24.28780864100317,1,26.30648561105606,18.715309360636795,-7.591176250419267,14.13596132041846,38.95558007710386,24.8196187566854,34.03853329675367,23.36518402737059,-10.673349269383081,29.841430962059235,16.102101042778557,-13.739329919280678,24.084522905770825,27.163555790313424,3.079032884542599,17.31991774996078,21.42512154781585,4.105203797855069
2023-02-17,25.45346171519718,1,26.727508928855528,21.343182991465,-5.384325937390528,16.483673093394614,39.8193500713064,23.33567697791179,37.751433295342146,24.28601676998418,-13.465416525357966,26.378189740900282,18.699563081558253,-7.678626659342029,26.10211792937804,28.587692197357725,2.485574267979686,19.277847303312484,19.984965179511548,0.7071178761990637
2023-02-24,23.96706422701023,1,28.27669569738798,23.71153972039599,-4.5651559769919885,13.999118880633262,38.64967498028787,24.650556099654608,31.529379012355747,20.728961119638385,-10.800417892717363,27.732944393559762,15.800220198499801,-11.932724195059961,23.1717212715575,23.532856656731354,0.3611353851738528,19.09252610656712,21.37913268650803,2.2866065799409085
2023-03-03,25.727769797148557,1,30.791367667563904,25.493845548804444,-5.29752211875946,13.147048822796336,39.1668713838495,26.01982256105316,31.2755832918168,23.52578542012553,-7.749797871691271,27.85002295889018,19.6716025219537,-8.178420436936477,22.90454484626413,19.3516282287749,-3.552916617489231,28.398051195560015,27.15688567938328,-1.2411655161767357
2023-03-10,24.775473924509004,1,29.967756386611626,23.740467452589385,-6.227288934022241,12.071899578446732,34.74214722359386,22.67024764514713,29.770492732087774,25.058645038332855,-4.711847693754919,25.35425209022918,25.372810324487432,0.01855823425825065,19.02262453162929,16.218329311308565,-2.804295220320725,32.46581822804944,23.520444196741934,-8.945374031307509
2023-03-17,23.2969263027128,1,28.102362612698727,26.190680331460058,-1.9116822812386687,12.709818925154849,34.034197089449805,21.324378164294956,29.160217473694445,21.19735428085218,-7.9628631928422635,24.85492796432088,24.798169999989042,-0.056757964331836774,18.604866446838088,18.705983734766036,0.1011172879279485,26.349364393569815,14.855172379759622,-11.494192013810192
2023-03-24,23.375512878670822,1,27.905623593388512,28.70210510154992,0.7964815081614063,19.19436813637452,32.77867188308936,13.584303746714838,25.94012530056456,20.14109929069768,-5.799026009866878,23.984921129450143,22.633146464227025,-1.3517746652231182,17.45164637530891,22.552219310801135,5.100572935492224,25.776392736938277,13.445835221659792,-12.330557515278485
2023-03-31,22.598470073303332,1,28.030290177371484,29.95641750739277,1.9261273300212878,17.503472945993238,31.538036442256526,14.034563496263289,24.1930590142845,19.541734613362905,-4.651324400921595,22.96348608038396,20.25720338709776,-2.706282693286198,16.37671717919912,19.39597177344463,3.01925459424551,26.523795042587693,14.901456716265415,-11.622338326322279
2023-04-07,23.96214704906514,1,31.756908354386965,29.50863354895567,-2.2482748054312935,17.425851024182975,30.393320871729642,12.967469847546667,25.43624010720886,25.899433074563603,0.46319296735474325,22.865840190536062,22.89704021926798,0.031200028731916518,13.708866686995819,15.565570993705151,1.8567043067093323,32.57917593108017,19.50888358616875,-13.070292344911422
2023-04-14,26.734349422403824,1,33.97124416526978,27.87414993493384,-6.097094230335941,17.799727266883295,38.77289056675721,20.973163299873917,29.43564549187903,32.3310438214605,2.895398329581468,26.53250171427807,23.82276910812581,-2.709732606152258,13.965226922501643,17.38630543310991,3.421078510608268,38.701750973611134,20.21893767003568,-18.482813303575455
2023-04-21,27.17677114455313,1,27.684576274773647,20.384885344353307,-7.29969093042034,21.447356746391037,57.707380979125446,36.26002423273441,32.82705521044181,32.86894773904686,0.041892528605046664,28.487986385251006,22.595013483720052,-5.892972901530953,9.369569997360301,15.471883378160769,6.102313380800467,43.244082253100956,14.032515942912354,-29.2115663101886
2023-04-28,26.50527647056404,1,22.994906812331976,19.91228228126488,-3.082624531067097,25.483795650094635,54.481311049354574,28.99751539925994,31.553398608969317,32.44412298258678,0.8907243736174593,26.81366264162962,22.442659613675062,-4.371003027954558,12.319437622786026,12.544173965526625,0.22473634274059862,39.866457487572674,17.207108930976332,-22.659348556596342
2023-05-05,26.86961798373316,1,20.438957543229435,18.713491931582567,-1.725465611646868,24.31794467930763,66.2333652762251,41.91542059691747,32.45716482420805,30.67086904997514,-1.7862957742329115,25.545180991529463,18.590662222359157,-6.954518769170306,10.93135924094976,14.086298923952356,3.1549396830025955,47.527100623174626,12.923020498304687,-34.60408012486994
2023-05-12,27.159535375140408,1,22.915905830905245,19.777718080339838,-3.1381877505654074,24.525641168552994,64.39682873446444,39.87118756591144,32.470996401159425,28.879499547219723,-3.5914968539397023,23.07342129656074,18.713198834549218,-4.360222462011521,11.252598991253905,17.1601639363776,5.907564945123696,48.71864856241014,14.029803117891618,-34.68884544451852
2023-05-19,27.00427233093465,1,23.409284019439994,19.446009151227614,-3.9632748682123804,25.84825055507676,63.808390674060206,37.960140118983446,32.009052082560714,27.66439689167575,-4.344655190884964,22.525978651017397,18.523064545657974,-4.002914105359423,11.70150743045646,13.382785536172307,1.6812781057158475,46.53156124705659,19.200987186814046,-27.33057406024254
2023-05-26,26.87641033141769,1,22.286905268641547,19.6387826083958,-2.648122660245747,24.24183652663207,64.8577508004975,40.61591427386543,31.63500840857739,27.692024445267904,-3.942983963309487,22.01310170162259,18.62827668732821,-3.3848250142943783,13.491857802586424,10.775239133894502,-2.716618668691922,47.58975228044612,19.666388313122198,-27.923363967323922
2023-06-02,27.00579449760292,1,21.972845558101426,20.027406878820585,-1.9454386792808407,21.790166914547697,68.63263031498305,46.84246340043535,32.05789083526709,27.455997908575355,-4.6018929266917326,25.688692803649772,18.206287036786293,-7.482405766863479,10.276355463556158,11.676891594662877,1.400536131106719,50.24881541049539,16.035553251789416,-34.21326215870597
2023-06-09,28.53691904651282,1,23.20987167759364,17.992449047671343,-5.2174226299222966,26.875372454600296,61.601884559771165,34.72651210517087,32.89230749247956,39.665856906943986,6.773549414464426,28.03593704391855,16.415617230232186,-11.620319813686365,10.870981252705747,8.8315144808698,-2.039466771835947,49.33704435777913,26.714192053588413,-22.622852304190715
2023-06-16,28.215157987063694,1,21.94332243789819,18.254109988305487,-3.689212449592702,27.370499334395532,54.15850757307592,26.78800823868039,32.09034190039674,36.41886615297288,4.328524252576145,25.61869449921774,22.053166245520757,-3.565528253696982,13.093891708609632,10.833024171877724,-2.260867536731908,49.17419804186435,27.573273790629422,-21.60092425123493
2023-06-23,29.95830772290978,1,23.799338918718988,19.769445002289473,-4.029893916429515,28.460448154381126,54.760493344184454,26.300045189803328,34.07158990372005,43.41542827571283,9.343838371992774,25.071221593979544,16.347068253417817,-8.724153340561728,19.548410864958797,11.850263609506285,-7.698147255452511,48.79883690170017,33.60714785234785,-15.19168904935232
2023-06-30,30.501876678932803,1,25.072539215475487,21.16920006617245,-3.9033391493030365,26.972105281506188,49.28320762799032,22.311102346484134,34.005564564368996,41.86273905035033,7.857174485981332,26.47988643764654,16.57494623962141,-9.90494019802513,21.69945743615078,16.31168390100399,-5.387773535146792,48.78170713844884,37.80948318845833,-10.972223949990507
2023-07-07,31.084452967278278,1,25.373511258041688,21.877238564888515,-3.4962726931531733,29.697171137638307,51.486522705439015,21.789351567800708,33.615604490473004,41.80066612588337,8.185061635410364,24.91319256788924,16.636024356924338,-8.277168210964902,23.06881477517065,16.443846712164387,-6.624968063006264,49.838423574456755,38.26241933837002,-11.576004236086732
2023-07-14,32.19837242681531,1,25.6772017827018,22.57948162805866,-3.0977201546431417,28.293145334702814,54.77805605756416,26.484910722861343,35.97747158718332,44.35373325662479,8.376261669441476,25.958811907445565,24.718778034080216,-1.2400338733653484,23.04506421453054,13.939871633444454,-9.105192581086087,54.23853973432782,32.820313951119566,-21.418225783208257
2023-07-21,33.863829371300476,1,27.472101656293248,22.18417196169696,-5.287929694596286,32.9392690059413,48.48937101747997,15.55010201153867,41.2597134549436,56.82747403167294,15.567760576729341,27.656484829336918,19.010145148586716,-8.646339680750202,22.771088137597076,13.51779909981768,-9.253289037779396,51.08431914369075,43.154014968548594,-7.930304175142155
2023-07-28,31.6776913276443,1,27.409892598026687,20.918479104984584,-6.491413493042103,27.118312667666643,47.97049146008857,20.852178792421924,38.96629333844056,43.73716587451825,4.77087253607769,21.19891118449739,19.089232957628397,-2.1096782268689935,22.97040145986847,15.213746199601331,-7.756655260267138,52.40233671736605,43.1370323690447,-9.26530434832135
2023-08-04,32.165057224393315,1,27.52352096564904,21.665124221455443,-5.858396744193598,27.92765159275511,46.27214985843453,18.34449826567942,40.365585735887166,44.140389625433315,3.774803889546149,24.4216478919424,24.8262111616462,0.4045632697038002,22.7372296446828,14.033413902251183,-8.703815742431615,50.014707515443384,42.053054577139186,-7.961652938304198
2023-08-11,33.12681740320145,1,30.28147509132495,26.887882694807246,-3.393592396517704,28.04989598658473,47.87575978271434,19.82586379612961,41.76930853327914,43.751190877134114,1.981882343854977,27.91586189270747,23.611281584301224,-4.304580308406244,21.240687908163025,12.25129137481703,-8.989396533345996,49.503675007149376,44.38349810543469,-5.120176901714686
2023-08-18,32.9270575908387,1,29.97143234047367,24.49822599412751,-5.47320634634616,28.604172273998003,45.77725678954094,17.17308451554294,41.489159641684495,42.105341897889076,0.6161822562045813,25.948749285075166,22.480322448480706,-3.4684268365944604,23.027939777072334,14.869925090035935,-8.158014687036399,48.52089222672853,47.831273324958055,-0.6896189017704728
2023-08-25,33.04116025112461,1,30.08656810597917,24.647623722028385,-5.438944383950783,26.78061788387204,47.49486718032664,20.714249296454597,42.1512672503203,44.662710450685836,2.511443200365534,26.788867192214155,21.68167825651996,-5.107188935694197,22.673211899935012,15.186277044519713,-7.486934855415299,49.76642917442697,44.57380485266712,-5.192624321759851
2023-09-01,34.22767756919839,1,30.39772799277793,24.51674527907845,-5.880982713699481,31.247547900998086,45.790904796166814,14.543356895168728,42.81838795369129,43.02056520645109,0.20217725275979603,31.724026970632167,28.987486235119277,-2.7365407355128895,21.470865851130725,15.89499272868106,-5.575873122449664,47.70750874596016,47.15537116969367,-0.5521375762664888
2023-09-08,32.88062686511886,1,24.979184355851558,22.01778896573869,-2.9613953901128696,30.760567161844392,44.137258027249544,13.376690865405152,45.080565347824745,35.3989484740207,-9.681616873804046,29.646425634922792,37.195019732623095,7.5485940977003025,21.031972613440587,11.731351803473203,-9.300620809967384,45.78504607682906,46.80339418760792,1.0183481107788594
2023-09-15,33.043617107372306,1,28.967457658845262,25.40099577399522,-3.5664618848500425,28.846553391673453,38.42962466316378,9.583071271490326,43.00937031224553,34.27080195714159,-8.738568355103936,29.21684160716022,34.12336973359217,4.906528126431951,24.853568770268993,18.622842577497167,-6.230726192771826,43.36791090404041,47.41406793884392,4.046157034803514
2023-09-22,32.18003883244432,1,27.708862501777276,25.312439895627364,-2.396422606149912,27.958153631182157,33.54505574082195,5.586902109639794,43.795063616761354,35.48196812358036,-8.313095493180995,27.14999357002587,33.56127063357239,6.411277063546521,23.42370989889534,19.065027175285408,-4.358682723609931,43.044449776023896,46.11447142577845,3.070021649754551
2023-09-29,30.450796452076215,1,23.64883169219374,25.51055467843777,1.8617229862440325,25.630191598970057,29.24131933988906,3.6111277409190023,40.66746346684636,35.47908234774856,-5.188381119097798,26.292937918107512,33.98069598161352,7.68775806350601,23.565618150435512,15.590242027180594,-7.975376123254918,42.8997358859041,42.90288433758774,0.003148451683642861
2023-10-06,29.372595619896902,1,32.54077217152616,26.45990491014031,-6.080867261385848,20.1486718309056,23.26076389742552,3.1120920665199208,40.310516181247316,38.1457228526503,-2.164793328597014,23.327270726767154,32.96949962896211,9.642228902194958,20.27579012662696,13.851150723669477,-6.424639402957482,39.63255268230825,41.548531706533716,1.9159790242254644
2023-10-13,27.60344742987913,1,30.701939694608825,26.701874762959292,-4.000064931649533,18.298420454299617,23.287347629352055,4.988927175052439,36.85999066982386,36.12227817897114,-0.7377124908527151,19.69570104779416,27.61484044109622,7.919139393302061,20.570991704978596,13.320158922566222,-7.250832782412374,39.49364100776973,38.574184644329854,-0.9194563634398776
2023-10-20,25.691607622358685,1,29.73778910592665,29.03339977597109,-0.7043893299555606,14.524476442867666,19.111179101380245,4.5867026585125785,33.92172795504213,32.260694206525784,-1.6610337485163456,21.115208576735043,26.25950033680806,5.144291760073017,18.73397722546696,10.95450608941995,-7.7794711360470075,36.11646642811366,36.53036622404699,0.41389979593333237
2023-10-27,25.452047358321774,1,31.387149134905656,30.028263255492917,-1.358885879412739,12.534506647927273,17.03665572941449,4.502149081487218,36.42745230200312,34.93948802683582,-1.4879642751673003,22.29330240009689,27.120774131885582,4.827471731788691,17.319250419803367,7.966419278474518,-9.35283114132885,32.75062324519433,35.6206837278273,2.870060482632965
2023-11-03,25.61659390620726,1,35.538211723235875,31.066014609987818,-4.472197113248058,14.511494306836113,10.961888535159204,-3.5496057716769087,37.28973902146085,37.5617445510053,0.2720055295444439,20.928273459535333,30.358352171803574,9.43007871226824,15.208601014609883,5.922955879198071,-9.285645135411812,30.223243911565504,37.828607690089655,7.605363778524151
2023-11-10,25.59441233684561,1,35.79880777629228,31.320412421875346,-4.478395354416932,15.794681115756589,7.58202369947584,-8.212657416280749,38.969296142081014,34.84759939396,-4.1216967481210105,20.32980851978037,36.610032221464635,16.280223701684264,14.760091430860541,10.030940406058278,-4.729151024802263,27.913789036302873,33.17546587823951,5.261676841936634
2023-11-17,25.218384036848153,1,30.19863011125902,29.169405632993858,-1.0292244782651636,15.05583127686235,7.137435777347264,-7.918395499515086,37.34267154326577,33.4578231740878,-3.8848483691779734,20.485141337027684,40.35639220151063,19.871250864482946,19.97516933045162,7.580683963841366,-12.394485366610255,28.25286062222247,33.60856347130803,5.35570284908556
2023-11-24,25.746127004830612,1,29.238918253000023,30.753499360684586,1.5145811076845632,20.611827019027004,9.007945000386485,-11.603882018640519,36.42647438997866,32.96044368016778,-3.4660307098108802,21.597365145013256,45.34148032773123,23.744115182717977,20.964631502711413,6.937519946783084,-14.027111555928329,25.637545719253325,29.4758737132305,3.838327993977174
2023-12-01,27.10218163600535,1,31.429990699696518,32.66108077499649,1.2310900752999743,21.46444129773458,10.655974983053966,-10.808466314680615,37.120273828900196,32.686161653218605,-4.434112175681591,26.64192936962496,48.56430561151983,21.922376241894867,17.836989179313875,7.248102509185642,-10.588886670128232,28.119465440761957,30.797464284057554,2.6779988432955975
2023-12-08,29.077746651379158,1,31.023322335487194,31.908036528994245,0.884714193507051,28.758120608095766,13.941067956213232,-14.817052651882534,37.099847207167336,30.981882660279574,-6.117964546887762,28.265070224829316,55.75899346473285,27.493923239903538,20.129679457743265,10.487604702504413,-9.642074755238852,29.19044007495208,31.388894595550624,2.1984545205985455
2023-12-15,27.05903241764352,1,30.583432767149702,25.20462533132674,-5.378807435822964,25.570957566963827,14.942952641697673,-10.628004925266154,34.45650443457241,34.327612929264944,-0.12889150530746463,26.53922865541746,54.43188038188899,27.892651726471527,17.8721124618109,7.162418406605212,-10.709694055205688,27.331958619946803,26.284704815077532,-1.0472538048692712
2023-12-22,28.32576805029704,1,30.534343699627954,22.883252012506915,-7.651091687121038,25.791369747386838,14.736719744906026,-11.054650002480813,35.32572404429406,35.45527171848562,0.12954767419155644,26.95885427649877,55.93153619782076,28.972681921321993,21.478192287571417,9.706225466915853,-11.771966820655564,29.866124246403174,31.241603161147026,1.3754789147438515
2023-12-29,29.052550903553225,1,33.50240829162911,24.620112764486677,-8.882295527142432,23.249288399481102,12.043257090323166,-11.206031309157936,36.991991514772415,36.06254744587604,-0.9294440688963732,24.917665393383388,53.7779785996005,28.860313206217114,27.022966580344644,15.664943639502411,-11.358022940842233,28.630985241708686,32.14646588153049,3.515480639821803
2024-01-05,28.2151669174184,1,29.22722448506748,21.585546115305746,-7.641678369761735,25.360248846241134,14.817526735357873,-10.542722110883261,37.35345814307174,36.22017405702662,-1.1332840860451228,26.659836761923614,48.705727049468265,22.04589028754465,23.886320180371797,12.083358489473895,-11.802961690897902,26.803913087834644,35.878669057878,9.074755970043356
2024-01-12,28.235743357046445,1,25.975965175751583,17.075629655653486,-8.900335520098096,28.629625106493037,11.53439621360748,-17.095228892885558,40.04411655087097,37.80340145035272,-2.240715100518244,27.932274827371657,54.5015906947916,26.569315867419945,23.07331046932326,10.593611807727015,-12.479698661596245,23.759168012468166,37.90583032014638,14.146662307678213
2024-01-19,28.01923006439073,1,24.918182498833588,14.579840593547672,-10.338341905285915,26.192445974169843,12.249455823760698,-13.942990150409145,40.54026543312556,40.358391904761454,-0.18187352836410753,28.444170595966497,52.024434314062674,23.580263718096177,24.174193870832667,12.758533705820085,-11.415660165012582,23.846122013416235,36.14472404439179,12.298602030975559
2024-01-26,28.864277098082045,1,27.24386651215974,15.936925064233264,-11.306941447926476,27.137367898547794,12.874957329826032,-14.262410568721762,41.08313414168381,40.832916450422296,-0.2502176912615113,29.418933100187886,52.376998576019005,22.95806547583112,25.02481363710399,12.853480886031932,-12.171332751072057,23.27754729880907,38.31038428195973,15.03283698315066
2024-02-02,29.472965352717864,1,26.803413119200997,15.87727511799234,-10.926138001208656,27.172267439657702,12.820595032210448,-14.351672407447253,41.96171160645905,42.15630896770733,0.19459736124828453,30.560167076236226,52.23466112130855,21.674494045072322,24.887778732528403,12.737232014815461,-12.150546717712942,25.452454142224795,41.01171986227301,15.559265720048217
2024-02-09,29.073259134983058,1,28.584344854291174,15.355261465646834,-13.22908338864434,25.661984315069418,13.463714859374633,-12.198269455694785,39.693388536842264,35.52814482274306,-4.165243714099205,30.39936462719416,53.514314044710645,23.114949417516485,25.502705467956304,11.725044767771152,-13.777660700185152,24.59776700854502,44.85307484965202,20.255307841106998
2024-02-16,26.82282459998523,1,26.962466619302177,15.792618432520953,-11.169848186781223,23.700157000509705,10.933838099143301,-12.766318901366404,39.25231439046129,33.85248188514303,-5.399832505318258,26.115695678033518,48.92462829262688,22.80893261459336,26.509213963092066,13.760941366746252,-12.748272596345814,18.397099948512633,37.67243952373097,19.27533957521834
2024-02-23,23.308208636444533,1,21.00459488915763,12.44053055259036,-8.56406433656727,20.024588832012313,6.66864265144217,-13.355946180570143,34.45293557861008,25.508449829276174,-8.944485749333907,23.063018957625573,46.74776235793564,23.68474340031007,20.34521818784303,12.060164361146747,-8.285053826696284,20.958895373418557,36.423702066276064,15.464806692857508
2024-03-01,22.180639216135415,1,18.64442060687844,10.700958980236706,-7.943461626641735,21.38878053669582,8.019054187700164,-13.369726348995655,31.79394838474947,23.853324894019906,-7.940623490729564,23.07294323691042,41.76445982528047,18.69151658837005,20.44196332046667,14.570417638641288,-5.871545681825381,17.741779211111663,34.17561977093395,16.433840559822286
2024-03-08,22.289262195318248,1,19.709988112524698,12.43892254502218,-7.271065567502518,21.24628352305561,9.510086699950335,-11.736196823105274,31.5835960708135,22.94109218459434,-8.64250388621916,22.920357604248807,41.578904288421214,18.658546684172407,20.962518820032088,13.338827687149788,-7.6236911328823,17.312829041234778,33.92773976677158,16.614910725536802
2024-03-15,21.946300783886755,1,19.401365182519953,12.19040869532654,-7.210956487193414,21.33694031447358,10.54025606014065,-10.79668425433293,31.02702521587399,22.916391542088178,-8.110633673785813,22.427786813957397,39.90761427361171,17.479827459654317,20.838352692161507,12.88142048440514,-7.956932207756367,16.64633448433412,33.241713647748355,16.595379163414236
2024-03-22,20.0208811652026,1,18.842994533005353,13.560225823974548,-5.282768709030805,18.971812497650916,7.4343592500559765,-11.53745324759494,28.11875189056296,19.587605104403394,-8.531146786159567,20.962981708308817,36.71599332331908,15.753011615010266,18.008931895397396,11.961319016802733,-6.047612878594663,15.219814466290146,30.86578447265984,15.645970006369694
2024-03-29,20.422760319652664,1,15.952736059179031,10.551553678981549,-5.401182380197483,19.958050214716508,9.053480395348302,-10.904569819368206,28.646941482228172,22.158374330811213,-6.488567151416959,21.984818401573776,32.70461881731991,10.719800415746136,21.57369646721574,18.25056886637907,-3.3231276008366706,14.420319293002748,29.817965829075945,15.397646536073196
2024-04-05,19.44870534987061,1,17.683171483783624,13.362547988801282,-4.3206234949823425,20.144792566436536,8.709952791589416,-11.43483977484712,24.01703979991025,20.10703349367651,-3.91000630623374,20.185029158983653,31.26060243775885,11.075573278775195,20.552887200823136,13.344734802331075,-7.208152398492061,14.109311889286474,29.907360585066527,15.798048695780054
2024-04-19,23.74084351769301,1,24.808862648788534,21.21218639332764,-3.596676255460892,20.19990871961197,9.183731946980402,-11.016176772631567,29.110429659743914,34.856617042856485,5.74618738311257,22.725966622505723,22.96485674458782,0.23889012208209692,26.58091611696723,18.851748243706368,-7.729167873260863,19.018977338540694,35.37592073469939,16.356943396158698
2024-04-26,21.730140236575107,1,24.725574705453724,17.85814929965484,-6.867425405798883,19.204034080927258,11.347303702656063,-7.856730378271195,28.476192456780524,31.31846129286899,2.842268836088465,15.026601755132702,23.858178672450705,8.831576917318003,25.354910022299336,17.245708523468664,-8.109201498830672,17.59352839885709,28.753039928351384,11.159511529494296
2024-05-03,22.271980613587044,1,23.469594835641615,14.339502866404843,-9.130091969236773,19.23304610754363,11.933023868453404,-7.300022239090225,28.17679876488532,31.48642322465939,3.3096244597740707,14.811544866439476,20.175995654392693,5.364450787953217,27.40697281899473,22.858044147308604,-4.548928671686127,20.533926288017497,32.838893920303335,12.304967632285837
2024-05-10,23.046841486935126,1,24.163950317116615,14.75801675096956,-9.405933566147056,19.18218146941078,14.352979600970613,-4.829201868440165,27.916996045232807,29.77449759641516,1.8575015511823523,15.845846876293137,20.51170547487152,4.665858598578382,29.7495854482203,22.951636171421896,-6.7979492767984055,21.422488765337135,35.93221332696206,14.509724561624921
2024-05-17,22.748796634465844,1,21.616489835286515,10.275974510281713,-11.340515325004802,22.822456421933524,16.186121843339237,-6.636334578594287,26.80638075228255,28.520589674009898,1.714208921727348,13.180586519339258,22.163610078556687,8.983023559217429,30.101486830640667,24.685957479257496,-5.415529351383171,21.965379447312543,34.66052622135001,12.695146774037468
2024-05-24,21.9168288780738,1,19.24532810850326,10.54202605871393,-8.703302049789329,21.226823615034817,12.683298584428016,-8.543525030606801,27.02187533194852,25.47401213080707,-1.5478632011414533,11.500725872271744,22.48924936810161,10.988523495829867,31.072055415334518,26.095486313641572,-4.976569101692945,21.434164925349933,34.21690081275061,12.782735887400676
2024-05-31,21.35624803575955,1,18.745246994044024,17.404275087950666,-1.3409719060933583,19.887302654351586,11.007072148388119,-8.880230505963468,27.25606875380133,27.86960823057919,0.6135394767778592,10.58965499669766,14.99969924425477,4.41004424755711,30.181116194095296,26.297558698289208,-3.8835574958060874,21.478098621567398,30.55927480509537,9.081176183527973
2024-06-07,23.279974887567693,1,20.086099214054457,20.70951750588948,0.6234182918350228,15.32731270913014,13.15640623848283,-2.17090647064731,29.931749804552553,29.79660870969205,-0.13514109486050074,15.217613485185026,12.057542242319514,-3.160071242865513,34.6740362874818,32.60033052434956,-2.0737057631322386,24.443037825002207,31.359444104672733,6.916406279670525
2024-06-14,24.375926476692285,1,21.23109344234247,24.54929277330001,3.3181993309575404,16.96261930518044,12.853096693568574,-4.109522611611865,29.26654650611694,29.417815716522753,0.15126921040581465,18.460634418732425,15.426264723052768,-3.0343696956796578,35.42113861336337,33.388972067285096,-2.0321665460782725,24.913526574418086,30.620116886424512,5.706590312006426
2024-06-21,25.827424230775165,1,22.83772918425086,31.771818913496006,8.934089729245144,16.924744818936958,11.373603415618462,-5.551141403318496,30.28884420401097,29.74739366244725,-0.5414505415637194,20.039244363626395,17.63367168793316,-2.405572675693236,37.50914469993077,33.50315517932212,-4.005989520608651,27.364838113895047,30.93490252583402,3.570064411938972
2024-06-28,25.629581039085405,1,24.792434668551877,31.202855585682443,6.4104209171305655,14.990314686168745,7.601733070443686,-7.388581615725059,30.068187826378605,30.71009247519828,0.6419046488196756,20.14026117215799,18.468558766572443,-1.671702405585549,37.2564070587727,32.646952589567455,-4.609454469205247,26.529880822482497,33.14729374704811,6.617412924565613
2024-07-05,25.246597134732554,1,24.226969060397764,27.09314367471856,2.866174614320798,16.154746849504733,8.91379988650182,-7.240946963002912,30.270061698301063,29.65025560747391,-0.6198060908271543,16.508950519438912,20.696874051609413,4.187923532170501,36.98157142085688,31.797930584292047,-5.183640836564834,27.337283259895955,33.32757900379957,5.990295743903616
2024-07-12,26.834127099676532,1,24.2927157654495,26.134519361111217,1.841803595661716,22.151249630090064,13.789252667185224,-8.36199696290484,36.63958059147262,34.994399969783615,-1.6451806216890077,12.534000957516383,17.476604198720423,4.94260324120404,38.55882585524176,35.59372291931164,-2.965102935930119,26.828389798288853,33.01626348194701,6.187873683658154
2024-07-19,26.903521319545632,1,23.747733519905424,26.1957656289203,2.448032109014875,20.597040043762917,15.251949779315495,-5.345090264447421,37.371048140408014,34.41945717029275,-2.9515909701152623,13.90994273477554,15.469032999883368,1.5590902651078267,39.25410254890584,34.333900259486306,-4.920202289419535,26.54126092951607,35.751022079375616,9.209761149859546
2024-07-26,27.680884934478417,1,26.379763428984944,28.52168561356838,2.1419221845834358,20.9748076976136,16.010209480559993,-4.964598217053606,36.821067622838676,36.16837711468549,-0.6526905081531851,15.43840805190564,15.515138103619535,0.07673005171389491,39.644007246507336,34.792872312696865,-4.851134933810471,26.827255559020344,35.07702698174026,8.249771422719917
2024-08-02,26.76725254942103,1,24.651396785849514,25.627173826568992,0.9757770407194784,21.77817203437904,15.79246791248957,-5.985704121889469,34.829341450910434,35.04953191690022,0.22019046598978775,14.436121477159986,16.04849417802383,1.612372700863844,38.77732056869723,33.269108102813455,-5.508212465883773,26.13116297952999,34.81673935973011,8.685576380200118
2024-08-09,29.255293050974576,1,27.794978664787067,30.15491682768331,2.359938162896242,29.202145268514045,22.73393148891455,-6.468213779599495,37.09323860218709,39.96005992592753,2.8668213237404387,14.338283011569231,11.976406672431466,-2.3618763391377655,41.4853257432227,36.90827197237671,-4.577053770845993,25.617787015567345,33.79817141851393,8.180384402946586
2024-08-16,29.526093609804587,1,28.50121760651814,28.772731968120922,0.2715143616027831,31.736676752149435,22.022367193533626,-9.71430955861581,37.149039796793176,39.7821686254582,2.633128828665022,13.344624064852397,13.526368240326121,0.18174417547372457,40.60046763961813,38.931677731436665,-1.6687899081814663,25.824535798896235,34.12124789995197,8.296712101055732
2024-08-23,28.236058054693004,1,28.380225161360954,30.970015384953427,2.5897902235924732,31.23398530962146,21.329714775134477,-9.904270534486983,30.74603164715218,34.23444843729206,3.4884167901398797,16.178644433904438,14.37036012287696,-1.808284311027478,38.49141094449671,35.55195523540708,-2.9394557090896285,24.38605083162227,32.95985437249402,8.57380354087175
2024-08-30,26.602646194660636,1,26.296712391987555,28.590670967379992,2.2939585753924376,23.322261244052868,18.617549666993597,-4.704711577059271,29.28938891832165,31.457957961448088,2.168569043126439,15.742713537767784,12.498778847647074,-3.2439346901207102,37.10852838450721,31.243483115720096,-5.865045268787114,27.85627269132675,37.207436608774984,9.351163917448233
2024-09-06,25.34857172105634,1,26.48545781697314,28.227490598823735,1.7420327818505967,24.630338443179028,25.7902618129839,1.159923369804872,29.071006192824868,30.426699814742662,1.3556936219177942,14.729329068068807,11.645510709480078,-3.0838183585887293,33.08940069299314,29.843572757096425,-3.2458279358967133,24.085898112299077,26.157894633211257,2.0719965209121796
2024-09-13,25.255558857985832,1,27.250695250521588,31.18273694419443,3.9320416936728435,24.813493327698012,26.24100507895203,1.4275117512540163,29.60929502253208,30.554788392218796,0.9454933696867158,17.24066064780223,11.826915425266662,-5.413745222535567,31.094685449254428,28.54576788991986,-2.548917559334569,21.52452345010667,23.182139417363203,1.6576159672565325
2024-09-20,25.433010872175913,1,28.325211625126983,31.24936301208824,2.924151386961256,25.015229710975092,26.620948219667667,1.6057185086925756,31.3355584298303,31.5283060493675,0.19274761953720088,15.089053157558212,11.428965947943524,-3.6600872096146873,31.46170432243902,29.053340480412842,-2.4083638420261764,21.37130798712589,22.717141523575705,1.3458335364498168
2024-09-27,26.115627004193367,1,28.520364960537762,31.329639720185256,2.8092747596474936,26.099409791412,29.669055121479886,3.5696453300678854,32.917450601651566,33.459743828234096,0.5422932265825295,15.415446631369832,10.831545376205085,-4.583901255164747,32.87021719319527,30.573389014070457,-2.296828179124816,20.870872846993777,20.83038896498539,-0.04048388200838815
2024-10-04,28.927283683178164,1,32.54037764060905,37.288444744822286,4.748067104213234,31.083985328188632,34.17733691498212,3.0933515867934887,33.34069461654738,38.42254855489989,5.081853938352509,18.281878836687383,13.372618764688056,-4.909260071999327,35.444218761215595,31.768536053985997,-3.6756827072295977,22.872546915820948,18.53421706569067,-4.338329850130279
2024-10-11,29.317192122014394,1,31.684444198364176,37.67444965893412,5.990005460569947,35.118735974234355,35.46577006134491,0.3470340871105577,31.32652521258632,36.19250056760944,4.865975355023124,18.609087912139884,12.10259641822114,-6.506491493918745,36.94679614993477,33.973111287295296,-2.973684862639473,22.217563284826866,20.494724738681455,-1.722838546145411
2024-10-18,29.28026923899519,1,33.40041896705313,39.919003519742034,6.518584552688907,35.43832034312872,36.38394790317996,0.9456275600512356,30.823213274450296,34.42561257114227,3.6023992966919707,17.336678412946,13.727703410385814,-3.608975002560186,36.99982390738363,33.395477551852395,-3.6043463555312343,21.68316052900937,17.829870477668692,-3.8532900513406787
2024-10-25,28.49048258771245,1,34.06594104954242,41.03834563234261,6.972404582800195,32.70896532062038,35.03111591352305,2.3221505929026733,29.189639026533968,32.69599934319203,3.5063603166580606,17.119669944240954,12.70136242683786,-4.418307517403093,36.69944295508485,32.70160888902436,-3.9978340660604914,21.15923723025213,16.77446332135476,-4.3847739088973725
2024-11-01,29.275362766050097,1,35.29914527871598,44.52806912844953,9.228923849733548,33.38927116447924,36.94232394240885,3.553052777929608,29.097089958342906,32.309613949741845,3.212523991398939,18.26917280130118,11.908091047900598,-6.361081753400583,36.07052778555017,31.62908880770577,-4.441438977844399,23.526969607911113,18.334989720094,-5.191979887817112
2024-11-08,29.95314333690963,1,35.62287117657226,42.24496232711425,6.622091150541991,33.23497797459028,39.454234485120196,6.219256510529917,32.58976160693692,35.34342468206029,2.75366307512337,16.129472659269652,10.021986291747737,-6.107486367521915,34.88620231241889,33.32534477658358,-1.5608575358353107,27.255574291669774,19.328907458831694,-7.92666683283808
2024-11-15,30.519635348503147,1,36.03512028718526,43.755988655654214,7.720868368468956,33.94775595401052,39.562729564778465,5.614973610767947,34.18916672615545,37.093864948008545,2.9046982218530957,15.527746398243565,10.731409680840898,-4.796336717402667,35.925334659158736,33.18656035988177,-2.738774299276969,27.492688066265373,18.787258881854996,-8.705429184410377
2024-11-22,27.81113663462162,1,30.416154230329695,39.44368151482405,9.027527284494354,33.155146469930045,37.95228569179311,4.797139221863063,30.9358506660826,29.830167513684685,-1.1056831523979156,12.043602570948565,9.221010455172504,-2.822592115776061,34.274490864588515,33.13551004750168,-1.138980817086832,26.04157500585029,17.284164584753725,-8.757410421096566
2024-11-29,27.917535275113995,1,32.072124354050516,39.50438187581284,7.432257521762324,33.8665981959152,39.911472412956996,6.044874217041794,27.094399871477847,30.672975530055552,3.578575658577705,12.335338660191823,10.028648058736934,-2.306690601454889,36.29731873263029,31.727704523391182,-4.569614209239106,25.8394318364183,15.660029249730442,-10.179402586687857
2024-12-06,26.571186832789113,1,30.654429005330996,33.79453084743031,3.1401018420993125,32.98638494272684,40.29550554606139,7.309120603334549,21.863093015616982,29.983749620805526,8.120656605188543,12.249891283920832,10.089427994933743,-2.1604632889870885,36.74162777291563,31.518463027143532,-5.223164745772095,24.931694976223426,13.74544396036022,-11.186251015863206
2024-12-13,22.928964919877064,1,20.16440290787044,25.44434137108705,5.2799384632166095,26.65394589020407,31.869240382497466,5.2152944922933955,16.029590339580324,23.72952990902391,7.699939569443586,18.884269130382023,11.743665635219841,-7.140603495162182,26.20722921641574,24.077976358503463,-2.1292528579122774,29.63435203480978,20.709035862930648,-8.925316171879132
2024-12-20,22.90700321425794,1,23.649975684317212,24.83390398601958,1.183928301702366,22.280974562003223,26.091545637274308,3.810571075271085,19.54544524841667,25.711712055181238,6.166266806764568,18.596549871174318,13.593390011216982,-5.003159859957336,25.34256190246694,24.702096958735865,-0.6404649437310752,28.02651201716928,22.509370637119687,-5.517141380049594
2024-12-27,22.49882592111395,1,23.54878994103545,23.326025871158805,-0.22276406987664643,20.989991523879652,25.902668118621932,4.91267659474228,17.465961563588024,24.217173685787273,6.751212122199249,18.00173813432947,15.201613740399367,-2.800124393930105,26.37062424927022,27.45924566537711,1.0886214161068892,28.61585011458091,18.88622844533927,-9.729621669241638
2025-01-03,22.858165261565034,1,24.081044839786756,22.94918318452615,-1.1318616552606073,21.49766835356543,24.09468020114683,2.597011847581399,18.818766098140074,29.11644779819106,10.297681700050987,16.769938302040373,17.775565774294677,1.0056274722543037,26.466458761763093,25.189905178355545,-1.2765535834075479,29.515115214094465,18.023209432875902,-11.491905781218563
2025-01-10,22.86772112999542,1,23.60283172555684,22.898258902501723,-0.7045728230551163,21.954473755036403,24.779907752372594,2.825433997336191,18.229795579878868,26.262344928340028,8.03254934846116,17.89002629235634,17.19974587829023,-0.690280414066109,27.144620107525725,27.045368780161937,-0.09925132736378828,28.38457931961834,19.020700538305988,-9.363878781312351
2025-01-17,22.167508466513826,1,24.133624923317228,23.13320038600152,-1.000424537315709,22.144659944536983,23.58606041850294,1.441400473965956,18.311613190154716,25.50839070964446,7.196777519489743,13.217820150629436,15.980379264929283,2.7625591142998474,27.430783345079476,25.543811845372005,-1.886971499707471,27.766549245365127,19.25320817463276,-8.513341070732366
2025-01-24,21.706780266483246,1,22.645588596234774,21.73973279168041,-0.9058558045543634,20.04568383633361,16.30635795956057,-3.7393258767730373,20.538993580496765,29.57475479153979,9.035761211043024,13.474826500088582,18.083087066748348,4.608260566659766,24.79764226492337,25.050901402428053,0.2532591375046849,28.737946820822373,19.485847586942256,-9.252099233880116
2025-02-07,28.604415640153615,1,31.570940400189272,25.325332099671684,-6.245608300517588,25.59140145117486,28.906565561077926,3.3151641099030655,28.301768545452546,35.91037785283642,7.6086093073838725,19.817699140530465,24.813838431210357,4.996139290679892,29.939430325584496,36.382429373502504,6.442999047918008,36.40525397799005,20.28795052262283,-16.11730345536722
2025-02-14,28.538887698955325,1,30.92772291957101,27.094970200837153,-3.8327527187338575,24.83475669487227,29.64666649198736,4.811909797115092,28.392419798865717,32.07222889273338,3.679809093867661,18.67258221709193,22.977898298311374,4.305316081219445,30.204317540503425,36.38421036505619,6.179892824552766,38.2015270228276,23.057351944806435,-15.144175078021163
2025-02-21,28.47685372726367,1,29.991121833964016,23.595773993238964,-6.3953478407250515,24.932978256994403,29.697260223874764,4.764281966880361,27.223001302616908,31.82864572167223,4.605644419055324,19.263718085948426,24.252724559288737,4.989006473340311,31.16070855829483,38.96066310405887,7.799954545764038,38.28959432576343,22.52605476144845,-15.763539564314982
2025-02-28,30.14377598433663,1,32.791253945120786,33.602158262746016,0.81090431762523,23.820643686330996,24.63230509376892,0.8116614074379243,26.026097020939815,28.739917159888833,2.7138201389490177,20.077222452342582,23.29543412801806,3.2182116756754766,36.4751746165026,41.03450287267549,4.55932825617289,41.672264184783025,29.558338388922472,-12.113925795860553
2025-03-07,29.72825592232101,1,32.37669042085119,31.63710575283173,-0.7395846680194609,25.227644775530976,26.329802203496968,1.1021574279659916,28.294645127535944,30.044280026993107,1.7496348994571633,19.102285029030526,22.55681524633337,3.454530217302846,35.81791502515847,37.642213325856744,1.824298300698274,37.55035515581899,30.159318978414177,-7.391036177404814
2025-03-14,29.49460488482468,1,29.180046440648894,25.249925996044382,-3.930120444604512,25.353464883206144,30.76352328217041,5.410058398964267,28.140355747108273,32.54321885770513,4.402863110596854,22.99286223233277,24.2897574775793,1.2968952452465317,33.349298866769686,37.31090345854413,3.961604591774446,37.95160113888228,26.81030023690468,-11.141300901977601
2025-03-21,26.517167963472662,1,21.463761010347653,19.91519279670112,-1.5485682136465329,22.632526531281982,30.545661899574128,7.913135368292146,22.254225945000726,28.958063605304503,6.703837660303776,23.686804062485905,22.070553619339165,-1.6162504431467397,30.754229182990926,36.16646820929682,5.4122390263058975,38.31146104872878,21.447067650620262,-16.86439339810852
2025-03-28,24.678972651160922,1,19.55233636356428,13.415231110872185,-6.137105252692095,22.173774135696277,29.10049467869578,6.9267205429995045,22.420533899936743,30.465703035093014,8.045169135156272,22.48396683642902,21.448053970349278,-1.035912866079741,28.424763376546522,32.37486821744126,3.9501048408947383,33.018461294792715,21.269484894514065,-11.74897640027865
2025-04-11,37.0392204163118,1,22.614671557648393,17.495718793000066,-5.118952764648327,40.139203288117244,41.976627503648686,1.837424215531442,36.43100359418764,34.09568079677255,-2.3353227974150883,40.1401341922802,44.284151302210304,4.144017109930104,43.11099576146754,40.54324137161188,-2.567754389855665,39.79931410416976,43.83990273062731,4.040588626457549
2025-04-18,35.69776371066974,1,18.991673254946292,19.547009013589417,0.5553357586431247,38.024326114018315,44.7164457051198,6.692119591101488,39.387607094085254,30.625644167004154,-8.7619629270811,39.2608489267854,40.48588735935596,1.2250384325705568,39.76799848202886,40.41434241835027,0.646343936321415,38.75412839215432,38.39725360059882,-0.35687479155549795
2025-04-25,35.32456619740425,1,20.911836845536897,21.768129541692176,0.856292696155279,35.36548370046545,41.596207348759606,6.230723648294159,39.439092124757686,29.901601912014307,-9.537490212743378,38.420039946202635,45.61434585228001,7.194305906077375,38.27300246958644,38.08964264720739,-0.18335982237904602,39.53794209787639,34.97746988247204,-4.560472215404346
2025-05-02,31.502861182026844,1,17.52598401247465,20.320542796571118,2.7945587840964663,33.18168384040111,39.546422481310145,6.364738640909039,34.528797628383515,28.77948662574198,-5.749311002641534,38.99533344475606,44.34147572811416,5.346142283358105,31.242511494210817,31.69130757139162,0.44879607718080194,33.54285667193493,24.337931889032035,-9.204924782902893
2025-05-09,29.357347769371586,1,20.817685720888733,21.088518842239637,0.2708331213509041,32.547724575630596,38.91931319337809,6.371588617747491,33.86796488024979,27.70513196158339,-6.162832918666396,33.84559415394388,39.49788808752287,5.652293933578989,29.22389435220191,27.28266709032971,-1.9412272618722,25.84122293331461,21.650567441175824,-4.190655492138788
2025-05-16,28.565668201615466,1,19.937003277528248,20.01666988204944,0.07966660452119356,30.740306822012812,33.62072745950188,2.880420637489067,34.82469067810234,25.377035157841192,-9.44765552026115,31.642075212157593,37.522017097551924,5.879941885394331,27.737412761966397,29.310863331100478,1.5734505691340814,26.51252045792539,25.546696281647883,-0.9658241762775077
2025-05-23,28.68168656785366,1,20.940120801032606,21.25204831423443,0.3119275132018231,30.523752685637433,32.759141916091195,2.2353892304537624,33.57131994980392,25.036028509614326,-8.535291440189596,31.27981394946461,36.983252012388775,5.703438062924164,27.96927022638981,28.718705738614943,0.7494355122251335,27.80584179479358,27.340942916178278,-0.4648988786153012
2025-05-30,27.567714383016295,1,20.692630624477914,23.959592222362744,3.26696159788483,29.925888425371227,32.27674061933941,2.35085219396818,33.394604516820735,22.390494918914285,-11.00410959790645,30.570319456553577,32.42562036443282,1.85530090787924,27.3021781885397,27.974606483806397,0.6724282952666982,23.520665086334617,26.379231689242147,2.85856660290753
2025-06-06,27.38000523370201,1,20.833896943129147,27.553858958010565,6.719962014881418,27.57424305700856,28.643276476327642,1.0690334193190836,35.12081627341033,20.629240452142724,-14.491575821267602,30.03443975423569,31.890900860974384,1.856461106738692,26.945046772038197,26.27155574032345,-0.6734910317147467,23.771588602390153,29.291198914433295,5.519610312043142
2025-06-13,27.732415568152003,1,21.86283496710014,34.16501287863723,12.302177911537086,29.60645770194023,30.84069515331595,1.2342374513757193,33.88053503952902,21.43076638756041,-12.449768651968611,32.186767006298965,32.28255623362608,0.09578922732711703,26.72768125594304,23.44461279312887,-3.283068462814171,22.1302174381006,24.230849962643447,2.1006325245428457
2025-06-20,27.52579222850601,1,22.44997328350688,33.986654936769966,11.536681653263088,30.16797192961114,28.036291542940234,-2.131680386670908,30.966868787417624,22.64326078255813,-8.323608004859494,32.15181918649691,31.957965246587847,-0.19385393990906152,26.415536881904686,22.885340059873784,-3.530196822030902,23.00258330209884,25.645240802306148,2.6426575002073065
2025-06-27,28.7988443420375,1,20.183087259277315,34.66046966450706,14.477382405229747,30.964969340760945,31.357054821198858,0.39208548043791325,32.97654086104511,23.774481551756793,-9.202059309288316,33.669540095323,34.57915891978875,0.9096188244657526,32.24246396356676,23.096421989304275,-9.146041974262488,22.756464532251883,25.325479105669302,2.5690145734174195
2025-07-04,27.643501118680064,1,18.368380534955335,33.810988864380434,15.442608329425099,30.115991486347284,28.387856836094457,-1.7281346502528265,33.706768575592136,22.695312270441804,-11.011456305150332,35.84606320715392,37.99062888127597,2.144565674122049,25.243644284842247,20.045488868597545,-5.198155416244703,22.580158623189433,22.93073099129016,0.3505723681007282
2025-07-11,27.02786136022567,1,18.273145465293894,32.38518013082491,14.112034665531013,29.35801208726302,27.956398006037574,-1.4016140812254463,33.35583462545338,23.30922983327123,-10.046604792182151,36.79459028876694,39.0166814682981,2.222091179531162,23.555471726288076,16.68482696649575,-6.870644759792327,20.8301139682887,22.814851756426492,1.9847377881377923
2025-07-18,27.28433637487348,1,18.98493313318545,30.590508210073097,11.605575076887646,27.944201724239804,26.767615560886227,-1.1765861633535764,34.01431973417087,23.822390700035953,-10.191929034134915,36.37231219030457,38.84470686334025,2.47239467303568,24.076950582655044,21.610642573048324,-2.4663080096067205,22.313300884685162,22.070154341857034,-0.24314654282812853
2025-07-25,27.757167158411317,1,17.561381476533455,31.02607019695415,13.464688720420696,28.136270593380814,26.631066463034685,-1.5052041303461294,34.528406928564294,23.776226619659553,-10.752180308904741,37.39777021130338,41.03993826441804,3.642168053114659,25.366005598490247,22.49953696450345,-2.8664686339867984,23.553168142195716,21.570164441898015,-1.9830037002977008
2025-08-01,27.29413044296055,1,16.811158237373334,39.00789715540813,22.196738918034796,27.980090592192653,20.72699907633836,-7.253091515854294,34.29766754628858,23.778548147511927,-10.519119398776652,35.657916546842,35.277741126959455,-0.38017541988254777,25.558008502214435,21.099270302451743,-4.458738199762692,23.459941232852316,23.874326849093677,0.4143856162413613
2025-08-08,29.176806784589726,1,17.177237933986873,36.69291612735867,19.515678193371798,29.612158276567556,23.50143268530617,-6.110725591261385,38.43299641861881,22.26220670838198,-16.170789710236832,36.44824425415882,38.68716936748916,2.238925113330339,27.121287766808905,24.932646888090147,-2.1886408787187577,26.268916057397377,28.9844689309122,2.7155528735148238
2025-08-15,29.29234431334545,1,14.091119538297463,38.635734559358596,24.544615021061134,31.867151916023246,24.106792833133014,-7.760359082890233,38.491233354340324,24.153443352930637,-14.337790001409687,36.08958109009195,37.68092931125769,1.5913482211657453,28.60240721419538,25.153016677864642,-3.449390536330739,26.612572767124334,26.0241491455281,-0.5884236215962346
2025-08-22,30.707592585074337,1,17.165613905529995,36.54469630698176,19.379082401451768,35.91956927354518,30.61543938793824,-5.30412988560694,39.670083969348795,25.689574057432992,-13.980509911915803,37.52783884569709,40.48381222832819,2.9559733826311003,29.96496439179451,25.780478872095145,-4.184485519699365,23.997485124530442,25.13155465766971,1.134069533139268
2025-08-29,32.08327455767761,1,20.193423954060975,36.60978342998747,16.416359475926498,34.6615678177335,32.30691585306275,-2.354651964670751,39.365591193641556,27.143059621282426,-12.22253157235913,37.44495014479005,37.95912326213891,0.5141731173488608,35.86453842440058,30.179274706121006,-5.685263718279572,24.96957581143903,28.301490473473095,3.331914662034066
2025-09-05,33.159508706728225,1,20.03128275227934,36.231903113377044,16.200620361097705,35.62063557901621,33.99280635653774,-1.6278292224784678,40.761498851951934,27.880122713758844,-12.88137613819309,39.91774652397406,42.14802758518479,2.230281061210732,36.53945031416775,30.275216535025876,-6.264233779141875,26.08643821898002,28.428975936485074,2.342537717505053
2025-09-12,33.116286594849356,1,20.36903693812816,32.463455038507206,12.094418100379045,37.15974129721394,34.890261261946364,-2.269480035267577,39.11433480241235,31.594658969580188,-7.519675832832164,39.73434158514029,42.4899698570025,2.755628271862207,36.972819383005884,30.871450676416032,-6.101368706589852,25.347445563195492,26.387923765643848,1.0404782024483552
2025-09-19,33.31154556856749,1,22.489457246333757,31.194845553864624,8.705388307530868,36.23107007653975,38.58353075829291,2.3524606817531577,34.39214437329785,20.21909064741544,-14.173053725882411,43.88545973624648,49.62496789746877,5.73950816122229,36.51162141395482,35.02526366722976,-1.4863577467250622,26.359520565032255,25.221574887133443,-1.1379456778988128
2025-09-26,33.5794182408648,1,23.795811288028318,31.510470542890033,7.714659254861715,38.806927010818335,42.14373096306618,3.3368039522478483,34.93879709259264,18.487428209046257,-16.45136888354638,43.947521932243546,50.50494200147983,6.5574200692362865,36.14637637185389,36.328380205000116,0.1820038331462257,23.84107574965205,22.50155752370631,-1.3395182259457385
2025-10-03,32.1599630292063,1,22.249884493359147,27.087619577715827,4.83773508435668,36.54276776788232,42.79212518974092,6.249357421858605,36.66434209098416,22.429033932773045,-14.235308158211112,41.3843912157701,46.38243999317691,4.998048777406808,33.57846247977531,31.307534399152033,-2.2709280806232783,22.539930127466803,22.961025082679157,0.42109495521235374
2025-10-10,32.102898134980755,1,23.486472769209854,28.44707093535338,4.9605981661435266,36.389931862199155,42.07880633797871,5.688874475779556,37.91340744332129,22.439501532043167,-15.473905911278123,41.93419338336171,46.75590915856147,4.821715775199763,31.673851799787215,30.567897485759588,-1.1059543140276276,21.219531552005307,22.328203360188226,1.108671808182919
2025-10-17,31.08868474105458,1,20.120700504675824,27.276682196905938,7.155981692230114,36.313419096142255,39.67858081559902,3.365161719456765,38.272374837515024,23.090711430424456,-15.181663407090568,40.69353609350131,45.26728891554524,4.573752822043929,30.20583033201312,29.03611545323517,-1.1697148787779525,20.926247582479974,22.182729634617644,1.2564820521376703
2025-10-24,31.525183719391325,1,19.194731061688955,25.43757952895909,6.242848467270136,37.24693603968856,41.816691534517744,4.569755494829181,38.48433764419756,24.4779508317608,-14.006386812436759,41.37536059184091,46.33302708875612,4.957666496915209,31.914828900281776,30.795302975371897,-1.1195259249098797,20.93490807865018,20.290550356982322,-0.6443577216678591
2025-10-31,32.325132698166136,1,16.946547386972995,22.623517973708914,5.676970586735919,38.425038924491275,42.98007378765723,4.555034863165957,37.98632944544808,25.40190617656748,-12.584423268880599,44.47723825747845,52.30258388851435,7.825345631035901,34.41816443682856,32.221886557605615,-2.196277879222947,21.697477737777476,18.420827804943244,-3.276649932834232
2025-11-07,32.12671408096559,1,16.88351875326596,22.370618054552565,5.487099301286605,37.41660336581886,42.79597016520155,5.379366799382694,38.71332092081589,25.405401280272685,-13.307919640543204,43.69532389161457,50.695673421243775,7.000349529629204,34.43644473570191,33.36762307456786,-1.0688216611340522,21.61507281857638,18.124998489955118,-3.4900743286212617
2025-11-14,31.68884902430595,1,12.998810822444597,20.74912557012685,7.750314747682253,37.025718558757255,42.57514372997709,5.549425171219838,40.06023986606415,26.9857095482201,-13.07453031784405,43.758141293135594,48.754536409319925,4.996395116184331,33.72775559076872,31.440060317475712,-2.2876952732930107,22.56242801466537,19.62851857071601,-2.9339094439493607
2025-11-21,30.78035015100401,1,14.234529444400096,18.698906651367253,4.464377206967157,35.77202024949132,43.20589050675221,7.433870257260892,35.81715476627949,28.152302559847342,-7.664852206432144,43.347718035201076,45.38870508432753,2.040987049126457,33.99489450886108,31.55943166360518,-2.4354628452558984,21.515783901790982,17.676864440124533,-3.8389194616664497
2025-11-28,30.789366447112673,1,14.549757545077156,18.8580972840695,4.308339738992345,35.057128820627796,41.401262895883406,6.34413407525561,36.34754266567545,28.494405245428382,-7.853137420247066,43.698844949221574,46.3572955322468,2.6584505830252283,34.15315334505077,31.630859381413174,-2.522293963637594,20.929771357023313,17.99427834363479,-2.9354930133885233
2025-12-05,28.654914233957573,1,14.397555673597637,23.856031977350582,9.458476303752946,32.84082461959714,38.502222502631696,5.661397883034553,33.2260037576129,27.619831063895333,-5.606172693717568,40.86150587183076,39.57329527224073,-1.2882105995900304,31.980625736686264,28.788756165457343,-3.1918695712289207,18.62296974442073,13.589348422169735,-5.033621322250994
2025-12-12,29.16469825185298,1,13.476852014838158,21.828442034901258,8.3515900200631,36.26205661571576,41.91945820265578,5.657401586940026,31.22679820895182,26.096502089791485,-5.1302961191603345,42.95459956535179,40.90285815787153,-2.0517414074802645,31.630426268580948,28.25950793474486,-3.3709183338360873,19.437456837679363,15.981421091152924,-3.456035746526439
2025-12-19,29.391203978942155,1,15.547647806321748,22.18486288484101,6.637215078519262,36.3824054823651,42.36440088534181,5.9819954029767075,31.619359255812796,26.119015690359774,-5.500343565453022,42.16890718457159,40.196157131297944,-1.9727500532736428,31.45789547033621,29.408273556785076,-2.0496219135511353,19.17100867424547,16.074513725027302,-3.096494949218169
2025-12-26,29.77349995268123,1,17.710384261903314,24.484539854665684,6.774155592762369,37.154511362193844,42.60019427683578,5.445682914641935,31.062319798137565,25.085520774342953,-5.976799023794612,42.68481962772721,40.33701083036355,-2.3478087973636548,33.21726508218275,32.100481625414986,-1.116783456767763,16.811699583942683,14.033252354464423,-2.7784472294782603
2026-01-02,31.628839735636074,1,17.134893712201034,27.267829084989742,10.132935372788708,37.99034573964592,39.055957198382956,1.0656114587370382,33.44816185989694,29.00273167093073,-4.445430188966213,46.49300512832478,44.304118583624444,-2.1888865447003383,36.53406184255967,33.80538684694455,-2.7286749956151226,18.172570131188095,16.33701502894401,-1.8355551022440864
2026-01-09,32.66770249996649,1,17.677498722056043,27.14715055318554,9.469651831129497,39.48248310739779,41.00331620987246,1.5208331024746684,34.679399453258554,28.442678874164855,-6.236720579093699,46.4183895089997,45.613406887116675,-0.8049826218830276,37.87039375244065,37.574255377901835,-0.2961383745388133,19.87805045564616,16.225407097557508,-3.6526433580886533
2026-01-16,31.20975493802234,1,15.752580285755428,29.19773374181902,13.445153456063593,38.43298532629165,38.2803036435974,-0.15268168269425075,33.10544826726908,24.667531180079138,-8.437917087189945,45.25652682917325,42.359851599891336,-2.896675229281911,36.21615402452976,36.584335784964196,0.36818176043443884,18.49483489511485,16.168773677782923,-2.326061217331926
2026-01-23,30.435565115333585,1,15.998892464679287,33.23009205405481,17.23119958937552,35.86978201641993,36.15742249215626,0.2876404757363247,31.952885158016485,23.781603285163897,-8.171281872852589,44.656328029601156,44.275848873267165,-0.38047915633399043,33.92571999849061,31.01362477472894,-2.9120952237616677,20.209783024794064,14.15479921263045,-6.054983812163613
2026-01-30,30.76535726491976,1,16.029889618338885,44.67718618786216,28.647296569523277,39.28487839057282,35.90869496958441,-3.3761834209884114,30.981413944929315,23.06057011215033,-7.920843832778985,47.13908952631179,37.684427688050974,-9.454661838260819,34.27250955965819,30.804400341342657,-3.468109218315533,16.884362549707546,12.456864290527975,-4.427498259179572
2026-02-06,29.50605638261324,1,15.673466065649436,35.951481895474984,20.27801582982555,37.15866259578173,36.27223502923828,-0.8864275665434462,30.653404843217587,23.71145258386329,-6.941952259354295,43.98385813020914,38.376892484091314,-5.606965646117828,33.35414608012728,30.686126212235877,-2.6680198678914024,16.212800580694307,12.038150090775787,-4.17465048991852
2026-02-13,30.043980270832066,1,18.176957850217974,34.46724909601764,16.290291245799665,35.765122597412216,37.47301590721477,1.7078933098025573,30.171324462495107,23.602384061140327,-6.56894040135478,42.63248495046723,39.0632239658633,-3.569260984603929,34.673520103486936,33.90537413359051,-0.7681459698964233,18.84447166091293,11.752634461165854,-7.091837199747076
2026-02-27,30.904349511691816,1,17.058749415878992,40.01812583464903,22.959376418770034,37.27704333663041,38.14991470854444,0.8728713719140302,31.77061343444001,25.303296606873104,-6.467316827566904,45.89677499621335,38.096991582481095,-7.799783413732257,35.358767227387645,35.04485015505975,-0.31391707232789656,18.064148659600434,8.812918182543399,-9.251230477057035
2026-03-06,33.994696318339614,1,21.499669380446548,41.795326750433176,20.29565736998663,37.41952729925761,36.49175100921799,-0.9277762900396169,31.21351799050015,22.64652897382328,-8.566989016676871,50.50191234364531,44.96146375942873,-5.540448584216577,40.257077789027974,45.16574989640806,4.9086721073800845,23.076473107160083,12.907357520726379,-10.169115586433705
2026-03-13,34.857416770013884,1,21.611739620246524,44.800433450670795,23.18869383042427,39.87539932394538,34.33777427736097,-5.5376250465844095,29.423726199600907,23.962744152482372,-5.460982047118534,51.56476049476287,44.43863904166928,-7.126121453093589,41.46017749737509,43.20952228321773,1.7493447858426379,25.208697484152495,18.39538741468212,-6.813310069470376
2026-03-20,36.432608773088944,1,24.226981738845538,53.85546909882163,29.62848735997609,42.45944256276365,36.84681373537091,-5.61262882739274,28.447411983612852,22.475384012353274,-5.972027971259578,52.76662916043603,41.903283201231055,-10.863345959204977,42.92369136146218,44.33036740787151,1.4066760464093306,27.771495831413432,19.18433518288532,-8.587160648528112
2026-03-27,29.558340038075173,1,23.03560341716559,41.987856360509795,18.952252943344206,33.146566799570124,17.482805018229044,-15.66376178134108,20.921012121567003,20.531161702080112,-0.3898504194868906,46.102972992776344,26.49839285838459,-19.604580134391753,34.733980400981125,51.52126713721094,16.787286736229817,19.40990449639085,19.328557152036566,-0.0813473443542847
2026-04-03,31.97375216482979,1,23.73625039432902,45.07439975087755,21.338149356548527,39.152626615279274,15.554358639738581,-23.598267975540693,22.593354088502466,17.542654456369434,-5.050699632133032,47.792203871629155,40.06666078398847,-7.725543087640688,37.916361504022525,49.817535178956724,11.9011736749342,20.65171651521632,23.78690417904798,3.1351876638316583
2026-04-10,32.75183335422481,1,23.294146153820478,47.542225096134516,24.248078942314038,39.64609607294747,14.227857609908824,-25.418238463038648,23.31078386192563,17.320466726376978,-5.990317135548651,50.48165997501952,37.56819788618136,-12.913462088838159,40.87642089062678,54.825584534209646,13.949163643582864,18.90189317100898,25.026668272537506,6.124775101528527
2026-04-17,32.04017984188371,1,22.642529995028482,39.00385740574308,16.361327410714594,38.18362513021071,18.630276133976956,-19.55334899623375,23.590294084742567,17.25303496968941,-6.337259115053158,49.217236885856565,41.190230841375794,-8.027006044480771,40.61080913506269,58.509130404195524,17.898321269132836,17.996583820401312,17.65454929632159,-0.3420345240797218
2026-04-24,32.52209700019899,1,22.138162654214383,40.71471522460834,18.576552570393957,37.68035466408045,17.826282188062784,-19.854072476017663,25.28163423753378,18.616083974812994,-6.665550262720785,50.03792224213534,41.98777209294177,-8.05015014919357,41.031246135621316,59.93790918471966,18.90666304909834,18.963262067608696,16.049819336048472,-2.913442731560224
2026-05-01,32.72314979246889,1,21.794306712995905,31.833962952893216,10.039656239897312,40.38248324389199,19.21133510726039,-21.1711481366316,25.93763026254804,20.12625309331156,-5.811377169236479,50.372373216814196,44.71201035021873,-5.660362866595463,40.43870634204858,62.80471262837968,22.3660062863311,17.413398976514614,17.650624622749746,0.23722564623513165
2026-05-08,31.999123819080097,1,21.42106217187117,30.60047813773879,9.17941596586762,38.10216252114449,23.484530035127378,-14.617632486017115,25.129645904115733,20.832280563400502,-4.297365340715231,50.15562175630529,41.828373015084345,-8.327248741220941,39.77434158067214,60.28053928426253,20.506197703590388,17.41190898037175,14.968541878867015,-2.443367101504734
2026-05-15,31.405183979495657,1,20.883780496333003,31.40166272168767,10.517882225354668,36.4225494169417,22.012442207035726,-14.410107209905973,25.60180774856154,19.099031102361494,-6.502776646200047,50.127315579447696,41.948389003565765,-8.178926575881931,39.226870224485324,59.698708163900434,20.47183793941511,16.168780411204665,14.270870678422853,-1.8979097327818124
2026-05-22,29.99920150144764,1,19.21758212946571,26.229423148913767,7.011841019448056,34.93989403163553,22.72146073297462,-12.218433298660912,24.469674223590275,19.754116680134416,-4.7155575434558585,48.7730144068212,41.51776326849123,-7.255251138329967,37.41071908932676,56.52474390658594,19.11402481725918,15.18432512784635,13.247701271585797,-1.9366238562605531
2026-05-29,28.56016800064221,1,23.101602203724553,27.402811348575383,4.30120914485083,31.09687889229822,19.546729542746206,-11.550149349552015,25.472753583715118,19.422418103263738,-6.0503354804513805,46.806322436326255,39.69338353868878,-7.112938897637477,33.16868051071634,53.52631841729891,20.357637906582568,11.714770377072782,11.76934705328027,0.05457667620748907
2026-06-05,29.65340965600559,1,16.062511323650327,23.957671749430844,7.895160425780517,31.644531669530437,21.564633638887983,-10.079898030642454,29.252997170979967,23.47996709942295,-5.773030071557017,46.23931235469143,41.48006857926607,-4.759243775425361,42.89593519550346,55.01129203275617,12.115356837252705,11.825170221677922,12.426824836269532,0.6016546145916095
2026-06-12,29.52914940772243,1,12.041382184210192,19.177734504067686,7.136352319857494,31.869244840240327,24.363068206083668,-7.50617663415666,29.830871052541937,25.873956582163274,-3.9569144703786634,44.192008551786515,39.977959602487275,-4.21404894929924,44.25314073907774,53.69091203399298,9.437771294915237,14.988249078477835,14.091265517539696,-0.8969835609381391
2026-06-19,30.63935336575683,1,15.627944665144838,18.21368205230536,2.5857373871605205,30.5057019975238,26.32603062706329,-4.179671370460511,32.90390728786787,25.905716029880523,-6.998191257987344,44.445513271818704,41.62979312024584,-2.8157201515728616,43.70686035186863,60.635212374018636,16.92835202215001,16.646192620317137,11.125685991027325,-5.520506629289812
2026-06-26,30.07388193889807,1,16.29025508331779,18.04755752437208,1.7573024410542928,27.714846032701374,24.289253914168455,-3.4255921185329186,32.93369364107345,25.7666460317634,-7.167047609310046,44.23493292163918,41.97974724571596,-2.255185675923215,42.18682338201823,59.56356969665215,17.37674631463392,17.0827405726384,10.796517220716353,-6.286223351922047
2026-07-03,28.13222962914747,1,14.98321254101775,19.954094476910043,4.970881935892294,25.115454514837964,22.034512805410458,-3.0809417094275062,31.912041473697514,25.041651723360175,-6.870389750337338,43.65291181882527,36.60939729278977,-7.043514526035494,40.03520710363513,54.85140467550718,14.816197571872053,13.094550322871186,10.302316800907207,-2.792233521963979
2026-07-10,28.54850775742067,1,16.475300024114347,22.089793534809147,5.6144935106948,25.070757525447306,20.547551584563266,-4.52320594088404,33.302697421161014,27.14118093991543,-6.1615164812455845,45.149126342457585,31.448521007789417,-13.700605334668168,38.09776613614085,58.39682979290629,20.29906365676544,13.195399095202916,11.667169684540497,-1.5282294106624192
2026-07-17,27.767834065080546,1,16.942357847006647,22.32957058236596,5.387212735359313,25.38546115533019,20.110316489076652,-5.275144666253539,28.50677821255998,25.44658402158663,-3.0601941909733483,44.800722562025236,29.692371870909234,-15.108350691116001,37.937981286292896,58.113580854761295,20.1755995684684,13.033703327268327,10.91458057178346,-2.1191227554848666
