date,TCI,lag_selected,FROM_Indonesia,TO_Indonesia,Net_Indonesia,FROM_Malaysia,TO_Malaysia,Net_Malaysia,FROM_Philippines,TO_Philippines,Net_Philippines,FROM_Singapore,TO_Singapore,Net_Singapore,FROM_Thailand,TO_Thailand,Net_Thailand,FROM_Vietnam,TO_Vietnam,Net_Vietnam
2010-12-31,5.3238811953176155,1,7.9701936346637865,8.082291515136973,0.11209788047318625,6.753800384067503,6.616270173086704,-0.13753021098079898,1.4261182827278134,1.3491018931592293,-0.07701638956858403,1.856959858366693,1.7808858224262991,-0.07607403594039397,4.4642117197806215,4.3288879061551455,-0.13532381362547596,9.472003292299277,9.785849861941344,0.3138465696420667
2011-01-07,7.106680631830739,1,9.307462036669804,9.430896486887377,0.12343445021757304,8.561992738772943,8.468594136138364,-0.09339860263457922,5.197934451344736,4.991193353243958,-0.20674109810077823,2.799595819951392,2.588047396657501,-0.21154842329389112,4.97083327789781,4.766892097608448,-0.20394118028936248,11.802265466347748,12.394460320448744,0.5921948541009954
2011-01-14,9.627271707112863,1,16.784575282527797,18.193459166183743,1.408883883655946,11.524623214990214,11.280440198309037,-0.24418301668117692,5.603707311756409,5.275635974290736,-0.32807133746567274,5.291101147442163,4.760441341921847,-0.5306598055203153,4.988288168319798,4.464336773329151,-0.5239513949906467,13.5713351176408,13.78931678864268,0.21798167100187982
2011-01-21,9.725406731266697,1,15.610729500742067,16.520786227247754,0.9100567265056867,12.02511932248919,11.880983222876992,-0.1441360996121972,6.619786827052636,6.318815583343152,-0.30097124370948336,5.426417398982579,4.948323779891709,-0.47809361909087045,4.2620993971301,3.910211247929439,-0.35188814920066136,14.40828794120361,14.773320326311136,0.36503238510752567
2011-01-28,10.067848245218975,1,16.03032697911584,17.028144698805846,0.9978177196900049,11.822840566486093,11.643979190861259,-0.17886137562483384,6.746336897799949,6.419170335986308,-0.327166561813641,7.342642377555606,6.825319334638223,-0.5173230429173827,3.8060918657257616,3.4408394962459568,-0.3652523694798049,14.658850784630602,15.04963641477626,0.3907856301456576
2011-02-11,10.14295371240298,1,16.280705000827254,17.22933804045293,0.9486330396256761,13.113327420170364,13.124018224912191,0.010690804741827264,5.222792227224758,4.864582297730678,-0.35820992949408037,8.138319813858828,7.679795610674006,-0.45852420318482245,4.372298264147801,4.089754362170282,-0.2825439019775189,13.730279548188875,13.870233738477793,0.1399541902889183
2011-02-18,10.089334083711115,1,15.3377981179124,15.878794426700054,0.5409963087876548,13.255577936520822,13.142102540072486,-0.1134753964483366,5.414715401368994,4.852346952207242,-0.5623684491617524,7.028149105500717,6.53285813324797,-0.49529097225274654,3.4007649962650532,3.1265387811946255,-0.27422621507042777,16.098998944698707,17.003363668844358,0.9043647241456512
2011-02-25,10.209156240554686,1,15.434798545747881,15.971019313470705,0.5362207677228241,12.533190962467927,12.305036843627619,-0.22815411884030823,6.1300478294983805,5.505266855613783,-0.6247809738845973,7.25401316793922,6.78610594946737,-0.4679072184718507,3.4459275527348154,3.185355708699916,-0.2605718440348994,16.456959384939893,17.502152772448753,1.04519338750886
2011-03-04,10.428675093039118,1,15.603400506466727,16.129115865755153,0.5257153592884265,12.251656787091207,11.891973273779868,-0.35968351331133874,6.830223530735282,6.134711518390105,-0.6955120123451763,7.1849938928682064,6.671441868943049,-0.5135520239251576,3.309640909698288,3.0532755081225815,-0.25636540157570664,17.392134931374997,18.69153252324398,1.2993975918689813
2011-03-11,10.64192686447178,1,17.066084234385244,17.69071755849481,0.624633324109567,9.349281033018073,8.789878199822908,-0.5594028331951648,6.473921911768116,5.771079983330438,-0.7028419284376781,8.840512337996856,8.193759662718861,-0.6467526752779946,3.2490566819088826,3.0109447038880433,-0.2381119780208394,18.872704987753508,20.39518107857559,1.5224760908220816
2011-03-18,9.869813767323004,1,17.074302166034855,17.846159903271726,0.7718577372368713,8.624416344360299,8.090856352941515,-0.5335599914187839,6.250561275524589,5.611776097066553,-0.6387851784580363,6.822059368175644,6.1973680781295,-0.6246912900461439,2.4442846019136084,2.226849041648933,-0.2174355602646756,18.003258847929033,19.245873130879787,1.242614282950754
2011-03-25,9.695802876337245,1,16.742952389302417,17.431799437830236,0.6888470485278191,7.852661887108823,7.2758130201348195,-0.5768488669740037,6.092675696274469,5.385091371335676,-0.707584324938793,6.708302201290067,6.080063889413111,-0.6282383118769559,2.541161446657469,2.3129764981056127,-0.22818494855185634,18.23706363739022,19.689073041203997,1.4520094038137756
2011-04-01,12.768565327327567,1,19.560236498457925,20.444728331017245,0.8844918325593198,14.564547004717966,14.418403787477175,-0.14614321724079105,6.427322129481723,5.8370662157670665,-0.5902559137146568,9.364736150623628,8.528817861080597,-0.8359182895430308,6.653950259641789,6.213352877420604,-0.44059738222118483,20.04059992104237,21.169022891202687,1.1284229701603152
2011-04-08,12.942983066311086,1,20.481466412902222,21.579282413120296,1.0978160002180744,12.308954618395987,11.70921854715958,-0.599736071236407,7.574456626671235,6.932635494373699,-0.6418211322975367,9.687713564598724,8.804644557328075,-0.8830690072706489,6.650338564059851,6.262534280332218,-0.38780428372763254,20.9549686112385,22.36958310555262,1.4146144943141223
2011-04-15,13.27299367157846,1,20.022386946692535,20.93072711778386,0.908340171091325,11.83058064675059,11.140580162739198,-0.6900004840113922,10.609182613460177,10.097629890103306,-0.5115527233568713,9.36009873211519,8.445203061817452,-0.9148956702977387,6.485585642983494,6.10078850347432,-0.3847971395091747,21.33012744746877,22.92303329355265,1.5929058460838803
2011-04-22,12.730938890605747,1,15.013688034422529,14.715398191187077,-0.2982898432354517,10.645850503366319,9.829228648126445,-0.8166218552398732,14.150554995625754,13.527592617419316,-0.622962378206438,5.6435077595206025,5.1884583974592715,-0.45504936206133095,8.27503320741883,7.696457004620811,-0.5785762027980184,22.656998843280448,25.428498484821546,2.771499641541098
2011-04-29,14.020099606561997,1,18.672897464572415,18.718586827285264,0.0456893627128494,10.89940849510107,9.965920159310258,-0.9334883357908126,14.03936212957045,13.546979156182644,-0.4923829733878051,5.932186646471266,5.32590721245171,-0.6062794340195552,11.54067042817097,11.33221738320583,-0.2084530449651396,23.03607247548581,25.2309869009363,2.1949144254504915
2011-05-06,14.675571490661715,1,17.54168555455324,17.188652001448716,-0.3530335531045239,11.829599310650295,10.885410260116359,-0.9441890505339359,14.650624869275447,14.192428720153217,-0.45819614912223017,6.981991146362802,6.3139169581918395,-0.6680741881709622,14.293049587484077,14.52446844948993,0.23141886200585304,22.75647847564443,24.948552554570185,2.1920740789257565
2011-05-13,15.024388375599068,1,17.76561596768761,17.46111612937085,-0.3044998383167581,12.047120096317343,11.174830336995456,-0.8722897593218875,14.619272773873917,14.045961990877615,-0.5733107829963018,7.712649843032253,7.001471139675331,-0.7111787033569215,15.425377730794239,15.855193506184577,0.4298157753903382,22.576293841889054,24.6077571504906,2.031463308601545
2011-05-20,14.033421898771342,1,13.211069164476541,12.336400551069303,-0.8746686134072377,16.492235479440296,16.332839285213893,-0.15939619422640305,10.313551351843998,9.86100379312441,-0.4525475587195871,9.85284335950675,9.25850622902611,-0.5943371304806391,13.224629371760045,13.476592267286719,0.25196289552667395,21.10620266560042,22.935189266907656,1.8289866013072356
2011-05-27,14.801188968307414,1,14.328642009556688,13.3929933552065,-0.9356486543501887,17.961719665513755,17.636139636390695,-0.32558002912305994,11.752665239611275,11.429951895385543,-0.3227133442257326,8.916227714996921,8.189362008683247,-0.7268657063136743,12.817502321093002,12.930920735877336,0.11341841478433423,23.030376859072845,25.22776617830118,2.1973893192283356
2011-06-03,14.893048873853983,1,15.779011372837715,14.91412035803775,-0.8648910147999658,16.434122416168094,15.667562009880498,-0.7665604062875957,11.084593656310673,10.80541212755655,-0.2791815287541226,10.25190862195899,9.52270563778768,-0.7292029841713088,12.10232304296106,12.156889437084928,0.05456639412386721,23.706334132887363,26.291603672776475,2.5852695398891115
2011-06-10,13.388054421317278,1,14.3290794497792,13.677883384717958,-0.6511960650612423,13.256850485509261,12.508552642358708,-0.7482978431505529,9.052717490993203,8.752999744817245,-0.2997177461759577,10.816624126023385,10.28465718540808,-0.5319669406153054,11.629568872185388,11.70172805669894,0.07215918451355208,21.243486103413233,23.40250551390271,2.1590194104894778
2011-06-17,13.756027892862873,1,14.352756719526354,13.587909327702945,-0.7648473918234089,12.529324561303653,11.652424651669008,-0.8768999096346448,9.054303515969778,8.81128852514982,-0.24301499081995814,15.122976773233205,14.910462639960755,-0.2125141332724496,9.580824383669821,9.350373682080502,-0.23045070158931935,21.895981403474423,24.223708530614203,2.327727127139781
2011-06-24,27.723288459806838,5,32.78349289878756,31.771132653814675,-1.0123602449728821,10.019036830667218,7.710276960010987,-2.308759870656232,29.878949052202785,30.547142300627655,0.6681932484248705,40.141102334945074,47.16465996613759,7.023557631192517,28.651654558169156,27.8468570996761,-0.8047974584930557,24.865495084069238,21.29966177857402,-3.565833305495218
2011-07-01,10.692907631014549,1,10.88178319745532,10.323903443239942,-0.5578797542153779,8.8200702554023,8.196843525149006,-0.6232267302532932,7.5657666772753345,7.385880273622021,-0.1798864036533132,11.433068369521152,11.24243916799611,-0.19062920152504148,7.614552451167697,7.483339875181358,-0.13121257598633917,17.84220483526549,19.525039500898842,1.6828346656333508
2011-07-08,10.385754593420588,1,10.71555967592866,10.154276323865474,-0.5612833520631852,8.778800926731549,8.171415058745694,-0.6073858679858546,7.025700127929966,6.8480993455236785,-0.1776007824062873,11.057734350609437,10.831587792063132,-0.22614655854630428,6.909806098214645,6.753998698270962,-0.15580739994368287,17.826926381109274,19.55515034205459,1.7282239609453143
2011-07-15,10.589941027529695,1,10.80868721852741,10.303208402805737,-0.5054788157216734,8.716387544696772,8.160613457649376,-0.5557740870473964,7.416007936205702,7.290390768110555,-0.12561716809514678,11.998509560387262,11.906429561352837,-0.09207999903442499,7.556666285269827,7.4552073600464865,-0.10145892522334066,17.043387620091195,18.423796615213192,1.3804089951219964
2011-07-22,10.463270372685072,1,10.548633210401618,9.972496534445213,-0.5761366759564055,8.94899257508304,8.36074279057614,-0.5882497845068997,6.524109634313064,6.338387589580307,-0.18572204473275633,11.312343039177435,11.05615426828355,-0.2561887708938855,7.585730456437432,7.496096974786454,-0.08963348165097784,17.85981332069784,19.55574407843875,1.6959307577409106
2011-07-29,11.23682343944449,1,10.226993283770057,9.741016346115018,-0.4859769376550389,11.126873366377907,10.909864962464482,-0.21700840391342524,7.172511340036436,6.8569241041004005,-0.3155872359360359,12.54203578917948,12.56345890062974,0.02142311145026099,10.233910158771778,10.251515272955928,0.017605114184149784,16.118616698531284,17.098161050401373,0.9795443518700893
2011-08-05,16.140223896064132,1,13.690446523726948,12.259314871693832,-1.431131652033116,13.986758270327712,13.018933711114016,-0.967824559213696,9.408750570554048,8.249602447290428,-1.1591481232636198,26.032938271774455,29.796559798757713,3.7636215269832576,12.910419897494151,12.183940777279673,-0.7264791202144778,20.812029842507485,21.33299177024918,0.5209619277416948
2011-08-12,22.362050812004366,4,12.773617443920159,10.614369380835114,-2.1592480630850446,30.70009073261842,32.200786012459616,1.5006952798411959,12.82674160299257,10.192607296067095,-2.634134306925475,32.90670632795229,36.788626817438995,3.8819204894867028,18.923828379472937,16.567970736536182,-2.355857642936755,26.041320385069824,27.807944628689228,1.766624243619404
2011-08-19,23.217600827153547,5,19.7365750531132,17.95231448949899,-1.784260563614211,28.552152519510003,29.323484580897016,0.7713320613870138,16.600477491667633,14.237155465589396,-2.3633220260782366,12.631423518761679,11.062270827487353,-1.5691526912743257,28.2242142032094,28.79743622913452,0.5732220259251193,33.56076217665937,37.93294337031401,4.37218119365464
2011-08-26,17.916601875953663,4,9.001991310383573,7.728235353301571,-1.2737559570820025,26.294462418669696,29.25922302250453,2.964760603834833,13.882705049097524,12.292760531208302,-1.5899445178892222,14.614824716316235,13.409374632890604,-1.2054500834256316,21.552290563554962,21.530104534675928,-0.02218602887903387,22.153337197699983,23.27991318114107,1.1265759834410858
2011-09-09,13.148867454244124,1,9.112966645264677,8.48886575029563,-0.6241008949690467,15.63343219118427,15.817176468657948,0.1837442774736786,10.13393184390496,9.467224232559076,-0.6667076113458847,16.559871431068643,17.471308926555395,0.9114374954867515,17.0598595057064,17.748630636224846,0.6887711305184467,10.393143108335792,9.899998711171818,-0.49314439716397374
2011-09-16,13.815905575082516,1,9.08017398303248,8.392726633260253,-0.6874473497722278,16.92361010104699,17.27570663664531,0.35209653559832077,10.177577001326526,9.408963200562368,-0.7686138007641574,17.50096371152017,18.43728203138633,0.9363183198661602,17.653326005193776,18.316532835486456,0.6632068302926797,11.559782648375148,11.06422211315433,-0.4955605352208181
2011-09-23,16.673808531555093,1,11.929171019431067,10.8117254662491,-1.117445553181966,21.087731508689657,21.76060537051646,0.6728738618268011,14.701854309113287,13.663160198249358,-1.0386941108639292,21.65399100903781,23.221668901791688,1.5676778927538777,21.99056306050292,22.99196754200061,1.001404481497687,8.67954028255582,7.593723710523349,-1.0858165720324706
2011-09-30,18.096294073662204,1,16.333980742450308,15.652135727573366,-0.6818450148769415,22.126231787768702,22.934601966701976,0.8083701789332736,15.298920612462283,14.205164780847014,-1.093755831615269,22.018368842125284,23.159976097057154,1.1416072549318699,22.598270050320522,23.580979144564594,0.9827090942440719,10.201992406846117,9.044906725229183,-1.157085681616934
2011-10-07,18.56884153798877,1,15.806311674743768,14.866011247843673,-0.9403004269000945,21.8101308390889,22.26562284995437,0.45549201086546987,15.759744445011563,14.582533926938268,-1.177210518073295,23.899285499396967,25.88803433585157,1.9887488364546044,22.911289374856167,23.860156393752888,0.9488670188967205,11.226287394835268,9.95069047359189,-1.2755969212433769
2011-10-14,20.371981369460634,1,17.007711108543006,15.662309199863685,-1.345401908679321,22.554211296947315,22.46534202938828,-0.08886926755903346,18.26490797707129,17.071400923203754,-1.1935070538675348,27.76400909322996,31.189206976482296,3.4251978832523378,24.43160165636617,25.267486389162613,0.835884732796444,12.209447084606069,10.57614269866319,-1.6333043859428784
2011-10-21,20.06527084310924,1,17.17309029210368,15.729957831167596,-1.4431324609360843,22.55516405808146,22.60469468105522,0.049530622973762206,18.493771928045177,17.637073301143985,-0.856698626901192,28.434228459062737,32.463556726710934,4.0293282676481965,22.161709349239985,22.110986414225152,-0.05072293501483216,11.573660972122397,9.845356104352504,-1.728304867769893
2011-10-28,23.397420697989315,1,23.770901824833757,22.515355688757197,-1.2555461360765605,25.49443426884916,25.201959491097682,-0.29247477775147956,21.682342495221818,20.430499960847015,-1.251842534374802,32.5052086249562,37.18658992255267,4.681381297596474,26.632422914105035,26.857096330150156,0.22467341604512114,10.299214059969941,8.19302279453116,-2.106191265438781
2011-11-04,23.81767973929477,1,23.954707614800412,22.724839626536593,-1.2298679882638197,25.58446748049046,25.127135768833455,-0.45733171165700526,24.10949060010593,23.182867959006302,-0.9266226410996268,32.54381691122144,36.91819430387861,4.374377392657166,27.351628661412846,27.575173196003618,0.22354453459077206,9.361967167737546,7.377867581510046,-1.9840995862275008
2011-11-11,23.63626805220973,1,22.681981562822514,21.56176234679009,-1.1202192160324245,26.044749244812877,25.928075352447863,-0.11667389236501435,24.7289317734286,24.117774616956567,-0.6111571564720322,31.148756353495358,34.6677133710086,3.5189570175132445,27.158273775478847,27.39193104162149,0.23365726614264304,10.054915603220167,8.150351584433722,-1.904564018786445
2011-11-18,23.186286830176584,1,22.533467028258528,21.51807037387063,-1.0153966543878994,25.307983612697754,25.05253897347984,-0.25544463921791305,23.45593417293344,22.51655844254509,-0.939375730388349,31.134919818102958,34.83835181972026,3.7034320016173012,26.90423222058253,27.252225795983065,0.34799357540053677,9.781184128484298,7.939975575460593,-1.841208553023705
2011-11-25,24.22892093166155,1,23.65812689722324,22.492745890205896,-1.165381007017345,26.286642334646928,25.923165539424005,-0.36347679522292253,24.161860754168757,22.885968976960044,-1.275891777208713,33.28095828799458,37.79024495365876,4.5092866656641775,28.144633960901984,28.41560999719877,0.270976036296787,9.841303355033801,7.865790232521817,-1.975513122511984
2011-12-02,26.206362639640332,1,25.61521836743482,24.333316612984746,-1.2819017544500753,27.34903631860847,27.3971448164111,0.04810849780263027,21.485935530969172,19.372817817832953,-2.1131177131362193,35.00453163937128,40.422676200750814,5.418144561379535,28.655000072106134,29.13638353519066,0.4813834630845264,19.128453909352118,16.575836854671763,-2.552617054680354
2011-12-09,25.17940899028289,1,27.030789271820723,26.975691720762043,-0.05509755105867953,23.18340167174712,21.890048014395717,-1.2933536573514033,20.147278532476477,18.109958975295356,-2.037319557181121,32.58637293296297,36.41379637086223,3.827423437899256,29.3132757139242,31.142842107621632,1.8295663936974336,18.815335818765845,16.544116752760402,-2.271219066005443
2011-12-16,26.416696772634594,1,30.202075857249994,31.389815584464827,1.187739727214833,21.24704209382695,19.455601432770877,-1.7914406610560718,24.70416506694896,23.158233353195754,-1.5459317137532054,29.38189521957598,30.880613395480395,1.4987181759044148,31.191513333839566,33.78766524058531,2.596151906745746,21.773489064366103,19.828251629310387,-1.9452374350557164
2011-12-23,25.472697708585894,1,30.160259981956983,31.61213960172404,1.4518796197670554,17.89125148009576,15.80285133558803,-2.0884001445077303,24.498980994769298,23.184106162179972,-1.3148748325893251,28.39201932773196,29.67880705284699,1.2867877251150333,30.755810874882968,33.39488426750363,2.6390733926206593,21.137863592078403,19.163397831672725,-1.9744657604056783
2011-12-30,25.41013470349203,1,32.31466371660774,34.93284477599228,2.61818105938454,15.995030128284256,13.720775574607714,-2.274254553676542,24.097823896207814,22.285703970922654,-1.8121199252851596,29.017828801427612,30.308756740888384,1.2909279394607722,30.312439250392814,32.66297165171892,2.350532401326106,20.723022428031925,18.549755506822194,-2.1732669212097306
2012-01-06,25.146199050206306,1,32.34177398518344,34.97240444055366,2.6306304553702233,15.091738507510598,12.85492679351917,-2.236811713991429,25.43477520031874,24.11271139479065,-1.3220638055280887,28.944120492065252,30.031270791401795,1.0871502993365425,29.875651710027427,32.01502126728221,2.1393695572547813,19.189134406132382,16.89085961369034,-2.2982747924420437
2012-01-13,24.991396259989624,1,32.17980714969559,35.00430251744159,2.824495367745996,14.889353455470328,12.73611205559213,-2.1532413998781976,24.095022435667417,22.57294008897246,-1.5220823466949582,28.333886578542973,29.149416933396836,0.8155303548538626,29.32470196744775,31.355463543392943,2.030761575945192,21.125605973113707,19.130142421141812,-1.9954635519718948
2012-01-20,24.635244549578072,1,32.33004521685268,35.40031939674115,3.0702741798884716,13.730059019041704,11.748222660364647,-1.9818363586770573,24.127481583998744,22.566296602829823,-1.5611849811689211,27.171291778592504,27.256210553253965,0.08491877466146036,29.00866524051395,30.917076570635913,1.9084113301219645,21.443924458468828,19.92334151364291,-1.520582944825918
2012-02-03,22.554002377467054,1,31.262134331326166,34.79818980674057,3.5360554754144005,13.065735156582733,11.422306274107896,-1.6434288824748364,20.266242060145885,18.377257115451087,-1.8889849446947977,24.94668033388801,24.75256093356373,-0.19411940032428276,27.190395785507107,28.93294715963576,1.7425513741286522,18.5928265973524,17.040752975303235,-1.5520736220491642
2012-02-10,24.018966598987657,1,32.84858255518948,36.358929452681906,3.5103468974924255,14.06695492536862,12.224027657799155,-1.8429272675694648,20.792028275292182,18.4409524012826,-2.351075874009581,29.4708135643441,30.65646368070385,1.1856501163597528,27.425306127198326,28.673714868539506,1.24840874134118,19.510114146533226,17.75971153291897,-1.7504026136142556
2012-02-17,23.76839163432625,1,32.72691419747704,36.18925865679138,3.4623444593143375,13.617867399265279,11.746674454796377,-1.871192944468902,21.531925325164394,19.25384663424063,-2.2780786909237634,29.47058478655478,30.6476928352765,1.1771080487217205,27.628199801784987,29.144226629133456,1.516026827348469,17.634858295711012,15.628650595719165,-2.0062076999918474
2012-02-24,24.398060301281095,1,31.233792825204773,33.29328268270227,2.0594898574974962,15.828186873680309,13.870371495392845,-1.9578153782874637,22.19044065830792,20.033618459916582,-2.156822198391339,30.403949464920203,32.47385590978176,2.0699064448615587,28.63001400646104,30.537607635568577,1.907593629107538,18.101977979112334,16.179625624324544,-1.9223523547877903
2012-03-02,24.25078900927645,1,29.938151643386433,31.522520886496622,1.5843692431101886,19.939122615641068,18.845853406389764,-1.0932692092513037,25.051501288495786,23.880086325018212,-1.1714149634775737,27.285462572115847,27.943075311600666,0.6576127394848186,28.461689536385236,30.257607722400635,1.795918186015399,14.828806399634317,13.055590403752802,-1.7732159958815146
2012-03-09,25.704942074741695,1,32.171234466371814,33.97353051475132,1.8022960483795032,21.08721070468019,19.67042996505512,-1.416780739625068,26.076106352753754,24.371480216470403,-1.704626136283352,28.19317863886458,28.490904259932634,0.29772562106805367,32.39692664508543,35.54061548147398,3.1436888363885487,14.304995640694415,12.182692010766758,-2.122303629927657
2012-03-16,24.706466071179523,1,30.434498358485968,31.59863570692515,1.1641373484391835,20.181955171378178,18.929565756826605,-1.2523894145515726,26.667462157757512,25.662565895632113,-1.0048962621253992,26.193292005039012,26.04967754820214,-0.1436144568368718,31.645483948482735,34.81493756363497,3.1694536151522357,13.116104785933743,11.183413955856153,-1.9326908300775898
2012-03-23,23.005318843185837,1,29.575065411351872,30.781329948635474,1.2062645372836016,17.315298356257443,15.825775015163487,-1.4895233410939568,22.356670190302793,20.472879505357355,-1.8837906849454384,26.936603711554113,27.73529088347381,0.7986871719196955,30.358929485036512,33.41936589038923,3.0604364053527178,11.489345904612279,9.797271816095702,-1.692074088516577
2012-03-30,22.78271113903375,1,29.47186976983572,30.93408207841246,1.4622123085767385,16.640332757238852,15.306188796427861,-1.3341439608109908,22.590554691040566,20.905547262436173,-1.6850074286043935,26.855231192109045,27.645935603157483,0.7907044110484378,29.067578666874695,31.40368926964966,2.3361106027749656,12.07069975710364,10.500823824118896,-1.5698759329847434
2012-04-06,23.706683097686213,1,29.024255677748357,30.172184044277344,1.147928366528987,18.6372444030892,16.86435216178191,-1.7728922413072894,21.364538493581733,19.36619712703272,-1.9983413665490133,27.32219863673761,28.256894324226323,0.9346956874887127,31.092770438453982,34.95170699643988,3.858936557985899,14.799090936506403,12.62876393235912,-2.170327004147282
2012-04-13,25.38135726952095,1,31.55574769895135,33.48049148595693,1.924743787005582,23.582747742173638,22.177669096997533,-1.4050786451761041,19.254821477929625,16.39347559274404,-2.8613458851855853,29.176213007477557,29.78341234259858,0.6071993351210239,33.05439795566919,37.30792294397875,4.2535249883095645,15.66421573492434,13.14517215484986,-2.519043580074481
2012-04-20,24.429334869249672,1,31.438556027554355,33.494166355105094,2.0556103275507382,22.94270801672978,21.679269727218852,-1.2634382895109297,18.553002646445435,15.760549577460694,-2.7924530689847415,28.384205066196145,28.498010673493425,0.11380560729728018,32.33699805810109,36.51921648184616,4.18221842374507,12.920539400471228,10.624796400373768,-2.2957430000974597
2012-04-27,24.75887351034633,1,34.208266456454695,37.87134403929741,3.6630775828427176,21.516422126095634,19.98063521540996,-1.5357869106856725,19.57847777451606,16.471160249223857,-3.1073175252922027,29.030152199598987,28.68183353231977,-0.3483186672792158,31.85811430410577,35.33007189984653,3.4719575957407613,12.3618082013068,10.218196125980441,-2.1436120753263594
2012-05-04,23.720545022789725,1,34.244937967652504,38.67297176598659,4.428033798334084,20.37881407369032,18.873809847484097,-1.5050042262062249,18.280239375059708,15.189230814648084,-3.0910085604116233,27.105753958803845,25.926381838291974,-1.1793721205118715,31.063787884543373,34.35656893521568,3.2927810506723034,11.249736876988607,9.304306935111924,-1.9454299418766823
2012-05-11,22.312253708793552,1,34.81061741086451,40.131744439405935,5.321127028541426,15.361644487980968,12.805047674016393,-2.5565968139645747,17.593513310270666,14.354106557850102,-3.239406752420564,25.272618329298695,22.841118064487773,-2.4315002648109214,31.943519555581517,36.765014543005194,4.8214949874236765,8.891609158764965,6.976490973995922,-1.9151181847690424
2012-05-18,23.859608040260422,1,38.64049992854479,45.90743282168973,7.26693289314494,15.488458441132892,12.33864369159113,-3.149814749541761,22.059318353642198,18.55890224992396,-3.500416103718237,28.512821223290686,26.280297433607004,-2.2325237896836825,32.43046303354477,35.55306823938214,3.122605205837374,6.0260872614071985,4.519303805368608,-1.5067834560385904
2012-05-25,23.181653958179393,1,36.957533058395455,43.453526124639936,6.4959930662444805,14.286232334816361,11.391085485413257,-2.8951468494031047,21.293832790726157,18.289602596086468,-3.004230194639689,26.542145932853472,24.621474132518216,-1.9206718003352563,31.633456671255658,34.67029037195286,3.0368337006972013,8.37672296102923,6.663945038465556,-1.7127779225636743
2012-06-01,24.128585523852184,1,37.06738942148666,43.4762261079802,6.408836686493544,16.883059487399876,14.061897774321949,-2.8211617130779274,21.29653019665662,18.35479749490655,-2.9417327017500696,27.280979234600565,25.900371132492964,-1.380608102107601,31.557078402760183,34.123543563458156,2.566465160697973,10.686476400209216,8.854677069953311,-1.8317993302559046
2012-06-08,27.163443068885112,1,40.50317039886158,47.661701503207745,7.158531104346167,18.491982016504608,14.488555126052347,-4.0034268904522605,21.94551082598008,18.070497950651898,-3.8750128753281814,29.757850656438208,27.77295588836472,-1.984894768073488,37.870516399455106,43.344395182529986,5.4738787830748805,14.4116281160711,11.642552762503954,-2.769075353567146
2012-06-15,26.03541092219035,1,40.51188249943945,49.11408709358409,8.602204594144638,19.136608299068385,14.907797057260822,-4.228811241807563,20.79031734139295,16.89060087353785,-3.8997164678551,25.603522748533592,21.990224593741516,-3.6132981547920764,38.221556527979125,44.36749328381857,6.145936755839443,11.948578116728626,8.942262631199256,-3.0063154855293703
2012-06-22,24.778092465975636,1,39.34475474330081,47.198265477791594,7.853510734490783,18.697183547080442,14.59669039148234,-4.100493155598102,19.50742011494856,15.303249499072834,-4.204170615875725,22.06738082087287,18.299638131343173,-3.7677426895296975,38.37457180668241,45.271841744134406,6.897269937451995,10.6772437629687,7.9988695520294755,-2.678374210939225
2012-06-29,25.280778694118528,1,39.76456518804198,47.561469356880615,7.796904168838637,18.634305929728455,14.299158417305279,-4.335147512423177,19.551376755085684,15.186720254876235,-4.364656500209449,24.232632058178282,20.27524171524618,-3.9573903429321007,39.34721202295872,46.93446283647396,7.58725081351524,10.154580210718038,7.427619583928873,-2.7269606267891646
2012-07-06,26.08342867742876,1,40.972917747050744,50.10762725305766,9.134709506006914,19.554011673066285,15.128461911671621,-4.425549761394663,20.409670065952128,15.833755659071812,-4.575914406880315,26.975885089914854,23.065342338290407,-3.9105427516244475,38.9142101098076,45.427026228649595,6.512816118841997,9.673877378780972,6.93835867383153,-2.735518704949442
2012-07-13,25.780574742726063,1,40.96901004843351,50.548139072028924,9.579129023595414,19.611712258936976,15.182737314509993,-4.428974944426983,19.804652193339834,15.094293022616597,-4.710359170723237,27.08030562613402,23.63138572293886,-3.4489199031951614,38.14664891966611,43.791667299295845,5.645018379629732,9.07111940984592,6.435226024966099,-2.6358933848798216
2012-07-20,24.258448032151794,1,37.12770174073238,43.90148890895664,6.77378716822426,17.565450795773813,13.74856244199411,-3.816888353779703,20.279705553988308,16.20905981182672,-4.070645742161588,25.726498668758154,22.702054118500726,-3.024444550257428,36.77733865710849,43.190497410437644,6.4131587533291565,8.07399277654963,5.799025501194905,-2.274967275354726
2012-07-27,20.86374201115232,1,32.94396542006905,38.58759149977739,5.643626079708341,16.115692570919194,13.565864131332972,-2.5498284395862214,19.92361500556558,17.153058646787755,-2.7705563587778244,22.45028876274567,20.375903607931065,-2.074385154814607,29.030742381058886,31.941365482636982,2.9106231015780963,4.718147926555531,3.5586686984477183,-1.1594792281078128
2012-08-03,21.101734867419626,1,34.27059696133881,41.26330139934012,6.9927044380013115,16.358344770665468,13.68161525719762,-2.6767295134678477,19.849411305478867,16.89927419902895,-2.9501371064499153,22.157333980627357,19.720680004548726,-2.436653976078631,28.32046893594317,30.78484478835155,2.4643758524083808,5.65425325046408,4.260693556050754,-1.3935596944133266
2012-08-10,20.94008984170883,1,33.615904143126556,40.18386913951748,6.567964996390927,18.341778012242287,16.038067533121378,-2.303710479120909,19.964185410316873,17.35135541184411,-2.612829998472762,21.523801297647196,19.58649993544482,-1.9373013622023763,26.727017883263755,28.36258568486599,1.6355678016022352,5.467852303656315,4.118161345459242,-1.3496909581970726
2012-08-17,23.141006550863505,1,37.100096733594334,44.782252002252456,7.682155268658121,24.332460996819776,21.681022593699026,-2.65143840312075,19.937154124778928,16.40751443729937,-3.529639687479559,22.882964203228113,20.21336409553625,-2.6696001076918634,30.73691913114112,33.00943389537747,2.272514764236348,3.856444115618771,2.752452281016474,-1.1039918346022972
2012-08-24,22.7231078026963,1,34.81846234247712,41.017289903748974,6.198827561271855,24.29061507910434,22.563937161593614,-1.7266779175107274,19.507213315963227,16.418186392529776,-3.089026923433451,20.399375697025917,17.941903521793435,-2.457472175232482,29.59468360716822,32.37673552503408,2.782051917865857,7.7282967744389595,6.020594311477893,-1.7077024629610662
2012-08-31,28.694475020486635,5,28.939042870590015,28.934542098154083,-0.0045007724359322765,29.079536524378597,28.55310297668362,-0.5264335476949782,29.18966629382608,29.514062521581195,0.32439622775511623,25.38598466452636,23.745635047813778,-1.6403496167125837,33.41980773639064,36.41624162589663,2.996433889505994,26.15281203320812,25.003265852790477,-1.1495461804176443
2012-09-07,18.221675669847972,1,25.45878245993194,27.973837253289048,2.515054793357109,18.93254853761688,18.277749530660017,-0.6547990069568641,14.81529345976874,13.267209975638536,-1.5480834841302027,16.82639112860221,15.547862308777923,-1.2785288198242881,24.351386263510918,26.699593224739928,2.3482069612290104,8.945652169657137,7.563801725982344,-1.381850443674793
2012-09-14,19.3604234132183,1,26.024852884229446,28.506027070801906,2.48117418657246,19.435882695348,18.870429286846758,-0.5654534085012415,15.825502289877221,14.273099174055133,-1.552403115822088,18.381656840006684,17.181598176651164,-1.2000586633555201,25.178070353525456,27.601570098233836,2.42349974470838,11.31657541632299,9.729816672720986,-1.5867587436020045
2012-09-21,20.10676348528651,1,28.26573854532107,31.576420917322153,3.3106823720010823,18.267912586939786,17.26821351802998,-0.9996990689098055,16.387125441632335,14.541492510807771,-1.8456329308245643,20.266328251122317,18.94373811376458,-1.3225901373577358,26.393043148166143,28.876855120403548,2.4838119722374046,11.060432938537403,9.433860731390993,-1.6265722071464097
2012-09-28,17.44564744384139,1,23.770467823145054,25.777290738495893,2.0068229153508383,15.769619571323773,15.191565664013467,-0.5780539073103057,15.00011528515823,13.869463834055253,-1.1306514511029775,17.445730881978093,16.484973685487418,-0.9607571964906754,22.785460197137837,24.641685317575963,1.8562251204381255,9.902490904305367,8.708905423420333,-1.1935854808850337
2012-10-05,18.322845915330912,1,24.222312810079572,26.07982017318257,1.8575073631029966,17.256083274530155,16.72303050856543,-0.533052765964726,15.880780191085648,14.666415475060674,-1.2143647160249742,18.053991474211358,16.9824492436087,-1.0715422306026596,24.426026656726847,26.73287253350894,2.3068458767820914,10.0978810853519,8.752487558059215,-1.3453935272926856
2012-10-12,12.65641919878947,1,8.98509627959207,8.45896293719639,-0.5261333423956813,15.984486802472006,16.511480600574743,0.5269937981027368,11.109764581776531,10.599924816178216,-0.5098397655983149,9.051814938232397,8.296034072987808,-0.7557808652445885,19.97192684873626,22.095749670200306,2.1238228214640458,10.835425741927551,9.97636309559934,-0.859062646328212
2012-10-19,12.36910160314558,1,8.968321643383916,8.47521950845612,-0.49310213492779553,15.452349870413016,15.888695408473879,0.43634553806086274,10.900521130229379,10.417618374939792,-0.4829027552895866,8.466714846259094,7.737892237138453,-0.7288226091206411,19.806565478387583,21.944857914249397,2.138292435861814,10.620136650200493,9.75032617561584,-0.8698104745846535
2012-10-26,12.570551660624234,1,10.26111975293071,9.907374434980795,-0.35374531794991526,15.555990245523063,16.055829318634224,0.49983907311116127,10.955901990142962,10.508593257943502,-0.44730873219945977,9.466619271225312,8.885637698388237,-0.5809815728370751,18.71923978929432,20.387926706584167,1.6686869172898469,10.464438914629042,9.677948547214484,-0.786490367414558
2012-11-02,12.656511055009132,1,10.043528580443166,9.747799969824598,-0.2957286106185677,13.998898061413968,14.050347314143437,0.05144925272946921,12.864177240116732,12.809990707457104,-0.05418653265962803,9.521717428236428,8.980583599113956,-0.5411338291224723,18.02322833942847,19.38350161097229,1.360273271543818,11.487516680416022,10.966843128543445,-0.5206735518725765
2012-11-09,11.616946583734318,1,8.906796103195106,8.59618898619614,-0.31060711699896615,13.01785144643273,13.030430123875234,0.012578677442505182,12.902898208013085,13.0319123597789,0.12901415176581565,8.027852293556975,7.48682874965786,-0.5410235438991151,16.779954190566855,17.985368617870947,1.2054144273040919,10.06632726064116,9.570950665026842,-0.49537659561431724
2012-11-16,8.164847916162294,1,6.991586048925228,6.686951417932747,-0.30463463099248145,8.62501554651682,8.395223626599972,-0.229791919916849,13.430570426725083,14.217190565998749,0.7866201392736656,5.0714599989262155,4.767417650319572,-0.30404234860664303,10.870976123931825,11.15892650907,0.28795038513817417,3.999479351948594,3.763377727052756,-0.23610162489583786
2012-11-23,7.564246707069498,1,5.921818236851962,5.666759003422314,-0.2550592334296482,8.717695033249342,8.635570965074479,-0.0821240681748634,12.005487788242533,12.609944219437523,0.6044564311949898,6.176896081023003,5.9157207045157065,-0.26117537650729616,9.45319358410751,9.626249858881664,0.17305627477415442,3.1103895189426396,2.9312354910853173,-0.17915402785732226
2012-11-30,7.7210169526913885,1,5.530347050788464,5.243682274737466,-0.2866647760509977,7.32964020818136,6.986347724961078,-0.3432924832202815,12.610028569748678,13.335590352202814,0.725561782454136,9.754849026373748,9.8111119986512,0.056262972277451695,8.110323957660029,8.11216661337464,0.0018426557146113964,2.990912903396051,2.837202752221117,-0.15371015117493414
2012-12-07,9.638097146042666,1,5.450976371342975,5.011383412671535,-0.4395929586714402,12.644941199304881,12.062541023683863,-0.582400175621018,17.945829429328796,19.465004776103044,1.5191753467742473,10.315578319229289,10.071179499229956,-0.24439881999933277,8.542135188151363,8.47849017315319,-0.06364501499817266,2.929122368898689,2.7399839914143485,-0.18913837748434048
2012-12-14,9.07719571803913,1,6.785787274476803,6.273294520030291,-0.5124927544465123,4.455763158682345,4.050278623218105,-0.40548453546423957,16.17613377413886,17.245259962195504,1.069126188056643,14.256917233561367,14.450628639289405,0.19371140572803824,9.89316337699077,9.757679289762152,-0.13548408722861893,2.895409490384637,2.686033273739298,-0.2093762166453388
2012-12-21,8.682820773600811,1,6.6140971274469536,6.221788634017869,-0.39230849342908414,4.45815268177293,4.071155868776387,-0.38699681299654287,14.919329319817905,15.77321358158359,0.8538842617656854,13.371182697086098,13.60761267307096,0.23642997598486204,9.813881101464688,9.71019807423724,-0.10368302722744716,2.9202817140162978,2.7129558099188387,-0.2073259040974591
2012-12-28,8.631730679315167,1,5.793607324206846,5.455582115222768,-0.33802520898407806,6.010723053378797,5.587907950680176,-0.4228151026986211,14.016836855587911,14.762070271435164,0.7452334158472524,12.800357186658132,13.05504775566071,0.2546905690025767,10.395580067011124,10.373965220337055,-0.0216148466740691,2.7732795890481867,2.5558107625551116,-0.21746882649307508
2013-01-04,9.070376144609284,1,6.265333236828425,5.93491300706448,-0.3304202297639449,7.164774633981494,6.792388663611135,-0.3723859703703596,12.835971864437639,13.161922639965184,0.32595077552754503,14.310490474844428,15.00750155788262,0.6970110830381913,10.771880661411132,10.715429924271106,-0.05645073714002535,3.0738059961525863,2.8101010748611372,-0.26370492129144907
2013-01-11,9.968378309828397,1,5.70293561663793,5.2931694126348106,-0.4097662040031196,5.487552342986518,5.050700356110724,-0.4368519868757943,14.277566564218532,14.635186347648627,0.3576197834300956,16.012707390490917,16.917606316235336,0.9048989257444191,12.376878963122167,12.444641310733118,0.06776234761095168,5.952628981514323,5.468966115607799,-0.4836628659065241
2013-01-18,10.281634488370463,1,7.267793796829608,6.746273421099801,-0.521520375729807,4.556999564641373,4.159720717214412,-0.3972788474269606,16.088251107334827,16.887011689288983,0.7987605819541557,15.483957501295507,16.006474458207634,0.5225169569121277,12.495687661411168,12.55439563928502,0.05870797787385129,5.79711729871029,5.335931005126966,-0.4611862935833244
2013-01-25,10.295465876519875,1,7.134711961836246,6.640126900531158,-0.49458506130508795,6.80422962021639,6.32372601801508,-0.48050360220130983,15.181078846678204,15.800156046207704,0.6190771995294995,15.534573417147598,16.21362875004924,0.6790553329016404,12.478554119026285,12.575195960714964,0.09664184168867962,4.639647294214527,4.219961583601076,-0.41968571061345017
2013-02-01,12.961299185307466,1,9.470264063489594,8.600704006347925,-0.8695600571416691,13.39817718375923,13.114196285557114,-0.2839808982021168,20.102782005789123,21.87538745722118,1.7726054514320566,15.664946410115405,15.674861209211187,0.009914799095781746,13.603154525212759,13.476519486890211,-0.1266350383225472,5.528470923478679,5.026126666617188,-0.5023442568614911
2013-02-08,13.137003327006475,1,9.181814044147231,8.368168383295412,-0.8136456608518188,16.17064789102679,16.296246280874882,0.12559838984809346,19.61803044734428,20.996693549161904,1.3786631018176223,14.795739920359921,14.546784439899994,-0.24895548045992655,13.84543411213204,13.91343417308073,0.06800006094869104,5.210353547028589,4.700693135725942,-0.5096604113026473
2013-02-22,13.429195482408646,1,9.180023261625465,8.203824597435982,-0.9761986641894822,16.552446175621483,16.292063168767783,-0.26038300685370075,21.919519954104388,24.103707767701238,2.18418781359685,15.161236238835357,14.86172933143304,-0.2995069074023178,13.150354388372051,12.987292457653368,-0.16306193071868336,4.6115928758931375,4.126555571460472,-0.4850373044326659
2013-03-01,11.549773084564443,1,6.902421283449868,6.040017943640052,-0.8624033398098163,15.901661949486169,15.517792380666378,-0.3838695688197902,22.034167487713106,24.804977085636224,2.770809597923119,13.015081121395738,12.609537200507674,-0.40554392088806424,8.116008949508824,7.367476941425522,-0.748532008083302,3.3292977158329506,2.958836955510776,-0.37046076032217456
2013-03-08,10.69398774735892,1,7.323975934395008,6.519756599423161,-0.8042193349718474,14.001445549070596,13.625398796463642,-0.3760467526069533,20.158367832161815,22.482172680889818,2.3238048487280025,11.638111968460848,11.363884724163142,-0.2742272442977054,8.003786148866212,7.42332828908539,-0.5804578597808217,3.0382390511990423,2.749385394128339,-0.2888536570707032
2013-03-15,10.61218780766822,1,7.692320590206691,6.984037389627218,-0.7082832005794728,12.858393247175172,12.534523812671623,-0.32386943450354977,18.78671191200783,20.723506003758487,1.9367940917506559,8.868765699285674,8.494037766425691,-0.37472793285998307,11.083363072410137,10.859178130719016,-0.2241849416911208,4.3835723249238185,4.077843742807332,-0.3057285821164868
2013-03-22,10.202152370130543,1,7.466586468163584,6.682007724522137,-0.7845787436414469,9.969610485554512,9.002216835928849,-0.967393649625663,20.277650046006386,23.106218577412236,2.8285685314058497,8.779372922776147,8.374269191822407,-0.40510373095374064,10.42962695183894,10.066973419366889,-0.3626535324720521,4.290067346443692,3.9812284717307023,-0.30883887471298976
2013-03-29,11.714704844885924,1,10.50994398707077,9.362528665222499,-1.1474153218482712,7.2654003113910335,6.125175468063915,-1.1402248433271183,23.470065233865668,27.03494811874623,3.5648828848805607,11.275251769847372,10.375012169451196,-0.9002396003961763,16.228307706450025,16.011750431266478,-0.21655727518354695,1.5392600606906797,1.3788142165652317,-0.16044584412544793
2013-04-05,12.002071949449038,1,10.270490397274529,9.05327177334594,-1.2172186239285878,8.311920333812381,7.030680284457233,-1.281240049355148,24.514104833251594,28.82030870457774,4.306203871326147,12.219295376398307,11.391101354561414,-0.8281940218368931,13.995054972050923,13.28364095258108,-0.7114140194698422,2.7015657839064886,2.433428627170855,-0.26813715673563365
2013-04-12,11.02748917344078,1,9.521913908440311,8.473400809521095,-1.0485130989192157,7.010317102174156,6.005409767244998,-1.0049073349291575,22.71052101497618,26.27439200843,3.5638709934538184,10.15498535602579,9.436292290884182,-0.7186930651416077,14.00999930086094,13.459945679171184,-0.5500536216897558,2.757198358167301,2.5154944853932193,-0.24170387277408167
2013-04-19,11.493219525167214,1,8.771959172919836,7.714152440593097,-1.057806732326739,7.937782146626688,6.863035881384121,-1.0747462652425668,22.62661521727179,26.15484897141519,3.5282337541434003,10.747711907991246,10.36170904524488,-0.3860028627463663,13.707006391745821,13.03710884454641,-0.6698975471994117,5.168242314447909,4.828461967819607,-0.33978034662830225
2013-04-26,11.22359532134019,1,8.264322737181459,7.368100193657838,-0.8962225435236206,7.387289204415481,6.449645482430967,-0.9376437219845144,21.254385838612237,24.18907326626541,2.9346874276531736,11.936014204725126,11.878674847554123,-0.0573393571710028,12.954662560777052,12.299420741244745,-0.6552418195323071,5.544897382329779,5.156657396888065,-0.38823998544171445
2013-05-03,11.468829238038454,1,7.912032494990328,7.130197467768383,-0.7818350272219448,9.209240509005198,8.16706183837195,-1.0421786706332483,20.10578738314254,22.816801204556242,2.711013821413701,13.455004907433306,13.812539126101072,0.3575342186677659,8.876161732299138,8.054050895539675,-0.8221108367594638,9.254748401360217,8.832324895893422,-0.42242350546679575
2013-05-10,11.67256347085903,1,7.4437778090390765,6.693094269698122,-0.7506835393409546,10.078494555634606,9.225884520489302,-0.8526100351453039,19.506264373802395,21.892290546935214,2.3860261731328194,13.408126266986017,13.742452422885506,0.33432615589948966,9.557604258341698,8.82863323942263,-0.7289710189190686,10.041113561350386,9.65302582572339,-0.3880877356269963
2013-05-17,11.210295065937926,1,5.858612244949455,5.271473204380129,-0.5871390405693262,8.493247279367182,7.858013401301093,-0.6352338780660887,17.710680771620275,19.226445534210185,1.5157647625899102,13.40979396427062,13.78755547470034,0.37776151042972117,12.81019576749594,12.482812167435583,-0.32738360006035805,8.979240367924078,8.635470613600248,-0.34376975432383006
2013-05-24,10.313487280398526,1,6.953827427072497,6.445467666844749,-0.5083597602277479,4.852534845822973,4.395765641433172,-0.4567692043898006,15.89329889980668,16.932801236597797,1.0395023367911165,13.13037918081443,13.577676321191362,0.44729714037693213,12.573150063609688,12.427391172756515,-0.14575889085317328,8.477733265264888,8.101821643567575,-0.3759116216973126
2013-05-31,11.498348721454311,1,9.449493958846148,8.793786035223704,-0.6557079236224439,4.753117235702817,4.159049273756764,-0.5940679619460525,18.374707418982084,19.80946514793949,1.4347577289574076,9.824655605524782,9.456189761678388,-0.36846584384639414,16.54356168499841,17.020570200746363,0.4770085157479542,10.044556424671626,9.751031909381098,-0.29352451529052814
2013-06-07,11.92099683693497,1,9.097639247518288,8.371777426114335,-0.725861821403953,4.102873007818516,3.5109979444340667,-0.5918750633844496,19.370595024134204,20.84486689450482,1.4742718703706146,10.541109374747307,9.93691653452575,-0.6041928402215575,18.59670148415944,19.518387050843288,0.9216855666838484,9.817062883232069,9.343035171187566,-0.4740277120445029
2013-06-14,12.3504111776188,1,8.800248005954415,8.01509495951025,-0.7851530464441652,4.178662111875099,3.6105268444472074,-0.5681352674278912,19.715822158220078,20.924505324485068,1.20868316626499,10.074951394826485,9.406607488151991,-0.6683439066744938,20.555953815217777,22.008350689305686,1.4523968740879099,10.776829579618948,10.137381759812598,-0.6394478198063496
2013-06-21,11.481742626452913,1,8.315007609844173,7.631536261117716,-0.6834713487264565,3.769838154857908,3.292200223774074,-0.4776379310838337,17.424541132128468,18.18728325598913,0.7627421238606615,9.134129524758563,8.528221104916241,-0.6059084198423221,19.52531307142945,21.041411747636403,1.5160986762069513,10.721626265698916,10.209803165283901,-0.5118231004150147
2013-06-28,12.31911594463759,1,9.103039432725055,8.181472344445723,-0.9215670882793319,3.518578023245169,3.03136238989633,-0.4872156333488391,19.155980961407437,20.04644001325778,0.8904590518503426,8.952115917814169,8.193831006604,-0.7582849112101684,21.70478017436136,23.748433964940673,2.043653790579313,11.48020115827235,10.713155948681006,-0.7670452095913447
2013-07-05,12.349208763487873,1,10.693178928751394,9.846824376467993,-0.8463545522834011,2.0503667255343743,1.7305204839581165,-0.31984624157625774,16.99604031315714,17.4714235822742,0.4753832691170601,9.093512142845157,8.300510085922127,-0.7930020569230294,21.15040010013813,23.202058808774012,2.051658708635884,14.111754370501046,13.543915243530776,-0.5678391269702701
2013-07-12,12.618439906119265,1,10.658945651817348,9.779821837092825,-0.8791238147245224,1.9233316756750867,1.6827499277624725,-0.24058174791261422,16.260988983073062,15.93258980673528,-0.3283991763377827,9.407661431515677,8.610740820632103,-0.7969206108835749,23.314238297700342,26.315714472086654,3.001476174386312,14.14547339693408,13.389022572406276,-0.7564508245278034
2013-07-19,12.351879134963504,1,10.512824336459389,9.6937954517105,-0.8190288847488887,1.9397394772173016,1.6964819398321538,-0.24325753738514777,15.474691365807033,15.104510984329508,-0.37018038147752463,9.277781550245862,8.531031910504439,-0.7467496397414237,22.81452969928634,25.694805202244467,2.8802755029581277,14.091708380765098,13.390649321159955,-0.7010590596051429
2013-07-26,31.565200052968013,5,29.27423563845329,28.279695118534633,-0.9945405199186581,23.289564684476346,20.501858303018906,-2.78770638145744,31.668088845467338,31.261152522580772,-0.40693632288656545,31.375991901461518,32.609968619925425,1.2339767184639072,37.534103771638215,39.41475780849453,1.8806540368563134,36.24921547631138,37.32376794525379,1.0745524689424144
2013-08-02,10.1022411261386,1,7.457095569793907,6.734327415022975,-0.7227681547709324,2.0630396561609388,1.8508499930491524,-0.21218966311178633,14.41675349292818,13.945469453634615,-0.47128403929356466,6.87098916782908,6.245470336779604,-0.6255188310494759,20.89995226933469,23.576150348067713,2.676198078733023,8.905616600784796,8.261179210277575,-0.6444373905072212
2013-08-16,8.52612755203135,1,5.3122070882909185,4.663027203610184,-0.6491798846807342,1.5502915825190087,1.401429294530459,-0.14886228798854972,11.539404903028128,10.696150315843141,-0.8432545871849868,4.58220674546223,3.9714655373098964,-0.6107412081523336,20.51738254170199,23.63751481765371,3.1201322759517183,7.655272451185823,6.787178143240709,-0.868094307945114
2013-08-23,10.293650638278287,1,7.492752387712315,6.351903077615674,-1.140849310096641,2.19570088790951,1.7938387415601937,-0.40186214634931616,13.494150901006506,12.362210748968337,-1.131940152038169,4.803456630703863,3.8905176652969544,-0.9129389654069087,24.73148398711473,29.718534656952897,4.987050669838169,9.044359035222797,7.644898939275649,-1.3994600959471484
2013-08-30,11.600534763188962,1,7.852346596723677,6.591837114780148,-1.2605094819435294,2.6979702520704336,2.1714359320664443,-0.5265343200039894,16.481783223725657,15.290105123851006,-1.1916780998746503,6.136813769605212,4.920074404943449,-1.2167393646617626,27.171056444057953,33.08400941573714,5.912952971679189,9.263238292950845,7.545746587755588,-1.7174917051952576
2013-09-06,11.431915212621606,1,7.564001957981432,6.417936339078892,-1.14606561890254,2.2753428458652536,1.8786263056838948,-0.3967165401813588,15.244720540473892,13.987878005099603,-1.2568425353742896,5.846764981263732,4.734141782253047,-1.1126231990106845,26.738577169221074,32.40265287857942,5.664075709358343,10.922083780924254,9.17025596503477,-1.7518278158894844
2013-09-13,11.866657741018914,1,8.064703167093498,6.783731600584943,-1.2809715665085548,3.7587770188655583,3.1267616188110026,-0.6320154000545557,15.968045610114515,14.78992439783218,-1.1781212122823348,6.525148519139677,5.335667567975435,-1.1894809511642421,27.169347239325646,33.13908710799329,5.969739868667645,9.713924891574592,8.02477415291662,-1.6891507386579718
2013-09-20,12.805047843139219,1,9.16765724619465,7.641940496527141,-1.5257167496675095,5.97141001851746,5.093921060142378,-0.877488958375082,18.16421015783655,17.20952825923321,-0.9546818986033401,8.549060778518154,7.269104693099592,-1.2799560854185614,27.614817538380237,33.3825504852781,5.7677329468978655,7.363131319388259,6.233242064554844,-1.1298892548334152
2013-09-27,12.720780201289786,1,9.499416728408676,7.866668453812707,-1.6327482745959685,5.629661617306155,4.729826049147007,-0.8998355681591477,16.97094759072371,15.664322719980518,-1.3066248707431924,8.626861855888151,7.264715496137256,-1.362146359750895,28.137170590819053,34.54091745787599,6.403746867056938,7.460622824592974,6.25823103078524,-1.2023917938077346
2013-10-04,14.93015903800505,1,11.50099178020919,9.436251143534335,-2.0647406366748555,11.097423852997238,9.545756359762493,-1.5516674932347456,21.95057203820636,21.88476897897199,-0.06580305923436924,8.193309186593012,6.691682790894035,-1.5016263956989775,29.762112284120136,36.217311883597844,6.455199599477709,7.076545085904357,5.805183071269582,-1.271362014634775
2013-10-11,14.266044967153517,1,11.888827892063944,9.965933459327303,-1.9228944327366406,11.117239229625682,9.701574141437206,-1.4156650881884758,21.105365864324583,21.21028485837853,0.10491899405394634,7.230925339682102,5.96295736890049,-1.267967970781612,28.186596142266367,33.76775400062955,5.581157858363184,6.067315334958423,4.987765974248006,-1.0795493607104163
2013-10-18,14.24463042593253,1,11.658539974574694,9.682659968567506,-1.9758800060071877,10.958250253443012,9.539330465805833,-1.4189197876371793,20.95614514839228,20.91892506871173,-0.03722007968055152,7.345667780294036,6.04750637634902,-1.2981614039450164,28.504510467069593,34.32991022360659,5.825399756536996,6.044668931821562,4.949450452554515,-1.0952184792670465
2013-10-25,15.379962674020973,1,16.096555100329752,13.538459447226359,-2.5580956531033934,12.69765993761986,11.365209488394058,-1.332450449225803,21.2310583176549,20.510378472723986,-0.7206798449309133,6.479769205648537,4.931256540892193,-1.5485126647563447,31.24878572678962,38.27257712030854,7.02379139351892,4.52594775608317,3.6618949745807186,-0.8640527815024512
2013-11-01,15.143416220242672,1,15.217530943813927,12.707204115708876,-2.5103268281050504,12.45255592816747,11.179799530495245,-1.2727563976722251,21.336671298240844,20.78943346937335,-0.5472378288674946,6.263799601929662,4.810119138329995,-1.4536804635996674,30.605169532906885,37.23996923917153,6.634799706264644,4.984770016397249,4.133971828377,-0.8507981880202493
2013-11-08,14.642067405135,1,14.595429164440816,12.099238183303086,-2.4961909811377296,12.15142420200965,10.781213959325257,-1.3702102426843936,20.584517094536324,20.075395478649043,-0.5091216158872811,6.405019878530339,4.808335998965603,-1.5966838795647362,30.281542755702404,37.03191226500934,6.750369509306935,3.8344713355904645,3.0563085455576555,-0.778162790032809
2013-11-15,14.406295578292228,1,8.869635067096524,7.021287089965,-1.8483479771315245,12.818763489861979,11.254713183845837,-1.5640503060161421,22.248276349159894,21.702737406421363,-0.5455389427385313,9.099088451819682,7.084678846559541,-2.0144096052601412,30.274819731869457,36.93451301248389,6.659693280614434,3.12719037994583,2.4398439304777497,-0.6873464494680803
2013-11-22,13.895095463433783,1,7.792799226811681,6.249017886013306,-1.5437813407983754,12.099834017362184,10.680850933139297,-1.4189830842228872,22.057604022289212,21.48107388701945,-0.5765301352697634,8.445177246683116,6.605100229671237,-1.840077017011879,29.496079363109885,35.57682805179081,6.080748688680927,3.479078904346622,2.777701792968614,-0.7013771113780081
2013-11-29,24.589259240656816,4,11.044940400808557,8.244850299962266,-2.8000901008462904,25.68430161934708,19.61683005249533,-6.067471566851751,28.54933743720116,25.307360376461716,-3.241977060739444,15.23619024785647,10.63106997564249,-4.605120272213981,46.55052703375818,67.13323547911284,20.582708445354662,20.470258704969453,16.60220926026622,-3.8680494447032316
2013-12-06,13.890302348688238,1,9.4934117405367,8.423326232094496,-1.0700855084422045,12.93890376697314,11.885160518802877,-1.0537432481702638,20.98037425067112,21.049497751098244,0.0691235004271249,8.71166470436603,7.384412467792032,-1.3272522365739974,26.322671203118873,30.52637712734817,4.203705924229297,4.894788426463563,4.073039994993593,-0.8217484314699703
2013-12-13,13.050162652798138,1,7.856639895061491,6.8489020633086,-1.0077378317528911,12.622251355061962,11.659938412393416,-0.9623129426685466,20.023920118064808,19.91437628498403,-0.10954383308077809,7.065878256060927,5.7901512437829155,-1.2757270122780113,25.5935171319329,29.713706734731446,4.120189602798547,5.138769160606742,4.373901177588422,-0.7648679830183198
2013-12-20,14.095168165332353,1,9.581477079057109,8.291084415147694,-1.2903926639094152,16.644883160302868,15.831774258885858,-0.8131089014170101,21.11673451598317,20.815295135482245,-0.30143938050092345,4.123355084579785,3.2898655089407782,-0.8334895756390068,26.561980263564124,30.827272902670614,4.265292639106491,6.542578888507066,5.515716770866916,-1.0268621176401496
2013-12-27,13.55662040754025,1,8.304814168791708,7.20362960025561,-1.1011845685360981,16.39805335419001,15.667861255517664,-0.7301920986723474,20.237813205747557,19.934638495060923,-0.3031747106866334,4.435599667498465,3.5784644569899626,-0.8571352105085026,25.47346742214542,29.328061754232053,3.8545943320866343,6.489974626868332,5.627066883185265,-0.862907743683067
2014-01-03,13.877903981201383,1,8.676337160324621,7.392701282929039,-1.2836358773955823,17.78018716696593,17.28596574040752,-0.4942214265584113,19.40759094429528,18.636666864341777,-0.7709240799535024,3.500109425837479,2.744253746128109,-0.7558556797093701,26.432777911755494,30.826391612817517,4.393613701062023,7.470421278029491,6.381444640584348,-1.0889766374451426
2014-01-10,29.068157256834294,5,23.01817391457982,18.264384083154013,-4.753789831425806,42.34044698012397,44.22514277898368,1.8846957988597097,27.913217454874044,24.28130584182061,-3.6319116130534326,28.91266235122326,29.22840235229799,0.31574000107472955,45.667423397656,53.41405461545603,7.746631217800029,6.557019442548665,4.995653869293449,-1.561365573255216
2014-01-17,15.902656933031738,1,9.836238834458172,8.371107129085743,-1.4651317053724284,22.458307417342,22.772259782364955,0.3139523650229563,22.60264640365024,21.88177174315993,-0.7208746604903098,4.197686592021853,3.383926286340042,-0.8137603056818108,27.771872339186828,31.859447188375924,4.087574849189096,8.549190011531337,7.147429468863834,-1.4017605426675033
2014-01-24,15.451642637184962,1,9.02780104154138,7.558898925077287,-1.4689021164640934,22.182755139726893,22.344668550012102,0.16191341028520867,22.745316906248206,22.174526373173734,-0.5707905330744723,3.4984482414540423,2.7573976342032296,-0.7410506072508127,27.45180071050136,31.451677001166246,3.9998762906648864,7.803733783637895,6.422687339477207,-1.3810464441606882
2014-01-31,15.315740206915281,1,6.95917025968329,5.962549891521334,-0.9966203681619561,20.443742423408636,20.29183146208578,-0.1519109613228551,23.73640430875976,23.603330024964507,-0.13307428379525277,4.350503181454783,3.4411190435510974,-0.909384137903686,27.138737093284035,30.71438304164515,3.575645948361114,9.265883974901186,7.881227777723836,-1.3846561971773497
2014-02-07,16.139254028447517,1,8.327103050430608,6.975135692811776,-1.3519673576188325,24.66398408357226,25.77441870347988,1.1104346199076218,25.140467131244947,25.00398458420102,-0.1364825470439257,4.536869881254461,3.593185942527512,-0.9436839387269487,26.494905995010484,29.195264815162105,2.700358820151621,7.672194029172346,6.29353443250281,-1.3786595966695359
2014-02-14,15.25785954768319,1,9.93472643724769,8.381284019308424,-1.5534424179392659,28.224670267344365,31.401815871491436,3.1771456041470714,22.834398664188072,21.861110421763826,-0.9732882424242462,3.5773321656639467,2.9797728847173204,-0.5975592809466264,22.968456101604403,23.53630576206406,0.5678496604596575,4.007573650050659,3.3868683267540405,-0.6207053232966189
2014-02-21,15.06639684001424,1,9.827441632614793,8.368587195662286,-1.4588544369525067,28.38348033337357,31.95731056122959,3.5738302278560212,22.86918700573439,22.041299213136057,-0.8278877925983323,3.7431288362871555,3.2527946206963634,-0.49033421559079216,20.92093982357153,20.885256478339755,-0.03568334523177441,4.654203408504003,3.8931329710214158,-0.7610704374825872
2014-02-28,15.041374951000188,1,10.747727157961904,9.328673783798735,-1.4190533741631697,27.771028091834438,31.4471854811609,3.6761573893264625,21.172544513181165,20.132510343183455,-1.0400341699977105,3.9606749545464908,3.536546910984626,-0.42412804356186484,21.002147545836408,21.157292955204568,0.1551454093681599,5.594127442640726,4.64604023166882,-0.9480872109719058
2014-03-07,17.06968365130807,1,12.257701004603732,9.852013506969897,-2.405687497633835,34.53438986941917,41.86330605502246,7.3289161856032905,23.409154060238208,21.0994570850105,-2.309696975227709,3.640849905712244,3.1953263541926873,-0.4455235515195568,23.653149032927885,22.49819270395666,-1.154956328971224,4.9228580349471684,3.909806202696231,-1.0130518322509374
2014-03-14,16.126788421415544,1,13.276629242602283,11.065312856899624,-2.211316385702659,32.60915119915626,38.8816100286584,6.272458829502142,21.893779822998354,19.8087071960404,-2.0850726269579525,3.1835890508982345,2.7834054428751926,-0.40018360802304187,22.005289703698153,21.127225751198807,-0.8780639524993461,3.792291509139986,3.0944692528208435,-0.6978222563191423
2014-03-21,16.167306225419697,1,13.91554187423614,11.257956803496043,-2.6575850707400974,31.965425391971124,38.000308259573515,6.034882867602391,21.334730130320978,19.56863826644276,-1.7660918638782164,3.9744256317153486,3.2390310642920355,-0.7353945674233131,22.215956521779688,22.056337893511525,-0.15961862826816287,3.597757802494911,2.8815650652022953,-0.7161927372926158
2014-03-28,15.918180293553197,1,17.274898689462944,14.75257180443198,-2.5223268850309637,31.21765760796751,36.914893841359316,5.697236233391806,19.55293179411882,17.96194804794797,-1.5909837461708491,3.405143040851229,2.8159283458661974,-0.5892146949850314,20.436667920374262,20.10331773136322,-0.33335018901104263,3.6217827085444156,2.960421990350497,-0.6613607181939187
2014-04-04,16.42410097013379,1,16.401135989836803,13.908909443239267,-2.4922265465975357,30.51639566940341,35.795921164355164,5.279525494951756,19.495108548471563,18.084955180453463,-1.4101533680181007,6.016596031060345,5.281979474178343,-0.7346165568820027,21.10726854329816,21.127297335302643,0.020028792004481488,5.0081010387324625,4.345543223273864,-0.662557815458598
2014-04-11,18.161956905459565,1,17.091107326776623,14.059000458924146,-3.0321068678524767,33.206336602303296,39.39958769073033,6.193251088427033,20.78118337733879,18.77835204391606,-2.0028313334227335,7.00400669946454,5.908227569248751,-1.0957791302157887,25.61241110076658,26.437774143671405,0.8253630429048258,5.276696326107569,4.388799526266723,-0.8878967998408456
2014-04-18,15.815905488584695,1,9.121370586068025,7.561286934452653,-1.560083651615372,25.318479564069065,27.863359429973656,2.5448798659045906,20.06718799965607,19.090463883238797,-0.9767241164172731,7.708887044221967,6.580457523951139,-1.1284295202708279,25.17246421384668,27.38467505561117,2.212210841764488,7.5070435236463595,6.415190104280796,-1.0918534193655631
2014-04-25,20.863916781700926,1,16.92737726837987,14.316560440893184,-2.610816827486687,25.138554185083294,25.663614275126974,0.5250600900436808,27.74795002715136,27.7365759275923,-0.011374099559063211,11.729829923638178,9.462576594938326,-2.2672533286998515,33.57135363914364,39.48526113678645,5.9139074976428105,10.068435646809206,8.518912314868345,-1.5495233319408612
2014-05-02,16.63307912485447,1,12.528795901137798,10.843478655798663,-1.6853172453391352,23.93821887534932,25.890625640943952,1.952406765594631,20.66207494526553,20.01727013500694,-0.6448048102585915,6.040631163210122,4.953390744987601,-1.087240418222521,25.69991932764698,28.604013752688417,2.9040944250414356,10.928834536517058,9.48969581970124,-1.439138716815819
2014-05-09,15.500351895889656,1,12.051062403521101,10.454357261100967,-1.5967051424201344,22.439371525371172,24.05349874976254,1.6141272243913676,19.62055475812234,18.680297918165024,-0.9402568399573141,2.3325895586794587,1.8832102424735382,-0.44937931620592053,25.080191162800133,27.757680602240086,2.6774894394399524,11.478341966843729,10.173066601595764,-1.3052753652479652
2014-05-16,15.255426496704153,1,12.505010861058224,10.971076024775257,-1.5339348362829668,22.536993962558654,24.238339973928646,1.701346011369992,18.750664621703706,17.793680023145754,-0.9569845985579519,1.945548500273361,1.6358052774028238,-0.30974322287053724,24.277165861874238,26.58775884329809,2.310592981423852,11.517175172756737,10.305898837674349,-1.2112763350823883
2014-05-23,15.312796644070223,1,12.197878741317808,10.572804392410205,-1.625074348907603,20.84217862871111,21.878588402722144,1.0364097740110338,19.593428825570484,18.773546945864226,-0.8198818797062586,2.313657154621552,1.9590080249994202,-0.3546491296221319,25.26701141874392,27.995000575211748,2.727989156467828,11.662625095456463,10.697831523213623,-0.96479357224284
2014-05-30,15.259099025805469,1,11.369361385630071,9.835225336599294,-1.5341360490307778,21.374254446002922,22.63781292590963,1.2635584799067061,18.630291515632678,17.849980246341246,-0.7803112692914311,2.843942173739862,2.405722346927206,-0.4382198268126558,24.118949987360892,26.53847455998317,2.4195245726222794,13.217794646466388,12.287378739072253,-0.9304159073941349
2014-06-06,14.980219181852442,1,10.000390263383565,8.531042349179003,-1.4693479142045618,21.970460611662418,23.424842337341033,1.4543817256786156,19.510710931406138,18.858890730723544,-0.651820200682593,1.4866383074147507,1.2689845413385399,-0.2176537660762108,23.867507746380795,25.849722464542253,1.9822147181614582,13.045607230866992,11.947832667990312,-1.0977745628766797
2014-06-13,15.560830102920411,1,11.575678465228322,9.969432421844928,-1.6062460433833934,20.42789543774876,21.180199998649485,0.7523045609007255,19.67694410358864,19.019643481900857,-0.6573006216877815,2.4300731727030183,2.042288054784521,-0.38778511791849724,24.982921887685066,27.695407062430363,2.7124851747452965,14.271467550568659,13.458009597912294,-0.8134579526563641
2014-06-20,15.809895364862939,1,14.609931378296707,13.120285287733253,-1.489646090563454,19.424789953371544,19.95218965238861,0.5273996990170673,19.069773819645036,18.313547225571497,-0.7562265940735386,1.9959102423408694,1.6756520560163892,-0.3202581863244802,25.24106810311538,27.974585374206967,2.7335172710915856,14.517898692408096,13.823112593260916,-0.6947860991471799
2014-06-27,16.327445773689494,1,15.305770690588588,13.959703449932576,-1.3460672406560121,19.884063964720326,20.38867655552633,0.5046125908060048,19.070061245740263,18.233337932555244,-0.8367233131850185,2.8621608842748287,2.419638450387936,-0.44252243388689294,25.413210023859733,28.125448227661906,2.7122382038021726,15.429407832953231,14.837870026072977,-0.5915378068802539
2014-07-04,16.687168981732267,1,15.38263088018985,13.983763810635295,-1.398867069554555,20.839490705751686,21.550798731558757,0.711308025807071,18.618870578285907,17.514846728758727,-1.1040238495271808,3.380112671937397,2.8683300523202746,-0.5117826196171222,25.563724183101783,28.352832702915236,2.7891085198134533,16.338184871126984,15.85244186420536,-0.48574300692162353
2014-07-11,16.918669601544895,1,15.95151543574029,14.326669774214778,-1.6248456615255122,18.87415792475663,18.976062548010063,0.10190462325343219,20.096589397824175,18.941623598806174,-1.154965799018001,3.3460247064391098,2.837934445501503,-0.5080902609376068,27.417070545754513,30.944761904570072,3.5276913588155594,15.826659598754645,15.484965338166802,-0.34169426058784325
2014-07-18,16.458590511379253,1,17.74759000914085,16.446465371936455,-1.3011246372043956,16.941052564677705,16.888387688923444,-0.052664875754260265,18.835647722695725,17.58308714163678,-1.252560581058944,3.9374116349732446,3.382027522028892,-0.5553841129443526,26.979179691560887,30.34550279824269,3.3663231066818042,14.310661445227112,14.106072545507246,-0.20458889971986594
2014-07-25,17.67969442254567,1,19.191657652405723,17.602349259073776,-1.5893083933319474,16.675897397043144,16.43012064126566,-0.24577675577748437,21.407927878511444,20.184075719362426,-1.2238521591490183,6.048775589975662,5.355963008608001,-0.6928125813676616,29.233812625804234,33.109963787330585,3.8761511615263515,13.520095391533815,13.395694119633575,-0.12440127190023986
2014-08-08,15.101543437860757,1,15.419823263284158,14.126936090118363,-1.292887173165795,13.822141645502,13.339133297052257,-0.4830083484497436,15.59165181885615,14.188820922723707,-1.4028308961324427,4.904193510027426,4.299249736497998,-0.6049437735294276,24.569855811931987,27.58236287022713,3.0125070582951423,16.301594577562824,17.072757710545048,0.7711631329822239
2014-08-15,15.48592528525765,1,15.293307466432907,13.934850445532177,-1.3584570209007296,14.555645059115506,14.067445834570464,-0.48819922454504194,15.50243321530165,14.02693789093324,-1.47549532436841,5.6253586678167835,4.9228498058905075,-0.702508861926276,24.648944751815066,27.703919231163738,3.0549744793486724,17.28986255106399,18.259548503455775,0.9696859523917851
2014-08-22,15.519686443576928,1,15.130905661909551,13.880037186751096,-1.2508684751584553,15.160714340873255,14.654216621533067,-0.5064977193401887,14.478637633015751,13.010304515566204,-1.4683331174495464,6.182142428748634,5.398913910837095,-0.7832285179115388,24.16379971972526,27.135651824214165,2.971852104488903,18.001918877189112,19.038994602559924,1.037075725370812
2014-08-29,13.428936395654942,1,10.673785149652488,9.688480669125312,-0.9853044805271765,12.696478524660307,12.019594519388875,-0.6768840052714324,12.246600032584666,11.213445118645595,-1.0331549139390717,7.063523843479743,6.2772261033561705,-0.7862977401235725,20.171993263367526,22.284229255324036,2.11223599195651,17.721237560184917,19.090642708089646,1.369405147904729
2014-09-05,11.225380442282002,1,9.204983624838732,8.504475235076583,-0.7005083897621489,9.360767545793507,8.947074369399047,-0.41369317639446024,12.109183276744119,11.438591463837668,-0.6705918129064514,5.435764303295471,5.027223427112574,-0.40854087618289725,17.892475911120158,19.399364519589582,1.5068886084694242,13.349107991900027,14.035553638676532,0.6864456467765052
2014-09-12,11.342448250870243,1,7.615576668628506,7.118082653420842,-0.4974940152076641,9.827258548573397,9.315049544299796,-0.5122090042736005,13.176872415933417,12.770915234332932,-0.4059571816004848,6.298275967595188,5.87631372226852,-0.42196224532666804,16.522048881656445,17.4588392543331,0.9367903726766542,14.614657022834507,15.515489096566256,0.900832073731749
2014-09-19,11.697221357297266,1,7.20410227469641,6.745205390319967,-0.4588968843764434,12.338094276580875,12.149883733491464,-0.18821054308941143,14.226526248556183,14.190684313855243,-0.035841934700940214,6.999610546781483,6.612148860279149,-0.38746168650233415,15.492739905330211,16.069485660794314,0.5767457554641027,13.922254891838435,14.415920185043447,0.4936652932050123
2014-09-26,10.87742071631341,1,6.472945472318173,6.201812241771023,-0.2711332305471501,12.886785905626198,12.944490712351481,0.05770480672528322,13.274973773717662,13.351657764488536,0.07668399077087429,7.579468766146832,7.371319190797053,-0.20814957534977907,12.725033371780412,12.903412061473631,0.17837868969321846,12.32531700829118,12.491832326998676,0.16651531870749636
2014-10-03,8.78324954770752,1,6.581351842019657,6.356516328689537,-0.2248355133301203,7.8531967323006455,7.612513939652388,-0.24068279264825776,8.4475958687689,8.200027715768613,-0.24756815300028734,6.951655715007718,6.7631126798512895,-0.18854303515642812,11.824342785164916,12.328960411607312,0.5046176264423963,11.041354342983283,11.438366210675994,0.39701186769271146
2014-10-10,9.590700754642718,1,7.1860096298176614,6.903497178771943,-0.28251245104571865,7.797273526589905,7.366316175515436,-0.4309573510744684,8.6188388281046,8.330592867461334,-0.28824596064326613,8.613892077812395,8.332830969737444,-0.281061108074951,11.967572140947524,12.465766603929168,0.49819446298164394,13.360618324584223,14.14520073244094,0.7845824078567176
2014-10-17,8.051834887060885,1,6.461688666150081,6.22199245290723,-0.23969621324285129,5.858332202636902,5.629166407141952,-0.22916579549494998,8.348939519441245,8.072173242801796,-0.2767662766394494,6.2564669080475,6.101198862493575,-0.1552680455539246,11.88592702472586,12.45564994374952,0.5697229190236612,9.49965500136372,9.830828413271263,0.33117341190754246
2014-10-24,8.088040005130331,1,6.575518698398369,6.355443547357879,-0.2200751510404899,6.795268188634424,6.61335226914116,-0.1819159194932638,7.889194621683586,7.612204085730127,-0.276990535953459,6.320893669458314,6.181609549334368,-0.1392841201239463,11.535661490472876,12.072139405891221,0.5364779154183452,9.411703362134418,9.693491173327246,0.28178781119282803
2014-10-31,7.914008265506848,1,6.53153010000473,6.360444404058427,-0.17108569594630296,5.619578702995042,5.497543942402871,-0.12203476059217166,9.225264595910303,8.993456531442831,-0.23180806446747226,6.882381731355764,6.8745189539534834,-0.007862777402280585,11.769273184684224,12.209794632314612,0.44052144763038825,7.456021278091029,7.5482911288688825,0.09226985077785343
2014-11-07,8.839510544872185,1,6.620658564635136,6.408363001777303,-0.21229556285783246,6.553664834283509,6.413424708190917,-0.14024012609259273,11.266420865778343,11.023135083586865,-0.243285782191478,6.839221765488503,6.787472786843679,-0.05174897864482375,13.518652904546585,14.036730092115135,0.5180771875685508,8.23844433450104,8.36793759671923,0.12949326221819035
2014-11-14,10.508593026477236,1,5.962577530026181,5.602547784251058,-0.3600297457751225,7.120048559849522,6.862925254634391,-0.2571233052151314,15.707776969781804,15.582041218354988,-0.12573575142681648,7.150705589000182,7.047814766089147,-0.10289082291103568,17.318001700555428,18.042216279932717,0.7242145793772892,9.792447809650298,9.914012855601072,0.12156504595077422
2014-11-21,10.227456558293232,1,5.876672195692066,5.587904648455918,-0.28876754723614795,6.623095622077287,6.361650757841517,-0.26144486423577007,16.663628798807295,16.908232682368862,0.2446038835615667,6.379888766684388,6.284346847960379,-0.09554191872400963,16.876294430534656,17.29666402282936,0.42036959229470483,8.945159535963697,8.925940390303353,-0.019219145660343884
2014-11-28,9.392527113479124,1,5.771291787360013,5.435603705832065,-0.33568808152794816,5.984401911716333,5.658853828848663,-0.32554808286766956,15.315699802904177,15.555599689742039,0.23989988683786123,5.571646124035752,5.467391063121241,-0.10425506091451098,15.8433757642821,16.352560103923878,0.5091843396417772,7.868747290576366,7.885154289406856,0.016406998830490238
2014-12-05,10.557767939523705,1,6.062305015463821,5.637249991622525,-0.42505502384129557,9.668187394817195,9.279278481041075,-0.38890891377612036,15.564733996991365,15.319160863168861,-0.24557313382250356,5.654405327398749,5.44217388337934,-0.21223144401940885,18.81735300915615,20.20699457851009,1.389641569353941,7.579622893314948,7.461749839420349,-0.11787305389459846
2014-12-12,10.150345511434308,1,5.925476702231819,5.561169867261015,-0.3643068349708045,11.385458153083931,11.165665363042933,-0.21979279004099794,13.078195839756546,13.289837485881378,0.21164164612483205,7.973991771348949,7.775491653374985,-0.19850011797396405,14.75602912521066,15.399256054905678,0.6432269296950182,7.782921476973939,7.710652644139856,-0.0722688328340837
2014-12-19,9.72716421731503,1,7.976966568391319,7.704452364893427,-0.27251420349789157,9.96568574205034,9.784232066286492,-0.18145367576384785,11.17443688273653,11.28286449778652,0.10842761504999032,7.775726810714872,7.6155112771397455,-0.1602155335751263,13.012960816516653,13.518301557166723,0.5053407406500696,8.457208483480471,8.457623540617263,0.0004150571367915745
2014-12-26,11.84641935871887,1,14.968548933859012,14.943788921749658,-0.02476001210935408,12.381086183379637,11.868987003329167,-0.5120991800504697,10.75474366056946,10.450906920252734,-0.3038367403167257,7.4797069289675875,7.284816899774583,-0.19489002919300447,18.891043183237272,20.237703282893932,1.3466600996566598,6.603387262300259,6.292313124313182,-0.3110741379870774
2015-01-02,11.39483594687673,1,14.83148756975558,15.060494441301273,0.22900687154569255,12.429113371211386,12.039736765777988,-0.389376605433398,10.344648365002115,10.152774689530247,-0.19187367547186795,6.413415860549264,6.176065665310205,-0.23735019523905976,17.59305457451852,18.571660959678354,0.9786063851598357,6.757295940223514,6.368283159662312,-0.3890127805612025
2015-01-09,10.999053126923913,1,15.06023666029526,15.413618564362153,0.35338190406689307,11.518018574995509,11.072572523514737,-0.4454460514807721,9.497804497884474,9.234632391154065,-0.2631721067304085,5.898769551032089,5.674861197550641,-0.22390835348144833,17.216363935323386,18.179959316324414,0.9635953810010278,6.803125542012765,6.418674768637459,-0.3844507733753062
2015-01-16,10.954137106734985,1,16.856407099611133,17.71753957976101,0.8611324801498768,10.965266352851302,10.4937447126742,-0.47152164017710163,8.024389236007778,7.6465750714991,-0.37781416450867766,5.941493207978809,5.693530805644357,-0.24796240233445133,16.783429901638044,17.51969105506464,0.7362611534265966,7.153836842322846,6.653741415766561,-0.5000954265562854
2015-01-23,10.086638209378199,1,16.729406263463304,17.771036456131895,1.0416301926685918,7.850823391490323,7.514087787629862,-0.3367356038604612,8.164982695948794,7.9095294414619275,-0.2554532544868664,5.861177913866385,5.706008102945688,-0.1551698109206967,14.716719171973907,14.900605171323193,0.18388599934928607,7.1967198195264785,6.7185622967765966,-0.478157522749882
2015-01-30,10.08207931954032,1,16.715472713251245,17.76813044508853,1.0526577318372858,7.918371915585311,7.60826703954028,-0.3101048760450311,7.679860902060113,7.42904230418965,-0.2508185978704631,6.007959091947356,5.857820643539071,-0.15013844840828483,14.435046283677934,14.56483382808129,0.1297875444033565,7.735765010719959,7.2643816568030815,-0.47138335391687747
2015-02-06,9.602317143906072,1,15.525882897977766,16.062246894198978,0.5363639962212119,8.545489076123431,8.369467674823,-0.17602140130043153,6.966135721413735,6.669730479580025,-0.2964052418337104,4.784320771785815,4.642581169828787,-0.14173960195702762,15.265254876409998,15.664526572655646,0.3992716962456484,6.5268195197256915,6.205350072350001,-0.3214694473756907
2015-02-13,20.258348883051557,5,22.48229802740181,22.470629019038654,-0.011669008363156763,15.407901670389293,14.369646289809864,-1.0382553805794288,15.64946237768109,14.666075740911637,-0.9833866367694526,22.29212461228866,23.102483315640356,0.8103587033516959,20.977645234888243,20.989164689799765,0.01151945491152162,24.74066137566024,25.95209424310903,1.2114328674487922
2015-02-27,9.776748737535831,1,16.056336656726856,16.720990793441786,0.6646541367149297,7.604869714903046,7.488230625690221,-0.11663908921282484,6.949437077931719,6.641881051252511,-0.3075560266792081,5.610779800794475,5.498700151659293,-0.11207964913518254,14.881155452369853,15.054616648550521,0.1734611961806678,7.557913722489033,7.256073154620665,-0.30184056786836777
2015-03-06,10.450498356328687,1,17.33939315117796,18.343186930995373,1.0037937798174141,8.840105244390102,8.68281199734841,-0.157293247041693,6.266252018347743,5.911853249063043,-0.3543987692846997,5.5008682527526815,5.272463643254682,-0.2284046094979999,14.873389740445703,14.930462399484242,0.057072659038539086,9.882981730857935,9.562211917826403,-0.3207698130315322
2015-03-13,11.497240935521129,1,18.311873591544796,19.330370909658484,1.0184973181136883,9.26557561496928,9.086163706839216,-0.17941190813006358,6.2253718290692035,5.794324028431845,-0.4310478006373586,8.088837941023087,7.877441020234301,-0.21139692078878625,15.942693271665675,15.977545303680103,0.034852032014427436,11.149093364854735,10.917600644282857,-0.23149272057187886
2015-03-20,10.952634514633923,1,19.359428682423427,20.75497255795331,1.3955438755298815,6.935897553494044,6.587677012657267,-0.34822054083677756,6.391345917159768,5.9289875060841695,-0.4623584110755985,6.059515564946949,5.8050003421380865,-0.2545152228088625,16.53959412697941,16.612082774150522,0.07248864717111303,10.430025242799942,10.027086894820187,-0.4029383479797559
2015-03-27,10.01895906867306,1,17.212642797410965,18.02945992387329,0.8168171264623254,7.482110614674511,7.264491065086432,-0.21761954958807905,5.0317709452274215,4.642953506115433,-0.38881743911198896,5.804111647479829,5.6099319304657485,-0.1941797170140802,15.67853391348919,15.861124377573148,0.18259046408395818,8.904584493756445,8.705793608924324,-0.19879088483212115
2015-04-03,10.523157509444134,1,18.578532523819447,19.45419420354426,0.8756616797248142,8.124195560540954,7.888683905888513,-0.2355116546524414,5.282202649680613,4.772546677388007,-0.509655972292606,4.7812661967863335,4.549121448676516,-0.23214474810981756,17.663378334151787,18.13683713820815,0.47345880405636365,8.709369791685674,8.337561682959333,-0.3718081087263414
2015-04-10,11.478468587536838,1,17.475718636676802,18.142677518039164,0.6669588813623619,9.957255917929558,9.73745353695422,-0.219802380975338,3.9316083956015717,3.466181754880523,-0.46542664072104856,11.870587653532723,12.13112405169457,0.2605363981618467,16.74621078478303,17.13072075215061,0.3845099673675776,8.889430136697342,8.262653911501914,-0.6267762251954281
2015-04-17,8.162407851187444,1,10.930165631236363,11.196459575660299,0.2662939444239356,9.124688974979847,9.22478097751771,0.10009200253786332,3.565593707217289,3.3623500560006363,-0.20324365121665267,8.897244240297354,8.980441620538699,0.08319738024134438,9.609564867620563,9.578471422702691,-0.031093444917871693,6.847189685773245,6.631943454704654,-0.21524623106859053
2015-04-24,9.553861987342598,1,11.548879312615725,11.696501948877923,0.14762263626219863,9.317547007124361,9.308041000722469,-0.009506006401892364,6.348432339838396,6.092301147657537,-0.25613119218085956,9.435963691899246,9.440104870073242,0.004141178173995286,11.086918434311812,11.203320544923812,0.11640211061200034,9.585431138266046,9.582902411800532,-0.0025287264655133868
2015-05-01,8.564397137890685,1,15.194437977182574,15.805426044548213,0.6109880673656392,3.9165499869160385,3.8267129507581785,-0.08983703615785998,5.629858539773821,5.374773146031828,-0.255085393741993,3.8681154712643746,3.8155084073405305,-0.052607063923844066,13.775971838075748,13.938331455235712,0.1623596171599644,9.001449014131552,8.625630823429631,-0.3758181907019207
2015-05-08,9.155256725396896,1,14.934217629878688,15.48975147313682,0.5555338432581323,4.926718043267172,4.74708385937528,-0.179634183891892,6.826749661515024,6.4988196168527566,-0.32793004466226705,3.9321707302933504,3.835203157913469,-0.09696757237988152,13.984926249357102,14.324408727840932,0.3394824784838306,10.32675803807004,10.036273517262131,-0.2904845208079081
2015-05-15,9.532694720830095,1,14.847747797268482,15.368758243635241,0.5210104463667591,5.321842001621462,5.142864422011328,-0.17897757961013383,7.022401387350172,6.679836744239552,-0.3425646431106202,4.273795503578825,4.145340267440503,-0.128455236138322,12.7528643592712,12.714583754355758,-0.038280604915442495,12.977517275890435,13.144784893298223,0.16726761740778784
2015-05-22,8.829332817009815,1,14.152390179418717,14.53484507954488,0.382454900126163,3.156064419570697,3.0511151811777637,-0.10494923839293335,6.250229350579929,5.909651189951276,-0.3405781606286524,3.9714771692941184,3.8937303912227037,-0.07774677807141472,12.745188196234949,12.780730512279561,0.03554231604461222,12.700647586960486,12.805924547882626,0.10527696092214
2015-05-29,9.637926559915924,1,14.353058885645112,14.748324931158876,0.39526604551376465,3.522791516863691,3.3652390942408204,-0.15755242262287084,7.537802342775322,7.206691752010087,-0.33111059076523475,6.930311956713311,6.883489292911548,-0.04682266380176259,12.717595828882011,12.724473464333087,0.006877635451076003,12.765998828616091,12.899340824841147,0.13334199622505594
2015-06-05,7.701369714440979,1,10.556115371269343,10.639981525450139,0.08386615418079657,3.206107915841514,3.0818625555476302,-0.12424536029388378,6.579240732464129,6.375238600293628,-0.20400213217050123,4.917606165323974,4.846701371108296,-0.07090479421567863,9.544171287594509,9.491571061555803,-0.052600226038705955,11.404976814152405,11.772863172690322,0.3678863585379162
2015-06-12,6.335638119893254,1,7.275835302799109,7.134192653922128,-0.14164264887698153,3.326906754631466,3.2246465747550417,-0.10226017987642422,6.620673518551641,6.52828014313684,-0.09239337541480097,5.031320865234335,4.9894044920410465,-0.04191637319328834,4.912999303689446,4.741815821649823,-0.1711834820396234,10.846092974453526,11.39548903385463,0.5493960594011043
2015-06-19,6.482312109251922,1,7.951723987534066,8.075898788498478,0.12417480096441125,4.5568403563489,4.456514995975951,-0.10032536037294904,7.129418320400006,7.149975189731279,0.020556869331272765,5.436544491023213,5.392897577714066,-0.043646913309146385,6.127197659587381,6.0434496205829475,-0.0837480390044334,7.692147840617963,7.775136483008808,0.0829886423908448
2015-06-26,6.786041205821476,1,7.467246861446597,7.501079310547411,0.03383244910081373,2.986151155162659,2.8468623621247104,-0.13928879303794872,9.48860345085751,9.772003315528437,0.28339986467092615,6.413447379795954,6.269843507407288,-0.1436038723886668,6.281630212306496,6.16963245562529,-0.11199775668120537,8.07916817535964,8.15682628369575,0.07765810833610942
2015-07-03,6.073840295673894,1,5.914744210623979,5.854888838002395,-0.059855372621584024,3.0069675785594825,2.9056029715384852,-0.10136460702099725,9.979504529673264,10.430932343961913,0.45142781428864964,6.3535529460475,6.211663380226952,-0.14188956582054857,5.040925694823855,4.9515382807711745,-0.08938741405268047,6.147346814315284,6.0884159595424165,-0.05893085477286775
2015-07-10,6.057242947933891,1,5.813770468765654,5.712134259958077,-0.10163620880757662,2.876025688396396,2.775285034296772,-0.1007406540996243,10.319127256198456,10.808530402368135,0.4894031461696784,6.843454558474136,6.705750320290335,-0.13770423818380095,4.225136261737617,4.116543286417098,-0.10859297532051926,6.265943454031088,6.225214384272903,-0.04072906975818569
2015-07-17,7.222234323052814,1,9.428662336019983,9.734364778821913,0.3057024428019304,7.41711210850967,7.334546365825503,-0.08256574268416728,8.199230715873696,8.182325486627391,-0.016905229246304998,9.034454312524943,9.171798775478749,0.13734446295380565,3.9343060614577468,3.762644032170215,-0.17166202928753194,5.319640403930848,5.147726499393116,-0.1719139045377318
2015-07-24,6.231032643474717,1,8.310914614933907,8.48157778699408,0.17066317206017345,6.121226059476882,6.011683324148237,-0.10954273532864534,6.937671609640731,6.816629226844256,-0.12104238279647461,9.6335584778693,9.914568395549836,0.2810099176805352,3.5271366210455284,3.4235362813320336,-0.1036003397134948,2.855688477881955,2.7382008459798755,-0.11748763190207967
2015-07-31,5.786789425074725,1,7.482038881927693,7.608591520936983,0.12655263900929015,5.365547132313083,5.294480804647989,-0.07106632766509335,6.965649431950212,6.9263839354135825,-0.03926549653662903,8.648343331448487,8.833349093458807,0.18500576201032004,3.596949890523348,3.501994446816724,-0.09495544370662401,2.6622078822855286,2.555936749174265,-0.1062711331112638
2015-08-07,5.785112258822497,1,7.715727292730321,7.8763611299167025,0.16063383718638136,4.9934843448076265,4.88545829670646,-0.10802604810116634,7.24061245036917,7.179995305982615,-0.060617144386554855,8.983806607419936,9.184441823344429,0.20063521592449263,3.5907672913813684,3.4969602321098705,-0.0938070592714979,2.1862755662265556,2.0874567648749007,-0.09881880135165488
2015-08-14,6.1137435206699635,1,7.4222885191779255,7.412340046877418,-0.00994847230050766,2.8878910432249256,2.7688376984218053,-0.11905334480312035,8.966765382720425,8.8368028238487,-0.1299625588717248,11.574190005108278,12.02579678408678,0.4516067789785012,4.30166603809316,4.193897382641666,-0.10776865545149406,1.5296601356950674,1.4447863881433705,-0.08487374755169697
2015-08-21,7.5522032861305135,1,8.547198460898926,8.323135616358968,-0.22406284453995795,4.28967070739381,4.173589685930139,-0.11608102146367116,11.658293854562089,11.667685139931876,0.009391285369787283,14.020999769823845,14.610974938174266,0.5899751683504206,4.953004674691556,4.85254495419305,-0.10045972049850604,1.8440522494128544,1.68528938219481,-0.15876286721804433
2015-08-28,7.261900027125317,1,8.386092016857646,8.022569030894317,-0.36352298596332844,3.735171550154078,3.6231268777231946,-0.11204467243088345,11.88006973165973,11.773012245272525,-0.10705748638720536,15.110023028978517,15.948168642288081,0.8381456133095639,2.4922892677821693,2.414444844958581,-0.07784442282358839,1.9677545673197585,1.790078521615186,-0.17767604570457252
2015-09-04,6.9839418019383,1,8.16115139290099,7.900101858696573,-0.26104953420441745,3.4544305861938938,3.3173173028871332,-0.13711328330676054,11.570163933846317,11.500355107174187,-0.06980882667212995,14.426236697791992,15.147131989768255,0.7208952919762623,2.6124848529517095,2.515572280943715,-0.09691257200799441,1.6791833479448997,1.5231722721599539,-0.15601107578494577
2015-09-11,7.084730525017925,1,8.509569643649087,8.173626700628247,-0.3359429430208394,3.0681317937304726,2.967583309771541,-0.10054848395893146,11.56006868098845,11.405528830657005,-0.1545398503314459,14.978442958423912,15.809892023073346,0.8314490646494335,2.685554561435154,2.600170470980558,-0.08538409045459616,1.7066155118804716,1.551581814996851,-0.15503369688362056
2015-09-18,9.17157510942887,1,8.696338078506813,8.278302606136691,-0.4180354723701214,10.388180203413171,10.822758335233132,0.4345781318199613,9.18088812872773,8.71191208682356,-0.4689760419041704,14.472263323849162,15.410370441195994,0.9381071173468314,7.689224586539595,7.478224677122881,-0.21099990941671365,4.602556335536747,4.327882510060974,-0.274673825475773
2015-09-25,9.759941707931334,1,14.265095811790545,14.421294849982772,0.15619903819222714,8.731566325773699,8.919185090267334,0.18761876449363513,10.43722107538187,9.814394970876592,-0.622826104505279,16.3510045010908,17.139526636536004,0.7885221354452057,4.465218249925812,4.197977747592134,-0.2672405023336779,4.309544283625286,4.0672709523331605,-0.24227333129212525
2015-10-02,8.182513658126473,1,9.989389373991955,9.827642616129054,-0.16174675786290038,8.658588338781726,8.984481473605271,0.325893134823545,9.360857856141209,9.046455657045968,-0.31440219909524103,13.166377356469738,13.716406516676443,0.5500291602067051,3.575290027194171,3.375215236389181,-0.20007479080499024,4.344578996180033,4.144880448912886,-0.19969854726714686
2015-10-09,31.195754546191854,5,46.483654873372735,55.84501514767239,9.361360274299656,9.912167598229061,8.529263770533731,-1.3829038276953298,46.444495512206956,46.67520172325841,0.23070621105145506,46.2802440868066,46.91097455021433,0.6307304634077298,14.16222095851181,10.553410645185721,-3.6088103133260887,23.891744248023983,18.66066144028659,-5.231082807737394
2015-10-16,11.787806385333623,1,18.806339490163523,19.397396561764424,0.5910570716009005,10.051258353471269,9.934492710242353,-0.11676564322891636,13.85118381178141,12.933559171812476,-0.9176246399689347,20.360301789802904,21.483778414789427,1.1234766249865231,3.89275975545047,3.6095361341889003,-0.28322362126156975,3.764995111332155,3.368075319204152,-0.39691979212800277
2015-10-23,28.520954308124686,4,36.75132389354643,38.08657316061901,1.3352492670725837,11.82858299334967,11.297011718633186,-0.5315712747164838,39.88284073904651,39.469492180434294,-0.4133485586122134,42.51955220491293,46.94438884712417,4.424836642211247,15.068720887112363,14.405504203474706,-0.663216683637657,25.074705130780202,20.922755738462726,-4.151949392317476
2015-10-30,15.862385212478806,1,24.45649686745803,25.873904135419295,1.4174072679612664,13.057437892070794,12.78228876859059,-0.2751491234802046,20.539322478626076,20.170997054258052,-0.36832542436802385,23.560626347422982,24.058137012561716,0.49751066513873354,8.094414184401884,7.5059884576813545,-0.58842572672053,5.46601350489307,4.782995846361828,-0.6830176585312415
2015-11-06,14.8390823250958,1,22.789301257524727,23.820643173998405,1.0313419164736786,11.821960831706107,11.363596513684357,-0.4583643180217507,19.652030741132677,19.312094068989424,-0.33993667214325285,23.468869487094395,24.384039755617096,0.9151702685227008,6.808990116047497,6.233445905992909,-0.5755442100545878,4.493341517069396,3.9206745322926366,-0.5726669847767596
2015-11-13,15.335326012791285,1,22.932631697118467,23.934797823850246,1.0021661267317796,12.534758336952606,12.148043883295827,-0.38671445365677926,19.610321681849996,19.16134036208564,-0.44898131976435707,23.493187315141725,24.344580973756734,0.8513936586150095,7.840314173647712,7.374818345879689,-0.4654958277680237,5.600742872037202,5.048374687879559,-0.5523681841576433
2015-11-20,15.955852665394332,1,22.24633298718389,22.914374128308438,0.6680411411245473,14.952877602651142,14.912147226504132,-0.04073037614701036,19.624398720716343,19.227202863253297,-0.3971958574630463,23.493400191580108,24.45154995048162,0.9581497589015129,8.994576106081652,8.448054994051503,-0.546521112030149,6.423530384152855,5.781786829767,-0.6417435543858545
2015-11-27,12.03226003137906,1,15.581490453426653,16.170778842960345,0.5892883895336922,12.4705879817473,12.503722800426445,0.03313481867914447,11.62682068524363,11.245060523196102,-0.3817601620475273,13.717260977026697,13.941436185722907,0.22417520869620944,12.153913239773374,12.132525640833876,-0.02138759893949782,6.643486851056707,6.200036195134658,-0.44345065592204946
2015-12-04,11.827054208506276,1,15.995609178843026,16.73728700028434,0.7416778214413142,12.85946994641948,13.00830584809728,0.14883590167779914,12.107998898269344,11.68972205213366,-0.41827684613568294,12.040038299917697,12.115890301904344,0.07585200198664666,11.50058551599659,11.354583064028901,-0.14600245196768924,6.4586234115915175,6.056536984589144,-0.4020864270023736
2015-12-11,12.561964453405478,1,16.951920068588393,17.84778403357504,0.8958639649866456,14.207929468795825,14.41688712084823,0.2089576520524048,12.167779575791485,11.606672029015002,-0.5611075467764834,12.789804096581719,12.856105295879743,0.06630119929802447,12.809915949773895,12.662995466297389,-0.14692048347650655,6.444437560901548,5.981342774817506,-0.4630947860840422
2015-12-18,30.051571325583804,5,42.44190184110489,50.42101481223394,7.979112971129055,32.7306401885957,33.93996034719282,1.209320158597123,26.789671851056042,22.975827038873675,-3.813844812182367,36.430669915728146,37.71146118880165,1.280791273073504,13.944070033477644,10.759599347971943,-3.1844706855057012,27.972474123540366,24.501565218428738,-3.470908905111628
2015-12-25,28.217161583872073,5,38.5324639567945,43.54351423871577,5.011050281921271,28.506324961037663,28.398108324185543,-0.10821663685212002,26.18335307029649,23.78832905771729,-2.3950240125791993,35.47753041289819,36.69077144967885,1.2132410367806585,10.28187524006789,8.100587604823687,-2.181287635244203,30.321421862137726,28.78165882811132,-1.5397630340264072
2016-01-01,12.456185716515016,1,18.149619280025604,19.020111561987548,0.8704922819619441,11.43420062196978,11.242065923718044,-0.1921346982517349,16.199280053439665,16.29882541639303,0.09954536295336425,10.701648467790562,10.396554435013826,-0.3050940327767364,12.600962873318977,12.572752487247683,-0.02821038607129367,5.651403002545507,5.206804474730006,-0.4445985278155007
2016-01-08,10.824420277846599,1,17.30626349474447,18.178914438514852,0.8726509437703811,8.251763291709509,7.985172700031995,-0.2665905916775131,15.560926033235944,15.69534741953612,0.13442138630017553,7.650688056737096,7.315592212192001,-0.3350958445450942,10.893885457715655,10.776658971176715,-0.11722648653893941,5.28299533293692,4.994835925627925,-0.2881594073089957
2016-01-15,9.85320028399118,1,14.834374381270194,15.061863104858418,0.22748872358822325,7.111530888982671,6.926565109041675,-0.1849657799409954,15.849825180766516,16.50483184700424,0.6550066662377247,7.379743343990086,7.207999906423524,-0.17174343756656185,8.630300832731947,8.338092009975753,-0.2922088227561943,5.31342707620567,5.079849726643502,-0.23357734956216802
2016-01-22,9.208424932666068,1,14.514286732759416,14.77996430834554,0.2656775755861247,5.049293321025289,4.85918059284333,-0.19011272818195835,15.4272090161666,16.060602102668682,0.6333930865020818,7.449919678659242,7.267277673057407,-0.18264200560183497,6.878503028259161,6.555128620757074,-0.32337440750208657,5.931337819126696,5.728396298324398,-0.20294152080229821
2016-01-29,10.804735348810894,1,17.2016712953278,17.82386497245649,0.622193677128692,7.044674684610953,6.777304502763457,-0.2673701818474967,16.43432753119839,16.617460454015017,0.1831329228166254,11.340741118473943,11.390190626808234,0.04944950833429118,5.657332038274802,5.395426588763257,-0.26190544951154493,7.149665424979474,6.824164948058936,-0.3255004769205385
2016-02-05,11.523859596620353,1,15.557219822525184,15.774459442762534,0.21723962023735055,7.1361815829753965,6.8652187658365875,-0.270962817138809,15.809720685339087,15.997251449523489,0.18753076418440173,14.295386906399301,14.838907751484726,0.5435208450854248,6.078487538745719,5.81737470673076,-0.26111283201495894,10.266161043737426,9.849945463384032,-0.4162155803533949
2016-02-19,11.501681811910005,1,15.234062822747276,15.419988203574874,0.18592538082759802,7.159959174627119,6.884643032298172,-0.27531614232894697,15.485077924209023,15.658101278674735,0.1730233544657125,14.427035267573558,14.999431123789947,0.5723958562163887,6.413563595495916,6.164104229666364,-0.24945936582955142,10.290392086807145,9.883823003455973,-0.40656908335117237
2016-02-26,11.329548420100402,1,15.859494004521267,16.03746697721803,0.1779729726967645,6.713147808063539,6.396140779937468,-0.3170070281260706,16.639595413476528,17.02647100723381,0.3868755937572814,13.682044439801928,14.087002264660256,0.40495782485832876,5.857280248387852,5.587705258690519,-0.2695749896973325,9.225728606351296,8.842504232862353,-0.3832243734889431
2016-03-04,11.544268162297245,1,14.964426687849553,15.054339324004886,0.08991263615533285,7.959650396343562,7.627407154175472,-0.3322432421680901,16.201858546059142,16.588558906713374,0.3867003606542312,15.15423270980223,15.843269437024432,0.6890367272222022,6.457917294085348,6.16327087224451,-0.294646421840838,8.527523339643636,7.988763279620812,-0.538760060022824
2016-03-11,10.932902975941715,1,14.016874679499765,14.218346779288794,0.20147209978902936,7.359578629705098,7.066278346782724,-0.29330028292237387,14.056425927894722,14.095608248536692,0.039182320641970136,15.275841235124744,16.135413876007746,0.8595726408830018,6.113429622991518,5.8523731856438275,-0.26105643734769046,8.775267760434446,8.229397419390537,-0.5458703410439085
2016-03-18,11.814506743346028,1,14.444410612876226,14.316794347329974,-0.12761626554625138,8.496393738551589,8.058656941436283,-0.43773679711530633,16.771669467859084,17.165408858293915,0.3937393904348312,17.038482954211503,18.178155680197378,1.139672725985875,7.932824347043052,7.580882370985748,-0.3519419760573044,6.203259339534711,5.587142261832895,-0.6161170777018157
2016-03-25,11.322244673594481,1,13.720491802981442,13.56151260106337,-0.15897920191807202,8.198813107397214,7.812971597878473,-0.3858415095187411,16.39959649631311,16.886295075006657,0.4866985786935487,15.790720841313018,16.68175158191596,0.8910307406029432,7.897714906599987,7.601247211249657,-0.29646769535033,5.926130886962113,5.389689974452779,-0.5364409125093346
2016-04-01,11.900593926418027,1,12.667420893705653,12.339368089319038,-0.32805280438661555,11.800902961960674,11.728618807943121,-0.07228415401755228,16.284813802798666,16.819858748227645,0.5350449454289787,15.855224842748953,16.659930098996156,0.8047052562472032,8.883690832376118,8.517248024277691,-0.36644280809842655,5.9115102249181035,5.338539789744502,-0.5729704351736018
2016-04-08,16.224858183666175,1,21.203653012705857,20.7060509159934,-0.4976020967124555,15.288360642523955,14.592660355628823,-0.6957002868951321,26.816135141917314,29.905482929848333,3.0893477879310183,18.17168323231735,18.000174126507673,-0.17150910580967604,8.486490408767821,7.720567808686184,-0.7659226000816375,7.38282666376476,6.424212965332643,-0.9586136984321172
2016-04-15,15.411593197618743,1,19.462522620684467,18.830787488826545,-0.6317351318579227,15.445346346940696,15.127766405372967,-0.31757994156772895,25.430432784250556,28.0919144512182,2.6614816669676458,17.988008313704967,17.73551803116267,-0.252490282542297,8.039294659041474,7.372115956236414,-0.6671787028050602,6.1039544610902965,5.311456852895674,-0.7924976081946227
2016-04-22,15.398316802957114,1,19.857193352162156,19.278943495473598,-0.5782498566885579,15.222060231285155,14.877074853662634,-0.3449853776225211,25.399401927217397,27.89631614018434,2.496914212966942,18.140033921655046,17.968208032982332,-0.1718258886727142,7.831112849918554,7.190409105994462,-0.6407037439240924,5.940098535504376,5.1789491894453334,-0.7611493460590424
2016-04-29,15.543809530430403,1,20.122986295649454,19.51972025127347,-0.6032660443759852,13.863517836937604,13.083841260886317,-0.7796765760512869,26.463878580425828,29.46103496644524,2.9971563860194124,18.46930668047939,18.122556273371885,-0.34675040710750693,6.0919856739107985,5.596965521935701,-0.49502015197509763,8.251182115179347,7.478738908669797,-0.7724432065095499
2016-05-06,15.927388005746897,1,18.36576551358327,17.374317313626364,-0.9914481999569063,14.055875594335262,13.281130933217597,-0.7747446611176656,26.402493135613028,29.328876193055976,2.9263830574429477,20.729013189134534,21.042136472949664,0.31312328381513055,5.939075845761238,5.411202967214521,-0.5278728785467166,10.072104756054046,9.12666415441727,-0.9454406016367756
2016-05-13,15.547630804258743,1,17.86810821168858,17.16575421787566,-0.7023539938129204,13.246475639621437,12.393072436211952,-0.853403203409485,24.564829643431437,27.09552335326444,2.5306937098330025,19.091225811987584,19.54330777309319,0.4520819611056055,7.074701077992557,6.43072227095783,-0.6439788070347277,11.44044444083086,10.657404774149384,-0.783039666681475
2016-05-20,16.0089271674471,1,18.424488179271606,17.759097901441294,-0.665390277830312,14.089237680102144,13.243468420571986,-0.845769259530158,24.406219810847773,26.426408308443555,2.0201884975957825,21.235240442635217,22.3307132169286,1.095472774293384,6.548385599522803,5.86892032952035,-0.6794652700024528,11.34999129230306,10.424954827776816,-0.9250364645262437
2016-05-27,16.49476290306916,1,20.460538635651915,19.636100068191922,-0.8244385674599926,12.812604337671743,11.610318519754614,-1.2022858179171294,26.501635679718802,29.03401589634919,2.5323802166303864,22.323420476479257,23.576184900929462,1.2527644244502056,5.651161471866331,4.937819478179875,-0.7133419936864556,11.219216817026904,10.174138555009861,-1.045078262017043
2016-06-03,16.060212726313605,1,20.614232645802133,20.027505537593328,-0.5867271082088052,13.719157167426033,12.335433340110427,-1.383723827315606,25.44164777117301,27.35108385588643,1.9094360847134197,22.73801039376913,24.358104737821606,1.6200943440524753,4.332194984174464,3.7838046600113415,-0.5483903241631225,9.516033395536866,8.505344226458575,-1.0106891690782902
2016-06-10,18.071951990147614,1,24.19379841678719,23.42780300993803,-0.7659954068491572,15.282306848969597,13.418908289027073,-1.8633985599425245,29.67204545981339,32.56666315488651,2.894617695073123,25.11831315793519,26.649684239369904,1.5313710814347132,4.228837050816992,3.6772347048962075,-0.5516023459207844,9.936411006563333,8.691418542767963,-1.24499246379537
2016-06-17,18.270444577050593,1,23.04767618797571,22.13610334759899,-0.9115728403767207,15.364129944151358,13.534593045205284,-1.829536898946074,29.13167405188082,31.93537366051052,2.8036996086296995,26.03898233601808,28.062488008392137,2.023505672374057,4.6312199605949615,3.958919339558406,-0.6723006210365554,11.408984981682636,9.995190061038187,-1.413794920644449
2016-06-24,18.915831556634686,1,27.16716031050744,27.360926639215464,0.19376632870802268,15.483519719410623,13.551220383346717,-1.932299336063906,30.47430164710208,32.91437028495476,2.4400686378526757,24.089762676115257,25.10347177766795,1.013709101552692,4.991346064760791,4.3838510870764225,-0.6074949776843681,11.288898921911922,10.18114916754682,-1.107749754365102
2016-07-01,19.98652282022144,1,29.222012089213194,29.28027064134001,0.058258552126815744,14.939936144889572,12.551846098076524,-2.3880900468130477,32.430481801965925,34.89964786903853,2.4691660670726066,27.040059814978008,29.064434693904786,2.0243748789267784,4.104958539186882,3.4850560214343176,-0.6199025177525641,12.181688531095077,10.637881597534488,-1.5438069335605888
2016-07-15,21.988641888893994,1,29.113321770599626,28.76172555747793,-0.3515962131216952,15.632515779468577,13.006455519260655,-2.6260602602079217,33.294977388404476,35.81829930708025,2.5233219186757765,29.8805938388613,33.41678558043081,3.5361917415695103,10.509735283970457,9.077778135706694,-1.4319571482637627,13.500707272059543,11.850807233407636,-1.6499000386519072
2016-07-22,22.13556403292385,1,26.65852976818111,26.19717452477228,-0.46135524340883194,15.992666430236667,13.478343552195184,-2.514322878041483,31.004550480200322,32.9990466374599,1.9944961572595759,29.93702179946736,33.61275659057134,3.6757347911039773,13.187967795944147,11.768251162995924,-1.419716632948223,16.032647923513494,14.757811729548436,-1.2748361939650579
2016-07-29,22.94719082825311,1,27.63415733169036,27.36451607358852,-0.26964125810184214,18.353996278779505,15.869991643816519,-2.484004634962986,31.306763259055188,33.16887986090612,1.8621166018509285,30.180148367075745,33.73431045086038,3.5541620837846324,13.69394423915901,12.24847715759357,-1.4454670815654396,16.51413549375883,15.296969782753592,-1.2171657110052365
2016-08-05,21.55254948661128,1,24.865270912968626,24.50730444908885,-0.3579664638797766,17.916293588702914,15.663750881378448,-2.2525427073244657,27.750648428471422,28.67904116548388,0.9283927370124587,30.03984058881889,34.32281949923426,4.282978910415366,11.966923532795107,10.551066529285151,-1.4158570035099558,16.77631986791073,15.591314395197074,-1.1850054727136552
2016-08-12,19.437955050082326,1,22.948894106357926,22.137847348719973,-0.8110467576379534,17.10335301181094,15.228967126287927,-1.8743858855230116,27.762390061873077,29.510640615813116,1.7482505539400393,27.04234137773031,29.919340505093885,2.8769991273635753,8.610423664274137,7.678396984898271,-0.9320266793758663,13.160328078447577,12.152537719680794,-1.0077903587667834
2016-08-19,22.65669914024906,1,22.781518932786682,21.645023843047397,-1.1364950897392845,19.72814337732855,17.970680187344428,-1.7574631899841222,28.18186828399604,29.679861646711814,1.4979933627157749,29.322001594552546,32.31647877562709,2.9944771810745436,17.155839404874044,16.344540181158905,-0.8112992237151389,18.7708232479565,17.98361020760474,-0.7872130403517588
2016-08-26,23.83164507961786,1,23.517583097853617,22.510404180666754,-1.007178917186863,20.679973236791668,18.85112363619926,-1.828849600592406,28.013364687683023,29.08146302374338,1.068098336060359,30.313022603783494,33.562330121452675,3.2493075176691804,20.101453509528156,19.500509317637878,-0.600944191890278,20.364473342067214,19.484040198007264,-0.8804331440599498
2016-09-02,22.81920872335993,1,23.129074426210195,22.20765071956386,-0.9214237066463369,20.590663868745267,18.88929051249167,-1.7013733562535975,27.423705528713313,28.35368567147863,0.9299801427653165,29.97152546867605,33.385815893538535,3.414290424862486,18.392176886635283,17.79908111089115,-0.593095775744132,17.408106161179475,16.27972843219571,-1.1283777289837644
2016-09-09,23.346605623121366,1,22.95796312515732,21.294806177438602,-1.6631569477187185,26.27094503446328,25.401433968176747,-0.8695110662865346,29.395382149614363,30.364467692550292,0.9690855429359289,33.32699622919695,37.40306124259297,4.076065013396018,16.67523794337221,15.527138751965538,-1.148099191406672,11.45310925692408,10.08872590600403,-1.3643833509200505
2016-09-16,23.421348280089727,1,21.12646326738313,19.096999556258808,-2.029463711124322,26.395265113374506,25.472098298813847,-0.9231668145606591,28.85710841928565,30.078288374444327,1.221179955158675,33.549911434311966,37.89957305100327,4.349661616691307,17.65783122611603,16.51735167505207,-1.1404795510639616,12.941510220067059,11.463778724966048,-1.4777314951010112
2016-09-23,24.053500644402416,1,24.75330902502448,23.433950735657675,-1.3193582893668037,26.67627919988317,25.85022522725498,-0.8260539726281877,29.73263834128454,30.62087466975379,0.8882363284692474,33.32304560715377,37.20388859147201,3.8808429843182353,17.902072753761928,16.771110056760264,-1.1309626970016637,11.933658939306582,10.440954585515769,-1.4927043537908133
2016-09-30,19.013472962402396,1,20.29613541778565,18.859237216662038,-1.4368982011236113,19.469330823530143,18.311536096348178,-1.1577947271819653,26.883217474913508,28.622180075355246,1.738962600441738,26.96787527197685,29.256700575178954,2.2888253032021026,11.525128763808809,10.824919983944937,-0.7002087798638712,8.939150022399417,8.206263826924996,-0.7328861954744212
2016-10-07,18.443331157083986,1,20.811470631471778,19.437850381672533,-1.3736202497992451,17.840830304128446,16.56057622662395,-1.2802540775044946,26.953320174133808,28.638874962548925,1.6855547884151179,26.66616231612842,29.14101390570862,2.4748515895801972,9.582230392657848,8.869991784881776,-0.7122386077760723,8.80597312398362,8.011679681068173,-0.7942934429154462
2016-10-14,18.81109596460642,1,20.4876272738136,19.318404673212356,-1.1692226006012447,17.861712943807206,16.394052653789785,-1.4676602900174203,26.47716323946267,27.973049905687418,1.4958866662247488,27.10275901191922,29.842286222732383,2.739527210813165,11.189244366508461,10.412413846494402,-0.7768305200140588,9.748068952127355,8.926368485722122,-0.8217004664052325
2016-10-21,16.679555323386477,1,16.181361667917088,14.947964048548656,-1.2333976193684322,15.762055131390142,14.46434507343156,-1.2977100579585823,23.482875824243877,24.828864739935156,1.3459889156912794,25.087792919409623,27.699605531742677,2.611812612333054,8.958114436084472,8.235094846095521,-0.7230195899889509,10.605131961273656,9.901457700565317,-0.7036742607083397
2016-10-28,27.119003672738682,5,30.94996011201347,33.25177049543376,2.301810383420289,37.38770149406096,40.810775656959265,3.4230741628983026,21.134995288579617,18.821788221961228,-2.3132070666183893,11.792073612261959,8.633045607970317,-3.159028004291642,37.22371856217458,39.74689120195889,2.523172639784306,24.225572967341492,21.44975085214861,-2.775822115192881
2016-11-04,18.355008843421164,1,19.279528379759526,19.182330925397935,-0.09719745436159144,20.70367150764274,20.483902753878994,-0.21976875376374494,19.50086225189125,19.046623347807497,-0.454238904083752,25.338346552882896,27.668891749347395,2.3305451964644988,10.998488800965717,10.062884632217177,-0.9356041687485401,14.309155567384849,13.685419651878007,-0.6237359155068418
2016-11-11,18.611963469552602,1,21.157181186090767,21.524668900232527,0.3674877141417596,20.750699194842824,20.572045835482044,-0.17865335936077997,19.570491027342158,18.951956492819107,-0.6185345345230502,24.691855233163167,26.70563664204161,2.013781408878444,10.605888962482652,9.622971266517382,-0.9829176959652699,14.89566521339404,14.29450168022295,-0.6011635331710892
2016-11-18,19.877054530901148,1,25.18599421622484,27.02813663129102,1.8421424150661778,22.896736507455458,22.68967169065033,-0.20706481680512923,17.82093662567634,16.262599462943314,-1.5583371627330251,25.877126674961644,27.987077589358734,2.109950914397089,11.115101831141104,9.858584190697783,-1.2565176404433203,16.366431329947503,15.43625762046571,-0.9301737094817923
2016-11-25,20.820882919136416,1,27.68636751714436,30.345404716116917,2.6590371989725554,23.410101984909574,22.99500541131873,-0.4150965735908443,19.92559388789367,18.405556798763072,-1.5200370891305965,26.210782991950865,28.02154674014912,1.810763748198255,11.081936986923765,9.718280507795868,-1.3636564791278971,16.610514145996262,15.439503340674719,-1.1710108053215436
2016-12-02,18.60630578403115,1,23.09398111110029,24.220894478789603,1.126913367689312,21.455978334164413,21.589012720622293,0.13303438645787935,18.157887836264237,17.757978934418006,-0.3999089018462314,23.48760536375562,24.718136585016865,1.230531221261245,10.19627696624299,9.167106170063363,-1.0291707961796277,15.246105092659349,14.184705815276729,-1.0613992773826197
2016-12-09,18.809147485355528,1,23.212547444270882,24.294433647791408,1.0818862035205257,21.648785777996736,21.81501339546452,0.1662276174677828,18.14483906462405,17.824000112747882,-0.3208389518761692,23.127907304461885,24.090227387866406,0.9623200834045207,10.258763269290185,9.221300510256327,-1.0374627590338577,16.46204205148942,15.609909858006588,-0.8521321934828308
2016-12-16,19.237015810790798,1,23.785093114803843,25.041423338232946,1.256330223429103,23.421884029683568,24.315300292265704,0.8934162625821358,17.42420901878684,16.889645089174522,-0.5345639296123181,23.477707939465745,24.379160740923666,0.9014528014579213,10.765365100558583,9.56860272687102,-1.1967623736875623,16.547835661446214,15.227962677276963,-1.3198729841692511
2016-12-23,22.169860873713617,1,26.563248116585342,27.65455072446501,1.091302607879669,29.33379399584338,31.216065289031718,1.8822712931883387,18.377857578225758,17.049286075493043,-1.3285715027327143,30.265714414953024,32.53779655377467,2.272082138821645,10.513952556742481,8.825085087505684,-1.688867469236797,17.964598579931703,15.736381512011562,-2.2282170679201414
2016-12-30,19.1607206691371,1,24.06052930679482,25.064673230598302,1.0041439238034826,24.558691442023473,25.384794564881247,0.8261031228577735,18.522006285893838,18.099918647874006,-0.42208763801983196,25.3924084774343,26.792456462798555,1.4000479853642531,8.967373910319665,7.714363247267954,-1.253010663051711,13.463314592356497,11.908117861402559,-1.5551967309539378
2017-01-06,21.54207626718674,1,24.950009391394914,25.491638119864234,0.5416287284693198,27.64678093571652,29.38272433298347,1.7359433972669507,19.8527845526,19.151718993048163,-0.7010655595518358,27.987187777880635,30.125774079496423,2.1385863016157884,16.034333077750915,14.285080589122941,-1.749252488627974,12.781361867777463,10.815521488605228,-1.965840379172235
2017-01-13,27.042344157363413,4,36.965237869114404,43.26878961538361,6.303551746269207,34.63576303825165,38.881349653622735,4.2455866153710815,23.00092810475951,19.18704079191714,-3.8138873128423683,28.69576343012436,27.70991248537895,-0.9858509447454082,20.037155556992914,17.174523324250615,-2.8626322327422997,18.91921694493763,16.03244907362742,-2.8867678713102123
2017-01-20,20.306942031403768,1,22.99513105472859,23.29423620333766,0.29910514860907256,28.95933212013894,32.60251606782147,3.6431839476825303,18.893385667912824,18.407996193937663,-0.48538947397516097,22.610221975915465,22.27707553194628,-0.33314644396918425,16.97060508642285,15.399490324940942,-1.5711147614819083,11.412976283303934,9.860337866438613,-1.552638416865321
2017-01-27,20.181367183161196,4,23.87640402633457,25.37772545351399,1.5013214271794197,14.433278646466448,12.816416703992914,-1.616861942473534,18.442280934574086,17.293279217102963,-1.1490017174711227,24.659463748605503,25.807515389251634,1.1480516406461305,25.247113356537298,26.862813884027986,1.615700527490688,14.429662386449266,12.930452451077684,-1.4992099353715815
2017-02-03,20.776649615619686,4,23.42070872444073,24.71068934427373,1.2899806198330026,19.865490135484563,19.411518841140293,-0.45397129434427086,17.569009307495378,16.208096475074413,-1.360912832420965,26.196105156161366,28.435090657434642,2.2389855012732767,22.35173276259492,22.081425534296798,-0.2703072282981225,15.25685160754115,13.813076841498216,-1.4437747660429352
2017-02-10,26.845769574931833,4,19.846305275105834,18.425290311044094,-1.4210149640617402,18.24807821800647,15.90327790838623,-2.34480030962024,26.7371586491317,25.453569606159476,-1.283589042972224,40.17193710022648,48.951560330418125,8.779623230191646,27.13561660388922,24.526984859479654,-2.608631744409564,28.93552160323128,27.813934434103388,-1.121587169127892
2017-02-17,20.934178648359087,1,25.113868320739456,26.664150496013576,1.5502821752741198,26.042373964580378,27.98016011602182,1.9377861514414434,21.057426179691504,20.80318397421736,-0.2542422054741422,21.307208599924707,20.795830371659108,-0.511378228265599,18.4451348450053,17.3365071620278,-1.1086276829774988,13.639059980213176,12.02523977021481,-1.6138202099983658
2017-02-24,17.54964435953792,4,16.56920867197664,16.5086030849602,-0.0606055870164397,12.81709926145318,11.745026024511517,-1.0720732369416623,15.944486771061761,15.477108131395738,-0.46737863966602333,16.47133365432039,15.395907121279535,-1.0754265330408543,23.444330054070804,25.473456332405647,2.029126278334843,20.05140774434473,20.69776546267488,0.646357718330151
2017-03-03,22.332179817391275,1,27.36590242132401,29.600845708084833,2.2349432867608243,20.33002021436384,19.70417932233225,-0.6258408920315901,24.128674591955615,24.208879254175613,0.08020466221999811,22.377293329459135,22.398235718306452,0.020942388847316806,22.058506213685504,21.755409401175854,-0.3030968125096507,17.732682133559535,16.325529500272637,-1.4071526332868984
2017-03-10,23.76407539990619,4,29.748170684667926,32.21501910971732,2.466848425049392,24.211049304872418,23.42876535878935,-0.7822839460830693,27.24372650351151,27.800365422835583,0.5566389193240724,13.146629928221898,11.29107327679371,-1.8555566514281878,24.36070764957101,23.417573922929122,-0.9431337266418893,23.874168328592376,24.431655308372072,0.5574869797796964
2017-03-17,42.420195854871665,5,52.967304017256346,65.9350897590383,12.96778574178196,35.23955823036947,30.79965343683355,-4.439904793535916,44.49501810592715,41.079666459478126,-3.4153516464490252,40.13272152201937,36.7993166298935,-3.33340489212587,46.978325072944145,50.23184555078301,3.253520477838862,34.708248180713525,29.67560329320351,-5.032644887510017
2017-03-24,24.740412442533025,1,28.33158987868478,30.407066538510335,2.0754766598255543,19.931443612801147,18.214106709939387,-1.71733690286176,27.9416014376868,28.192726128405354,0.25112469071855514,23.761994503289344,23.709261508783925,-0.05273299450541913,28.36448165704384,29.327003408835637,0.9625217517917974,20.111363565692244,18.592310360723488,-1.5190532049687562
2017-03-31,25.766880403643782,1,32.908567413804775,36.95522029595959,4.046652882154817,21.15559960140388,19.482390227346457,-1.6732093740574214,24.467378102087267,23.149263445174128,-1.3181146569131386,21.29672819763995,19.792720877869144,-1.5040073197708068,29.20854367503229,31.00823443885392,1.79969076382163,25.564465431894547,24.21345313665944,-1.3510122952351082
2017-04-07,25.408655353998352,1,30.806282924578923,33.76051435778605,2.954231433207127,22.645863699088892,21.59284589167595,-1.0530178074129424,24.203423222800254,22.745119270696208,-1.4583039521040462,21.154199637858923,19.939040419023925,-1.215159218834998,29.777180128463073,32.06945766904143,2.292277540578354,23.86498251120004,22.344954515766517,-1.520027995433523
2017-04-14,24.752286531702055,1,30.12656329731037,32.738247063113505,2.6116837658031358,21.174868104946214,19.61430629285843,-1.5605618120877836,24.06269592160487,22.105902500628602,-1.9567934209762683,17.483549407593856,15.66766188155799,-1.8158875260358656,32.002594971124026,36.07738104175064,4.074786070626615,23.663447487632993,22.31022041030316,-1.3532270773298336
2017-04-21,25.850264461837483,1,33.25938617585638,37.63461057753773,4.375224401681351,21.88003586595164,19.855393144931554,-2.0246427210200864,23.71275166880359,21.231095765351,-2.481655903452591,18.73738559915799,16.504889232960778,-2.2324963661972106,32.90673442255715,37.357722279691316,4.450987857134166,24.605293038698136,22.517875770552564,-2.087417268145572
2017-04-28,26.936913688924392,1,33.74733719585511,38.06594187547731,4.318604679622197,23.236287239248284,21.409325637450095,-1.826961601798189,25.956754329317008,23.800552785966616,-2.1562015433503916,20.400643954238106,18.429003116592625,-1.9716408376454808,33.62759846918344,37.569872387609266,3.942273918425826,24.652860945704376,22.346786330450414,-2.306074615253962
2017-05-05,27.512978285832943,1,33.14136325030712,36.46907336548334,3.3277101151762167,28.455689285966315,28.38291912776529,-0.07277015820102406,25.034219089650435,22.638349967424247,-2.3958691222261876,20.088825877366503,17.90845776563738,-2.1803681117291234,34.00590252271809,37.67110024567249,3.665197722954403,24.351869688989183,22.00796924301494,-2.343900445974242
2017-05-12,25.796821608200645,1,31.032580335099865,33.77116015237688,2.7385798172770137,28.578289035417953,29.36045443637896,0.7821654009610057,21.449495513412472,19.300142256226692,-2.14935325718578,19.471983221119075,17.509571615814806,-1.9624116053042684,30.63975324503457,33.12144382115936,2.481690576124791,23.60882829911992,21.71815736724716,-1.8906709318727621
2017-05-19,27.136516842093794,1,30.982633705175857,32.933482663130405,1.9508489579545483,30.849645408222244,31.59581715644211,0.7461717482198651,22.436894535270497,20.065325113106056,-2.371569422164441,20.02009306471902,17.823282646835878,-2.1968104178831425,33.22869653565763,36.53148098963909,3.3027844539814595,25.301137803517506,23.869712483409216,-1.4314253201082892
2017-05-26,26.286562149545205,1,30.5181601596708,32.2042159748853,1.6860558152145018,30.086297198733917,30.70793029602575,0.6216330972918342,21.709948477527888,18.77828694210966,-2.931661535418229,15.83328956897482,13.300764546305032,-2.5325250226697875,34.22115992150667,38.69557227838391,4.474412356877238,25.350517570857136,24.032602859561536,-1.3179147112956002
2017-06-02,26.601587638045363,1,30.812362258971305,32.616908280312046,1.804546021340741,30.402564940699122,30.813750241697093,0.4111853009979711,22.2375577657276,19.04782586478251,-3.189731900945091,15.43818730789404,12.745863084750113,-2.6923242231439275,35.28471861131413,40.418627713517395,5.133909102203262,25.434134943665967,23.96655064321301,-1.4675843004529554
2017-06-09,25.415128457022224,1,29.6867480178322,31.185966273822004,1.4992182559898026,30.037975089523243,31.370966576406744,1.3329914868835004,19.734254561912522,17.384026753495803,-2.3502278084167187,16.779216982916864,14.464049230945108,-2.3151677519717566,30.851108316617186,33.71084447303154,2.859736156414357,25.401467773331333,24.374917434432135,-1.0265503388991988
2017-06-16,22.54235968032981,1,26.67235620261306,27.754810910054772,1.0824547074417126,26.48243206141774,27.071683182584295,0.589251121166555,18.54384830376611,16.48512731905079,-2.058720984715322,11.364379083834905,9.50906926386999,-1.8553098199649156,29.072264501547508,32.008161661121775,2.9358971595742673,23.118877928799535,22.425305745297223,-0.6935721835023116
2017-06-23,21.0205315997156,1,25.94379911658433,26.94346729931989,0.9996681827355616,24.47394826710432,24.867891332699784,0.3939430655954652,16.902198942480922,15.128870478317765,-1.773328464163157,9.0231787385149,7.504576293894672,-1.5186024446202282,26.72812295376646,29.076548428204234,2.348425474437775,23.051941579842676,22.60183576585726,-0.4501058139854166
2017-07-07,21.4415747574426,1,25.221112693126187,26.106934952409105,0.8858222592829179,24.078515456631465,24.15441881988754,0.07590336325607439,18.87690689830049,16.85060203189687,-2.0263048664036205,9.43920144209035,7.841996024476245,-1.5972054176141057,28.50390533835045,31.612580567633245,3.1086752292827953,22.529806716156656,22.08291614835261,-0.4468905678040471
2017-07-14,21.273849942148967,1,25.522353891493992,26.685476677703875,1.1631227862098825,25.38362251412731,26.12162221645268,0.7379997023253679,17.87833948539246,15.796277896649002,-2.082061588743457,9.283509531723155,7.647219839860199,-1.636289691862956,28.018865158147932,30.72163387655634,2.7027687184084073,21.55640907200896,20.67086914567173,-0.8855399263372306
2017-07-21,20.403507505050033,1,24.9423936748249,26.360311364685202,1.4179176898603032,25.343014561845365,26.241993966562546,0.8989794047171813,16.35008280685898,14.353758698833843,-1.996324108025135,8.707837199083698,7.146822242055691,-1.5610149570280072,27.14144455121837,29.478707255522934,2.337262704304564,19.93627223646888,18.83945150263996,-1.0968207338289204
2017-07-28,20.837189061182922,1,25.90899671965566,27.464865458917984,1.5558687392623227,24.432773148386005,24.795420177881468,0.3626470294954629,18.42831898895625,16.444356237422937,-1.983962751533312,7.147227044046474,5.772855799820107,-1.3743712442263671,27.984827492888442,30.6337685955846,2.6489411026961562,21.120990973164695,19.911868097470446,-1.2091228756942485
2017-08-04,21.07778478957315,1,25.93174712565626,27.320111655678076,1.3883645300218177,25.15486617867724,25.5869202528921,0.43205407421486086,17.558174551268593,15.459566661128392,-2.098607890140201,7.698734487435132,6.178590729522568,-1.5201437579125638,28.489266203903412,31.44880324776065,2.959537043857239,21.633920190498273,20.47271619045705,-1.1612040000412236
2017-08-11,20.13416648868482,1,25.293624169091416,26.822747727471864,1.529123558380448,25.146565751924825,25.90594928417974,0.7593835322549154,14.969843713399158,13.198672971577977,-1.7711707418211802,8.545391471260643,7.064968299424251,-1.4804231718363923,26.48708477672271,28.66703731144912,2.179952534726411,20.362489049710163,19.14562333800592,-1.2168657117042443
2017-08-18,20.495640541570154,1,26.61956844173484,28.396881610712157,1.7773131689773152,24.84104175873526,25.488163786182568,0.6471220274473097,15.963889690140206,14.207373439242915,-1.7565162508972918,7.598277644302158,6.242196410003871,-1.356081234298287,26.00456457203957,27.857626477846566,1.853061905806996,21.94650114246889,20.781601525432833,-1.1648996170360562
2017-08-25,19.66274297974046,1,27.20049245315056,29.039546012404912,1.8390535592543529,23.49716319999176,24.096375801739754,0.5992126017479933,14.109631986459348,12.420725266882528,-1.6889067195768206,6.329093222812588,5.172714294642148,-1.1563789281704402,23.464887089414546,24.59032566357959,1.1254385741650452,23.375189926613956,22.65677083919377,-0.7184190874201875
2017-09-01,20.222644851797966,1,30.80439534586965,33.889323871852724,3.0849285259830737,20.86363471834194,20.69043706575829,-0.17319765258365294,16.94913973888515,15.672387817387914,-1.2767519214972367,5.843280686936737,4.833407420230884,-1.0098732667058528,21.266319867376524,21.90636368336557,0.6400438159890456,25.609098753377793,24.343949252192445,-1.2651495011853484
2017-09-08,18.323390627622178,1,27.26719600039202,29.524121133088514,2.2569251326964945,19.182986958152483,19.088909923210352,-0.09407703494213138,15.622352592167672,14.633729267085556,-0.9886233250821164,5.7052964974835305,4.837992893368394,-0.8673036041151363,19.65247435767249,20.331243443135904,0.678769085463415,22.51003735986488,21.524347105844384,-0.985690254020497
2017-09-15,18.726331220581823,1,27.889549710993577,30.211791219207512,2.322241508213935,19.66033204557226,19.667461465943774,0.007129420371512651,15.685661326414092,14.716430873288857,-0.9692304531252347,6.522317197246494,5.548413880065567,-0.9739033171809268,19.360681676800354,19.90724933209924,0.5465676552988867,23.239445366464167,22.30664055288598,-0.932804813578187
2017-09-22,18.121497459687557,1,27.03386292050685,29.408082829722318,2.374219909215469,18.203969367048458,17.929149681829628,-0.27481968521883005,15.018517105167987,14.18665051650079,-0.8318665886671965,8.258242851304388,7.298941410288066,-0.9593014410163221,18.096441252578302,18.712651029604316,0.6162097770260146,22.117951261519366,21.193509290180216,-0.9244419713391494
2017-09-29,17.891305446417764,1,27.20173016037573,29.21167424272909,2.009944082353357,16.129562995843358,15.328950724187791,-0.8006122716555666,14.658191481127858,13.970468982832557,-0.687722498295301,7.9479670683757035,6.841123491471237,-1.1068435769044669,16.953672737480275,17.383699760678027,0.4300270231977521,24.456708235303665,24.611915476607905,0.15520724130423957
2017-10-06,17.670542065946776,1,28.424572737666068,31.539123357318445,3.114550619652377,16.101012825822508,15.030510179780606,-1.070502646041902,14.05679386381668,13.16084829070077,-0.8959455731159096,7.255144634065843,6.328110220981188,-0.9270344130846553,16.920689683421543,17.442920391928794,0.5222307085072515,23.265038650888016,22.521739954970883,-0.743298695917133
2017-10-13,17.12600487644576,1,24.536467092331904,25.62206336771588,1.0855962753839776,13.419958038858894,12.647206684699725,-0.7727513541591691,18.37301469969259,18.30383083341519,-0.06918386627739892,6.251739859908312,5.4095325681198005,-0.8422072917885117,17.47637499508768,17.91059764756568,0.43422265247799885,22.698474572795163,22.86279815715828,0.16432358436311745
2017-10-20,15.006969379564508,1,21.51073266348071,22.229540129142947,0.7188074656622376,12.139198817114504,11.625368029223381,-0.5138307878911235,15.746583076541782,15.599654037106319,-0.14692903943546298,5.467824176447991,4.8169906212067275,-0.6508335552412632,15.008898562719537,15.355045286094622,0.34614672337508523,20.16857898108252,20.41521817461306,0.24663919353054098
2017-10-27,14.803824275659665,1,20.231754390720013,20.550221744257485,0.31846735353747135,11.66699821726884,11.05802391088983,-0.608974306379011,15.112064785129476,14.876982948451115,-0.23508183667836136,5.654659274468244,4.961806236993297,-0.6928530374749471,15.918314361470223,16.523230919563204,0.604916558092981,20.23915462490119,20.852679893803085,0.6135252689018955
2017-11-03,14.04370875378315,1,19.851470274881265,20.131871497835505,0.2804012229542394,10.80048293849562,10.279665829670336,-0.520817108825284,14.78543869358711,14.727877138957254,-0.05756155462985646,4.825790293982536,4.214529211234151,-0.6112610827483849,13.974164715417913,14.164269658112076,0.19010494269416256,20.024905606334457,20.74403918688958,0.7191335805551233
2017-11-10,14.248332059333825,1,19.48556488318478,19.463414979510773,-0.0221499036740056,12.204858337747439,11.646210853154713,-0.5586474845927256,14.207611764833345,14.060606001469125,-0.1470057633642199,4.835840607304846,4.167485728578598,-0.6683548787262481,13.407606828260327,13.470362854182142,0.06275602592181428,21.348509934672208,22.681911939107607,1.3334020044353991
2017-11-17,14.586096575425167,1,21.86853529552687,22.81953515971135,0.9509998641844817,9.71894007153628,9.044512228220427,-0.6744278433158541,15.062342205492484,14.535133852776994,-0.5272083527154905,6.0497098562513685,5.386316119034603,-0.6633937372167651,13.630843080372685,13.67934662975047,0.04850354937778434,21.186208943371312,22.051735463057184,0.8655265196858721
2017-11-24,13.72006990225386,1,20.041675966956973,20.521328258137302,0.47965229118032937,8.539241899442715,7.868479120697771,-0.6707627787449439,13.580591506708544,13.014188861304518,-0.5664026454040254,6.581072573072987,5.73383915306276,-0.8472334200102267,11.539481874681556,11.20062262429677,-0.33885925038478604,22.03835559266038,23.98196139602406,1.9436058033636812
2017-12-01,14.646051435395696,1,21.051562650157507,21.467979951941302,0.4164173017837953,9.64675533207216,8.989632380655863,-0.657122951416298,14.420637305402522,13.69518103738838,-0.7254562680141419,7.599864847434347,6.851133959128759,-0.7487308883055874,11.879401708502243,11.486243682940412,-0.39315802556183144,23.278086768805395,25.38613760031943,2.108050831514035
2017-12-08,14.45551559465708,1,21.269680630253873,21.670972839333288,0.4012922090794149,8.931261149742582,7.950540732400185,-0.9807204173423969,13.93969115538006,13.306422550715752,-0.633268604664309,8.131366036290999,7.240471373674325,-0.8908946626166738,10.084846371151016,9.444365937616354,-0.6404804335346626,24.376248225123945,27.120320134202615,2.74407190907867
2017-12-15,16.85460825307322,1,25.970551690058755,25.045716965627165,-0.9248347244315909,6.6386518450871534,5.522650878651504,-1.1160009664356494,15.21320161254306,13.367596283430274,-1.8456053291127859,7.386155142420435,6.186343960899251,-1.1998111815211843,12.441084677174487,10.544042332697416,-1.8970423444770717,33.47800455115542,40.461299097133676,6.983294545978254
2017-12-22,17.68993492297673,1,26.54725128098997,25.636882003412268,-0.9103692775777006,10.190235906526595,8.503503280475854,-1.6867326260507411,18.425257553446087,17.638476227769928,-0.7867813256761593,7.49964631013691,6.214824298304194,-1.2848220118327163,9.84015413376919,7.674227246465065,-2.165926887304124,33.637064352991615,40.471696481433085,6.83463212844147
2017-12-29,17.673749155792606,1,28.932897453519715,29.041274768557926,0.10837731503821146,6.683430618782339,5.495080585719407,-1.1883500330629317,18.21532312150346,16.795646324972623,-1.4196767965308368,8.11100422382934,6.695853449692052,-1.4151507741372882,10.271726313029475,8.180594252591447,-2.091132060438028,33.82811320409131,39.83404555322218,6.005932349130873
2018-01-05,16.24540515154013,1,25.016702640659943,24.78702009904889,-0.22968254161105506,5.563228479084543,4.743731451963498,-0.8194970271210451,12.401880513454884,10.83244144698925,-1.569439066465634,9.89948567948828,8.436474455831359,-1.4630112236569204,13.135160336922098,11.375843182144948,-1.7593171547771504,31.455973259631037,37.296920273262884,5.8409470136318475
2018-01-12,14.935323879909184,1,24.755774197770677,25.42098900184952,0.6652148040788433,6.518709347476204,5.52860780365549,-0.9901015438207139,10.751276932815415,9.58151864904923,-1.1697582837661855,8.665646857413734,7.396009245456312,-1.269637611957421,10.155900744130562,8.59024287066677,-1.5656578734637918,28.764635199848513,33.094575708777754,4.329940508929241
2018-01-19,15.681764099273991,1,25.402371963776787,25.624571813151874,0.2221998493750874,7.944237810323699,6.433023625885795,-1.511214184437904,11.2835893149349,9.801850038457815,-1.4817392764770858,8.623141194086799,7.283415048657446,-1.3397261454293528,9.791780535121774,8.044142994009079,-1.7476375411126952,31.045463777399988,36.903581075481924,5.858117298081936
2018-01-26,14.696937542778956,1,25.05877518854966,24.71616853393894,-0.3426066546107194,4.8422751888252975,3.8349993698315217,-1.0072758189937758,9.34562880905743,7.538102478346303,-1.8075263307111271,7.572818344817179,6.38706441165742,-1.1857539331597593,10.222169036806363,8.666685311834371,-1.5554837249719924,31.13995868861781,37.038605151065155,5.898646462447346
2018-02-02,13.88227642878983,1,24.56920823513815,24.54215961854726,-0.027048616590889196,4.186418837407075,3.187737723122183,-0.9986811142848921,7.412123629560554,5.840508652210033,-1.5716149773505208,6.784824097561085,5.648778977748364,-1.1360451198127208,10.159906832646683,8.388154340586382,-1.7717524920603012,30.18117694042543,35.68631926052474,5.50514232009931
2018-02-09,15.758034003952075,1,25.097677158024098,23.66559299740898,-1.4320841606151191,2.9271595954263177,2.360947439526541,-0.5662121558997768,10.254964410813074,7.983605464197751,-2.2713589466153223,9.193731905238536,7.662723837291239,-1.5310080679472975,13.290997234957402,11.322827949460006,-1.968169285497396,33.78367371925302,41.55250633582787,7.768832616574855
2018-02-16,14.618280849855728,1,24.775895910509732,24.419802426183054,-0.35609348432667787,4.033639557579221,3.5032771859282548,-0.5303623716509662,8.498947567480712,6.758915865607818,-1.7400317018728941,7.896048707052941,6.648438370606627,-1.2476103364463142,11.791094265041593,10.224696631727639,-1.5663976333139544,30.714059091470162,36.154554619080926,5.440495527610764
2018-02-23,13.861384323818356,1,20.99005747720122,20.93563787090453,-0.054419606296690404,3.674465611125612,3.228096320133176,-0.44636929099243616,10.431478080368791,8.854530453276354,-1.5769476270924372,8.805243974835278,7.698298206497611,-1.106945768337667,11.53620558492591,9.918904644660529,-1.6173009402653804,27.730855214453328,32.53283844743797,4.8019832329846395
2018-03-02,14.53410529414227,1,22.727921962035097,22.27671492011423,-0.4512070419208669,2.2537025607805248,2.0052062053909054,-0.24849635538961934,10.194840826275353,8.281805179678841,-1.9130356465965122,9.834328224937238,8.384966652863255,-1.4493615720739825,11.876757569904001,9.92650723176574,-1.950250338138261,30.317080620921402,36.329431575040644,6.012350954119242
2018-03-09,14.340573150010568,1,21.462708803902572,21.36011814780744,-0.1025906560951313,6.1626813919787935,5.820180072150805,-0.3425013198279885,10.325428290966698,8.804996580142458,-1.5204317108242407,12.553675999713818,11.489121163444935,-1.0645548362688828,8.57479041419964,7.470227208211753,-1.104563205987887,26.964153999301885,31.09879572830603,4.134641729004144
2018-03-16,12.633906194776245,1,11.160798116136817,10.301962477246576,-0.8588356388902412,4.441738510410289,3.9190802174166635,-0.5226582929936257,10.320247450349228,9.040338564343585,-1.279908886005643,16.487011579188632,15.499002470732336,-0.9880091084562963,7.73031623704459,6.884832955818823,-0.8454832812257678,25.66332527552791,30.158220483099484,4.494895207571574
2018-03-23,9.747531022055087,1,7.662174098310672,7.1252960061142545,-0.5368780921964174,5.622477745247878,5.280122659008526,-0.3423550862393512,7.340713369185494,6.801078826995379,-0.5396345421901145,12.291060932279862,11.880714343025915,-0.4103465892539475,6.53071935447781,6.058353108161185,-0.47236624631662494,19.03804063282881,21.339621189025266,2.3015805561964555
2018-03-30,23.560644038590013,4,34.02129751013966,35.73640145152645,1.7151039413867863,5.100105625834942,3.278531438206457,-1.8215741876284852,20.332094430993948,16.44149217399901,-3.8906022569949386,33.95680530192638,32.29614842127961,-1.6606568806467692,7.327050222224912,4.961594405191093,-2.365455817033819,40.62651114042024,48.64969634133747,8.023185200917226
2018-04-06,9.74027262066739,1,8.587902726729993,8.378714720315386,-0.20918800641460678,5.958885814048202,5.712053921752741,-0.24683189229546088,7.8415692923569225,7.587202732288276,-0.25436656006864666,10.661542581726323,10.221208783608432,-0.44033379811789075,8.63997326477282,8.294224374283502,-0.34574889048931823,16.751762044370082,18.248231191756005,1.4964691473859233
2018-04-13,9.401593538365097,1,8.077968837922853,7.7854719486736315,-0.2924968892492217,5.2790732773627695,5.066141693321967,-0.2129315840408026,6.648949382195241,6.34375362281051,-0.30519575938473054,10.664850925565872,10.222900482850292,-0.44195044271558004,9.086179093471628,8.858642113918847,-0.22753697955278085,16.652539713672212,18.132651368615356,1.4801116549431441
2018-04-20,12.195083621899789,1,10.408157626108903,10.186525747798456,-0.22163187831044695,6.755938376007592,6.342992837241624,-0.4129455387659675,11.989162027751561,11.865197897709663,-0.1239641300418981,14.166890983010646,13.703039007959575,-0.463851975051071,10.679098806132615,10.389640292166831,-0.2894585139657835,19.171253912387414,20.683105948522567,1.5118520361351528
2018-04-27,8.317697084498318,1,6.142531814899442,5.843824747142477,-0.29870706775696476,4.146325439384853,3.972605755384663,-0.17371968400019,6.088383474774929,5.84252522393534,-0.24585825083958923,10.034291773019149,9.761816083568007,-0.27247568945114153,8.361087206023782,8.159599079772164,-0.20148812625161838,15.133562798887752,16.32581161718727,1.1922488182995181
2018-05-04,8.622804360373427,1,6.7983096596605606,6.503007771925695,-0.29530188773486543,3.834341165573207,3.6508067745008503,-0.18353439107235658,6.286891484457371,6.036237514050995,-0.2506539704063755,10.973984322083098,10.816640710599358,-0.1573436114837392,8.62965761419197,8.413300014902717,-0.21635759928925324,15.213641916274355,16.316833376260917,1.1031914599865615
2018-05-11,8.812750112934415,1,6.777422575893951,6.484197252361511,-0.2932253235324396,3.08993427780797,2.9026325945108624,-0.1873016832971075,7.020770005024005,6.789292774577589,-0.23147723044641566,11.837338831598714,11.79391449685221,-0.0434243347465042,9.073462456415157,8.879961916726572,-0.1935005396885856,15.07757253086669,16.0265016425777,0.9489291117110099
2018-05-18,7.191645394876294,1,5.552973779170799,5.382826684379324,-0.17014709479147427,2.150443602902925,2.0326828736320834,-0.11776072927084158,6.663092430511298,6.573250048381297,-0.0898423821300014,9.657285733654831,9.6505221502983,-0.006763583356530489,7.286851248008674,7.1646057081636485,-0.12224553984502506,11.839225575009237,12.34598490440311,0.5067593293938728
2018-05-25,7.825181702907666,1,5.4352639843835675,5.2186974176147345,-0.216566566768833,3.0258384786662305,2.8225528322634688,-0.2032856464027617,5.099431088878703,4.9172308589527205,-0.18220022992598217,10.35446943006356,10.308512177268753,-0.04595725279480689,9.794771602455313,9.803242682425193,0.008471079969879725,13.24131563299862,13.880854248921125,0.639538615922504
2018-06-01,8.64791592835406,1,7.413643302882534,7.268034929687644,-0.1456083731948894,3.7967048993833856,3.5159314324585154,-0.28077346692487026,6.260976527780855,6.080727840954893,-0.18024868682596207,10.347765171119192,10.255413504616854,-0.0923516665023385,11.089767452560466,11.319647273305293,0.22987982074482716,12.978638216397925,13.44774058910113,0.46910237270320465
2018-06-08,7.406456463894362,1,5.332789275445634,5.1986164837638285,-0.13417279168180585,2.6979363718454152,2.506950685161925,-0.19098568668349003,5.900502709227908,5.809140575731831,-0.09136213349607658,10.023700068518124,10.060493049931196,0.03679298141307186,9.957454341322233,10.13015499447502,0.1727006531527877,10.526356017006862,10.733382994302389,0.2070269772955271
2018-06-22,11.620393597116463,1,9.658889314809429,9.448325070051581,-0.21056424475784752,7.763945245358798,7.312402867852981,-0.4515423775058167,10.667014213744451,10.64207496508834,-0.024939248656110635,12.578828052118297,12.388186423353218,-0.1906416287650785,14.025527828046478,14.369378345210606,0.3438505171641282,15.028156928621328,15.561993911142011,0.5338369825206826
2018-06-29,10.636263197539977,1,9.28229224542433,9.213488084048777,-0.06880416137555301,5.313575655416216,4.954324241349369,-0.359251414066847,8.756419053921846,8.516762315628014,-0.2396567382938315,15.851873984561081,16.59412904110249,0.7422550565414099,10.081756279915624,9.7317231641983,-0.35003311571732354,14.531661966000769,14.807152338912886,0.27549037291211675
2018-07-06,11.518051162628717,1,8.88014953192328,8.736102345678475,-0.14404718624480495,7.550285235213352,6.986035392039852,-0.5642498431734992,4.9089549075338255,4.609711329079701,-0.2992435784541243,17.302857423810153,17.982342810099055,0.6794853862889028,13.557644435844296,13.2382033583079,-0.3194410775363963,16.908415441447403,17.55591174056738,0.6474962991199789
2018-07-13,11.739664791399704,1,9.534553802325618,9.533018241077002,-0.0015355612486160908,8.83893846211329,8.31867731097195,-0.5202611511413409,6.072105744681764,5.712872547640444,-0.35923319704131984,17.892854196001792,19.005116940930748,1.1122627449289553,14.420924764753991,14.316770056455653,-0.1041547082983385,13.67861177852177,13.551533651322387,-0.1270781271993826
2018-07-20,10.83714629894478,1,8.476762867165704,8.344862669670036,-0.13190019749566773,9.43764554032289,9.095244179028015,-0.34240136129487553,3.795934860747593,3.5484369595044427,-0.2474979012431504,16.29054169598642,17.03190948989416,0.7413677939077417,12.935835805600831,12.780631224505754,-0.1552045810950773,14.086157023845246,14.22179327106629,0.1356362472210435
2018-07-27,10.446621886904977,1,7.507650480951938,7.2602552715532624,-0.24739520939867532,10.00449209810752,9.816502630845747,-0.18798946726177235,4.055721827727723,3.773579539231136,-0.28214228849658696,16.020984090916315,16.873748311397094,0.852764220480779,12.127345631762225,11.917636856422064,-0.20970877534016097,12.963537191964136,13.038008711980552,0.07447152001641655
2018-08-03,10.408775487630841,1,7.271344235211842,6.994771737628255,-0.2765724975835866,9.79899266904313,9.526023772268559,-0.2729688967745716,4.0797615332212445,3.703309085642715,-0.37645244757852936,17.21664335226444,18.52864081396784,1.311997461703399,10.751820026409064,10.347831488448122,-0.4039885379609416,13.334091109635324,13.352076027829554,0.017984918194230204
2018-08-10,9.844309658550898,1,4.99015009706649,4.671170260890349,-0.31897983617614045,9.458091011135252,9.317841501823551,-0.1402495093117011,4.916217742349943,4.498935201994257,-0.4172825403556857,16.810637171779447,18.078018982094818,1.2673818103153707,10.035110492089856,9.59304182530515,-0.44206866678470647,12.8556514368844,12.906850179197278,0.05119874231287724
2018-08-17,8.456150963561157,1,3.959436876087679,3.6822851858688352,-0.2771516902188438,11.132235045435351,11.405093309128901,0.27285826369354993,6.330857867638258,6.044378154882821,-0.2864797127554368,13.528072709775287,14.293919020293998,0.765846310518711,9.426154268611668,9.215983584363329,-0.2101706842483395,6.360149013818699,6.095246526829072,-0.2649024869896266
2018-08-24,8.112912413440588,1,4.927812951925219,4.668122244430975,-0.2596907074942436,10.343213882808854,10.50791103891693,0.16469715610807611,4.818146393378413,4.544336927289791,-0.2738094660886219,13.360893836118962,14.177749066922559,0.816855230803597,9.198977109627137,9.005638093210734,-0.1933390164164024,6.028430306784941,5.7737171098725355,-0.25471319691240524
2018-08-31,8.164307782497405,1,4.0209354334395755,3.8490641701451977,-0.17187126329437774,9.554885285584746,9.618744190918534,0.06385890533378813,4.0051870893515655,3.746081828161877,-0.25910526118968846,13.753912152995255,14.55279927034951,0.7988871173542549,7.659687737112364,7.430238178095578,-0.22944955901678554,9.991238996500925,9.788919057313748,-0.20231993918717706
2018-09-07,9.772775028866393,1,6.344994392082953,6.049729590328184,-0.29526480175476877,13.74970565510263,14.330815818180454,0.5811101630778239,4.249919436670439,3.9045844264254868,-0.34533501024495195,14.73067467839951,15.524111201337163,0.7934365229376539,9.106633600888799,8.769903176068766,-0.3367304248200327,10.454722410054032,10.057505960858293,-0.3972164491957386
2018-09-14,9.388212266262194,1,5.701040658821142,5.40265040867564,-0.298390250145502,14.454679175716493,15.295741940844891,0.8410627651283988,5.275978487559144,4.918751014824863,-0.3572274727342801,13.872906303235524,14.499291265380762,0.626384962145238,8.368796087403112,8.023376350514894,-0.3454197368882177,8.655872884837748,8.189462617332126,-0.46641026750562276
2018-09-21,9.234016784085869,1,5.348684724023357,5.053445940345014,-0.295238783678343,13.996467458890763,14.749386526346797,0.752919067456034,5.005095181826206,4.671825301247608,-0.3332698805785981,13.9265546595648,14.601916897841292,0.6753622382764917,8.252251860057527,7.87959320913005,-0.37265865092747674,8.875046820152562,8.447932829604483,-0.4271139905480794
2018-09-28,8.528514121624946,1,6.846314977336647,6.752260926938035,-0.09405405039861137,12.347013958715252,12.793289270212,0.4462753114967484,4.873420651388173,4.570841116914664,-0.3025795344735087,12.429700034666297,12.881736065405846,0.45203603073954923,5.715657424360074,5.502182094633625,-0.21347532972644956,8.958977683283237,8.67077525564548,-0.2882024276377564
2018-10-05,9.349276009042123,1,8.873502312392006,8.831641988316491,-0.041860324075514654,13.332795327862357,13.850021220001693,0.5172258921393365,4.5939615395551385,4.2504252342432665,-0.34353630531187207,12.402790466013556,12.71907360620753,0.3162831401939741,6.682167037632752,6.422242214547666,-0.25992482308508613,10.210439370796934,10.02225179093611,-0.18818757986082346
2018-10-12,10.204885238073414,1,8.165233022344097,7.980724104135092,-0.18450891820900495,14.834050839642515,15.294755106252424,0.46070426660990904,4.209789439642961,3.780996893728343,-0.428792545914618,15.800014601219459,16.640517132710713,0.8405025314912535,6.845356268330136,6.5103623420132095,-0.33499392631692615,11.374867257261315,11.021955849600673,-0.3529114076606419
2018-10-19,10.284431117142402,1,8.339570495925912,8.226862692807302,-0.11270780311861017,15.570046863104523,16.128669543973032,0.5586226808685097,4.665158917369695,4.219902405211442,-0.44525651215825235,15.76375814570656,16.443629388108846,0.6798712424022852,6.284097740153072,5.977673044457944,-0.306424695695128,11.083954540594647,10.709849628295842,-0.3741049122988045
2018-10-26,11.788486150565033,1,6.504318070287297,6.242205852705055,-0.2621122175822421,19.91489664868783,21.032841083856724,1.1179444351688943,4.949138612565122,4.30010015082685,-0.6490384617382716,19.15226479349873,20.071101767401117,0.9188369739023869,6.460924102750596,6.048581491239403,-0.41234261151119256,13.74937467560062,13.036086557361102,-0.7132881182395181
2018-11-02,12.706265381866041,1,7.966514138933164,7.726368935855206,-0.24014520307795806,20.873362589253603,22.22488242041311,1.3515198311595071,5.292397456476806,4.60458080373742,-0.6878166527393859,19.84086150864816,20.736923936813056,0.8960624281648961,9.193986041784854,8.778822190907263,-0.41516385087759033,13.070470556099664,12.166014003470181,-0.9044565526294832
2018-11-09,12.957766212795448,1,7.122652389909945,6.861108288456478,-0.26154410145346674,22.065113038421018,23.821151569460866,1.7560385310398487,5.915459955615049,5.108312661245179,-0.8071472943698694,20.011753917731994,20.752056184707868,0.7403022669758741,9.099786353754709,8.700089910882511,-0.3996964428721981,13.531831621339975,12.503878662019758,-1.027952959320217
2018-11-16,13.589581461541796,1,8.462611173123364,8.306416786828379,-0.1561943862949846,22.732603121904702,24.343400959169998,1.6107978372652951,5.928109593680247,5.129173202615263,-0.7989363910649843,19.30598837920313,19.562568906812146,0.2565805276090174,7.905950529436396,7.679442637554388,-0.22650789188200804,17.202225971902934,16.51648627627057,-0.685739695632364
2018-11-23,13.828931746559396,1,7.682198159024651,7.430807393638204,-0.25139076538644645,24.19185690985566,26.141014061480178,1.9491571516245187,5.530802572415283,4.674735629000779,-0.8560669434145041,19.3913345915674,19.393993031811362,0.0026584402439624455,7.225015863333866,7.022243166373315,-0.202772696960551,18.952382383159517,18.310797197052537,-0.6415851861069797
2018-11-30,13.585742669122384,1,7.682023578633135,7.441599502686785,-0.2404240759463505,25.385072832423972,28.120048722738233,2.73497589031426,4.739272420311195,3.9731999085730507,-0.7660725117381446,19.01374386155034,18.55518987566981,-0.45855398588052765,7.181545408413328,6.986908544760311,-0.1946368636530167,17.512797913402338,16.437509460306103,-1.0752884530962348
2018-12-07,12.670325154713723,1,7.7781263420259705,7.5652171511339645,-0.212909190892006,23.586866535633362,25.874329600311896,2.2874630646785334,4.726328464950484,3.9992071818724355,-0.7271212830780485,19.86147216050871,19.91664393895192,0.05517177844320997,7.535078129717121,7.3007638362601455,-0.23431429345697552,12.534079295446688,11.365789219752017,-1.1682900756946708
2018-12-14,12.88392472567327,1,7.365953817622739,7.17834380811604,-0.18761000950669882,24.13175517237113,26.36682792904348,2.235072756672352,5.039993494216787,4.22679584109045,-0.8131976531263376,20.97447972744733,21.177444044267375,0.20296431682004368,7.186992821662869,6.955426566562494,-0.23156625510037543,12.604373320718764,11.398710164959795,-1.2056631557589697
2018-12-21,14.2819765771797,1,11.96719029254757,11.969189878032267,0.0019995854846968086,24.188846217219876,26.500065174351676,2.3112189571318,5.434211098071074,4.626564884035432,-0.8076462140356426,20.50374545082049,20.4393125326838,-0.0644329181366885,10.8679155898582,10.619062937097198,-0.248852652761002,12.729950814560993,11.537664056877844,-1.1922867576831493
2018-12-28,13.794532971890126,1,11.510133986421721,11.576212100993303,0.06607811457158164,22.900878640583073,24.95147633956934,2.050597698986266,6.493916083405125,5.648555699699116,-0.8453603837060086,19.357197962640456,19.377483039587545,0.02028507694708992,10.01686431292066,9.770332375549899,-0.2465319373707615,12.488206845369717,11.443138275941564,-1.0450685694281532
2019-01-04,13.569304927191284,1,12.211703068117828,12.311327329293235,0.09962426117540701,22.3637892246131,24.385856178285664,2.0220669536725637,5.709296925797062,4.970566220571442,-0.7387307052256205,18.427043818885764,18.288553475051145,-0.13849034383461856,10.353511535079264,10.077203619418981,-0.2763079156602828,12.350484990654692,11.382322740527272,-0.9681622501274205
2019-01-11,13.992432148642207,1,13.273577200262281,13.491855307147475,0.21827810688519378,21.969130929710133,23.72101141815662,1.7518804884464885,6.164456443063912,5.383490093595796,-0.780966349468116,18.72452580500601,18.73910593926223,0.014580134256220845,11.020791707994775,10.68893771607506,-0.331853991919715,12.802110805816127,11.930192417616041,-0.8719183882000863
2019-01-18,13.290748710254974,1,12.280201228748993,12.530626656746563,0.2504254279975697,20.607700250390295,21.929643446842377,1.3219431964520822,7.436109170192708,6.73597157495189,-0.7001375952408182,18.069594123097076,18.103237460490675,0.03364333739359893,9.0760516479464,8.722208573062517,-0.35384307488388345,12.27483584115437,11.72280454943585,-0.5520312917185208
2019-01-25,39.664044543273945,5,48.22058905342729,55.498916790172316,7.278327736745027,37.76315838875672,33.514556739900186,-4.2486016488565355,39.5178961829247,41.89615678763771,2.378260604713006,45.96928935503247,50.261125402962875,4.291836047930403,35.635923872397754,29.894496656565607,-5.741427215832147,30.87741040710472,26.919014882405023,-3.9583955246996965
2019-02-01,11.768595385727432,1,11.466457074624472,11.689213283898994,0.22275620927452167,17.986611089616275,19.161999517620004,1.1753884280037283,8.317706166080114,7.821311050312758,-0.4963951157673563,14.462650461537123,14.09771501452289,-0.36493544701423275,9.035948747962195,8.815070099678309,-0.22087864828388604,9.342198774544414,9.02626334833164,-0.31593542621277493
2019-02-15,11.014643053083091,1,10.27237618785189,10.406196896445508,0.1338207085936176,17.178507450304508,18.24795330029295,1.0694458499884405,9.3937540544799,9.026113210486542,-0.3676408439933567,13.973199123156348,13.760717268208452,-0.21248185494789595,7.804888208859296,7.568257026793972,-0.23663118206532374,7.4651332938466055,7.078620616271138,-0.3865126775754675
2019-02-22,10.97440440836305,1,7.122584291497915,6.986815688130932,-0.1357686033669836,19.057825931979153,20.53900178243086,1.4811758504517059,10.522543429306253,10.047682210060017,-0.47486121924623603,15.383228681482734,15.202249284316053,-0.18097939716668066,6.4684424441237525,6.288640346939431,-0.1798020971843215,7.291801671788491,6.782037138301064,-0.5097645334874272
2019-03-01,9.875653279829635,1,3.8879315646512964,3.7544511321251406,-0.13348043252615582,18.21263311629825,19.48971675045793,1.2770836341596805,9.491319409311515,8.960143656806395,-0.5311757525051206,15.360630408965818,15.368691354116592,0.008060945150774046,5.944422563305906,5.794032881972896,-0.15038968133301012,6.356982616445023,5.886883903498855,-0.470098712946168
2019-03-08,9.979076646301307,1,4.215191155954187,4.009425680294157,-0.20576547566003,18.125140616104474,19.30061149539854,1.1754708792940676,9.604697972266479,9.212727442944953,-0.3919705293215259,15.740510149617606,15.817032693362933,0.07652254374532674,5.412313875282479,5.166927696052284,-0.245386179230195,6.776606108582612,6.367734869754955,-0.40887123882765763
2019-03-15,10.38489816956555,1,3.7589540731990922,3.507502150679329,-0.2514519225197631,18.37758325974849,18.54469394694057,0.16711068719207844,5.825590516079501,5.215363251270574,-0.6102272648089269,20.87236774936443,22.57118196186562,1.6988142125011905,7.829944061700289,7.286847282644686,-0.5430967790556025,5.644949357301499,5.183800423992466,-0.4611489333090333
2019-03-22,9.614646594652513,1,3.372228884805992,3.1767194525566396,-0.19550943224935224,17.284968529125138,17.380300249635894,0.09533172051075667,5.130165292974567,4.62720522840992,-0.5029600645646468,19.598596890320664,21.02662630319429,1.4280294128736273,7.47151890958132,7.010430819497472,-0.4610880900838481,4.830401061107395,4.4665975146208865,-0.36380354648650837
2019-03-29,9.152261974853433,1,4.165865515114845,3.8880588031176444,-0.27780671199720075,13.43401926383902,13.120802033366374,-0.31321723047264527,3.942785014362073,3.5959069375688557,-0.34687807679321736,18.076724473644575,19.698548284350935,1.6218238107063598,9.945445864842554,9.649176800577337,-0.2962690642652177,5.348731717317534,4.961078990139441,-0.38765272717809296
2019-04-05,8.704484628280072,1,7.3056576537831575,6.9807251515114785,-0.3249325022716789,12.38884439430737,12.549677744061583,0.16083334975421337,3.2825605183646474,3.0395848537446426,-0.24297566462000475,14.150216334986624,14.860206595881564,0.7099902608949407,10.573754680679173,10.56686162596435,-0.006893054714822711,4.525874187559467,4.229851798516847,-0.29602238904261924
2019-04-12,8.54655889610232,1,7.31194256515883,7.019563479298867,-0.2923790858599631,12.235091364392503,12.412761644559865,0.1776702801673622,3.4279621143575554,3.18671813293048,-0.24124398142707548,13.728384670753684,14.374259907163307,0.6458752364096227,10.193159027344606,10.179282482495523,-0.013876544849082961,4.382813634606748,4.106767730165913,-0.276045904440835
2019-04-19,8.9717735236771,1,7.467058211562858,7.303155621877735,-0.16390258968512228,12.697796736404428,12.729297637428857,0.031500901024429595,3.2228958969254933,3.0120503586540224,-0.2108455382714709,14.80437477322262,15.544177420870312,0.7398026476476929,10.619191974321467,10.58498657543241,-0.03420539888905694,5.019323549625739,4.656973527799238,-0.3623500218265008
2019-04-26,10.401904767601884,1,11.121706025571768,10.956282597937872,-0.16542342763389684,12.677511876222695,12.497488433563504,-0.18002344265919135,3.5155542508879876,3.2011644376928388,-0.3143898131951488,15.490889413130333,16.19755805940602,0.7066686462756877,14.546869253866717,14.909434993364911,0.36256573949819426,5.058897785931805,4.64950008364616,-0.409397702285645
2019-05-03,10.286224296515327,1,11.068006897968573,10.877835721111666,-0.1901711768569072,12.04845815954495,11.949189707517391,-0.09926845202755885,3.9481772618610904,3.61587254345811,-0.33230471840298037,14.302462908942715,14.792748900038617,0.4902859910959023,14.74111479273077,15.25001766399187,0.5089028712610997,5.609125758043859,5.231681242974332,-0.37744451506952714
2019-05-10,11.372605884128442,1,12.302407432238766,11.944213053642372,-0.35819437859639436,12.832047444270714,12.603116917913312,-0.2289305263574022,4.847703683786534,4.360519922680936,-0.487183761105598,16.189208168781448,16.96278942658735,0.7735812578059011,16.855449503784328,17.642793413391217,0.7873439096068893,5.208819071908863,4.722202570555481,-0.48661650135338164
2019-05-17,12.012861075424533,1,13.6722503692815,13.294171554390445,-0.37807881489105455,11.733080796302971,11.108686199623463,-0.6243945966795081,5.86528239840419,5.250688338383071,-0.614594060021119,17.275680451012036,18.358799656643654,1.0831192056316183,18.681208973699242,19.77526860778586,1.0940596340866193,4.849663463847264,4.289552095720708,-0.5601113681265559
2019-05-24,10.898794658627159,1,10.657626073472656,10.259456531581833,-0.3981695418908231,12.281247626784292,11.919146652472051,-0.3621009743122414,5.936212413759094,5.380398575074153,-0.5558138386849407,16.875198440679043,18.034440497036144,1.159242056357101,15.963748592927956,16.577898117375724,0.6141495244477682,3.678734804139907,3.2214275782230004,-0.45730722591690665
2019-05-31,10.442566024450755,1,8.086156563641978,7.78294566490824,-0.3032108987337381,13.45658140747571,13.38402673322146,-0.07255467425424911,6.7120526656051,6.187941665707541,-0.5241109998975588,17.327001210665358,18.778734626722482,1.4517334160571238,12.075614720538283,12.108300089735323,0.032685369197039904,4.997989578778103,4.413447366409471,-0.5845422123686319
2019-06-14,7.3281428677475375,1,5.903515179135795,5.798752005931817,-0.10476317320397754,9.785181724719138,9.654244177095975,-0.13093754762316223,3.839283475372781,3.645630015846521,-0.19365345952626,13.16855444987938,13.992712142716599,0.8241576928372183,8.13679588138585,7.991795161032783,-0.14500072035306744,3.1355264959922806,2.8857237038615153,-0.24980279213076528
2019-06-21,8.285438893255758,1,5.9315092396543605,5.729616731983853,-0.20189250767050737,11.456025294235786,11.345445675278569,-0.11057961895721746,4.234172691993379,4.006422432006389,-0.2277502599869905,14.68350355936954,15.580559543670361,0.8970559843008203,10.588604290393391,10.496451808016332,-0.09215248237705964,2.818818283888092,2.5541371685790466,-0.26468111530904537
2019-06-28,7.895222558571864,1,7.008950736718006,6.927154286041514,-0.08179645067649233,9.812397500816928,9.739854940706891,-0.0725425601100369,6.115280568239541,5.926432113738201,-0.1888484545013398,12.426344121275434,12.975004999891212,0.5486608786157774,9.907979755948716,9.886046286958987,-0.021933468989729477,2.100382668432559,1.9168427240943515,-0.1835399443382073
2019-07-05,6.671596421153136,1,6.37995527901974,6.373565375860949,-0.006389903158790844,7.792424580952911,7.729571738974215,-0.062852841978696,5.54170079780593,5.421150296691053,-0.1205505011148773,10.236449954522172,10.629772071302469,0.39332211678029694,7.560668195096667,7.50699790223058,-0.053670292866087266,2.5183797195213913,2.3685211418595316,-0.14985857766185973
2019-07-12,16.427617318165236,1,24.527544330190963,26.161873214792536,1.6343288846015724,10.692469888150583,10.295066474834087,-0.3974034133164963,13.166610777379418,12.732930404062529,-0.43368037331688924,13.02218589586316,12.671924272356435,-0.3502616235067251,23.29693704044479,24.124665181784252,0.8277281413394633,13.85995597696251,12.579244361161585,-1.280711615800925
2019-07-19,16.197791270146883,1,24.435383778458387,26.148987245284744,1.7136034668263562,10.095369182619919,9.684465449705925,-0.41090373291399374,13.09626731619035,12.707891847073014,-0.3883754691173351,12.698810696935595,12.377988165936628,-0.3208225309989672,22.67510802688652,23.266140373542598,0.5910323466560783,14.185808619790535,13.001274539338468,-1.1845340804520674
2019-07-26,16.36862115068941,1,24.82193610801481,26.720260662186078,1.8983245541712677,10.105671211808755,9.67717583930363,-0.42849537250512526,13.434092585346008,13.013001116492404,-0.4210914688536036,12.606226286804215,12.230207780378677,-0.37601850642553813,22.686766712891924,23.235318531429925,0.5485518185380016,14.557033999270743,13.335762974345755,-1.221271024924988
2019-08-02,16.767691092873477,1,25.437689898060768,27.812431170357684,2.374741272296916,11.874934155764166,11.539026252529041,-0.33590790323512465,14.305788205150407,13.826549887616196,-0.479238317534211,12.343163572360666,11.847014867713156,-0.49614870464750993,21.920343538581648,22.135569270676896,0.21522573209524865,14.724227187323208,13.445555108347918,-1.2786720789752906
2019-08-09,18.04357120142532,1,27.50959158544491,30.17296569312643,2.66337410768152,10.307502256628595,9.736936016988722,-0.5705662396398736,13.986928736052477,13.424971275543228,-0.5619574605092481,13.582039326079212,13.085197170098894,-0.49684215598031756,22.414542227270957,22.214276744378537,-0.2002654828924193,20.460823077075773,19.627080308416154,-0.8337427686596186
2019-08-16,18.820142690375885,1,27.64232921428632,30.3415427005323,2.6992134862459807,11.77383663953654,11.120862687859997,-0.6529739516765432,14.632279366632375,13.941883097829205,-0.6903962688031697,15.854830085456399,15.7690043189331,-0.08582576652329976,21.97950580411657,21.52674989363898,-0.4527559104775918,21.038075032227113,20.220813443461722,-0.8172615887653905
2019-08-23,19.93293287237963,1,28.26018013948351,31.00260641705549,2.7424262775719797,13.642997589140919,12.955301009686949,-0.68769657945397,15.350863470701327,14.5174036689058,-0.8334598017955273,17.913733650332418,18.12304487627587,0.20931122594345197,23.32554545365663,23.149178110658852,-0.17636734299777856,21.104276930962982,19.850063151694854,-1.2542137792681274
2019-08-30,19.68396746584269,1,27.533246003121576,30.010280011865575,2.477034008743999,14.223596951640985,13.564603418014187,-0.6589935336267985,13.719303335547039,12.704124455078187,-1.0151788804688522,18.53554373234526,19.03054065468646,0.4949969223412012,21.982728024441514,21.47312621686119,-0.5096018075803244,22.109386747959775,21.32113003855052,-0.7882567094092536
2019-09-06,19.70106966579149,1,27.147676293108603,29.513051991362886,2.365375698254283,14.645444274117096,14.058245834370837,-0.5871984397462597,14.356416901355914,13.452185015633376,-0.9042318857225382,18.69240666396786,19.16866209258056,0.47625542861270276,21.613942992979815,21.089833628652187,-0.5241093643276287,21.75053086921966,20.92443943214907,-0.8260914370705876
2019-09-13,19.223208373026868,1,27.124151765931188,29.510126721447506,2.3859749555163177,13.6922656247162,13.121547059818198,-0.5707185648980015,14.018553886954564,13.212383893238112,-0.8061699937164519,17.210230166288213,17.419272258519968,0.20904209223175485,21.822965917149602,21.45766306858404,-0.3653028485655625,21.471082877121447,20.618257236553347,-0.8528256405680992
2019-09-20,21.65967376592623,1,27.859122395451323,28.84745179028924,0.988329394837919,13.031306431758154,11.788286794018234,-1.2430196377399199,14.162513188878862,12.955058325854282,-1.20745486302458,20.68883041315364,20.51156213764206,-0.17726827551157953,30.053595234476035,32.84857793220671,2.794982697730674,24.162674931839362,23.007105615546863,-1.1555693162924996
2019-09-27,18.55409844058579,1,24.011664580332365,24.91911224019765,0.9074476598652836,12.066502358258631,11.139523593598398,-0.9269787646602339,10.145405473577043,9.202595520069323,-0.9428099535077195,19.47582206414839,19.86598193610702,0.39015987195863033,25.192241451402936,26.622157150907412,1.4299156995044768,20.432954715795375,19.575220202634924,-0.8577345131604517
2019-10-04,19.613714351612852,1,25.369180449293495,26.13379037717432,0.7646099278808265,12.219128449034784,11.193892938025613,-1.0252355110091713,11.162896159631146,10.177334987432559,-0.9855611721985866,19.658226427864548,19.70976239344847,0.05153596558392337,27.342591861635626,29.468576118898724,2.1259842572630987,21.93026276221751,20.998929294697476,-0.9313334675200338
2019-10-11,18.970889785856773,1,24.434928048740886,24.973654231945403,0.5387261832045169,10.454903782642546,9.391101196628782,-1.0638025860137645,11.306508437544949,10.458484809794953,-0.8480236277499955,19.469626205947662,19.406385213562572,-0.06324099238509007,27.56432092801009,30.20932387442896,2.6450029464188702,20.595051312254498,19.38638938877999,-1.2086619234745086
2019-10-18,19.960653047725526,1,24.095069272604434,23.939529674226534,-0.15553959837789932,8.839329070259666,7.677038264100361,-1.1622908061593051,12.265055358183133,11.26286591711893,-1.0021894410642034,22.451039777405015,22.437318094767264,-0.013721682637751087,29.739626134382732,33.01618026636494,3.276554131982209,22.37379867351818,21.430986069775102,-0.9428126037430786
2019-10-25,17.58238718525956,1,22.625140198567607,23.312613095024403,0.6874728964567964,7.345186894548391,6.609065558979424,-0.7361213355689671,12.570430985198911,11.993167384275793,-0.5772636009231178,20.161777418622236,20.245360472278364,0.0835830536561275,25.2339545620317,26.86400222259394,1.6300476605622407,17.557833052588506,16.470114378405427,-1.0877186741830798
2019-11-01,15.465360451458631,1,22.59918281207689,24.295640339765626,1.696457527688736,7.388154311159923,6.80742206815934,-0.5807322430005826,12.361084108761375,12.119333930860748,-0.24175017790062725,15.260608361830634,15.248025984555014,-0.012582377275620615,19.64559627669793,19.810073500562837,0.16447722386490682,15.537536838225037,14.511666884848253,-1.0258699533767839
2019-11-08,16.348370986583166,1,21.23618423296591,22.13230478615408,0.8961205531881689,8.992384298977328,8.294337514269344,-0.6980467847079836,14.830564863503042,14.971036069731383,0.14047120622834086,16.27730113228006,16.045367691718127,-0.23193344056193155,21.032856616165375,21.838519087327526,0.805662471162151,15.720934775607276,14.808660770298559,-0.912274005308717
2019-11-15,17.572232288539563,1,24.057072117065914,25.75336418059983,1.6962920635339174,9.920245188624321,9.078214805204581,-0.8420303834197398,16.573794496930304,16.796947657401148,0.22315316047084366,16.326223241407376,15.878542931857467,-0.44768030954990934,21.800791484195685,22.412620491885605,0.61182900768992,16.755267203013787,15.513703664288812,-1.241563538724975
2019-11-22,17.311383778009795,1,23.539602356627086,25.250229217326705,1.7106268606996196,10.030903881174126,9.138539714635286,-0.8923641665388402,17.034257402319028,17.274485498787513,0.24022809646848486,16.630324318795857,16.299861525730222,-0.3304627930656352,21.26303525708809,21.826779264936036,0.5637440078479443,15.370179452054572,14.078407446642998,-1.2917720054115733
2019-11-29,17.85376499580888,1,23.72242996236021,25.21704901646308,1.4946190541028699,10.256079683427856,9.279365362648917,-0.9767143207789388,18.746879861181412,19.495380957729978,0.7485010965485657,16.39337868857892,15.840381347741598,-0.5529973408373223,21.15560665085016,21.522040565178614,0.3664339143284536,16.848215128454726,15.768372725091098,-1.079842403363628
2019-12-06,17.51799136902151,1,24.879732629858154,26.862080934512576,1.9823483046544226,10.228079702949472,9.335182188844826,-0.8928975141046465,17.905087990837686,18.598055402038412,0.6929674112007262,13.96544242852849,13.159509999685966,-0.8059324288425245,21.176473818559785,21.393612997687683,0.21713917912789782,16.953131643395466,15.759506691359604,-1.1936249520358615
2019-12-13,18.524199595270748,1,27.560515019394728,30.257124875981646,2.6966098565869174,10.3679227682656,9.473103490389164,-0.8948192778764366,17.963763441423552,18.59679397653963,0.6330305351160774,14.012719001425083,13.237119101434615,-0.7755998999904676,19.736184166236896,19.052677735253894,-0.6835064309830017,21.50409317487862,20.528378392025473,-0.9757147828531458
2019-12-20,19.23784900130575,1,27.340965664695403,29.738800271694373,2.3978346069989698,10.585012435628144,9.403822236790162,-1.1811901988379816,20.64003692623797,21.799386042130237,1.1593491158922689,15.243923379462316,14.32316330392807,-0.9207600755342469,19.75774882669637,19.19823305740421,-0.5595157692921617,21.859406775114294,20.963689095887446,-0.8957176792268484
2019-12-27,19.193054196226814,1,26.730413462912693,28.94351347142735,2.213100008514658,10.540844447568887,9.44316982398422,-1.0976746235846662,19.87546633426915,20.718347162266156,0.842880827997007,16.520752067179245,15.863002492347007,-0.6577495748322377,20.135175560597077,19.755512712547116,-0.37966284804996064,21.35567330483383,20.434779514789028,-0.9208937900448007
2020-01-03,17.404173236167562,1,25.143313435034187,27.050714594311515,1.9074011592773275,10.100016480594903,9.070518803252526,-1.029497677342377,19.193861532733706,20.131145708119533,0.9372841753858268,14.47398924998376,14.036612905550996,-0.43737634443276363,13.961304449680995,13.008293534335962,-0.9530109153450326,21.55255426897783,21.127753871434876,-0.4248003975429526
2020-01-10,18.735115128649962,1,27.89143277418306,29.951814997761517,2.0603822235784577,10.212928799232202,9.046029995658117,-1.1668988035740853,20.330742996038637,21.254903695076237,0.9241606990375999,14.823075575393986,14.280305266102587,-0.5427703092913987,13.675689732945884,12.468717631079357,-1.2069721018665263,25.476820894105998,25.408919186221937,-0.06790170788406158
2020-01-17,19.37034503173975,1,27.085798794602837,29.01150277752889,1.925703982926052,12.247242541567175,10.96109543445219,-1.286147107114985,21.4113050666097,22.856669201139383,1.445364134529683,15.537533964619584,14.854454579600002,-0.6830793850195818,15.652506947059521,14.535612293346517,-1.116894653713004,24.287682875979684,24.002735904371548,-0.28494697160813587
2020-01-24,21.87123146317947,1,32.15017996976033,34.35974940351488,2.2095694337545524,13.69623699776048,12.241036268541905,-1.455200729218575,21.668206659629917,22.664568982102892,0.9963623224729758,16.131002510588175,15.278998057401182,-0.8520044531869928,16.834702482032895,15.264649504721689,-1.5700529773112066,30.747060159305036,31.418386562794296,0.6713264034892603
2020-01-31,25.303909169702553,1,35.53625688481527,38.09948665673225,2.56322977191698,17.44393264010978,15.316313905788633,-2.127618734321146,26.14472781706999,27.56246895511859,1.4177411380485978,17.73282246025944,16.338666048102866,-1.3941564121565762,20.472676394549808,18.624946107538406,-1.8477302870114016,34.493038821411034,35.881573344934566,1.388534523523532
2020-02-07,24.610042294897585,1,34.35904126691837,37.16345808178836,2.8044168148699953,17.234476202671104,15.121875611813081,-2.1126005908580225,27.1930795786258,29.380087088425157,2.1870075097993578,17.479753477700868,16.139984902755472,-1.3397685749453956,19.398511398219526,17.67253979476,-1.7259716034595272,31.99539184524984,32.18230828984342,0.18691644459357803
2020-02-14,25.523993601054073,1,37.75139837651142,42.97618876557161,5.224790389060189,17.54067098240391,14.991244619322472,-2.5494263630814373,28.970450393677922,31.147404045688845,2.1769536520109227,17.191962103192267,15.686187922896224,-1.5057741802960436,19.505409569433837,17.420305421424104,-2.0851041480097336,32.184070181105085,30.922630831421145,-1.2614393496839398
2020-02-21,24.998801286164678,1,36.50793404238104,40.4438588096404,3.9359247672593654,17.49234066861662,15.118980610471311,-2.373360058145309,28.377612136899984,30.66479846278081,2.2871863258808247,17.365030629750436,16.07664781499311,-1.2883828147573269,17.708639075815924,15.818915160429427,-1.8897239153864973,32.54125116352408,31.86960685867298,-0.6716443048510996
2020-02-28,30.61773368005862,1,43.83854708527224,48.94133825390652,5.102791168634283,16.272091141576496,11.919127575715365,-4.352963565861131,36.72577166746142,38.25170280857616,1.5259311411147394,20.24530347927015,17.430607688179933,-2.814695791090216,24.01025614839793,20.75532436533301,-3.2549317830649187,42.61443255837348,46.40830138864071,3.793868830267229
2020-03-06,31.23899491095357,1,43.69756982322514,48.67355461278146,4.975984789556321,19.773952965089563,15.008057536400472,-4.765895428689092,38.126976126211446,41.48232884071629,3.3553527145048463,20.563235093413297,17.637096277979353,-2.9261388154339443,23.58091183756352,20.353092997700955,-3.2278188398625645,41.691323620218455,44.279839200142916,2.5885155799244615
2020-03-13,40.73108195123228,1,48.248977076906655,50.105602608965725,1.8566255320590699,28.696099196821237,21.288234383628364,-7.407864813192873,49.09660988773883,57.44149643452135,8.344886546782519,31.91866506989075,26.70650789120654,-5.212157178684208,36.15863229250561,32.048525272302136,-4.110107020203472,50.26750818353059,56.79612511676955,6.528616933238965
2020-03-20,40.71420317000348,1,49.831939884257515,52.27619046915711,2.444250584899592,32.844017953752655,24.913094851078483,-7.930923102674171,51.30009061647814,60.755868328087324,9.455777711609187,33.55547817829191,28.738880837380663,-4.816597340911244,24.866773962612413,18.395277518405464,-6.471496444206949,51.886918424628206,59.20590701591179,7.318988591283585
2020-03-27,44.830443905372846,1,54.53204743679751,57.81115019630228,3.2791027595047666,36.53551546268035,26.541983064278114,-9.993532398402238,57.39316570952749,71.6009948766077,14.207829167080213,35.85722746221737,29.092233091739928,-6.764994370477439,28.964302532872296,20.80978375233255,-8.154518780539746,55.700404828142055,63.12651845097652,7.426113622834464
2020-04-03,44.712485647107286,1,54.58779079854506,58.08205793094615,3.4942671324010917,36.54619253730748,26.787975448625666,-9.758217088681818,57.13686815942634,70.64058382642503,13.503715666998687,35.34595786504417,28.75337609789956,-6.592581767144608,29.032025294873037,21.073038452570216,-7.958986842302821,55.626079227447626,62.93788212617704,7.311802898729411
2020-04-10,44.99687961635333,1,52.43262718979805,52.64775557816079,0.21512838836274284,37.96834777767545,28.664545484201753,-9.303802293473694,57.861981372851965,73.0395192269288,15.177537854076839,36.533335588576406,30.11967346561292,-6.413662122963487,29.80596673417392,21.9174151363015,-7.888551597872421,55.379019035044166,63.59236880691421,8.213349771870043
2020-04-17,45.206166655319926,1,51.75673287539305,51.184283031500705,-0.5724498438923433,39.17263937362331,29.869706264267222,-9.30293310935609,58.33305815723377,74.7392028030192,16.406144645785425,36.63569229515039,30.07239223583771,-6.563300059312681,30.050197262143172,22.094570684308493,-7.955626577834678,55.28867996837587,63.27684491298621,7.988164944610347
2020-04-24,45.54654775569741,1,52.50954403286362,53.11276707033098,0.6032230374673588,39.987102271391606,30.99975845567674,-8.987343815714866,58.36704122096231,74.45274315603349,16.085701935071185,36.55087814124983,29.979531387102192,-6.5713467541476405,30.971439399071514,23.069170815237854,-7.90226858383366,54.89328146864555,61.66531564980313,6.772034181157579
2020-05-01,46.414479625740604,1,53.39466258685263,54.74455628334786,1.3498936964952293,42.47695746124652,34.2594104056978,-8.217547055548721,59.0729963760881,75.4607089198614,16.387712543773304,37.32241594556101,30.65881631274231,-6.663599632818702,31.596364007895488,23.551541435529458,-8.04482257236603,54.623481376799916,59.811844397264835,5.188363020464919
2020-05-08,46.65011800575662,1,54.20246209498122,57.16015412680658,2.95769203182536,42.76465307834375,34.52584627637372,-8.238806801970028,58.90666593582592,74.85812025693335,15.951454321107427,37.13016948278186,30.265231931178583,-6.864937551603276,32.570070704227746,24.419472119243963,-8.150598584983783,54.326686738379216,58.671883324003495,4.345196585624279
2020-05-15,46.38694952356951,1,53.29103273001093,56.231518470138035,2.9404857401271016,40.966697299349995,33.14914423269669,-7.8175530666533035,57.267834774065136,71.07895562528718,13.811120851222043,36.896067185702066,30.26876111398022,-6.627306071721847,36.00408334454426,28.740646183070105,-7.263437161474158,53.895981807744704,58.85267151624491,4.956689708500207
2020-05-22,47.2278538780981,1,53.52103831695571,55.72658717587038,2.2055488589146677,41.46797804567236,32.73982134006665,-8.728156705605713,59.2441530655257,77.09017179343579,17.846018727910085,38.25927552125643,30.9842522812648,-7.275023239991626,36.87897727884732,28.997282373327643,-7.88169490551968,53.995701040331106,57.82900830462335,3.8333072642922446
2020-05-29,47.6059100367767,1,53.887994485962,56.14277621196567,2.254781726003671,43.071700182637784,34.55545860209638,-8.516241580541404,59.467596017508,77.20514250073593,17.73754648322793,37.79918341312107,29.938490243920896,-7.860693169200175,37.092259765714,29.077445169825715,-8.014814595888282,54.31672635571735,58.716147492115596,4.399421136398246
2020-06-05,47.93138430831758,1,53.566871601562,55.210549667189184,1.643678065627185,46.00631351453072,39.54283931548524,-6.4634741990454785,59.97451475698899,78.77269955820344,18.798184801214454,37.579946309437986,29.470961425419702,-8.108984884018284,37.24647740697944,29.105955722157063,-8.140521684822374,53.2141822604064,55.48530016145094,2.2711179010445335
2020-06-12,47.533384317339305,1,54.08932089685811,57.838233718868636,3.7489128220105243,45.58051375623425,40.490769732530886,-5.089744023703361,56.30490673163954,67.45134950286013,11.146442771220585,36.50659827188657,29.22812828514804,-7.2784699867385285,39.835750749628815,33.86527905098349,-5.970471698645326,52.88321549778859,56.32654561364466,3.443330115856071
2020-06-19,42.838254249565814,1,46.830692282734375,45.736599083660096,-1.0940931990742797,48.01621311565221,49.3777459219739,1.3615328063216907,53.681297062661244,65.08776983082394,11.4064727681627,36.360777284785364,32.55259891189872,-3.808178372886644,29.216688217320083,23.289839682739654,-5.926848534580429,42.92385753424164,40.984972066298575,-1.9388854679430665
2020-06-26,43.57104708111544,1,46.20517454984577,44.51237843418347,-1.6927961156623041,47.96433094595003,49.16090967557512,1.196578729625088,53.65265663239876,64.83527755511093,11.182620922712175,37.793872426264684,34.551112753781425,-3.2427596724832597,32.86916507433976,27.526594587318968,-5.342570487020794,42.9410828578936,40.84000948072272,-2.101073377170877
2020-07-03,43.00906849966453,1,45.96317989894376,44.74482586827383,-1.2183540306699285,47.30626234317931,48.348991595214315,1.0427292520350022,53.54339028047109,65.31059373036815,11.767203449897067,37.84308383942755,34.95008784871486,-2.8929959907126914,33.01805275546279,27.825541146155757,-5.192511609307033,40.380441880502715,36.87437080926033,-3.5060710712423884
2020-07-10,41.67260767534152,1,46.12804528234943,45.42933942027294,-0.6987058620764941,47.99930443546648,49.92051662897571,1.9212121935092341,52.7399344189814,63.55289325937614,10.812958840394742,31.362509908842185,26.944377866837513,-4.418132042004672,31.964862623975606,27.58638573156381,-4.378476892411797,39.840989382434024,36.602133145023025,-3.2388562374109995
2020-07-17,41.4811136797463,1,45.9812374042943,45.276542931281774,-0.7046944730125233,48.1448758966244,50.26235044985839,2.11747455323399,52.932478834841966,64.0696735651936,11.13719473035163,31.850915640491294,27.791215604768198,-4.059700035723097,32.25483588128492,28.011382336830906,-4.243453544454013,37.72233842094097,33.475517190545006,-4.246821230395966
2020-07-24,40.155200839959434,1,41.88067895373403,38.76890162357004,-3.1117773301639886,47.864470032972626,51.6087895940886,3.7443195611159723,51.5182518045682,62.60609446120123,11.087842656633029,32.810869641855064,29.54979964318659,-3.261069998668475,32.416526418753534,28.452141292313684,-3.9643851264398506,34.440408187873146,29.94547842539646,-4.494929762476687
2020-07-31,38.83905721424346,1,40.962707127860185,38.01116811981919,-2.951539008040996,46.69673191624633,49.912744841949056,3.216012925702728,50.27852473696058,60.43240449949772,10.153879762537144,31.76603308676175,29.106998439051168,-2.659034647710584,31.60971787957753,28.191026093801327,-3.418691785776204,31.720628538054356,27.380001291342253,-4.340627246712103
2020-08-07,37.502000273109054,1,38.83695676495304,35.52231661681464,-3.3146401481383947,45.10974706492411,47.71727020646058,2.6075231415364755,49.65041107780161,60.52146223225506,10.871051154453454,31.713764770768478,29.536336252184313,-2.177428518584165,31.855598249421007,28.91319395305534,-2.942404296365666,27.845523710786097,22.801422377884364,-5.044101332901732
2020-08-14,37.45516541718396,1,39.16465487308213,36.12466161535589,-3.0399932577262376,45.273434042841195,47.92811764834533,2.6546836055041325,49.72556666810251,60.67163963666108,10.946072968558568,31.372989740831898,29.084002063932488,-2.28898767689941,30.890317449086453,27.65308038550424,-3.2372370635822136,28.304029729159595,23.269491153304756,-5.034538575854839
2020-08-21,37.13174580103837,1,37.9481053209394,34.61562632475677,-3.3324789961826298,44.39536253456618,46.73015509395953,2.3347925593933496,49.28837571021709,60.25015254237662,10.96177683215953,32.87403526112713,31.285428656465328,-1.5886066046618055,30.26813284027041,26.979431369537934,-3.2887014707324767,28.016463139109987,22.92968081913405,-5.0867823199759385
2020-08-28,38.10584717229412,1,39.4754487280117,36.3535429409454,-3.1219057870662965,45.76792944081848,48.419541229405624,2.6516117885871466,49.998496634431106,60.72989288316933,10.731396248738221,33.51563655655498,31.84819783240701,-1.6674387241479707,30.975917364808808,27.459351130785734,-3.516566234023074,28.90165430913963,23.824557017051603,-5.077097292088027
2020-09-04,38.035918685067394,1,39.322406212077674,36.18411311711794,-3.138293094959735,45.793126974863725,48.59495541351188,2.8018284386481582,49.79375147594988,60.156960970907996,10.363209494958113,34.28180388560878,33.08681072051918,-1.194993165089599,31.045596533270796,27.483219239122008,-3.5623772941487886,27.978827028633475,22.709452649225327,-5.2693743794081485
2020-09-11,37.943195263135294,1,39.43343297319748,36.493594006890675,-2.9398389663068087,45.20257428382686,47.322635631642314,2.120061347815451,49.96718529070236,60.87412592879845,10.906940638096088,33.32704128748843,31.686963775751295,-1.6400775117371325,30.95073363757514,27.490735671262627,-3.459997966312514,28.778204106021505,23.79111656446638,-4.987087541555127
2020-09-18,38.375037214053165,1,39.73360886976069,36.01001642016985,-3.7235924495908392,46.79684153654746,48.67869438334817,1.8818528468007116,51.88024519651597,64.7435666233894,12.863321426873426,34.41272015347634,33.00150564120139,-1.4112145122749524,31.235720592042227,27.345968112330652,-3.889752479711575,26.1910869359763,20.47047210387953,-5.720614832096771
2020-09-25,38.036848095239236,1,41.80257480615475,40.41631040617631,-1.3862643999784439,46.62769782878728,48.10547740899244,1.4777795802051656,51.5633401450117,63.32282871924587,11.759488574234169,34.002389073632884,32.18836951956811,-1.814019554064771,30.348864986719008,26.3094588300104,-4.039406156708608,23.876221731129803,17.878643687442306,-5.997578043687497
2020-10-02,37.34631402862075,1,41.40517812444633,40.052611459022806,-1.3525666654235238,46.75378243120548,49.063106789608526,2.309324358403046,50.93473711989812,61.877067008641575,10.942329888743458,33.278122769200635,30.929047403063876,-2.349075366136759,30.10207391905591,26.320207452561093,-3.7818664664948187,21.603989807918012,15.835844058826623,-5.7681457490913886
2020-10-09,38.894716928858884,1,42.5564127046592,41.77875013777746,-0.7776625668817445,47.71651323908751,50.858207024337354,3.141693785249842,50.181074062298485,58.51382161022615,8.332747547927667,35.9471342382037,34.03606278784601,-1.9110714503576958,34.53438372364765,31.800862620851404,-2.733521102796246,22.432783605256745,16.38059739211495,-6.052186213141795
2020-10-16,36.534342626723564,1,42.366425742213806,42.80837612283288,0.4419503806190761,45.70442120140928,47.61154426198936,1.9071230605800764,49.860211287695755,60.12953680402594,10.269325516330184,29.77394596878034,25.73954037025223,-4.03440559852811,30.673600219836956,27.5302189328699,-3.143381286967056,20.82745134040522,15.386839268371077,-5.440612072034142
2020-10-23,36.376382732492594,1,37.38646886363729,34.260478850604144,-3.125990013033146,46.37339879812141,49.978191685617894,3.6047928874964867,50.15678192312202,62.114417918919095,11.957635995797077,28.187683380033803,23.644267516947423,-4.543415863086381,32.103090265761935,29.96483208064069,-2.138258185121245,24.050873164279082,18.296108342226333,-5.754764822052749
2020-10-30,35.942209111556615,1,34.04156032019611,29.408182429730246,-4.633377890465866,45.95691671743206,49.77490631033978,3.817989592907722,49.90081129855239,61.944246233113056,12.043434934560665,27.32045947209187,22.90083966026684,-4.419619811825029,30.88416069560334,29.095557669155554,-1.7886030264477881,27.54934616546393,22.529522366734255,-5.019823798729675
2020-11-06,36.45246961021581,1,34.75814499101794,29.803658025065474,-4.954486965952469,47.87336853006068,52.998421291529034,5.125052761468353,51.150508883525276,63.65755132127421,12.507042437748936,28.14644513010677,23.50967485619327,-4.636770273913498,31.295496571736138,29.090260872999195,-2.205235698736942,25.490853554848016,19.655251294233608,-5.835602260614408
2020-11-13,47.56604155264818,5,58.452296922646326,72.21556705881862,13.763270136172295,45.621144554120775,42.243663702079616,-3.3774808520411597,51.73367721414396,55.130397679255715,3.3967204651117555,37.59643996021169,30.096700853517937,-7.499739106693752,50.59104258536823,49.0611697922389,-1.5298727931293286,41.40164807939808,36.648750229978255,-4.752897849419824
2020-11-20,36.42944039173832,1,36.28588942600918,32.493304644819816,-3.792584781189362,45.77365890369861,48.73893577891025,2.965276875211643,50.36559929081578,62.583699373979826,12.218100083164046,29.579695121648456,25.559363377656197,-4.020331743992259,32.15149453918731,30.482721785143212,-1.6687727540440989,24.420305069070608,18.718617389920624,-5.701687679149984
2020-11-27,37.90318118218164,1,40.19857202717364,38.49558999925249,-1.702982027921152,47.798702766711784,52.32955491823904,4.530852151527256,50.93701047091686,62.14616073288026,11.209150261963401,27.10885847725939,21.17755842825457,-5.931300049004818,36.14475066039843,34.29964221276458,-1.845108447633848,25.23119269062977,18.970580801698944,-6.260611888930825
2020-12-04,38.744972711032034,1,41.26362327040092,40.36267077886709,-0.900952491533829,48.65014830448835,54.566811456080494,5.916663151592147,50.12846725252588,59.00968954973409,8.881222297208211,28.41410303217137,22.639360964876374,-5.774742067294994,35.935002195009176,34.10982395676464,-1.8251782382445327,28.07849221159654,21.78147955986958,-6.297012651726959
2020-12-11,34.42143695324324,1,36.757826226732384,35.714265938597684,-1.0435602881346995,43.75420931955104,47.91383075387698,4.159621434325942,45.30984298438334,52.355653709737226,7.045810725353888,23.381751707114887,18.558286017708568,-4.823465689406319,34.028131155152764,33.81034684177024,-0.21778431338252346,23.296860326525035,18.17623845776876,-5.120621868756274
2020-12-18,29.702554491144188,1,32.658551199568905,31.814763759447544,-0.8437874401213605,40.762574345278466,45.19790344886951,4.4353291035910445,42.99598859492547,50.758532840915116,7.762544245989645,19.522947650922717,15.65922804397728,-3.8637196069454376,24.025778811200453,20.84430058091523,-3.1814782302852223,18.249486344969142,13.940598272740417,-4.308888072228726
2020-12-25,28.882811652758175,1,31.454195613865707,30.585980803784338,-0.8682148100813691,39.172463059519615,42.624012523432754,3.451549463913139,42.28324515213655,50.09822146854929,7.814976316412739,21.113527776715657,17.527814863648402,-3.5857129130672547,22.63696875872178,19.677745262864207,-2.9592234958575716,16.636469555589755,12.783094994270058,-3.853374561319697
2021-01-01,29.549388730752337,1,32.07573516127685,31.109397013219706,-0.9663381480571474,38.67695439646322,41.34192723050527,2.6649728340420467,42.984275963101005,51.402703582904756,8.41842761980375,23.748483505231107,20.315258093895054,-3.4332254113360534,24.835360714689827,22.018719825190033,-2.8166408894997943,14.975522643752015,11.108326638799198,-3.8671960049528167
2021-01-08,28.654890869691513,1,31.432535762903683,31.336502061886733,-0.09603370101694964,35.252880875443935,35.592289629768445,0.33940875432450923,40.91819493181205,48.000318796445725,7.082123864633672,24.263195111686258,21.697141862225862,-2.5660532494603956,25.791709147689403,24.117316686010867,-1.6743924616785364,14.270829388613748,11.185776181811434,-3.085053206802314
2021-01-15,29.617361095736317,1,31.554597697434957,30.777563768266575,-0.7770339291683825,36.61897272967451,37.38796308041441,0.7689903507398981,42.37981796036914,50.42790997598877,8.04809201561963,25.79121267598798,22.947996040301746,-2.8432166356862325,26.459796355883782,24.677326820248027,-1.7824695356357552,14.899769155067531,11.485406889198359,-3.4143622658691726
2021-01-22,30.26748393095316,1,33.28719080080775,33.38080354248682,0.09361274167906686,36.84420465516318,36.9534590845804,0.10925442941721997,43.32913926958332,52.15902280796813,8.829883538384806,25.86749676270945,22.723305385554355,-3.144191377155096,27.37536659845918,25.192587017241834,-2.1827795812173463,14.901505498996059,11.195725747887366,-3.705779751108693
2021-01-29,31.558759475144097,1,34.88574446131395,35.37168923033161,0.4859447690176637,37.659723795200016,37.625356219387065,-0.03436757581295069,44.454334713865286,53.88711858813634,9.432783874271053,27.561796062819226,24.493742599640797,-3.0680534631784298,27.600774520799334,24.915504628779615,-2.6852698920197184,17.190183296866735,13.059145584589075,-4.13103771227766
2021-02-05,28.24625283081264,1,30.916886435194087,30.651523859123245,-0.26536257607084224,37.6479660561454,39.31870870209192,1.6707426459465182,41.87976653946793,49.85877487329228,7.979008333824353,19.99892300587655,16.688478864262933,-3.3104441416136154,23.61620065064956,21.285186676356545,-2.3310139742930147,15.417774297542309,11.674844009748938,-3.742930287793371
2021-02-12,25.615079134031998,1,28.835694862653128,29.287906326540806,0.45221146388767863,28.339478288997725,28.109908613708512,-0.22956967528921268,35.36336165882729,40.69933103431555,5.335969375488261,21.636966398096433,19.20737023554429,-2.4295961625521443,26.699986114717504,26.116862558176933,-0.5831235565405706,12.814987480899916,10.269096035905918,-2.545891444993998
2021-02-19,21.95757337648692,5,13.679142570240103,12.684856087980776,-0.9942864822593265,36.86876643719179,42.714652677651365,5.845886240459578,18.235093120776938,16.51586486955499,-1.7192282512219492,10.84460360831234,10.013191734170235,-0.8314118741421055,20.07312515581974,17.684138239637292,-2.3889869161824464,32.04470936658062,32.13273664992694,0.08802728334632093
2021-02-26,16.57839170626028,1,18.42957369665052,17.168445826032823,-1.261127870617699,15.703352330724528,14.524157834635758,-1.179194496088769,25.018855680664487,26.62729719531677,1.6084415146522844,9.07232492168906,7.522792542918751,-1.5495323787703086,27.236177014640475,30.358986788896033,3.1228097742555576,4.010066593192619,3.268670049761539,-0.7413965434310796
2021-03-05,16.32182416349539,1,19.059815715092157,18.091640100027647,-0.96817561506451,13.55995153996298,12.138274556931037,-1.4216769830319436,25.224880684534313,26.725870299919862,1.5009896153855493,8.85080140298949,7.242166143645619,-1.6086352593438704,27.850319822718077,30.95424274001404,3.103922917295961,3.385175815675325,2.7787511404341387,-0.6064246752411862
2021-03-12,15.313332472795098,1,16.188544050998075,14.940272099830082,-1.2482719511679932,12.102282245712047,10.667344523003123,-1.4349377227089235,24.82158318884983,26.56939239551339,1.747809206663561,8.975195220943391,7.489554055698264,-1.4856411652451271,26.728317503679705,29.69351244942456,2.965194945744855,3.0640726265875458,2.5199193133012017,-0.5441533132863441
2021-03-19,14.700907241320872,1,20.463674561133146,19.991990513659346,-0.47168404747380066,12.388490767915414,11.261050730651945,-1.1274400372634688,18.18371940416354,17.916896442836077,-0.2668229613274633,7.095596096250603,6.0635683432739995,-1.032027752976603,26.896529198917932,30.270746484002956,3.374217285085024,3.177433419544599,2.701190933500939,-0.4762424860436596
2021-03-26,15.287555329504208,1,20.99556086918021,20.826355982500914,-0.1692048866792959,12.77221174681236,11.55362516320504,-1.218586583607319,18.98456075236139,18.765341216303,-0.2192195360583895,8.005081846580737,6.910591396160697,-1.0944904504200395,27.004022340804028,30.26106728906808,3.2570449482640527,3.9638944212865255,3.4083509297874883,-0.5555434914990371
2021-04-02,15.198270122475861,1,20.955483183178814,20.88407512901668,-0.07140805416213425,12.529609659832815,11.321150743690026,-1.2084589161427886,18.73262296058273,18.44065045660784,-0.2919725039748897,7.743818166616975,6.6648928934079805,-1.078925273208995,26.892757044320234,30.146242128255736,3.2534850839355016,4.3353297203236,3.7326093838769197,-0.60272033644668
2021-04-09,14.267260896273525,1,20.271413890705347,20.282295909025308,0.010882018319961162,11.376162279918518,10.239158326393735,-1.1370039535247827,17.347207487285388,16.90875460006997,-0.4384528872154192,5.951190420064208,5.030719428542071,-0.9204709915221372,26.09365583855856,29.2479548869985,3.1542990484399382,4.563935461109125,3.894682226611522,-0.669253234497603
2021-04-16,15.201252093823257,1,21.26964193721942,21.5979986130462,0.3283566758267824,13.609668121427774,12.547187940287628,-1.0624801811401454,19.073900903145258,19.083350777814744,0.009449874669485325,5.976719053114266,5.003966891969071,-0.9727521611451948,25.726157967200066,28.225545365610728,2.4993873984106614,5.551424580832759,4.749462974211184,-0.8019616066215747
2021-04-23,14.596286618058912,1,17.485919855177514,16.63402361438102,-0.8518962407964921,11.010514327031132,9.69578894984258,-1.3147253771885516,19.406339543343847,19.52453013690247,0.11819059355862294,7.952993844135506,6.827506075986875,-1.1254877681486306,26.663091556310277,30.47645675680178,3.8133652004915035,5.058860582355194,4.419414174438728,-0.6394464079164663
2021-04-30,13.818166991175657,1,17.565236601103123,16.891152968057483,-0.6740836330456403,9.426502252743731,8.213181833864127,-1.2133204188796043,16.895247692870683,16.497007545564145,-0.398240147306538,7.872959107831292,6.903412966459939,-0.9695461413713531,26.04333285921892,29.900278664503276,3.8569458052843544,5.105723433286187,4.503967968604968,-0.6017554646812187
2021-05-07,12.674672967461506,1,14.8777088474409,14.20648305234836,-0.6712257950925391,7.932466892650083,6.972585363385875,-0.9598815292642087,16.298508445448675,16.123398716626085,-0.17510972882259068,8.319738780286926,7.469655952149225,-0.8500828281377011,23.701261176501916,26.874785951072525,3.173524774570609,4.918353662440538,4.401128769186968,-0.5172248932535695
2021-05-14,9.007106928088149,1,12.652195571297781,12.237074339891436,-0.4151212314063457,5.216986765942423,4.636257574410536,-0.5807291915318871,10.241031447633858,9.602582373248524,-0.6384490743853348,2.390505908575477,2.087433706349202,-0.30307220222627507,19.384924168012517,21.658217276727555,2.2732931087150376,4.156997707066836,3.8210762979016692,-0.33592140916516655
2021-05-21,10.276829346470612,1,12.143795378012356,11.321186023845584,-0.8226093541667723,4.695053220869511,3.9394651039867767,-0.7555881168827341,14.446803445657167,13.579334311167614,-0.8674691344895535,3.55182780016014,3.077869531160232,-0.4739582689999082,22.804940628967103,26.073733173035436,3.268792544068333,4.018555605157388,3.6693879356280235,-0.34916766952936484
2021-05-28,10.262345848292762,1,12.532453061479345,11.865889998456893,-0.6665630630224513,4.561019965922711,3.9436739573922353,-0.6173460085304754,14.459066973923527,13.984579279847821,-0.47448769407570524,3.7620331072691897,3.304018894221997,-0.4580142130471927,21.535295959435842,24.14598528530638,2.6106893258705384,4.724206021725962,4.3299276745312625,-0.39427834719469956
2021-06-04,10.285280622288104,1,12.58108293302179,11.91949370881791,-0.6615892242038797,4.480886806626742,3.8542746265347603,-0.6266121800919819,14.465668805076149,13.979352286094993,-0.48631651898115535,3.792576909722186,3.3332413432879946,-0.4593355664341914,21.608496970424397,24.243792313386308,2.6352953429619106,4.7829713088573556,4.381529455606625,-0.4014418532507307
2021-06-11,10.262835068652954,1,12.674679069007794,12.137837718704446,-0.536841350303348,4.074746837519811,3.6474413848771974,-0.42730545264261366,14.418083272591275,14.051394034995695,-0.3666892375955797,3.512636572791962,3.098235117169679,-0.4144014556222828,20.691609810996823,22.85419358787553,2.162583776878705,6.2052548490100605,5.787908568295222,-0.41734628071483826
2021-06-18,10.696997638393627,1,13.016215804327246,12.513445747811161,-0.5027700565160842,4.315620559257027,3.8740632086959863,-0.44155735056104106,14.695619145613918,14.452583729368541,-0.24303541624537672,4.897086163090165,4.373075350478317,-0.5240108126118486,20.757865329267347,22.904719028720933,2.1468536994535867,6.499578828806065,6.064098765286843,-0.43548006351922197
2021-06-25,45.09905178465104,6,36.27965019056938,23.506063500174797,-12.77358669039458,63.06006074620477,83.68537923900148,20.62531849279671,30.422315340625545,19.756208019626115,-10.66610732099943,26.455863419240714,17.48799313338955,-8.967870285851163,54.892656783113374,57.19071022053557,2.2980534374221975,59.48376422815248,68.96795659517875,9.484192367026267
2021-07-02,13.080801001556038,1,18.062367409931866,18.42842365757143,0.36605624763956257,3.0320520029806204,2.5961487237337053,-0.4359032792469151,18.800400872844946,19.05877836590544,0.2583774930604932,8.49361859623859,7.560825994308246,-0.9327926019303447,21.861699104843254,23.355526831507134,1.4938277266638806,8.234668022496948,7.4851024363102425,-0.749565586186705
2021-07-09,12.424764869991286,1,16.894130852772236,17.224433739124066,0.3303028863518307,2.8233034080189015,2.4617983796909044,-0.361505028327997,19.109477515708107,19.72297637650277,0.6134988607946639,7.9370694226040115,7.066205276271916,-0.8708641463320959,20.371728333561563,21.35007759506746,0.9783492615058975,7.412879687282896,6.7230978532905965,-0.6897818339922992
2021-07-16,12.917511427181767,1,18.06861167294342,18.854822226773365,0.786210553829946,2.4702819308065216,2.1047997708136137,-0.3654821599929079,18.688979155558584,19.279353537120016,0.590374381561432,7.926752788372809,7.044434324118626,-0.8823184642541833,19.534173320466564,20.248212720928763,0.7140394004621982,10.816269694942704,9.97344598333622,-0.842823711606485
2021-07-23,13.229938209755831,1,18.72156508314798,19.605181248301193,0.8836161651532137,2.2463408684861292,1.929947452382038,-0.31639341610409133,19.287203856958612,19.57478865083762,0.28758479387900593,7.509431827534911,6.683261488787352,-0.8261703387475592,21.295697950216137,22.2576005369187,0.9619025867025641,10.319389672191221,9.328849881308116,-0.9905397908831048
2021-07-30,12.744762575500355,1,17.621671126720145,18.29461387125832,0.6729427445381759,2.4540938067639217,2.121537953473421,-0.33255585329050064,18.996999114746544,19.35497823743509,0.3579791226885476,6.971592482020782,6.18777607829621,-0.7838164037245718,20.7968952974729,21.73090043431597,0.9340051368430693,9.627323625277839,8.778768878223104,-0.8485547470547345
2021-08-06,9.874851038717667,1,13.498486142905477,14.03343396311513,0.534947820209652,3.257667459030614,2.987823523209812,-0.269843935820802,13.265082468471093,13.534826589247771,0.26974412077667864,7.740013427766954,7.3703094770283,-0.3697039507386535,12.984079762833375,13.256923294623675,0.27284353179030063,8.503776971298493,8.065789385081302,-0.43798758621719003
2021-08-13,8.77007471697493,1,13.578435857535752,14.293388324178991,0.7149524666432399,2.93747698226764,2.7362337381066055,-0.20124324416103434,9.011286683978483,8.879772199783304,-0.1315144841951792,7.41337932916862,7.212450911062405,-0.20092841810621564,10.696932812463103,10.886117708943814,0.18918489648071102,8.98293663643598,8.612485419774444,-0.3704512166615359
2021-08-20,8.777469474295366,1,13.52995772582939,14.22649802904617,0.6965403032167785,2.9528205641870784,2.75564632273786,-0.19717424144921836,8.992484688581015,8.881233759861857,-0.11125092871915854,7.780489049805951,7.609209247335485,-0.17127980247046537,10.138464547663645,10.260709595903407,0.1222450482397619,9.270600269705113,8.931519890887444,-0.3390803788176697
2021-08-27,8.070654868805093,1,12.906309862196451,13.538183035830329,0.6318731736338776,2.2146434761199174,2.075075026564903,-0.13956844955501424,8.260352055032072,8.172867554877811,-0.08748450015426101,7.026516574315124,6.842311666018617,-0.1842049082965076,8.777192422970856,8.843478992287558,0.06628656931670207,9.238914822196136,8.952012937251311,-0.28690188494482527
2021-09-03,8.00515389384521,1,11.924356248512154,12.34594331515892,0.42158706664676515,3.623968182774931,3.4713721147247867,-0.15259606805014414,8.422571273577915,8.427058936824878,0.00448766324696237,7.860614685535552,7.873868522639967,0.013253837104414856,6.731496435367589,6.591316360545534,-0.1401800748220552,9.467916537303111,9.321364113177154,-0.14655242412595726
2021-09-10,8.168858728509564,1,11.860414292980565,12.255787261902483,0.39537296892191875,3.642869213951556,3.4848182949911575,-0.1580509189603987,9.423694943335349,9.518010572486588,0.09431562915123948,7.946601089462618,7.929566293933149,-0.017034795529468738,6.780914636602915,6.619601575904355,-0.16131306069856066,9.358658194724384,9.205368371839654,-0.15328982288473014
2021-09-17,8.09389721125146,1,11.553504177659178,11.917421027800756,0.36391685014157815,3.541604005810626,3.378859703594429,-0.16274430221619696,9.616869268973161,9.734136007439105,0.11726673846594338,8.074001540789723,8.07444743320049,0.0004458924107666462,6.7112752289387885,6.541092483089145,-0.17018274584964388,9.066129045337291,8.917426612384858,-0.14870243295243313
2021-09-24,12.273708858114404,1,15.047814288501698,15.385300875561953,0.3374865870602548,7.03853538590441,6.479129554343075,-0.5594058315613353,11.233788118378783,10.974808343475743,-0.2589797749030396,14.759743209439776,15.430811836293259,0.6710686268534829,12.097205116575722,11.979183859660921,-0.11802125691480114,13.465167029886032,13.39301867935147,-0.0721483505345617
2021-10-01,11.956413440088177,1,15.733978192357938,16.193336984341343,0.459358791983405,6.438043808646967,5.979559163503353,-0.45848464514361353,10.635660118877368,10.210614291861589,-0.4250458270157793,13.203258536722032,13.66433424991591,0.4610757131938783,10.463961947308846,10.09682801056887,-0.3671339367399753,15.263578036615911,15.593807940338024,0.33022990372211325
2021-10-08,12.543397084567644,1,18.140732226357144,18.971961860716846,0.8312296343597012,6.6474603701187505,6.023719048604093,-0.6237413215146574,6.315483787798456,5.657947564540024,-0.6575362232584325,15.777093107747277,16.42347907192979,0.6463859641825138,12.257489558714411,11.847828469213226,-0.40966108950118496,16.122123456669826,16.33544649240187,0.2133230357320457
2021-10-15,10.83318479972331,1,16.917095797095016,17.577744130913175,0.660648333818159,4.981611496517004,4.596026744737557,-0.3855847517794473,5.714704130354647,5.089144183390189,-0.6255599469644579,12.43659349014112,12.639112346099026,0.20251885595790498,8.011319221654176,7.374861868599766,-0.6364573530544106,16.937784662577897,17.722219524600106,0.7844348620222092
2021-10-22,11.48416030149532,1,18.860829668503584,19.77498954363469,0.9141598751311051,4.006938871911203,3.7352437118239266,-0.2716951600872761,7.093489741561939,6.268367067774108,-0.8251226737878312,10.410429232644702,10.188748816103,-0.22168041654170167,9.12741403888252,8.290674623848616,-0.8367394150339038,19.40586025546797,20.646938045787564,1.2410777903195935
2021-10-29,11.465058405799516,1,18.400613759963576,19.149878205120743,0.7492644451571664,5.2931382222074745,5.083093304324095,-0.21004491788337987,8.648982932167058,7.751936639658737,-0.8970462925083211,8.345708408387026,8.119104491104551,-0.22660391728247475,8.446146966081145,7.6146784843152915,-0.8314684817658531,19.65576014599081,21.071659310273716,1.415899164282905
2021-11-05,10.453269380614778,1,16.933463485055185,17.169145654687256,0.23568216963207078,5.74357127801261,5.6569290559894085,-0.08664222202320104,5.441353298432887,4.721847222027918,-0.7195060764049686,6.946308510895875,6.869138542624185,-0.07716996827168998,8.24810810284339,7.351569837675541,-0.8965382651678482,19.40681160844872,20.950985970684343,1.5441743622356228
2021-11-12,10.905240081451444,1,16.372482519372795,16.41729482677188,0.04481230739908426,7.175563443235191,7.152265291768316,-0.023298151466875083,6.747091538937184,6.080904186550697,-0.666187352386487,7.206138210514553,7.082877991821462,-0.12326021869309045,8.497407920765681,7.666969388410422,-0.8304385323552594,19.432756855883255,21.03112880338591,1.598371947502656
2021-11-19,10.725405826695381,1,16.101958226543417,16.14626712106289,0.044308894519474507,7.6019972436579195,7.601711779208145,-0.00028546444977450847,6.81053239672913,6.117019831350831,-0.693512565378299,7.1686000274097665,7.053250845342546,-0.11534918206722011,7.565409354811052,6.765281473832047,-0.8001278809790051,19.103937711021004,20.668903909375814,1.56496619835481
2021-11-26,11.666170212852842,1,17.939456466922522,18.333681874483943,0.39422540756142155,8.017688336053993,7.952450571930555,-0.06523776412343807,4.793125486951382,4.271736986896855,-0.5213885000545275,8.019660245880928,7.878799625307266,-0.14086062057366178,12.282144469815748,11.705750596416777,-0.5763938733989704,18.944946271492483,19.854601622081645,0.909655350589162
2021-12-03,10.98311673251068,1,15.552759542958057,15.451534151782212,-0.10122539117584495,6.475572903778044,6.310695556505365,-0.16487734727267878,4.5353073829851525,4.021775997328547,-0.5135313856566057,8.467056343429917,8.404658115371916,-0.06239822805800088,12.125047372677926,11.664900933455598,-0.4601464392223278,18.742956849234986,20.04513564062043,1.302178791385444
2021-12-10,11.17208490435089,1,15.352963210650529,15.221787905553924,-0.1311753050966047,7.632978911847076,7.516293049790107,-0.1166858620569684,4.94131389612987,4.42778610672201,-0.5135277894078598,8.743779866815146,8.716705349327626,-0.02707451748752021,11.690172182303186,11.150072127574035,-0.5401000547291517,18.67130135835953,19.99986488713762,1.3285635287780906
2021-12-17,10.502897109009226,1,11.867789306393604,11.446656052180757,-0.4211332542128474,9.677009091432964,9.703389870911025,0.02638077947806039,5.998841645708268,5.618368283363367,-0.38047336234490103,9.564743621961611,9.611074699560206,0.04633107759859456,9.741947513601517,9.386016357349689,-0.3559311562518275,16.16705147495739,17.25187739069031,1.084825915732921
2021-12-24,10.738487681455078,1,11.669614473643747,11.083726643735645,-0.5858878299081027,7.95250379674917,7.7995722641188365,-0.15293153263033332,6.6562485244693335,6.225437006807056,-0.43081151766227777,9.52803651697812,9.64674239211574,0.11870587513762132,11.09944561100238,10.725393146189589,-0.37405246481279164,17.525077165887723,18.950054635763607,1.4249774698758841
2021-12-31,10.508329866635956,1,11.433934419459561,10.87221562489394,-0.5617187945656212,7.502674304509199,7.347871858618532,-0.15480244589066672,6.74799600410627,6.347831559580783,-0.40016444452548683,9.159113598935434,9.257472659600339,0.09835906066490452,11.025281427309167,10.694455819872204,-0.33082560743696376,17.180979445496106,18.53013167724997,1.3491522317538625
2022-01-07,8.101156703084138,1,7.654938384743204,7.471134836276576,-0.18380354846662783,6.227371281742165,5.85711056331202,-0.37026071843014563,6.757292178148575,6.471770992072834,-0.28552118607574073,12.143171556025322,12.94503106698076,0.8018595109554383,5.759619686638501,5.478612080124876,-0.2810076065136258,10.064547131207064,10.383280679737794,0.3187335485307301
2022-01-14,7.4418498567989415,1,6.364538728508961,6.214624473678299,-0.14991425483066223,5.953542922651451,5.577022672487956,-0.37652025016349455,6.442612610228423,6.184232159945694,-0.25838045028272916,12.207706403092985,13.053949631711404,0.8462432286184196,5.252244384071517,5.018178770249747,-0.2340656138217696,8.43045409224031,8.603091432720575,0.17263734048026436
2022-01-21,7.065642627842429,1,6.538460616172742,6.418387158415641,-0.12007345775710121,5.548226924222433,5.2276553735884335,-0.3205715506339999,5.220098830030324,4.987359631899494,-0.23273919813082955,11.255128805654891,11.963901264111115,0.7087724584562238,5.630524610335826,5.453864524477325,-0.1766600858585008,8.201415980638359,8.34268781456258,0.14127183392422182
2022-01-28,7.469755309725298,1,8.018376622950413,7.932221957423863,-0.08615466552654993,5.2664625382353165,4.962531110123251,-0.3039314281120653,6.558520254623232,6.380882047002245,-0.17763820762098703,10.937329447373628,11.553296536717042,0.6159670893434139,4.992148382634539,4.785947615793518,-0.20620076684102173,9.04569461253466,9.203652591291899,0.1579579787572385
2022-02-11,9.121132341374569,1,9.556494111694988,9.381186076355448,-0.17530803533954042,7.109013953116943,6.4616091422245745,-0.6474048108923682,8.340975883962017,8.001903692794215,-0.3390721911678014,15.853975965713431,17.346835826524725,1.4928598608112935,4.84114503131228,4.567356120590034,-0.27378891072224576,9.025189102447754,8.967903189758445,-0.05728591268930927
2022-02-18,10.343832354273275,1,6.883948802564561,6.069687079556957,-0.8142617230076041,4.243386178824565,3.639527695002954,-0.603858483821611,5.925732522127419,5.466997368966787,-0.4587351531606316,17.993755184398736,18.899339456176563,0.9055842717778262,7.614069214893377,7.004699266526515,-0.6093699483668615,19.40210222283099,20.982743259409887,1.5806410365788963
2022-02-25,9.643086712696906,1,7.821885070974531,7.323275487011429,-0.49860958396310195,4.184357479866847,3.6702102087188564,-0.5141472711479906,6.219405607419532,5.917042947989273,-0.3023626594302584,16.27316115610455,17.128486010790382,0.8553248546858327,6.5726085848962015,6.064969568035579,-0.5076390168606224,16.787102376919776,17.754536053635917,0.9674336767161407
2022-03-04,9.35917965512028,1,9.66269052557908,9.19030834072582,-0.47238218485325945,4.649673794091186,4.168074505528153,-0.48159928856303225,4.067311498272474,3.7575812488233282,-0.30973024944914584,14.777763173912064,15.51582860318534,0.7380654292732771,6.898934276104725,6.451951275902445,-0.4469830002022803,16.09870466276216,17.071333956556614,0.972629293794455
2022-03-11,9.03470915486004,1,8.742252091762921,8.595689245325318,-0.14656284643760387,5.633878568114696,5.221708913508081,-0.4121696546066147,5.356872485145075,5.077747465178149,-0.2791250199669264,13.968268410136432,14.64562489445531,0.677356484318878,6.718930159459177,6.36484207786215,-0.35408808159702687,13.788053214541947,14.30264233283124,0.5145891182892939
2022-03-18,6.957825937064693,1,7.49096345709728,7.544218148005456,0.05325469090817592,5.835300375045961,5.591794916247693,-0.24350545879826768,5.772865224404953,5.634806130113446,-0.1380590942915063,10.76901345057665,11.317121711477,0.5481082609003494,4.771175365702462,4.6330228105154845,-0.1381525551869771,7.107637749560851,7.0259919060290486,-0.0816458435318026
2022-03-25,7.248379620614469,1,7.89244047074493,7.955604399912005,0.06316392916707514,6.259198639212116,5.992206719958844,-0.2669919192532717,6.003191566445963,5.871381647851393,-0.1318099185945698,11.270188357782871,11.87850103930434,0.6083126815214683,4.984972093127155,4.836240719910947,-0.14873137321620788,7.0802865963737815,6.956343196749259,-0.1239433996245225
2022-04-01,7.647697980931125,1,8.28967177410064,8.36933356271237,0.07966178861173034,8.098437189358464,7.911364990510606,-0.18707219884785786,6.1012931225268545,5.99657449998945,-0.10471862253740483,11.321169912083334,11.834007847654533,0.5128379355711985,5.181709437544754,5.032600524380982,-0.14910891316377217,6.893906449972704,6.742306460338796,-0.1515999896339082
2022-04-08,29.771078036589017,5,29.725122654116646,30.62492427889383,0.899801624777183,33.562273067777056,34.53246293456881,0.9701898667917561,25.357785712108722,22.96500992684082,-2.392775785267901,35.97017199401478,39.25151915775365,3.2813471637388716,28.913958842321904,27.521898160791352,-1.3920606815305518,25.097155949195,23.73065376068567,-1.3665021885093296
2022-04-15,7.991628986650544,1,8.471812151513348,8.529406352555725,0.057594201042377335,9.233249368869636,9.209697926102422,-0.023551442767214326,7.308989778498301,7.242924203703751,-0.06606557479454978,11.057790560811483,11.480299684085239,0.42250912327375545,6.057170390753953,5.895264789880301,-0.16190560087365213,5.8207616694565445,5.592180963575828,-0.22858070588071655
2022-04-22,7.229369096749889,1,6.1280330628341915,6.01739712844099,-0.1106359343932013,9.128034599114741,9.160837968784833,0.03280336967009134,5.875727673012705,5.7410642589012895,-0.13466341411141514,11.409852823116509,11.989246741880365,0.5793939187638557,6.041816879145813,5.937914298592062,-0.10390258055375057,4.792749543275377,4.529754183899783,-0.26299535937559426
2022-04-29,8.297839717748152,1,8.870716873340498,8.96271648376289,0.09199961042239124,9.180999128787107,8.822704688811172,-0.3582944399759356,5.084362439585107,4.870218053408308,-0.2141443861767982,14.314753141331536,15.404407094907484,1.0896539535759473,6.262545322651363,6.027455229925806,-0.2350900927255566,6.0736614007932985,5.699536755673236,-0.3741246451200624
2022-05-13,9.491261049185951,1,9.17243425037907,8.791973480201534,-0.3804607701775353,10.76466693804069,10.239391165646012,-0.5252757723946786,3.7943953021752037,3.580193988305595,-0.2142013138696086,17.074641612382933,18.361656183828714,1.2870145714457806,3.154759117769501,2.9341592038921362,-0.22059991387736488,12.986669074368308,13.040192273241729,0.05352319887342105
2022-05-20,9.434384035836958,1,10.424778923001398,10.086835562029222,-0.3379433609721758,9.000602362541883,8.422450139108719,-0.5781522234331646,3.537085686430899,3.339266136122646,-0.19781955030825316,16.635681945602883,17.838396565106848,1.2027146195039649,3.3856155867265016,3.181158353947808,-0.20445723277869376,13.622539710718186,13.738197458706509,0.11565774798832251
2022-05-27,8.974747507528617,1,9.613356260468436,9.393654092713831,-0.21970216775460472,9.945676177366309,9.534222539518822,-0.4114536378474867,3.453607072359887,3.2851401362647437,-0.16846693609514318,16.229571681059383,17.43081568395249,1.2012440028931053,3.249624894652129,3.0483058451985414,-0.2013190494535877,11.356648959265556,11.156346747523287,-0.2003022117422688
2022-06-03,9.075710100533819,1,7.274037552092338,6.924377546983095,-0.3496600051092429,9.224772404754816,8.740174319428903,-0.48459808532591353,4.60234387956838,4.374636123966837,-0.22770775560154277,16.964533250016245,18.11587399231402,1.1513407422977764,2.5415390686378316,2.374418475063578,-0.16712059357425346,13.8470344481333,13.92478014544649,0.07774569731319048
2022-06-10,8.584113381508422,1,6.36015034712878,5.99341486552845,-0.36673548160032965,9.389753745279563,8.94584171704625,-0.44391202823331355,3.7708030572367193,3.5736158430956664,-0.1971872141410529,16.92655498330967,18.20416145881704,1.277606475507369,2.314778449872165,2.169139567872179,-0.14563888199998587,12.742639706223628,12.618506836690926,-0.1241328695327013
2022-06-17,9.23834334018023,1,6.613771123378299,6.022518735358233,-0.5912523880200666,9.542554237171572,9.01388334942797,-0.5286708877436013,4.102091710283105,3.7879878778759775,-0.31410383240712747,17.782562805660575,19.01601956957346,1.2334567639128835,2.0910258837547957,1.8758649537246868,-0.21516093003010894,15.298054280833028,15.713785555121063,0.415731274288035
2022-06-24,10.676943708263098,1,9.83233552546102,9.199578313413454,-0.6327572120475651,9.775160654558462,9.18578846393217,-0.5893721906262925,5.457472005396085,5.053403755349379,-0.40406825004670566,17.81421780880696,18.58313382580161,0.7689160169946518,2.822146375410199,2.507894010773029,-0.31425236463717,18.360329879945866,19.531863880308975,1.1715340003631098
2022-07-01,11.833680598499704,1,10.043128924081145,9.357063479886136,-0.6860654441950089,11.513332259677398,10.625511892173364,-0.8878203675040339,5.509701384582726,5.050137819763165,-0.45956356481956107,21.31609564954573,22.75440490734597,1.4383092578002419,2.7814259142303968,2.5026669963408352,-0.27875891788956153,19.83839945888083,20.712298495488753,0.8738990366079236
2022-07-08,12.165454411913979,1,10.290793082298734,9.49761948468668,-0.7931735976120535,11.803912454251432,10.840646349543775,-0.9632661047076567,5.93715930350713,5.412701280007809,-0.5244580234993208,21.911036298401555,23.360351904813967,1.4493156064124122,2.2442176552051336,2.0120682917969077,-0.2321493634082259,20.805607677819893,21.869339160634723,1.0637314828148305
2022-07-15,11.887487017711743,1,9.63712814951289,8.82423294095571,-0.8128952085571797,11.916842535133327,11.245037467766466,-0.6718050673668614,6.611621589707113,6.104436231219211,-0.5071853584879022,20.90982912827559,22.001689865540513,1.0918607372649234,1.8333148879109444,1.6494016711413195,-0.1839132167696249,20.4161858157306,21.50012392964723,1.0839381139166306
2022-07-22,11.976339038222553,1,9.45034207243188,8.564405789009726,-0.8859362834221542,12.393515571095776,11.484760778893246,-0.9087547922025294,5.489553281934519,4.96001853270873,-0.5295347492257889,22.216711687447457,23.829797151202328,1.6130854637548708,1.883127334352622,1.6976361188484077,-0.18549121550421432,20.424784282073063,21.321415858672893,0.8966315765998303
2022-07-29,12.388707072814496,1,9.054409279707158,8.037295287701511,-1.0171139920056476,12.668125746719014,11.731518983069677,-0.9366067636493369,5.610359395559513,5.048143898657997,-0.5622154969015156,23.400294115612922,25.329834393358993,1.9295402777460708,2.333299875359529,1.9800732218973707,-0.3532266534621584,21.265754023928835,22.20537665220145,0.9396226282726161
2022-08-05,13.229069141611298,1,10.894386182380543,9.671892066347652,-1.222494116032891,12.432325739769652,11.281546924165113,-1.1507788156045393,6.1220599720897155,5.4484448914721355,-0.67361508061758,24.79597687081315,27.117804263518792,2.321827392705643,2.3700288672962415,1.954112463871411,-0.4159164034248306,22.759637217318485,23.900614240292697,1.1409770229742122
2022-08-12,49.19860099672051,6,60.56094548933523,66.85346852530847,6.29252303597324,43.40157406566263,38.44805902890501,-4.953515036757622,30.073262806171158,18.04282377384142,-12.030439032329738,60.10863973431015,73.29624567754249,13.187605943232334,40.11849974930457,32.01166042128906,-8.10683932801551,60.928684135539335,66.53934855343667,5.610664417897333
2022-08-19,13.53750645695352,1,12.777383117053589,11.740623047490146,-1.0367600695634422,12.934674029677822,11.453808187730147,-1.4808658419476757,4.367522740079238,3.857586452924437,-0.509936287154801,25.114788906414574,27.364749811750556,2.249960905335982,2.5753061929091388,2.0967310724133057,-0.47857512049583306,23.45536375558676,24.711540169412515,1.2561764138257558
2022-08-26,49.53264998317527,6,61.77708072489184,67.74635766742705,5.96927694253521,37.96031317523618,27.200532789587484,-10.759780385648696,45.07782358617214,36.79149884679048,-8.286324739381655,62.708086381804065,73.59020999580227,10.882123613998203,25.23038807675846,16.580536386639125,-8.649851690119334,64.44220795418892,75.28676421280515,10.844556258616237
2022-09-02,13.881471758507358,1,14.751380251440054,13.837461271058828,-0.9139189803812258,13.218739066081923,11.776397880728226,-1.4423411853536976,4.064959851982138,3.550495850530325,-0.5144640014518131,25.12409259029637,26.80695002682586,1.6828574365294884,1.4094126098862034,1.1288567140662593,-0.2805558958199441,24.720246181357453,26.18866880783466,1.4684226264772064
2022-09-09,13.554613899695475,1,14.639793232021802,13.820409196896563,-0.819384035125239,11.878827740137709,10.532609640266315,-1.3462180998713933,4.109884838965527,3.6047758005123853,-0.505109038453142,24.470754668278843,25.83830183244521,1.3675471641663677,1.4702635656055492,1.1732232806438816,-0.29704028496166757,24.75815935316342,26.358363647408495,1.6002042942450743
2022-09-16,12.620432300171165,1,13.36682645593929,12.856282335133614,-0.510544120805676,10.630185081938947,9.46219904450048,-1.1679860374384674,4.404633292809763,3.9961508005569613,-0.4084824922528014,23.108564530778125,24.345954481460836,1.2373899506827115,1.3373158787582327,1.112782682973787,-0.22453319578444564,22.87506856080263,23.949224456401353,1.0741558955987216
2022-09-23,12.213988011061879,1,12.605459930287282,12.107370283174362,-0.4980896471129199,10.2662641582819,9.137682133609118,-1.128582024672781,4.485575922486035,4.1135784414049965,-0.3719974810810385,22.99338345084405,24.35196392988692,1.358580479042871,0.890466290963829,0.7714104311072703,-0.11905585985655875,22.04277831350818,22.801922847188635,0.7591445336804554
2022-09-30,12.672306484689118,1,11.305476410964687,10.196130961517227,-1.10934544944746,12.128743112140327,11.20469392766239,-0.924049184477937,4.610126589876856,3.954417895490664,-0.6557086943861918,22.976480043918613,23.94011203873552,0.9636319948169074,0.9277485046048639,0.7183774926995596,-0.20937101190530427,24.085264246629364,26.02010659202935,1.9348423453999857
2022-10-07,11.397051178712497,1,8.558943977237647,7.901673775492171,-0.6572702017454759,10.6480825322747,9.871513686868383,-0.7765688454063167,5.37366024677344,4.836775756266448,-0.536884490506992,20.815344969174532,21.676174242193497,0.8608292730189646,1.5649575784365624,1.303952388354361,-0.26100519008220147,21.421317768378103,22.792217223100096,1.370899454721993
2022-10-14,12.152721455634662,1,10.369194815815248,9.820903734216984,-0.5482910815982649,11.814465181931382,10.891270089485786,-0.9231950924455958,5.058529990948713,4.590796010994126,-0.46773397995458765,22.924202114461266,24.43815749981755,1.513955385356283,1.2536467709278725,1.0321765741051223,-0.22147019682275015,21.49628985972349,22.14302482518842,0.6467349654649297
2022-10-21,14.820644614354988,1,13.14234622757617,12.228503955796668,-0.913842271779501,15.281723907059074,13.871784846461239,-1.4099390605978357,4.780736481120982,4.193363430645434,-0.5873730504755486,28.57578623834455,31.70296416744459,3.1271779291000428,2.037227070005102,1.6078737998141293,-0.4293532701909726,25.106047762024048,25.31937748596789,0.21332972394384342
2022-10-28,13.931718940728084,1,13.528949740563817,12.870872808914399,-0.6580769316494184,14.849241010070415,13.875983973328886,-0.9732570367415292,3.917401416446623,3.373991763790997,-0.543409652655626,25.12092038547688,26.649199058504436,1.5282786730275575,1.7361815331002362,1.3769603924111635,-0.3592211406890726,24.437619558710537,25.44330564741861,1.0056860887080745
2022-11-04,13.29243996744492,1,13.3210241760479,12.82658598680338,-0.4944381892445193,15.815488324425374,15.372181304903236,-0.4433070195221376,2.7514313515049054,2.3473719148991563,-0.40405943660574906,22.30047282929729,22.51441677036479,0.21394394106749814,1.4584978882062245,1.180270601851575,-0.27822728635464955,24.10772523518783,25.513813225847343,1.4060879906595147
2022-11-11,13.923651396766436,1,13.09219025677271,12.463350303330259,-0.6288399534424514,16.60971522445614,16.034716076859326,-0.574999147596813,3.114970472317239,2.6483369765003033,-0.4666334958169358,23.69700963390774,23.945479324476636,0.24846969056889634,1.3491483870919154,1.091666544847996,-0.25748184224391935,25.67887440605287,27.35835915458412,1.6794847485312516
2022-11-18,25.36903648541487,5,11.4344549404112,8.183518298962824,-3.2509366414483765,20.783948160083398,17.347595849420443,-3.4363523106629543,28.496932409845826,28.236424189255274,-0.2605082205905518,40.45101409257733,47.66388844489152,7.212874352314188,13.481104751667232,10.782955147398951,-2.6981496042682807,37.56676455790424,39.99983698256023,2.4330724246559896
2022-11-25,12.07704188159925,1,10.840819972826964,10.113582613952985,-0.7272373588739782,13.60196032669137,13.000380697558242,-0.601579629133127,2.6754038175400154,2.2298751235057637,-0.44552869403425177,21.279725122083462,21.610968961421875,0.3312438393384127,1.0389053384276252,0.900320919522116,-0.1385844189055092,23.025436712026064,24.60712297363453,1.5816862616084677
2022-12-02,24.971696173820288,5,20.13275039825355,16.510641607486164,-3.622108790767385,3.4803182328404745,2.297062056151873,-1.1832561766886016,13.271510493017502,9.703182098462648,-3.568328394554854,42.62721325826081,52.039789875700166,9.412576617439356,31.66287879031225,30.12875189682312,-1.5341268934891303,38.65550587023715,39.15074950829778,0.49524363806062865
2022-12-09,9.820448676331381,1,9.631021301554185,9.182739980447906,-0.44828132110627905,11.11320895831625,10.7218034790952,-0.3914054792210493,2.2434983464698064,1.9612774721925916,-0.28222087427721476,17.738155856556006,18.39405834980107,0.6559024932450654,0.9807006406519747,0.8623814643185028,-0.11831917633347189,17.216106954440065,17.800431312133,0.5843243576929353
2022-12-16,22.913611903331386,5,23.10589787355167,20.40465430102735,-2.7012435725243193,3.1959732011872575,2.484735408704438,-0.7112377924828195,8.52698104090905,5.767656914186048,-2.7593241267230013,41.9894083888561,52.11206474271497,10.122656353858872,26.212666785576076,23.427824153499444,-2.784842632076632,34.45074412990816,33.2847358998561,-1.1660082300520571
2022-12-23,10.929865249437045,1,9.599736221020507,8.916086542248621,-0.6836496787718858,16.307002720208217,16.59325306156157,0.2862503413533517,2.0189614915281027,1.8064644692048972,-0.21249702232320544,18.83601719722749,19.65319655653036,0.8171793593028696,2.37934264573407,2.11787935566484,-0.26146329006922997,16.438131220903884,16.49231151141194,0.05418029050805728
2022-12-30,27.61032547906029,5,24.661616090320706,22.217914658298454,-2.4437014320222517,1.538523556084428,1.1165558056408713,-0.4219677504435566,29.018258443864255,24.59747297802774,-4.420785465836516,43.62010125995405,50.96374664458053,7.343645384626484,26.16231512565942,23.66891423254684,-2.493400893112579,40.66113839847889,43.09734855526731,2.4362101567884196
2023-01-06,33.8690447015699,5,25.565447375174216,22.04149044324967,-3.5239569319245447,35.9386508988498,36.52636179164037,0.5877108927905681,28.004910574438213,25.34535261956934,-2.6595579548688733,44.37798716108996,52.306793085700676,7.928805924610714,37.80428165715144,39.03161940148642,1.2273377443349744,31.52299054271576,27.962650867772894,-3.560339674942867
2023-01-13,15.582323590639001,1,16.28713546440251,15.96642493678182,-0.3207105276206903,17.787963621351736,17.58380371216836,-0.20415990918337457,1.5018214488565036,1.2487380265340988,-0.25308342232240477,21.030289988958117,21.794463764643297,0.7641737756851796,17.925110153647793,17.86833942256972,-0.05677073107807473,18.961620866617352,19.032171681136717,0.07055081451936474
2023-01-20,13.34037665875384,1,12.59156435694733,12.00400108431485,-0.5875632726324795,17.601828969329375,18.018415390172166,0.4165864208427905,1.0197132920524439,0.894780521881728,-0.12493277017071591,17.71006825550529,17.89125647126488,0.18118821575959032,18.406431246155577,19.06249351581873,0.6560622696631526,12.712653832533022,12.17131296907074,-0.5413408634622812
2023-01-27,11.804314766010842,1,10.952983944630063,10.507682378764514,-0.4453015658655488,14.731966169951392,15.089640129163158,0.35767395921176615,3.1531559213898106,2.7660101837327034,-0.38714573765710725,14.16919796044256,14.18133523287112,0.012137272428560664,15.710453979718352,16.44000707832346,0.7295530986051091,12.10813061993288,11.8412135932101,-0.26691702672277984
2023-02-03,26.3438970514982,4,28.955529880087227,29.851219700257374,0.8956898201701478,29.737811103351405,29.959611544331423,0.22180044098001872,9.801679521025918,7.660076012368165,-2.1416035086577523,31.125336064083058,32.14920247691953,1.023866412836469,30.33317164927759,31.177398911616933,0.844227262339345,28.10985409116401,27.265873663495768,-0.8439804276682423
2023-02-10,26.13561242133251,4,25.505196152382908,24.912229230936163,-0.5929669214467452,28.429718532431295,28.006730889023558,-0.42298764340773687,13.650463484766945,11.34165129432344,-2.308812190443504,31.50452799334238,33.15781104140625,1.6532830480638694,29.082704964049753,29.970430101894834,0.8877251378450808,28.641063401021796,29.42482197041086,0.7837585693890645
2023-02-17,15.282477894052727,1,18.058571636146198,17.622379575947434,-0.43619206019876344,19.334818799469218,20.036036705549208,0.7012179060799895,3.3104560804508196,2.709191537806362,-0.6012645426444578,16.954821870710163,16.268805933014164,-0.6860159376959984,23.212276635339265,25.31141354339435,2.099136908055087,10.823922342200703,9.747040068604832,-1.0768822735958707
2023-02-24,16.21511380661803,1,20.524633137643235,20.536730763656735,0.012097626013499507,21.131761825694568,22.04505838697331,0.9132965612787416,3.6588664098647,2.9640422544177483,-0.6948241554469519,17.27964683888257,16.413944496184854,-0.8657023426977162,23.741087585911885,25.6255844950947,1.8844969091828148,10.954687041711225,9.705322443380837,-1.2493645983303878
2023-03-03,34.94538686272525,5,40.71175343579702,47.585968945584696,6.874215509787675,38.686828723257605,37.906693817644765,-0.7801349056128402,22.327765998507132,17.046203545674672,-5.2815624528324605,42.354445342568965,44.771764715764945,2.41731937319598,24.305153584050814,19.05870551318965,-5.246448070861163,41.286374092169964,43.30298463849276,2.016610546322795
2023-03-10,16.68932776367956,1,21.133090652995307,21.183031362192068,0.04994070919676119,21.212146458444778,22.142107277110256,0.929960818665478,3.136834692488492,2.544685488170785,-0.5921492043177068,19.228673227657424,18.740796963849718,-0.4878762638077063,23.706240316874215,25.06438998770112,1.3581496708269043,11.718981233617157,10.460955503053427,-1.2580257305637303
2023-03-17,16.757853669520085,1,23.996841579899183,25.000819608677418,1.003978028778235,21.832120973647108,22.442766268176044,0.6106452945289362,2.9081501440860364,2.3199087237148177,-0.5882414203712187,17.87294226432678,17.183294859254488,-0.6896474050722929,23.46676560891602,24.392964333123885,0.9261987242078646,10.470301446245372,9.207368224173806,-1.2629332220715668
2023-03-24,15.835336436788053,1,22.91792289570411,23.701193354869503,0.7832704591653936,22.579910445794653,23.780480476563994,1.2005700307693417,2.7434633694154087,2.2919944590938996,-0.45146891032150904,17.047444873589598,16.474578986659623,-0.572865886929975,20.749992011387803,20.812147028268726,0.062155016880922176,8.973285024836741,7.9516243152726105,-1.0216607095641308
2023-03-31,15.962641875126202,1,23.443211525787135,24.254994872119653,0.8117833463325184,23.177691977886255,24.496456477873068,1.3187644999868127,2.6502700961620747,2.198003582966436,-0.4522665131956387,16.71591660396888,16.0405396965175,-0.6753769074513798,20.929496925369946,20.98052977140165,0.05103284603170266,8.859264121582925,7.805326849878938,-1.0539372717039868
2023-04-07,16.537812712741406,1,24.53150811727899,25.91806862807462,1.3865605107956327,24.764445015794607,26.760526390148243,1.9960813743536363,3.442825954291692,2.7302501415604326,-0.7125758127312594,16.3391443316563,15.582470380268404,-0.7566739513878957,19.0495685848028,18.523906255046953,-0.5256623297558463,11.09938427262405,9.711654481349782,-1.3877297912742677
2023-04-14,24.961994325432574,4,30.50311220683743,33.257702916113956,2.7545907092765276,24.037342419063506,23.960882403343945,-0.07646001571956162,23.669678349822192,22.88938091767703,-0.7802974321451615,20.486987641520656,18.87596152922127,-1.6110261122993847,26.80080569827939,26.65585271021297,-0.14495298806642154,24.274039637072264,24.13218547602628,-0.14185416104598403
2023-04-21,10.112640492214645,1,10.922900397666893,10.685175035715872,-0.23772536195102134,15.341982931458887,16.40143547698314,1.0594525455242518,7.606995110691926,7.132622432839241,-0.4743726778526849,12.395085178903258,12.50655499025018,0.11146981134692169,10.546979276096081,10.4710603478228,-0.07591892827328195,3.861900058470823,3.4789946696766236,-0.38290538879419955
2023-04-28,19.516427848479324,4,17.612835794749202,17.14484579186606,-0.4679900028831412,18.902271316677087,18.75631407637468,-0.1459572403024083,21.468813986356054,21.848778805188573,0.3799648188325193,14.88880181849379,14.028980531828722,-0.859821286665067,21.03077821932399,21.248528097434146,0.21774987811015478,23.195065955275822,24.071119788183736,0.8760538329079139
2023-05-05,18.103188711322982,4,12.907150208675034,12.113118087188212,-0.794032121486822,12.246857066245141,11.137409061181955,-1.1094480050631859,23.55658281532955,24.684497046199184,1.127914230869635,16.355126598169335,16.28705382725188,-0.06807277091745334,17.679472810837993,16.400800050774706,-1.2786727600632872,25.87394276868085,27.996254195341947,2.122311426661099
2023-05-12,31.872362024476956,5,20.074069068828194,16.61320479535067,-3.460864273477526,37.809840572116315,40.13559414627839,2.3257535741620785,34.40500222606103,35.47028754137688,1.0652853153158475,25.744093820608,23.05214630204476,-2.6919475185632393,38.83494425969238,42.708716323923525,3.8737720642311473,34.36622219955581,33.254223037887414,-1.1119991616683933
2023-05-19,35.00870558623427,5,31.145884427143102,29.79815509690718,-1.3477293302359215,44.00149063332971,50.07745984578382,6.075969212454112,43.00525952938935,47.016286519912,4.011026990522652,28.68616645517318,23.546348442823827,-5.139818012349352,25.781661999983328,22.26350553001643,-3.518156469966897,37.43177047238696,37.35047808196232,-0.0812923904246361
2023-05-26,33.75449512280648,5,32.40394845958025,32.368226308886406,-0.03572215069384299,42.77917085452546,48.451629921704225,5.672459067178764,40.69393886323993,42.562891357731125,1.8689524944911966,24.50453686470607,19.70494894660297,-4.7995879181031,26.16823799443931,23.003006199832384,-3.1652317946069246,35.97713770034787,36.43626800208176,0.459130301733893
2023-06-02,8.605293015142452,1,8.424558372290875,8.009426267409793,-0.41513210488108143,10.945508568599607,11.060594974754707,0.11508640615510046,1.9297835517740936,1.7524172700140923,-0.17736628176000124,7.496778122821567,7.1895420674591435,-0.3072360553624236,7.420204711930253,6.954564115441528,-0.4656405964887256,15.414924763438322,16.665213395775467,1.2502886323371456
2023-06-09,8.930044105285312,1,7.657249076159928,7.165183289850631,-0.492065786309297,12.577674921013738,12.970937449373835,0.393262528360097,3.433961353872391,3.111294846109601,-0.32266650776278993,7.07938169298221,6.709395289343547,-0.36998640363866286,7.123814347333095,6.647162622675822,-0.47665172465727323,15.708183240350508,16.976291134358434,1.268107894007926
2023-06-16,8.847545216035028,1,9.138747393329524,8.913825803843821,-0.22492158948570307,10.517958372816906,10.474357473209153,-0.04360089960775326,3.972970218559027,3.750417364159887,-0.2225528543991402,6.829022117633983,6.5308123704273555,-0.2982097472066272,7.467117317000756,7.107927906130158,-0.35918941087059864,15.15945587686997,16.307930378439778,1.1484745015698081
2023-06-23,8.182665374267815,1,8.090398922626761,7.920199202854533,-0.1701997197722278,8.49340949915198,8.117648242686016,-0.3757612564659638,3.5932715041625016,3.4234282957096838,-0.16984320845281786,5.5396680418228925,5.248654733206521,-0.2910133086163711,8.315043525000576,8.070643393521067,-0.2444001314795088,15.064200752842183,16.315418377629058,1.2512176247868751
2023-06-30,8.218623293105246,1,8.56728408968523,8.499598779259244,-0.06768531042598624,7.663848025001528,7.1867913207813245,-0.4770567042202032,4.080442972726431,3.892177557410946,-0.18826541531548457,5.4214150284038,5.129442334640075,-0.29197269376372503,8.47465026662131,8.211090699855305,-0.26355956676600556,15.104099376193176,16.39263906668458,1.2885396904914046
2023-07-07,8.208728617042977,1,8.646884785136777,8.58580206027463,-0.061082724862146165,7.834848911977687,7.279489268864992,-0.5553596431126948,4.424871978317043,4.237135599359149,-0.18773637895789363,4.577969674576067,4.272048757299686,-0.3059209172763815,8.338006194624882,8.06406663624756,-0.27393955837732165,15.429790157625405,16.813829380211843,1.3840392225864377
2023-07-14,9.41561395648439,1,9.44350221642378,9.323241763176085,-0.12026045324769541,9.716125882131621,9.182044529820246,-0.5340813523113752,6.965299865901258,6.784663661382268,-0.18063620451898998,4.798620882077373,4.421753972011501,-0.37686691006587125,8.9184048941338,8.586898540616843,-0.3315063535169571,16.65172999823851,18.195081271899355,1.5433512736608463
2023-07-21,10.240055924532435,1,11.60362498073198,11.673595110330766,0.06997012959878646,10.908508092254479,10.60593916095604,-0.3025689312984383,10.106784394512047,10.022127496336793,-0.08465689817525401,4.691526260213976,4.306196794810475,-0.3853294654035011,8.514477244790598,8.118442607270865,-0.3960346375197332,15.615414574691528,16.714034377489682,1.0986198027981544
2023-07-28,10.973653666576716,1,11.736698101454152,11.7528038462777,0.016105744823548207,11.76542775811484,11.571017027049564,-0.1944107310652754,10.957766051110184,10.902685598770688,-0.05508045233949588,5.5799310540379,5.13829183789862,-0.44163921613927926,9.872626605595372,9.503012859928745,-0.3696137456666264,15.92947242914785,16.97411082953502,1.0446384003871714
2023-08-04,10.543804287803434,1,11.85707502585575,11.936948808342649,0.07987378248689936,10.801544209967375,10.522967621195079,-0.27857658877229596,11.06212449629443,11.05504135200043,-0.007083144294000476,5.112242042146704,4.718617687080666,-0.3936243550660379,9.20204251184714,8.838621893476088,-0.3634206183710518,15.22779744070921,16.19062836472574,0.9628309240165294
2023-08-11,10.692450331361554,1,12.256968472897569,12.306339607818188,0.0493711349206194,10.536375349089809,10.225259509822195,-0.31111583926761455,11.765468902076364,11.860160896192468,0.09469199411610418,6.678939192727242,6.267083398896048,-0.41185579383119375,7.939014303792931,7.586779087165652,-0.3522352166272782,14.977935767585407,15.90907948827477,0.9311437206893629
2023-08-18,10.964399454935892,1,11.369488528151322,11.281705903491911,-0.08778262465941111,11.553550550723685,11.300803734897684,-0.25274681582600067,12.065125028377494,12.251056669860745,0.1859316414832506,7.871828883468922,7.468147334602264,-0.40368154886665764,7.515413166724102,7.091838107082168,-0.42357505964193365,15.410990572169823,16.392844979680547,0.9818544075107241
2023-08-25,11.770469372007547,1,10.970250361806691,10.743100521657524,-0.22714984014916695,13.183200225596451,13.023610252116399,-0.15958997348005255,11.718506226128923,11.789253785377156,0.0707475592482325,8.740212309385981,8.259676670993002,-0.4805356383929791,8.879225446931912,8.416666943894938,-0.46255850303697343,17.131421662195322,18.390508058006247,1.2590863958109253
2023-09-01,13.002342968184218,1,14.349703015327009,14.301259549883596,-0.04844346544341249,11.569487394302683,11.058019079902977,-0.511468314399707,14.545668970760559,14.837348061738012,0.29167909097745337,8.280321591999439,7.6543783095071944,-0.6259432824922442,11.558979255090719,11.117467334723798,-0.44151192036692066,17.7098975816249,19.045585473349718,1.3356878917248167
2023-09-08,11.959432711581671,1,13.870436999244603,13.979236315255676,0.10879931601107273,9.614541861965279,9.06040504088061,-0.5541368210846684,13.269395221336097,13.390967199994748,0.12157197865865044,7.183075924649785,6.620060557382573,-0.5630153672672122,11.286903643276816,10.97190820479436,-0.31499543848245537,16.532242619017453,17.73401895118208,1.201776332164627
2023-09-15,13.164052385535362,1,18.768028150993104,19.57649387539813,0.8084657244050248,8.781937869199382,7.873329327439706,-0.9086085417596763,13.58661497243557,13.349129065515129,-0.23748590692044047,7.491411413338241,6.672744298642613,-0.8186671146956286,10.530357016262059,9.942625655283962,-0.587731360978097,19.825964890983812,21.569992090932587,1.7440271999487749
2023-09-22,13.05855268777024,1,19.5722496487556,20.721774225981846,1.149524577226245,7.5465743485247,6.718643380446466,-0.8279309680782347,15.026582062027089,14.870813811062732,-0.15576825096435698,7.735174175688172,6.949966222974794,-0.7852079527133782,10.180384290769837,9.558713094199106,-0.6216711965707304,18.29035160085604,19.53140539195647,1.241053791100427
2023-09-29,11.996299563028948,1,19.000885976928814,20.16904482917205,1.1681588522432378,4.392448376127433,3.8941441359739315,-0.4983042401535016,16.22899785326662,16.389298490579904,0.16030063731328426,6.865741717737947,6.150768760374788,-0.7149729573631589,10.682126122454576,10.139230244882526,-0.5428958775720503,14.8075973316583,15.23531091719046,0.4277135855321603
2023-10-06,11.872131922191755,1,18.97186736088021,20.159906199117216,1.1880388382370057,5.743819564695457,5.206236254013234,-0.5375833106822228,16.290878410155315,16.586710865732385,0.29583245557707016,7.259495880017653,6.602854790202159,-0.6566410898154942,8.890492537725663,8.2938511409685,-0.596641396757164,14.076237779676234,14.38323228311701,0.3069945034407766
2023-10-13,11.167266911650215,1,17.65895189401124,18.495926292922533,0.8369743989112948,5.4939644745522145,4.934292700468802,-0.5596717740834123,14.342834769964597,14.394440032065035,0.0516052621004377,5.194367913521603,4.618952192294387,-0.5754157212272162,8.555280167645677,8.004204224108449,-0.5510759435372279,15.758202250205954,16.555786028042107,0.7975837778361523
2023-10-20,11.01942155944267,1,19.02594560894285,20.141430773368214,1.1154851644253654,3.3266007306833956,2.9519004171883125,-0.37470031349508304,15.988046400975435,16.1943798690327,0.2063334680572666,4.689537616349455,4.162770889326509,-0.5267667270229452,8.777325722435862,8.1950069342642,-0.582318788171662,14.309073277269022,14.47104047347608,0.16196719620705835
2023-10-27,11.695210011189118,1,23.366143891085244,25.587810367242014,2.22166647615677,0.8056652763051204,0.6691982214088483,-0.1364670548962721,18.81979173105597,18.91410151408833,0.09430978303235804,3.8509871532406237,3.3485427044593195,-0.5024444487813042,8.840110839971516,8.052186150753187,-0.7879246892183289,14.488561175476235,13.599421109183012,-0.8891400662932227
2023-11-03,13.222245381247285,1,23.668027946648493,25.77980155908854,2.1117736124400466,2.317267421107374,1.9352548150687312,-0.38201260603864284,19.592327092402698,19.56156143988875,-0.03076565251394925,5.7844501703762035,5.140014739451644,-0.6444354309245597,12.21616252932543,11.58174035521887,-0.634422174106561,15.755237127623516,15.335099378767211,-0.4201377488563054
2023-11-10,13.698076580944226,1,23.885181875176727,25.994751208652303,2.1095693334755765,2.6423982030194253,2.1898325628628754,-0.4525656401565499,19.25083884265308,19.131864780044168,-0.1189740626089133,5.939964313893185,5.2238629538067585,-0.7161013600864266,13.172336713673843,12.58341679916306,-0.5889199145107824,17.2977395372491,17.06473118113618,-0.2330083561129186
2023-11-17,11.641517645566099,1,18.254643522624804,19.03093894972102,0.7762954270962155,2.877476059541138,2.4863062773053457,-0.39116978223579224,18.230635057949314,18.726143674024115,0.495508616074801,5.461586515049078,5.006361690868388,-0.4552248241806893,13.100181123368614,12.874797459381554,-0.2253836639870599,11.924583594863648,11.724557822096187,-0.2000257727674608
2023-11-24,13.651771185376715,1,21.497756199752047,23.01640697952547,1.5186507797734237,4.3342255328108905,3.709738998956496,-0.6244865338543946,18.367699409173937,18.233557204375813,-0.134142204798124,4.101001372279612,3.6507792568834105,-0.45022211539620116,16.20387260077763,16.15187098341029,-0.052001617367338326,17.40607199746617,17.14827368910882,-0.2577983083573514
2023-12-01,13.63856054366633,1,21.34061598255377,22.472277117282317,1.131661134728546,2.9331595547786975,2.46796834425254,-0.4651912105261573,19.133674791739665,19.17599273820946,0.04231794646979381,3.808218222768488,3.3007414651756477,-0.5074767575928405,16.62799908420027,16.55946135617556,-0.06853772802470814,17.987695625957087,17.854922240902482,-0.13277338505460534
2023-12-08,13.967696511909937,1,20.601500580273864,21.618873779722975,1.0173731994491106,2.9254655998711314,2.429185354303087,-0.4962802455680446,18.830773694243234,18.69622745267432,-0.1345462415689127,4.768610483154816,4.070912575483263,-0.6976979076715537,19.313896066071507,20.038575822426424,0.7246797563549165,17.36593264784507,16.952404086849526,-0.4135285609955446
2023-12-15,11.839247974232242,1,15.69828157018081,15.898444729380628,0.20016315919981764,2.316042712979211,2.0270196301953263,-0.2890230827838849,16.644685248331257,16.728840156291625,0.08415490796036806,4.738983922982911,4.213264578064056,-0.5257193449188549,17.463660904286016,18.233176905144973,0.7695160008589568,14.173833486633242,13.934741846316811,-0.23909164031643115
2023-12-22,12.419589737514011,1,16.17326320380566,16.208217050607132,0.0349538468014714,1.5641540084537269,1.3618718003939563,-0.2022822080597706,18.840779675375956,19.178993939748466,0.33821426437251034,4.486876134952354,3.926410101061876,-0.5604660338904779,18.70085555240999,19.415775103668935,0.7149195512589444,14.751609850086382,14.42627042960369,-0.3253394204826918
2023-12-29,16.00058053398953,1,14.889559627681805,14.141787708109021,-0.7477719195727843,6.319367077796002,5.563522369254898,-0.7558447085411046,19.632254023658234,20.426757347143052,0.7945033234848182,17.873297391938465,18.195768924737223,0.3224715327987582,16.96647518176748,16.506232502038685,-0.4602426797287933,20.322529901095194,21.16941435265427,0.8468844515590774
2024-01-05,16.50278246699809,1,15.322213589000484,14.581630487501585,-0.740583101498899,7.486946304637158,6.622259686636028,-0.8646866180011301,20.138339915406178,20.976923495914974,0.8385835805087964,18.517134499279166,19.039932141745837,0.5227976424666707,17.502019558096976,17.094410874990857,-0.407608683106119,20.05004093556859,20.701538115199284,0.6514971796306952
2024-01-12,14.387242396565808,1,8.609489335960433,7.603242890848364,-1.006246445112069,7.091572737615053,6.3056309641641235,-0.7859417734509293,20.083440844120886,21.641256023463058,1.557815179342171,16.419178199701747,16.4400200832562,0.02084188355445349,15.11733134777863,14.433190930859567,-0.6841404169190639,19.002441914218096,19.900113486803548,0.8976715725854518
2024-01-19,15.80911608482633,1,9.14254526265124,8.107249336919821,-1.0352959257314183,10.163734508235024,9.234407001514626,-0.9293275067203979,20.111884900732775,21.10830995526952,0.9964250545367435,16.54444321939266,16.23034176326084,-0.31410145613182294,18.54039452059834,18.623971668143938,0.08357714754559709,20.351694097347945,21.550416783849187,1.1987226865012417
2024-01-26,16.03055888498818,1,9.979001292883112,8.831466405857924,-1.1475348870251878,9.811569120378095,8.839145696541678,-0.9724234238364176,20.858963367631432,22.084397305781053,1.2254339381496209,16.054277527079407,15.594883632248695,-0.45939389483071125,18.971916091599255,19.052448316012985,0.08053222441373009,20.50762591035779,21.781011953486725,1.2733860431289372
2024-02-02,15.609450855982587,1,8.963113386543057,7.929745238633615,-1.0333681479094423,9.864054231939292,8.944236003546578,-0.9198182283927139,19.910892315803864,20.929975349956067,1.019083034152203,16.148449216976147,15.794135337960299,-0.354313879015848,18.489529435482694,18.588686065625637,0.09915663014294296,20.280666549150467,21.469927140173326,1.1892605910228582
2024-02-09,14.243803179937936,1,5.423789446174183,4.732903348839955,-0.6908860973342286,9.721454332162352,8.852480633932899,-0.8689736982294534,17.313698558776196,17.79464142102519,0.48094286224899463,15.493889728941724,15.02397513479309,-0.46991459414863357,16.940223580585936,16.966141097756932,0.025917517170995552,20.56976343298723,22.092677443279555,1.5229140102923253
2024-02-16,14.20530886934421,1,5.191552864481835,4.492875327225676,-0.6986775372561596,9.484151680429292,8.630625329832611,-0.853526350596681,17.9134993907402,18.469921701041315,0.5564223103011159,14.814830696296212,14.302698862859145,-0.512131833437067,17.746588153525906,17.86711657634163,0.12052842281572396,20.081230430591816,21.46861541876484,1.3873849881730251
2024-02-23,13.520750505286268,1,4.923465743346966,4.270497250241647,-0.6529684931053197,7.934569364698476,7.130720136252279,-0.8038492284461967,17.82417254634599,18.366515224389545,0.5423426780435534,14.075987275434727,13.636687014741426,-0.43930026069330097,18.030770805528107,18.493396541154922,0.4626257356268155,18.33553729636334,19.226686864937804,0.8911495685744626
2024-03-01,12.544017711762551,1,5.081734794121985,4.556169052167334,-0.5255657419546509,8.838299517673818,8.16955407947384,-0.6687454381999771,14.400895893022152,14.748637889487867,0.34774199646571446,14.131085754289842,13.62937832843707,-0.5017074258527714,14.341146641407676,14.46737810877407,0.12623146736639512,18.47094367005984,19.692988812235143,1.222045142175304
2024-03-08,12.292364361754773,1,4.2966581005246525,3.875049608656056,-0.4216084918685965,9.568091891750711,9.012528871597837,-0.5555630201528743,13.645830682176069,13.80636242365199,0.1605317414759213,13.853764804003191,13.43000555500717,-0.4237592489960207,14.760094473257126,15.048181596959722,0.2880871237025957,17.62974621881689,18.582058114655837,0.952311895838946
2024-03-15,11.10679548963242,1,4.0480491267833685,3.7301724519841457,-0.31787667479922277,9.002985786110457,8.597875319970498,-0.40511046613995916,11.08847578537511,11.142501986319758,0.05402620094464794,14.279283979965939,14.087832477858356,-0.19145150210758288,11.421993280700178,11.478955034326134,0.05696175362595568,16.79998497885947,17.603435667335674,0.8034506884762038
2024-03-22,11.236369600635223,1,3.151356857500218,2.8972112501073752,-0.254145607392843,8.79618698396051,8.324186755879168,-0.4720002280813418,10.26393006155196,10.187339271031234,-0.0765907905207257,15.207018217107446,14.799185923476003,-0.4078322936314436,11.424013449584763,11.48528301422536,0.06126956464059674,18.575712034106445,19.72501138909223,1.1492993549857857
2024-03-29,11.754687406743031,1,3.3828734330771084,3.096889746044255,-0.2859836870328536,8.637535833750661,8.126948503043351,-0.5105873307073097,11.663958356827507,11.704662500885547,0.040704144058040015,16.582632089270334,16.539195888875597,-0.04343620039473706,11.921863887751002,11.940697156791089,0.018833269040086975,18.339260839781574,19.119730644818347,0.7804698050367733
2024-04-05,11.155513995183876,1,2.9094497199719314,2.657334549782334,-0.2521151701895974,9.716490829007725,9.362880631658228,-0.3536101973494965,8.419676389707973,8.025846122250726,-0.3938302674572469,16.816704851748014,17.107249066348757,0.2905442146007431,11.709938801279819,11.856592514568177,0.14665371328835874,17.360823379387796,17.923181086494978,0.5623577071071821
2024-04-19,12.842244623876399,1,6.715424682179602,6.267960807699296,-0.4474638744803059,10.042763946549982,9.762758831543593,-0.28000511500638936,11.905381686079139,11.615418487208004,-0.28996319887113486,17.313348698764116,17.62555181461778,0.3122031158536629,13.378575064469345,13.672742574261704,0.2941675097923593,17.69797366521621,18.10903522792799,0.4110615627117795
2024-04-26,12.885820172973778,1,5.552570369279962,5.150710508905135,-0.40185986037482735,8.611547017312844,8.222067567084665,-0.38947945022817976,12.08319763909698,11.691255526347788,-0.39194211274919155,18.32180868381724,18.385470236661078,0.06366155284383979,12.553518652138948,12.660058470683296,0.10653981854434846,20.192278676196693,21.205358728160704,1.0130800519640104
2024-05-03,13.469552140448014,1,6.697440532987898,6.164761915521254,-0.5326786174666438,9.661104409588162,9.149430996590354,-0.5116734129978084,13.580318279422372,13.130792404426884,-0.44952587499548713,15.916825958223285,15.42752087993496,-0.48930507828832503,14.637614194750284,15.000571931689379,0.3629577369390944,20.32400946771608,21.94423471452521,1.6202252468091274
2024-05-10,13.814951673319342,1,5.8857646582297605,5.2403233373607065,-0.6454413208690539,11.208337641554678,10.513743699117526,-0.6945939424371517,13.371023231299887,12.766573768114483,-0.6044494631854036,15.263389754228626,14.617708294746947,-0.6456814594816791,17.059318042245636,17.91019539183982,0.8508773495941853,20.101876712357466,21.84116554873657,1.739288836379103
2024-05-17,13.760871133252516,1,7.053321269150857,6.425587583122294,-0.6277336860285629,7.85109009693997,7.1145736626463645,-0.7365164342936055,13.5766048203768,12.954921655945228,-0.6216831644315732,16.427176908339348,15.951075134329656,-0.4761017740096918,17.16768208261483,17.86851235929288,0.7008302766780474,20.489351622093295,22.250556404178667,1.7612047820853718
2024-05-24,13.063713477181468,1,7.353198222626787,6.807913613336396,-0.5452846092903911,7.852209153735359,7.206711609402404,-0.6454975443329545,12.324435713107363,11.603196325084227,-0.721239388023136,15.581554863226785,15.237011382229412,-0.3445434809973733,15.36659046602928,15.847668520995526,0.4810780549662468,19.904292444363236,21.6797794120409,1.775486967677665
2024-05-31,13.655642587953771,1,13.286254236346764,12.651939522436791,-0.6343147139099727,5.927603684973576,5.251063160098795,-0.6765405248747811,10.401577146355478,9.606486944275744,-0.7950902020797344,17.67633044337458,17.938035260469235,0.2617048170946532,13.868371451464299,13.887642310189008,0.019270858724709683,20.77371856520793,22.598688330253054,1.8249697650451253
2024-06-07,12.165501863419443,1,10.024383116820829,9.2054641242363,-0.8189189925845284,5.00006331330647,4.382441682272798,-0.6176216310336713,9.646609791108219,8.980313086648891,-0.6662967044593273,16.319246992450957,16.552124234893768,0.23287724244281094,12.733666415382018,12.796097202624338,0.06243078724232021,19.26904155144817,21.076570849840536,1.8075292983923674
2024-06-14,12.337574903918386,1,9.940964920080987,9.080467972493594,-0.8604969475873929,4.617799656645715,4.003402418286512,-0.6143972383592029,10.842098470077218,10.252720239923633,-0.589378230153585,16.32195342061698,16.513536395548428,0.1915829749314497,12.939801726013712,12.984896180518575,0.045094454504862824,19.3628312300757,21.190426216739596,1.8275949866638967
2024-06-21,11.43158108193731,1,9.982307181007911,9.006450237977603,-0.9758569430303083,6.380804130041639,5.882880965947635,-0.4979231640940043,5.718328766714919,5.121496171170065,-0.5968325955448535,16.731321774411228,17.241857384396255,0.5105356099850269,9.917901401297812,9.46546703230193,-0.4524343689958812,19.85882323815035,21.871334699830385,2.0125114616800346
2024-06-28,10.63548591438562,1,10.625824620377841,9.962230448605482,-0.6635941717723597,5.781326117232709,5.3841556144811875,-0.3971705027515213,4.198169072346701,3.6709353672747795,-0.5272337050719216,16.05327989098025,16.613189464816074,0.5599095738358244,9.016725394239216,8.641241397162332,-0.3754839970768842,18.13759039113701,19.54116319397386,1.4035728028368482
2024-07-05,10.596346615785164,1,9.107447286345632,8.55200629968904,-0.5554409866565919,6.978903843171096,6.602799770795386,-0.37610407237571053,4.440416479454811,3.91602522879289,-0.524391250661921,15.66377486132238,16.155512950929705,0.491738089607324,10.011053480088265,9.667898217182469,-0.3431552629057961,17.376483744328795,18.683837227321504,1.3073534829927098
2024-07-12,20.158081106570688,4,16.25186458296278,14.811203507496273,-1.4406610754665081,18.47378783517081,18.09212861217972,-0.38165922299108956,15.243989420129978,13.804131859496138,-1.4398575606338397,27.770114885048187,30.927404910772893,3.1572900257247056,17.013885125012024,15.153269973163404,-1.86061515184862,26.19484479110035,28.160347776315646,1.965502985215295
2024-07-19,10.43164993533892,1,8.597601767357418,8.092593959331978,-0.5050078080254394,6.349736015906771,5.966307561121823,-0.3834284547849478,5.135141984571177,4.618090686184331,-0.5170512983868463,15.674596448566191,16.401847865766783,0.7272514172005913,11.30676803902756,11.088067465390935,-0.21870057363662454,15.526055356604402,16.42299207423767,0.8969367176332668
2024-07-26,10.884939655979956,1,10.944110686370777,10.526965496128327,-0.4171451902424508,7.545471085933755,7.1671438065592525,-0.3783272793745027,5.309196581195522,4.784703592610853,-0.5244929885846688,15.080725054286603,15.706588397745861,0.6258633434592582,10.079257279630824,9.779201144777957,-0.3000561348528663,16.350877248462254,17.345035498057484,0.9941582495952304
2024-08-02,9.10194615827798,1,8.147539947198752,7.776532647445677,-0.37100729975307445,6.341446588250207,6.046643899142097,-0.2948026891081099,4.616019387615992,4.2207527556960684,-0.39526663191992384,12.975073922095774,13.48975401028693,0.514680088191156,8.760644187610438,8.545468027016753,-0.2151761605936855,13.770952916896718,14.532525610080356,0.7615726931836377
2024-08-09,9.18531895356512,1,8.68453702894459,8.385634481668475,-0.2989025472761142,5.833486491268744,5.541569565490434,-0.29191692577830963,4.923460027545758,4.515227836624788,-0.40823219092096963,13.298489206216331,13.906561156003477,0.6080719497871456,8.946472586827369,8.66503041319693,-0.2814421736304382,13.42546838058793,14.097890268406644,0.6724218878187145
2024-08-16,25.41743060820437,5,34.81264059450959,39.59123486071235,4.778594266202759,21.818658423924802,19.67123919719461,-2.147419226730193,13.406219367577947,11.295777480024498,-2.110441887553449,28.78596745666826,30.01604927996074,1.2300818232924797,22.889287317361934,21.225719948696323,-1.6635673686656105,30.791810489183675,30.70456288263769,-0.0872476065459864
2024-08-23,9.530161765470874,1,6.064373915342415,5.6467333902502475,-0.41764052509216754,5.192342476799951,4.874603820764818,-0.3177386560351323,8.303737156536158,7.892177762268659,-0.4115593942674991,14.256377569941648,14.901096898792531,0.6447193288508828,9.106939152037228,8.73254806741312,-0.37439108462410786,14.257200322167847,15.133810653335857,0.8766103311680098
2024-08-30,9.355865879554335,1,6.0836821608300085,5.692381478405252,-0.391300682424756,5.231060565402515,4.947009524337361,-0.28405104106515466,8.10591630573822,7.777406074241227,-0.3285102314969919,13.27214338425172,13.720310319708474,0.44816693545675435,10.080167441533462,9.90028021642864,-0.1798872251048209,13.36222541957008,14.097807664205021,0.7355822446349407
2024-09-06,8.808188839394381,1,5.7895875868320275,5.398968796281281,-0.39061879055074655,3.471762380840403,3.221425004489845,-0.25033737635055786,9.347588656446618,9.064285094557377,-0.283303561889241,13.12255046884323,13.63742828195501,0.5148778131117808,7.924614391948452,7.593354352854803,-0.33126003909364954,13.193029551455552,13.93367150622801,0.7406419547724568
2024-09-13,8.533194595041126,1,5.927772740530628,5.5687041411465685,-0.35906859938405944,2.2618491209954925,2.100009690744301,-0.16183943025119163,9.68030311027664,9.269529200641216,-0.4107739096354237,14.630248413275112,15.5106666913983,0.8804182781231873,5.725773207234823,5.284014537526403,-0.44175866970842037,12.973220977934062,13.466243308789942,0.49302233085587943
2024-09-20,8.060970594598267,1,5.655017551731163,5.390271253949052,-0.2647462977821107,2.3076310105415985,2.157155333505898,-0.15047567703570053,9.491633912382412,9.165179667804097,-0.32645424457831496,13.976389361630211,14.811138496582643,0.8347491349524319,5.395491130007088,5.0121802814809655,-0.38331084852612207,11.539660601297129,11.829898534266945,0.29023793296981637
2024-09-27,8.461573794390324,1,5.361904658828109,5.0052027833836945,-0.3567018754444149,2.35460344005665,2.187584482542249,-0.16701895751440077,11.075065894499048,10.898972292817973,-0.17609360168107457,13.474029314500768,13.926341314004219,0.4523119995034506,4.829111462963269,4.511204419392641,-0.31790704357062793,13.674727995494095,14.240137474201163,0.5654094787070676
2024-10-04,7.163807885164675,1,5.367188923536304,5.030157791443685,-0.33703113209261915,2.127064998118186,1.977209377581346,-0.1498556205368402,10.173696958016762,10.182703643346244,0.009006685329481456,10.23568509018871,10.329675746980925,0.09399065679221508,3.031111643994734,2.8556529496206906,-0.1754586943740435,12.048099697133352,12.607447802015159,0.5593481048818063
2024-10-11,8.854466876026683,1,6.0774060237103384,5.541746441134066,-0.5356595825762724,5.316372940843436,4.948310241616667,-0.36806269922676904,11.483991269276984,11.42560330870596,-0.05838796057102513,12.712241087652473,12.954290938388127,0.2420498507356541,2.9258444928107536,2.6908556612710157,-0.23498883153973793,14.610945441866107,15.565994665044244,0.9550492231781362
2024-10-18,9.123725098489393,1,7.107499430511339,6.647331293272188,-0.46016813723915106,4.807624238139098,4.410054592930564,-0.39756964520853444,12.451924693418263,12.469698374650434,0.017773681232171157,12.83043936370808,12.98925869298563,0.1588193292775486,2.9118470396389995,2.6894376438620498,-0.22240939577694974,14.633015825520573,15.536569993235503,0.9035541677149297
2024-10-25,9.220575336645245,1,6.446933092979933,6.05111664817413,-0.3958164448058028,5.9198574550290886,5.4626024337871115,-0.45725502124197703,12.454622700476648,12.51600240395355,0.06137970347690214,12.861231507652079,13.015003314614503,0.15377180696242476,3.2656542017041232,3.0270808348671636,-0.23857336683695962,14.375153062029597,15.25164638447498,0.8764933224453841
2024-11-01,8.78291526177513,1,5.311470098746426,4.910777936375823,-0.40069216237060346,6.476378373672645,6.0628229328483485,-0.41355544082429674,12.842036635361055,13.104108640393903,0.26207200503284866,12.172727764586696,12.251347054732463,0.07861929014576674,2.73171050362582,2.496359228050764,-0.23535127557505575,13.163168194658141,13.872075778249481,0.7089075835913405
2024-11-08,8.770911418719805,1,7.58067419851082,7.20089007453204,-0.37978412397878003,5.973223190592378,5.620929840242269,-0.35229335035010934,13.160987194696418,13.73182864443919,0.5708414497427725,10.25474827515194,9.98421791432807,-0.2705303608238694,3.0318831421553654,2.7900890704361103,-0.24179407171925504,12.623952511211911,13.297512968341152,0.6735604571292413
2024-11-15,8.017967252326306,1,7.054875167999114,6.700452531225011,-0.35442263677410324,6.114658181751835,5.8065601786766905,-0.3080980030751448,11.489697119959871,11.885916417598196,0.396219297638325,8.689867777541252,8.483881399805142,-0.20598637773611017,2.574045979858738,2.3653426385182996,-0.20870334134043844,12.184659286847022,12.86565034813448,0.6809910612874575
2024-11-22,8.993290212544546,1,9.197647804075302,8.913639422348908,-0.28400838172639453,5.547523888166921,5.108236122233379,-0.4392877659335426,13.182204485435634,13.961913931845416,0.7797094464097825,7.497742047601264,7.158722818873315,-0.339019228727949,5.043958198359391,4.637265204278279,-0.40669299408111215,13.490664851628765,14.179963775688009,0.6892989240592442
2024-11-29,8.797467669518204,1,8.820258651977184,8.55716176877479,-0.2630968832023939,4.98938336894976,4.593249431381153,-0.3961339375686066,13.238001054312463,14.06234628674224,0.8243452324297778,7.945959137689584,7.607828180292628,-0.338130957396956,5.078594416723774,4.679124684442272,-0.39946973228150284,12.712609387456453,13.285095665476177,0.5724862780197242
2024-12-06,9.89312297672634,1,10.790199688830228,10.519886698192693,-0.2703129906375352,6.076917983971043,5.619678823355599,-0.457239160615444,12.75405362564645,13.335968151203986,0.5819145255575364,9.53054141949265,9.262308724824834,-0.26823269466781596,5.672122882330484,5.218573046756603,-0.45354983557388096,14.534902260087193,15.402322416024333,0.8674201559371397
2024-12-13,10.745522232303044,1,11.345356596366557,10.975979343394968,-0.36937725297158863,8.627617659833149,8.169841214105631,-0.45777644572751797,12.598435441142968,12.946826347844677,0.34839090670170947,10.567956115005131,10.418082852799941,-0.14987326220519037,5.418183866647951,4.928657871897741,-0.48952599475020975,15.915583714822503,17.0337457637753,1.1181620489527972
2024-12-20,11.232660906629901,1,13.481887682622357,13.452015852398219,-0.029871830224138307,8.875588317374564,8.412008289180065,-0.4635800281944995,12.705397824940164,12.929904658601203,0.22450683366103874,12.47161699810816,12.520898096749548,0.04928109864138719,4.708807168786322,4.265772426590104,-0.4430347421962182,15.152667447947834,15.81536611626025,0.6626986683124159
2024-12-27,44.54702620905588,6,47.11565746174681,50.7085405091849,3.592883047438093,50.25057155935149,50.90415577276891,0.6535842134174175,43.260060326801984,44.3849739246295,1.1249135978275149,37.74696160382929,33.011578836692536,-4.735382767136755,36.867794991868784,32.625765241324395,-4.24202975054439,52.041111310736966,55.647142969735114,3.6060316589981483
2025-01-03,43.9843689297001,6,51.486679233295064,57.51967344615245,6.032994212857389,40.496438134103485,35.12319380849854,-5.373244325604944,35.84097117764664,32.243531053887,-3.5974401237596396,43.054521955666615,37.248209036347404,-5.806312919319211,40.14088926217092,39.375498549095646,-0.7653907130752771,52.88671381531789,62.39610768421953,9.50939386890164
2025-01-10,11.166959722855447,1,15.809042273114244,15.686751750011211,-0.12229052310303246,4.550005044504289,3.979247064483971,-0.5707579800203177,8.06524188902769,7.835676888202997,-0.22956500082469233,11.191587826174512,11.097682412361706,-0.0939054138128057,7.964120720022109,7.207939517093379,-0.7561812029287296,19.421760584289842,21.19446070497942,1.7727001206895778
2025-01-17,11.236673768247371,1,15.553163533807634,15.257063233542937,-0.2961003002646976,3.1883580260571165,2.7971429539979056,-0.3912150720592109,8.690957560497267,8.452047888181838,-0.2389096723154296,11.516856240668034,11.469450581205592,-0.04740565946244146,8.911289635446764,8.141371279241085,-0.7699183562056788,19.55941761300741,21.302966673314813,1.7435490603074015
2025-01-24,11.977617032091606,1,16.429513871449487,16.45037472782606,0.0208608563765722,2.720635174361547,2.3963833002428316,-0.3242518741187155,9.771503282867528,9.302966644459175,-0.46853663840835225,15.1015018997592,15.391337734618176,0.2898358348589767,9.428827325636448,8.676063496153645,-0.7527638294828023,18.413720638475425,19.64857628924976,1.2348556507743353
2025-02-07,12.7612865749593,1,17.612004590649207,17.946369901490527,0.3343653108413207,3.915028355913421,3.5346140891370936,-0.3804142667763273,11.498766756345475,11.087400990378569,-0.4113657659669059,16.13454849458479,16.457285819491347,0.32273732490655505,9.876409303227973,9.292462675951896,-0.5839466272760774,17.530961949034932,18.249585973306367,0.7186240242714348
2025-02-14,12.480334056149026,1,18.341330711712203,18.89551405737886,0.5541833456666581,2.466659014610613,2.2142642675411253,-0.25239474706948783,11.64560225753857,11.225067455885963,-0.42053480165260737,15.822954307460165,16.03770676067397,0.21475245321380498,9.299395348941317,8.671168946093971,-0.6282264028473463,17.306062696631287,17.838282849320265,0.5322201526889785
2025-02-21,12.77887539946146,1,17.360802665364787,17.652221149714848,0.2914184843500607,4.157326005937492,3.7413309427394523,-0.41599506319803936,13.526781000330686,13.378759003330586,-0.14802199700010021,18.444604752477147,19.220121442257906,0.7755166897807584,7.932837024923771,7.279371415854257,-0.6534656090695137,15.250900947734877,15.401448442871697,0.15054749513681998
2025-02-28,12.282847325884338,1,17.767794875297383,18.332909717109217,0.5651148418118339,3.4780443139080006,3.1611186150113326,-0.316925698896668,11.950063704155951,11.551760237056783,-0.39830346709916853,17.709574411342146,18.406553003419603,0.6969785920774569,8.01749781362733,7.396022558186004,-0.6214752554413252,14.774108836975216,14.848719824523073,0.07461098754785667
2025-03-07,12.55470863118592,1,15.3580434952501,15.200605653577355,-0.15743784167274555,4.136041150225907,3.7141668611870102,-0.4218742890388967,13.808936851990993,13.705941566031825,-0.1029952859591674,18.090913394586153,18.92660076377284,0.8356873691866866,9.157819496109028,8.581303790628112,-0.5765157054809151,14.776497398953339,15.199633151918391,0.42313575296505235
2025-03-14,11.938690943006812,1,14.83564319187306,14.42406790058648,-0.41157529128658155,1.5737151125912874,1.3937194950116805,-0.17999561757960691,13.98746587846091,13.834058570011763,-0.15340730844914674,17.95091774446344,18.74537976045596,0.7944620159925222,6.223147267227418,5.6349829335754436,-0.5881643336519744,17.061256463424755,17.599936998399514,0.538680534974759
2025-03-21,12.106743079619273,1,16.119908025819143,15.731131741783628,-0.3887762840355151,1.2296569918458573,1.0922335352662742,-0.1374234565795831,11.28850667834854,10.99648002046105,-0.29202665788749016,19.01513341274962,19.796917225838257,0.7817838130886372,7.304410534232375,6.807226848547771,-0.4971836856846039,17.682842834720105,18.216469105818675,0.5336262710985693
2025-03-28,11.502489062235014,1,14.25196345342431,13.903457979131261,-0.3485054742930487,2.2477249746487473,2.0129427556129684,-0.2347822190357789,11.455157210784009,11.25387418620943,-0.20128302457457892,17.447708673345147,18.119700739008366,0.6719920656632183,7.21073465301869,6.787117690097389,-0.4236169629213009,16.401645408189182,16.937841023350614,0.5361956151614322
2025-04-11,11.699426536210701,1,15.769102162542339,15.808450061023933,0.03934789848159426,3.812190161566221,3.3943812247341896,-0.41780893683203146,10.634350170042083,10.494302888594945,-0.14004728144713852,17.468156386468863,18.288726132245117,0.820569745776254,10.400386956910296,10.255461055963877,-0.14492590094641855,12.112373379734407,11.955237854702162,-0.15713552503224548
2025-04-18,12.765987767658872,1,18.38024139105478,18.380551558996075,0.00031016794129357095,4.656096349109916,4.068847216141734,-0.5872491329681822,10.235714448375205,10.045372170645777,-0.19034227772942813,20.85686039329974,22.25665251468388,1.399792121384138,10.799655081317312,10.65239436583903,-0.14726071547828212,11.667358942796284,11.192108779646745,-0.47525016314953916
2025-04-25,13.400027617307403,1,20.00685049119683,20.12917133593568,0.12232084473885152,4.618021005809666,3.9899293716511295,-0.6280916341585367,11.016466096685036,10.871973131504248,-0.14449296518078825,22.028501991543877,23.448062180329615,1.4195601887857379,10.96455623335649,10.742476702524925,-0.2220795308315644,11.765769885252524,11.218552981898839,-0.5472169033536858
2025-05-02,11.944296318817853,1,17.656391528320555,18.074006091515372,0.4176145631948174,5.252486622181209,4.728528321981969,-0.5239583001992401,10.363224284099488,10.27123067438437,-0.09199360971511794,17.629404174289817,18.05131842768364,0.4219142533938225,10.810632106548425,10.881196863547615,0.07056475699918963,9.953639197467623,9.659497533794138,-0.2941416636734857
2025-05-09,12.077174699941663,1,17.89223096615231,18.65707341621446,0.7648424500621473,5.362092902338091,4.854983428013895,-0.5071094743241957,10.231854519036602,10.030037927568415,-0.2018165914681873,16.39782574640391,16.499996552037473,0.10217080563356262,11.235352684257364,11.319735082010425,0.08438239775306045,11.343691381461696,11.101221793805337,-0.24246958765635895
2025-05-16,11.72308023526942,1,15.00409699711966,15.327909712290847,0.3238127151711865,5.561484866171213,5.110437936386347,-0.4510469297848658,11.771494850595616,11.82972635229585,0.05823150170023439,14.506219458380258,14.580819988656458,0.07460053027620006,12.50130378124038,12.73187941401784,0.23057563277745885,10.993881458109385,10.757708007969171,-0.23617345014021396
2025-05-23,12.875823631478177,1,17.74209518384005,18.530992713738243,0.7888975298981933,5.971135240473814,5.476569621618623,-0.4945656188551908,12.745172091298997,12.84248090087388,0.09730880957488353,15.196544159502494,14.960268858933915,-0.23627530056857893,11.724019468409708,11.667845566204647,-0.056173902205060244,13.875975645343999,13.776784127499752,-0.09919151784424685
2025-05-30,13.415174438624385,1,18.66931145316252,19.48933918134449,0.8200277281819695,6.25966950199664,5.7335966281394946,-0.5260728738571459,12.788676136805705,12.821048811449103,0.03237267464339766,16.317860087611294,16.16845296629795,-0.14940712131334521,12.226831946709524,12.19534973156965,-0.03148221513987437,14.22869750546063,14.083259312945628,-0.14543819251500167
2025-06-06,13.652299412972665,1,18.22514361083617,18.934265090681976,0.7091214798458054,6.275949529766677,5.726610601467613,-0.5493389282990648,14.01578880852388,14.179419980172128,0.16363117164824814,16.038284190906694,15.895615996031367,-0.142668194875327,12.573041779236362,12.489681955561878,-0.0833598236744848,14.785588558566204,14.688202853921055,-0.09738570464514851
2025-06-13,13.719527997238329,1,19.393185335337535,20.1661111862184,0.772925850880867,8.358659459213897,7.921770859030431,-0.4368886001834653,12.424233558709275,12.327304006801612,-0.09692955190766384,17.68438829718528,17.65840235411693,-0.025985943068349115,9.512465619399663,9.347474153392412,-0.16499146600725112,14.94423571358432,14.896105423870168,-0.048130289714151786
2025-06-20,14.256088917084853,1,21.66724079722718,23.11094248007454,1.4437016828473617,10.781541401431298,10.114703905115192,-0.6668374963161057,10.139502995419846,9.745523317923926,-0.39397967749592055,18.427678858208836,18.184093837023354,-0.2435850211854813,8.457241990130242,8.16146271031836,-0.2957792798118817,16.063327460091713,16.219807252053783,0.15647979196207018
2025-06-27,13.331601521828262,1,17.505430266910665,18.031015042712866,0.5255847758022014,9.886170607947292,9.437073088657172,-0.4490975192901203,10.748986511506743,10.291730728758722,-0.45725578274802103,15.064904205754814,14.894466360908694,-0.1704378448461199,9.358377850217835,9.100462121551132,-0.25791572866670265,17.42573968863222,18.234861788380996,0.8091220997487767
2025-07-04,14.681231669898848,1,18.323421174372257,18.92819254343229,0.6047713690600318,10.907914285599034,10.41415770652317,-0.493756579075864,13.172482517752599,12.844078568724484,-0.32840394902811454,15.530397425954064,15.324175400005885,-0.20622202594817907,12.607439285275944,12.531949457995438,-0.07548982728050646,17.545735330439186,18.044836342711832,0.49910101227264647
2025-07-11,14.341068643574621,1,18.717315926748753,19.63795062139947,0.9206346946507153,11.175620271288508,10.706690885889856,-0.4689293853986527,13.742836468250516,13.72672976109068,-0.01610670715983531,15.520835361839858,15.320936499790577,-0.19989886204928098,11.238795087320824,10.970853767590597,-0.2679413197302267,15.651008745999263,15.68325032568653,0.03224157968726615
2025-07-18,13.151770306250633,1,18.479826758440936,19.703512083434518,1.223685324993582,9.539340157834133,8.982911298821108,-0.5564288590130246,13.609023057357732,13.785298492837683,0.17627543547995117,14.209029876025312,13.85437791492663,-0.354651961098682,9.082370365109924,8.694257272283195,-0.38811309282672823,13.991031622735761,13.890264775200663,-0.10076684753509824
2025-07-25,13.402668770511015,1,19.164300068924177,20.426837470499564,1.2625374015753863,7.35783445215543,6.783074830759531,-0.5747596213958985,15.311660005277318,15.592379552578294,0.2807195473009756,14.7436415689087,14.40470685580759,-0.3389347131011107,8.670171267948788,8.182615948658523,-0.48755531929026574,15.168405259851681,15.026397964762594,-0.14200729508908694
2025-08-01,15.024699549248096,1,23.09782801533966,25.739578423637766,2.6417504082981083,17.03881342623808,16.738985345548585,-0.29982808068949396,14.225535751481559,14.083741784061615,-0.1417939674199431,8.768638235080743,7.491327242993478,-1.2773109920872656,11.154706724542308,10.53228991738952,-0.6224168071527885,15.862675142806225,15.562274581857608,-0.3004005609486171
2025-08-08,13.209180314105273,1,18.61926065365897,19.909002995037966,1.2897423413789966,14.383450012263154,14.334981957944777,-0.048468054318377085,13.462000640028805,13.267711093028481,-0.19428954700032364,5.89958093973847,5.1553185326126965,-0.744262407125774,11.187473397222789,10.815208090041736,-0.37226530718105266,15.703316241719449,15.772859215965966,0.06954297424651656
2025-08-15,12.50325970420193,1,17.366194706412756,18.252392374093745,0.8861976676809888,13.923126732630692,13.893922279071802,-0.02920445355889001,13.052880959592486,12.881303626606282,-0.17157733298620315,4.547782699043708,4.016397555378774,-0.5313851436649344,10.829450143470439,10.544186936312954,-0.28526320715748454,15.300122984061503,15.43135545374804,0.13123246968653746
2025-08-22,12.511538273193423,1,17.75805527119053,18.723771313228525,0.9657160420379967,15.117491251563962,15.229384959407653,0.11189370784369146,12.051450429496711,11.756675645824487,-0.2947747836722243,4.018557867708054,3.5167494211068515,-0.5018084466012027,11.616462740329098,11.35077229032045,-0.2656904500086483,14.507212078872186,14.491876009272616,-0.015336069599570124
2025-08-29,12.41084523077977,1,17.298793202447953,18.059455318995646,0.7606621165476923,14.728997991427349,14.863335233486708,0.1343372420593596,11.091216202910857,10.673735691393816,-0.41748051151704146,5.123042200704006,4.606100046881565,-0.5169421538224412,10.913673635935183,10.69769740772928,-0.21597622820590345,15.309348151253275,15.564747686191595,0.25539953493832
2025-09-05,12.935587974473712,1,18.117929454534547,19.126664465054304,1.0087350105197572,14.305633851755374,14.262062820971408,-0.043571030783965625,12.360644274515607,12.160571597233599,-0.20007267728200873,7.631792359980025,7.095319341711118,-0.5364730182689073,10.394129754743972,10.196020708001186,-0.19810904674278618,14.803398151312749,14.77288891387066,-0.030509237442089443
2025-09-12,10.292614822243744,1,11.25114708327088,11.222706717687046,-0.028440365583833227,12.972862426529602,13.31837415671724,0.3455117301876385,11.820284321600795,12.176106830949237,0.3558225093484424,7.5149181013518245,7.225436369068149,-0.2894817322836758,10.649688213724716,10.577295515620236,-0.07239269810447979,7.546788786984649,7.235769343420515,-0.3110194435641347
2025-09-19,10.764697441358715,1,11.729576660033587,11.71667814242808,-0.012898517605506754,13.294771783851544,13.540140465774186,0.24536868192264194,11.796822920484516,12.079969873681094,0.283146953196578,8.74716606396997,8.438446640955618,-0.3087194230143524,12.567436076161869,12.70692502276907,0.13948894660720157,6.4524111436508065,6.106024502544244,-0.34638664110656237
2025-09-26,10.646980434755898,1,11.476980833248774,11.417323115435337,-0.05965771781343676,13.656727951959525,13.940157849682834,0.28342989772330895,11.396931733835487,11.585599430053563,0.18866769621807578,9.354957149238956,9.066243605847575,-0.2887135433913812,13.168231741817237,13.368236482776695,0.2000047409594572,4.828053198435413,4.50432212473936,-0.32373107369605236
2025-10-03,10.189868835179583,1,8.060485580560254,7.757700273654294,-0.3027853069059603,12.767042334653226,12.87738412791002,0.11034179325679361,12.178708283768302,12.469492912697532,0.29078462892923085,8.901392839467434,8.574601894012787,-0.32679094545464693,14.843138278917024,15.402075480173067,0.5589372012560432,4.388445693711262,4.0579583226298155,-0.3304873710814462
2025-10-10,10.206057783677837,1,6.977800678559248,6.581362369015096,-0.39643830954415193,12.486249712596745,12.58600737217408,0.09975765957733529,13.34461940949295,13.924455234443656,0.5798358249507061,8.408176921168803,8.026299817181908,-0.3818771039868949,14.76947446424687,15.291013007449422,0.5215385432025528,5.25002551600241,4.8272089018028765,-0.4228166141995331
2025-10-17,10.168824875400185,1,7.510916247525586,7.161082960397735,-0.34983328712785067,12.18908220584018,12.272978878305338,0.08389667246515842,13.388265484344657,14.00294230168629,0.6146768173416319,8.484328420932272,8.166249132374247,-0.3180792885580246,14.152816134912413,14.553293128615906,0.4004769937034922,5.287540758846006,4.856402851021585,-0.4311379078244215
2025-10-24,10.347915869941351,1,6.769362901344991,6.426432453903715,-0.342930447441276,11.589902347350176,11.617108757605365,0.02720641025518944,13.436290354548518,14.1183896456198,0.6820992910712818,9.291850980320277,9.036349153203389,-0.2555018271168876,13.500696035635713,13.853806967966193,0.3531109323304804,7.499392600448431,7.035408241349629,-0.4639843590988022
2025-10-31,13.36428930366384,1,6.667525424058482,6.105793345078098,-0.5617320789803841,15.28726518443942,14.778253288349575,-0.5090118960898451,12.608460746630712,12.741504487061931,0.13304374043121925,14.640692396788566,13.96558885019597,-0.6751035465925952,21.860775569953603,23.977139718058595,2.116364148104992,9.121016500112262,8.61745613323886,-0.5035603668734012
2025-11-07,12.845125223379334,1,6.798886725805517,6.31164751036259,-0.48723921544292637,15.466353860636957,14.951955799637318,-0.514398060999639,11.147530279027734,11.065872480760376,-0.08165779826735786,13.369841974451376,12.675627563867224,-0.6942144105841521,21.751644467557412,24.0036999670737,2.2520554995162883,8.536494032797009,8.061948018574782,-0.4745460142222271
2025-11-14,10.932794159691497,1,5.442623535150744,5.118542046726446,-0.32408148842429796,12.837904794777259,12.490227784929644,-0.3476770098476152,10.52115415012996,10.501964361201246,-0.01918978892871337,9.331641865009402,8.744290139400988,-0.5873517256084142,18.23845660868021,19.82637743419795,1.5879208255177417,9.224984004401406,8.91536319169272,-0.3096208127086868
2025-11-21,9.807698283438851,1,5.034952322764511,4.752314011639456,-0.282638311125055,12.467275988431851,12.206124474989522,-0.26115151344232856,7.883977743025753,7.74003369499988,-0.14394404802587246,8.632574708249464,8.088408186068534,-0.5441665221809302,17.366120911697365,18.847068903892165,1.4809479921947997,7.46128802646416,7.212240429043547,-0.24904759742061344
2025-11-28,8.581372327194215,1,4.125650737914896,3.908336985815282,-0.21731375209961357,10.71661415476892,10.502798845923493,-0.213815308845426,6.22656381125465,6.106579474336087,-0.11998433691856292,7.872314221269434,7.424237741317995,-0.44807647995143896,15.371529354969596,16.518918890737922,1.1473895357683261,7.175561682987791,7.02736202503452,-0.1481996579532705
2025-12-05,8.721058003399351,1,3.616394214519559,3.404043678821921,-0.21235053569763807,10.835121906489064,10.604661211594575,-0.2304606948944894,6.741147605367729,6.615480545193435,-0.12566706017429397,7.726133742653758,7.2507630335764475,-0.4753707090773105,15.513752386159396,16.67145583908001,1.1577034529206145,7.893798165206604,7.779943712129736,-0.11385445307686837
2025-12-12,26.94884863612587,5,17.15921657768915,15.346746721232776,-1.8124698564563744,26.714363950436947,23.425569441233435,-3.2887945092035125,29.272276775709813,28.216942449584025,-1.055334326125788,15.464240671698334,14.252484979626118,-1.2117556920722166,38.66532615401018,45.246699083332196,6.581372929322015,34.417667687210795,35.204649141746685,0.7869814545358906
2025-12-19,8.21955724417154,1,2.541862318845588,2.400167576549194,-0.14169474229639434,8.026538765159245,7.784070868146543,-0.24246789701270188,9.011054898206993,8.918306489496288,-0.09274840871070467,6.728973209269483,6.273985109117746,-0.45498810015173774,14.159930274321468,15.21086289826323,1.0509326239417618,8.848983999226462,8.729950523456253,-0.11903347577020895
2025-12-26,9.1243300746844,1,3.3634307859002206,3.132793229616027,-0.23063755628419358,10.473013794674799,10.197488773144997,-0.27552502152980196,9.296698386522351,9.143258345872567,-0.15344004064978378,6.451889308135165,5.848791195491913,-0.6030981126432522,16.36091282079346,17.83007965576192,1.469166834968462,8.8000353520804,8.593569248218941,-0.2064661038614588
2026-01-02,11.452045377679013,1,3.5595870143546477,3.159564572681404,-0.40002244167324363,14.24318657130857,14.114218421669051,-0.12896814963951897,9.05706156235128,8.74720588609749,-0.3098556762537896,12.420320625604745,11.644051547325333,-0.7762690782794124,19.861386815187956,21.759446641012758,1.8980598258248023,9.570729677266883,9.28778519728803,-0.28294447997885186
2026-01-09,12.109172572877787,1,3.7957963120210962,3.357058062217831,-0.43873824980326503,14.068264172222186,13.829497555506919,-0.23876661671526733,10.80987075951137,10.41629780689506,-0.3935729526163101,12.034035877470515,11.225561824255593,-0.8084740532149226,20.61784239912376,22.81511100625943,2.197268607135669,11.329225916917792,11.011509182131903,-0.3177167347858898
2026-01-16,12.451701653798894,1,3.259755788492157,2.859481788839787,-0.4002739996523701,14.39960863560998,13.997797616091887,-0.4018110195180924,10.425124083453369,9.962546275261431,-0.46257780819193783,13.312971293402768,12.355412613442553,-0.9575586799602149,21.99620285699531,24.596943077243054,2.6007402202477437,11.316547264839784,10.938028551914655,-0.3785187129251284
2026-01-23,12.662052504967555,1,5.011708481338445,4.364409061528278,-0.6472994198101674,12.95920801111491,12.448404216752579,-0.5108037943623316,12.535295982350078,12.058401463920816,-0.4768945184292619,11.414531957449995,10.530918320156289,-0.8836136372937062,21.861628286530262,24.73809094455177,2.8764626580215094,12.189942311021639,11.832091022895597,-0.3578512881260423
2026-01-30,12.605297462943568,1,7.462974129833384,6.84413717666888,-0.6188369531645037,13.210270883947558,12.74653085198139,-0.463740031966168,11.328982332198024,10.81002245564028,-0.5189598765577443,9.359490562565298,8.414150479116898,-0.9453400834484,21.485706569269794,24.289475066820998,2.8037684975512036,12.78436029984735,12.527468747432934,-0.25689155241441597
2026-02-06,13.318134144468273,1,8.354334467006154,7.660581395048695,-0.6937530719574596,15.394044526800485,15.271236433324319,-0.12280809347616639,11.83860367429952,11.309275948505672,-0.5293277257938485,9.583205608545953,8.593780121643235,-0.9894254869027179,21.7685537635557,24.41794366623708,2.649389902681378,12.970062826601819,12.655987302050647,-0.31407552455117127
2026-02-13,13.174140527930211,1,9.563692222216034,9.08219585955868,-0.48149636265735296,13.887123207526258,13.780016486148554,-0.10710672137770416,14.012914174956592,13.98733768022899,-0.02557649472760204,10.798468310629303,10.34672949783321,-0.4517388127960942,18.730692064172928,20.114768205766538,1.38407614159361,12.051953188080148,11.733795438045263,-0.3181577500348851
2026-02-27,14.590936401250636,1,10.007190551412563,9.399318257534134,-0.6078722938784296,18.020871244446923,18.473981819824132,0.45311057537720956,15.384220670484865,15.733474492949526,0.34925382246466086,14.137199085229298,13.866113869332523,-0.27108521589677537,18.628865781862018,19.311108669257138,0.6822428873951196,11.367271074068142,10.761621298606343,-0.6056497754617993
2026-03-06,9.811466645415322,1,6.5968853845268995,6.432288463184676,-0.16459692134222337,7.303709652000023,7.050841829280614,-0.2528678227194092,12.111656543317068,11.731046264155324,-0.3806102791617434,16.031598674278868,17.02488344629029,0.9932847720114211,9.440715536727367,9.237512624066483,-0.20320291266088475,7.384234081641708,7.392227245514505,0.007993163872797027
2026-03-13,10.149073366698055,1,8.127563737672062,7.908201862661571,-0.21936187501049176,4.980998803028925,4.609792806635781,-0.3712059963931438,9.301787099740139,8.624906353111811,-0.6768807466283278,17.195950927750005,18.533587322249815,1.3376363944998104,13.223372892987527,13.229984381896386,0.006611488908859542,8.06476673900967,7.987967473632992,-0.07679926537667825
2026-03-20,10.272918157279074,1,8.72189979586173,8.513052160697725,-0.2088476351640054,5.2846940348645575,4.905922735136258,-0.3787712997282995,8.760717063539133,8.118613236903911,-0.6421038266352213,16.89292211382083,18.16158170872194,1.2686595949011092,13.242857650302398,13.256249263345794,0.013391613043395978,8.734418285285798,8.682089838868848,-0.05232844641695067
2026-03-27,12.042534438654577,1,9.741962240587128,9.07387155739579,-0.6680906831913376,6.361871016316982,5.90915843459571,-0.45271258172127204,10.37708755117724,9.400948566507182,-0.9761389846700581,20.04197236947529,22.260347563765208,2.2183751942899192,12.421888929436193,11.956426852779586,-0.4654620766566069,13.310424524934632,13.654453656884002,0.34402913194936957
2026-04-03,11.092086138008815,1,9.285569648643786,8.786150294857023,-0.49941935378676305,5.110587092014285,4.743851818227384,-0.36673527378690096,12.361563187204183,11.35604733678693,-1.0055158504172539,20.422248873270433,22.873851919436177,2.4516030461657436,10.160546435356537,9.571464419072868,-0.589082016283669,9.212001591563663,9.221151039672506,0.009149448108843217
2026-04-10,11.557412543913026,1,10.260205423746271,9.713331017877138,-0.5468744058691328,6.428621816168473,5.9467662847715275,-0.4818555313969455,12.250104358182284,11.13430619773304,-1.1157981604492448,21.306553527239416,24.214196403576466,2.90764287633705,8.715306364749509,7.853024272502708,-0.8622820922468009,10.383683773392207,10.482851087017266,0.0991673136250597
2026-04-17,10.923176888850184,1,11.417495765282013,11.099841355255762,-0.3176544100262504,3.8359086833288103,3.4890274064340474,-0.3468812768947629,12.138027759160451,11.187061515898364,-0.9509662432620871,20.693245372283073,23.342256992874283,2.64901162059121,7.917966011034366,7.024055667668719,-0.893910343365647,9.53641774201239,9.396818394969884,-0.13959934704250543
2026-04-24,11.052976050744235,1,11.938744088390209,11.706910404915249,-0.23183368347496014,3.666355885184558,3.3171870821237803,-0.3491688030607776,12.1235172747555,11.289673990957112,-0.8338432837983873,19.96458532737502,22.28509686672949,2.32051153935447,7.892839655334711,7.030424270463058,-0.8624153848716531,10.731814073425411,10.688563689276677,-0.04325038414873461
2026-05-01,8.95573991837315,1,9.820045063600503,9.708392237264064,-0.11165282633643869,1.119211458479569,1.0005506436127263,-0.11866081486684266,10.80249035637081,10.168314275318053,-0.6341760810527575,17.40365283212212,19.027409927077727,1.6237570949556073,7.8257446751471775,7.261698370892049,-0.5640463042551289,6.76329512451872,6.5680740560742805,-0.19522106844443954
2026-05-08,8.169810289300392,1,7.0456893457461405,6.864810697474354,-0.18087864827178635,1.6382122528500105,1.4759926177077602,-0.16221963514225024,9.343427842986515,8.751999794544844,-0.5914280484416707,16.21694391010979,17.716915770346986,1.4999718602371956,8.660127845119689,8.22895012002887,-0.4311777250908193,6.114460538990201,5.980192735699518,-0.13426780329068322
2026-05-15,8.438278729501945,1,6.526479582174659,6.164607246602955,-0.36187233557170373,1.4393799050535847,1.3393206119148005,-0.10005929313878426,10.291974114934604,9.617066402957818,-0.6749077119767861,17.61824671688977,19.39996022213643,1.7817135052466568,9.563041194532403,9.085833849705324,-0.4772073448270788,5.190550863426651,5.022884043694347,-0.1676668197323039
2026-05-22,7.276284658289121,1,5.495086276031657,5.305757364958453,-0.18932891107320415,1.7215383205116268,1.6253739805327285,-0.09616433997889828,8.24736643380497,7.959204019547158,-0.28816241425781186,13.822460318163309,14.69952494806165,0.8770646298983422,9.29262077403068,9.073033026936955,-0.2195877470937262,5.078635827192485,4.994814609697784,-0.08382121749470173
2026-05-29,7.820110608781225,1,6.927394723847485,6.817689023665835,-0.10970570018164949,2.5443651728163985,2.4018526918630414,-0.1425124809533571,9.03424383823041,8.852975127780141,-0.1812687104502686,13.928526346328624,14.754029872770673,0.8255035264420485,9.244897023780922,8.984123541425092,-0.2607734823558303,5.241236547683513,5.1099933951825705,-0.13124315250094298
2026-06-05,7.166024057847063,1,7.409477117006531,7.272079227045111,-0.1373978899614201,2.0952607130280967,2.0025109247871598,-0.09274978824093694,6.472666418594656,6.231253966132186,-0.24141245246246967,12.942472139580929,13.707281229310283,0.7648090897293542,8.977269884495612,8.826723355055435,-0.15054652944017732,5.098998074376553,4.956295644752188,-0.1427024296243644
2026-06-12,7.315666778995269,1,6.609546301357014,6.48132190430168,-0.12822439705533384,2.22903948330584,2.0964856677932318,-0.13255381551260825,7.6312883345230915,7.447285474964261,-0.18400285955883078,12.744211675330533,13.419614347054733,0.6754026717241999,9.31294053396411,9.200705510275924,-0.11223502368818572,5.36697434549103,5.248587769581761,-0.11838657590926971
2026-06-19,7.203936694902805,1,6.291871219765682,6.1765372022235425,-0.11533401754213912,1.6404958724164658,1.5454980542519792,-0.0949978181644866,8.704143924600615,8.477408558440828,-0.22673536615978662,12.866498309467346,13.539777707984996,0.67327939851765,8.441692377522884,8.286898698427109,-0.1547936790957749,5.278918465643841,5.197499948088378,-0.0814185175554627
2026-06-26,7.625189156773504,1,6.534449862328486,6.374449318683773,-0.1600005436447134,5.048339209327509,4.634359274131725,-0.41397993519578336,9.068423154534912,8.697869034281254,-0.37055412025365797,15.20416476108123,16.690981301317592,1.4868165402363616,5.41192861279842,4.994175642655989,-0.4177529701424305,4.483829340570466,4.359300369570647,-0.12452897099981897
2026-07-03,8.174749265294944,1,8.915459068911773,8.914919704146527,-0.0005393647652454092,4.982770103097408,4.581854020646375,-0.40091608245103316,9.306612784964031,8.996311936606531,-0.3103008483574996,14.443658517546368,15.629144194174572,1.185485676628204,5.5884440161580216,5.265612465392252,-0.32283155076576975,5.811551101092064,5.6606532708034365,-0.1508978302886277
2026-07-10,8.262823166317128,1,9.284089373354803,9.27712596258597,-0.0069634107688330005,4.6449356056428,4.248220120847051,-0.3967154847957488,9.677911859354793,9.354126226557995,-0.32378563279679895,14.748406724586715,15.967488028749003,1.2190813041622874,5.571608637814293,5.23831782663413,-0.3332908111801629,5.649986797149367,5.491660832528609,-0.158325964620758
2026-07-17,10.423390984416159,1,12.669186717725722,13.105031891722206,0.4358451739964835,6.195310995427036,5.835895394467073,-0.35941560095996294,9.474866980469884,9.075925761642281,-0.39894121882760203,13.788158513631117,14.228423531398136,0.4402650177670182,13.172113695344834,13.403954980039487,0.23184128469465293,7.24070900389836,6.89111434722777,-0.34959465667058964
