date,TCI,lag_selected,FROM_Indonesia,TO_Indonesia,Net_Indonesia,FROM_Malaysia,TO_Malaysia,Net_Malaysia,FROM_Philippines,TO_Philippines,Net_Philippines,FROM_Singapore,TO_Singapore,Net_Singapore,FROM_Thailand,TO_Thailand,Net_Thailand,FROM_Vietnam,TO_Vietnam,Net_Vietnam
2014-12-19,13.021097698383954,1,17.60804814411523,19.3481285980685,1.7400804539532686,8.380193197772925,10.669016683994073,2.2888234862211476,16.917402097698883,14.044271810715543,-2.87313028698334,18.60287300673133,16.31897376442639,-2.2838992423049405,14.850882588927973,15.430978951182396,0.5800963622544231,1.7671871550573854,2.3152163819168265,0.5480292268594411
2014-12-26,12.747805826668625,1,17.25902536815498,19.174946210543823,1.915920842388843,8.057018658233517,10.76685604734179,2.709837389108273,16.667514653473475,13.672074210258046,-2.995440443215429,18.30837565234529,15.72171827334624,-2.5866573789990497,14.421304587055843,14.873736018969069,0.4524314319132259,1.773596040748643,2.2775041995528227,0.5039081588041796
2015-01-02,12.655046012984059,1,17.675915552963417,19.452868223716365,1.776952670752948,7.553974472597375,10.545880510836795,2.9919060382394207,16.41146936317446,13.605754211926921,-2.80571515124754,18.337858431610513,15.386435059288814,-2.951423372321699,14.297093995641589,14.613132189687718,0.3160381940461292,1.6539642619169967,2.3262058824477236,0.6722416205307269
2015-01-09,12.696160054993447,1,17.42441162856545,19.36352672440394,1.9391150958384884,7.516116237958585,10.282956171906704,2.76683993394812,16.373643287172243,13.64189537056889,-2.7317479166033536,18.210134240762216,15.334174299900454,-2.8759599408617618,14.986883866630905,15.20352525428109,0.21664138765018492,1.6657710688712797,2.350882508899602,0.6851114400283222
2015-01-16,12.763353189468146,1,17.50479192933078,19.415367031329637,1.9105751019988588,7.4816309491313575,10.189349937418086,2.7077189882867287,16.400321817341123,13.78594664563252,-2.614375171708602,18.406689226600946,15.617527699921652,-2.789161526679294,15.12787970806275,15.26597901796849,0.1380993099057406,1.6588055063419205,2.3059488045385024,0.6471432981965819
2015-01-23,13.045541053441573,1,17.84552769832719,19.69801823674476,1.8524905384175696,7.803165013905883,10.609886096937686,2.8067210830318032,16.520247242548635,13.797921131132156,-2.7223261114164785,18.916161290655054,16.17918438963551,-2.7369769010195455,15.505678710707187,15.692949830526459,0.1872711198192718,1.682466364505487,2.295286635672923,0.6128202711674362
2015-01-30,13.018781641412653,1,17.994559694881858,19.980690864862154,1.9861311699802968,7.902360312239637,10.358730761196526,2.456370448956889,16.48560296023757,14.022261929281925,-2.4633410309556467,18.627952350928098,15.728346798678956,-2.8996055522491417,15.453011927542107,15.788245224472675,0.3352332969305678,1.6492026026466533,2.234414269983688,0.5852116673370347
2015-02-06,12.97694674288722,1,18.132215270217657,19.907396080466683,1.7751808102490259,7.884232411918887,10.31522683448543,2.430994422566542,16.355422777220568,14.084404885500447,-2.2710178917201205,18.372565977369064,15.62502479771986,-2.747541179649204,15.360556571937366,15.718018854260222,0.3574622823228566,1.7566874486597754,2.21160900489069,0.45492155623091435
2015-02-13,13.069285695475564,1,17.924741875934217,19.591114885676262,1.6663730097420455,7.9838542758942594,10.403267381247801,2.4194131053535415,16.601173578975974,14.327167896703543,-2.2740056822724313,18.531368995203778,15.975144224719259,-2.556224770484519,15.535550763055582,15.969426850178039,0.4338760871224565,1.8390246837895745,2.149592934328439,0.3105682505388643
2015-02-27,13.3212612565559,1,18.178135787058466,19.911374590496678,1.733238803438212,8.032383902372786,10.694427418824034,2.6620435164512486,16.725289788546647,14.452242173843018,-2.2730476147036285,19.58258393712731,16.94719330204832,-2.6353906350789913,15.583054257705356,15.779490536592874,0.1964362788875178,1.8261198665248344,2.1428395175304757,0.31671965100564137
2015-03-06,14.012796271348748,1,19.989390049577423,21.35294129926757,1.363551249690147,8.858649778443692,11.801573258088737,2.942923479645046,16.53641975104864,14.659419863651465,-1.8769998873971758,19.633094584946676,16.452551881579794,-3.180542703366882,17.138095040997896,17.506973895247413,0.36887885424951605,1.9211284230781587,2.3033174302574935,0.3821890071793348
2015-03-13,14.10803631336406,1,19.994383585230693,21.914349397013154,1.9199658117824612,8.857458097621034,11.58457866761492,2.727120569993886,16.805336441692972,14.74794394213994,-2.057392499553032,19.651775855034217,16.441887820638698,-3.2098880343955187,17.41316332349433,17.67927862848981,0.26611530499548053,1.9261005771111144,2.2801794242878515,0.3540788471767371
2015-03-20,14.326832691126421,1,20.052078295619125,22.03159842378159,1.9795201281624628,9.23990743011683,11.456951922357845,2.2170444922410155,17.054407873141983,15.085500100177,-1.9689077729649824,19.743766123525447,16.704500935122752,-3.0392651884026947,17.991274834633955,18.413084376374044,0.4218095417400889,1.8795615897211917,2.2693603889453158,0.3897987992241241
2015-03-27,14.485941210180892,1,20.207265169378275,21.913580377456753,1.706315208078479,9.138789757780458,11.69770724752803,2.5589174897475715,17.58318150697565,15.775427637015639,-1.8077538699600098,19.834945783052575,16.697750652313843,-3.137195130738732,18.173272971475598,18.546383551853594,0.3731105803779968,1.9781920724228002,2.2847977949174663,0.3066057224946661
2015-04-03,14.531618600631974,1,20.27650629393949,21.940807873354714,1.6643015794152234,9.173128491972733,11.704919792681451,2.5317913007087185,17.665291137182663,15.94902387928235,-1.7162672579003129,19.901986129156626,16.728996548228267,-3.172989580928359,18.161884283118724,18.601624715710173,0.43974043259144935,2.0109152684216127,2.2643387945348934,0.2534235261132807
2015-04-10,14.38924532489951,1,19.8676935387263,21.55613358306077,1.6884400443344703,9.526747642614424,12.161681750977266,2.6349341083628417,17.186041386338246,15.365355190780463,-1.8206861955577835,19.801688684370234,16.60765596617847,-3.194032718191764,18.01655409332153,18.473917714115288,0.4573636207937568,1.9367466040263253,2.1707277442848465,0.23398114025852124
2015-04-17,14.37583851719515,1,19.97410990440524,21.459778502491616,1.4856685980863773,9.135492365172297,11.817867266130605,2.682374900958308,16.997189885765778,15.144750554712402,-1.8524393310533753,19.539316442673865,16.258291991956753,-3.281024450717112,18.471483272974922,19.022320480486925,0.5508372075120036,2.1374392321788065,2.5520223073926473,0.41458307521384086
2015-04-24,14.289193860593995,1,19.588503908399062,20.766381317731955,1.1778774093328934,7.981522482192901,11.750660636382293,3.769138154189392,17.05730151721467,15.01042706798043,-2.046874449234238,20.067293323042563,15.983988664857932,-4.08330465818463,18.669538720277757,19.543508231858084,0.8739695115803272,2.3710032124370173,2.6801972447532734,0.3091940323162561
2015-05-01,14.416463257486306,1,19.863141198213143,20.924048679307916,1.0609074810947732,8.064958870130042,12.625964336865906,4.561005466735864,16.68852130948754,15.15945470904066,-1.5290666004468818,20.19648954090208,15.126343164468892,-5.070146376433186,18.778066831548713,19.894497782434883,1.1164309508861692,2.907601794636321,2.7684708727995684,-0.13913092183675246
2015-05-08,14.075342620443758,1,19.681048305670345,20.22583801591422,0.5447897102438759,7.474096087119321,12.484175060108782,5.0100789729894615,16.099273319238662,14.867904826778485,-1.2313684924601773,20.033650782099826,14.890687283542675,-5.142963498557151,18.4249214086216,19.228030005071545,0.8031085964499454,2.7390658199127955,2.755420531246827,0.016354711334031435
2015-05-15,14.017606296080947,1,19.306867830096195,19.977728091379134,0.6708602612829395,7.352791376254288,12.642330893615366,5.289539517361078,16.25668729650087,15.145608664847472,-1.111078631653399,20.00612667173361,14.681674505412701,-5.32445216632091,18.269501749367762,18.81935687653005,0.5498551271622887,2.9136628525329513,2.8389387447009256,-0.07472410783202577
2015-05-22,13.77339075125665,1,18.895126383263403,19.632779801597025,0.7376534183336219,7.008745953863823,12.341908754559086,5.333162800695263,16.133321702311832,14.819091236875806,-1.314230465436026,19.800557395560787,14.48012748443962,-5.320429911121167,17.959259241885945,18.60083512481475,0.6415758829288052,2.8433338306541174,2.7656021052536346,-0.07773172540048279
2015-05-29,13.841029921452664,1,18.995512589555418,19.576500224952184,0.5809876353967667,7.092627696090844,12.669252809238472,5.576625113147628,16.206900501040906,14.959341693679619,-1.2475588073612869,19.90917074238699,14.447315257848231,-5.461855484538759,17.978700188191524,18.62852923910208,0.6498290509105544,2.8632678114502994,2.7652403038953963,-0.09802750755490308
2015-06-05,13.871649313962784,1,19.114960105106533,19.689288804891504,0.5743286997849708,7.09294654042705,12.647040289816402,5.554093749389352,16.239439049423822,14.991852986119227,-1.2475860633045954,20.052894708604157,14.486712394751152,-5.566182313853005,18.027257405439556,18.761531481887147,0.7342740764475906,2.702398074775587,2.653469926311246,-0.04892814846434135
2015-06-12,13.631791163448222,1,18.65313034782443,19.03223291264601,0.37910256482157934,6.964780034278732,12.40039262677324,5.435612592494508,16.00707622879061,14.802899334555462,-1.2041768942351467,19.728468515560706,14.293202839128995,-5.435265676431712,17.696603177792,18.568195542966876,0.8715923651748767,2.7406886764428577,2.693823724618781,-0.046864951824076684
2015-06-19,13.716512884087841,1,18.645041522607883,19.23697374990182,0.5919322272939382,7.075307779318905,12.562870052949819,5.487562273630914,16.046208979654423,14.87000166554651,-1.1762073141079128,19.77422709386778,14.318894213324981,-5.455332880542798,17.81392390543509,18.53404735419589,0.7201234487608019,2.9443680236429657,2.7762902686080224,-0.16807775503494327
2015-06-26,13.693607622349674,1,18.615952604786727,19.187175622414742,0.5712230176280144,7.076252720706222,12.528333144154715,5.452080423448493,15.907996229916549,14.819318018702432,-1.0886782112141162,19.73986541910375,14.32575422184938,-5.414111197254371,17.772192152851275,18.484620154618526,0.7124280017672504,3.0493866067335205,2.8164445723582077,-0.2329420343753128
2015-07-03,13.672588723217716,1,18.53657278780682,19.153856061977237,0.6172832741704184,7.061496300236826,12.51043213209158,5.4489358318547545,15.907697295602489,14.764267471839744,-1.1434298237627445,19.778343816900062,14.348486866786615,-5.429856950113447,17.790596887047883,18.514013613651827,0.7234167266039435,2.9608252517122224,2.7444761929592545,-0.21634905875296795
2015-07-10,13.509610921186358,1,18.373278069531466,18.644207147949544,0.270929078418078,6.602893717690705,11.936359803781215,5.33346608609051,16.14188030357434,15.134072473351921,-1.0078078302224185,19.339606237924002,13.984155791028272,-5.3554504468957305,17.778214722717806,18.604899852230034,0.826685129512228,2.8217924756798283,2.753970458777175,-0.0678220169026531
2015-07-17,13.592688199102744,1,18.523318458942484,19.137994883221054,0.6146764242785707,6.687136302425827,12.486786211414895,5.799649908989068,15.998790192912367,14.79473376771287,-1.2040564251994965,20.120458384504687,13.847988676147182,-6.272469708357505,17.627478124727574,18.63036535912221,1.0028872343946347,2.5989477311035216,2.6582602969982503,0.059312565894728664
2015-07-24,13.510616347919578,1,18.484008271522626,19.366795195560982,0.8827869240383563,6.63703088704203,12.262281128137388,5.625250241095358,15.809025885177675,14.408585921469125,-1.4004399637085498,20.357152695998906,14.057603855337845,-6.2995488406610605,17.35379264735012,18.271003188741915,0.9172105413917961,2.42268770042611,2.697428798270195,0.2747410978440854
2015-07-31,13.253729199258489,1,18.317166602272735,19.251612286069886,0.9344456837971507,6.101029282477569,12.44683150837723,6.345802225899661,15.46725258979852,14.106806054271303,-1.3604465355272168,20.248118158963223,13.47722160758022,-6.770896551383004,16.818962179395328,17.627467530431915,0.8085053510365867,2.5698463826435614,2.6124362088203696,0.04258982617680829
2015-08-07,13.11981249101054,1,18.327766032209155,19.10239162740652,0.7746255951973637,5.510527432809226,12.596793525386971,7.086266092577745,15.27115784735625,13.77567456847764,-1.4954832788786092,20.313751324724095,13.303041955080388,-7.010709369643706,16.656163100507328,17.30784407825601,0.6516809777486827,2.6395092084571843,2.633129191455666,-0.006380017001518468
2015-08-14,13.501290946463952,1,18.709338240987663,19.08324477535311,0.37390653436544596,5.399460416121471,13.08663179153308,7.687171375411609,16.09639502631005,14.92279549971714,-1.1735995265929091,20.585543245157083,13.45956386761658,-7.125979377540503,17.60478837892373,17.979582182726645,0.37479380380291616,2.612220371283712,2.475927561837125,-0.13629280944658717
2015-08-21,13.992551930520127,1,19.389021703495203,19.271223897035114,-0.1177978064600893,5.6734934403949495,13.80399669200601,8.13050325161106,16.54249168804745,15.027049887282345,-1.5154418007651032,21.433671927755455,13.598286844405266,-7.8353850833501895,18.72844713567069,19.81267795140124,1.0842308157305496,2.188185687757013,2.442076310990828,0.25389062323381495
2015-08-28,13.882534643345089,1,19.33523759717322,19.08323991939818,-0.25199767777503723,5.7355095421079625,13.622439203780274,7.886929661672312,16.37559009935387,14.853995453463398,-1.5215946458904739,21.08100359923894,13.264320944448869,-7.816682654790071,18.624663374200864,19.82407002914016,1.1994066549392954,2.1432036479956764,2.647142309839623,0.5039386618439465
2015-09-04,13.751426011347787,1,18.884155352043706,19.107225571808996,0.2230702197652903,5.457584013072378,13.384388412364473,7.926804399292095,16.48017834424809,14.8313498861055,-1.6488284581425887,20.968457348351834,12.904981354128992,-8.063475994222841,18.54443291870747,19.61384541296394,1.0694124942564684,2.173748091663242,2.666765430714804,0.493017339051562
2015-09-11,13.764786217880662,1,18.928418017819084,19.198242181393,0.26982416357391514,5.5709905858766575,13.320283807605747,7.74929322172909,16.46439139220938,14.939398291463633,-1.5249931007457462,20.91216097151205,12.904984015245745,-8.007176956266306,18.582349203073605,19.592832700135688,1.0104834970620828,2.1304071367931954,2.6329763114401743,0.5025691746469789
2015-09-18,14.029232465293523,1,18.888376203255234,19.09896262994002,0.21058642668478456,5.716207818637955,13.91899050167784,8.202782683039885,16.846978445156154,15.482622560799712,-1.364355884356442,21.363348576030447,12.967845724803695,-8.395502851226752,18.68459713770585,19.715806620974035,1.031209483268185,2.675886610975496,2.9911667535658353,0.3152801425903391
2015-09-25,14.087710140439478,1,18.936717725364076,19.291845945767875,0.3551282204037989,5.848192274409627,14.337407921049547,8.48921564663992,16.94851803633769,15.63144704091826,-1.317070995419428,21.46592455017658,12.950719613573838,-8.515204936602743,18.599483193811167,19.598553018422535,0.9990698246113681,2.7274250625377334,2.716287302904817,-0.0111377596329163
2015-10-02,14.193247045325014,1,18.770947060280577,19.3246901181913,0.5537430579107223,6.018367977248786,14.413704393087968,8.395336415839182,17.066344364598535,15.900236545133168,-1.166107819465367,21.743790538850874,13.210285877553886,-8.533504661296988,18.61172648235737,19.503087977762448,0.8913614954050786,2.9483058486139413,2.8074773602212986,-0.14082848839264273
2015-10-09,14.813638498021183,1,19.83239818583138,20.35204395105025,0.5196457652188684,6.897710197787035,15.31128553457981,8.413575336792775,17.656997658072186,16.298204872016427,-1.3587927860557585,22.44729230112175,14.143305538098247,-8.303986763023502,19.002352257729015,20.047834028825775,1.0454817710967603,3.0450803875857275,2.7291570635565705,-0.315923324029157
2015-10-16,14.963642106962938,1,20.05974576799032,20.714057678171258,0.6543119101809367,6.975635928831039,14.721652495318352,7.746016566487313,18.027709763464756,17.123484831946925,-0.904224931517831,22.27927740250965,14.204995359766428,-8.07428204274322,19.26592340242196,20.28242626941146,1.016502866989498,3.173560376559905,2.7352360071631665,-0.4383243693967387
2015-10-23,14.720344444441404,1,19.56951598656046,20.612769141622934,1.043253155062473,6.941412138984845,14.693360124424316,7.751947985439472,18.10801007041455,17.060675188338948,-1.047334882075603,22.295392879262394,14.216278704679894,-8.0791141745825,18.316562630520778,19.086659415915747,0.7700967853949692,3.0911729609053964,2.6523240916665998,-0.4388488692387966
2015-10-30,14.762951134584911,1,19.598594370278008,21.042332753971962,1.4437383836939546,6.986882171054162,14.963014477579677,7.976132306525514,18.00449050696905,16.91532638235921,-1.0891641246098374,22.49845317322078,14.213702796904428,-8.284750376316353,18.33537095547166,18.76871143437613,0.43334047890446925,3.1539156305158116,2.6746189623180783,-0.4792966681977333
2015-11-06,14.63932313285205,1,19.311626855931678,20.496641575011537,1.1850147190798594,6.876343635143215,14.631881517891898,7.755537882748683,17.830939002621093,17.006525119013972,-0.8244138836071215,22.166345524152078,14.481330394641645,-7.6850151295104325,18.177249535530635,18.518111765905914,0.3408622303752793,3.4734342437336068,2.7014484246473103,-0.7719858190862965
2015-11-13,14.77727075616905,1,19.45330064252444,20.90279009284106,1.4494894503166194,7.143400044456996,14.336142399863235,7.192742355406239,18.044804669333516,17.26655126746404,-0.7782534018694776,22.28228165135515,14.64207839482755,-7.640203256527599,18.279416991492027,18.824422622073442,0.5450056305814144,3.4604205378521726,2.691639759944991,-0.7687807779071818
2015-11-20,14.786329894214568,1,19.539433217706645,20.72797868057613,1.1885454628694845,7.223205052543676,14.369794482918394,7.146589430374718,18.058094785223133,17.398218080067664,-0.6598767051554688,22.05616791595952,14.522828314233635,-7.533339601725885,18.41039309736452,19.042197778142338,0.6318046807778188,3.430685296489912,2.656962029349259,-0.7737232671406531
2015-11-27,15.002948375562221,1,19.64360151253379,20.32354954371057,0.679948031176778,7.229389835097351,14.744272471207609,7.514882636110258,18.69552126109285,18.28452925041725,-0.4109920106755993,21.92702484952271,14.26793971261813,-7.659085136904579,18.8072768979646,19.58827892619003,0.78100202822543,3.714875897162031,2.809120349229701,-0.9057555479323298
2015-12-04,14.883260546015551,1,19.56336496205003,20.172047321986028,0.6086823599359974,7.44659953093965,14.331218051475062,6.884618520535412,18.47829173368747,18.233916409312926,-0.2443753243745448,21.047696767272853,13.83032139089103,-7.217375376381824,18.582321792007065,19.864447722672594,1.2821259306655293,4.1812884901362395,2.8676123797556556,-1.3136761103805839
2015-12-11,15.471060199620238,1,20.490761015725383,20.84199272965951,0.35123171393412633,8.111369418059255,14.808833991000029,6.697464572940774,18.843902348745658,18.069990087842882,-0.773912260902776,21.421465945426732,14.96890033923853,-6.452565606188202,19.931852753852425,21.311631372878495,1.3797786190260695,4.027009715911973,2.8250126771019666,-1.2019970388100063
2015-12-18,15.88573148589007,1,21.25509565846876,22.10893990184438,0.8538442433756188,7.8772913817905135,14.195232611506398,6.317941229715885,18.997713433826007,17.99708286877481,-1.0006305650511962,22.534612288513344,16.16091543779615,-6.373696850717195,20.487117180034502,21.95615028270339,1.469033102668888,4.162558972707288,2.8960678127152875,-1.2664911599920003
2015-12-25,15.836128899953188,1,21.043904772839227,21.241214597064825,0.19730982422559862,7.822764038782864,14.982530310210933,7.159766271428069,18.84758570632394,18.067464309407057,-0.7801213969168828,22.482796137597177,15.543822124505851,-6.938974013091325,20.557584429103613,22.045613750175505,1.4880293210718918,4.262138315072306,3.1361283083548983,-1.126010006717408
2016-01-01,15.69550891255964,1,20.762430554155884,20.9498238885745,0.1873933344186156,7.667255684296691,14.763690257326346,7.096434573029654,19.010975286042083,18.335331504248558,-0.675643781793525,22.02699409398582,15.133252208955952,-6.893741885029868,20.542523494085728,22.054079750336854,1.5115562562511258,4.162874362791641,2.936875865915624,-1.2259984968760165
2016-01-08,15.514295719450274,1,20.34500369567732,20.513491190393708,0.1684874947163877,7.667201897283917,14.598856792897493,6.931654895613576,18.693910578895142,18.314794079632463,-0.379116499262679,21.9047859152533,14.798405522769315,-7.106380392483985,20.38093592300558,21.96716513134136,1.58622920833578,4.093936306586386,2.8930615996673197,-1.2008747069190662
2016-01-15,14.939727422450959,1,19.43173954133367,20.16127628395526,0.7295367426215904,7.230844802048637,14.264259230134485,7.033414428085848,18.05604669158312,17.310439858020914,-0.7456068335622064,21.421641435810315,14.135358142596601,-7.286283293213714,19.227304316265986,20.78787856812231,1.5605742518563233,4.270787747664031,2.9791524518762316,-1.291635295787799
2016-01-22,14.929905402665446,1,19.557085385448403,19.972293018719967,0.41520763327156374,7.025971621036646,14.44836679242519,7.422395171388544,17.97208310555085,17.515948868608817,-0.4561342369420345,21.422267344820668,14.320641195898915,-7.101626148921753,19.326200427607986,20.357436968593902,1.0312365409859154,4.275824531528116,2.9647455717458513,-1.3110789597822645
2016-01-29,15.093983248803553,1,19.836153427438603,20.08434188145351,0.2481884540149082,7.182664772539198,14.678092370718204,7.495427598179006,18.287456973401873,17.742510467541436,-0.5449465058604375,21.646806346485874,14.623294348058934,-7.02351199842694,19.521020900326945,20.586323171101995,1.0653022707750495,4.089797072628826,2.8493372539472404,-1.240459818681586
2016-02-05,15.308409804000787,1,20.17647470907589,20.31715338102424,0.1406786719483506,7.474194177373988,15.514405035043325,8.040210857669337,18.274519643387706,18.097242556823645,-0.17727708656406094,21.75057157440156,14.607968831892066,-7.142602742509496,19.342261551844942,20.370448407024824,1.0281868551798823,4.832437167920631,2.943240612196618,-1.8891965557240127
2016-02-19,15.392332851758562,1,20.146896122629784,19.890274264203995,-0.2566218584257882,7.356279674516244,15.751821689528924,8.39554201501268,18.49540376199876,18.376951287666586,-0.1184524743321731,21.842331648278005,14.549224539532688,-7.293107108745318,19.655918679091613,20.84363458505173,1.1877159059601183,4.857167224036971,2.942090744567423,-1.9150764794695476
2016-02-26,15.49152210933777,1,20.089465294333607,19.491076079854537,-0.5983892144790701,7.279537651083743,17.10651516033313,9.826977509249389,18.986203589678738,18.71266865223518,-0.27353493744355717,22.777484405183827,14.59864881217473,-8.178835593009097,19.01352863629016,20.00995286284204,0.9964242265518806,4.802913079456545,3.0302710885870567,-1.772641990869488
2016-03-04,15.415057100987497,1,20.17410224797328,19.177782293836884,-0.9963199541363963,7.230030389231288,16.61265197055755,9.382621581326262,18.64314239343284,18.75551796583943,0.11237557240659157,22.846650890108407,14.796503855257612,-8.050147034850795,19.15406996309548,20.22641330327818,1.072343340182698,4.442346722083684,2.9214732171553237,-1.5208735049283604
2016-03-11,15.357512013383287,1,20.348679015414035,19.29419071048352,-1.0544883049305156,7.243503320601434,16.204304564165824,8.96080124356439,18.557392523428177,18.905882914901596,0.348490391473419,22.179715110808274,14.587516496206732,-7.592198614601543,19.102677476303157,20.27819229153745,1.175514815234294,4.713104633744649,2.8749851030046045,-1.8381195307400446
2016-03-18,14.940997932814994,1,20.130335244568215,19.399158746126403,-0.7311764984418119,7.048521244085904,16.009490407887142,8.960969163801238,17.837299378941708,18.50559901161678,0.6682996326750725,21.62670417446661,13.740981412353193,-7.885722762113417,18.60019099523396,19.91095026993655,1.3107592747025905,4.40293655959357,2.07980774896987,-2.3231288106237002
2016-03-25,14.864618459888367,1,20.11004369784588,19.314277369741106,-0.7957663281047758,6.994339126379103,15.783863075105629,8.789523948726526,17.835683152742348,18.324246191085166,0.4885630383428179,21.51719946492186,13.680123875778321,-7.837075589143538,18.438505158878655,19.673339276882842,1.234834118004187,4.291940158562355,2.4118609707371235,-1.8800791878252312
2016-04-01,14.774044383746315,1,20.204750530700252,19.56060189503245,-0.6441486356678041,6.752835775544341,15.915134144298207,9.162298368753866,17.50074848174515,17.89238599601771,0.3916375142725599,21.6346877860518,13.346715180916775,-8.287972605135025,18.240729368214147,19.42690332190125,1.1861739536871028,4.3105143602222,2.5025257643114713,-1.8079885959107287
2016-04-08,14.438665344940864,1,19.941341097546243,19.06693323632733,-0.8744078612189128,6.357043567912939,15.695045664311778,9.338002096398839,17.44083822449025,17.650350714164844,0.20951248967459435,20.921338469713362,12.917219552838375,-8.004118916874987,17.654008706633235,18.860111111919494,1.2061024052862592,4.317422003349151,2.4423317900834007,-1.87509021326575
2016-04-15,14.177403521282171,1,19.99790904490925,19.36545797712006,-0.6324510677891908,6.017314065242644,15.700831561611977,9.683517496369333,16.974124581145134,16.763817793620277,-0.210306787524857,20.632719244925056,12.389913620801792,-8.242805624123264,17.429271190134315,18.66105457915603,1.2317833890217145,4.013083001336625,2.1833455953828746,-1.8297374059537503
2016-04-22,14.021878907775772,1,19.813018268530627,19.43323935149502,-0.3797789170356083,6.161433935309077,15.641234056385414,9.479800121076337,16.503735940849964,16.239553431679624,-0.2641825091703396,20.761185734623353,12.342339424777236,-8.418846309846117,17.096608708407075,18.355934992983563,1.2593262845764883,3.7952908589345355,2.1189721893337747,-1.6763186696007608
2016-04-29,13.448121260251865,1,19.09395495199891,18.97248840351412,-0.12146654848478988,6.127348095094931,15.886668726644999,9.759320631550068,15.577458554410782,15.034463818920415,-0.5429947354903675,20.483588852512668,12.057588323602587,-8.42600052891008,15.81224244933594,16.499315195959127,0.687072746623187,3.594134658157955,2.238203092869938,-1.3559315652880173
2016-05-06,13.499602549603035,1,18.98337323158799,18.704292575372662,-0.27908065621532785,6.2493972982252615,16.162992231209145,9.913594932983884,15.526730170842441,15.242209579276505,-0.28452059156593634,20.57126206958752,12.071252049039472,-8.500010020548046,15.623487629038067,16.449130133749648,0.8256425047115812,4.043364898336932,2.367738728970764,-1.6756261693661685
2016-05-13,13.634479593173765,1,19.171388377060538,18.495607062955926,-0.6757813141046114,6.349663921354406,16.875096881249803,10.525432959895397,15.115224976473371,14.91654646837381,-0.19867850809956167,21.012270755716983,12.173676746669969,-8.838594009047014,15.936703448635768,16.7370689762038,0.800365527568033,4.221626079801524,2.6088814235892386,-1.6127446562122856
2016-05-20,13.583965737544725,1,19.11324320741177,18.074941459324847,-1.0383017480869228,6.326389611119197,17.305805075163235,10.979415464044038,14.782867345865398,14.60038428397334,-0.1824830618920572,21.080965004450576,12.140726368518315,-8.94023863593226,15.847472153683626,16.744229341271065,0.8967571875874398,4.3528571027377865,2.637707897017563,-1.7151492057202233
2016-05-27,13.526484741633402,1,19.065118725306334,18.119844031451393,-0.945274693854941,6.407240065902926,17.147113928705977,10.739873862803051,14.763838345245205,14.77763156123261,0.01379321598740546,20.857900267574834,11.981586143221463,-8.876314124353371,15.70862366265159,16.63705237475925,0.9284287121076602,4.356187383119519,2.495680410429685,-1.8605069726898336
2016-06-03,13.554640821269174,1,19.01608437574383,17.961627849900097,-1.054456525843733,6.3247025068535265,17.334553472641332,11.009850965787805,14.963028350307255,14.954576516904424,-0.008451833402830289,20.905424050758683,11.909365770558097,-8.996058280200586,15.725889770975868,16.618158226935833,0.8922684559599645,4.392715872975884,2.549563090675278,-1.8431527823006064
2016-06-10,13.698999326015631,1,19.28104105852421,18.44890820936861,-0.8321328491555988,6.412160606325017,16.848042014325173,10.435881408000157,15.302008582346247,15.333140638150255,0.03113205580400802,20.99072960969589,12.414232685055026,-8.576496924640864,15.804458155643857,16.676777953333797,0.87231979768994,4.403597943558566,2.4728944558609385,-1.9307034876976275
2016-06-17,13.755604830301985,1,19.227427376739925,18.329213503783038,-0.8982138729568874,6.442668354895545,16.808237974979036,10.365569620083491,15.651187717946641,15.745010674739504,0.09382295679286301,21.057216590655315,12.416631128346367,-8.640585462308948,15.766915038905637,16.6645566964319,0.8976416575262647,4.388213902668852,2.569979003532083,-1.818234899136769
2016-06-24,13.655884117685401,1,19.19504479726524,18.283268769517562,-0.9117760277476776,6.059756256226905,16.560369149485453,10.500612893258548,15.503579175934405,15.59578112477054,0.0922019488361343,20.822389502777042,11.960121032663082,-8.86226847011396,15.932878390469554,16.99269996659673,1.0598215761271774,4.421656583439258,2.5430646630790505,-1.8785919203602077
2016-07-01,13.51111873971274,1,18.789418663218797,17.974646033291123,-0.8147726299276741,5.990533291332611,16.434242003352438,10.443708712019827,15.430619554710105,15.684955833800828,0.25433627909072243,20.635846830356215,11.69424296684285,-8.941603863513365,15.630174648835805,16.64782993431534,1.0176552854795347,4.590119449822907,2.6307956666738335,-1.959323783149074
2016-07-15,13.609978074216478,1,19.194776886024172,18.27760497563473,-0.9171719103894418,5.8534960513280225,16.340119447976093,10.48662339664807,15.53585063449566,15.821404237470858,0.28555360297519883,20.63823143896532,11.754983980507077,-8.883247458458243,15.792096179008666,16.855736076285567,1.0636398972769001,4.645417255477028,2.6100197274245573,-2.0353975280524708
2016-07-22,13.558634149104526,1,19.1781720622799,18.49316994405578,-0.6850021182241193,6.001063685806315,15.85728992383828,9.856226238031965,14.985571602289113,15.459235328583503,0.47366372629439013,21.094544252300068,12.308442390074248,-8.78610186222582,15.597509642583475,16.705557671658042,1.108048029074567,4.494943649368281,2.528109636417284,-1.9668340129509971
2016-07-29,13.634199191320107,1,19.372369367279703,18.49611570060324,-0.8762536666764618,5.955054155731119,15.870780309331792,9.915726153600673,15.079428946715765,15.979506869179602,0.9000779224638364,21.07859877580178,12.147339083408696,-8.931259692393084,15.747556775317236,16.878085159444908,1.1305283841276719,4.57218712707504,2.4333680259524186,-2.138819101122621
2016-08-05,13.096871279663846,1,17.748331474508603,16.96499165285971,-0.7833398216488945,5.871117954185024,15.61801046735954,9.746892513174515,15.379700689067576,16.46663132407754,1.0869306350099635,19.976099666676262,11.24264581639909,-8.733453850277172,14.65019258295672,16.036026702894546,1.385834119937826,4.955785310588894,2.2529217143926985,-2.7028635961961953
2016-08-12,13.026832242646899,1,17.503811135103362,16.528358419779735,-0.9754527153236268,5.705454211278379,15.518984764861216,9.813530553582837,15.406442993318976,16.747001797227426,1.3405588039084506,19.873106820024333,11.258468842482117,-8.614637977542216,14.383353850345415,15.88247742172635,1.4991235713809345,5.288824445810931,2.2257022098045667,-3.0631222360063646
2016-08-19,12.209181652462526,1,16.494986469370858,15.28682569956662,-1.2081607698042376,4.8981412583288915,14.630264744337467,9.732123486008575,13.929987256604448,15.669057464299456,1.7390702076950078,19.2140286838182,10.582698206564217,-8.631330477253982,13.631216859836556,14.920446709280355,1.2892298494437995,5.086729386816202,2.165797090727011,-2.920932296089191
2016-08-26,12.170308952629254,1,16.560301403951357,15.449094408431748,-1.111206995519609,4.901086610719744,14.72705215434992,9.825965543630176,13.872716664783681,14.97965405858615,1.1069373938024683,19.29624221915863,10.658647050553228,-8.6375951686054,13.799102836921989,14.888268187475248,1.0891653505532588,4.592403980240121,2.3191378563791574,-2.2732661238609637
2016-09-02,12.182989949046325,1,16.50818291155862,15.695526235544179,-0.8126566760144414,4.994967612986528,14.661761555855136,9.666793942868608,13.881548622957382,14.760517054542845,0.8789684315854629,19.431484826761235,10.775189226540078,-8.656295600221156,13.75725435401904,14.988710082955237,1.2314557289361971,4.52450136599515,2.216235538840465,-2.3082658271546848
2016-09-09,11.782065300779244,1,15.998678916087059,14.563810356551485,-1.4348685595355732,4.174070443043021,14.310898517781467,10.136828074738446,13.482605683314006,14.489554277582585,1.0069485942685787,19.20783629662772,10.299356406275336,-8.908479890352382,13.484276198448839,14.849146633043887,1.3648704345950478,4.344924267154823,2.17962561344072,-2.1652986537141032
2016-09-16,11.783081301912112,1,15.518619230872275,13.996529031444325,-1.52209019942795,4.08644468922698,14.488566206050763,10.402121516823783,14.303119312595982,14.69214296711813,0.3890236545221484,18.49362168305815,10.162448065646274,-8.331173617411878,13.739534376916097,14.968521253259269,1.2289868763431713,4.557148518803189,2.390280287953942,-2.1668682308492464
2016-09-23,11.150089906259284,1,14.792016976922426,13.171708709743513,-1.6203082671789133,3.614029103476355,13.833612451267243,10.219583347790888,13.35876666009176,14.013569344735714,0.6548026846439541,17.668608601866666,9.309630683885686,-8.35897791798098,12.981895077570016,14.143390689622663,1.1614956120526472,4.485223017628485,2.4286275583008745,-2.0565954593276103
2016-09-30,11.105053785799797,1,14.795110151051531,13.145550228726393,-1.649559922325139,3.6431167318523165,13.783312122583354,10.140195390731037,13.217212015120865,14.151895120436336,0.9346831053154716,17.203330948923607,8.985198051322982,-8.218132897600626,12.927851504788194,14.141266810740106,1.2134153059519122,4.843701363062266,2.4231003809896094,-2.4206009820726564
2016-10-07,11.235711643260132,1,14.77296995995033,13.341083197134097,-1.4318867628162337,3.629154867183999,13.568505262146573,9.939350394962574,13.690361818298001,14.616208748872523,0.9258469305745223,17.536644115305734,9.381809763711587,-8.154834351594147,12.907964519091578,14.000621025757212,1.0926565066656337,4.877174579731147,2.5060418619387974,-2.3711327177923494
2016-10-14,11.19637671056262,1,14.570322538521978,12.961629858790332,-1.6086926797316465,3.6270459208382277,13.562558311949289,9.935512391111061,13.834920342744567,14.37380608818556,0.538885745440993,17.62964284524456,9.519542020558333,-8.110100824686228,12.943680604341623,14.085102553167687,1.1414219488260642,4.5726480116847625,2.6756214307245187,-1.8970265809602438
2016-10-21,11.19991023300985,1,14.77479740025737,12.769073460689896,-2.005723939567474,3.609815826124432,13.151126744360752,9.54131091823632,13.43046277806009,14.231057991112166,0.8005952130520768,17.614601376788002,9.5683798574875,-8.046221519300502,12.919563754143155,13.97879912170643,1.059235367563275,4.850220262686051,3.501024222702327,-1.349196039983724
2016-10-28,10.894033586396041,1,14.520331502901968,12.364574245575184,-2.1557572573267834,3.4908829189859887,12.720085395176454,9.229202476190466,12.838566128666514,13.862267513927279,1.0237013852607646,17.326673352856147,9.130820242007928,-8.195853110848219,12.383821048201938,13.577468885165999,1.193647836964061,4.803926566763693,3.7089852365234037,-1.0949413302402888
2016-11-04,10.959553476740382,1,14.92172552805907,12.241618338444155,-2.6801071896149153,3.655703038339354,12.865373816649637,9.209670778310283,13.01747913927096,13.838143129816828,0.8206639905458673,17.19157136894296,9.812687075450498,-7.378884293492462,11.969946234046006,13.358572287939324,1.3886260538933186,5.000895551783941,3.6409262121418493,-1.3599693396420918
2016-11-11,10.487174160638128,1,14.178937784772032,11.283724339041271,-2.895213445730761,3.7424973370876984,13.184773415854394,9.442276078766696,12.23514369124932,12.922703796430696,0.687560105181376,16.696301041231976,9.754061617599007,-6.942239423632969,11.182065414475545,11.962043396433572,0.7799779819580266,4.888099695012201,3.81573839846979,-1.072361296542411
2016-11-18,10.327040696808005,1,14.153237178169164,11.483177136419329,-2.670060041749835,4.110715036591628,13.25067081713027,9.139955780538642,11.809249751277108,12.987187670622944,1.1779379193458368,15.691708841779487,8.85961184894947,-6.832096992830017,11.076899494163825,11.48929158069501,0.41239208653118453,5.1204338788668196,3.8923051270310367,-1.2281287518357829
2016-11-25,10.316796076415804,1,13.859875426925967,11.412980277123168,-2.446895149802799,3.9734970778830387,13.354742274151064,9.381245196268026,12.13829503460434,12.877524795515441,0.7392297609111012,15.670632918363381,8.773539299635814,-6.897093618727567,11.077025355044086,11.511542011387775,0.4345166563436891,5.181450645674005,3.970447800681555,-1.21100284499245
2016-12-02,10.104293497327838,1,13.41636047042472,10.840967227797407,-2.575393242627314,3.903097146244008,13.394682445166893,9.491585298922885,12.340288294545203,12.876097212057616,0.5358089175124121,14.489174906536704,8.079298972015522,-6.409875934521182,10.920883990765432,11.4554387682672,0.5345547775017678,5.555956175450959,3.979276358662389,-1.5766798167885696
2016-12-09,10.0643284081496,1,13.239191111496538,10.903798348938523,-2.3353927625580155,3.8930033774742157,12.99287163307207,9.099868255597855,12.268417528213334,12.934778337137558,0.6663608089242246,14.42902965279238,7.9827458810066645,-6.4462837717857155,11.155763931398155,11.669987989976605,0.5142240585784492,5.400564847522972,3.9017882587661887,-1.4987765887567832
2016-12-16,9.966709700397587,1,13.154174630942265,10.818252591570726,-2.335922039371539,3.9621314292347876,12.989773371903212,9.027641942668424,12.102007041913907,13.044048039368562,0.9420409974546544,14.181149489774356,7.63361980547819,-6.547529684296165,10.919985187910484,11.278875622741921,0.35889043483143723,5.480810422609721,4.0356887713228815,-1.44512165128684
2016-12-23,10.142344355221494,1,13.26125759940237,11.284335926841123,-1.9769216725612466,4.013286161450765,13.003361308313558,8.990075146862793,12.5098348533122,13.831923275039117,1.3220884217269173,14.731906959334765,7.83651408768678,-6.895392871647985,10.927005778739243,11.197653401768932,0.2706476230296886,5.410774779089621,3.7002781316794113,-1.71049664741021
2016-12-30,10.332211553289335,1,13.4440759992941,11.636758412314862,-1.807317586979238,4.206981625208684,13.066555364374238,8.859573739165555,13.022031374136972,14.427217798241884,1.4051864241049117,14.66094148172013,7.832605418757481,-6.828336062962649,11.071627312149005,11.358263407636088,0.2866360954870828,5.587611527227125,3.671868918411434,-1.915742608815691
2017-01-06,10.457439025817978,1,13.312823446602295,11.760809151306887,-1.5520142952954075,4.562572496221932,13.251556884276653,8.68898438805472,13.449740255102427,14.574996145065825,1.1252558899633982,14.731015302859518,8.009927921577358,-6.72108738128216,11.155587939202618,11.471631889624462,0.3160439504218431,5.532894714919081,3.6757121630566587,-1.8571825518624223
2017-01-13,10.592097370389778,1,13.600200158455323,11.95224724146513,-1.6479529169901923,4.369135381078593,12.048665728518301,7.679530347439709,13.76251827700986,15.811932329501758,2.0494140524918976,14.350415850118338,7.261156369438879,-7.089259480679459,12.49876238353096,12.948212809999347,0.4494504264683883,4.971552172145593,3.530369743415264,-1.441182428730329
2017-01-20,10.62021578352842,1,13.93155502915144,11.74381399472496,-2.1877410344264803,4.439536592002355,12.115253904621412,7.6757173126190565,13.932683358579027,15.843632267741782,1.9109489091627552,14.019808945761696,7.578648116142048,-6.441160829619648,12.60574550570783,12.988792258207937,0.3830467525001069,4.791965269968173,3.4511541597323685,-1.340811110235805
2017-01-27,9.637791735915142,1,13.451050767419432,11.307875281163547,-2.1431754862558847,4.1227657324001115,12.613354947703456,8.490589215303345,11.85532260147636,12.899034610908132,1.043712009431772,13.719047965885707,7.4018407159692,-6.317207249916507,9.84102726720478,10.123747864621038,0.2827205974162581,4.83753608110446,3.4808969951254625,-1.3566390859789976
2017-02-03,9.58803587905362,1,13.576065085268993,11.254977648355279,-2.3210874369137144,4.21597885186813,12.704808022343428,8.488829170475299,11.86383520663891,12.501743142377578,0.6379079357386672,13.571661934337243,7.317950409922986,-6.253711524414257,9.403556670488442,10.273537732986526,0.8699810624980842,4.897117525720006,3.475198318335913,-1.421919207384093
2017-02-10,9.83766006270892,1,14.14305527027284,11.568004691242564,-2.5750505790302753,4.2296460949689845,12.800644750622354,8.57099865565337,12.669703688647047,13.252135094837868,0.5824314061908211,12.84109209545646,6.5714780417526555,-6.269614053703805,10.21155217337244,11.318529177971413,1.1069770045989742,4.930911053535752,3.5151686198266816,-1.4157424337090703
2017-02-17,9.988185894058647,1,14.406901669876106,11.752002286670745,-2.654899383205361,4.270844656212219,12.727567295215934,8.456722639003715,13.178098511590775,13.144630534332322,-0.03346797725845363,12.90861689978803,6.714202324328767,-6.1944145754592626,10.471666968670135,12.027567189621806,1.5559002209516706,4.692986658214622,3.5631457341822994,-1.1298409240323224
2017-02-24,10.011386773503096,1,14.29653325811229,11.72893976472649,-2.5675934933858002,4.3770529850081346,12.781911465125717,8.404858480117582,13.394056838053231,13.132154638296058,-0.26190219975717355,12.868406565656613,6.7547721182059774,-6.113634447450636,10.462713729350327,12.12183819938177,1.6591244700314434,4.669557264837977,3.548704455282561,-1.1208528095554158
2017-03-03,10.827611294353607,1,15.238108949380106,12.159798126378604,-3.0783108230015017,4.622900374096375,12.919880119391905,8.29697974529553,14.949939560998644,14.742198042977932,-0.20774151802071117,13.622159194475515,7.633235456193276,-5.988923738282239,11.870773616434036,14.157935758224454,2.287162141790418,4.661786070736966,3.352620262955483,-1.3091658077814827
2017-03-10,10.553283311730604,1,15.369206321940041,12.066620429096815,-3.3025858928432257,4.346044255883953,12.943218591523504,8.59717433563955,14.092927576606854,14.306403115946381,0.21347553933952668,13.095245125260206,7.163995389768871,-5.931249735491335,11.820150240516242,13.402024590162043,1.5818743496458012,4.596126350176334,3.437437753886016,-1.1586885962903182
2017-03-17,10.70165161510144,1,15.642060069807911,12.252887466504433,-3.3891726033034786,4.658997280479795,13.155311168425868,8.496313887946073,14.142971356554554,14.596311782200331,0.45334042564577715,13.078284671281338,7.130444873417844,-5.9478397978634945,12.072964993470208,13.777699268503426,1.7047342750332177,4.614631319014833,3.297255131556753,-1.3173761874580805
2017-03-24,10.807470197739512,1,15.665536772474155,12.33716007324206,-3.328376699232095,4.614896377163248,13.56392516106527,8.949028783902023,14.257918724639339,14.525516595727296,0.26759787108795763,13.77957848183874,7.308975708644056,-6.470602773194685,12.113716562297967,13.740484355784162,1.626767793486195,4.413174268023624,3.3687592919742286,-1.0444149760493957
2017-03-31,10.847207196672246,1,16.202246607493677,12.685977942919266,-3.5162686645744117,4.783622853072629,13.695657727827808,8.912034874755179,14.389600784588325,14.39901008490898,0.009409300320655234,13.042368976992009,6.7446324247388105,-6.297736552253198,12.383912130681779,14.101528223759857,1.7176160930780782,4.281491827205059,3.4564367758787284,-0.8250550513263306
2017-04-07,10.177014511515127,1,14.976985637782306,11.954216671625218,-3.022768966157088,4.61076723717558,13.319613386731788,8.708846149556209,12.981522458634231,13.406522614418378,0.4250001557841472,12.529637659535865,5.969627794200889,-6.560009865334976,11.807028111415576,13.26613758692848,1.4591094755129035,4.156145964547207,3.145969015186026,-1.0101769493611812
2017-04-14,10.32443177559936,1,15.29499450666016,12.111362722756127,-3.1836317839040333,4.638268719681562,13.427703209480939,8.789434489799376,13.768066033702297,13.421472551699978,-0.3465934820023193,12.63200535946332,5.955442733661769,-6.676562625801552,12.116673878174609,13.828069191018486,1.7113953128438766,3.4965821559142114,3.202540244978863,-0.2940419109353485
2017-04-21,10.174203961249018,1,14.967192026685836,11.887908803829603,-3.0792832228562332,4.318958630876651,13.143752900364177,8.824794269487526,13.612670681138667,13.203448830148957,-0.4092218509897094,12.718041271837507,6.03798293512493,-6.680058336712577,12.110892341340772,13.709034892376295,1.5981425510355223,3.3174688156146743,3.0630954056501025,-0.2543734099645718
2017-04-28,9.920043163899798,1,14.861895763175198,11.319455153961314,-3.542440609213884,4.261632653338793,13.364798922946918,9.103166269608124,13.611199789687788,13.236963164871113,-0.37423662481667463,12.700454419645382,5.737945161649705,-6.962509257995677,11.83629056130549,13.347939571369096,1.511649010063607,2.248785796246139,2.513157008600615,0.2643712123544759
2017-05-05,9.928511310093802,1,15.029892101749198,11.87617914729141,-3.153712954457788,4.652535206212747,13.435039005059068,8.78250379884632,13.38468219762926,12.996884132544793,-0.3877980650844677,12.511565937344912,5.581356388816616,-6.930209548528296,11.558313814087072,13.307582206910524,1.7492683928234527,2.434078603539618,2.3740269799404103,-0.06005162359920746
2017-05-12,9.903171277401713,1,14.866267658352669,11.69686351621003,-3.169404142142639,4.581933342826275,13.465905162760578,8.883971819934303,13.39210049943378,12.824569912147993,-0.5675305872857876,12.776136387912615,5.780350861395561,-6.995785526517054,11.378705426290097,13.146600075517185,1.7678946492270882,2.423884349594843,2.504738136378961,0.08085378678411814
2017-05-19,9.87304828014262,1,14.778627826462454,11.609636962667693,-3.168990863794761,4.743375387865939,13.446461540743769,8.70308615287783,13.366068596346423,12.884475232081698,-0.4815933642647252,12.706261954043114,5.748484419604026,-6.957777534439089,11.235289361761929,13.03100958062177,1.7957202188598416,2.4086665543758556,2.5182219451368013,0.10955539076094567
2017-05-26,9.737133092009737,1,14.492356150303081,11.326412853405301,-3.1659432968977796,4.687114601187247,13.570456684160291,8.883342082973044,13.194707289986269,12.721936716621315,-0.4727705733649543,12.58855298963465,5.386436757511419,-7.202116232123231,11.058895189300316,12.870690116205353,1.811794926905037,2.401172331646862,2.5468654241547455,0.14569309250788365
2017-06-02,9.90907438112035,1,14.72231016952,11.561155696521425,-3.161154472998575,4.717128633721501,13.697034542096674,8.979905908375173,13.385484545272604,12.90607838752257,-0.47940615775003437,12.968290005513722,5.5996386382521735,-7.368651367261549,11.230378513391088,12.977024240712723,1.746645727321635,2.430854419303188,2.713514781616581,0.2826603623133934
2017-06-09,9.694338584397562,1,14.627622093834631,11.767443930181372,-2.8601781636532593,4.687495462967931,13.777310961698177,9.089815498730246,12.610053045255498,12.268437010907547,-0.3416160343479504,13.183574679549238,5.6990970494136235,-7.484477630135615,10.581437230484099,12.13592170813476,1.5544844776506608,2.475848994293969,2.5178208460498723,0.041971851755903344
2017-06-16,9.783851418261746,1,14.245000844936271,11.723027595805505,-2.5219732491307667,4.875401447954815,14.357547561893995,9.48214611393918,12.689787533085735,12.05346582764129,-0.6363217054444448,13.192412762205677,5.431180829404752,-7.761231932800925,11.284952161731539,12.54201936810054,1.2570672063690012,2.415553759656433,2.595867326724388,0.1803135670679552
2017-06-23,9.787759656843257,1,14.454221650682726,12.121369783387138,-2.332851867295588,4.951213073582878,14.03985431626694,9.088641242684062,12.712247129700344,11.770604498643777,-0.9416426310565669,12.89854564803069,5.557716726972018,-7.340828921058673,11.32743421839298,12.537026628527954,1.2095924101349738,2.3828962206699202,2.6999859872617407,0.3170897665918204
2017-07-07,9.772621645970204,1,14.531892432509892,11.849204019961505,-2.682688412548387,4.758923666558772,13.962757906543104,9.203834239984332,12.686184864550256,11.774390468995534,-0.9117943955547219,12.854523255114245,5.592148447591569,-7.262374807522676,11.45359993678413,12.739932929640517,1.2863329928563871,2.350605720303932,2.7172961030889837,0.36669038278505184
2017-07-14,9.798663070289829,1,14.59728386962577,11.946201262768497,-2.6510826068572726,4.949044216083038,13.824562945068422,8.875518728985384,12.863747483883444,12.029953448245024,-0.8337940356384195,12.553065797963043,5.354549928779775,-7.198515869183268,11.471980077845487,12.836737099997649,1.3647570221521619,2.356856976338193,2.7999737368796502,0.4431167605414572
2017-07-21,9.66640811060155,1,14.390863554693624,11.829230751387954,-2.5616328033056703,4.8450111149322055,13.41149416406239,8.566483049130184,12.571355377699135,12.015313843967448,-0.5560415337316869,12.459810237185863,5.505470405137302,-6.954339832048561,11.23991042400526,12.441702138306027,1.201791714300768,2.491497955093209,2.7952373607481746,0.3037394056549658
2017-07-28,9.757916794447441,1,14.414660843184137,11.869099462887903,-2.5455613802962347,5.0610247649343165,13.787344719216492,8.726319954282175,12.566184163137095,11.984880247932907,-0.5813039152041881,12.599504947173344,5.51166616140479,-7.087838785768554,11.236967498767399,12.429658310673716,1.192690811906317,2.6691585494883583,2.964851864568871,0.2956933150805128
2017-08-04,9.837447472179827,1,14.660386986794549,11.869780698890963,-2.790606287903586,5.017789820599546,13.599940594194166,8.58215077359462,12.288157587894503,11.695088185662001,-0.5930694022325014,12.830301162894017,6.024761303132024,-6.805539859761993,11.37187253735263,12.610924851196074,1.2390523138434446,2.85617673754372,3.2241892000036927,0.36801246245997277
2017-08-11,9.72770603861742,1,14.712892804094835,11.582309948225543,-3.1305828558692923,4.888758755731885,13.285880990510506,8.397122234778621,12.29281472009778,11.6675258733612,-0.6252888467365807,12.418651909485945,5.674820863172016,-6.743831046313929,11.231842489043757,12.623478049663845,1.391635560620088,2.8212755532503166,3.5322205067714236,0.710944953521107
2017-08-18,9.678134126763574,1,14.463165624580725,11.286397585954262,-3.176768038626463,4.841025363777902,13.885940416684292,9.04491505290639,12.204432409096384,11.529319009409036,-0.6751133996873477,12.688348335285056,5.423758672734721,-7.2645896625503354,11.059105358034515,12.44983188255128,1.390726524516765,2.8127276698068613,3.493557193247838,0.6808295234409769
2017-08-25,9.869600540968838,1,14.667970221647039,11.397707201222033,-3.2702630204250056,5.16939289116452,13.976426261671804,8.807033370507284,12.586832107352038,11.879983631408521,-0.7068484759435165,12.84960609889977,5.771612720214193,-7.077993378685576,11.118046389024869,12.639128948760018,1.5210825597351487,2.8257555377247883,3.5527444825364967,0.7269889448117084
2017-09-01,9.846064610480846,1,14.681068273302714,11.523664131809596,-3.1574041414931173,5.237909548861111,13.836559331861324,8.598649783000212,12.526232294778467,11.887990671005369,-0.6382416237730979,12.786537436784926,5.762789646281817,-7.0237477905031085,10.96954911648713,12.541797982089491,1.5722488656023614,2.875090992670735,3.523585899837471,0.6484949071667359
2017-09-08,9.88865734057953,1,15.063294809088916,11.261162954676706,-3.8021318544122096,5.117870821072771,13.523983373171973,8.406112552099202,12.461831257775756,12.103770166342287,-0.35806109143346987,12.884778969032823,6.040512048253177,-6.844266920779646,10.987919890577615,12.614866186866948,1.6269462962893328,2.8162482959292987,3.787649314166103,0.9714010182368042
2017-09-15,9.68597536679914,1,14.681810583927202,10.832383710365647,-3.849426873561555,4.989397101744046,12.99722996806858,8.007832866324534,12.34566393141877,12.019681916236209,-0.32598201518256076,12.315568734600319,5.988822572237822,-6.326746162362497,10.872496299843817,12.46395889998766,1.591462600143842,2.910915549260679,3.813775133898872,0.9028595846381933
2017-09-22,9.609504261160737,1,14.473723600218392,10.572351842160103,-3.901371758058289,4.745774249273381,12.650327749413833,7.904553500140452,11.852334428369659,11.87279022147544,0.02045579310578205,12.277141080633484,5.852587995408442,-6.4245530852250425,11.261541436317842,12.973919616781444,1.7123781804636025,3.046510772151663,3.73504814172513,0.6885373695734671
2017-09-29,9.637623322645117,1,14.450204344005911,10.793806591274901,-3.65639775273101,4.963420176419987,12.436554169892005,7.473133993472018,11.805862546225853,11.779313947043292,-0.02654859918256136,12.113358412648324,5.814855171404474,-6.29850324124385,11.591595883009447,13.403712729775279,1.8121168467658322,2.901298573561178,3.5974973264807915,0.6961987529196136
2017-10-06,9.643946102602989,1,14.421371137690883,10.730275423454344,-3.691095714236539,5.109598014053574,12.607944425176214,7.49834641112264,11.772920808746306,11.656008043770399,-0.11691276497590763,12.052392418307647,5.656154004980294,-6.396238413327353,11.604349865578115,13.475704143217598,1.8713542776394831,2.903044371241407,3.7375905750190697,0.8345462037776628
2017-10-13,9.694646510332968,1,14.519327235770973,10.739158318999884,-3.780168916771089,5.180603443540122,12.615501668171845,7.4348982246317235,11.817995779128225,11.649451283651999,-0.16854449547622607,12.098555434411708,5.821938049103295,-6.276617385308413,11.619794903794585,13.507581538348148,1.8877866345535637,2.931602265352197,3.8342482037226375,0.9026459383704406
2017-10-20,9.806398724222293,1,14.726601660049567,10.760767959656576,-3.9658337003929915,5.325830175623338,13.022551167012594,7.696720991389256,12.291095553494472,12.119270427885695,-0.17182512560877683,12.382072180695289,6.143154536713752,-6.238917643981537,11.325217535816321,13.070747748468179,1.7455302126518575,2.787575239654771,3.721900505596949,0.9343252659421779
2017-10-27,9.842515329889283,1,14.918511211086397,10.662467794393677,-4.2560434166927195,5.653229859131741,13.375287049820628,7.722057190688886,12.154367875459869,12.355665089719906,0.20129721426003755,12.553115144832049,6.031539498257828,-6.52157564657422,11.113959972125997,12.982074543071548,1.8681145709455507,2.661907916699647,3.648058004072098,0.9861500873724509
2017-11-03,10.300398124102399,1,14.753158114910931,10.720970093336916,-4.032188021574015,5.788878452807367,14.076990675739893,8.288112222932526,12.559280817136596,12.548787021991686,-0.010493795144910223,14.299696763783444,6.905942193127075,-7.39375457065637,11.159028234928002,12.895493559968287,1.7364653250402853,3.2423463610480496,4.654205200450534,1.411858839402484
2017-11-10,10.367216535120996,1,14.91267043488969,11.316021735223615,-3.5966486996660763,5.791213078752591,14.400268095566403,8.609055016813812,12.686827280655251,12.45345231451877,-0.23337496613648057,14.646137277162467,6.573291406969986,-8.07284587019248,11.119156669165264,12.754175372623408,1.6350187034581438,3.0472944701007094,4.706090285823791,1.6587958157230815
2017-11-17,10.629285286984514,1,15.099567599768804,11.210463192647623,-3.889104407121181,5.65360415940421,15.530203691924157,9.876599532519947,12.743023917971385,12.516694095492355,-0.22632982247903044,15.970773138467663,6.939981681479324,-9.03079145698834,11.141455706533549,12.925079990683244,1.7836242841496954,3.167287199761475,4.653289069680383,1.4860018699189084
2017-11-24,10.682143328383754,1,14.941706159611599,11.151529056456624,-3.7901771031549742,5.754053401346113,15.4846673830601,9.730613981713987,12.862881473511422,13.034886022365853,0.1720045488544315,15.951356666095705,6.879479239124095,-9.07187742697161,11.350567420054944,13.055889714260857,1.7053222942059136,3.232294849682745,4.486408555034998,1.2541137053522533
2017-12-01,10.579272750190418,1,14.430168654261479,10.628874113342349,-3.8012945409191303,5.667091122451026,16.159214198651597,10.49212307620057,11.972875364597598,12.116897943551564,0.1440225789539653,17.178224254652378,7.249636537816031,-9.928587716836347,11.10957114861344,12.978061184422671,1.8684900358092307,3.1177059565665814,4.3429525233582496,1.225246566791668
2017-12-08,10.360735296906796,1,14.297384228761217,11.014067122040274,-3.2833171067209435,5.637209406138993,14.553977780123603,8.91676837398461,11.728382382014303,12.26637853479697,0.537996152782668,16.06996757739563,7.4309073178953895,-8.63906025950024,11.131206250127462,12.487350173654903,1.3561439235274406,3.300261937003171,4.411730852929608,1.1114689159264373
2017-12-15,10.458368585318313,1,14.34793425876569,11.091412443898975,-3.2565218148667157,5.709181216709084,14.73744649189112,9.028265275182036,11.740127921779916,12.337114771212526,0.5969868494326107,16.409239837031535,7.726763313057447,-8.682476523974088,11.120753901870643,12.541320883107886,1.4205669812372435,3.4229743757530144,4.316153608741871,0.8931792329888566
2017-12-22,10.504595097551624,1,14.476972685446398,11.124227768739857,-3.3527449167065413,5.706456708925288,14.758672294047031,9.052215585121743,11.886864123879462,12.496441543292121,0.6095774194126591,16.34499855236359,7.731821728094516,-8.613176824269075,11.202301481560468,12.577856474662326,1.3755549931018578,3.4099770331345383,4.338550776473923,0.9285737433393848
2017-12-29,10.611464914562445,1,14.682684831124519,11.341111187452427,-3.341573643672092,5.833380328076046,14.931395463063097,9.098015134987051,11.875885289955391,12.493848070856615,0.6179627809012231,16.587434978290275,7.831390209059919,-8.756044769230357,11.224808725712549,12.661909695273508,1.4371009695609587,3.464595334215886,4.409134861669074,0.9445395274531876
2018-01-05,10.628227573688648,1,14.206722129797768,10.86689990675795,-3.3398222230398176,5.844325395726713,14.89865381760741,9.054328421880697,12.17607846226582,12.88314882332726,0.7070703610614402,16.663031321429187,7.880787108322707,-8.78224421310648,11.347067236675684,12.772866171285429,1.4257989346097446,3.5321408962367116,4.46700961483117,0.9348687185944584
2018-01-12,10.590178258395659,1,14.037541386832757,10.87085581991363,-3.166685566919128,6.100144739092585,15.282259224480612,9.182114485388027,12.05708566872788,12.650959786378948,0.5938741176510689,16.645203173371158,7.833280759661164,-8.811922413709993,11.152430506370294,12.655144769877182,1.5027142635068884,3.548664075979275,4.248569190062383,0.6999051140831085
2018-01-19,10.618110492535438,1,14.400663782444866,11.66014211505319,-2.7405216673916755,6.091244280642911,15.110393657036582,9.01914937639367,12.058224311399727,12.351951962579179,0.2937276511794522,16.761534803467924,7.993304861926902,-8.768229941541023,10.865356224493809,12.32749213926968,1.462135914775871,3.5316395527633944,4.26537821934707,0.733738666583676
2018-01-26,10.543587935580282,1,14.41299948216367,11.45379070587957,-2.9592087762841004,6.17901224615342,15.032031299472862,8.853019053319443,11.921093700538151,12.341896246551414,0.42080254601326317,16.64794760919756,7.8892863983817705,-8.758661210815788,10.673335746823398,12.298699688756386,1.6253639419329886,3.427138828605493,4.2458232744396724,0.8186844458341795
2018-02-02,10.39148428152525,1,14.34800605744094,11.585391901910072,-2.762614155530869,6.005909199867958,14.738312225226181,8.732403025358224,11.447915077142497,11.601607225616334,0.15369214847383716,16.862512676691793,8.143699852115589,-8.718812824576204,10.108943885957075,12.070752868274582,1.9618089823175069,3.5756187920512303,4.209141616008708,0.6335228239574775
2018-02-09,10.821573704940588,1,14.723759125244044,11.716126943815908,-3.0076321814281357,6.644012045152067,15.441340043134431,8.797327997982364,11.809662521648448,12.16081746958072,0.3511549479322724,17.460032076896283,9.264415519068592,-8.195616557827691,10.688806091203901,11.715547359913842,1.0267412687099409,3.603170369498784,4.631194894130047,1.0280245246312631
2018-02-16,10.382167324470158,1,14.06100952258437,11.020114726784357,-3.040894795800014,6.0003397447844975,15.603491806663328,9.60315206187883,11.012706314579987,11.297389529282142,0.28468321470215585,17.36955951812112,9.031966350120783,-8.337593168000339,10.18212256490824,10.828875367852916,0.6467528029446754,3.6672662818427284,4.511166166117434,0.8438998842747054
2018-02-23,10.277692553114969,1,13.605060209495377,10.605982867054024,-2.9990773424413533,5.822295917890145,15.612870933073708,9.790575015183563,10.902155495848092,11.298162493271334,0.3960069974232425,17.36713469418021,8.676361736102734,-8.690772958077474,10.28280790556822,11.241332190953443,0.9585242853852236,3.6867010957077753,4.231445098234559,0.5447440025267838
2018-03-02,10.578231882032538,1,14.061452672481309,10.520984239265658,-3.5404684332156506,5.739016670986089,16.096522555575632,10.357505884589543,11.360929399980819,11.815752902881982,0.4548235029011636,17.64818192994109,8.456883836900303,-9.191298093040785,10.902650901389137,12.356099003830707,1.4534481024415697,3.7571597174167835,4.223148753740972,0.46598903632418853
2018-03-09,10.799762121970415,1,13.744289087868296,10.503918678597799,-3.240370409270497,5.84222881766847,15.854931112205335,10.012702294536865,11.311060700700125,11.484732596641294,0.17367189594116894,18.098447132638043,9.545670441175602,-8.55277669146244,11.116854128704361,12.580461097884609,1.4636069691802476,4.685692864243194,4.828858805317893,0.14316594107469882
2018-03-16,10.774487869584297,1,14.050382576136684,10.51293539386154,-3.5374471822751445,5.7949044006021495,15.761003185660982,9.966098785058833,11.335279232527753,11.433764320645196,0.09848508811744239,17.707021925205467,9.195861822319955,-8.511160102885512,11.255229450043998,12.861726401849012,1.6064969518050134,4.504109632989724,4.881636093169092,0.377526460179368
2018-03-23,10.8076000569323,1,14.106489831873432,10.652783006863459,-3.4537068250099736,5.869156815508475,15.611271730923676,9.7421149154152,11.754907987751906,11.789967868817158,0.035059881065251375,17.50417897304156,9.160229400715394,-8.343949572326167,11.396811656581107,13.011886230744707,1.6150745741636001,4.214055076837312,4.619462103529401,0.40540702669208883
2018-03-30,11.291130349139536,1,14.714476203153538,10.930033648851975,-3.784442554301563,6.463038048079511,16.542569690692744,10.079531642613233,12.733935305694587,12.378354242914654,-0.3555810627799332,17.82475638397716,9.437716489043481,-8.387039894933679,11.811654714090452,13.373648163414657,1.5619934493242056,4.198921439841968,5.084459859919704,0.8855384200777365
2018-04-06,11.171846197770057,1,14.70042507824364,10.913573208003498,-3.7868518702401417,5.893779930513432,18.128992701408293,12.235212770894861,12.876793940043044,11.64827286677415,-1.2285210732688938,18.307310093138852,8.800537043938832,-9.50677304920002,11.111362996513876,12.554424974737614,1.4430619782237386,4.141405148167493,4.985276391757921,0.8438712435904279
2018-04-13,11.092802298261388,1,14.64303531193994,11.069347631403247,-3.5736876805366933,5.523859508806993,17.98769380384151,12.463834295034516,12.764733472340822,11.334692866247522,-1.4300406060933,18.344430547475937,8.744176874294354,-9.600253673181584,11.131068646032944,12.608048271648258,1.4769796256153143,4.149686302971688,4.812854342133448,0.6631680391617607
2018-04-20,10.997762221314536,1,14.240539693214188,11.175827685011683,-3.0647120082025054,5.387083393057097,18.596111547320135,13.209028154263038,12.812560784514176,11.029303243791674,-1.7832575407225022,18.47839828718068,8.31457193502375,-10.163826352156931,10.92239587771489,12.19332876827525,1.2709328905603599,4.145595292206181,4.6774301484647225,0.5318348562585413
2018-04-27,11.006663387091564,1,14.048752173682729,11.1733467115819,-2.8754054621008294,7.226313060805566,18.826900448798995,11.600587387993428,12.480996602453004,11.069576148967187,-1.4114204534858175,17.602623838284487,7.921193023534968,-9.681430814749518,10.593908651011958,12.023182018793051,1.429273367781093,4.087385996311639,5.0257819708732825,0.9383959745616437
2018-05-04,11.110931520680614,1,14.132957987964886,10.677360491283693,-3.455597496681193,7.597825619444137,20.51420610457876,12.916380485134624,13.15400861218292,10.868493386391279,-2.2855152257916416,17.35356627059936,7.82358519540162,-9.529981075197739,10.355413909778605,11.55561830763591,1.2002043978573056,4.0718167241137735,5.226325638792389,1.1545089146786154
2018-05-11,10.987127262020076,1,13.86613727073619,10.376505177804503,-3.4896320929316857,8.203684374655737,21.688064684607795,13.484380309952058,13.10501745387586,10.769779524590987,-2.3352379292848724,17.373142792273285,7.5182991995772,-9.854843592696085,9.35415068827595,10.289830957054647,0.9356802687786967,4.020630992303438,5.280284028485326,1.2596530361818878
2018-05-18,10.502868417883322,1,13.203899888193646,9.123795881426716,-4.0801040067669305,7.569556843781896,22.098940247782068,14.529383404000171,12.307669366336725,10.26711466744726,-2.0405546988894656,17.12412189102217,7.139289144541493,-9.984832746480677,8.921117964731764,9.491897775493655,0.5707798107618913,3.890844553233734,4.8961727906087305,1.0053282373749965
2018-05-25,10.577499338844902,1,12.952273801819317,9.80513820651187,-3.1471355953074465,7.82453075966707,22.276405152156443,14.451874392489373,12.43312023555734,9.974659145724118,-2.4584610898332215,17.25325567637428,7.0401316971497465,-10.213123979224534,8.864775791989743,9.40243416920596,0.5376583772162178,4.137039767661662,4.966227662321259,0.8291878946595972
2018-06-01,10.540108859218456,1,12.755443179108923,9.770937115104985,-2.984506064003938,7.7701443952237526,22.328869454541007,14.558725059317254,11.995382806659308,9.845349244624018,-2.15003356203529,17.659103145317104,6.992485006579599,-10.666618138737505,8.839335390039409,9.382366588377806,0.5430311983383973,4.221244238962242,4.92064574608338,0.6994015071211379
2018-06-08,10.466172479706573,1,12.60416512477893,9.983979267253616,-2.620185857525314,7.6262004658422455,21.257697447635024,13.631496981792779,12.052075644650273,10.04121319393218,-2.0108624507180934,17.30096473744898,7.215786900512427,-10.085177836936552,9.117975739914826,9.54578337732255,0.42780763740772443,4.09565316560419,4.752574691583632,0.6569215259794419
2018-06-22,11.065415946695337,1,13.43734600614907,10.005244192713945,-3.432101813435125,8.408398063919876,22.125742149731977,13.717344085812101,13.04208959309905,10.8782644091239,-2.163825183975149,17.767350614664807,7.989697509352766,-9.77765310531204,9.83289336585733,10.18584662696766,0.3529532611103292,3.9044180364818857,5.207700792281727,1.3032827557998417
2018-06-29,10.915760958147304,1,13.333978399621472,10.259264912955473,-3.074713486665999,8.03816912660416,21.943088943725556,13.904919817121396,13.145528395139237,10.336376198817206,-2.8091521963220316,17.467481320873034,8.195440076487174,-9.27204124438586,9.874780643357127,9.855580411925942,-0.01920023143118499,3.6346278632887987,4.904815204972493,1.2701873416836946
2018-07-06,10.932484624842672,1,13.350120365461478,10.356485621773544,-2.9936347436879345,8.120906450667903,21.871319930327687,13.750413479659784,13.078466434264683,10.285752001091083,-2.7927144331736002,17.321866062809548,8.333958636899709,-8.987907425909839,9.885126659699637,9.948185573658634,0.06305891395899721,3.838421776152785,4.799205985305363,0.9607842091525782
2018-07-13,10.434885930284835,1,12.756200390763922,9.2053888604067,-3.5508115303572225,7.475054374699255,22.657293654009095,15.18223927930984,12.65726584365082,9.487299205087865,-3.169966638562954,17.033846665866193,7.614126666947513,-9.41971999891868,9.131686094255201,8.893711412043245,-0.23797468221195572,3.5552622124736217,4.751495783214608,1.1962335707409864
2018-07-20,10.486434643400356,1,13.217554255750557,9.312598328360906,-3.9049559273896506,7.529632823977394,22.493726742171347,14.964093918193953,12.64360692238246,9.615110958888252,-3.0284959634942084,16.82848120351953,7.556389715178611,-9.27209148834092,9.156828914609576,9.084625285826789,-0.07220362878278763,3.5425037401626156,4.856156829976214,1.3136530898135987
2018-07-27,10.498793927047267,1,12.9860538081074,9.195992873758655,-3.7900609343487446,7.333420917357117,22.41998467689021,15.086563759533092,12.627016662939354,9.488484751693704,-3.13853191124565,17.16956310413893,7.99413492563572,-9.17542817850321,9.137301624699617,8.970844589035565,-0.16645703566405246,3.7394074450411807,4.923321745269703,1.1839143002285226
2018-08-03,10.136247361112028,1,12.528129282307361,8.708982692016448,-3.819146590290913,6.935862198734895,22.18958270812179,15.253720509386895,12.39068814230167,8.980321952872032,-3.410366189429638,16.46790087867697,7.4007268523851195,-9.067174026291852,8.810229656671154,8.510904375943369,-0.2993252807277855,3.684674007980121,5.026965585333457,1.3422915773533362
2018-08-10,9.810785891799732,1,11.978001231421914,8.320728369972628,-3.657272861449286,6.62257847049311,21.51758308255407,14.895004612060958,11.836600662151938,8.284557488211163,-3.552043173940774,16.26535575512368,7.556243772834193,-8.709111982289485,8.210927258893435,7.968503321035385,-0.2424239378580495,3.951251972714317,5.217099316190925,1.265847343476608
2018-08-17,9.81199842146779,1,11.971238347312507,8.206100601613798,-3.765137745698709,6.57605022416773,21.730050858982125,15.154000634814395,12.630559940866192,8.640268749029147,-3.990291191837045,16.145848352873358,7.51019565389538,-8.635652698977978,8.027590091065065,7.655365239855783,-0.37222485120928184,3.5207035725218816,5.1300094254304724,1.6093058529085909
2018-08-24,9.691287900019669,1,11.874061149287016,8.334566527632361,-3.5394946216546543,6.499841621751415,21.926528430815537,15.426686809064122,12.73419082018161,8.435000185806373,-4.299190634375236,15.842988771564734,7.460449664720457,-8.382539106844277,7.796574921421183,7.4476672715935734,-0.34890764982760913,3.400070115912058,4.543515319549698,1.14344520363764
2018-08-31,9.679632072407083,1,11.664212832959677,8.205196193898416,-3.459016639061261,6.423153018978937,21.69863406791167,15.275481048932733,12.605653661516754,8.342017245931544,-4.263636415585211,15.97558747019356,7.795755375112307,-8.179832095081252,7.585576396337359,7.3538397273622,-0.23173666897515943,3.823609054456213,4.682349824226364,0.8587407697701508
2018-09-07,9.77637961333041,1,11.884147087931467,8.135640061684796,-3.7485070262466706,6.476536828512252,21.82698369880643,15.350446870294178,12.640889656681168,8.549193907783945,-4.091695748897223,16.17076674100474,8.079006903254026,-8.091759837750715,7.738360199491879,7.50771351250512,-0.23064668698675916,3.747577166360955,4.559739595948145,0.8121624295871896
2018-09-14,9.756041976548344,1,11.902869779593928,8.110592480069698,-3.7922772995242298,5.996941797890841,21.671556895592616,15.674615097701775,12.6693503657024,8.270867176145288,-4.398483189557112,16.195091110049745,8.21268151019838,-7.9824095998513656,7.841697992535558,7.674790595107837,-0.1669073974277211,3.93030081351759,4.595763202176244,0.6654623886586535
2018-09-21,9.79423427397739,1,12.082502520475671,8.146165810362973,-3.9363367101126983,5.94633290089736,21.505763686493523,15.559430785596163,12.735862017824488,8.117200980150756,-4.618661037673732,16.32515559618254,8.376922384204875,-7.948233211977666,7.750064449481158,7.658751948403207,-0.09131250107795097,3.925488159003123,4.960600834248979,1.0351126752458555
2018-09-28,9.604713336127533,1,12.00055274974251,8.194444198287073,-3.806108551455438,6.079957823046712,21.486816000388657,15.406858177341945,12.34189670749727,7.867550198038529,-4.474346509458741,16.07825151077205,8.091487178784362,-7.986764331987686,7.189526079464315,7.13253979809825,-0.05698628136606487,3.938095146242347,4.855442643168317,0.9173474969259701
2018-10-05,9.805466602956047,1,12.467887797202422,8.596420517715345,-3.871467279487078,6.166801948137106,21.696148879451584,15.529346931314478,12.629449611764343,8.465672348753046,-4.163777263011298,16.234366794643265,8.207148306644143,-8.027218487999122,7.500787237331224,7.005033207129685,-0.49575403020153885,3.8335062286579245,4.862376358042468,1.0288701293845435
2018-10-12,9.891791772917104,1,12.084712642614363,8.686374990099054,-3.398337652515309,7.091186341525827,21.41828085010664,14.327094508580814,12.614298519475796,8.611728763577744,-4.002569755898051,16.020329632913175,8.248226831825761,-7.772102801087414,7.4942307558081325,7.231831998033272,-0.26239875777486077,4.045992745165336,5.154307203860142,1.1083144586948066
2018-10-19,10.079436935121413,1,13.569374472142684,8.491680936510718,-5.0776935356319655,6.702438531562819,23.151121467397772,16.448682935834952,12.859123619198868,7.899462842581002,-4.959660776617866,15.810448283619223,8.74308115127063,-7.067367132348593,7.4629936657899805,6.946642945008563,-0.5163507207814177,4.072243038414896,5.244632267959773,1.1723892295448763
2018-10-26,10.34670991099486,1,13.869201928013752,9.175014189275132,-4.69418773873862,7.854750767735055,22.910342628874375,15.05559186113932,12.6433104923032,7.869694662011,-4.773615830292201,15.654530870382033,9.065852133799012,-6.58867873658302,7.67546527663761,7.43727011413624,-0.23819516250136985,4.383000130897514,5.622085737873363,1.2390856069758485
2018-11-02,10.526934584187204,1,14.179030781796271,8.984632703200873,-5.194398078595398,7.881033622355204,24.179202044445773,16.29816842209057,12.559768165492585,7.422288082390864,-5.137480083101721,16.115791429743012,9.152506311147334,-6.963285118595678,7.8106823156764165,7.544422179449128,-0.26626013622728806,4.615301190059739,5.8785561844892555,1.2632549944295164
2018-11-09,10.463937986893171,1,14.060949110287737,8.786150342423056,-5.274798767864681,7.704958142127694,24.399875731320563,16.69491758919287,12.609292126883886,7.35766142792059,-5.251630698963297,16.180582244231303,9.074009216013636,-7.106573028217667,7.738599372906691,7.439171989909923,-0.2994273829967682,4.489246924921716,5.72675921377126,1.237512288849544
2018-11-16,10.284276399386998,1,13.907111304623427,8.191923902040614,-5.7151874025828135,6.239056693357185,24.581980432377804,18.34292373902062,12.55612001995614,6.907440708823273,-5.648679311132867,16.640723220444457,8.994376057558924,-7.646347162885533,7.809554763243355,7.293901415155062,-0.5156533480882928,4.55309239469743,5.7360358803663445,1.1829434856689147
2018-11-23,10.144386382188886,1,14.09040875480622,7.881449425489549,-6.20895932931667,6.659376770091896,22.31171531017698,15.652338540085083,11.747058232417956,7.461042554650803,-4.286015677767153,15.65418575276206,9.45951156578549,-6.19467418697657,7.902897251229305,7.788301530287228,-0.11459572094207715,4.812391531825881,5.964297906743241,1.1519063749173597
2018-11-30,10.207786372579093,1,14.30753592744665,8.110380930318655,-6.197154997127996,6.628667393174652,22.430015769432615,15.801348376257963,11.694823169313509,7.395713935679396,-4.299109233634113,15.804450110973747,9.497976888728758,-6.306473222244989,8.010278196085352,7.930455406116295,-0.07982278996905734,4.80096343848065,5.882175305198842,1.081211866718192
2018-12-07,10.266728494148628,1,14.31377347141175,8.025691854081202,-6.288081617330548,6.618484248445725,22.697492962106182,16.079008713660457,11.551915550557382,7.267674753780327,-4.2842407967770555,16.228584863772085,10.066479025713065,-6.16210583805902,7.972621596417213,7.818424699209288,-0.15419689720792462,4.914991234287612,5.724607670001703,0.8096164357140907
2018-12-14,10.341443549863762,1,14.838783040250192,8.420323097437546,-6.418459942812646,6.715066809324696,22.524752660763184,15.809685851438488,11.544373035676529,7.339725487183927,-4.204647548492602,16.068591198666923,10.11256424135452,-5.956026957312403,7.99387961514266,7.854662550075744,-0.13921706506691578,4.88796760012157,5.796633262367635,0.9086656622460652
2018-12-21,10.443201794430493,1,15.118769846003772,8.64045907199008,-6.478310774013693,6.89337027798183,22.60225436967579,15.70888409169396,11.608775082780042,7.368422136170054,-4.240352946609988,16.11608111999307,10.180533701535396,-5.9355474184576735,8.011149371936213,7.9602400314648065,-0.050909340471406495,4.911065067888032,5.907301455746804,0.9962363878587723
2018-12-28,10.382291627638601,1,15.344946723454598,8.731135139253084,-6.613811584201514,6.680470829775189,22.557737883735868,15.87726705396068,11.318680770297533,7.01781612121718,-4.300864649080353,16.131458372154626,10.128050142112784,-6.003408230041842,7.912500100863028,7.94979160225887,0.03729150139584192,4.905692969286633,5.909218877253807,1.0035259079671732
2019-01-04,10.360474835609622,1,15.49005357335163,8.414796422185432,-7.075257151166198,6.492473394869123,23.60299981803763,17.11052642316851,11.558475998604933,6.691907068913508,-4.866568929691425,15.924333729736645,9.766855498946839,-6.157478230789806,7.860901375874633,7.747824886102464,-0.113076489772169,4.836610941220769,5.938465319471874,1.1018543782511045
2019-01-11,10.473814440570074,1,15.524505008056721,8.51278322362937,-7.011721784427351,6.482858147154289,23.65845786767079,17.1755997205165,11.501719233722923,6.598950051899962,-4.902769181822961,16.21687608112856,10.065828983518458,-6.151047097610103,8.083096541706666,7.939087281640852,-0.14400926006581471,5.033831631651282,6.0677792350610105,1.0339476034097288
2019-01-18,10.945201279385309,1,17.618319910659878,9.675998758468864,-7.942321152191013,6.079957790378998,24.684391347716968,18.60443355733797,11.986480027065241,7.188040769285365,-4.798439257779876,16.20243556584505,9.619081746974146,-6.583353818870904,8.982525492890588,8.62131134441961,-0.3612141484709781,4.801488889472097,5.882383709446884,1.0808948199747874
2019-01-25,10.936601341824593,1,17.859719615338108,9.604364060843906,-8.255355554494201,6.226843660165244,25.352512071620495,19.12566841145525,12.260669099645526,7.074156998255063,-5.186512101390463,16.144973422863984,9.364750503206167,-6.780222919657817,8.330147112116506,7.8390834217905905,-0.491063690325916,4.797255140818194,6.38474099523134,1.5874858544131456
2019-02-01,10.73636846751529,1,17.656896515951118,9.2690935408951,-8.387802975056019,5.884061776871079,25.47056874561501,19.586506968743933,12.236626433722009,6.979780681009714,-5.2568457527122945,16.02187196706076,9.021972884213511,-6.99989908284725,8.168515760721945,7.526017284208862,-0.642498476513083,4.45023835076482,6.150777669149562,1.7005393183847417
2019-02-15,10.798394166094939,1,17.61168187094202,9.414933826938153,-8.196748044003868,5.910210215718536,25.525461393375906,19.61525117765737,12.1482852402806,6.869246881894753,-5.279038358385847,16.426151392308043,9.101244863801668,-7.324906528506375,8.158351044947224,7.573263221514949,-0.585087823432275,4.535685232373211,6.306214809044164,1.7705295766709526
2019-02-22,10.810120225333117,1,17.42791643517178,9.31623126653733,-8.111685168634452,5.885921415975872,25.579141710223368,19.693220294247496,12.518477466319311,6.615496749098426,-5.902980717220885,16.20176840360648,9.231031798139028,-6.970736605467451,8.105162229968514,7.562147183602633,-0.5430150463658805,4.721475400956749,6.556672644397949,1.8351972434412005
2019-03-01,10.871862844195855,1,17.324566777576507,9.323075311228777,-8.00149146634773,5.952431405755036,25.64912232892719,19.696690923172156,12.619649772056775,6.624821764285329,-5.994828007771446,16.292141887769375,9.458844268237414,-6.833297619531962,8.122516054954517,7.599708944956603,-0.5228071099979132,4.919871167062922,6.575604447539845,1.6557332804769231
2019-03-08,10.915233886361385,1,17.43761847549601,9.316320735148224,-8.121297740347785,5.994838077895011,25.83104770784807,19.83620962995306,12.704332584724071,6.703028236075369,-6.001304348648702,16.33925967621336,9.427755534992187,-6.911504141221172,8.146377856966751,7.608922992363702,-0.537454864603049,4.868976646873108,6.604328111740713,1.7353514648676054
2019-03-15,11.144488997110415,1,17.734369817611096,9.074248592414278,-8.660121225196818,6.889035633167737,26.92897698833839,20.039941355170654,12.9344825398734,6.968360756872613,-5.966121783000787,16.59555785621859,9.849587024448894,-6.7459708317696965,8.060856183383706,7.482673267818058,-0.5781829155656482,4.652631952407958,6.563087352770239,1.910455400362281
2019-03-22,10.7169879199538,1,17.012240033131732,8.857707427558537,-8.154532605573195,6.878271530592684,24.650302592004664,17.77203106141198,11.588131689158303,6.786593548589238,-4.801538140569065,16.537662156866716,9.844173926409056,-6.69348823045766,7.634407467310481,7.306665295070744,-0.3277421722397378,4.651214642662879,6.8564847300905996,2.2052700874277207
2019-03-29,11.186812964635026,1,17.490688108006125,10.294426724019047,-7.196261383987078,6.18373594737831,24.078234743702737,17.894498796324427,11.800465404980827,6.8136835881972075,-4.986781816783619,17.0268149776347,11.261171163377284,-5.765643814257416,8.11627009671271,8.028319543546786,-0.08795055316592482,6.502903253097486,6.645042024967097,0.142138771869611
2019-04-05,11.479218771743774,1,17.625311791353766,10.657400947121687,-6.96791084423208,7.433494898476198,24.11019493836386,16.676700039887663,11.927319767928466,6.926311231285936,-5.00100853664253,16.9784352903621,10.945232403961683,-6.033202886400417,8.426914950265086,8.341924598798542,-0.08499035146654421,6.483835932077028,7.894248510930964,1.4104125788539363
2019-04-12,11.54229500959427,1,17.614574857261374,10.609366826581322,-7.005208030680052,7.216742115333034,24.389554648250453,17.17281253291742,11.919444585770478,6.931251924144021,-4.9881926616264565,17.347834901770398,11.076298018213265,-6.271536883557133,8.547891236981542,8.4496386520986,-0.09825258488294253,6.607282360448792,7.797659988277957,1.1903776278291645
2019-04-19,11.504973124969217,1,17.58481535227837,10.673488926303136,-6.911326425975233,7.154790062318952,24.254961296239813,17.10017123392086,12.100211151847617,6.886599734111215,-5.213611417736402,17.17583253043773,10.851905215148662,-6.323927315289069,8.596903824037213,8.53332795473554,-0.06357586930167258,6.417285828895416,7.829555623276931,1.4122697943815155
2019-04-26,11.495988677851534,1,17.463633580347974,10.416087590971884,-7.04754598937609,7.310099926784517,24.349643312044506,17.03954338525999,12.146397560016538,6.910335108596797,-5.236062451419741,17.073683688855752,10.85802235364325,-6.215661335212502,8.578871627605494,8.52188266806236,-0.05698895954313343,6.403245683498923,7.919961033790429,1.5167153502915056
2019-05-03,11.659164334395308,1,17.36604736634503,10.338250107356785,-7.027797258988244,8.172447559363732,24.575342528103178,16.402894968739446,12.213293485406112,7.010756583022882,-5.20253690238323,17.045449378190227,10.873425814640314,-6.172023563549914,8.765274848296045,8.827421792777344,0.06214694448129876,6.392473368770709,8.329789180471337,1.9373158117006284
2019-05-10,10.643283482090219,1,14.095274661456713,9.133878486182695,-4.961396175274018,8.64949517546863,20.389160067904115,11.739664892435485,12.155129199291721,7.6706631895066835,-4.484466009785038,15.140309730877846,10.116037738496473,-5.024271992381372,7.064195684563529,7.802007576103222,0.7378118915396925,6.755296440882873,8.74795383434811,1.9926573934652367
2019-05-17,10.933656650227041,1,14.610239767494633,9.662341014832805,-4.947898752661828,7.69610922412447,20.386488695053373,12.690379470928903,12.230637365823739,7.732878684531542,-4.497758681292197,15.526604015753406,10.92301776874747,-4.603586247005936,7.283315111382265,8.279372060359293,0.9960569489770279,8.25503441678373,8.617841677837788,0.36280726105405847
2019-05-24,10.955811554053888,1,14.129036037362212,9.804274332839015,-4.324761704523198,7.8546000977580945,18.746456220912478,10.891856123154383,12.784538773816294,8.389885290576572,-4.394653483239722,15.248130711429837,10.995558241525714,-4.252572469904123,7.332108345740281,8.489134579419783,1.1570262336795025,8.386455358216608,9.309560659049751,0.9231053008331429
2019-05-31,11.22430351815981,1,14.598760312806306,10.15043524147211,-4.448325071334196,8.15212324879056,19.378612056558126,11.226488807767566,13.355051506317977,8.672733197623984,-4.6823183086939935,15.223548441260235,11.560311133095738,-3.663237308164497,7.221390647866571,8.2546717837821,1.03328113591553,8.794946951917211,9.329057696426801,0.5341107445095901
2019-06-14,11.118784438084894,1,14.525721690395017,10.303644149489273,-4.222077540905744,8.496099512819256,19.07802334080725,10.581923827987993,12.801760872864222,8.422052618139631,-4.379708254724591,15.169442140608353,11.457550087537825,-3.711892053070528,7.127248536974278,8.072984315807844,0.9457357788335656,8.59243387484824,9.378452116727573,0.7860182418793329
2019-06-21,11.315594948238646,1,14.82554860517756,10.433399146125268,-4.392149459052291,8.606672909723116,19.55967408071929,10.953001170996174,12.987973150700128,8.618637561546464,-4.369335589153664,15.554552052692046,11.694577937497613,-3.859974115194433,7.531005857622816,8.614055153606287,1.0830492959834714,8.387817113516206,8.973225809936963,0.5854086964207568
2019-06-28,11.181384184535053,1,14.658340081974004,10.313528980961877,-4.344811101012127,8.517145292551334,18.577132640934266,10.059987348382933,13.00731286064432,8.694513112389401,-4.312799748254918,15.122675004941016,12.072299272957224,-3.0503757319837916,7.456368233169826,8.303994845924109,0.8476266127542829,8.32646363392982,9.126836254043468,0.8003726201136487
2019-07-05,11.14802767028845,1,14.696902226975212,10.38464884603431,-4.312253380940902,8.52587659136168,18.531878013814065,10.006001422452385,12.977882248862514,8.685395188202051,-4.292487060660463,15.110726341408892,11.911635603548504,-3.199090737860388,7.374732766585794,8.187932276580568,0.8131995099947744,8.202045846536606,9.18667609355117,0.9846302470145645
2019-07-12,11.693619665416959,1,15.287183927088037,11.459645982668732,-3.827537944419305,9.044992491211858,18.417138136530625,9.372145645318767,13.038382137314741,8.633016378697107,-4.405365758617634,15.331814304161355,12.010271802280315,-3.3215425018810407,7.658044555122572,9.412421403298893,1.754376848176321,9.801300577603186,10.229224289026021,0.42792371142283514
2019-07-19,11.54805858996567,1,14.90053380736309,11.419176484862561,-3.4813573225005285,8.572291373163594,18.452495635082613,9.880204261919019,13.001768929131643,8.840538118662465,-4.161230810469178,15.557425519908122,12.152396828035066,-3.4050286918730563,7.497000057264586,9.10685648676342,1.6098564294988336,9.759331852962987,9.316887986387883,-0.44244386657510404
2019-07-26,11.58965626753014,1,14.957530118017004,11.55813091650684,-3.399399201510164,8.561116254760194,18.338156052764518,9.777039798004324,13.05980625458298,8.932488774527002,-4.127317480055979,15.577767097090913,12.220856180046837,-3.3569109170440754,7.46376703853241,9.086017330731735,1.6222502921993254,9.917950842197342,9.40228835060394,-0.5156624915934032
2019-08-02,11.719040359309234,1,15.015628078103589,11.53068034414055,-3.4849477339630397,8.991629605824585,18.495500973273778,9.503871367449193,13.325785995329014,9.268994993468581,-4.056791001860432,15.718139837197583,12.561303360516163,-3.15683647668142,7.669434337868253,9.201292352160863,1.5318580142926095,9.593624301532387,9.256470132295505,-0.33715416923688224
2019-08-09,11.739998613686714,1,15.20110465095631,11.753820217426039,-3.447284433530271,9.02145707667097,18.298470707332754,9.277013630661784,13.263592360895771,9.216418879900175,-4.047173480995596,15.753217793705915,12.511542662221501,-3.2416751314844134,7.606762717065436,9.237590462977693,1.6308277459122564,9.593857082825878,9.42214875226216,-0.17170833056371748
2019-08-16,11.770557267270648,1,15.288328642749363,11.719907662272448,-3.5684209804769154,9.068589877815569,18.133045155114885,9.064455277299317,13.33416021290435,9.307092203359005,-4.027068009545346,15.633209189342566,12.746232232258848,-2.886976957083718,7.642828499302993,9.421345243284037,1.7785167439810436,9.656227181509053,9.295721107334657,-0.3605060741743955
2019-08-23,11.770995788468168,1,15.195587505814672,11.846396211309795,-3.3491912945048767,9.236408481009803,18.050516340286322,8.814107859276518,13.305545576984116,9.267091509956884,-4.0384540670272315,15.654841207290318,12.830063607066933,-2.824777600223385,7.5848254567076765,9.313734184661271,1.7289087279535948,9.64876650300242,9.3181728775278,-0.33059362547462
2019-08-30,12.29230159591579,1,15.886685111897322,13.344371006756404,-2.5423141051409175,9.282941381800185,17.743854696513694,8.460913314713508,14.294100313965131,10.100850047318332,-4.1932502666468,16.12952475591314,13.176062513451171,-2.953462242461967,7.9865286141451435,9.64846975594024,1.661941141795097,10.174029397773822,9.740201555514929,-0.4338278422588928
2019-09-06,12.40560556489347,1,15.958423658688616,13.404293875320135,-2.554129783368481,9.771671260761963,17.889909857176804,8.118238596414841,14.467834985122991,10.238808777840205,-4.229026207282786,15.929974462046886,12.957797949814832,-2.9721765122320534,8.046038565717168,9.679445957187923,1.6334073914707545,10.259690457023197,10.263376972020907,0.003686514997710333
2019-09-13,12.230661472888597,1,15.8305315723712,13.508789686471914,-2.3217418858992858,9.559920794062691,17.555092418867346,7.995171624804655,14.370126804405047,10.176602265680657,-4.19352453872439,15.509544716785456,12.557861503357515,-2.951683213427941,7.872145284356193,9.500297744760346,1.6281524604041522,10.241699665350993,10.085325218193802,-0.15637444715719084
2019-09-20,12.10209653957876,1,15.808263213694602,13.758159561939053,-2.050103651755549,9.346769054375457,16.21258023443579,6.865811180060334,14.381542548495048,10.613474851792716,-3.7680676967023317,15.073754116685322,12.674013245058546,-2.3997408716267756,8.004616060755652,9.601048274104386,1.5964322133487343,9.997634243466479,9.753303070142081,-0.24433117332439735
2019-09-27,12.249931770687967,1,16.653656711912305,14.490835109526088,-2.1628216023862166,9.395732580829531,16.477818176548084,7.082085595718553,14.499221829599904,10.498121931481762,-4.001099898118142,14.871811322328298,12.51463346725744,-2.3571778550708586,8.141343397451834,9.752074637313598,1.6107312398617637,9.937824782005933,9.766107302000833,-0.1717174800050998
2019-10-04,12.503044480186233,1,16.929368122364053,14.9709229261789,-1.9584451961851528,9.745994583371967,17.193287975899025,7.447293392527058,14.812476911392366,10.602172803366159,-4.210304108026207,15.110237973891799,12.601410248585651,-2.5088277253061477,8.291662010665334,9.858228400476932,1.566566389811598,10.128527279431879,9.792244526610745,-0.33628275282113407
2019-10-11,12.390599743086744,1,16.983684926122137,15.06604989983444,-1.917635026287698,9.367384758139863,17.74565300752151,8.378268249381648,15.014318519812463,10.380042115576103,-4.63427640423636,15.056622708216182,12.317075677832463,-2.7395470303837186,7.940516479452413,9.287662105113867,1.3471456256614545,9.981071066777403,9.547115652642091,-0.4339554141353119
2019-10-18,12.325637078400248,1,16.725518012204674,15.006498101322492,-1.7190199108821815,9.200488233900785,17.527376685890275,8.32688845198949,14.980067709838181,10.513220404468541,-4.46684730536964,15.106965749605124,12.251476272510615,-2.8554894770945083,7.974858345332436,9.500226640321145,1.5253682949887093,9.965924419520292,9.155024365888423,-0.8109000536318689
2019-10-25,12.632413968232646,1,17.461682452567928,15.696417288523463,-1.7652651640444645,10.067085447359034,17.955927785550188,7.888842338191154,14.833917166997466,10.58218836397758,-4.251728803019887,14.969834498041493,12.035347969658687,-2.9344865283828057,7.778377579029794,9.05546148638696,1.2770839073571665,10.683586665400156,10.469140915298993,-0.21444575010116296
2019-11-01,12.383398869238846,1,17.065200000768286,15.643651108307324,-1.4215488924609616,10.050020853885783,17.43828243831267,7.3882615844268855,14.664038953648117,10.614854048392957,-4.04918490525516,14.362766291182936,12.175652247122173,-2.1871140440607633,7.303523064316323,8.233726252756284,0.9302031884399611,10.85484405163163,10.194227120541669,-0.6606169310899617
2019-11-15,12.640535945610146,1,17.158881353367505,15.870914408298077,-1.287966945069428,10.138343742375525,17.92132790354131,7.7829841611657855,15.2935778459034,10.819241371324296,-4.474336474579104,14.725839575534621,12.522375012609345,-2.2034645629252765,7.5400743426421,8.408603096925944,0.8685287542838438,10.986498813837727,10.30075388096192,-0.6857449328758065
2019-11-22,12.649366464864194,1,17.32960625222978,15.845376410072717,-1.4842298421570632,10.069792921731121,18.274555100429552,8.20476217869843,15.162135487679691,10.539496014297924,-4.622639473381767,14.78609812394464,12.698851093325274,-2.0872470306193662,7.717477290812994,8.45452809081165,0.7370507999986557,10.831088712786936,10.083392080248046,-0.7476966325388901
2019-11-29,12.66153953198129,1,17.645111633069504,15.582629743471443,-2.062481889598061,9.956632178108052,18.567992284152922,8.61136010604487,15.054808322639929,10.49283283722653,-4.561975485413399,14.565504099934799,12.708499366837401,-1.8570047330973978,7.851301570351524,8.662254668624954,0.8109530982734299,10.895879387783935,9.955028291574479,-0.9408510962094567
2019-12-06,12.597227026691227,1,17.59690807962575,15.68823855029683,-1.9086695293289182,9.932222917296059,18.51324814489618,8.581025227600122,15.142786622016061,10.543413429678168,-4.599373192337893,14.264464737088431,12.297698974733834,-1.9667657623545978,7.724938509439525,8.773415769155918,1.0484772597163925,10.922041294681534,9.767347291386443,-1.1546940032950914
2019-12-13,12.745150398685944,1,18.38801095919895,16.069168839440238,-2.3188421197587132,9.982418502665979,18.616416598830327,8.633998096164348,15.239653632912862,10.64013434785366,-4.599519285059202,14.260328149333972,12.494612528238136,-1.7657156210958362,7.6958627950481855,8.600573120557087,0.9047103255089013,10.904628352955712,10.049996957196242,-0.8546313957594691
2019-12-20,12.589560492484324,1,18.05155335771903,15.81041133605325,-2.2411420216657802,9.297869084233568,18.605221139521618,9.30735205528805,15.062600440339097,10.383566475154026,-4.67903396518507,14.231107355221383,12.54767149643132,-1.6834358587900624,8.043905882374588,8.671441412506212,0.6275355301316239,10.85032683501828,9.519051095239561,-1.331275739778718
2019-12-27,12.38424473487386,1,17.751278833920296,15.418592500714027,-2.3326863332062686,9.194251050424668,18.063463397901202,8.869212347476534,15.138430508416945,10.839089492126888,-4.299341016290057,13.999030742310381,12.141864342006244,-1.8571664003041377,7.718491380448356,8.506942250638843,0.7884508701904878,10.503985893722515,9.335516425855957,-1.168469467866558
2020-01-03,12.410427252194689,1,17.35980092473163,15.051653749040383,-2.3081471756912464,9.18772301783389,18.15455240619221,8.96682938835832,15.122749724625379,10.822909916581693,-4.299839808043686,14.487472485048684,12.376641904445293,-2.110830580603391,7.617047243853662,8.675917342968503,1.0588700991148414,10.68777011707489,9.380888193940052,-1.3068819231348385
2020-01-10,12.514249538505323,1,17.53899354211093,15.016301598779052,-2.5226919433318784,9.032601083872294,18.32026691954451,9.287665835672215,15.345734284006241,10.99192394693462,-4.3538103370716215,14.54815784911554,12.550091536258805,-1.9980663128567357,7.623438043001357,8.743974542740489,1.1205364997391314,10.996572428925575,9.462938686774478,-1.5336337421510962
2020-01-17,12.436390087885629,1,17.4635126295844,14.98188623644198,-2.4816263931424203,8.82341988437814,18.275022070202482,9.451602185824342,15.361153062811724,10.958118368374457,-4.403034694437267,14.564456485238068,12.362624113350947,-2.2018323718871216,7.446757406280199,8.558095540406299,1.1113381341261004,10.959041059021246,9.48259419853757,-1.4764468604836765
2020-01-24,12.487010545130103,1,17.56642231287863,14.745938894697076,-2.820483418181553,8.808574377283605,18.499024201170997,9.690449823887391,15.441333550745895,11.074581697460005,-4.366751853285891,14.65698089226143,12.506741722660479,-2.150239169600951,7.484714706793227,8.669882987713095,1.1851682809198678,10.964037430817825,9.42589376707896,-1.5381436637388646
2020-01-31,13.2100621159939,1,18.613193707214805,15.570769931653857,-3.0424237755609482,9.416319976262344,19.587740709907322,10.171420733644979,16.096513755190756,11.657501379062893,-4.439012376127863,15.535116323615355,13.161552543128167,-2.3735637804871885,8.102694274840346,9.63176236528804,1.5290680904476943,11.496534658839792,9.651045766923104,-1.8454888919166876
2020-02-07,13.186112630237373,1,18.32975873888043,15.219185327330763,-3.110573411549666,9.684181147802818,19.375189391305085,9.691008243502267,16.59657454158463,11.90782839597263,-4.688746145612001,15.284997143732255,13.25785830643629,-2.027138837295965,8.072001044902194,9.357782901314053,1.2857818564118588,11.149163164521909,9.998831459065372,-1.1503317054565372
2020-02-14,13.209005994262112,1,18.318021657055624,15.110039794176814,-3.2079818628788104,9.741262405022653,19.765983634753482,10.02472122973083,16.84655818951147,12.054460077040872,-4.7920981124705975,15.297348402751709,13.21532096644583,-2.0820274363058786,7.968273616394342,9.275235200444499,1.306961584050157,11.082571694836872,9.832996292711172,-1.2495754021257
2020-02-21,13.221220495619141,1,18.32422535690364,15.125635997491543,-3.1985893594120967,9.850134495705504,19.826042387181076,9.975907891475572,16.887244090976168,12.022804564836463,-4.864439526139705,15.32281366912001,13.203004514965983,-2.1198091541540265,8.09975362311053,9.426716544034292,1.3269629209237621,10.843151737898992,9.7231189652055,-1.1200327726934916
2020-02-28,14.343142801357821,1,19.936356690196405,16.603136904708478,-3.333219785487927,10.604663923545559,21.295696437100446,10.691032513554887,18.04483671484951,13.13886162567941,-4.905975089170099,16.51955457155408,14.365480651414629,-2.154073920139453,9.36687531683259,10.916298926499806,1.5494236096672154,11.586569591168782,9.739382262744087,-1.8471873284246954
2020-03-06,14.209777015357304,1,19.906423912591237,16.87230119194811,-3.0341227206431256,10.616145357058983,20.55131341966522,9.935168062606238,17.694450450728766,13.631620554932724,-4.0628298957960425,16.515311081113765,14.143588495242469,-2.3717225858712965,9.27109509529545,10.62219979015832,1.3511046948628689,11.255236195355621,9.437638640196951,-1.8175975551586703
2020-03-13,16.32722161625638,1,22.30009699255146,19.27030217919912,-3.029794813352339,13.232957250307024,22.43441587243909,9.201458622132066,19.76353009250971,16.286907890171634,-3.4766222023380777,18.55006194576424,16.668632442804707,-1.8814295029595343,11.357317874015209,12.95963130585588,1.6023134318406704,12.75936554239064,10.343440007067855,-2.415925535322785
2020-03-20,17.22590003510144,1,23.916834547973252,20.405339334783406,-3.5114952131898463,14.684427437637183,23.653756381516857,8.969328943879674,20.838046456629186,16.82731609759101,-4.0107303590381775,19.50222594835141,17.60608089729712,-1.8961450510542903,11.053892214954928,13.733913688896905,2.680021473941977,13.359973605062677,11.12899381052334,-2.230979794539337
2020-03-27,17.952732235222303,1,25.188095505107682,21.34767924030686,-3.8404162648008224,15.702962121607086,24.17386983842256,8.470907716815475,21.551312940460463,17.331340635047738,-4.219972305412725,20.532812068950832,19.62157547673627,-0.9112365922145642,11.225899665696147,13.378961278314321,2.153061612618174,13.5153111095116,11.862966942506091,-1.6523441670055092
2020-04-03,18.033857273259258,1,25.05870395237507,21.613617463201038,-3.445086489174031,15.767475714179099,24.4075994139461,8.640123699767003,21.674421126701148,17.272569666714602,-4.4018514599865455,20.933675982649987,19.627794826931947,-1.3058811557180405,11.594397790515217,13.692127569843024,2.097729779327807,13.174469073135029,11.589434698918836,-1.5850343742161925
2020-04-10,18.93715558750096,1,25.838863798962805,22.105004380594465,-3.73385941836834,16.733814905240237,25.648020442199794,8.914205536959557,22.4035356090111,17.773570990499906,-4.629964618511195,22.03815460648363,21.114708517039773,-0.923446089443857,12.520239255605972,15.000358354698406,2.480119099092434,14.088325349702018,11.981270839973405,-2.107054509728613
2020-04-17,19.15809662183964,1,25.771058077487552,22.011915103970665,-3.7591429735168873,17.06277434342954,25.94578422630319,8.883009882873651,22.697590833219678,17.875739688387966,-4.821851144831712,22.24762711159805,21.59894048574644,-0.6486866258516102,12.622010672254461,15.322353784711282,2.700343112456821,14.54751869304856,12.19384644191831,-2.3536722511302486
2020-04-24,19.44616195624285,1,26.27386880726361,22.385399798142316,-3.8884690091212946,17.331332594030187,26.408619896569732,9.077287302539546,23.066341599387542,18.211257636580143,-4.855083962807399,22.616910881281015,22.045850011832428,-0.571060869448587,12.74467525405477,15.351075921077054,2.6064006670222852,14.643842601439985,12.274768473255392,-2.369074128184593
2020-05-01,19.87534553988021,1,26.777948499583587,23.016401031346106,-3.761547468237481,17.910439794902757,27.173357711044304,9.262917916141546,23.679584213045217,18.73951487747236,-4.940069335572858,23.12573430273453,22.498315357921285,-0.6274189448132432,13.306171614759265,15.758688930202027,2.452517315442762,14.452194814255918,12.065795331295192,-2.3863994829607265
2020-05-08,19.989386628544803,1,27.15426516272028,23.6972712410917,-3.4569939216285803,18.058216902310477,27.418644832376273,9.360427930065796,23.566114268901117,18.558946222373578,-5.007168046527539,22.705480962605805,22.30486193193346,-0.4006190306723454,13.523153995436473,15.895196037717398,2.372042042280924,14.929088479294677,12.061399505776407,-2.86768897351827
2020-05-15,19.783544025304508,1,27.05636021494253,23.55441658545776,-3.501943629484771,17.980072528785314,27.109683068308385,9.129610539523071,22.38244157827627,17.81415402550124,-4.568287552775033,22.675486398820937,22.156135645606042,-0.5193507532148942,13.452675041377773,15.860711576345508,2.408036534967735,15.154228389624222,12.2061632506081,-2.9480651390161228
2020-05-22,19.8244146900319,1,26.72894547820131,23.25150901809465,-3.4774364601066594,18.045949559356387,27.311569531184816,9.265619971828428,22.691709634802393,18.037908639522584,-4.653800995279809,22.70828064186763,22.149310827535487,-0.5589698143321442,13.522926796833119,15.987519036155874,2.464592239322755,15.248676029130564,12.208671087698008,-3.0400049414325565
2020-05-29,19.98165638764146,1,27.188353682859912,23.363725575006413,-3.824628107853499,18.275606411082038,27.79463354397562,9.519027132893584,23.059780662864583,18.286280573231878,-4.773500089632705,22.550823113309605,21.942210337862804,-0.6086127754468009,13.68428601039244,16.13099729578441,2.44671128539197,15.131088445340197,12.372090999987634,-2.7589974453525627
2020-06-05,20.93244668769834,1,27.96610978181812,24.535265729987657,-3.430844051830462,19.22310998079108,29.30526540104873,10.08215542025765,24.110389886963105,19.298064162542445,-4.81232572442066,23.813104084101994,22.655246260953774,-1.1578578231482197,14.952472675349242,17.49788263257838,2.5454099572291398,15.529493717166503,12.302955939079055,-3.2265377780874474
2020-06-12,21.14071288998479,1,28.495573556661938,24.55837906855814,-3.937194488103799,18.972086675419618,29.4601121764707,10.488025501051084,23.942088658336488,19.609391556426075,-4.332697101910412,24.29662364605275,23.819537953912246,-0.47708569214050556,15.298483883300264,17.237882380451722,1.9393984971514584,15.839420920137684,12.158974204089859,-3.6804467160478254
2020-06-19,21.14002681091647,1,28.520812905081172,24.50637584558541,-4.014437059495762,19.208512437574015,29.424200543620003,10.215688106045988,23.98175682961231,19.788855545930332,-4.192901283681977,24.296553900203932,23.807019893138644,-0.4895340070652878,15.650042987080596,17.41480028140542,1.7647572943248235,15.182481805946793,11.898908755819008,-3.283573050127785
2020-06-26,21.4036802871157,1,28.694035827045838,24.658278382930888,-4.0357574441149495,19.700634756769787,30.20310305554814,10.502468298778354,24.132716378909294,20.016573711657756,-4.1161426672515375,24.671977782472865,24.37999123037322,-0.29198655209964386,15.897205082615486,17.437956384823067,1.5407513022075818,15.325511894880918,11.726178957361114,-3.5993329375198044
2020-07-03,21.37577777535435,1,28.350021367680952,24.449268949531813,-3.900752418149139,20.022478328783237,30.08793179749847,10.065453468715233,24.125131822624724,20.235387976166763,-3.889743846457961,24.67374908662535,24.42228030464028,-0.25146878198506784,16.03788407689747,17.52105507342499,1.4831709965275195,15.045401969514359,11.538742550863773,-3.5066594186505853
2020-07-10,20.674388576235646,1,26.952207491714276,23.952186948655253,-3.0000205430590228,19.359426974338348,27.91860085583089,8.55917388149254,23.953880462456368,20.29802140998605,-3.655859052470319,23.288098400093688,23.872896867489587,0.584798467395899,15.774864273390918,17.326833580048756,1.5519693066578384,14.717853855420273,10.677791795403365,-4.040062060016908
2020-07-17,20.280647151370474,1,26.248134651163156,23.62060850270653,-2.6275261484566244,19.115496496075266,26.8899340368679,7.774437540792633,23.861919887749025,20.29810354554769,-3.563816342201335,22.55849340894322,23.558058376093854,0.9995649671506328,15.474285843876814,17.115785736768473,1.6414998928916589,14.42555262041536,10.201392710238366,-4.2241599101769935
2020-07-24,20.47027377144578,1,26.20525526898564,23.97089330628694,-2.2343619626986992,19.109326051814918,27.096848532222708,7.98752248040779,23.70954831749866,20.594457596450837,-3.115090721047821,23.37877714530339,23.960133336843953,0.5813561915405643,16.082042539824414,16.958458406961554,0.8764158671371405,14.336693305247664,10.240851449908675,-4.095841855338989
2020-07-31,20.737829758829452,1,26.282003115115003,23.71856702484058,-2.563436090274422,19.516419604240426,27.6056214292001,8.089201824959673,23.954839827366257,20.68137410136312,-3.2734657260031383,23.605168928668775,24.37744191758604,0.7722729889172655,16.599352123550375,17.74396863153224,1.1446165079818655,14.469194954035885,10.300005448454684,-4.169189505581201
2020-08-07,20.718710439078414,1,26.379851459056184,23.787395725276454,-2.5924557337797296,19.529775722814264,27.48734978124176,7.957574058427497,23.84221459735548,20.580617094398235,-3.261597502957244,23.5666104547187,24.3176642424922,0.7510537877735004,16.548140632923307,17.802932496195652,1.2547918632723452,14.445669767602553,10.336303294866141,-4.109366472736411
2020-08-14,20.813329809583824,1,26.491672270077032,23.900813084212757,-2.590859185864275,19.58892508024772,27.82662829722264,8.237703216974921,23.81692889358628,20.380578875812745,-3.4363500177735347,23.769079014778853,24.54144892978728,0.7723699150084258,16.338282917658347,17.73264275114549,1.3943598334871439,14.875090681154703,10.497866919322007,-4.3772237618326955
2020-08-21,20.76528394089162,1,26.344222456921827,23.597212033396374,-2.7470104235254524,19.809421773432916,26.960948234414573,7.151526460981657,23.59256769796761,20.10322080494369,-3.489346893023921,23.64120945152787,24.815598267721697,1.1743888161938258,16.39079420888656,17.826904474445456,1.436110265558895,14.81348805661294,11.287819830427964,-3.525668226184976
2020-08-28,20.796940068283128,1,26.55090120622208,23.672053955845726,-2.878847250376353,19.839858936148346,27.212543715178043,7.372684779029697,23.797847650528396,20.213700921353663,-3.5841467291747335,23.302141188881777,24.51980556742835,1.2176643785465728,16.34129740146895,17.98017723943589,1.6388798379669396,14.949594026449219,11.183359010457096,-3.766235015992123
2020-09-04,19.793785069969754,1,25.17080347863012,22.482846885343434,-2.6879565932866853,18.773052183658407,25.83943435944572,7.066382175787311,23.07011436105104,19.722553103460058,-3.347561257590982,22.1518921738233,23.014464270382007,0.8625720965587078,15.435559512608592,16.79873820034625,1.3631786877376584,14.161288710047074,10.904673600841079,-3.2566151092059954
2020-09-11,19.98270708793237,1,25.361744918897884,23.132250929752487,-2.2294939891453964,18.637060896223957,25.755523659131114,7.118462762907157,23.346375692657716,19.866291329981365,-3.480084362676351,22.36234513659015,23.100256298041998,0.7379111614518479,15.65132307779939,17.087186084285733,1.4358630064863434,14.537392805425114,10.954734226401513,-3.582658579023601
2020-09-18,20.24455230314573,1,25.631091619968203,23.045725473164836,-2.5853661468033664,18.42011345018456,26.13848351263931,7.718370062454753,23.428828821944535,19.869466711715575,-3.5593621102289603,22.511684996109693,23.38553676121576,0.8738517651060675,16.95182170929148,18.14883532753369,1.1970136182422095,14.523773221375919,10.879266032605244,-3.6445071887706746
2020-09-25,20.051489476129927,1,25.209597314582155,22.742641837107968,-2.466955477474187,18.198168245681927,25.070058863014708,6.871890617332781,23.352831651054572,19.832708350442346,-3.5201233006122266,22.340100485660287,23.11702717855367,0.7769266928933831,16.708708382367703,18.9000677514166,2.1913593690488966,14.49953077743291,10.646432876244262,-3.8530979011886473
2020-10-02,19.926926662877957,1,24.38548147752391,23.303197950033322,-1.0822835274905884,18.273766137062594,25.076609965450714,6.80284382838812,22.564578614802457,18.521916928486178,-4.042661686316279,22.67176352410337,22.413648917842693,-0.2581146062606763,16.852371109507374,18.941797434988345,2.0894263254809715,14.813599114268044,11.304388780466468,-3.509210333801576
2020-10-09,19.826140904562884,1,24.723660415799387,21.822522767434293,-2.9011376483650935,17.96356233538563,25.692128765435157,7.728566430049526,22.209019413546372,18.20864783931698,-4.000371574229391,22.468050406807592,23.01442663494562,0.5463762281380298,16.761238160775363,18.975702292668828,2.2144641318934646,14.831314695062957,11.243417127576421,-3.587897567486536
2020-10-16,19.750972780336546,1,24.662273925911947,22.066687084613164,-2.5955868412987826,17.92055721691976,25.433222569176863,7.512665352257102,22.18243712220307,18.228316656114842,-3.954120466088227,22.207739000780364,22.706232740406975,0.4984937396266105,16.6819973577189,18.86737397242129,2.185376614702392,14.850832058485238,11.20400365928613,-3.6468283991991086
2020-10-23,19.474335395932602,1,24.21382908529263,21.78340548799315,-2.4304235972994803,18.26330532654363,25.58687787004503,7.323572543501399,21.57501150420532,17.138115604299458,-4.436895899905863,21.281538455968487,22.728273629974993,1.4467351740065055,16.675769186558,18.576465996857223,1.9006968102992232,14.836558817027537,11.032873786425696,-3.803685030601841
2020-10-30,19.185954912117168,1,22.95397340806761,19.031982089271494,-3.921991318796117,18.463795391081774,25.955303852227814,7.49150846114604,21.2982160012031,17.10179747161638,-4.1964185295867225,21.564314011162324,22.8257009248116,1.2613869136492752,16.72806864778778,18.951467968336345,2.223399320548566,14.107362013400419,11.24947716643932,-2.857884846961099
2020-11-06,19.664163170223148,1,23.81590192664038,18.369942070127095,-5.445959856513284,18.774448999032828,27.359336915780844,8.584887916748016,21.65595454039108,17.71553521089632,-3.940419329494759,22.16469920708664,23.85822884715168,1.6935296400650373,17.283952214703362,19.393532555914007,2.109580341210645,14.290022133484598,11.288403421468956,-3.0016187120156417
2020-11-13,19.898043345171043,1,23.012496841906454,17.27163437931553,-5.7408624625909255,19.381423364736776,29.347667190602266,9.96624382586549,22.056888080840395,18.224003735764285,-3.83288434507611,22.994841321021937,23.560967969870333,0.566126648848396,17.61652907739048,19.62719695891174,2.0106678815212575,14.326081385130223,11.3567898365621,-2.9692915485681226
2020-11-20,19.551236967357443,1,22.953046553384453,17.276971341313,-5.676075212071453,17.673701932394778,28.764776017964977,11.091074085570199,21.9495833278809,17.94692370920272,-4.00265961867818,23.06385157018059,22.928560281881985,-0.13529128829860326,17.613522167461028,18.811873269017227,1.1983511015561987,14.053716252842918,11.5783171847647,-2.475399068078218
2020-11-27,20.100236266619625,1,23.637807341968454,18.419596079072477,-5.218211262895977,18.437163663270823,26.360151128180007,7.922987464909184,22.221349932917903,19.238679467912235,-2.9826704650056683,23.931677864384554,24.44953626619447,0.5178584018099173,18.08461596460937,19.980461881213458,1.8958459166040882,14.288802832566645,12.152992777145059,-2.1358100554215866
2020-12-04,19.495752679114425,1,23.086154886384122,17.975728244759935,-5.110426641624187,18.0099956613344,25.454686308231075,7.4446906468966745,21.442646971402993,18.269083212779023,-3.1735637586239704,22.79409384301411,24.32572832907711,1.5316344860629982,17.636821742555867,19.121958137203123,1.485136394647256,14.004802969995055,11.827331842636312,-2.177471127358743
2020-12-11,19.82937357165414,1,23.900741827052045,18.252278863865982,-5.648462963186063,18.057020709015717,26.35781040318018,8.300789694164465,21.575388656388228,18.48886882069246,-3.0865198356957677,22.6472161209835,23.943994217616137,1.2967780966326359,18.799521520159274,19.87112303775541,1.071601517596136,13.996352596326076,12.062166086814656,-1.9341865095114201
2020-12-18,19.134046983855065,1,23.495637492814154,18.011070096868778,-5.484567395945376,17.432649261009885,24.568756794253517,7.1361075332436315,19.02786499019257,16.733941209248243,-2.2939237809443256,22.378286288353266,23.444620270725338,1.0663339823720719,18.47174946510013,20.304437335251265,1.8326878701511333,13.998094405660382,11.741456196783304,-2.256638208877078
2020-12-25,18.58427203607766,1,22.83875072061207,17.48797291698989,-5.350777803622179,16.78576043500688,23.670372591976005,6.884612156969126,18.38682034654522,16.49424366101745,-1.8925766855277715,21.91563862231314,22.85746215192492,0.9418235296117814,17.958549956106225,19.755273917420126,1.7967239613139014,13.620112135882437,11.240306977137607,-2.37980515874483
2021-01-01,18.74645745649529,1,22.56647539020969,17.5493269033973,-5.017148486812388,16.792406285478336,24.01748123307469,7.2250749475963545,18.47690383134939,16.592562963992037,-1.884340867357352,21.95704869285605,23.181547294015914,1.2244986011598655,18.439574508020456,20.014536822644658,1.5749623146242016,14.246336031057808,11.123289521847155,-3.1230465092106527
2021-01-08,18.929337581933265,1,22.817819346294428,18.8233188926599,-3.9945004536345294,16.73313507037048,23.104838111710606,6.371703041340126,18.50670783669088,16.52593393221001,-1.9807739044808699,22.263519520933627,23.540285704529765,1.2767661835961377,18.834715791050954,19.9507892867029,1.1160734956519462,14.420127926259227,11.630859563786416,-2.7892683624728107
2021-01-15,18.79473084548925,1,22.527014423187524,18.396765552946448,-4.130248870241076,16.12701619358357,21.988817769353588,5.861801575770016,18.073952030996367,16.138827718569388,-1.9351243124269786,21.89942750321606,23.675903714562423,1.7764762113463632,19.612047544450334,20.882114988740582,1.2700674442902482,14.52892737750166,11.685955328763072,-2.842972048738588
2021-01-22,18.39815205323797,1,22.36498186996684,17.61209924640484,-4.752882623562002,15.767580828449965,21.395996473724324,5.628415645274359,17.586531462779632,16.28601509399536,-1.3005163687842725,21.097589977354488,23.726397704348955,2.6288077269944665,19.210721572399763,19.641348760655987,0.43062718825622426,14.361506608477114,11.727055040298367,-2.634451568178747
2021-01-29,19.163222618887712,1,23.38454182686783,18.286493543412007,-5.0980482834558245,16.336516062938585,22.804822979354725,6.4683069164161395,18.205142309640394,17.282939271019288,-0.922203038621106,22.33329001852546,23.84000656406954,1.50671654554408,19.689043167905055,20.27714415197042,0.5881009840653633,15.030802327448939,12.487929203500258,-2.542873123948681
2021-02-05,19.22176130786299,1,23.71277293023701,18.24200149477288,-5.47077143546413,16.057996845639806,23.04476391367038,6.986767068030574,18.699823087808397,17.527540345113692,-1.172282742694705,21.684534319484342,23.649574712929848,1.9650403934455056,20.118812402001808,20.59779350677043,0.47898110476862144,15.056628262006583,12.268893873920717,-2.787734388085866
2021-02-12,19.228442392153422,1,23.587614353547664,18.245649793867116,-5.341964559680548,16.109305479629157,22.987230836377236,6.877925356748079,18.42866305955029,17.268309053314866,-1.1603540062354227,21.88847784919504,23.445481171569227,1.557003322374186,20.25593650470323,21.15662449588767,0.9006879911844408,15.10065710629516,12.267359001904438,-2.833298104390721
2021-02-19,19.221876365601677,1,23.277195479161975,17.890053897831592,-5.387141581330383,16.476121031811772,23.065537663187357,6.589416631375585,18.49373483130445,17.398371448928245,-1.0953633823762061,21.847694632923336,23.532739629597273,1.6850449966739376,20.196973345980908,21.07447060335889,0.877497257377982,15.039538872427613,12.370084950706698,-2.6694539217209154
2021-02-26,19.36332103851457,1,23.383062735400088,18.336037811683397,-5.047024923716691,16.500198449916766,22.7720228206626,6.271824370745833,18.326911493112405,17.407944214902088,-0.9189672782103173,21.868943567021276,23.461134177494827,1.5921906104735513,20.756986475640545,21.580401280147782,0.8234148045072374,15.34382350999634,12.622385926196742,-2.7214375837995988
2021-03-05,19.246227950058614,1,23.3307037345745,18.219126428924383,-5.1115773056501155,16.43016286696742,22.77360358782454,6.343440720857117,18.43824993218425,17.631170264173207,-0.8070796680110419,22.07290723023158,23.402057593603487,1.3291503633719088,20.936930734030895,21.58296854122672,0.6460378071958246,14.268413202363035,11.868441284599342,-2.3999719177636933
2021-03-12,19.44204942095009,1,23.46589022967055,18.42145354676319,-5.04443668290736,16.464122041759822,23.362101783465917,6.897979741706095,18.61710698559706,17.786743573417922,-0.830363412179139,22.45530153188659,24.08328766890361,1.627986137017018,21.2260969118321,21.96034868645033,0.7342517746182295,14.423778824954425,11.03836126669961,-3.385417558254815
2021-03-19,19.623474328145466,1,22.959954746962936,18.18799766429005,-4.771957082672884,16.819469650730937,23.473853302141023,6.654383651410086,18.530426756902443,17.411149414160363,-1.1192773427420804,22.76430222062548,24.185070344569695,1.4207681239442138,22.202215490957528,23.454872945791124,1.2526574548335958,14.464477102693479,11.027902297920534,-3.4365748047729454
2021-03-26,19.850690334468876,1,23.864526319434475,18.756949964568534,-5.107576354865941,16.799407039443224,23.498450760986387,6.699043721543163,18.639177723509633,17.553211444847875,-1.0859662786617577,23.118268548212228,24.510196934498538,1.3919283862863097,22.171678078037175,23.70119769398643,1.5295196159492548,14.511084298176513,11.084135207925485,-3.4269490902510285
2021-04-02,20.1072098297437,1,24.070277705197327,18.835172082248704,-5.235105622948623,16.977135663287058,23.949517266103598,6.97238160281654,19.138117561864334,18.26468736073346,-0.8734302011308728,23.16028178562611,24.46483312891101,1.3045513432848992,22.69370498123007,23.9537945568717,1.2600895756416293,14.6037412812573,11.175254583593713,-3.428486697663587
2021-04-09,20.03130952648334,1,24.137594315394708,18.88535794117803,-5.252236374216679,16.91925649482691,23.71078294398994,6.79152644916303,19.148514706747235,18.194652156629573,-0.9538625501176625,22.727266941432816,24.319031473612768,1.5917645321799512,22.678695498418392,23.741020656995772,1.06232515857738,14.576529202079982,11.337011986493977,-3.2395172155860052
2021-04-16,20.158660016828943,1,24.272978372866163,18.79434800400746,-5.478630368858703,17.383174939831733,24.305760273447603,6.922585333615871,19.198621797784398,18.085151662109638,-1.1134701356747598,22.72367442555911,24.60628219314478,1.882607767585668,22.700206362612917,23.638423637813545,0.9382172752006284,14.673304202319343,11.521994330450639,-3.1513098718687047
2021-04-23,20.135723534342084,1,24.015243545088268,18.526465385593326,-5.488778159494942,17.438159970906895,24.687942632339713,7.249782661432818,18.690837688760894,17.553092448331725,-1.1377452404291688,23.134195837873392,24.92594105063978,1.7917452127663864,22.828242912599208,23.551967983440107,0.7237250708408993,14.707661250823847,11.568931705707897,-3.1387295451159503
2021-04-30,20.112618415188717,1,24.244949376907016,18.34492773655863,-5.900021640348385,17.39073010731896,25.258895904398557,7.868165797079598,18.940434998480725,17.071182785142852,-1.869252213337873,23.0775965646138,24.49333559336047,1.4157390287466711,22.32858884794547,23.681291336538123,1.352702488592655,14.693410595866325,11.826077135133673,-2.8673334607326524
2021-05-07,20.23551850962171,1,24.40494114876877,18.835552132514366,-5.569389016254405,17.26391256733534,25.128464320149078,7.864551752813739,18.706314785298176,17.331048658768964,-1.3752661265292119,23.308186198089928,24.617162826154797,1.308976628064869,22.61647239716922,23.554119330609353,0.9376469334401349,15.113283961068817,11.946763789533719,-3.1665201715350975
2021-05-14,20.347438607847003,1,24.410839318796604,18.336946700325086,-6.073892618471518,17.79666659168825,25.77231929629761,7.9756527046093595,18.96469459945442,17.647463120708267,-1.3172314787461517,23.215724076070742,24.899706208179126,1.6839821321083832,22.679917076714062,23.241855773706135,0.5619386969920726,15.016789984357942,12.186340547865825,-2.830449436492117
2021-05-21,20.21576465505745,1,24.298033892448203,18.311228355440278,-5.986805537007925,17.847062377080732,25.232586633739587,7.385524256658854,18.73356612011264,17.995031349291196,-0.7385347708214454,23.12765235086664,24.580911306039823,1.4532589551731832,22.447481561057614,23.162964737459532,0.7154831764019178,14.84079162877886,12.011865548374288,-2.828926080404571
2021-05-28,20.123995519869403,1,23.957802076840238,18.031367950796124,-5.926434126044114,18.01469965572167,25.775950427526382,7.761250771804711,18.732204582164528,17.937935107956108,-0.79426947420842,22.987192222105307,24.450373285876836,1.463181063771529,22.25759633414782,22.592094621941342,0.3344982877935223,14.794478248236857,11.956251725119643,-2.838226523117214
2021-06-04,20.535878926842454,1,24.411522721747133,18.340543778352185,-6.070978943394948,18.20277217723006,26.255159269242952,8.052387092012893,20.083840004830392,18.739867994760544,-1.343972010069848,23.070177891087937,24.531227967713335,1.4610500766253978,22.482150927524984,23.144103570817094,0.6619526432921106,14.964809838634224,12.204370980168633,-2.760438858465591
2021-06-11,20.729066310720516,1,24.43879035654392,18.28462889984644,-6.15416145669748,18.62290865694628,26.701641581043816,8.078732924097537,20.115639691334252,18.756776007641122,-1.35886368369313,23.581450696496333,25.352233475796666,1.7707827793003332,22.608113509756635,23.04485080281141,0.43673729305477593,15.007494953245669,12.234267097183618,-2.77322785606205
2021-06-18,20.88707946250083,1,25.22490546517531,19.264824537300385,-5.960080927874927,18.577239323610883,26.013284824240728,7.436045500629845,19.91714246631409,18.744284132087188,-1.1728583342269019,23.879740785464705,25.666639692488687,1.786898907023982,22.47298445678669,23.302780246291633,0.8297957895049421,15.250464277653293,12.330663342596367,-2.9198009350569265
2021-06-25,21.035584949217018,1,25.18459431256028,19.03402906229894,-6.150565250261337,18.687196671793842,26.294673515179497,7.607476843385655,20.034786463053308,19.41780423097721,-0.6169822320760971,24.225296185342515,25.50635995767307,1.2810637723305547,22.575172344536767,23.54804709509402,0.9728747505572528,15.506463718015397,12.412595834079369,-3.093867883936028
2021-07-02,20.9631201021369,1,25.095844647058087,19.370813780153696,-5.72503086690439,18.10871104914588,24.777942010452165,6.669230961306283,20.595306469597702,19.680816938950883,-0.9144895306468186,24.06248581368807,25.829055572926023,1.766569759237953,22.685784809424007,23.73412317803958,1.0483383686155747,15.230587823907669,12.385969132299081,-2.844618691608588
2021-07-09,20.528659261166585,1,24.158302359235563,17.85423487485683,-6.304067484378734,17.85164069792752,24.622827010465514,6.771186312537992,20.339387834378826,19.363956041985503,-0.9754317923933229,24.036885675314352,25.840685662298853,1.803799986984501,22.36576283728114,23.550120172950187,1.1843573356690484,14.419976162862113,11.940131804442615,-2.4798443584194985
2021-07-16,20.37908173328261,1,23.832235818401003,17.737515268836376,-6.094720549564627,17.932269197480878,24.521923438413793,6.589654240932916,20.210762930300476,19.302541255645522,-0.9082216746549534,24.027858170623773,26.191107127041377,2.163248956417604,22.258095517394196,23.185112996547275,0.9270174791530792,14.01326876549534,11.336290313211265,-2.676978452284075
2021-07-23,20.401481590217486,1,23.79377331913973,17.407384515207227,-6.386388803932505,18.420936670715506,24.753633144566038,6.3326964738505325,20.060364547189607,19.439109345639835,-0.6212552015497721,24.047089749892052,26.18849769488287,2.141407944990817,22.058624908329605,23.22412617840537,1.1655012700757652,14.028100346038414,11.396138662603605,-2.6319616834348096
2021-07-30,20.53959436948278,1,24.218042029396358,17.613424365404953,-6.604617663991405,18.632127519213867,24.87006759702004,6.237940077806172,20.141966628963857,19.643924772491005,-0.4980418564728524,24.006557066477185,26.052296431621855,2.0457393651446694,22.24849402054356,23.565568529515815,1.3170745089722544,13.990378952301853,11.492284520843,-2.4980944314588527
2021-08-06,20.392319714634855,1,23.985093922740944,17.716675409972495,-6.268418512768449,18.53777724131173,24.63637241681353,6.098595175501799,20.026249240268555,19.348497271173272,-0.6777519690952829,23.810647769782705,26.026551714123045,2.21590394434034,22.13559767665049,23.456041675089224,1.3204439984387335,13.858552437054698,11.169779800637528,-2.68877263641717
2021-08-13,20.57549419146426,1,23.98439089843481,17.836186676054567,-6.148204222380244,18.64775173475664,24.79591179353278,6.148160058776142,19.80362315654787,19.288298046427883,-0.5153251101199885,24.721098314109,26.526511379297034,1.8054130651880342,22.23896890188871,23.491696404536526,1.252727502647815,14.05713214304852,11.514360848936803,-2.5427712941117164
2021-08-20,20.768640102076866,1,23.937504676211887,17.89969553967215,-6.037809136539735,18.868412140260602,25.25766516132559,6.389253021064988,19.940960878735737,19.70506589518382,-0.23589498355191552,25.18756316901046,26.332908859148986,1.1453456901385266,22.63708256578346,23.78074038429584,1.1436578185123807,14.040317182459049,11.63576477283479,-2.4045524096242588
2021-08-27,20.716317052566094,1,23.183514105759286,17.504695064221593,-5.678819041537693,18.968989611867414,25.15614895795092,6.187159346083504,20.01553552610048,19.718017984811127,-0.29751754128935204,25.30055371635659,26.261497532635644,0.9609438162790553,22.800493945721172,23.823174027624574,1.0226800819034025,14.028815409591616,11.834368748152727,-2.1944466614388887
2021-09-03,20.59902896120926,1,23.04061652953905,16.641600383386972,-6.3990161461520785,18.769907248425753,25.57305861646391,6.803151368038158,20.679100675275393,20.766188754688812,0.08708807941341945,24.556458063580337,26.21801456903843,1.661556505458094,22.882619714037887,23.838132967226187,0.9555132531883004,13.665471536397149,10.557178476451213,-3.108293059945936
2021-09-10,20.61620940226192,1,22.90685805225253,16.17125487878367,-6.73560317346886,18.396082729136666,25.98140077008955,7.585318040952885,21.372900218147024,21.135004517908385,-0.2378957002386386,24.5385726699199,26.310120778968198,1.7715481090482967,22.850310789799096,23.745880685090142,0.8955698952910467,13.632531954316292,10.353594782731548,-3.2789371715847437
2021-09-17,20.543178829458224,1,22.771530694577663,15.871189055006425,-6.900341639571238,18.12374030721834,26.259308544876475,8.135568237658134,21.40666354245772,20.78211195699724,-0.6245515854604804,24.46360049366777,26.31219711396092,1.8485966202931507,22.820923554660027,23.862765877362733,1.0418423227027063,13.67261438416783,10.171500428545556,-3.501113955622273
2021-09-24,21.37095816496736,1,23.547286037701312,17.61352783649326,-5.93375820120805,18.631509340092265,25.96683504852922,7.3353257084369545,21.9180502441167,21.41794792070425,-0.5001023234124489,25.605758424409274,27.43224573171969,1.8264873073104155,24.20276789815567,24.58034017049023,0.3775722723345609,14.320377045328925,11.214852281867493,-3.105524763461432
2021-10-01,21.357216450850075,1,22.99852863046212,17.316982408075745,-5.681546222386373,18.524360401307575,25.748918225831616,7.224557824524041,22.460277247385605,21.573119839720604,-0.8871574076650006,25.907469734850338,27.645126773972393,1.7376570391220554,24.108233299755412,24.733766409205245,0.6255331094498331,14.144429391339415,11.12538504829483,-3.019044343044584
2021-10-08,21.335189353789804,1,22.59418599484053,17.863963231638834,-4.730222763201695,18.70053827451825,26.100604932547853,7.400066658029601,21.964172119860095,20.323252723039147,-1.640919396820948,26.205188637467813,27.073216254492664,0.8680276170248504,24.16355511891622,25.313427472011085,1.1498723530948638,14.383495977135937,11.336671509009264,-3.0468244681266725
2021-10-15,21.351697566898878,1,23.53590844211648,18.68135158700933,-4.854556855107148,18.657371413203236,25.775971106161705,7.118599692958469,22.097466818342212,20.42736712631931,-1.6700996920229016,26.54813479370027,27.716366938633826,1.1682321449335547,22.876333112883927,24.129846640598714,1.2535135277147873,14.394970821147155,11.379282002670394,-3.015688818476761
2021-10-22,21.499101951439844,1,23.587766864232208,18.852273385457025,-4.735493478775183,18.807379064712094,25.591446822336593,6.7840677576244985,22.226376534207603,20.394201780589,-1.8321747536186024,26.790395349272586,27.087513049058018,0.29711769978543145,22.868722306785813,25.378180751044113,2.5094584442583,14.713971589428752,11.690995920154265,-3.022975669274487
2021-10-29,21.413427168571214,1,23.579526037374862,18.86136638773131,-4.718159649643553,18.600049369907055,25.682645421439744,7.08259605153269,21.970063933413286,20.675882805260343,-1.2941811281529425,26.603124028534964,26.347229291935008,-0.25589473659995576,22.842243916331043,25.271272824027392,2.429028907696349,14.88555572586607,11.642166281033496,-3.243389444832573
2021-11-05,21.071285416702384,1,23.384002377648613,18.289449989558662,-5.0945523880899515,18.196069753451553,25.295640981700572,7.099571228249019,21.727314885780302,19.5776162069682,-2.1496986788121006,26.245939386639748,26.038919531259523,-0.20701985538022427,22.1478207520629,24.767637639177792,2.6198168871148937,14.726565344631197,12.458448151549575,-2.268117193081622
2021-11-12,21.08022833456702,1,23.107336703929974,18.112634312303413,-4.994702391626561,18.22991184110886,25.117111716362757,6.8871998752538985,21.71966066823029,19.369620679704767,-2.3500399885255234,26.513371009799087,26.125275947376593,-0.3880950624224937,21.94457379025158,25.160509799033363,3.2159360087817817,14.966515994082343,12.596217552621226,-2.3702984414611166
2021-11-19,20.786056922770033,1,23.003357012187053,17.74882307307695,-5.254533939110104,17.945425924561874,24.76884207624346,6.8234161516815846,21.325186108528484,19.039731529768844,-2.2854545787596408,25.95856354140676,25.525864553738728,-0.43269898766803294,21.534300341295605,24.761547675474176,3.2272473341785712,14.949508608640429,12.871532628318008,-2.077975980322421
2021-11-26,20.858696921375792,1,22.81134856384658,18.08166556067772,-4.729683003168859,18.2010835973783,25.767099045452355,7.5660154480740545,20.62460144259623,17.24409903020114,-3.3805024123950886,26.19265422449527,26.289634603975387,0.09698037948011518,22.254685630794327,24.77138246120367,2.5166968304093444,15.06780806914405,12.998300826744497,-2.0695072423995526
2021-12-03,20.58761127416009,1,22.22559306639998,17.81153623161744,-4.414056834782542,17.885500433348028,25.722638516255017,7.837138082906989,20.63099946330668,16.274494579634094,-4.356504883672585,25.700346320297513,26.57243906734712,0.8720927470496065,22.061431905693368,24.091464903409715,2.030032997716347,15.021796455914966,13.053094346697137,-1.9687021092178298
2021-12-10,20.63033743055391,1,22.304175033238124,17.978882747421594,-4.325292285816531,17.907799630826048,25.69927318395422,7.791473553128171,20.61271789540156,16.374065974342315,-4.238651921059244,25.705803687505224,26.68134369060671,0.9755400031014858,22.17048995398001,24.058784173843193,1.8882942198631838,15.081038382372498,12.98967481315546,-2.0913635692170374
2021-12-17,20.663026640257677,1,22.328380009618215,17.984168673276912,-4.344211336341303,18.040351376583615,25.72351619967958,7.683164823095964,20.677195119245454,16.448828388874034,-4.22836673037142,25.61663112800123,26.571582253604376,0.9549511256031451,22.167973151007217,24.034857678793244,1.866884527786027,15.147629057090327,13.215206647317942,-1.9324224097723857
2021-12-24,20.772314845092804,1,22.292441581515888,17.89421298293952,-4.398228598576367,18.036529526796173,24.314967395693316,6.278437868897143,20.317194568265876,15.920271181248125,-4.39692338701775,26.306265909021448,28.17108316550312,1.8648172564816718,22.299703872125818,24.242368155667663,1.9426642835418448,15.38175361283163,14.090986189505088,-1.2907674233265425
2021-12-31,20.134035113965577,1,21.756755483732732,16.418745596680665,-5.338009887052067,16.90936884252436,23.881575168373615,6.972206325849257,19.650221666319936,15.21165768511878,-4.438563981201156,26.00283907136499,28.532187604175775,2.5293485328107863,21.900088058838932,22.984267092291276,1.0841790334523438,14.584937561012524,13.775777537153346,-0.8091600238591781
2022-01-07,20.2717647470748,1,22.120825369126337,16.14972106858646,-5.971104300539878,16.894586304176755,24.547740556907044,7.653154252730289,19.660489281168196,15.485084435371022,-4.175404845797175,26.32517211088438,28.705486449339077,2.3803143384546956,21.959035261381587,23.046960575049226,1.0879253136676397,14.670480155711545,13.695595397195987,-0.9748847585155573
2022-01-14,19.304155615705497,1,19.566022621810617,14.207334784326491,-5.358687837484126,16.825899717408674,24.417986272660087,7.592086555251413,17.902067394528345,12.412995140253429,-5.489072254274916,25.044910303720954,28.06398592153073,3.0190756178097757,21.270470135669953,22.00158514120254,0.7311150055325868,15.215563521094438,14.721046434259705,-0.4945170868347333
2022-01-21,19.20665213637721,1,19.174813340360288,14.55013728260235,-4.624676057757938,16.64431465915132,23.802872886548613,7.158558227397293,17.914064502150197,12.051279021727566,-5.86278548042263,24.631100942255458,28.295858162343507,3.664757220088049,21.751368612786393,22.04517501195582,0.2938063991694264,15.124250761559594,14.494590453085422,-0.6296603084741719
2022-01-28,19.040326691540184,1,19.26499263739501,14.30579409575003,-4.95919854164498,16.589733173328796,23.418545410453902,6.828812237125106,17.601679185165466,11.315870804125595,-6.285808381039871,24.134166995560065,28.831617754413983,4.697450758853918,21.590404715066583,21.458162154568114,-0.13224256049846872,15.060983442725174,14.911969929929441,-0.14901351279573305
2022-02-11,19.075488510601446,1,19.429000790857216,14.507624402967735,-4.921376387889481,16.95876028867673,23.628547053163757,6.669786764487029,16.877752836927655,10.082582245992995,-6.79517059093466,24.138286091117976,29.552513486820274,5.414227395702298,21.86383117011667,21.988640541254256,0.12480937113758728,15.185299885912428,14.69302333340967,-0.4922765525027586
2022-02-18,18.733387728939146,1,19.180041418748203,13.895955700623347,-5.284085718124857,16.67979750500014,20.824091998723503,4.144294493723365,16.48841831901713,10.230647477576497,-6.257770841440632,24.242483485718935,31.03803009938258,6.795546613663646,20.993954351178743,20.263339906384516,-0.7306144447942273,14.815631293971734,16.14826119094444,1.3326298969727048
2022-02-25,18.593310669703726,1,19.045037254274064,13.688131782445339,-5.356905471828725,16.10734950438085,21.20020575756459,5.09285625318374,17.19767872027205,11.314729982251293,-5.882948738020758,24.146524379323168,30.17127268039134,6.024748301068172,20.76246804733489,20.49788010638244,-0.2645879409524525,14.300806112637332,14.687643709187356,0.3868375965500235
2022-03-04,18.41998978885249,1,19.283373942276384,14.058674315378838,-5.2246996268975465,16.080203003373626,20.59155972827422,4.511356724900594,16.674052676964763,11.301218954972867,-5.372833721991896,24.075711673006964,29.50490988767652,5.4291982146695545,20.70602284019172,20.3873862074082,-0.31863663278352305,13.700574597301483,14.6761896394043,0.9756150421028167
2022-03-11,18.434914261939387,1,19.009433567706864,13.55736794200132,-5.4520656257055435,16.277955204035294,20.659216281911455,4.381261077876161,16.554414843939043,11.211337844903042,-5.3430769990360005,24.10219134146574,29.462112252307406,5.359920910841666,20.76617716106888,20.329263304305556,-0.4369138567633257,13.899313453420504,15.39018794620759,1.4908744927870856
2022-03-18,18.081335361754046,1,17.83116457849384,12.989589221868926,-4.841575356624915,16.127936629335437,20.3256750991993,4.1977384698638645,16.39452454600044,11.175720706383174,-5.218803839617266,23.779371769387993,28.971113840957372,5.191742071569379,20.58119714569034,20.05465388671422,-0.526543258976119,13.773817501616222,14.971259415401278,1.197441913785056
2022-03-25,17.9862941327864,1,17.859764531744005,12.754760811338784,-5.105003720405222,16.02423077148265,20.332622774301598,4.308392002818948,16.574951777030762,11.40027765138177,-5.174674125648991,23.842138595680595,29.309093596741903,5.466955001061308,20.04935797372997,19.427165621738084,-0.6221923519918846,13.567321147050436,14.693844341216291,1.1265231941658556
2022-04-01,18.054768456403057,1,18.182043847073487,12.95795877094038,-5.2240850761331075,16.40658473084892,21.035653031733986,4.629068300885066,16.3810329036114,11.223001586958219,-5.1580313166531795,24.025496056098007,29.723558988379892,5.698062932281886,19.84020717711836,19.212633863467047,-0.6275733136513111,13.493246023668178,14.175804496938838,0.6825584732706602
2022-04-08,17.95009486042488,1,17.696863168764352,13.109101231387669,-4.587761937376683,16.233690479647564,19.901860488191346,3.6681700085437825,16.251919284348688,11.229823808902609,-5.022095475446079,24.23156632794273,29.582266135125977,5.350699807183247,19.752423326878542,19.47951915073635,-0.2729041761421911,13.534106574967396,14.397998348205306,0.8638917732379099
2022-04-15,17.953896303025815,1,17.488260734607692,12.986369822144752,-4.50189091246294,16.207358319916835,19.85737847941229,3.6500201594954547,16.382653834937273,11.300190927214857,-5.082462907722416,24.209530871699158,29.695349459830922,5.485818588131764,19.97139642359376,19.592740567194213,-0.378655856399547,13.464177633400169,14.291348562357854,0.8271709289576847
2022-04-22,17.68834427113786,1,17.35299992567444,13.244438780414029,-4.10856114526041,16.072677368008627,19.530521539345614,3.457844171336987,16.003085477719154,11.332101307436147,-4.670984170283006,24.113179360696435,29.0480759739404,4.934896613243964,19.80967387236184,19.55329152599333,-0.2563823463685111,12.77844962236668,13.421636499697641,0.6431868773309617
2022-04-29,17.54229871924564,1,17.32112009859273,13.141513296388268,-4.179606802204461,15.798842206496232,19.27302313636831,3.4741809298720767,15.673621402432786,10.791128962969864,-4.882492439462922,24.013175766507672,29.040045346041524,5.026869579533852,19.47886142030663,19.50514188267269,0.026280462366059965,12.968171421137782,13.502939691033163,0.5347682698953804
2022-05-13,18.875229951357692,1,18.659250561649856,14.601786582280809,-4.057463979369047,17.114055285379706,19.734565367275053,2.620510081895347,16.926102957535818,12.441472665855045,-4.484630291680773,25.51993716331218,30.32888431351931,4.808947150207132,20.54641891017569,21.142337509261324,0.5959185990856355,14.485614830092914,15.002333269954633,0.5167184398617195
2022-05-20,18.89325036512945,1,19.200992048287276,14.773588849160404,-4.427403199126871,15.70845877307083,19.17647625445545,3.4680174813846207,17.331049175585036,12.52214073826508,-4.808908437319957,25.616048837584742,30.42744288571089,4.811394048126147,20.724080305387446,21.344556873746413,0.620476568358967,14.778873050861364,15.115296589438444,0.33642353857707974
2022-05-27,18.764681682102225,1,19.018589637661876,14.349304103841902,-4.6692855338199735,15.690538517209234,19.765519729177043,4.07498121196781,17.182846726739825,12.562638404891743,-4.620208321848082,25.42063748479613,30.396135395161522,4.975497910365391,20.721029622885794,20.947338893353987,0.22630927046819238,14.554448103320482,14.567153566187145,0.012705462866662742
2022-06-03,18.630059620002953,1,18.422056861828693,13.713976755903658,-4.708080105925035,15.541305113845553,19.713132061095564,4.171826947250011,17.057108647299557,12.438166204592463,-4.618942442707095,25.84090572012498,30.89431694534916,5.053411225224181,20.547870149654273,20.795942293674315,0.24807214402004263,14.371111227264663,14.224823459402558,-0.1462877678621055
2022-06-10,18.65109669670704,1,18.308927645002413,13.81682979062839,-4.492097854374023,15.599438887873418,19.901602139085384,4.302163251211965,17.211538226928326,12.758395729224787,-4.4531424977035385,26.084834264404478,31.06667349296049,4.981839228556012,20.756967776533173,21.153051465483713,0.39608368895054014,13.944873379500436,13.210027562859494,-0.7348458166409415
2022-06-17,19.12446481931624,1,18.68177358715947,14.271842257040078,-4.409931330119392,15.908441350079514,20.716058592063845,4.807617241984332,17.623058238541773,13.226753427396417,-4.396304811145356,26.41231786490512,31.583041772100202,5.170723907195082,21.360273348831413,21.597084958259742,0.23681160942832946,14.760924526380165,13.352007909037141,-1.4089166173430243
2022-06-24,18.664924307679513,1,18.691698060342745,14.448303079879281,-4.243394980463464,15.614280527393362,19.983809101297297,4.369528573903935,17.596676571036426,13.233041724962348,-4.363634846074078,25.634603653936338,30.701243883091536,5.0666402291551975,20.267619267163127,20.785775532058636,0.5181562648955094,14.18466776620508,12.837372524787966,-1.3472952414171147
2022-07-01,18.59633272741515,1,18.164090661896637,14.276935219777684,-3.887155442118953,15.588244942657255,19.93049587561434,4.342250932957086,17.426437348732577,13.160342154615265,-4.266095194117312,25.712338577699043,30.531261600124324,4.818923022425281,20.279364349471322,20.89031512723264,0.6109507777613175,14.407520484034066,12.788646387126661,-1.6188740969074047
2022-07-08,18.62726993060928,1,18.18093293022737,14.255541216618042,-3.9253917136093293,15.626148983313186,19.978101265573557,4.3519522822603705,17.368689949826773,13.151670434400799,-4.217019515425974,25.928794358021364,30.804951773846938,4.876157415825574,20.299485754987657,20.764144425615783,0.4646586706281255,14.359567607279331,12.80921046760055,-1.5503571396787805
2022-07-15,18.251466597910156,1,17.86170868876914,14.158612348042581,-3.7030963407265602,15.182953846958782,19.534053539544985,4.351099692586203,16.67928401224556,12.52603981943119,-4.15324419281437,25.386038972172187,30.355160659645748,4.96912168747356,20.08634079115653,20.207137959985957,0.12079716882942648,14.312473276158727,12.727795260810439,-1.5846780153482882
2022-07-22,18.414431688919645,1,17.944351567639416,14.30073922504397,-3.6436123425954463,15.430432411053857,20.044156581637026,4.613724170583168,16.48776931660943,12.552102095702438,-3.9356672209069927,25.62799921306795,30.598624412789547,4.970625199721596,20.678024240958806,20.45121486119858,-0.2268093797602262,14.318013384188419,12.539752957146348,-1.7782604270420705
2022-07-29,18.258072410014325,1,17.88621322812213,14.30732474547176,-3.5788884826503704,15.326859478570256,19.55445946991803,4.227599991347773,15.704510549908434,12.196367857717647,-3.5081426921907877,25.5838294050898,30.48603366819097,4.902204263101169,20.796359551182633,20.491535456735207,-0.30482409444742586,14.250662247212702,12.512713262052301,-1.7379489851604006
2022-08-05,18.31827210105487,1,17.95810717346137,14.280336888921155,-3.677770284540216,15.12545140143824,19.534751669126265,4.409300267688025,15.83863744813128,11.948501775239862,-3.890135672891418,25.564480751058923,30.558135490791216,4.993654739732293,21.157284581309383,21.1251230272468,-0.03216155406258281,14.265671250930012,12.46278375500394,-1.802887495926072
2022-08-12,18.16339277646393,1,17.97566990930673,14.047130801525952,-3.9285391077807787,15.170218699744566,19.716501799080845,4.546283099336279,15.722464676366315,11.787930811098093,-3.9345338652682216,25.40335352006217,30.26232497760276,4.858971457540591,20.794671743190847,20.90661722448148,0.11194548129063264,13.91397811011295,12.259851044994434,-1.6541270651185158
2022-08-19,18.314869262164162,1,18.27903726720001,14.437095793395315,-3.8419414738046953,15.552140301306252,20.21525084478226,4.663110543476009,15.517384251423692,11.278353278650854,-4.239030972772838,25.246836446486213,30.208342117741793,4.96150567125558,21.043293002994602,21.072082804178436,0.028789801183833674,14.25052430357421,12.678090734236307,-1.5724335693379032
2022-08-26,18.295945433793833,1,18.230039302235312,14.588110001643486,-3.6419293005918263,15.908305814423016,20.61138085743093,4.703075043007914,15.190309807076503,11.000329240690803,-4.1899805663856995,25.509705087129745,30.12268964724558,4.612984560115834,20.834545254425024,20.791754190308296,-0.042791064116727284,14.102767337473395,12.661408665443886,-1.4413586720295086
2022-09-02,18.17283571229557,1,18.25007117442172,14.514991071802271,-3.735080102619449,15.879159123607295,20.545620146190856,4.666461022583562,15.086509594863202,11.039533864726877,-4.0469757301363245,25.232778057671297,30.021493748574372,4.788715690903075,20.546082251382515,20.671155078675454,0.12507282729293934,14.042414071827395,12.244220363803578,-1.7981937080238168
2022-09-09,18.133520825820217,1,18.135936710057607,14.19503031877339,-3.9409063912842157,15.869254035070313,20.405653167348774,4.536399132278461,14.983768607630438,10.986473035797488,-3.99729557183295,25.227833737884723,30.10952135945557,4.881687621570848,20.63764978731963,20.868491426280613,0.23084163896098175,13.946682076958595,12.235955647265484,-1.7107264296931106
2022-09-16,18.064404377919022,1,18.111937571504598,14.224840715748215,-3.8870968557563828,15.781104250845445,20.386559463606076,4.605455212760631,15.163379482968594,11.200870142310592,-3.962509340658002,24.74699093775287,29.475510417297627,4.728519479544758,20.4427082578824,20.718765477142924,0.2760572192605224,14.140305766560232,12.379880051408676,-1.7604257151515554
2022-09-23,17.514548368368672,1,18.162705590317856,14.24461274761164,-3.9180928427062156,15.191815996542275,19.040510213675063,3.8486942171327883,14.850287307390701,11.49747815252509,-3.3528091548656107,23.53867428183267,27.906289263640247,4.367614981807577,20.53633119669277,21.36271526096489,0.8263840642721192,12.80747583743576,11.035684571795088,-1.7717912656406725
2022-09-30,17.93139375036182,1,18.726580618080263,14.075009900325355,-4.6515707177549075,15.429973982802622,20.09723646219952,4.667262479396896,15.16096628479913,12.235522059246932,-2.925444225552198,23.97711862869336,28.37574114137206,4.398622512678699,20.85532210755285,21.265409523631433,0.4100874160785821,13.438400880242696,11.539443415395652,-1.8989574648470438
2022-10-07,17.70514210411218,1,18.649029140427203,14.393448750845351,-4.255580389581851,15.389018389692282,19.72941128997931,4.3403929002870285,14.95811215400262,11.643957047642232,-3.3141551063603885,23.342588348060858,28.32153716321193,4.978948815151071,20.979944800692238,21.677222073843467,0.6972772731512293,12.912159791797876,10.465276299150815,-2.4468834926470606
2022-10-14,17.90720023821876,1,18.9047394434035,14.783137977081438,-4.121601466322062,15.553366267949471,19.99527141647532,4.441905148525848,14.821287505769803,11.462840957108284,-3.3584465486615187,23.84865194871844,28.238497678184473,4.389845729466032,21.072650246405132,21.894738446390036,0.8220881999849041,13.24250601706622,11.068714954072973,-2.1737910629932458
2022-10-21,18.055084769917773,1,19.812716505528215,15.878561715074127,-3.9341547904540874,15.320450084018645,19.17569798504431,3.8552479010256633,15.263144800456175,12.130447944938197,-3.1326968555179775,23.246359619320287,28.121751989886917,4.8753923705666296,20.66344347428206,20.92223276586006,0.25878929157799746,14.024394135901261,12.101816218703036,-1.9225779171982254
2022-10-28,18.060298345369535,1,19.892812470916112,16.157858807871378,-3.7349536630447346,14.789735501422996,19.790394517908027,5.000659016485031,15.746596753733286,11.717566780506004,-4.029029973227281,22.809844753594973,26.786487109021735,3.976642355426762,20.62930746824523,21.8307529592621,1.2014454910168695,14.493493124304607,12.07872989764796,-2.414763226656646
2022-11-04,17.999576045896404,1,19.97865116122108,16.2950930675013,-3.683558093719782,15.083823112892759,20.508416607263015,5.4245934943702565,15.964560981870974,11.158349606164208,-4.806211375706766,22.282173347465502,26.32062236749239,4.0384490200268885,20.549597805864664,21.60968932104622,1.0600915151815542,14.138649866063446,12.105285305911266,-2.0333645601521795
2022-11-11,18.182530973957356,1,20.076787019315077,16.18734330111876,-3.8894437181963184,15.327689039853311,20.620420358588845,5.292731318735534,16.303877449535946,10.730384950486723,-5.573492499049223,22.28889618968823,27.1575702573723,4.8686740676840685,20.834605190642833,21.86233102912233,1.0277258384794976,14.263330954708735,12.537135947055177,-1.7261950076535584
2022-11-18,18.105607716451242,1,19.787673166027645,16.032865264879845,-3.7548079011477995,15.227125999113568,20.506526372854125,5.2794003737405575,16.314616192522806,10.705172834429888,-5.609443358092918,22.316593484198492,27.150976050097512,4.83438256589902,20.832789599140355,21.83690577287753,1.0041161737371738,14.154847857704596,12.401200003568576,-1.7536478541360196
2022-11-25,17.978948296073803,1,20.16671269686755,16.515156743297624,-3.6515559535699254,14.721919100862436,19.757314658555373,5.035395557692937,16.156819448430994,10.583978299851466,-5.572841148579528,22.17983361504244,27.034348610471625,4.854514995429184,20.758698490969252,21.754960338824986,0.9962618478557346,13.889706424270145,12.227931125441742,-1.6617752988284025
2022-12-02,18.072154956492934,1,20.296046940574755,16.467340126515012,-3.8287068140597427,14.744976747170966,20.07433193244674,5.329355185275773,16.334476431616736,10.490217066666531,-5.844259364950204,22.118919651880248,27.02892147025939,4.910001818379143,20.86117691218341,21.86167993316822,1.0005030209848087,14.077333055531483,12.510439209901762,-1.5668938456297212
2022-12-09,18.02161655372117,1,20.11811435958232,16.04218804124521,-4.07592631833711,14.695425020159774,20.130063117678304,5.43463809751853,16.304425092535197,10.545598863461777,-5.758826229073421,22.0667031776987,27.089254877460334,5.022551699761635,20.889612056600015,21.845936300847384,0.9563242442473694,14.05541961575102,12.476658121634003,-1.5787614941170176
2022-12-16,18.013627924923302,1,20.246046430787075,16.00314592358501,-4.242900507202066,14.70090768661369,20.15545150052145,5.454543813907762,16.222809843508088,10.505703390705008,-5.71710645280308,22.169578343926105,27.318143929883092,5.148565585956987,20.649548306571447,21.7517570697013,1.1022087631298518,14.092876938133415,12.34756573514396,-1.7453112029894555
2022-12-23,18.432769862078683,1,20.308583764595582,15.970641162400995,-4.3379426021945875,15.306768595275116,21.236808381551214,5.930039786276097,17.050087941437795,11.312023318739165,-5.73806462269863,22.679250467106172,27.386662895632142,4.70741242852597,21.54821044085496,22.363907647234242,0.8156972063792836,13.703717963202465,12.32657576691436,-1.377142196288105
2022-12-30,17.950857973805103,1,19.980873941219514,16.174126452531084,-3.80674748868843,14.900803507354652,19.258827610979395,4.358024103624743,16.806573259160743,10.596722038966547,-6.209851220194196,21.9568526226534,25.87626343863026,3.9194108159768604,20.473721936411323,24.085269499392,3.6115475629806753,13.58632257603098,11.713938802331299,-1.8723837736996813
2023-01-06,17.83448399982267,1,19.548926453393108,15.804822520071994,-3.7441039333211137,14.879952641384563,19.23535160831655,4.355398966931986,17.19490033281342,10.607362355235793,-6.587537977577625,21.807456121579875,25.95088579698917,4.143429675409294,20.290143263246904,23.811443206209276,3.521299942962372,13.285525186518157,11.597038512113258,-1.6884866744048992
2023-01-13,18.305524338426807,1,20.869145278636765,16.734566788599793,-4.134578490036972,15.022660715360203,19.365192164015454,4.342531448655251,17.135319099998583,10.678004236663654,-6.457314863334929,22.49432955019674,27.04738532804788,4.553055777851142,20.50233552005433,23.474251648935862,2.9719161288815314,13.80935586631422,12.533745864298197,-1.2756100020160233
2023-01-20,18.17470779273163,1,20.28976313284744,15.656539028513706,-4.633224104333735,14.97576205723756,19.35271385958687,4.376951802349311,16.948343371135053,10.256001511417537,-6.692341859717516,22.681819106074187,27.95433885899513,5.272519752920942,20.51890539924959,23.400944792979658,2.882039393730068,13.633653689845957,12.427708704896887,-1.2059449849490704
2023-01-27,18.210195686496643,1,20.765763107567167,16.11999027557937,-4.645772831987799,14.877445527622655,19.35291847472095,4.475472947098297,17.30564762474276,10.187531587738647,-7.118116037004114,21.9584185446854,27.89757078220117,5.939152237515771,20.81264340262247,23.540718371593044,2.7280749689705743,13.541255911739398,12.162444627146655,-1.378811284592743
2023-02-03,18.507610918458013,1,21.411787941230344,17.027870072180008,-4.383917869050336,16.32169921063509,20.770438088691918,4.4487388780568295,18.2470130035439,10.603235314538978,-7.643777689004921,22.08359570895874,27.118445364234717,5.034849655275977,21.272442068753108,24.855434259636112,3.5829921908830045,11.709127577626901,10.670242411466376,-1.0388851661605258
2023-02-10,18.54830711256059,1,21.52323852530175,16.90180924465355,-4.621429280648201,16.415715557576775,20.223445040343094,3.8077294827663195,17.91796855595352,10.528343786661154,-7.389624769292368,21.928964758208664,27.2653478159568,5.336383057748137,21.283098314554607,24.967929632855572,3.684831318300965,12.220856963768227,11.402967154893375,-0.8178898088748525
2023-02-17,18.091607090986425,1,21.232337927787455,16.74827006038167,-4.484067867405784,15.529935340669297,19.467738831089974,3.937803490420677,17.09606358465436,9.418807808138027,-7.677255776516333,21.34991413771006,27.049685147123597,5.6997710094135385,21.050013089838814,24.79695300117193,3.746939911333115,12.29137846525856,11.068187698013375,-1.2231907672451854
2023-02-24,18.200876965617578,1,21.114177188395388,16.716371647297862,-4.397805541097526,15.667436722917614,19.010639731208897,3.343203008291283,16.728590975607432,9.359838374275597,-7.368752601331835,21.207172048145253,27.442699419056552,6.235527370911299,21.832660401033323,25.46967034817493,3.637009947141607,12.655224457606465,11.20604227369165,-1.4491821839148145
2023-03-03,18.219606368972077,1,21.053638549534952,16.672259051692095,-4.3813794978428575,15.551261311191467,18.892695341918,3.341434030726532,17.05842355889483,9.933794083215147,-7.124629475679683,21.118599776093944,27.434501158591104,6.3159013824971595,21.89002162525381,25.31802173017995,3.4280001049261415,12.645693392863464,11.066366848236157,-1.5793265446273068
2023-03-10,18.11492931583228,1,21.20397876301797,16.82274654909746,-4.381232213920512,15.532941338142336,18.891421334336584,3.358479996194248,16.86903874292551,9.985027154223673,-6.8840115887018385,20.9012701733363,27.058900166316533,6.157629992980233,21.616616440105332,24.963741550061414,3.3471251099560817,12.565730437466229,10.967739140958003,-1.5979912965082264
2023-03-17,18.50395486189468,1,21.631353452050163,17.45291698972467,-4.178436462325493,15.669759293539002,19.03489619296539,3.365136899426389,17.49391617334811,10.191884459319823,-7.302031714028288,21.83479497701346,27.98466300828997,6.149868031276512,21.748415965817657,25.245619130806276,3.497203164988619,12.645489309599697,11.113749390261958,-1.5317399193377383
2023-03-24,18.208136491166503,1,21.299281892866887,16.90280493466996,-4.396476958196928,14.87629512282929,18.452697952379765,3.5764028295504744,17.35273356584706,10.026723249045304,-7.3260103168017565,21.75647649960736,28.233433901556623,6.476957401949264,21.471069687855817,24.54789603752519,3.076826349669375,12.49296217799261,11.085262871822167,-1.4076993061704428
2023-03-31,18.558928576171894,1,21.45240882362414,16.977505039114334,-4.474903784509806,15.100652752456028,18.187201663617728,3.0865489111616995,17.36756617167174,10.15441422862844,-7.2131519430433,22.041915090421554,28.518119697521684,6.476204607100129,22.73947783912321,26.547426553256898,3.807948714133687,12.651550779734691,10.968904274892267,-1.682646504842424
2023-04-07,18.510411593710334,1,21.4510186571179,17.77917350097877,-3.6718451561391277,15.274069013150523,18.131669348150098,2.8576003349995744,17.457130479489493,10.876360376851665,-6.580770102637828,21.863942781385504,28.005747964112913,6.14180518272741,22.247175059704375,25.14639725558294,2.899222195878565,12.769133571414216,11.12312111658558,-1.646012454828636
2023-04-14,18.730179480482377,1,21.692105323032536,18.129584460433236,-3.5625208625992997,15.52219193520132,18.39955123460402,2.8773592994026984,17.801512627352693,11.25000387838854,-6.551508748964153,22.08033227207926,28.271554678716413,6.191222406637152,22.30584306237489,25.056334485844985,2.750491423470095,12.979091662853563,11.274048144907056,-1.7050435179465069
2023-04-21,18.80463466099758,1,21.74308597116729,18.199178556772395,-3.5439074143948943,15.493799780969582,18.355848056002813,2.8620482750332314,18.19836420997578,11.82985310129628,-6.368511108679499,22.092745671276944,28.226577782038945,6.133832110762,22.141243170624648,24.90776510119842,2.7665219305737736,13.15856916197123,11.308585368676617,-1.8499837932946122
2023-04-28,18.82235144557185,1,21.86118759189246,17.78549383494689,-4.075693756945569,15.566767561639892,18.860807648102536,3.294040086462644,18.178885999115565,11.59548618713471,-6.583399811980854,21.661179314547226,28.048589796069706,6.38741048152248,21.976593154139522,24.46404125854413,2.4874481044046064,13.689495052096447,12.179689948633154,-1.509805103463293
2023-05-05,17.92023517408822,1,20.69092286694439,16.55521114809366,-4.135711718850729,14.548855410456014,17.33821140135393,2.789355990897917,17.35791156077481,10.518211992240708,-6.839699568534101,20.600215864543912,28.121886677531606,7.5216708129876935,21.228345118231303,24.126415843994636,2.8980707257633327,13.095160223578887,10.86147398131476,-2.2336862422641275
2023-05-12,18.047272351174698,1,20.830229556808987,16.863821179116826,-3.9664083776921615,14.74348309922982,17.48575887327317,2.7422757740433497,17.43079661852866,10.557776779702266,-6.873019838826394,20.96016574785601,27.92843886529006,6.968273117434052,21.22606878129949,24.36515875224019,3.1390899709407023,13.09289030332522,11.082679657425686,-2.0102106458995337
2023-05-19,18.007551557137308,1,20.98842332334489,17.212901950544477,-3.7755213728004122,14.915666542193406,18.027912973011624,3.1122464308182174,17.953829068163188,10.727645607166338,-7.22618346099685,20.890792917971424,27.64437349847597,6.753580580504547,20.60714728766233,22.976148756041056,2.369001468378727,12.689450203488605,11.456326557584404,-1.2331236459042003
2023-05-26,17.63815884831363,1,20.717695294863233,16.90852528003839,-3.8091700148248435,14.330150870185392,17.47513369578739,3.144982825602,17.115367220408586,10.449119865576051,-6.666247354832535,20.63654433264273,27.0800636002578,6.443519267615073,20.36509271727843,22.8690965240813,2.5040038068028707,12.66410265450341,11.04701412414083,-1.6170885303625795
2023-06-02,17.62004164655155,1,20.821170019261658,17.12199421568731,-3.6991758035743487,13.919057477880784,16.81343837746637,2.8943808995855846,17.576348965371096,10.596516523600428,-6.979832441770668,20.600993859444827,27.24823525107388,6.647241391629052,20.398980665435218,22.87924804896639,2.480267383531171,12.40369889191571,11.060817462514933,-1.3428814294007765
2023-06-09,17.510376520555937,1,20.76295844140975,17.218767890296462,-3.5441905511132887,13.876075370485907,16.57776815232863,2.7016927818427234,17.3220021642515,10.016313308695416,-7.305688855556085,20.49416514104371,27.146406479313626,6.652241338269917,20.318844544184458,23.29521964423057,2.9763751000461127,12.288213461960297,10.807783648470874,-1.4804298134894225
2023-06-16,17.493673091184277,1,20.623140911594604,17.4914111279721,-3.1317297836225038,13.817592356709284,16.42293064733046,2.6053382906211766,17.187177453190756,10.217768672515376,-6.96940878067538,20.265056583265164,26.60027636386276,6.335219780597598,20.33960490212543,23.24543482427586,2.9058299221504313,12.729466340220426,10.984216911149119,-1.7452494290713076
2023-06-23,17.25721396909814,1,20.540541528007026,17.21368193017196,-3.3268595978350675,13.70125223468267,16.04849595382443,2.3472437191417583,16.637245869923348,9.925447433197249,-6.711798436726099,19.785667517656236,26.624915303819535,6.839247786163298,20.25285180824612,22.68205013849088,2.429198330244759,12.625724856073433,11.048693055084797,-1.5770318009886353
2023-06-30,17.860072347964632,1,21.587956022593787,18.28206037495123,-3.305895647642558,13.817404764134693,16.576257241855828,2.7588524777211347,16.911511736707254,9.817241420675927,-7.094270316031327,20.42178845844073,26.87124846055977,6.449460002119039,20.73421425094722,23.025443520590287,2.2912292696430683,13.68755885496411,12.58818306915471,-1.0993757858094
2023-07-07,17.822085327482142,1,21.630713692129405,17.805670243229514,-3.8250434488998906,13.940945048473054,16.455460065757464,2.5145150172844097,16.73451447773965,9.692051522060254,-7.042462955679397,20.286316078824072,26.8506557065828,6.564339627758727,20.87312044901772,23.352347001018842,2.4792265520011227,13.466902218708952,12.776327426243952,-0.6905747924650001
2023-07-14,17.941174176721315,1,21.558690824116965,17.42413494118007,-4.134555882936894,14.57756715192211,16.946169410497163,2.368602258575052,16.954480456990765,10.186120099948695,-6.76836035704207,20.31637862780147,27.089339998824073,6.772961371022603,21.044493018294006,23.340734345247455,2.2962413269534494,13.195434981202567,12.660546264630398,-0.5348887165721692
2023-07-21,18.07020265242493,1,21.684638232303683,17.999241311133048,-3.6853969211706357,15.100368895030883,17.183381223433358,2.083012328402475,17.302640745825244,10.704391615239246,-6.598249130585998,20.174000931332074,26.204719197349846,6.030718266017772,21.074460598528262,23.828524537620964,2.7540639390927026,13.085106511529432,12.500958029773102,-0.5841484817563298
2023-07-28,17.859181392324142,1,21.586324320400337,17.712956518852792,-3.873367801547545,15.124645390813,17.468230495310365,2.3435851044973646,17.177455627411874,10.64691744632269,-6.5305381810891845,19.685325500878463,25.898792120890633,6.21346662001217,20.743820637304566,22.94593811551772,2.202117478213154,12.837516877136608,12.482253657050649,-0.3552632200859591
2023-08-04,17.765714219861774,1,21.404554767989296,17.668349463430175,-3.736205304559121,15.069899750740447,17.254711663310374,2.184811912569927,16.973176268913846,10.296692506907064,-6.676483762006782,19.548295565107978,25.60004443739308,6.051748872285103,20.81404436222256,23.29923722135088,2.4851928591283183,12.784314604196524,12.47525002677908,-0.30906457741744475
2023-08-11,18.729152192673997,1,22.38986443911425,18.85824317383468,-3.5316212652795684,15.197977113576343,17.992401735350256,2.7944246217739135,17.68309776613266,10.54517742451101,-7.137920341621651,20.87864342178456,26.748897836207632,5.870254414423073,22.874065636403856,25.35306936357783,2.479003727173975,13.351264779032306,12.877123622562593,-0.4741411564697131
2023-08-18,18.63175398459727,1,22.326724372608282,17.841347430782093,-4.485376941826189,15.09331638390897,17.915819372016443,2.8225029881074732,17.649805853348823,10.201873202266938,-7.447932651081885,20.78871546979215,26.769892728464043,5.981177258671892,22.627814210899516,25.96671572025005,3.338901509350535,13.304147617025876,13.094875453804036,-0.20927216322183995
2023-08-25,18.80463898494867,1,22.807125627615733,18.35010168314824,-4.457023944467494,15.168826161464168,18.287986670817233,3.1191605093530654,17.68299622542314,9.932760765186117,-7.750235460237022,21.048690771648907,27.27023093216286,6.221540160513953,22.59907653253397,25.582738886440012,2.983662353906041,13.5211185910061,13.404014971937556,-0.11710361906854416
2023-09-01,18.67612717689244,1,22.529105064760756,18.191377787235112,-4.337727277525644,15.148174893078775,18.49352417782201,3.345349284743236,17.823130712117845,9.992827772596527,-7.830302939521317,20.67752215673272,27.236715520137693,6.559193363404972,22.56398812007292,24.85138644263982,2.287398322566901,13.314842114591627,13.290931360923466,-0.023910753668161533
2023-09-08,18.509555439334665,1,22.492015273002963,18.278989070818128,-4.213026202184835,14.85937426255164,18.58365757458421,3.7242833120325685,17.79345258911023,10.136579034212602,-7.656873554897629,20.436847292394646,26.924517538745604,6.487670246350959,22.463894545962418,24.211503315545954,1.747608769583536,13.011748672986087,12.922086102101474,-0.08966257088461305
2023-09-15,18.164680096014486,1,22.047819764855078,18.12501331074651,-3.922806454108567,14.501194830513583,18.063676776235383,3.5624819457217995,17.89573428714303,10.31749501548714,-7.578239271655889,19.834678947435933,26.027197597072274,6.192518649636341,21.937909214309386,23.772521261680566,1.8346120473711807,12.770743531829908,12.682176614865028,-0.08856691696487928
2023-09-22,18.060375578830815,1,21.97523079393956,17.973068830138487,-4.002161963801072,14.514749039898192,18.138918340201002,3.6241693003028104,17.860446522797133,10.213695512533178,-7.646751010263955,19.54254802800446,25.706744131229513,6.164196103225052,21.911007877465238,23.897484519509703,1.9864766420444653,12.558271210880307,12.432342139373048,-0.12592907150725807
2023-09-29,18.594813755677997,1,22.303334625631365,18.377101700214084,-3.926232925417281,16.33235879066939,19.683015278309043,3.350656487639654,18.359270739378672,10.591857576947746,-7.767413162430927,19.66095013657224,25.781340108404862,6.120389971832623,22.142204127500335,24.421520249492886,2.279316121992551,12.77076411431598,12.714047620699333,-0.05671649361664777
2023-10-06,18.77567576695171,1,22.622994317773433,19.2110039379279,-3.411990379845534,16.3309498676182,20.072896498196613,3.7419466305784113,18.53073476057672,10.655697182242378,-7.875037578334343,19.771496851966376,25.750550905892922,5.979054053926546,22.37105409797536,24.18739791060041,1.8163438126250497,13.02682470580018,12.776508166850036,-0.2503165389501447
2023-10-13,18.72727683238575,1,22.611924822280244,19.36988665696063,-3.242038165319613,16.044820151972644,19.784560807406436,3.739740655433792,18.575529344749825,10.908711181489934,-7.66681816325989,19.91113488783786,25.827007250975456,5.915872363137595,22.319515879495583,23.92801158623608,1.6084957067404986,12.900735907978344,12.545483511246019,-0.35525239673232534
2023-10-20,18.90275514434322,1,22.72084285657533,19.439943432447663,-3.280899424127668,15.975887412050753,19.75239932882262,3.7765119167718666,18.69040082115346,10.86956568142817,-7.82083513972529,20.085840740331037,25.871908704739482,5.786067964408446,22.411383840121758,24.13311400982319,1.7217301697014307,13.53217519582698,13.34959970879818,-0.18257548702879944
2023-10-27,18.79209225990343,1,22.675358030754097,19.276626367896043,-3.3987316628580544,15.403282240480863,19.677531832550088,4.274249592069225,18.628612629869195,10.648162445177732,-7.980450184691463,20.090536762836862,25.945540706805573,5.855003943968711,22.653533390275243,24.1346140155062,1.481080625230959,13.301230505204316,13.070078191484967,-0.23115231371934897
2023-11-03,18.803341913343267,1,22.666354180998965,19.185592845003555,-3.4807613359954104,15.41819178398481,19.240338078132496,3.822146294147686,18.546753631702572,10.379038518010148,-8.167715113692424,20.151482930355414,26.061159380759975,5.909676450404561,22.361587288652316,24.44884493927151,2.0872576506191933,13.675681664365527,13.505077718881964,-0.17060394548356328
2023-11-10,18.888392301385828,1,22.36107205702237,18.877025380156397,-3.4840466768659724,15.571713076194655,19.194542625293977,3.622829549099322,18.89599279813693,10.872402463943672,-8.023590334193258,20.13310605870292,26.137970438651095,6.004864379948174,22.600182195332863,24.501938464984235,1.9017562696513721,13.768287622925229,13.746474435285563,-0.021813187639665443
2023-11-17,18.56027048817788,1,22.040766168544636,18.325035054296194,-3.7157311142484417,15.46761396763938,19.087468065147945,3.619854097508565,18.65137344352837,10.782160586607077,-7.869212856921294,20.147800286289495,26.37580591388449,6.228005627594996,22.41317097473214,24.02573779003572,1.6125668153035804,12.640898088333259,12.765415519095825,0.12451743076256605
2023-11-24,18.408071094830134,1,21.840849626484683,18.094347513599345,-3.746502112885338,15.366907549095544,18.929613609637727,3.562706060542183,18.574129118048035,10.673628268361611,-7.9005008496864235,19.89303522601074,26.23655474138492,6.343519515374183,22.311312567097147,23.894843780900786,1.5835312138036386,12.46219248224466,12.61943865509646,0.15724617285179932
2023-12-01,18.40742464791177,1,21.96672213948824,18.259473817483325,-3.707248322004915,15.342016480688272,18.922115008767975,3.580098528079702,18.53240204481409,10.692125688696024,-7.840276356118068,19.89447911229753,26.5428266065867,6.648347494289169,21.95419939735588,23.33845631860609,1.3842569212502127,12.754728712826605,12.689550447330504,-0.06517826549610106
2023-12-08,18.29013372838895,1,21.492150258566724,18.08050293329582,-3.4116473252709056,15.157057116501619,18.743497903794946,3.586440787293327,18.0536539683214,10.4638788947006,-7.5897750736208,19.89728093640808,26.622537799493685,6.725256863085605,22.446050719783244,23.775751467883182,1.3297007480999383,12.69460937075263,12.054633371165508,-0.6399759995871221
2023-12-15,18.435736119888265,1,21.765302010151984,18.46397683477312,-3.3013251753788637,15.257236477831,18.900920785614346,3.643684307783346,18.034605603718433,10.41969318944497,-7.614912414273462,19.75902281834304,26.38895253324897,6.629929714905927,22.60976367772497,23.81693666467696,1.2071729869519885,13.188486131560154,12.623936711571247,-0.5645494199889072
2023-12-22,18.509714990313615,1,21.799532432589857,18.32610862090489,-3.4734238116849667,15.903179390858156,19.488787589779335,3.5856081989211788,18.165016944451665,10.490220749711952,-7.674796194739713,19.72947005492243,26.393775916294686,6.664305861372256,22.577509602524643,23.65672518352379,1.079215580999147,12.883581516534932,12.702671881667015,-0.18090963486791622
2023-12-29,18.652234845905493,1,21.877122864571447,18.314771187843192,-3.5623516767282553,16.112478271567312,19.518013592873373,3.4055353213060613,19.141263161312423,11.46549236878667,-7.6757707925257534,19.31226532477133,25.84515592177084,6.532890596999508,22.633144295912075,23.510692796787936,0.8775485008758608,12.837135157298377,13.259283207370984,0.42214805007260736
2024-01-05,18.599128958757987,1,21.948551257130163,18.29461767234241,-3.653933584787751,16.11569751353062,19.47136837112504,3.3556708575944185,18.98398728288423,11.50979413877208,-7.474193144112149,19.23879937068824,25.91601066962133,6.677211298933088,22.320602632022712,23.005176886994676,0.6845742549719631,12.987135696291958,13.397806013692374,0.4106703174004167
2024-01-12,18.838485766358065,1,21.745364397907522,17.860103709109495,-3.885260688798027,16.569198664082947,20.026249040610125,3.457050376527178,19.269738172055312,11.956356591330916,-7.313381580724396,19.481494165998726,26.098412888883104,6.616918722884378,22.483147634451043,23.180949733822047,0.6978020993710032,13.481971563652849,13.908842634392713,0.42687107073986397
2024-01-19,18.436120651939387,1,22.012365508932405,18.0343538422932,-3.9780116666392047,15.945091338418862,18.637719090310668,2.6926277518918056,18.523090764216406,11.458352298975171,-7.064738465241234,18.94213846325505,25.286943351260334,6.344804888005285,21.686973282486093,22.99639937546594,1.309426092979848,13.507064554327513,14.202955953331042,0.6958913990035285
2024-01-26,18.58942752296133,1,21.850759687040238,17.838051134715286,-4.012708552324952,15.960694247452494,19.05920104985043,3.098506802397935,19.041536891260776,11.555648873362117,-7.4858880178986595,19.019457466062832,25.788640994551486,6.769183528488654,22.10655944169983,23.155043796756715,1.0484843550568854,13.55755740425181,14.139979288531947,0.5824218842801372
2024-02-02,18.207192298960553,1,20.93946945692261,16.92322831537237,-4.016241141550239,16.61660120962678,19.98506005102702,3.3684588414002405,18.737129628553987,11.474244594795039,-7.262885033758948,18.434127287121783,24.522995358575926,6.088868071454144,21.215531636674243,22.38851786531677,1.1729862286425288,13.300294574863912,13.949107608676158,0.648813033812246
2024-02-09,18.147832616271327,1,20.961088173482864,16.727710007926888,-4.233378165555976,16.44784623804813,20.09968168834591,3.6518354502977814,18.536921522212523,11.3878275295057,-7.149093992706824,18.652572976648926,24.396794967639494,5.744221990990567,21.155384554024934,22.340819907373003,1.185435353348069,13.13318223321059,13.934161596836972,0.8009793636263822
2024-02-16,17.826745741900137,1,20.945528130127016,16.824678140470994,-4.120849989656023,16.455158359173637,19.976225246328667,3.5210668871550297,18.425125371543942,11.344877066449897,-7.080248305094045,17.763509256546826,23.542671628454357,5.779162371907532,20.382751024128765,21.489573338894175,1.1068223147654095,12.988402309880641,13.782449030802738,0.7940467209220969
2024-02-23,17.986617111830736,1,21.654611861646913,17.21960801726658,-4.435003844380333,16.068383408450785,19.260851514864385,3.1924681064135996,18.50181831616898,11.606290170025332,-6.895528146143647,17.928751832351807,23.525603107267273,5.5968512749154655,20.47991159252969,22.274467113143288,1.7945555206135992,13.286225659836234,14.032882748417563,0.7466570885813297
2024-03-01,18.039223408097953,1,22.07632587675417,17.67329445810472,-4.403031418649448,16.143184515484393,19.219753201196028,3.076568685711635,18.78329060490833,11.555223901075863,-7.228066703832468,17.900983622674943,23.391580955073962,5.49059733239902,20.317512415373287,22.20533799745732,1.8878255820840337,13.0140434133926,14.190149935679827,1.1761065222872276
2024-03-08,18.00131689714811,1,22.118369330775167,17.768108488032297,-4.35026084274287,16.118265800488516,19.31608981600138,3.1978240155128645,18.810494914300293,11.75154560354251,-7.058949310757782,17.906722523617006,23.29026994212849,5.383547418511483,20.12510411709843,21.78224703077656,1.657142913678129,12.928944696609264,14.099640502407453,1.1706958057981893
2024-03-15,17.75217348108937,1,21.872068508176895,17.29848697784668,-4.573581530330216,15.813383274306958,19.52625100425584,3.712867729948883,18.59302857416492,11.270747564604662,-7.322281009560257,17.56281468475663,22.771438330764937,5.208623646008306,19.97610981987698,21.736597048397883,1.7604872285209012,12.695636025253833,13.909519960666216,1.2138839354123832
2024-03-22,17.787489409544822,1,21.771448363272768,17.391141909641064,-4.380306453631704,16.904159171372257,20.387930315031397,3.4837711436591405,18.574863746104924,11.193309248297481,-7.381554497807443,17.397865057958384,22.5067582934345,5.108893235476117,19.62129394644647,21.622205960447587,2.0009120140011163,12.45530617211412,13.623590730416879,1.1682845583027586
2024-03-29,18.39475048991181,1,21.68582963051709,17.25018860010296,-4.435641030414132,17.319230082596732,21.48799295038404,4.168762867787308,19.283957833151774,11.591502893794242,-7.692454939357532,18.321653054408415,23.251032598769726,4.929379544361311,20.618284921298525,22.502620559298492,1.8843356379999676,13.139547417498335,14.285165337121398,1.1456179196230636
2024-04-05,18.158799279159737,1,21.828474182422042,16.83325284472828,-4.9952213376937635,16.873956691348454,21.19899724798728,4.325040556638825,18.285889098321576,11.306316666991918,-6.979572431329657,18.10277680711674,22.899986998677107,4.797210191560367,20.966632904347293,22.68888954703175,1.7222566426844566,12.89506599140232,14.025352369542063,1.1302863781397434
2024-04-19,18.403060097431965,1,22.158910972448183,17.171334688500593,-4.98757628394759,16.683952996049527,21.13472077436748,4.450767778317953,18.89029671078292,12.00870327202135,-6.88159343876157,18.273847851617532,22.70934922936557,4.435501377748039,21.166596470019755,22.84112264561243,1.6745261755926748,13.244755583673879,14.553129974724413,1.3083743910505348
2024-04-26,18.400559290970378,1,21.6527920569562,16.71688459817632,-4.93590745877988,16.587288623135947,20.866630225967754,4.279341602831806,19.084449625704764,12.311176091453575,-6.773273534251189,18.28877285665763,22.552344954837366,4.263572098179736,21.057494049720958,22.782594099642125,1.725100049921167,13.732558533646767,15.173725775745154,1.4411672420983876
2024-05-03,18.043411941260107,1,21.49942401117562,16.550713388292138,-4.948710622883482,16.2884099512589,20.707522878730956,4.419112927472057,17.74184382076946,11.430703390469489,-6.311140430299972,18.15956598947058,22.18194710614513,4.022381116674552,20.892291735949257,22.52061592932813,1.628324193378873,13.67893613893682,14.868968954594749,1.1900328156579292
2024-05-10,18.207556912452002,1,21.59287097873583,16.578416533645267,-5.014454445090564,16.270063966151696,20.607399375143245,4.3373354089915495,17.844636240175163,11.689616639055103,-6.15501960112006,18.557382361077913,22.115821621405814,3.5584392603279014,21.16799899626845,23.28960759238808,2.1216085961196285,13.812388932302966,14.964479713074553,1.1520907807715872
2024-05-17,17.486466229134518,1,20.8109585970072,16.26947128569003,-4.541487311317169,16.26314886032887,21.024291024758597,4.761142164429728,17.140097835415176,11.459503009586868,-5.680594825828308,17.861314064662352,21.37312168576264,3.5118076211002887,20.412309751548108,20.97520658266137,0.5628968311132638,12.430968265845408,13.817203786347605,1.386235520502197
2024-05-24,17.808784211309668,1,21.660737359038734,15.868224697220768,-5.792512661817966,16.698771670999278,21.627858405949425,4.929086734950147,17.89847638541133,11.905225276845243,-5.993251108566085,17.83733939245593,21.793789978323872,3.956450585867941,20.182933889427545,20.804863920613016,0.621930031185471,12.574446570525183,14.85274298890566,2.278296418380478
2024-05-31,17.404873602653335,1,21.030946993098908,15.607718133926738,-5.42322885917217,16.578155524021284,21.54797955025755,4.969824026236267,17.56172887444032,11.743663590705083,-5.818065283735237,17.734255453240266,21.56904443794481,3.834788984704545,19.872962029545917,20.898755707383742,1.0257936778378252,11.651192741573325,13.062080195702094,1.410887454128769
2024-06-07,17.25378778036671,1,20.9507846884551,15.455188116073359,-5.495596572381743,16.415698989466094,21.278064031624183,4.862365042158089,17.348653893281522,11.571353708197805,-5.777300185083718,17.112488627273166,20.996164238312375,3.8836756110392088,19.873959064405767,20.95106441813502,1.0771053537292516,11.821141419318622,13.270892169857532,1.449750750538911
2024-06-14,17.30203299013996,1,20.873953032503934,15.540933467530536,-5.333019564973398,16.803818338258438,21.560579877165836,4.756761538907398,17.36365060944574,11.734875531481109,-5.628775077964633,17.26655407831693,20.67731325141638,3.41075917309945,19.78491983913966,21.006605504782655,1.221685665642994,11.719302043175048,13.291890308463238,1.5725882652881893
2024-06-21,17.44665281561722,1,20.731612028732542,15.1139224284573,-5.6176896002752414,16.592264534144107,21.29534743414149,4.7030828999973835,16.957699408036632,10.972297026084306,-5.985402381952326,17.86110324625129,21.51008620640431,3.6489829601530204,20.297097987745786,21.83716295512123,1.540064967375443,12.240139688792965,13.951100843494672,1.7109611547017067
2024-06-28,16.911598211456447,1,19.582657982643624,14.632731931303283,-4.949926051340341,16.19542346478906,20.72426096197701,4.528837497187951,16.048875445912742,10.770122855957808,-5.278752589954934,17.580357907127464,21.288425233429138,3.7080673263016735,20.058590859937738,20.637189302586336,0.5785984426485982,12.00368360832806,13.416858983485085,1.4131753751570244
2024-07-05,16.97303761844838,1,20.11674156751525,15.456251339700373,-4.660490227814876,16.169028113953715,20.372606062925712,4.203577948971997,16.276825155866504,11.201816209100812,-5.075008946765692,17.52297673114549,21.075086861119217,3.5521101299737268,19.75192170643247,19.99631329305427,0.24439158662180205,12.000732435776854,13.736151944789853,1.7354195090129991
2024-07-12,16.816502270579637,1,19.991508161572057,15.505519727042952,-4.485988434529105,16.071930642729598,20.17562653764648,4.103695894916882,16.04882060693484,11.156787036258649,-4.89203357067619,17.5575720788041,20.81799518894387,3.2604231101397687,19.741942925473566,19.902516914796237,0.1605739893226712,11.487239207963654,13.340568218789656,1.8533290108260019
2024-07-19,17.093706660506243,1,20.309809944429816,15.776346069894316,-4.533463874535499,16.339460388056864,20.451741910731585,4.112281522674721,16.14709295512948,11.324390771715471,-4.822702183414009,18.096332348819047,21.609783012892052,3.513450664073005,20.11918525216575,20.152502383196435,0.03331713103068523,11.5503590744365,13.247475814607569,1.6971167401710687
2024-07-26,17.219193682321713,1,20.522020249055302,15.834536704505382,-4.68748354454992,16.453337409528174,20.838223610537483,4.384886201009309,16.328957717566297,11.350895803688175,-4.978061913878122,18.194244235576292,21.63495680034754,3.440712564771246,20.13112399048339,20.188115043833747,0.05699105335035881,11.685478491720815,13.468434131017943,1.7829556392971284
2024-08-02,17.2699742241689,1,20.753771832100895,16.330606450706227,-4.423165381394668,16.554328752751147,20.60156003295137,4.047231280200222,16.149796366065104,11.100323948952209,-5.049472417112895,18.16452484607916,21.794848447632162,3.630323601553002,20.139130327821448,20.39825233381964,0.25912200599819357,11.858293220195648,13.39425413095178,1.5359609107561312
2024-08-09,17.07205909982199,1,20.797573105223066,16.14443305567403,-4.653140049549037,16.462938174848418,20.445215019909398,3.98227684506098,16.064765141412977,11.32969291400751,-4.7350722274054675,17.652350022268408,21.06087908850988,3.4085290662414707,19.762660415760593,20.17625531785015,0.4135949020895566,11.692067739418462,13.275879202980946,1.5838114635624834
2024-08-16,17.10478747403899,1,20.83406774529054,16.272653953126863,-4.561413792163677,16.736169237634016,20.603327825157763,3.867158587523747,16.041737318681015,11.529213243469357,-4.512524075211658,17.776924366648174,21.397938149758957,3.621013783110783,19.44536467920838,19.596172556374185,0.15080787716580346,11.794461496771802,13.229419116346804,1.4349576195750018
2024-08-23,16.989538672419624,1,20.595430370303532,16.189235543382154,-4.406194826921379,16.83730171093673,20.58487200092165,3.747570289984921,16.035202822721743,11.514821652811833,-4.520381169909911,17.66561744230836,21.356956438707982,3.6913389963996224,19.15352932426616,19.30517916009441,0.15164983582825187,11.650150363981211,12.986167238599691,1.3360168746184797
2024-08-30,16.719757981408517,1,20.192528250202813,16.022953341796864,-4.169574908405949,16.081104038372587,19.846379983509806,3.765275945137219,15.169445384414956,10.660714919304041,-4.508730465110915,18.074401031642182,21.896671210411682,3.8222701787695,19.62788424588352,19.679349088298935,0.05146484241541316,11.173184937935048,12.212479345129793,1.0392944071947454
2024-09-06,17.04223235564922,1,20.55695357044206,16.250152602301014,-4.306800968141047,16.118829644319092,19.29875158970175,3.1799219453826595,15.273916103721675,11.013785029668384,-4.260131074053291,18.75617592856642,22.78430674811345,4.02813081954703,20.521955574140136,20.99543170051396,0.47347612637382497,11.025563312705927,11.910966463596779,0.885403150890852
2024-09-13,16.89291551922832,1,20.667066497736144,16.072021216685613,-4.595045281050531,15.53189016242142,18.677361464833837,3.1454713024124175,15.21400336732026,11.00809328199864,-4.205910085321619,18.534754069268686,22.509163135617385,3.9744090663486986,20.375944014112903,21.29004664600801,0.9141026318951049,11.033835004510522,11.800807370226465,0.7669723657159437
2024-09-20,16.958072085421183,1,20.322669847018062,15.59231815652042,-4.730351690497642,15.87102620761776,18.563093392410238,2.692067184792478,15.282696414850719,11.206519234526525,-4.076177180324194,18.47903731663449,22.658309096039602,4.179271779405113,20.29341711838255,21.34554285248288,1.0521257341003292,11.499585608023523,12.38264978054741,0.8830641725238877
2024-09-27,16.94094568797369,1,19.95163162504805,15.712920192756755,-4.238711432291296,16.293547416500857,18.451972658093723,2.158425241592866,15.23697873374772,11.116057133453282,-4.120921600294437,18.584037681591738,22.660781030128305,4.076743348536567,20.157199970160107,21.16491465861442,1.007714688454314,11.422278700793683,12.539028454795726,1.1167497540020435
2024-10-04,16.91054419656045,1,20.203555401800386,15.93401953153797,-4.269535870262416,16.09037642159339,18.237917813341525,2.1475413917481347,15.07147139326959,10.90954856346336,-4.16192282980623,18.458151832189984,22.411420901221447,3.953269069031464,20.212762366766157,21.413325173716103,1.2005628069499465,11.4269477637432,12.557033196082344,1.1300854323391434
2024-10-11,16.827154918516758,1,20.081184985155886,15.88173187961516,-4.1994531055407265,16.094407051824746,18.162182212929096,2.0677751611043504,15.015205630148827,10.882578301626822,-4.132627328522005,18.459844080383533,22.304242328426582,3.844398248043049,20.113992282952964,21.352136615267426,1.2381443323144623,11.198295480634584,12.380058173235469,1.1817626926008842
2024-10-18,16.83021871398907,1,20.700386494264833,16.69961528113295,-4.000771213131884,16.412043067816043,18.340874941523808,1.9288318737077645,15.354964973816664,11.301769507766451,-4.053195466050212,17.71697091115088,21.573906416382314,3.8569355052314336,19.473620195268026,20.70485441896055,1.2312342236925247,11.323326641617967,12.36029171816837,1.036965076550402
2024-10-25,16.67439131061528,1,20.87752293687778,16.859342359175656,-4.018180577702125,16.013986439355946,18.31974799519179,2.3057615558358435,15.094347568156323,11.211018918993062,-3.8833286491632606,17.665678352216474,21.030850498161698,3.3651721459452233,19.210418276383777,20.326064763031496,1.1156464866477194,11.184394290701377,12.29932332913799,1.114929038436614
2024-11-01,16.358595646349837,1,21.247047024762225,17.08801766650849,-4.159029358253733,15.640083917834247,17.583785957291553,1.9437020394573068,14.616933305054431,10.786154936408693,-3.8307783686457384,17.250993745413496,20.52624470028141,3.2752509548679143,18.731711062634503,20.074363219045438,1.342652156410935,10.664804822400114,12.093007398563373,1.4282025761632582
2024-11-08,16.031156429631242,1,20.76725667239728,16.9846965920579,-3.7825600803393797,15.630922674720253,17.469484911176252,1.8385622364559993,14.59953519659264,10.789249020641861,-3.810286175950779,16.9351590948026,20.07484336820022,3.13968427339762,18.592139789326126,19.80347385588729,1.2113340665611645,9.661925149948559,11.06519082982392,1.4032656798753607
2024-11-15,16.004450919544606,1,20.743664606044476,17.15359116783398,-3.5900734382104957,15.782347207918178,17.66015540843506,1.8778082005168812,14.613471268271184,10.925267167013928,-3.6882041012572557,16.545880566277475,19.808593766247768,3.2627131999702925,18.54196774042171,19.733733572229724,1.1917658318080129,9.79937412833462,10.745364435507199,0.945990307172579
2024-11-22,16.474650005974837,1,20.777502617052093,16.581220178665475,-4.196282438386618,16.936437631719755,18.862054563919685,1.9256169321999295,14.726512664929757,10.672137456234452,-4.054375208695305,16.946714293602255,20.6922226315086,3.745508337906344,19.499203622917847,21.13193497551498,1.6327313525971334,9.961529205627315,10.908330230005802,0.9468010243784875
2024-11-29,15.469825824161978,1,19.063273893215296,15.722890053378663,-3.3403838398366332,16.38370603474911,17.44547911691832,1.0617730821692106,13.00662613626993,10.023971787566254,-2.982654348703676,16.277021321481612,19.774638287796236,3.4976169663146237,18.86610104429343,19.524043698692836,0.657942654399406,9.222226514962486,10.327932000619526,1.1057054856570403
2024-12-06,15.682432097474447,1,19.52567688546003,15.999225840592814,-3.5264510448672155,16.646013737644097,17.642683384189937,0.9966696465458398,13.070088472229443,10.461049838524744,-2.6090386337046994,16.504697475045546,19.74932105900953,3.2446235839639854,18.98474457173434,19.783293532940547,0.7985489612062082,9.363371442733225,10.459018929589092,1.0956474868558672
2024-12-13,15.804224220852818,1,19.847173744645488,16.411862316067896,-3.4353114285775916,16.73943947419862,17.746128722088272,1.0066892478896534,13.133848437121728,10.386446623361365,-2.747401813760362,16.543264283906964,19.81061595284592,3.2673516689389572,18.904738890121095,19.588008561796443,0.6832696716753475,9.65688049512302,10.882283148957,1.2254026538339815
2024-12-20,15.897335796993103,1,19.99306255662775,16.779818015140535,-3.2132445414872137,16.921443383177575,17.823557672604736,0.9021142894271605,13.272227547139465,10.563594769671965,-2.7086327774675,16.78996063900047,19.66052569470523,2.870565055704759,18.940415240095774,20.13527100319635,1.194855763100577,9.46690541591758,10.421247626639769,0.9543422107221886
2024-12-27,15.008104068434234,1,18.9823152031326,15.726227372405845,-3.256087830726756,16.471583635557835,17.317962471856404,0.8463788362985696,12.180334222572156,9.67583841660283,-2.504495805969327,15.91413272860619,18.676477278549314,2.7623445499431227,17.87862416612458,18.86345489200322,0.9848307258786377,8.621634454612035,9.78866397918776,1.1670295245757245
2025-01-03,15.298675828337666,1,19.129958088825745,15.527711831504874,-3.6022462573208713,16.373001607602788,17.45396995101052,1.0809683434077328,13.55520931018195,9.596745655503724,-3.9584636546782264,16.30589874305761,19.504358976019034,3.1984602329614233,17.843689774322442,19.568112011047035,1.7244222367245925,8.584297446035464,10.141156544940799,1.5568590989053348
2025-01-10,12.602011916883674,1,16.526361015870364,12.628909575244563,-3.897451440625801,13.608297335484323,14.843750151776533,1.2354528162922094,10.781727012123739,8.661253102303945,-2.1204739098197933,13.380179528141468,15.141937659775024,1.761758131633556,14.930557471485159,16.420180148117907,1.4896226766327487,6.384949138196987,7.916040864084067,1.5310917258870802
2025-01-17,11.835928283507547,1,15.01404124252899,12.04540829383032,-2.9686329486986693,12.681147962389815,13.817011576819908,1.135863614430093,9.288166071703998,7.560365522202275,-1.7278005495017226,12.574862877012364,13.2149383707782,0.6400754937658348,15.833625485495915,17.244946183508418,1.4113206980125028,5.623726061914198,7.132899753906173,1.5091736919919754
2025-01-24,11.461514808542454,1,14.226367699379821,11.711389210007525,-2.5149784893722966,12.322807382629037,12.984591780610742,0.6617843979817053,8.568036905882181,6.682640298629195,-1.8853966072529857,12.253468848887692,12.91217133950127,0.6587024906135781,15.78631898040797,17.54602132813106,1.759702347723092,5.6120890340680205,6.932274894374913,1.3201858603068928
2025-02-07,11.396799321393582,1,14.235618557416771,12.110129713923328,-2.125488843493443,12.337448135617166,12.74806562949179,0.410617493874625,8.621260594528067,6.7633986904391605,-1.8578619040889066,12.277950787685029,12.511089164683284,0.23313837699825513,15.471400475350777,17.707930035363376,2.236529560012599,5.437117377763684,6.540182694460569,1.1030653166968847
2025-02-14,10.694277192280865,1,13.690547874145466,11.764873451275463,-1.925674422870003,11.78030319207761,12.28637199346774,0.5060688013901284,8.186073349049678,6.432534052403653,-1.753539296646025,11.273814414761347,10.954568109910696,-0.3192463048506511,14.379636613867604,16.562695033096944,2.18305841922934,4.855287709783482,6.164620513530693,1.3093328037472105
2025-02-21,10.434181775995738,1,13.207762409261306,11.6670207256617,-1.540741683599606,11.235057677429282,11.566638551719336,0.33158087429005434,7.717680244451103,6.2058579618797864,-1.5118222825713161,11.324770427954093,10.807022528861097,-0.5177478990929956,14.450573421583712,16.484228046993536,2.033654625409824,4.669246475294926,5.874322840858909,1.2050763655639827
2025-02-28,10.316155006348565,1,13.017051818625191,11.706683971351126,-1.3103678472740654,11.076949818945735,11.030158464581731,-0.04679135436400372,7.358553696959447,5.831784025253299,-1.5267696717061483,11.20937749192342,10.785873716055846,-0.42350377586757304,14.732360999726325,16.919898926525562,2.187537926799237,4.502636211911266,5.622530934323848,1.1198947224125817
2025-03-07,9.978401440095354,1,12.502670735514087,11.524037914353542,-0.9786328211605451,10.674815917291909,10.476052256998727,-0.1987636602931815,7.17493868650773,5.553933784458465,-1.6210049020492647,10.882905767148117,10.145600511456124,-0.737305255691993,13.939601610349442,16.409714894324125,2.4701132839746833,4.6954759237608386,5.761069278981125,1.0655933552202868
2025-03-14,9.406484269219087,1,12.102462939934426,10.803482495835723,-1.298980444098703,9.905121289698982,9.406648389038722,-0.4984729006602606,5.822831341575721,4.703669418098855,-1.1191619234768666,10.81487914659364,10.011907147732032,-0.802971998861608,13.42707618217922,15.938082414964157,2.5110062327849363,4.366534715332534,5.575115749645036,1.2085810343125019
2025-03-21,9.323551018592035,1,11.19014977971922,10.586163181922458,-0.6039865977967622,9.623845880553034,9.334305690899072,-0.28954018965396244,6.801769646662308,4.6700113653608355,-2.1317582813014724,10.764073066615282,9.83135106467006,-0.9327220019452227,13.077508508225975,15.99389651144405,2.9163880032180742,4.483959229776389,5.5255782972557625,1.041619067479374
2025-03-28,9.168419654231728,1,10.790310118668103,10.425517015537011,-0.3647931031310918,9.53737701963449,9.258411198444918,-0.2789658211895727,6.807858217717765,4.743913437584922,-2.063944780132843,10.59489434097469,9.56210667150927,-1.0327876694654208,12.766002615670018,15.668113519714694,2.902110904044676,4.514075612725307,5.352456082599517,0.8383804698742097
2025-04-11,9.430540540390494,1,10.751429357585266,10.41916324153911,-0.3322661160461564,9.8017570408945,9.382357882744785,-0.41939915814971584,6.499921369833913,4.5024371963550465,-1.9974841734788669,11.4758420923921,10.65130586239998,-0.8245362299921197,13.048466621486341,15.811642221271995,2.7631755997856544,5.005826760150839,5.816336838032072,0.8105100778812329
2025-04-25,8.585855330619035,1,10.242404568015772,9.994163001572659,-0.24824156644311302,8.823488173831478,8.321630514784275,-0.5018576590472037,5.52232954635825,3.765861160106226,-1.756468386252024,10.512511883266853,9.605030764226115,-0.9074811190407388,11.832006263133849,14.414731382128707,2.5827251189948583,4.58239154910801,5.4137151608962455,0.8313236117882354
2025-05-02,8.437255121706011,1,9.744260866093981,10.21927336187413,0.4750124957801489,8.898540621684674,8.352192827146226,-0.5463477945384483,6.014174422987452,3.863629890036165,-2.1505445329512867,10.235259166022601,8.884874059623698,-1.3503851063989032,11.394203769406488,14.207556310685248,2.8133525412787606,4.337091884040873,5.096004280870588,0.7589123968297145
2025-05-09,8.483660167579911,1,9.794717806360254,10.35093706104503,0.5562192546847768,8.784300358288917,8.232487374906043,-0.5518129833828738,5.930881322481653,3.922056407628375,-2.008824914853278,10.661104928216687,9.12097500551215,-1.540129922704537,11.750490418967942,14.151177661881931,2.400687242913989,3.980466171164011,5.1243274945059625,1.1438613233419517
2025-05-16,8.334601041399964,1,9.612187925202534,10.242732271640605,0.6305443464380716,8.59744102434081,8.107982624987855,-0.4894583993529551,5.880170982771091,3.7257849577023734,-2.1543860250687175,10.504938764138629,9.049758984968832,-1.4551797791697965,11.43071134040683,13.776239382737458,2.3455280423306277,3.9821562115398876,5.105108026362657,1.1229518148227697
2025-05-23,8.348362030613783,1,9.833978103029011,10.464029862181349,0.6300517591523374,8.497435573303719,8.0701687880331,-0.4272667852706178,5.67260726135342,3.6848765537176575,-1.9877307076357624,10.491096365089547,8.905924926939875,-1.585171438149672,11.33556839697772,13.54265768013289,2.2070892831551703,4.25948648392928,5.422514372677838,1.1630278887485588
2025-05-30,8.496758778150072,1,9.902420844791408,10.607321054999346,0.7049002102079385,8.64978197943573,8.235738811236857,-0.414043168198873,5.62218254530508,3.6820791283486756,-1.9401034169564042,10.988822584619356,9.359213610268284,-1.629608974351072,11.532715260495294,13.630559720745993,2.0978444602506983,4.284629454253562,5.46564034330126,1.1810108890476982
2025-06-06,8.484710723532933,1,10.014372950270769,10.910209779225951,0.8958368289551828,8.417188896419063,7.930137957513665,-0.48705093890539786,5.666904139024183,3.8706012292062013,-1.7963029098179817,11.233708550166853,9.555755590059775,-1.6779529601070777,11.276646437918416,13.412067393306259,2.1354209553878434,4.299443367398311,5.229492391885728,0.9300490244874169
2025-06-13,8.366369559468808,1,9.704814013830145,10.730196775860236,1.025382762030091,8.415093306831949,8.070126658707977,-0.3449666481239717,5.589547945903348,3.7247469909321893,-1.8648009549711588,10.986832974095378,9.480280455944126,-1.5065525181512527,11.294745580664056,13.28899694345047,1.9942513627864145,4.207183535487971,4.903869531917849,0.6966859964298777
2025-06-20,8.456147907589417,1,9.945097645954817,11.04141864913403,1.096321003179213,8.504495654695504,8.136588623365938,-0.36790703132956537,5.469724144030323,3.5184647764474164,-1.9512593675829066,11.039033684179273,9.253438083644824,-1.7855956005344495,11.459863920327251,13.766513628490841,2.30664970816359,4.318672396349328,5.0204636844534605,0.7017912881041326
2025-06-27,8.34891787948436,1,9.461496613750597,10.385303300089106,0.9238066863385086,8.547545262249045,8.14983772884166,-0.3977075334073845,5.4384344375925195,3.5605844508077666,-1.877849986784753,10.706268586186638,9.351785746016404,-1.3544828401702347,11.647331260186249,13.657345263399804,2.0100140032135556,4.292431116941103,4.988650787751382,0.6962196708102795
2025-07-04,8.376439207390382,1,9.32325885361648,10.316755443815367,0.9934965901988875,8.459452252440471,8.03179734543724,-0.4276549070032303,5.327731114866751,3.562183652656202,-1.7655474622105487,10.817468497919492,9.433257654301542,-1.38421084361795,12.031150725334314,13.982408417237423,1.951257691903109,4.299573800164779,4.932232730894526,0.6326589307297468
2025-07-11,8.232341171631054,1,9.252963799450384,10.32784217475593,1.0748783753055449,8.492524661241049,8.034608172024207,-0.45791648921684214,5.284149943438635,3.473672573958609,-1.8104773694800258,10.64477101986077,9.256618150576287,-1.3881528692844824,11.290285811209372,13.196762374460405,1.906476563251033,4.429351794586111,5.104543584010926,0.6751917894248152
2025-07-18,8.494182593145595,1,9.528497380802634,10.552736925672818,1.0242395448701842,8.375447066802877,7.992281255293463,-0.3831658115094143,5.554399054162005,3.7209161334614436,-1.8334829207005612,11.071359532959406,9.801246583297996,-1.27011294966141,11.845636016222471,13.476788751147069,1.6311527349245978,4.589756507924179,5.421125910000768,0.8313694020765894
2025-07-25,8.379225346388209,1,9.540586856155485,10.386372877874393,0.8457860217189079,8.372825314377195,7.961086779460004,-0.41173853491719115,5.40084164556022,3.7431164383736757,-1.6577252071865445,10.83117854982764,9.667446516268356,-1.1637320335592847,11.630881522282877,13.164001112826796,1.5331195905439188,4.49903819012583,5.35332835352601,0.8542901634001794
2025-08-01,7.741047799617708,1,9.401508460314247,10.36390259481179,0.9623941344975435,8.440989320431143,8.016690849673111,-0.42429847075803195,4.901451768280268,3.268283258026898,-1.6331685102533697,9.657707523001704,8.174307630621485,-1.4833998923802199,9.62588846753762,11.619267480106487,1.993379012568866,4.418741258141267,5.003834984466536,0.5850937263252689
2025-08-08,7.745547178089026,1,9.358041823378514,10.113242149597383,0.7552003262188691,8.17412510932715,7.885250685205932,-0.288874424121218,4.904689101258413,3.191733341094576,-1.7129557601638368,9.721529631857237,8.164270006960734,-1.5572596248965027,9.540904704345863,12.097510275669492,2.5566055713236295,4.773992698366982,5.021276610006083,0.24728391163910146
2025-08-15,7.704329778268838,1,9.450173294504467,9.972081227507488,0.5219079330030212,8.176825179214319,7.917387930170719,-0.2594372490436001,4.859374218282426,3.163896161517826,-1.6954780567645997,9.613119734133988,8.076678007217808,-1.5364417269161805,9.325150704974575,11.941966861061829,2.6168161560872534,4.801335538503253,5.15396848213733,0.3526329436340774
2025-08-22,7.664372121598189,1,9.428728047409578,9.646005290123753,0.21727724271417515,7.9840910517116015,7.692371769779527,-0.29171928193207464,4.964147672742541,3.446308885646914,-1.5178387870956271,9.873832249157388,8.389119271125182,-1.4847129780322064,9.240758429916895,11.950505709094287,2.7097472791773924,4.49467527865113,4.86192180381947,0.36724652516834055
2025-08-29,7.5954542998755175,1,9.431370597820845,9.320666830024138,-0.1107037677967071,7.786846103649367,7.49984551858806,-0.2870005850613069,4.950246002129958,3.4688734328257027,-1.4813725693042556,9.816976980410828,8.379948597804471,-1.437028382606357,9.113200266325407,11.860146146008617,2.74694587968321,4.474085848916701,5.043245274002132,0.5691594250854308
2025-09-05,7.659596071920653,1,9.42668644529536,9.315564290872445,-0.11112215442291529,7.838820903539741,7.552395658614358,-0.28642524492538257,5.109142894283124,3.554401402114962,-1.5547414921681622,9.96833074584444,8.67156905160681,-1.296761694237631,9.031826621957777,11.764441467798562,2.7326148458407857,4.5827688206034765,5.099204560516782,0.5164357399133053
2025-09-12,7.98429379977765,1,10.25876977064432,10.137914347151522,-0.12085542349279876,7.5398019340308196,7.260621508934491,-0.2791804250963281,5.406741582389472,4.083232288960275,-1.323509293429197,9.97254401047067,8.67950798141095,-1.2930360290597207,8.898600554100753,11.29035287701214,2.391752322911387,5.829304947029868,6.454133795196498,0.6248288481666293
2025-09-19,8.051762113256949,1,11.017763904546868,10.802045946284963,-0.2157179582619051,7.373661586809305,7.249402097327291,-0.12425948948201437,5.228846145615776,4.096608879436104,-1.132237266179672,9.892349187229769,8.69620945420806,-1.1961397330217096,9.00971960751697,11.622904922935419,2.6131853154184483,5.788232247823004,5.843401379349885,0.05516913152688119
2025-09-26,7.3979080400958095,1,10.242689130065614,10.13847136809585,-0.10421776196976396,6.762551377275372,6.373914415536959,-0.38863696173841333,4.459738408982304,3.3633509890834716,-1.0963874198988321,9.005437839550666,7.906806241109749,-1.0986315984409174,8.095162520939382,10.737557307258925,2.6423947863195423,5.821868963761517,5.867347919489916,0.04547895572839877
2025-10-03,7.210298803254797,1,10.749660472545528,10.753011100540121,0.0033506279945925144,6.37257843251551,5.853106197814014,-0.519472234701496,4.042824255330558,3.208034196760437,-0.8347900585701211,8.916958559734596,7.244624064695714,-1.672334495038882,7.483828472595448,10.407242068414277,2.923413595818829,5.695942626807138,5.79577519130423,0.09983256449709188
2025-10-10,7.295710291901308,1,10.77424210292888,10.72485923074565,-0.04938287218323012,7.291762180061156,6.8449223452049495,-0.44683983485620615,4.0296344471395855,3.2575526651167053,-0.7720817820228802,8.588830804469794,6.653341677729742,-1.9354891267400518,7.443819415335469,10.677876141902729,3.2340567265672604,5.645972801472965,5.615709690708016,-0.03026311076494892
2025-10-17,7.029990953267959,1,10.406741783772873,10.19462681211354,-0.21211497165933224,7.22688818974828,7.0175122368270735,-0.20937595292120648,3.5806828924262675,2.938616124830915,-0.6420667675953524,8.33712987063231,6.4621618985836164,-1.8749679720486938,7.083988624262389,10.236370143142253,3.1523815188798636,5.544514358765639,5.330658504110332,-0.2138558546553071
2025-10-24,7.109663083427148,1,10.75245231474662,10.288654796954688,-0.46379751779193157,7.0257198900768145,6.79726461528783,-0.22845527478898475,3.6138035961295003,3.0894407887682434,-0.524362807361257,8.339490201324296,6.620836176933281,-1.7186540243910144,7.279796165553876,10.395787490691205,3.1159913251373297,5.646716332731785,5.465994631927643,-0.18072170080414196
2025-10-31,7.464801472083799,1,10.323439946703843,10.252404232693095,-0.0710357140107476,6.942791322403295,6.6468490647690714,-0.29594225763422344,3.506985424385647,2.985439506193643,-0.5215459181920039,10.2885397323994,7.867991687098339,-2.420548045301061,8.345912177492323,11.754274007289453,3.40836182979713,5.381140229118287,5.281850334459179,-0.09928989465910831
2025-11-07,7.751694845760933,1,10.254076076890229,10.73422201263105,0.480145935740822,7.019044315411648,6.935407825205857,-0.08363649020579089,4.913712896780822,3.8022034847041084,-1.111509412076714,10.31411655218406,8.160036352160589,-2.154080200023472,8.338228727929248,11.286020832798698,2.9477921048694498,5.670990505369588,5.592278567065293,-0.0787119383042949
2025-11-14,7.807663651867188,1,10.265708579297822,10.485011081372889,0.21930250207506674,7.026592076117268,6.9339770646952275,-0.09261501142204054,4.856072197763922,3.9938143344301977,-0.8622578633337241,10.607605812936768,8.369485830278748,-2.23811998265802,8.333204195308426,11.545312178397737,3.212107983089311,5.75679904977892,5.518381422028341,-0.23841762775057873
2025-11-21,7.57847886985343,1,9.999069285607433,10.22001443746764,0.22094515186020658,6.934822857887212,6.798180775469234,-0.13664208241797837,4.671432979448937,3.8335444491595894,-0.837888530289348,10.165040524555508,7.9439462427461365,-2.2210942818093713,7.887771038963763,11.111568352375656,3.223797313411893,5.812736532657723,5.563618961902279,-0.24911757075544472
2025-11-28,7.37437258682247,1,9.823417635144466,9.827290679377285,0.0038730442328187564,7.254260535347825,7.240018059077585,-0.014242476270240445,4.611703258230406,3.896518155843154,-0.7151851023872524,9.49076712227091,7.50756257368073,-1.9832045485901801,7.578451130812937,10.523058383192648,2.9446072523797113,5.487635839128274,5.251787669763388,-0.2358481693648855
2025-12-05,7.320106846050973,1,9.730939551831597,10.033608952567349,0.302669400735752,7.298950131315465,7.318157802122869,0.019207670807404043,4.767599395302327,3.8379422357354542,-0.9296571595668723,8.917055277621358,7.192577676799857,-1.7244776008215013,7.566042843940309,10.260258698355614,2.6942158544153045,5.640053876294786,5.2780957107247275,-0.36195816557005855
2025-12-12,7.25951447717411,1,9.3908825599013,9.69644810665828,0.30556554675698067,7.313808526539432,7.374998504040846,0.06118997750141375,4.718655220818221,3.8190266211107513,-0.8996285997074693,8.926006893262638,7.274972710947509,-1.6510341823151293,7.5724227791903616,10.290238632251047,2.717815853060685,5.635310883332707,5.101402288036212,-0.533908595296495
2025-12-19,6.777881425424714,1,8.634365481758266,8.96057213013789,0.32620664837962465,6.662305153921096,6.638574082435781,-0.02373107148531517,4.198894793009487,3.4172747813461086,-0.781620011663378,8.648649260199832,6.936291857797315,-1.7123574024025174,7.342442025768548,10.186664243317495,2.844222217548946,5.180631837891056,4.5279114575137385,-0.6527203803773176
2025-12-26,6.639762530787901,1,8.30137619550213,8.654185084319664,0.3528088888175347,6.699359646880282,6.66480062537488,-0.03455902150540169,3.7368786745982305,3.1536432507234053,-0.5832354238748252,8.675929276683306,7.241003000345756,-1.4349262763375492,7.37053197259543,10.057931194534277,2.687399221938847,5.054499418468026,4.067012029429392,-0.987487389038634
2026-01-02,6.684563520813623,1,8.122754020747024,8.617561690308207,0.49480766956118316,6.691004668663069,6.659094926902284,-0.03190974176078498,4.032159286650369,3.31976411649633,-0.7123951701540392,8.772116402128589,7.24741018897636,-1.5247062131522284,7.366374243096018,10.050199768947508,2.683825525851489,5.122972503596671,4.213350433251023,-0.9096220703456481
2026-01-09,6.8873058193477945,1,8.393779444682366,9.033545743018351,0.6397662983359851,6.846024200319235,6.829411236911298,-0.01661296340793683,4.239678304915245,3.5788666175888437,-0.6608116873264009,8.90780058316706,7.41007071031261,-1.4977298728544497,7.353395051109445,9.89853560805318,2.5451405569437355,5.583157331893418,4.573405000202499,-1.009752331690919
2026-01-16,6.979948306047423,1,8.472136216676574,9.181512350843974,0.7093761341673996,6.928871450971712,6.972328582482831,0.04345713151111852,4.394820363336308,3.5397936815407007,-0.8550266817956071,8.950153613733335,7.562601017647609,-1.387552596085726,7.474471810655032,10.087461985008673,2.612990174353641,5.6592363809115795,4.535992218760754,-1.1232441621508258
2026-01-23,7.074225637447623,1,8.57662282257516,9.271371686994087,0.6947488644189264,6.935484832387601,6.9549613271033195,0.019476494715718218,4.480692655830026,3.7406584010434614,-0.7400342547865648,8.989471750589047,7.612700515383864,-1.376771235205183,7.39716075788661,10.021674542032315,2.624513784145705,6.0659210054172945,4.843987352128693,-1.2219336532886018
2026-01-30,6.844649021074805,1,8.236789934732101,8.695106032431113,0.4583160976990115,6.69276720977534,6.700121126207563,0.007353916432222718,4.188187972968933,3.5054743294980852,-0.6827136434708478,8.734556057222022,7.257518413353125,-1.477037643868897,7.27122382904723,9.998889680816873,2.7276658517696433,5.944369122703208,4.910784544142132,-1.0335845785610758
2026-02-06,6.882269660512949,1,8.513125139430613,8.886649699522422,0.3735245600918091,6.7157033604972725,6.698589803939527,-0.017113556557745824,4.159600686882541,3.4718484435811092,-0.687752243301432,8.704280948981733,7.181905254793264,-1.5223756941884687,7.265871847081854,9.994967165287633,2.729095318205779,5.935035980203679,5.059657595953752,-0.8753783842499274
2026-02-13,6.633232343100308,1,8.610300248300959,8.919303217008775,0.30900296870781574,6.688444405995597,6.584666577507718,-0.10377782848787831,3.849665142651048,3.226028646405112,-0.6236364962459362,8.41194182822889,6.466646069014445,-1.9452957592144458,6.693195395385899,9.638604465136709,2.9454090697508093,5.5458470380394544,4.9641450835290755,-0.581701954510379
2026-02-27,6.390656482001525,1,7.686881690356756,8.193018348266776,0.5061366579100195,6.63223058709589,6.482775868884616,-0.14945471821127398,3.975165295694296,3.317767534893548,-0.6573977608007482,8.352115194646785,6.490297845719354,-1.8618173489274312,6.673627267480114,9.221327122783237,2.5476998553031223,5.023918856735307,4.638752171461604,-0.38516668527370257
2026-03-06,6.595309497640055,1,8.419768189947945,8.519981326649258,0.10021313670131349,5.79533081328745,5.626121658770984,-0.1692091545164658,4.329820917483573,3.5321887104997245,-0.7976322069838488,8.735472162749744,7.041091249324396,-1.6943809134253485,7.047813844001652,9.734500707121825,2.6866868631201726,5.243651058369963,5.117973333474126,-0.12567772489583717
2026-03-13,6.708840203178819,1,8.802902572984024,8.784718340170457,-0.01818423281356729,5.830948925957486,5.466124892591907,-0.3648240333655792,4.692945616474873,3.733711016359365,-0.9592346001155079,8.7648882443128,6.9889918407478575,-1.7758964035649427,6.977568101523801,9.85277258139422,2.875204479870419,5.183787757819928,5.426722547809135,0.24293478998920648
2026-03-20,6.505256016984468,1,8.816880945978212,8.563423764061795,-0.2534571819164171,5.647825826305734,5.202070889062682,-0.44575493724305204,4.31979584944618,3.658494828407683,-0.6613010210384971,8.458312257536392,6.779951442413051,-1.678360815123341,6.702023131618361,9.729763551680406,3.0277404200620452,5.08669809102193,5.097831626281206,0.011133535259276073
2026-03-27,6.322607106576328,1,8.46949962264776,8.503954910987531,0.03445528833977107,5.526542229008271,5.027588609893726,-0.4989536191145447,3.825316666266019,3.3407968011526066,-0.4845198651134126,8.446578002751338,6.766260566490729,-1.6803174362606086,6.668637573413108,9.388192869495867,2.71955529608276,4.999068545371472,4.9088488814375495,-0.09021966393392233
2026-04-03,6.264887181494184,1,8.160589841586372,8.308015649049423,0.14742580746305123,5.489687774312955,4.974852106453454,-0.5148356678595007,4.00301804094903,3.765141006677851,-0.2378770342711789,8.302947442586628,6.640491646646225,-1.662455795940403,6.877765531279195,9.095777707506343,2.2180121762271483,4.755314458250922,4.805044972631805,0.04973051438088305
2026-04-10,6.2406700637075,1,8.161064232559255,8.383245864466517,0.2221816319072616,5.331365394042493,4.867726850203539,-0.46363854383895386,4.033022997998046,3.8911818691180997,-0.14184112887994615,8.056284641992221,6.594945084880251,-1.4613395571119696,7.055530974519328,8.81860832760637,1.7630773530870414,4.806752141133657,4.888312385970167,0.08156024483650981
2026-04-17,6.285753311560633,1,8.12887262444913,8.484821904530989,0.3559492800818589,5.339409376010693,4.87886208238119,-0.460547293629503,4.072675031357534,3.9230345817063608,-0.14964044965117296,8.523030064578947,6.577213293062286,-1.945816771516661,7.070498817001365,8.938711802239482,1.8682129852381166,4.58003395596613,4.911876205443505,0.3318422494773756
2026-04-24,6.216692384486457,1,8.419566028280215,8.445347562678435,0.025781534398220174,5.223350328614089,4.635324488820714,-0.5880258397933744,3.71020329011823,3.5678097602956598,-0.14239352982257003,8.382918640471559,6.724079700905094,-1.6588389395664649,7.0766676494938565,9.04253152557962,1.9658638760857627,4.487448369940793,4.885061268639291,0.3976128986984975
2026-05-01,6.1179844258987375,1,7.9683157613686575,8.152704165022016,0.18438840365335807,5.179760186279935,4.5253085916244515,-0.6544515946554839,3.608439133775704,3.607158609681619,-0.0012805240940849671,8.364205281819267,6.762699817895665,-1.6015054639236013,7.012836009768833,9.04734641248352,2.0345104027146874,4.57435018238003,4.6126889586851405,0.0383387763051104
2026-05-08,6.110625837521442,1,7.874011951356593,8.059217310170908,0.185205358814315,5.027468082904548,4.354341961683758,-0.6731261212207897,3.5547091790157452,3.560881127877039,0.006171948861293686,8.529285793055891,6.779522517874057,-1.7497632751818344,7.274594104461599,9.25379871739409,1.9792046129324916,4.403685914334275,4.655993390128785,0.25230747579450963
2026-05-15,6.059139336287636,1,7.450118247910709,7.682031247963479,0.2319130000527707,5.176460732742356,4.482818102644018,-0.6936426300983385,3.7312698176294106,3.744439015339779,0.013169197710368508,8.508463750733455,6.611603720633582,-1.896860030099873,7.290942912228502,9.123778294144529,1.832835381916027,4.197580556481384,4.710165637000443,0.5125850805190595
2026-05-22,6.090081463997713,1,7.491436566656759,7.780622951155863,0.2891863844991036,5.341604645934964,4.59462546529366,-0.7469791806413042,3.6151346669391415,3.707784913331224,0.09265024639208264,8.565415539352983,6.662446630272342,-1.9029689090806414,7.3054513168289645,9.127809812799782,1.8223584959708177,4.221446048273464,4.66719901113342,0.4457529628599559
2026-05-29,6.1743727489483105,1,7.571156001840379,7.941486849972648,0.37033084813226935,5.684720808714616,4.972618264733711,-0.7121025439809046,3.6879702908261294,3.742853429401592,0.05488313857546245,8.492454038983269,6.564298924606945,-1.9281551143763238,7.244520882551001,9.049205225824636,1.8046843432736352,4.365414470774468,4.775773799150315,0.4103593283758471
2026-06-05,6.429728885475491,1,8.073649031798638,8.421153083565528,0.34750405176689014,5.704963802720343,5.033240489850229,-0.6717233128701139,3.806155052836175,3.7705911668988534,-0.035563885937321515,9.078227587238061,6.89137186653889,-2.186855720699171,7.3932119562248175,9.4510157750111,2.057803818786283,4.522165882034912,5.011000930988331,0.488835048953419
2026-06-12,6.366277184257335,1,8.468474849277868,7.933945919201008,-0.5345289300768599,5.457436482059805,4.938449776529737,-0.5189867055300681,2.9709484174932044,3.5329988724450487,0.5620504549518444,9.312007531455393,7.0738491486889075,-2.2381583827664855,7.438668287535052,9.537497189169756,2.098828901634704,4.5501275377226875,5.180922199509553,0.6307946617868652
2026-06-19,6.447192016855773,1,8.64670971703515,8.039554396513893,-0.6071553205212581,5.318807003006299,4.866979718163094,-0.4518272848432048,3.2476233837343784,3.7268770077568263,0.47925362402244787,9.316576963361342,7.159032300429104,-2.1575446629322386,7.558342617378557,9.602730317903465,2.044387700524908,4.595092416618911,5.287978360368243,0.6928859437493315
2026-06-26,6.434376193208084,1,9.138849357006109,8.7605943510938,-0.3782550059123082,5.165177334520422,4.754320677813865,-0.4108566567065566,3.183080593259362,3.6508696046021782,0.46778901134281625,9.10050850271088,6.50096788371593,-2.5995406189949506,7.398533556065729,9.54655485136199,2.1480212952962603,4.620107815685998,5.392949790660779,0.7728419749747815
2026-07-03,6.392624393206584,1,8.92108651827057,8.852433338162214,-0.06865318010835608,5.18452131663301,4.835330792138109,-0.34919052449490096,3.2850507311695196,3.5580010863666587,0.27295035519713906,9.006144267960238,6.305555443360262,-2.7005888245999756,7.342804179659751,9.446278855749043,2.1034746760892915,4.616139345546415,5.358146843463217,0.7420074979168021
2026-07-10,6.3646557892986735,1,8.89718481754197,8.78726593011551,-0.10991888742645983,5.186520301564755,4.862656127508615,-0.32386417405614054,3.4197170301425217,3.531109197380971,0.11139216723844925,8.7807879597555,6.335145184960908,-2.4456427747945924,7.283530131621504,9.268771940864028,1.985241809242524,4.620194495165791,5.4029863549620245,0.7827918597962338
2026-07-17,6.349723315249854,1,8.96091644568908,8.921470844379726,-0.03944560130935315,5.242051362297701,4.975844929450972,-0.2662064328467295,3.3979073357392338,3.5049781627420487,0.1070708270028149,8.625361141429423,6.015453441890699,-2.6099076995387236,7.244044066321123,9.20387005654338,1.9598259902222566,4.628059540022562,5.476722456492297,0.8486629164697348
