date,TCI,lag_selected,FROM_Indonesia,TO_Indonesia,Net_Indonesia,FROM_Malaysia,TO_Malaysia,Net_Malaysia,FROM_Philippines,TO_Philippines,Net_Philippines,FROM_Singapore,TO_Singapore,Net_Singapore,FROM_Thailand,TO_Thailand,Net_Thailand,FROM_Vietnam,TO_Vietnam,Net_Vietnam
2010-10-22,24.99131096299205,1,25.11648379906981,32.51940729300016,7.402923493930345,28.88887036858756,12.466316033232147,-16.422554335355414,16.047751708300723,13.096746397616187,-2.951005310684536,15.604077356196939,8.14208141181578,-7.461995944381158,43.20418611640966,35.33080078729543,-7.873385329114228,21.086496429387594,48.39251385499253,27.306017425604935
2010-10-29,23.674803255715556,1,24.496305887200293,28.327858420537197,3.831552533336904,29.898848216203206,7.98570998123607,-21.913138234967136,17.04824499429411,13.140964462887737,-3.9072805314063714,14.546404486776268,8.78404493292149,-5.762359553854779,37.60981087915274,36.77691132299176,-0.8328995561609815,18.449205070666736,47.03333041371913,28.584125343052392
2010-11-05,27.474521154346935,1,35.14414370654974,37.14609021373734,2.001946507187597,35.26551301321868,13.22234996258301,-22.04316305063567,18.04719269326465,16.14599550229906,-1.9011971909655898,18.638602310039076,11.87044743570857,-6.768154874330506,38.61792151537448,37.650421832398386,-0.9674996829760971,19.133753687635007,48.81182197935527,29.678068291720265
2010-11-12,28.03867924902019,1,35.56416426366938,47.21433988084563,11.650175617176245,32.805782147674094,9.874878661734869,-22.930903485939226,19.655355829075404,12.43421997362033,-7.221135855455074,20.07124366306695,12.187464328581058,-7.883779334485894,37.692899944771796,35.0643454367558,-2.628554508015995,22.442629645863505,51.456827212583434,29.01419756671993
2010-11-19,27.362261861951044,1,37.62185785685966,42.81456409120891,5.192706234349245,33.257370921460804,10.172688040855661,-23.084682880605143,15.612938430464084,15.062576069256565,-0.5503623612075188,19.788444567208103,10.162655633857412,-9.625788933350691,36.902664471490056,35.47841427267355,-1.4242501988165088,20.99029492422359,50.48267306385425,29.49237813963066
2010-11-26,27.678887233212418,1,38.619910004587524,41.510416180458634,2.89050617587111,33.78489565461162,10.773526595281467,-23.01136905933015,15.019889935905567,17.74451993622972,2.7246300003241544,20.769491624098166,8.865201115051548,-11.904290509046618,36.699019996528,35.77270856964886,-0.9263114268791384,21.180116183543632,51.40695100260426,30.226834819060628
2010-12-03,28.77405040059571,1,39.558046323586616,43.60133636272588,4.043290039139265,35.11691999183303,11.751707543952193,-23.365212447880836,15.46259662806311,16.573982903962374,1.1113862758992639,21.395384015126908,9.149048370041072,-12.246335645085836,37.56700332899619,38.84344339525737,1.2764400662611735,23.544352115968394,52.72478382763532,29.180431711666927
2010-12-10,29.154019372495785,1,40.48175894795712,43.209548277162384,2.7277893292052653,35.530352356802354,11.504629857112093,-24.02572249969026,13.88005901872745,32.46900928375773,18.588950265030277,22.863597244765742,9.64199027941936,-13.221606965346382,34.7730250356816,31.779326164495558,-2.993698871186041,27.39532363104044,46.31961237302765,18.924288741987212
2010-12-17,29.253097225020912,1,40.52112334720808,45.55875005827526,5.037626711067176,32.8039374189797,11.161600317948214,-21.642337101031487,16.91318135651983,29.207756000602373,12.294574644082545,21.779471232527143,11.773869332423388,-10.005601900103755,34.26486674666616,30.670428214051952,-3.5944385326142054,29.23600324822455,47.14617942682426,17.910176178599713
2010-12-24,30.41791594641054,1,42.20785427884268,46.133639463345396,3.9257851845027147,37.34272043244401,11.066959700442396,-26.275760732001615,16.417722143273252,30.734783311348764,14.317061168075512,23.520180569744667,13.91084536039294,-9.609335209351727,32.45091335630252,36.66132624618827,4.210412889885745,30.568104897856102,43.99994159674546,13.431836698889356
2010-12-31,28.54794555926772,1,40.60701795475851,49.2133560871465,8.60633813238799,28.999686919954456,11.685500170102785,-17.31418674985167,16.08854996850775,27.48700135882403,11.398451390316282,21.745422401203186,12.16742667070146,-9.577995730501726,32.657923153166095,25.81211977599959,-6.845803377166504,31.189072958016325,44.922269292831956,13.73319633481563
2011-01-07,29.179829977591293,1,46.90206797744896,42.30914739629791,-4.5929205811510485,29.3472129188617,12.911899129103702,-16.435313789758,9.352861591126754,48.067560765660915,38.71469917453416,20.609611374794923,8.84979318869729,-11.759818186097633,31.480702202962476,18.56678218278583,-12.913920020176647,37.38652380035292,44.3737972030021,6.98727340264918
2011-01-14,27.503157826326866,1,36.524492399163776,41.828298067072424,5.303805667908648,31.597619959601843,19.81054006883788,-11.787079890763962,13.779948509720512,20.43142019625867,6.651471686538159,18.69792702450127,10.045374262474553,-8.652552762026716,31.257112374904096,23.922524298650217,-7.33458807625388,33.16184669006971,48.98079006466749,15.81894337459778
2011-01-21,28.438580133600713,1,38.22602033896202,42.94997831558488,4.723957976622856,31.646754275495454,18.31895385419199,-13.327800421303465,15.518949248178245,23.00142888740011,7.482479639221864,19.441417842988898,10.54973279674158,-8.891685046247318,32.02001280793185,27.805778711612817,-4.214234096319032,33.77832628804779,48.0056082360729,14.227281948025109
2011-01-28,29.29097319386813,1,40.898778528279266,41.82968453288349,0.9309060046042248,33.67442629304426,19.255645911898554,-14.418780381145709,14.472241223763177,25.114083283601516,10.64184205983834,20.463609967958007,10.156587061756369,-10.307022906201638,31.116576573483513,27.97030330725198,-3.146273266231532,35.120206576680545,51.419535065816916,16.29932848913637
2011-02-11,27.871879489574543,1,36.17645675850362,34.444815410083834,-1.7316413484197852,32.66111807243594,20.193979780904357,-12.467138291531583,20.10517923242449,28.375275983966006,8.270096751541516,15.347397121831023,10.36917855847382,-4.978218563357203,24.513035184295333,29.84278427044896,5.329749086153626,38.428090567956865,44.00524293357028,5.577152365613415
2011-02-18,26.415059058829154,1,39.69292889987355,27.534204320280836,-12.158724579592715,29.85044877955967,22.0135706726561,-7.836878106903569,20.438688564605044,26.7312416619085,6.292553097303454,12.939240693716386,9.955167791976436,-2.9840729017399497,19.377861722006813,25.012329369274397,5.634467647267584,36.19118569321347,47.24384053687868,11.05265484366521
2011-02-25,26.1661109528397,1,39.484028483071434,26.536198502893463,-12.947829980177971,28.80197816353639,20.24761317728003,-8.55436498625636,21.13997305140282,27.12449186572934,5.98451881432652,10.75406795826322,14.186449593209119,3.432381634945898,21.35572086232162,22.856615322504553,1.5008944601829342,35.46089719844268,46.04529725542169,10.584400056979007
2011-03-04,26.29559025704415,1,40.11809661860231,25.06699034781809,-15.051106270784217,29.91309996938115,19.494251756942788,-10.418848212438363,20.568562101632793,26.442871756113647,5.874309654480854,10.680068842118771,17.547213095155016,6.867144253036244,20.111017036272543,23.621130319348055,3.510113283075512,36.382696974257335,45.601084266887305,9.21838729262997
2011-03-11,25.1813848417665,1,32.8024242739924,34.44277506293807,1.6403507889456677,25.002166034301723,14.70072566727734,-10.301440367024384,20.763623018857118,25.874236565665342,5.110613546808224,9.445452759219052,12.391869580015538,2.946416820796486,22.007358727951583,21.689894697278234,-0.3174640306733494,41.067284236277125,41.988807477424466,0.9215232411473409
2011-03-18,24.34277309614281,1,39.65246082970067,24.77160257300804,-14.880858256692633,28.27689906922231,16.058660247879104,-12.218238821343206,19.501517918960587,28.58646631222348,9.084948393262891,10.573124223356842,11.301598852753983,0.7284746293971409,11.482059121086394,19.151643703880794,7.6695845827944,36.57057741453006,46.18666688711152,9.616089472581464
2011-03-25,24.176268262979004,1,38.929767749708624,23.648879510383317,-15.280888239325307,25.95132511233875,12.523054367204992,-13.428270745133759,19.529023460075706,28.502503349235155,8.97347988915945,12.353798836328295,15.369459858575766,3.015661022247471,10.621762015127501,17.12986238987169,6.508100374744188,37.67193240429514,47.8838501026031,10.211917698307957
2011-04-01,24.119836988361442,1,39.147499239291996,28.124438805956366,-11.02306043333563,27.640322958875174,16.12371877835794,-11.516604180517234,16.596115461395613,21.249412120296242,4.653296658900629,11.49894616958062,20.192488176227926,8.693542006647306,10.77293779088913,15.137327927149315,4.364390136260184,39.06320031013614,43.89163612218091,4.8284358120447735
2011-04-08,23.753900014478035,1,36.59057577803687,26.118580254205988,-10.471995523830884,23.646149375007397,12.179411208654273,-11.466738166353124,19.119328759102757,20.716964351099804,1.5976355919970473,13.629230005579771,24.637619847392145,11.008389841812374,10.913125021350368,15.185367517327578,4.27224249597721,38.62499114779106,43.68545690818846,5.060465760397406
2011-04-15,25.183716900293053,1,36.64290042607402,21.054867438742335,-15.588032987331687,24.640066198393313,11.37236639886801,-13.267699799525303,23.924466586157607,27.929542219456877,4.0050756332992705,11.960067769365708,29.41138980755545,17.451322038189744,11.643006732564075,13.775140668519256,2.1321339359551814,42.291793689203594,47.558994868616374,5.26720117941278
2011-04-22,25.770204345564014,1,36.129392177214136,21.603324631655475,-14.52606754555866,26.685090807653467,9.237041605368574,-17.448049202284892,24.016529139332704,28.828277966566844,4.81174882723414,13.014339916288321,29.91829929204637,16.90395937575805,12.391164289119402,16.391158444194858,3.9999941550754556,42.38470974377607,48.64312413355199,6.258414389775922
2011-04-29,24.742583467128355,1,35.726114112647195,21.647359970417995,-14.0787541422292,25.54034981638712,8.744951952915073,-16.795397863472047,23.045010246927504,26.44597618087988,3.400965933952378,13.151278469342657,28.946093076000736,15.794814606658079,11.957884718433448,16.131607907303703,4.173723188870255,39.03486343903219,46.53951171525273,7.504648276220536
2011-05-06,24.818823380147673,1,32.93209479286256,21.45477351771339,-11.477321275149166,24.669845911980644,7.913762955611588,-16.756082956369056,23.31476503647808,26.197481938520298,2.882716902042219,14.08494912844526,31.814596378283156,17.729647249837896,14.66002974553885,17.954364868358184,3.2943351228193336,39.25125566558064,43.57796062239946,4.326704956818816
2011-05-13,24.599560178224948,1,31.799680522475285,22.200294055430035,-9.59938646704525,23.1209005974693,8.365618375581462,-14.755282221887839,22.975456196147178,23.803200810300197,0.8277446141530191,14.661103503592315,31.194801062231036,16.53369755863872,15.924898155762733,18.343352004347167,2.4184538485844342,39.11532209390289,43.69009476145982,4.574772667556928
2011-05-20,26.992993157757468,1,33.69036096628808,18.817534236926534,-14.872826729361549,30.862597982547967,25.600467868887748,-5.26213011366022,16.29544487360907,13.712986675970058,-2.5824581976390135,23.497098379464546,36.56272540509649,13.06562702563194,23.729980970333855,20.370330123449747,-3.359650846884108,33.882475774301255,46.89391463621415,13.011438861912893
2011-05-27,30.313834467348787,1,30.209416575502644,18.483290870935633,-11.72612570456701,31.070029697520113,33.35422231657506,2.2841926190549486,21.890404102022288,19.0615250535499,-2.8288790484723876,36.57830676176027,44.23058512886231,7.652278367102042,26.046115193789987,17.785093998764196,-8.26102119502579,36.08873447349745,48.96828943540568,12.879554961908227
2011-06-03,31.835505576192023,1,32.38632389732794,20.1822662331507,-12.204057664177242,34.24038902615398,38.82235431813692,4.5819652919829394,23.586972357593808,16.618057313285917,-6.9689150443078915,37.612800012088236,48.83923114134236,11.226431129254124,26.62138854142269,16.914447756734134,-9.706940784688555,36.56515962256551,49.63667669450218,13.071517071936668
2011-06-10,30.03864462427337,1,31.560148197633097,22.684432921286103,-8.875715276346995,30.904058295509742,32.730438179188226,1.8263798836784844,22.03745987624221,15.657194207986805,-6.380265668255404,37.87961529840207,46.88674828340352,9.007132985001448,26.051440114725793,17.262440722586476,-8.788999392139317,31.799145963127287,45.0106134311891,13.211467468061812
2011-06-17,30.37403931719267,1,28.24140699515675,24.018049016850966,-4.223357978305785,38.37705901131345,33.72466235866277,-4.65239665265068,23.46009357343003,21.697156048516774,-1.762937524913255,35.164752932698974,42.02319237165348,6.858439438954505,24.295683535189823,12.763468705753894,-11.53221482943593,32.70523985536698,48.0177074017181,15.312467546351115
2011-06-24,28.929965626490514,1,27.92355601132364,23.602848464378482,-4.320707546945158,34.10846103907119,28.36853207890836,-5.739928960162828,22.18151438609955,19.619643359314537,-2.5618710267850133,33.16479177082101,36.90191505724617,3.7371232864251596,23.944477238396743,17.001905611583098,-6.9425716268136455,32.25699331323098,48.08494918751249,15.827955874281514
2011-07-01,29.655540887093835,1,29.141035911095216,20.55755415985226,-8.583481751242957,35.63742588672777,26.217410248097124,-9.420015638630645,22.428157258262317,20.22089008928299,-2.207267168979328,35.138756526779474,39.72124493981164,4.582488413032166,22.867526899201152,23.922652443089646,1.0551255438884937,32.72034284049707,47.293493442429366,14.573150601932298
2011-07-08,29.04380004872657,1,29.630943274100076,18.075127210342046,-11.55581606375803,35.40702698938557,26.605781435655146,-8.801245553730425,21.46633278635933,20.043276951477935,-1.4230558348813958,33.854732599612475,43.7107089727002,9.855976373087728,21.93075010141459,23.475847880966924,1.5450977795523357,31.97301454148736,42.35205784121713,10.379043299729773
2011-07-15,29.56057237947087,1,29.18796494764345,20.11076495626078,-9.07719999138267,35.828929407584525,25.478180090571982,-10.350749317012543,21.84228906620733,20.853747051918504,-0.988542014288825,34.01789224502372,45.57080329184865,11.552911046824931,22.7693863604089,23.250441877889273,0.481055517480371,33.716972249957266,42.099497008336044,8.382524758378779
2011-07-22,29.633121098002004,1,27.864073696433437,19.634508771059487,-8.22956492537395,36.18345664713517,23.995101102437232,-12.188355544697941,19.989633662354706,18.476513108382463,-1.513120553972243,36.4929644864862,52.96472120367153,16.47175671718533,23.022816905957015,25.029843192571462,2.0070262866144475,34.245781189645484,37.698039209889814,3.4522580202443294
2011-07-29,28.904960194225566,1,24.746789971090223,23.04939325635972,-1.6973967147305018,36.412838510342546,22.8659867036664,-13.546851806676145,20.012242416772352,18.536509696744275,-1.475732720028077,36.12312400789201,53.33351311046619,17.210389102574183,23.001652241769335,27.714796014565422,4.713143772796087,33.13311401748692,27.929562383551428,-5.20355163393549
2011-08-05,30.381026067627033,1,25.756165961948142,28.81803787084536,3.061871908897217,36.7594133343564,26.50331229547833,-10.256101038878072,18.15075908195837,14.261212435540102,-3.8895466464182675,42.85821222201416,55.61429845444479,12.756086232430633,23.624648337870156,30.947076868854552,7.322428530984396,35.13695746761499,26.142218480599126,-8.994738987015864
2011-08-12,29.570248385032667,1,27.382751751768197,29.89048474554201,2.507732993773814,39.1523981406588,29.451751751029988,-9.700646389628815,19.236643890771006,15.884535191427148,-3.3521086993438587,37.40243135997742,49.64143415862018,12.239002798642758,25.863259630822512,30.74663408480494,4.883374453982427,28.38400553619806,21.80665037877172,-6.577355157426339
2011-08-19,26.489322536359396,1,25.67528586193646,34.978049458548156,9.302763596611697,30.72293319898546,27.505705354910518,-3.217227844074941,23.231421092699563,17.348072294346437,-5.883348798353126,29.63238376131477,33.28069260262697,3.6483088413122005,25.31536600567405,26.07659556340485,0.7612295577308004,24.358545297546073,19.746819944319455,-4.611725353226618
2011-08-26,24.823494185423158,1,22.109201742680412,31.80704662680455,9.697844884124137,30.745420634024214,28.684473778485383,-2.0609468555388304,20.556258703377196,16.620109249643875,-3.9361494537333215,30.468125233837455,34.375787752837454,3.9076625189999987,20.986115142501674,19.277367001002816,-1.7087481414988588,24.075843656117996,18.17618070376487,-5.899662952353125
2011-09-09,23.4673241656688,1,21.383264719318362,26.242873438042935,4.859608718724573,23.221097006819733,27.69665905670854,4.475562049888808,20.139532192329227,15.255488653016357,-4.88404353931287,29.520121752296618,35.70260122169698,6.182479469400363,21.34840900617192,22.019304524546982,0.6708955183750618,25.19152031707692,13.887018100001015,-11.304502217075907
2011-09-16,25.169030260096076,1,22.51666730593189,29.31173597637691,6.795068670445019,24.886931322841065,29.392639760211537,4.5057084373704726,21.75126111020478,15.617184201304994,-6.134076908899786,31.30179275440915,38.41229397723335,7.1105012228241975,23.82216326735292,22.929835714062747,-0.8923275532901727,26.73536579983663,15.350491931386884,-11.384873868449745
2011-09-23,28.939586083845157,1,26.341332394917316,33.590823454059844,7.249491059142528,29.868248434343826,34.474917061315324,4.606668626971498,29.94904013655602,22.487260660835034,-7.461779475720988,32.99857486901409,39.636060189149816,6.637485320135724,26.182003241508227,28.04637791086779,1.864374669359563,28.298317426731472,15.402077226843147,-12.896240199888325
2011-09-30,29.259777578580074,1,27.47394676244781,33.78193881389376,6.30799205144595,28.993891844402498,36.25815874803378,7.264266903631281,30.629628680825533,22.51703173629342,-8.112596944532115,32.78782868585216,39.32947405403482,6.541645368182657,27.010360207731637,28.360311090918586,1.3499508831869491,28.6630092902208,15.311751028306034,-13.351258261914765
2011-10-07,30.0683473575917,1,26.420372860588245,29.58305549187527,3.1626826312870264,28.93280218652565,35.79189949451356,6.859097307987909,34.54330239728601,32.53021365774315,-2.013088739542866,30.773589826220103,36.56389485354967,5.790305027329566,30.90101058339698,30.35515979510214,-0.5458507882948425,28.839006291533195,15.58586085276643,-13.253145438766765
2011-10-14,32.277667120951435,1,28.183264024773678,33.74860859421351,5.56534456943983,32.19485098681318,38.84347171484018,6.648620728026998,36.688693027482266,31.639140358406614,-5.049552669075652,32.72523555906277,39.98456083321754,7.259325274154776,33.355400383724955,33.1387605819222,-0.21663980180275644,30.518558743851756,16.31146064310856,-14.207098100743195
2011-10-21,34.99214715892517,1,30.676839012129435,33.74901858638911,3.0721795742596782,37.95548197145579,48.01777894677114,10.062296975315348,41.81387727083564,44.22765924888434,2.4137819780487035,36.23422349443144,43.953020692016686,7.718797197585246,34.52871931015392,26.32432088418041,-8.204398425973508,28.743741894544797,13.681084595309386,-15.062657299235411
2011-10-28,35.7715178143628,1,31.62088995348556,39.720292991248684,8.099403037763125,38.45014630122135,44.251096840283154,5.800950539061802,44.41106374807361,43.68726786637615,-0.7237958816974555,36.8326112190296,48.71180725577352,11.87919603674392,35.14557435647343,27.71262428309116,-7.432950073382273,28.16882130789324,10.546017649404149,-17.62280365848909
2011-11-04,35.97036641827428,1,33.48488671317962,37.05177692668951,3.566890213509893,36.98454282186012,48.89810521019852,11.913562388338406,43.93458825337587,42.4004756236394,-1.5341126297364696,36.294803327607035,44.69654187122922,8.401738543622187,35.158578568532334,28.693083605994687,-6.465494962537647,29.964798825090696,14.08221527189437,-15.882583553196326
2011-11-11,35.92549459415886,1,33.389022511084434,36.33104300580324,2.942020494718804,37.39511700393824,49.49536531540389,12.100248311465648,45.52427135162075,45.76185581495708,0.23758446333633287,35.099310924131885,42.036762517144666,6.937451593012781,34.63149718434447,28.017240938095327,-6.614256246249141,29.513748589833412,13.910699973548986,-15.603048616284426
2011-11-18,35.517914670645844,1,33.80596583875179,39.38258779299073,5.576621954238945,35.466123069403,48.06294148697911,12.596818417576117,44.08788555915838,42.622889725673204,-1.464995833485176,34.27628190279145,40.14151311375487,5.865231210963415,35.19848682318141,28.44478439223826,-6.75370243094315,30.272744830589062,14.452771512238854,-15.819973318350208
2011-11-25,37.129861266611584,1,35.775648993864834,41.97060404825983,6.194955054394995,35.706515657193606,46.28019885369281,10.573683196499204,44.43363383667668,44.70311921946913,0.26948538279245327,40.87580773802115,48.719266021196816,7.843458283175664,34.32743522675453,25.053545014202058,-9.273890212552473,31.66012614715875,16.052434442848934,-15.607691704309815
2011-12-02,38.26007655091241,1,37.74712517701135,43.25965373644477,5.51252855943342,36.37893668866532,50.48215545857258,14.103218769907258,40.47001372111466,37.02828741662986,-3.4417263044848028,41.901648163640886,50.51197860591559,8.610330442274702,38.253065886009495,27.058333500463718,-11.194732385545777,34.80966966903277,21.22005058744797,-13.5896190815848
2011-12-09,36.34307734082386,1,37.09797042786666,39.8138796232978,2.715909195431138,32.58893790198567,37.965943223725986,5.377005321740313,35.519383962065646,39.79169996390118,4.272316001835534,38.774193661066114,44.6722004712282,5.898006810162087,38.93830319475925,37.532220220836145,-1.4060829739231053,35.1396748971998,18.28252054195383,-16.857154355245967
2011-12-16,39.56956452888115,1,44.20276888742508,40.12948041002839,-4.073288477396687,44.52497768109419,50.05491547984857,5.529937798754375,35.84106699009779,45.53474624270737,9.693679252609584,37.5244666309091,37.1162415095916,-0.4082251213174999,42.33830827402001,46.61381132929611,4.275503055276104,32.98579870974072,17.968192201814816,-15.017606507925905
2011-12-23,37.51051234172612,1,45.96610481262523,41.04542994354841,-4.920674869076819,32.70068757887222,44.01411182154604,11.313424242673818,37.06419019986198,45.544146487197224,8.479956287335241,36.46695527197309,36.9204491506233,0.45349387865020674,43.81333170003299,39.53817241822412,-4.275159281808868,29.051804486991188,18.000764229217566,-11.051040257773622
2011-12-30,34.73394719985031,1,45.09657769967319,43.41007798528862,-1.686499714384567,25.37674035718007,34.25504473466795,8.87830437748788,33.94116121112306,41.467362885931735,7.526201674808675,35.53279193531101,32.7582954698556,-2.774496465455414,43.052930970616465,38.806062889613194,-4.246868081003271,25.403481025198076,17.70683923374473,-7.696641791453345
2012-01-06,32.40908607104398,1,42.89207285538082,39.2735659567047,-3.6185068986761166,22.448181100211585,31.903174692135153,9.454993591923568,31.854513501830098,35.80128142754613,3.9467679257160313,36.118812069245145,36.18152787300691,0.06271580376176189,38.29596682540263,35.631109572190994,-2.664857253211636,22.844970074193597,15.663856904680003,-7.181113169513594
2012-01-13,33.10779673332207,1,45.61341504674571,40.925736380550156,-4.687678666195552,22.48770547373357,33.52669149482213,11.038986021088562,34.96592903816152,38.527102168367904,3.5611731302063845,36.23406167797343,34.6907553598043,-1.5433063181691296,37.43940942880688,34.551381768395785,-2.8880276604110975,21.90625973451131,16.4251132279922,-5.48114650651911
2012-01-20,34.224147525046995,1,46.831689977084146,39.419657935427374,-7.412032041656772,25.61139132720662,35.47453888101731,9.863147553810691,33.93070594534474,38.72543495808975,4.794729012745009,35.228869622635585,32.46971258467225,-2.759157037963334,38.754680230522624,38.8070062713974,0.05232604087477455,24.987548047488232,20.448534519677878,-4.539013527810354
2012-02-03,34.44807605311079,1,44.90566912474547,39.54382795075951,-5.361841173985965,32.01606029666465,34.79567267214176,2.7796123754771145,29.638562167878447,37.945348045306275,8.306785877427828,33.588904460478105,32.32595605550168,-1.2629484049764272,42.04291937705113,41.76154971413862,-0.2813696629125104,24.49634089184697,20.31610188081693,-4.180239011030039
2012-02-10,33.94132823182813,1,43.722404091405046,38.39676136782368,-5.3256427235813675,32.43601691358991,34.52832729475074,2.0923103811608286,29.033594327933997,37.663236892677105,8.629642564743108,32.85907090674125,31.26774571886361,-1.5913251878776435,41.37830123273285,41.08377041305346,-0.29453081967939454,24.218581918565746,20.708127703800187,-3.5104542147655593
2012-02-17,33.68148699445038,1,46.31311265044592,44.68426872543959,-1.6288439250063362,29.20210588887859,31.707236513714108,2.505130624835516,29.959849502408147,37.393618762230034,7.4337692598218865,32.73598631341855,31.309152142742604,-1.4268341706759458,40.912059101995254,40.07593343826663,-0.8361256637286232,22.965808509555856,16.918712384309345,-6.047096125246512
2012-02-24,33.85941684785731,1,45.60944537022264,43.916063828852366,-1.6933815413702717,30.11233312421969,32.424840866677144,2.3125077424574556,30.69618297582015,39.67621491411636,8.980031938296207,32.758357512993996,33.10268645937538,0.34432894638138123,40.185288184351734,38.75203385587669,-1.4332543284750443,23.79489391953564,15.28466116224591,-8.510232757289728
2012-03-02,31.55547129586692,1,45.12806764734873,42.82118309618403,-2.3068845511647,24.221753009114224,28.346183055381516,4.1244300462672925,28.936677457388384,37.9360122138571,8.999334756468713,29.742836796721505,25.14142253530514,-4.601414261416366,41.20642889498508,41.883064962306165,0.6766360673210841,20.097063969643557,13.204961912167605,-6.892102057475952
2012-03-09,31.40475734206437,1,42.99433786919982,47.463279694733394,4.468941825533577,26.336252784078354,25.499970599861356,-0.8362821842169978,29.31876740495656,37.379286901309555,8.060519496352995,30.52437611874953,24.4060856063317,-6.118290512417829,40.904711496821655,40.09800546481663,-0.8067060320050246,18.350098378580327,13.58191578533362,-4.768182593246706
2012-03-16,29.830143708738717,1,40.76196078019188,42.03611404799775,1.2741532678058718,25.71314399817021,25.171925900985627,-0.5412180971845828,27.97733052938686,38.16213399705438,10.184803467667521,26.771917604231007,21.873685237656588,-4.898232366574419,40.51126325936466,39.83436971230757,-0.6768935470570909,17.245246081087686,11.902633356430428,-5.342612724657258
2012-03-23,31.678272146608872,1,41.72244754532556,47.593221439027964,5.870773893702406,28.19107359826377,29.033421753815276,0.8423481555515053,24.46766682346596,33.23647020772296,8.768803384256998,27.720123130399017,27.41229763827124,-0.3078254921277761,40.16317248708058,37.96365116239108,-2.199521324689499,27.80514929511834,14.830570678424706,-12.974578616693634
2012-03-30,33.64931301817834,1,43.7076152539926,48.87950494735827,5.171889693365671,27.80146024712208,28.782469210195075,0.9810089630729948,25.021743257236324,33.29287355452878,8.271130297292459,29.41260017226834,28.25499907057541,-1.1576011016929328,45.32920003997499,45.93444733938617,0.6052472994111753,30.623259138475703,16.751583987026336,-13.871675151449367
2012-04-06,34.023258390548726,1,44.988730466755,49.79078629245352,4.802055825698517,27.524584017264488,30.653408237158047,3.128824219893559,24.089410664677573,30.96373119067654,6.874320525998968,30.462533298625516,25.353174689059188,-5.109358609566328,45.96511147025405,48.91746917196459,2.9523577017105396,31.109180425715735,18.46098076198048,-12.648199663735255
2012-04-13,36.79435693402996,1,50.25400282433483,51.485803536144346,1.2318007118095124,29.65694301572951,44.50684450064185,14.849901484912337,22.727541276679275,29.589851607905885,6.86231033122661,35.47776076863104,28.10561340396154,-7.372147364669502,47.63953532587336,51.02825236560829,3.388717039734928,35.010358392931764,16.049776189917836,-18.960582203013928
2012-04-20,35.49295551727784,1,49.72635080900212,48.984203247552266,-0.7421475614498547,28.949204298550455,40.98364332390766,12.034439025357202,22.460155185157234,29.410303478143916,6.9501482929866825,40.775759079279425,26.582228521856507,-14.193530557422918,47.62312115405001,52.271036200331025,4.647915046281014,23.42314257762777,14.726318331875675,-8.696824245752097
2012-04-27,36.54396554305246,1,51.22266917148691,51.4666692476535,0.2440000761665857,28.916653458325783,39.62551823844575,10.708864780119967,25.265978706317895,31.533396471960188,6.267417765642293,42.68447283400473,30.897639193945572,-11.786833640059157,48.47643750437881,51.20252754478474,2.7260900404059356,22.69758158380064,14.538042561525003,-8.159539022275638
2012-05-04,35.677305353294166,1,50.69300881838766,51.25538605495303,0.5623772365653679,28.57271200849989,36.724994687145255,8.152282678645363,24.13144243638787,31.325575568036825,7.194133131648954,39.97796192558175,31.553059445647477,-8.424902479934275,47.49580804131546,49.60961160356458,2.1138035622491174,23.19289888959237,13.595204760417843,-9.597694129174528
2012-05-11,35.80459274914631,1,50.618075912057414,50.554677134535034,-0.0633987775223801,27.534705959070948,37.35993847385464,9.825232514783693,23.550314938643268,31.416774186497975,7.866459247854706,43.33839415379983,30.54811158506397,-12.790282568735861,48.068319974436235,52.43753943084313,4.369219456406896,21.717745556870184,12.510515684083117,-9.207229872787067
2012-05-18,36.03691693533261,1,50.46609737712205,53.22015318424243,2.7540558071203805,26.744236795327538,35.575486428354154,8.831249633026616,25.80304095762375,32.67083785375242,6.867796896128667,42.49297923830731,30.128057869491087,-12.364921368816226,47.63837014060081,52.45226602500068,4.813895884399869,23.076777103014223,12.174700251154903,-10.90207685185932
2012-05-25,35.607734196124625,1,51.43478863742506,57.35404523212759,5.9192565947025315,25.46301676495672,35.274111198524594,9.811094433567874,25.353764504707726,31.648620309634694,6.294855804926968,38.806864187837355,24.220620846197527,-14.586243341639829,47.11655794072909,49.20534657470356,2.088788633974474,25.471413141091787,15.943661015559755,-9.527752125532032
2012-06-01,35.419664510987815,1,50.60398287911504,58.06518791300459,7.461205033889556,26.58442705210993,32.97966248066075,6.395235428550819,25.222374751463207,30.82648983159308,5.604115080129873,40.59885506940494,25.574073626780994,-15.024781442623947,46.84819975476017,49.534767002762145,2.686567248001978,22.660147559073593,15.537806211125286,-7.122341347948307
2012-06-08,37.13148053812528,1,51.568603482895895,64.81678577906595,13.248182296170057,31.921559513488944,37.85729337955624,5.935733866067295,24.154659400750745,29.02698715596742,4.8723277552166735,39.58687673273544,27.679141505997656,-11.907735226737785,48.633433825606055,52.467409322039565,3.83397549643351,26.923750273274564,10.941266086124756,-15.982484187149808
2012-06-15,35.011086888702735,1,44.489378420305805,57.47510884352038,12.985730423214576,31.172987694126846,29.386856258324784,-1.7861314358020621,24.276323305476296,23.795741034147497,-0.4805822713287995,36.41827024483947,28.65529433349726,-7.76297591134221,51.96543313376986,49.58298349568252,-2.382449638087337,21.74412853369813,21.17053736704399,-0.5735911666541398
2012-06-22,32.63623655585386,1,44.6744014418732,56.44128076537223,11.766879323499026,31.36831577159083,28.374631888286828,-2.9936838833040014,21.153787676474607,27.963636957824875,6.809849281350267,28.452500924345372,24.536758941017936,-3.915741983327436,49.69668039925315,49.957135164056346,0.2604547648031996,20.471733121586027,8.543975618564957,-11.92775750302107
2012-06-29,30.908003557028284,1,39.50691432637538,48.41065325019392,8.903738923818537,28.459113082564443,27.730272538145428,-0.7288405444190147,17.747554528559647,28.325566896058973,10.578012367499326,25.311261073040015,23.487314101323918,-1.8239469717160972,48.656727873564186,47.09608307233038,-1.5606448012338063,25.766450458066032,10.398131484117059,-15.368318973948973
2012-07-06,32.348988486533706,1,39.18257931035173,50.715220238288396,11.532640927936669,31.74979509006262,31.533233843465112,-0.2165612465975073,19.538522984226347,28.29048135412293,8.751958369896585,28.319375394089334,24.97346718372438,-3.3459082103649536,48.04403255444966,46.48538984724645,-1.5586427072032052,27.25962558602258,12.096138452355007,-15.163487133667573
2012-07-13,32.73816476836438,1,41.533043691889084,55.04811786948401,13.515074177594926,33.55749599881764,30.99746353722945,-2.560032461588193,18.383599954832675,30.569654268236363,12.186054313403687,27.866148676889694,23.600883715544825,-4.265264961344869,50.12129067615617,47.19849480115746,-2.9227958749987124,24.967409611601013,9.014374418534175,-15.953035193066839
2012-07-20,28.611696804472484,1,33.93455617739079,43.91186952190486,9.977313344514073,29.491546038326902,26.650476913363605,-2.8410691249632976,17.677458561308242,29.594377910178324,11.916919348870081,23.552486397802397,21.75926997457468,-1.7932164232277188,43.752909404102404,39.679108529002285,-4.073800875100119,23.261224247904153,10.07507797781112,-13.186146270093033
2012-07-27,27.767246926065358,1,33.559134250082565,40.18592309113001,6.626788841047443,29.449135219858377,25.80713274134844,-3.642002478509937,19.521392674776607,30.393360776936078,10.871968102159471,23.193270911415212,24.535841086619,1.3425701752037895,38.714489696403206,35.59987386479543,-3.1146158316077788,22.166058803856203,10.081349995563215,-12.084708808292987
2012-08-03,23.929404483841136,1,28.132356111465242,27.413853870690303,-0.7185022407749386,23.537684955407528,24.977710163219655,1.440025207812127,18.312388217563537,28.747909328983525,10.435521111419988,16.75837174027494,21.478508178957483,4.720136438682545,34.27670957440563,29.58685987999398,-4.689849694411649,22.558916303929934,11.371585481201862,-11.187330822728072
2012-08-10,23.298865418484038,1,29.081401381285872,26.877998555902934,-2.2034028253829376,22.116017455346892,26.467889799807423,4.351872344460531,18.03205407411464,27.824258437335786,9.792204363221146,14.284303912315792,20.765121620543013,6.480817708227221,32.481236665692364,27.123529602875237,-5.357707062817127,23.79817902214866,10.73439449443984,-13.063784527708819
2012-08-17,24.93053462930622,1,34.71734307837109,29.6160154480191,-5.101327630351989,23.66133372204918,26.87445556464469,3.2131218425955126,18.70697737938599,27.72751793890457,9.02054055951858,17.724868359272563,22.581901505621573,4.857033146349011,32.56200346646273,30.43153714535444,-2.130466321108287,22.21068177029575,12.351780173292923,-9.858901597002827
2012-08-24,27.240572653644676,1,36.87392914051649,31.12129777580804,-5.752631364708449,26.052985332693822,32.70920289127152,6.656217558577694,19.840250057061397,26.631246105676837,6.79099604861544,22.352603841140805,24.06474034080651,1.7121364996657036,33.861524056650225,32.83641507383673,-1.0251089828134923,24.46214349380533,16.080533734468432,-8.381609759336897
2012-08-31,24.44934063821073,1,32.779434374933956,27.368457837933065,-5.4109765370008915,23.7362355735973,24.84164375621664,1.1054081826193425,18.55814467726094,28.751194064879257,10.193049387618316,18.770655148041783,21.322631687617218,2.551976539575435,31.273902103692308,29.56506313817151,-1.7088389655207976,21.577671951738097,14.847053344446692,-6.7306186072914045
2012-09-07,19.694139355306856,1,27.80270979758025,19.909574841089835,-7.893134956490414,19.529755060175546,18.438257404288592,-1.091497655886954,18.519541946228244,33.0216211079953,14.502079161767057,11.289614037655184,19.212201667961764,7.92258763030658,26.800973013244686,18.95502118869082,-7.845951824553865,14.222242276957218,8.62815992181487,-5.594082355142348
2012-09-14,20.2277985775333,1,29.816725156118764,20.934896296573356,-8.881828859545408,18.357051674840122,17.262688777793116,-1.0943628970470058,19.810275890810445,24.352724327954007,4.5424484371435625,14.950024769023642,23.686708566906532,8.73668379788289,22.68456365603342,25.700607695197448,3.0160440391640293,15.748150318373405,9.429165800775365,-6.3189845175980395
2012-09-21,18.95250020970466,1,23.610380926773672,17.83416964188966,-5.776211284884013,19.759616193034745,14.372758045042715,-5.3868581479920294,17.995588046082005,21.470462721424965,3.47487467534296,20.005342128079178,33.598533966057914,13.593191837978736,17.48115060392921,17.040108621521625,-0.4410419824075831,14.862923360329148,9.398968262291035,-5.463955098038113
2012-09-28,23.157700890330123,1,25.98262340243197,15.885111331425378,-10.09751207100659,26.937908488502913,18.146820130997497,-8.791088357505416,28.68883809752866,25.556839234230935,-3.1319988632977243,21.2349913638878,33.32820730186528,12.093215937977476,18.537145246713138,34.15313935305329,15.615994106340153,17.564698742916264,11.876087990408365,-5.688610752507898
2012-10-05,24.476924663490006,1,28.438330239142687,18.409035015159176,-10.02929522398351,25.626295328932443,14.347165547904211,-11.279129781028232,29.433405458288334,25.672438321073074,-3.7609671372152604,24.551616050665757,37.17868098375757,12.627064933091816,21.533589053264805,36.07969294261511,14.546103889350306,17.278311850646006,15.1745351704309,-2.1037766802151054
2012-10-12,21.86870216648931,1,11.952376372223299,12.850953826543261,0.8985774543199625,27.68835284301325,15.386275962496313,-12.302076880516935,27.788233943367246,31.220771464794908,3.432537521427662,18.193567732304672,24.760011429011158,6.566443696706486,25.445016505843128,34.06809802041822,8.623081514575091,20.144665602184276,12.926102295671981,-7.218563306512294
2012-10-19,21.501639473481372,1,11.283612459241922,11.23910574814343,-0.044506711098492246,27.731110643873663,16.451223109876764,-11.279887533996899,26.34770271519973,29.65066551544163,3.3029628002419003,20.826653598086352,22.27269010878598,1.4460365106996278,24.36493319905543,35.775231785821674,11.410298586766245,18.45582422543113,13.620920572818747,-4.8349036526123825
2012-10-26,19.874895028805962,1,12.223674676890909,11.136416772196469,-1.0872579046944395,27.753406670854233,12.889651800055887,-14.863754870798346,23.744214165968586,23.722652896923478,-0.021561269045108133,21.281293489690924,24.188932575772768,2.9076390860818435,20.903661442142337,36.10366284844129,15.200001406298952,13.34311972728878,11.208053279445878,-2.1350664478429024
2012-11-02,20.270147043876296,1,13.362017958327115,13.73012422120648,0.36810626287936543,26.71171081235856,7.6007459255641265,-19.110964886794434,25.35631033867375,31.02226457324089,5.665954234567138,24.35706778309161,24.430537840011766,0.07347005692015784,20.5589069611124,29.39238007913137,8.833473118018972,11.274868409694335,15.444829624103164,4.169961214408829
2012-11-09,20.654542384345785,1,15.056814496461598,11.866985813514631,-3.189828682946967,26.327057790334635,7.539748519341757,-18.78730927099288,28.876589152620994,33.72478394876279,4.848194796141797,22.83811562800767,25.554323019326333,2.7162073913186617,20.304727661639845,30.420337576395283,10.115609914755439,10.523949577009972,14.821075428733906,4.2971258517239335
2012-11-16,20.114934410550955,1,14.629634361811554,9.554695718812411,-5.074938642999143,30.94883267450605,7.827790794429646,-23.121041880076405,26.25338473495836,33.6507671179572,7.397382382998842,20.057499111513664,24.726223972574346,4.6687248610606815,19.51697638897683,28.578937895222964,9.061961506246135,9.283279191539279,16.351190964309154,7.067911772769875
2012-11-23,22.162324289903307,1,15.85925704919768,11.106438622115363,-4.7528184270823175,43.602351498635564,12.351296191962525,-31.251055306673038,30.270836406330005,30.25473812711408,-0.01609827921592455,19.41508477702638,26.09461026393538,6.679525486909,15.241371055811825,32.1377304899094,16.896359434097576,8.585044952418372,21.029132044383104,12.444087091964732
2012-11-30,23.400292308812187,1,17.127840149277446,9.781469254718104,-7.3463708945593424,45.24408584455989,12.023408042399836,-33.220677802160054,31.745349354137304,32.49464549374983,0.7492961396125253,22.130997236570977,28.208858944345096,6.077861707774119,15.790935684710021,33.78012291482506,17.989187230115036,8.36254558361749,24.11324920283522,15.750703619217731
2012-12-07,22.979462771679817,1,16.076048411188154,9.41017209576681,-6.665876315421343,41.174506820316175,12.883565211572524,-28.29094160874365,33.266569877566084,33.942215571673515,0.6756456941074305,22.698980401233413,28.381963388306858,5.682982987073444,15.828962430679098,30.635123324008575,14.806160893329476,8.83170868909599,22.623737038750647,13.792028349654657
2012-12-14,21.826393531504575,1,14.324436533598472,8.04495857989464,-6.279477953703832,37.33410937064804,14.190006036380481,-23.144103334267555,33.5527739200824,28.8303795640186,-4.722394356063802,22.25881380235542,28.662231086773772,6.403417284418353,14.580818327693734,30.34238540971495,15.761567082021216,8.907409234649379,20.88840051224497,11.980991277595592
2012-12-21,21.494146791999786,1,15.111472855239015,7.664919680908653,-7.4465531743303615,35.90431689406273,14.955492068124656,-20.948824825938075,33.601370538499495,28.81553722738235,-4.785833311117145,22.51335552536922,28.215520775275067,5.702165249905846,14.146734894741272,28.918358083198513,14.77162318845724,7.687630044086987,20.395052917109467,12.70742287302248
2012-12-28,23.251571974830785,1,16.458631935661188,7.384081320646743,-9.074550615014445,36.19133578468115,22.156564265698528,-14.034771518982623,36.53014428899459,29.506505885518564,-7.023638403476028,22.334809341595218,27.04515562416603,4.710346282570811,21.117798410496917,31.840027041159587,10.72222863066267,6.876712087555632,21.57709771179526,14.70038562423963
2013-01-04,22.887744233435438,1,14.860799736262507,7.590233187219539,-7.270566549042968,34.140932524469676,21.03822404696224,-13.102708477507434,39.23654318973463,28.492544347744726,-10.743998841989907,22.363711275261977,26.755259859630783,4.391548584368806,22.219135646389716,33.578496982289536,11.35936133589982,4.50534302849411,19.871706976765807,15.366363948271697
2013-01-11,24.255449145511335,1,14.133104468615173,4.939692060218064,-9.193412408397108,36.73863781637872,18.07646834492072,-18.662169471458,41.16978509711114,32.52881421040272,-8.640970886708416,26.46880534174926,29.401627908549187,2.9328225667999277,22.20371463148011,38.88559786005749,16.681883228577377,4.818647517733623,21.700494488919816,16.881846971186192
2013-01-18,24.34833849393387,1,13.976238618947605,6.033216266351289,-7.943022352596316,37.06291278553584,19.89838343272747,-17.164529352808373,40.75376795630424,31.815273610086287,-8.93849434621795,27.068568377474136,32.13597585818937,5.067407480715232,21.000681973511078,32.62314405524194,11.622462081730859,6.227861251830319,23.58403774100688,17.356176489176562
2013-01-25,24.417565320201728,1,13.629324870927988,6.354894799184379,-7.274430071743609,34.51058169040705,22.96511239537928,-11.545469295027772,41.85097102980063,29.499133793860153,-12.35183723594048,27.592211013326718,30.945383386179742,3.353172372853024,22.403285803305295,35.36521670484285,12.961930901537556,6.5190175134426624,21.375650841763957,14.856633328321294
2013-02-01,25.350231030304077,1,14.533890727704986,5.8304677153983135,-8.703423012306672,35.93402142837215,23.1659253167697,-12.768096111602446,43.29262053599783,32.18111721746716,-11.111503318530666,28.695696082818998,33.689204965814895,4.993508882995897,23.53718111432329,34.4741510691386,10.93696995481531,6.107976292607205,22.760519897235753,16.652543604628548
2013-02-08,24.466505596532627,1,12.643235670592645,6.186723090029105,-6.45651258056354,38.82918440839077,30.372268482647996,-8.456915925742777,42.60677059315064,27.164493676142527,-15.442276917008115,26.46291136821162,28.545304775547365,2.0823934073357435,20.964273698360927,33.4764025217589,12.512128823397973,5.29265784048917,21.0538410330699,15.76118319258073
2013-02-22,23.553558656127958,1,13.098736736177187,7.355115549334499,-5.743621186842688,40.31448388468015,25.627299171214055,-14.687184713466095,33.676298300406145,32.852844976771905,-0.8234533236342401,21.485240007332976,25.336574350927762,3.851334343594786,19.027575011575593,24.46295397081225,5.435378959236658,13.719017996595696,25.686563917707332,11.967545921111636
2013-03-01,24.429319823202515,1,12.760017833338779,6.947981240732318,-5.812036592606461,39.42640944656986,28.503974696765653,-10.92243474980421,38.0890013691391,41.34783543557042,3.2588340664313193,21.801725005503073,25.139353197238748,3.337628191735675,21.367488702923225,19.171430383490247,-2.1960583194329786,13.131276581741048,25.46534398541769,12.334067403676642
2013-03-08,22.702599842523327,1,13.151500171815542,7.450063437202715,-5.701436734612827,38.42292066617724,28.17151379189834,-10.2514068742789,35.387752285536635,35.83285295647309,0.4451006709364549,18.897367523724654,26.557937313758757,7.660569790034103,18.387307749185695,12.631713154678863,-5.755594594506832,11.968750658700188,25.57151840112816,13.602767742427972
2013-03-15,21.156334938927216,1,13.632328231087158,8.35142147784579,-5.280906753241368,34.94734206784406,25.12324182618815,-9.824100241655913,32.514225964809285,31.483961908609203,-1.0302640562000818,15.91458932787532,22.635117687190828,6.720528359315509,16.90958332288791,13.612844387065238,-3.296738935822674,13.019940719059562,25.731422346664118,12.711481627604556
2013-03-22,23.66593292963826,1,18.082002253509813,12.711790440141044,-5.370211813368769,31.846127121105496,33.461557967031396,1.6154308459259,35.43314108046428,35.229380048023756,-0.20376103244052501,9.281075059185412,23.04605784391302,13.764982784727607,28.606014381216255,13.514368532872737,-15.091645848343518,18.7472376823483,24.032442745847618,5.285205063499319
2013-03-29,23.428060930081074,1,21.219191347506225,14.486277950400108,-6.732913397106117,34.54990259503056,16.38581398333092,-18.16408861169964,29.284145091674546,30.891867416392785,1.6077223247182388,11.963178293260668,26.09077877286856,14.127600479607892,19.833946811308763,23.33181901518681,3.497872203878046,23.71800144170568,29.381808442307275,5.663807000601594
2013-04-05,22.26807955195075,1,21.0768575297069,13.642421108541043,-7.434436421165856,32.41046749729631,20.270440645912018,-12.140026851384292,27.983398874756688,28.936613800121904,0.9532149253652165,14.232069342970377,22.684223776234944,8.452154433264568,16.784023902779523,20.517103348857077,3.7330794460775536,21.121660164194694,27.557674632037504,6.43601446784281
2013-04-12,22.403112658579815,1,20.3772414599853,13.472272069137745,-6.904969390847555,31.976446448493462,22.545200969841858,-9.431245478651604,25.010075561334745,28.729673769527167,3.719598208192423,15.778284177777493,20.43078371265544,4.652499534877947,17.654960023694684,20.117754659088746,2.4627946353940615,23.621668280193205,29.12299077122789,5.501322491034685
2013-04-19,24.49838784255499,1,22.004813248873845,11.60019987433732,-10.404613374536524,37.09645870225944,23.137312930888328,-13.959145771371112,25.22262105830262,28.398063266221016,3.175442207918394,18.580415332814468,31.703349878494578,13.12293454568011,17.926648391230998,22.61132965887161,4.684681267640613,26.159370321848584,29.540071446517118,3.3807011246685335
2013-04-26,23.54220037668388,1,22.87228936708928,14.315112871642668,-8.557176495446612,38.37705994854379,20.684595017834738,-17.69246493070905,22.158697633131226,25.145753463508186,2.98705583037696,20.805607611778655,30.837616027701927,10.032008415923272,14.607250146212905,16.98617711521858,2.3789269690056756,22.432297553347425,33.283947764197194,10.851650210849769
2013-05-03,23.465849195189364,1,21.303012487664574,14.4177684784663,-6.885244009198274,35.72040217338565,22.548326427566707,-13.172075745818944,20.10549897577711,20.40719402516055,0.30169504938344005,24.469229543442594,31.691309803153246,7.222080259710651,16.451382551729594,20.774966880879518,4.323584329149924,22.74556943913666,30.955529555909862,8.209960116773203
2013-05-10,23.148182583472106,1,19.6827239599654,12.314485717926416,-7.368238242038984,36.866439720610636,27.5758928541589,-9.290546866451734,21.64424410556836,16.649286200010437,-4.994957905557925,22.65544449162026,28.620736854433645,5.965292362813386,15.935800629691855,19.689565691026914,3.7537650613350593,22.104442593376135,34.03912818327636,11.934685589900226
2013-05-17,22.500320862675494,1,17.9506460532684,11.961997210238295,-5.988648843030106,35.155311052275394,14.736484772653895,-20.4188262796215,16.42627269375855,20.02442534389907,3.59815265014052,26.124588715362947,24.472477034205582,-1.6521116811573648,19.50625705896927,24.33511883848172,4.828861779512451,19.83884960241842,39.47142197657446,19.63257237415604
2013-05-24,22.177099936898117,1,18.335022156858358,14.40032155322622,-3.9347006036321375,28.305450631585273,12.842681988661525,-15.462768642923749,16.78074173291742,21.119651036834924,4.338909303917504,26.469011124151436,27.671437403755874,1.2024262796044383,22.242183415768082,26.407159402484893,4.1649759867168115,20.930190560108116,30.621348236425263,9.691157676317147
2013-05-31,22.172428600697078,1,17.64033864650449,14.885295036037249,-2.75504361046724,24.303699094898874,10.977782786510602,-13.325916308388273,20.37640416824634,25.116827193965875,4.7404230257195366,27.68192115032315,21.45781963653816,-6.224101513784987,24.29123125192548,29.48563216855564,5.194400916630158,18.740977292284143,31.111214782574947,12.370237490290805
2013-06-07,21.593033962073026,1,17.90816794463744,13.831950705418876,-4.076217239218565,21.19503154238818,9.979644176747044,-11.215387365641135,24.329862484519253,24.838276879156894,0.50841439463764,23.44292150818343,21.287037001801806,-2.155884506381625,25.094867650966393,31.338257335651818,6.243389684685425,17.587352641743465,28.283037673661738,10.695685031918273
2013-06-14,24.071161251237417,1,17.676386309280545,12.812977597357147,-4.863408711923398,20.752294678722677,10.374873245383029,-10.377421433339649,31.338763607804168,29.99980836409918,-1.3389552437049872,27.170940756918924,22.428734041624253,-4.742206715294671,29.87434158186437,40.23063593291903,10.356294351054657,17.614240572833822,28.579938326041855,10.965697753208033
2013-06-21,23.20484059821165,1,21.290255980477724,8.833999473170039,-12.456256507307685,18.562394856815246,12.289631010365568,-6.272763846449678,29.060955937250597,25.39474612753054,-3.6662098097200584,22.211766161475353,24.600445116059717,2.388678954584364,30.184707385819593,37.12002941174356,6.935322025923966,17.918963267431394,30.990192450400457,13.071229182969063
2013-06-28,24.00467209610004,1,21.481122559369794,9.786731036480603,-11.694391522889191,18.3550355354611,11.765972042230175,-6.589063493230924,32.162271633411905,26.231877029732644,-5.930394603679261,22.426826857519686,24.869783785517455,2.44295692799777,31.642025466037538,39.508012544610835,7.865987078573298,17.96075052480022,31.865656138028527,13.904905613228308
2013-07-05,24.446586618569143,1,21.26799459537507,8.281768642395647,-12.986225952979424,17.83335905498251,13.973807154922937,-3.8595519000595715,31.636783648509592,25.70530024974211,-5.931483398767483,24.592775029312975,24.786682813176952,0.19390778386397756,31.93749594337754,38.62070653975498,6.683210596377435,19.41111143985718,35.31125431142229,15.900142871565109
2013-07-12,24.659678153851303,1,22.85167656635302,8.685305859034628,-14.166370707318393,17.300938501445287,12.995930257233454,-4.305008244211834,31.957593089652605,26.54685944107682,-5.4107336485757855,24.308683223370267,25.39754569696811,1.0888624735978425,32.5357868545852,39.743642716894925,7.207855862309728,19.003390687701412,34.588784951899854,15.585394264198442
2013-07-19,26.45555046530062,1,33.57791597348913,11.158626507751237,-22.41928946573789,17.482999719825315,15.49458585808837,-1.9884138617369445,30.75974563995385,29.070032999688607,-1.6897126402652418,24.142470415374675,27.86104460661828,3.7185741912436043,32.77954315784277,40.3607653327726,7.5812221749298345,19.990627885318005,34.788247486884686,14.79761960156668
2013-07-26,26.179965614030603,1,33.7070289717707,12.484510498100974,-21.222518473669723,17.605371570482035,15.78268230469871,-1.8226892657833247,30.536632345570354,27.893122703626844,-2.64350964194351,24.737358457871423,27.88768281152001,3.1503243536485854,31.04740137387735,37.87572149592879,6.828320122051437,19.446000964611756,35.156073870308305,15.71007290569655
2013-08-02,23.614671661227558,1,30.50576828499996,7.229716817816865,-23.276051467183095,17.843428021082147,19.0020935640177,1.1586655429355517,28.35902110483309,24.45162089658139,-3.907400208251701,25.194445930859118,23.77540185905106,-1.4190440718080595,28.36939183675962,32.065007275307906,3.6956154385482876,11.415974788831392,35.16418955459045,23.74821476575906
2013-08-16,23.50860340512462,1,30.28877799278412,11.208840502670967,-19.079937490113153,12.415144127456344,21.697980367004973,9.28283623954863,30.57458910339254,22.25706644477232,-8.31752265862022,22.956252432284074,23.063211471845676,0.1069590395616018,31.981470803974446,32.49968533356005,0.518214529585606,12.835385970856194,30.324836310893758,17.489450340037564
2013-08-23,26.52435161337424,1,30.608866509239448,15.785356190650504,-14.823510318588944,16.926990194786413,21.43408955046253,4.507099355676118,32.79829079834026,24.191716717756776,-8.606574080583485,28.20908567649711,22.994388402827937,-5.214697273669174,34.69147531334022,41.467184125764504,6.775708812424284,15.911401188041992,33.27337469278319,17.3619735047412
2013-08-30,24.74602856425443,1,25.668171995177175,13.353987252823345,-12.31418474235383,18.351733517763435,21.53336468078369,3.1816311630202563,34.4652568405438,20.647761482777767,-13.817495357766035,21.942015226710012,24.800370152303998,2.8583549255939857,33.95620078831185,37.49651545490762,3.5403146665957763,14.092793017020313,30.64417236193013,16.55137934490982
2013-09-06,24.165534970571517,1,21.61309822793457,9.358598316311017,-12.254499911623554,18.640450295042555,22.436598931255872,3.796148636213317,35.23047840300467,23.39592784315076,-11.83455055985391,23.565557939977012,26.274886576935472,2.7093286369584604,32.90826355140716,36.06285242177573,3.1545888703685705,13.035361406063146,27.464345734000275,14.42898432793713
2013-09-13,25.672802395205537,1,23.255548631785743,15.33460644127156,-7.920942190514182,18.938595150783357,25.34935334389189,6.410758193108535,35.97980373930751,24.09153211466851,-11.888271624639003,27.173155748235672,24.65563605600242,-2.5175196922332503,34.30138102571776,37.35179115390366,3.050410128185902,14.38833007540319,27.253895261495188,12.865565186091999
2013-09-20,26.871267148257303,1,26.450794482816733,21.63509930605281,-4.815695176763924,24.92693581134138,21.428937258130446,-3.497998553210934,36.13075727642687,25.3681253484477,-10.762631927979172,26.734176642318744,28.765726447573684,2.03154980525494,35.07975877981285,39.56257800746701,4.482819227654161,11.905179896827264,24.46713652187219,12.561956625044928
2013-09-27,28.68269205668342,1,31.01262217045877,26.732078025188912,-4.280544145269857,29.096587969347524,22.864874055664046,-6.231713913683478,36.51643261657987,27.052883179735836,-9.463549436844033,28.896453316745877,32.5290123787544,3.632559062008525,35.852795702063446,39.24852629494559,3.3957305928821455,10.721260564905023,23.66877840581175,12.947517840906727
2013-10-04,30.468917044216397,1,33.87742059110796,23.0762353440264,-10.801185247081563,30.079305315002784,36.133989188129945,6.054683873127161,40.66684407432227,35.63689613414934,-5.0299479401729315,30.14094839439055,29.720098426851365,-0.42084996753918347,36.919627647817066,37.41904848157523,0.4994208337581654,11.12935624265775,20.827234690566115,9.697878447908366
2013-10-11,29.79485741084908,1,32.44116083699315,24.022763908139453,-8.418396928853696,32.61729473638414,35.19796307285915,2.5806683364750143,39.427705714064054,36.56091798878111,-2.866787725282947,28.01726286538502,26.980119362148244,-1.037143503236777,35.45613343047772,36.43131009244148,0.9751766619637579,10.809586881790395,19.576070040725057,8.766483158934662
2013-10-18,29.62265747637312,1,32.14939023020334,23.652336160307115,-8.497054069896222,33.01692142043632,34.51868715018675,1.5017657297504314,38.90081764317796,35.13957310814355,-3.7612445350344075,27.579805201279,27.17326275940127,-0.4065424418777326,35.33669700161373,36.2381204395041,0.9014234378903723,10.752313361528351,21.013965240695924,10.261651879167573
2013-10-25,31.051770596835127,1,36.07474719206715,21.561875594273857,-14.512871597793293,35.38930372054037,35.96185814907304,0.5725544285326691,41.633468333863426,34.91115107526927,-6.72231725859416,26.956430578075313,26.396537140675903,-0.5598934373994098,36.13043232625957,36.21663829520303,0.08620596894346022,10.126241430204942,31.26256332651566,21.13632189631072
2013-11-01,28.86730995156309,1,29.308852812563515,22.90906993800695,-6.399782874556564,28.316342736711846,33.5053224711107,5.188979734398856,39.02974540179088,34.22163112301927,-4.808114278771612,29.96121057401345,24.71019148957039,-5.251019084443058,35.6784381270958,37.775155252553446,2.096717125457644,10.909270057203045,20.082489435117765,9.17321937791472
2013-11-08,29.63402069540523,1,29.217676809869474,22.2786895998522,-6.938987210017274,31.336672632835658,36.733030830751844,5.396358197916186,38.11808614221622,35.28663163344138,-2.83145450877484,29.386307543620646,24.968305121208658,-4.418002422411988,35.69406826588197,37.48897918112314,1.794910915241175,14.051312778007386,21.048487806054098,6.997175028046712
2013-11-15,29.282891999562953,1,28.941901751167336,22.06990905007251,-6.871992701094825,31.096427493115016,35.67493386738914,4.578506374274127,36.96240122440016,33.76555854856171,-3.196842675838454,29.565906501635823,24.16292148958418,-5.402985012051644,35.064590055529294,36.99688062325298,1.9322905677236832,14.066124971530087,23.0271484185172,8.961023446987113
2013-11-22,30.219313003275953,1,30.744379221185497,17.92265327384935,-12.821725947336148,29.133589901244605,33.061806082190344,3.928216180945739,38.552552608610604,39.23187448074355,0.6793218721329453,30.59159851677599,25.372982482258067,-5.218616034517922,36.55483002611777,40.35522633941582,3.8003963132980516,15.738927745721227,25.371335361198632,9.632407615477405
2013-11-29,31.13362638495073,1,29.370174238631165,19.25548037931722,-10.114693859313945,33.62462568043274,32.79004718627088,-0.8345784941618604,39.6671841436125,41.73675941235909,2.06957526874659,32.80735288020635,26.992570965202958,-5.814781915003394,36.6596066582905,42.59091913579799,5.93131247750749,14.67281470853112,23.435981230756212,8.763166522225092
2013-12-06,29.23459660044917,1,26.867603247771754,25.334579444778697,-1.533023802993057,36.73186629859167,37.58245575221248,0.8505894536208132,38.046736802298085,35.560126396207735,-2.4866104060903496,30.481717527790337,23.733443895636015,-6.748273632154323,31.38377995660045,30.083827145449987,-1.2999528111504617,11.895875769642714,23.113146968410064,11.21727119876735
2013-12-13,30.045972162363398,1,27.800728061534045,27.07595622265316,-0.7247718388808835,36.957528402792974,35.96068193867413,-0.9968464641188461,37.66601431935908,34.08622414633747,-3.579790173021607,34.92288015558219,21.19112645677953,-13.731753698802663,30.734722049827795,38.15411220247779,7.419390152649996,12.193959985084291,23.80773200725831,11.613772022174018
2013-12-20,29.272501280780364,1,27.69802194560151,28.86181762425288,1.1637956786513683,37.2322853574194,36.861329476438314,-0.3709558809810858,35.41044106778563,25.980733071776825,-9.429707996008801,27.033880526372954,15.006317872745413,-12.027562653627541,33.99854213198695,42.61758015770381,8.619038025716861,14.26183665551578,26.30722948176502,12.045392826249241
2013-12-27,30.533549084407856,1,26.00645520139406,27.611354426307955,1.6048992249138934,42.97655822019607,46.612212105594736,3.6356538853986677,35.81074529888453,29.467487365888488,-6.343257932996039,28.555174473363607,16.036092310413096,-12.519082162950511,35.41973333286131,43.794582615311924,8.374849282450612,14.43262797974755,19.679565682930914,5.246937703183363
2014-01-03,30.16891369497591,1,26.94408149632443,26.511242481278245,-0.4328390150461843,43.58154878292987,46.91029261452161,3.328743831591737,34.42045571326591,28.179978838790703,-6.240476874475206,28.2193479614958,16.493052069817367,-11.726295891678433,34.0055155890968,45.261563450725305,11.256047861628502,13.842532626742639,17.657352714722222,3.8148200879795837
2014-01-10,29.086905768702838,1,24.17463848991156,27.386796040786592,3.212157550875034,42.66032681060311,45.351415862459945,2.691089051856835,33.387799339787264,28.326066201084117,-5.061733138703147,27.223286772656664,14.93016744165935,-12.293119330997314,33.941905827881556,41.59378655467208,7.651880726790523,13.133477371376898,16.933202511554967,3.7997251401780687
2014-01-17,29.80299773438936,1,30.24196984267816,26.87780291081478,-3.3641669318633802,44.510615451444245,46.945281044779996,2.434665593335751,33.37757490823276,26.424985884176934,-6.9525890240558255,24.543619074880027,11.385955441781803,-13.157663633098224,34.36346895422804,46.72997953006343,12.366510575835392,11.780738174872909,20.453981594719153,8.673243419846244
2014-01-24,30.548678983118112,1,28.845676203120803,23.500456330061994,-5.345219873058809,42.58733639315696,46.03716831152923,3.4498319183722685,34.2223128312789,25.115657860586012,-9.106654970692887,27.82898676704005,15.053442013630303,-12.775544753409747,34.282583746791786,47.31993082781479,13.037347081023,15.525177957320182,26.26541855508634,10.74024059776616
2014-01-31,29.617467378278025,1,29.431809885669097,23.508659994077433,-5.923149891591663,40.36852361766461,42.21921264029653,1.8506890226319257,33.30962242900216,23.109206594118334,-10.200415834883827,26.573929847221024,14.779241123170891,-11.794688724050133,33.0528412941803,44.98869104893434,11.935849754754045,14.968077195930988,29.099792869070626,14.131715673139638
2014-02-07,30.42590898592248,1,26.695928643766607,23.63883421321421,-3.0570944305523966,42.416593795839155,44.95586325988722,2.5392694640480613,35.00297606829125,26.705535156710667,-8.29744091158058,27.983105666657337,17.571329440431086,-10.411776226226252,38.132333186355595,46.58702108820455,8.454687901848956,12.32451655462495,23.09687075708713,10.772354202462182
2014-02-14,31.12539609612607,1,30.37001519061299,17.635587741846365,-12.734427448766624,39.916319543818126,46.057848405955646,6.14152886213752,35.78522300329331,30.404810907273173,-5.380412096020137,26.798025800331246,18.14534979309795,-8.652676007233296,37.02776210677265,53.20232847532579,16.174566368553144,16.855030931928113,21.306451253257535,4.451420321329422
2014-02-21,31.464400137772554,1,27.40268140748323,25.90867735878703,-1.4940040486961976,39.99911998307485,43.26141248415722,3.2622925010823707,35.92426429341636,35.57671122884703,-0.34755306456932544,31.150368059152655,16.928008090700857,-14.222359968451798,34.562902539678944,40.73961488584281,6.1767123461638676,19.747064543829325,26.371976778300436,6.624912234471111
2014-02-28,29.427901789302553,1,24.34315380263699,26.579567275206642,2.2364134725696516,37.498645055155876,40.32724262695616,2.8285975718002874,33.27330778837823,28.013722591493234,-5.2595851968849985,28.26237464764202,15.646711352894329,-12.61566329474769,35.71403061683604,42.16288759948226,6.44885698264622,17.47589882516614,23.83727928978267,6.361380464616531
2014-03-07,29.012083283569762,1,23.81283936058317,30.8037932248306,6.99095386424743,38.21509876312119,40.95080379254368,2.7357050294224905,33.31726631081129,26.916376182767195,-6.400890128044097,29.38298253374127,12.682906139181426,-16.700076394559844,32.92178736474291,42.00110231731965,9.079314952576738,16.42252536841876,20.71751804477603,4.294992676357268
2014-03-14,29.699764019270518,1,24.17978463258933,32.00110126647057,7.8213166338812385,38.15781197140481,42.598508450674004,4.440696479269192,35.15816449574535,31.15574690269146,-4.002417593053892,32.57227825943396,13.990321398093215,-18.581956861340743,32.19418906117971,40.60244524109193,8.408256179912215,15.936355695269953,17.850460856601956,1.914105161332003
2014-03-21,25.176533013928037,1,24.927944705401487,18.80181337087332,-6.126131334528168,36.01728729015699,37.45186450889789,1.4345772187408983,32.88405365057089,25.70335024477113,-7.180703405799761,11.736910214862306,15.713355641856893,3.9764454269945873,28.62334629759397,40.68224124584256,12.058894948248593,16.869655924982567,12.706573071326417,-4.1630828536561495
2014-03-28,24.099817872264737,1,22.46706344012601,19.178085964455576,-3.2889774756704355,35.08470150251813,34.710528738965124,-0.37417276355300544,28.467508331396473,26.941351806954202,-1.5261565244422712,11.800548882398473,15.358087390043465,3.557538507644992,32.791376326806315,35.5679588922071,2.776582565400787,13.987708750343018,12.84289444096298,-1.1448143093800383
2014-04-04,23.197287681377578,1,19.92248921878671,18.241064536810626,-1.6814246819760825,33.60326951630745,32.90280613838473,-0.7004633779227163,28.564600895412255,25.925517689875917,-2.6390832055363376,12.92559415526189,13.708505219886618,0.7829110646247273,30.24790798159941,34.535757473823566,4.287849492224154,13.919864320897759,13.870075029484,-0.04978929141375943
2014-04-11,24.45351779019478,1,23.859404668784478,22.94205222737169,-0.9173524414127883,35.815825712966,37.58985735360642,1.7740316406404162,28.84678638487341,22.22209274974439,-6.62469363512902,12.655526258924155,11.433850536897339,-1.2216757220268164,29.561293069243675,36.616823823196555,7.05553075395288,15.98227064637696,15.91643005035229,-0.06584059602467107
2014-04-18,23.561054944910456,1,22.78625743702898,15.679231241162967,-7.107026195866013,29.904954231526204,40.27682571389647,10.371871482370267,28.5934482835508,28.42533177460554,-0.16811650894526053,15.84566346788641,10.398959114327269,-5.4467043535591415,24.625023175875526,20.753467671823742,-3.871555504051784,19.610983073594824,25.832514153646784,6.22153108005196
2014-04-25,26.01754697781141,1,21.42594169372761,22.18694044739297,0.760998753665362,33.280757848927465,52.81451275998738,19.533754911059916,32.27963684404337,20.80107042891254,-11.478566415130828,12.227340555578508,6.8779449589955135,-5.349395596582994,35.413979600005916,34.48967907952435,-0.924300520481566,21.477625324585603,18.935134192055713,-2.5424911325298893
2014-05-02,25.079464552511762,1,21.274819554051334,21.483734158923994,0.20891460487266045,28.26548336768697,51.61051459834994,23.34503123066297,28.68445113552778,19.74904309928543,-8.93540803624235,12.433935667841098,7.150846538245773,-5.283089129595325,38.043996427605165,32.1235879546622,-5.920408472942967,21.774101162358207,18.359060965603234,-3.4150401967549726
2014-05-09,25.309640859496326,1,22.51588768621606,20.836083898259304,-1.6798037879567573,27.011102390174315,50.406421395908154,23.39531900573384,26.761459288597237,16.9978904822526,-9.763568806344637,12.098579242240064,11.500240090823851,-0.5983391514162122,41.69358739993992,28.96172119062127,-12.731866209318653,21.777229149810353,23.155488099112816,1.378258949302463
2014-05-16,25.30199400905546,1,22.698414239429027,24.296820657854326,1.5984064184252986,26.763895775671728,51.67120966961535,24.907313893943623,28.056318270634435,16.38589701136631,-11.670421259268124,15.40031506100054,9.396998398217434,-6.0033166627831065,35.49517244956702,29.742846863071506,-5.752325586495516,23.39784825802998,20.318191454207877,-3.079656803822104
2014-05-23,24.555949032866497,1,20.919119504166872,18.151208209827217,-2.7679112943396547,26.52888054212181,44.695478995868825,18.166598453747014,23.82592967985636,16.700251108411308,-7.12567857144505,13.331735773991866,11.023192576956703,-2.3085431970351635,34.41501468577951,29.33920044592938,-5.075814239850132,28.31501401128257,27.426362860205515,-0.8886511510770561
2014-05-30,24.93396920751083,1,22.687735669295677,16.90092623991157,-5.786809429384107,26.48438829853511,45.750550379074326,19.266162080539218,24.3175556574746,17.409602087325524,-6.9079535701490755,13.544280290187217,11.95980425190433,-1.5844760382828866,34.51833451010262,29.778953954838855,-4.7393805552637644,28.051520819469758,27.80397833201036,-0.24754248745939833
2014-06-06,24.160959782773585,1,23.133106157515357,16.066012358546217,-7.06709379896914,27.737122849464555,45.25552371850989,17.518400869045337,24.031767463149734,18.354637118347114,-5.67713034480262,9.705246730258224,11.323628996148145,1.6183822658899203,32.7234709870677,30.320535697771476,-2.4029352892962237,27.63504450918593,23.645420807318672,-3.9896237018672593
2014-06-13,24.000175245573104,1,22.986972874528817,15.629847952622214,-7.357124921906603,24.73422116625997,41.845065107495984,17.110843941236013,24.970417355601626,18.30917048085695,-6.661246874744677,10.019958681464232,13.300176325294132,3.2802176438299,32.318539375793904,31.84053184879322,-0.4780075270006847,28.97094201979006,23.076259758376096,-5.894682261413962
2014-06-20,20.828998090154865,1,21.067813602715972,14.772510532517003,-6.295303070198969,19.469183616428566,32.712446442929505,13.243262826500938,21.63067913645942,17.593679433158698,-4.036999703300722,9.979546757424899,13.516121587153506,3.5365748297286075,28.643674348542987,28.258223347042332,-0.38545100150065537,24.183091079357354,18.121007198128154,-6.062083881229199
2014-06-27,21.712260733711783,1,18.719271674980888,12.663544952116297,-6.055726722864591,20.298955227567234,30.436784614070632,10.137829386503398,24.450319926016746,20.771383397732095,-3.678936528284652,12.290046785472839,18.13633482769896,5.846288042226121,27.538547064634884,27.337827043396615,-0.2007200212382685,26.976423723598103,20.927689567256095,-6.048734156342007
2014-07-04,23.59868377689632,1,18.325732483108382,12.977597762018931,-5.348134721089451,22.275260789093636,35.05912963258366,12.783868843490026,29.358909187820615,20.451276994481674,-8.90763219333894,15.766335751168185,23.181297402893534,7.414961651725349,29.018855657177482,28.187206496699574,-0.8316491604779088,26.84700879300962,21.73559437270056,-5.11141442030906
2014-07-11,24.263821782310014,1,26.057156074004098,13.072604328890009,-12.98455174511409,20.455209719900225,45.55579256272124,25.100582842821012,29.91670252947786,19.603032292539254,-10.313670236938606,14.797633337424188,20.051798444410665,5.254165106986477,27.639544993070615,29.565613242556452,1.9260682494858372,26.71668403998308,17.734089822742433,-8.982594217240646
2014-07-18,23.89032848109949,1,23.922193780610968,13.14017485500213,-10.782018925608838,20.50944713391742,43.88540734193374,23.375960208016323,29.978813012557893,19.740214714472813,-10.23859829808508,14.792944414741612,19.878645699212043,5.0857012844704315,27.345270656612314,29.005731293518593,1.6604606369062793,26.793301888156748,17.691796982457603,-9.101504905699144
2014-07-25,24.269209129959435,1,21.45229513243953,15.437857077099196,-6.014438055340335,19.99349689922758,38.94550505218436,18.95200815295678,29.819782763549483,18.12155046539874,-11.698232298150742,16.82895827743286,22.750888708036612,5.9219304306037515,27.910841327223352,30.686354047881522,2.7755127206581705,29.609880379883805,19.673099429156196,-9.93678095072761
2014-08-08,23.698647538955125,1,20.718497753885927,12.192638381102839,-8.525859372783088,20.049504350413855,41.68094415560503,21.631439805191178,28.87732207683942,18.467074163116663,-10.410247913722756,15.040244797403659,21.41812469749877,6.37787990009511,28.840917245575596,28.919810037834495,0.07889279225889823,28.665399009612287,19.51329379857293,-9.152105211039355
2014-08-15,26.03194189779876,1,20.32014219857969,13.193848421363555,-7.126293777216134,22.883919713963365,46.168173230746035,23.28425351678267,31.26827163423168,17.100991620079483,-14.167280014152198,16.104919101913296,25.586113942558498,9.481194840645202,27.756271417870124,28.66827910463563,0.9120076867655058,37.85812732023439,25.474245067409328,-12.38388225282506
2014-08-22,26.661258866975192,1,23.054302984547846,14.605227951517321,-8.449075033030525,21.793956753863483,46.16985887476865,24.375902120905167,35.06729787910514,18.940866144652134,-16.126431734453007,16.381816290908787,26.345701138601115,9.963884847692327,26.619877634050226,30.228866809702552,3.608989175652326,37.05030165937566,23.67703228260939,-13.373269376766274
2014-08-29,26.56768479679575,1,23.939699435115315,16.587149486702188,-7.352549948413127,22.567243133033188,45.16306409110885,22.595820958075663,33.31021044266453,16.849668666804448,-16.46054177586008,16.427080005717457,27.54022101126303,11.113141005545572,24.405299041780154,26.938920814797427,2.5336217730172734,38.75657672246386,26.327084710098504,-12.429492012365358
2014-09-05,25.456660060438974,1,25.689593640970344,15.049701885192917,-10.639891755777427,20.967854499110743,43.8095646821202,22.841710183009454,31.81181569880944,18.052928286356902,-13.758887412452538,14.683195978178972,21.54314861214499,6.859952633966017,24.213956851964085,32.50068471834582,8.286727866381739,35.373543693600254,21.78393217847305,-13.589611515127203
2014-09-12,24.656631321761306,1,23.643614798778216,14.736535203211247,-8.90707959556697,21.714798300833834,41.81573045999099,20.100932159157153,30.99643356811586,20.157994480784453,-10.838439087331409,13.80861763138418,21.329174047462615,7.520556416078435,24.640529138035532,31.7341190334091,7.093589895373569,33.13579449342021,18.166234705709414,-14.969559787710793
2014-09-19,24.462942714496947,1,25.053949314500088,15.435258474244549,-9.618690840255539,23.67956391476973,40.02233335029362,16.34276943552389,31.063864536823075,22.726685377341823,-8.337179159481252,12.97168104021344,19.702248929111633,6.730567888898193,23.11206118145138,32.72296138149743,9.610900200046046,30.896536299223968,16.168168774492656,-14.728367524731311
2014-09-26,24.59906580620243,1,23.743826089850714,14.918571842574167,-8.825254247276547,23.99610613250084,46.650605255480514,22.654499122979672,27.859956166385047,21.53165676451303,-6.328299401872016,15.07756327281713,18.466673843354386,3.3891105705372553,28.01142263480361,29.61868415987456,1.6072615250709532,28.90552054085721,16.408202971417893,-12.497317569439318
2014-10-03,24.890708409996574,1,30.075159022807256,15.948095537230742,-14.127063485576514,23.59156996166685,53.994408270070565,30.402838308403716,25.014269147311808,15.166565877950859,-9.847703269360949,13.748832337319897,13.364104588310482,-0.3847277490094143,30.199430103056955,41.50767917237117,11.308249069314215,26.71498988781667,9.363397014045589,-17.351592873771082
2014-10-10,22.46521490637978,1,28.690426473446223,12.812908098941392,-15.877518374504831,21.927976235112553,40.649106882970685,18.721130647858132,20.313971893633024,17.921772821686034,-2.3921990719469903,13.409581549143212,12.962757378913011,-0.44682417023020093,28.429281642824336,41.01412934750671,12.584847704682375,22.020051644119334,9.43061490826085,-12.589436735858484
2014-10-17,22.414550141308144,1,34.49270448660633,15.398703252678914,-19.094001233927415,20.707175582524798,41.42749707271888,20.72032149019408,22.20777723932943,16.9802391197194,-5.227538119610031,10.53471695058684,12.010629058690142,1.4759121081033015,30.674988030870253,41.172588888931585,10.497600858061332,15.869938557931235,7.497643455109994,-8.37229510282124
2014-10-24,22.603994543079992,1,35.14436121870021,16.37152541453652,-18.77283580416369,21.69134035039552,43.342513755295485,21.651173404899964,22.67894282808267,14.863793786707973,-7.815149041374696,8.628433913475263,10.9414951697958,2.3130612563205375,29.605845458121564,42.34412348823422,12.738278030112653,17.875043489704723,7.760515643909997,-10.114527845794726
2014-10-31,22.084737257073428,1,32.50070096368377,17.153719194863,-15.346981768820768,20.426864494489408,41.52233657633495,21.095472081845543,24.724492040924176,16.022887631370665,-8.70160440955351,10.253171533186674,14.84810500521219,4.594933472025517,29.000906888220854,37.04137552443402,8.040468636213163,15.602287621935687,5.919999610225716,-9.682288011709971
2014-11-07,22.6438166893936,1,31.53397557645691,17.432179900626167,-14.101795675830743,24.329939303607702,33.45845523653891,9.128515932931208,22.655055516947442,23.960085173506997,1.3050296565595545,12.98798225791488,11.875440914071248,-1.1125413438436311,27.065988577296366,41.88931992264479,14.823331345348421,17.289958904138302,7.247418988973465,-10.042539915164838
2014-11-14,25.103268967950214,1,33.21450157473845,14.581335214803403,-18.633166359935046,27.785903617887584,33.33596508806379,5.550061470176203,23.83658293652738,30.596706132361035,6.760123195833657,14.785339674705625,11.871077278919017,-2.914262395786608,29.53031184880328,49.95882759577914,20.42851574697586,21.466974155038983,10.275702497774915,-11.191271657264068
2014-11-21,24.471943888833795,1,32.77962278382175,14.41180819049437,-18.36781459332738,26.83024976186836,34.095505497721476,7.265255735853117,24.220023338380727,27.695126091751717,3.47510275337099,14.832401608833422,11.88322643265738,-2.949175176176041,28.60795886905946,48.4922281952105,19.884269326151042,19.561406971039062,10.253768925167364,-9.307638045871698
2014-11-28,24.232096981254557,1,34.856466156899145,14.228748639567755,-20.62771751733139,23.594821448531647,33.97959275683199,10.384771308300344,22.314218179213256,31.78970106149987,9.475482882286613,16.321109340304204,12.148866888534343,-4.172242451769861,30.132714019198517,44.100186904546476,13.96747288534796,18.173252743380573,9.145485636546923,-9.02776710683365
2014-12-05,23.81426649630228,1,35.83156762574491,16.32757036858368,-19.50399725716123,23.696594745844493,35.52257633997593,11.825981594131434,20.229803164230162,26.972362019892742,6.74255885566258,16.41747061166336,10.354134962487024,-6.063335649176338,30.480151409064646,45.02346371296373,14.543312303899086,16.230011421266113,8.68549157391061,-7.544519847355502
2014-12-12,21.29778287573966,1,31.94535625846332,15.830761278888545,-16.114594979574775,24.66124865295319,28.97897111221144,4.317722459258249,11.990901964217997,29.65231446315154,17.661412498933544,18.59428741044256,10.403134582786933,-8.191152827655628,25.238600059283925,29.265032162730762,4.026432103446837,15.356302909076973,13.656483654668747,-1.6998192544082258
2014-12-19,20.628013743832,1,34.99956285747314,18.251376319504757,-16.74818653796838,21.753595838300015,27.378093670267646,5.624497831967631,7.417169108557502,22.218252612778585,14.801083504221083,18.19419312550218,16.000998035771275,-2.1931950897309065,23.390762374258628,28.07507243079543,4.684310056536802,18.012799158900535,11.844289393874334,-6.168509765026201
2014-12-26,20.564000680154177,1,34.413020974062746,20.56332969082264,-13.849691283240105,19.305456112384036,28.94663219756123,9.641176085177193,6.904075240638733,17.41252221260679,10.508446971968056,19.976991417674014,16.06835576559145,-3.908635652082566,26.575353197505052,25.508675627283807,-1.0666775702212448,16.20910713866047,14.884488587059153,-1.3246185516013185
2015-01-02,21.694789549497674,1,36.226451909557916,21.280688357315874,-14.945763552242042,22.324085036837317,26.22856140050594,3.9044763636686213,7.2475021855074715,18.11907659309061,10.87157440758314,21.046687153372304,19.808506789521758,-1.238180363850546,28.044464941461115,28.148033249112984,0.10356830765186942,15.279546070249935,16.583870907438936,1.3043248371890002
2015-01-09,20.7889995447655,1,35.64795792728523,19.289877579345088,-16.358080347940145,23.03210481483009,24.0882595429902,1.0561547281601094,7.06543539171669,17.070029652427237,10.004594260710547,18.34549260264599,20.687643497152578,2.342150894506588,27.293560902406668,27.532059536234627,0.23849863382795888,13.349445629708327,16.066127460443226,2.716681830734899
2015-01-16,20.752928276776434,1,35.02418818091138,20.06609951900748,-14.9580886619039,21.269490153740847,25.33191801685527,4.062427863114422,7.169281404765087,17.736964887868595,10.567683483103508,19.73221673529632,21.053466583263216,1.3212498479668966,27.638899281644214,25.83925849194378,-1.7996407897004332,13.68349390430076,14.489862161720225,0.8063682574194644
2015-01-23,19.257285312664596,1,24.279814051999224,20.22846810364517,-4.051345948354054,20.684320280927935,16.822162714417104,-3.862157566510831,5.432939223142824,14.78599778956601,9.353058566423186,21.589874123897303,29.724747392478392,8.134873268581089,27.84237073284426,19.724686195295547,-8.117684537548712,15.714393463176037,14.257649680585331,-1.4567437825907064
2015-01-30,17.144369315578565,1,13.464394881252986,13.52433884422139,0.05994396296840421,22.560643286744636,12.768402914611528,-9.792240372133108,5.413240455340315,16.14039365984705,10.727153204506735,21.663083479756907,32.57709062212233,10.91400714236542,25.75419787502247,14.40095245089745,-11.35324542412502,14.010655915354079,13.45503740177162,-0.5556185135824592
2015-02-06,17.68958437897757,1,13.112805824574053,12.50067552854783,-0.6121302960262227,21.657965114474976,11.523730834287534,-10.134234280187442,7.194872747703215,17.591292757097847,10.396420009394632,22.36765982472278,35.78356519359055,13.415905368867769,25.119873585841006,14.27897224720347,-10.840901338637536,16.684329176549397,14.459269713138227,-2.2250594634111707
2015-02-13,17.317627058179955,1,14.918464970045719,13.202064050643656,-1.7164009194020622,19.067666298823966,7.455375445849995,-11.61229085297397,8.67157100562045,20.57338183344973,11.90181082782928,17.765408121420748,33.56057356354593,15.795165442125182,27.638560427027187,14.235606413884867,-13.40295401314232,15.844091526141668,14.878761041705573,-0.9653304844360946
2015-02-27,18.350807878933807,1,14.961451492770223,13.523716369796446,-1.437735122973777,20.66599957306417,9.210889709564555,-11.455109863499615,11.086009177715738,19.737581079691537,8.6515719019758,18.32515128947037,37.50664168535219,19.181490395881823,29.481416908676692,13.916208574477338,-15.565208334199355,15.58481883190565,16.20980985472076,0.6249910228151094
2015-03-06,19.73647241620898,1,16.599692570880634,17.859595023704458,1.2599024528238232,21.39130745472019,8.740528045513031,-12.65077940920716,17.15036191220672,16.838378371148607,-0.31198354105811177,17.067815203355636,37.08262823333547,20.014813029979834,29.60012332358265,18.81982685412072,-10.78029646946193,16.60953403250805,19.07787796943161,2.46834393692356
2015-03-13,19.715359959355947,1,17.92129506376334,16.840761489506477,-1.0805335742568616,19.87939746601424,7.14676181854459,-12.73263564746965,15.006629538361594,19.738922236124367,4.732292697762773,18.10278161156394,39.470701695305166,21.367920083741225,29.92348016813331,17.934976044303852,-11.988504123829458,17.458575908299267,17.160036472351237,-0.29853943594802956
2015-03-20,18.683405640497977,1,18.960727547134525,15.783565305479627,-3.177162241654898,20.909556800082015,7.905848183286423,-13.003708616795592,11.142610228769257,16.607103233680235,5.4644930049109774,17.228176324711,39.67703717833764,22.44886085362664,27.49377151734899,15.776164044263197,-11.717607473085792,16.365591424942068,16.350715897940702,-0.014875527001365185
2015-03-27,16.997680526357716,1,18.066454759881267,11.021279405097104,-7.045175354784163,20.498324880884027,8.6924446031135,-11.805880277770527,12.8039715353856,15.280547338505158,2.476575803119559,15.686122433326545,38.5361376045293,22.850015171202756,22.673471475978957,13.489661899027567,-9.18380957695139,12.257738072689904,14.966012307873626,2.7082742351837226
2015-04-03,17.1250182435513,1,17.4764750504647,12.998558201188857,-4.477916849275843,20.996949627169244,8.195900438830776,-12.801049188338467,13.418221473688845,14.366844781277223,0.9486233075883774,13.551903205674108,37.61948729745279,24.067584091778684,24.45786821251224,14.012780240866093,-10.445087971646146,12.848691891798666,15.55653850169206,2.7078466098933944
2015-04-10,17.08876301960825,1,17.02610389968325,13.511569115475751,-3.5145347842074983,23.17034652035963,10.717975754963504,-12.452370765396125,14.446331849106102,15.000644371799282,0.5543125226931807,12.909277851583326,36.98557803775847,24.076300186175146,23.694584406014343,15.15948875047063,-8.535095655543714,11.285933590902857,11.157322087181882,-0.1286115037209754
2015-04-17,17.475712819978114,1,16.955926287181512,21.011240175132357,4.055313887950845,21.52489273065656,5.801230513606384,-15.723662217050176,17.376616224620747,19.409091250350613,2.032475025729866,12.489165652439851,32.1067045001807,19.617538847740846,25.78924989851373,15.299013710374169,-10.490236188139562,10.71842612645628,11.226996770224488,0.5085706437682092
2015-04-24,18.242536980012343,1,16.32198477077111,18.085351631711276,1.7633668609401667,18.53383333232702,7.474705163973951,-11.05912816835307,17.804778121030964,24.33870722452717,6.533929103496206,14.259758275730434,36.144355734017,21.884597458286564,29.5047490762327,11.516617714449751,-17.988131361782948,13.030118303981823,11.895484411394918,-1.1346338925869048
2015-05-01,18.335596628996317,1,22.155343399291368,24.470274924549614,2.3149315252582454,19.297337340333797,7.3726997620120756,-11.924637578321722,19.474744470156068,15.119166448564712,-4.355578021591356,10.347950063951231,33.815092585453385,23.467142521502154,24.59693689931413,14.199956957214354,-10.396979942099776,14.141267600931315,15.036389096183782,0.895121495252468
2015-05-08,20.94649894173778,1,33.07275093430762,32.19102096899192,-0.8817299653156994,21.008113206251664,11.814192367786546,-9.193920838465118,17.134272861235203,13.127272212694052,-4.007000648541151,8.067193591348271,33.04870462923384,24.981511037885568,25.552061808343197,14.485018213351907,-11.06704359499129,20.84460124894072,21.012785258368382,0.16818400942766232
2015-05-15,20.5838664846784,1,32.86650849688155,31.75760420640181,-1.1089042904797424,20.33985335055776,11.733748969501505,-8.606104381056255,16.018998179242985,12.287024707172478,-3.731973472070507,8.65860072265626,28.469818853495596,19.811218130839336,23.51707867038614,15.44631338681127,-8.070765283574872,22.10215948834569,23.80868878468773,1.7065292963420404
2015-05-22,19.619970260952595,1,29.960911922804883,28.919299599775087,-1.0416123230297956,17.96279445781994,9.977561138191376,-7.985233319628563,16.649489052649486,13.597411325548023,-3.0520777271014623,8.664687373358774,27.459126746828588,18.794439373469814,22.489086219772503,16.298188237039668,-6.190897982732835,21.992852539309993,21.468234518332878,-0.5246180209771154
2015-05-29,20.23509079150882,1,29.495860468869807,28.732870159965756,-0.7629903089040511,16.229018754341894,9.61203584216706,-6.616982912174834,18.618386868633394,15.333007746719687,-3.2853791219137065,10.60896196437777,29.064782358709223,18.455820394331454,24.135855520672294,18.608812955985215,-5.527042564687079,22.322461172157773,20.05903568550596,-2.263425486651812
2015-06-05,20.486471444124913,1,30.324253863087293,32.383134938814464,2.0588810757271716,16.112122663928886,10.65391298554269,-5.458209678386197,21.042419169985394,16.989126641156375,-4.053292528829019,11.44624712621129,25.448700498400967,14.002453372189677,22.17543514462095,16.814652894808077,-5.360782249812871,21.818350696915672,20.62930070602691,-1.189049990888762
2015-06-12,20.415629048871075,1,24.68365963505721,24.779710987837632,0.09605135278042098,18.2218381969129,14.232924121479712,-3.988914075433186,23.19358761491992,19.578213637075905,-3.6153739778440155,12.142982402744423,26.248973485043933,14.10599108229951,17.19618367462057,13.315808366332249,-3.880375308288322,27.05552276897143,24.338143695457006,-2.7173790735144223
2015-06-19,19.827615016866755,1,21.59808750984969,23.939320862923665,2.3412333530739744,19.029641531155548,15.13927556289785,-3.890365968257697,23.929393160529386,22.163720080099054,-1.7656730804303322,16.16013391930001,28.09811060815086,11.937976688850853,17.28545247069539,7.901175766987137,-9.384276703708252,20.962981509670513,21.724087220141968,0.7611057104714547
2015-06-26,19.43035625945662,1,21.47620447274548,24.31367051695564,2.83746604421016,18.330649981982816,14.717962792205114,-3.612687189777702,23.81352065776933,22.568089474328374,-1.2454311834409566,15.935582613081024,26.208650836327763,10.273068223246739,16.68951483783384,7.723912671027179,-8.965602166806661,20.336664993327233,21.049851265895683,0.7131862725684499
2015-07-03,18.81290115613041,1,22.484909029993545,22.823518415813624,0.33860938582007805,16.65903941659441,13.541431359834334,-3.1176080567600764,23.978500094644957,23.096560730696822,-0.8819393639481348,15.872701561771535,25.83743994072411,9.964738378952575,15.87540537046911,6.785009469651115,-9.090395900817995,18.00685146330889,20.793447020062445,2.7865955567535536
2015-07-10,21.61307247354647,1,18.209815823998653,17.817841837377173,-0.39197398662147975,24.59249915734395,17.787338413405806,-6.805160743938146,26.62192249673835,27.770955900964424,1.1490334042260741,18.948054242980618,31.017585301601514,12.069531058620896,22.737468084188038,13.230734231626826,-9.506733852561212,18.568675036029234,22.053979156303086,3.4853041202738524
2015-07-17,22.366375468248922,1,16.837204632222125,18.016580194565364,1.179375562343239,25.24163558723275,20.52862179221607,-4.713013795016678,29.072258431954538,28.809744052176114,-0.2625143797784233,20.034184806798493,33.44770653638409,13.413521729585597,26.205816025964012,12.527045554120193,-13.67877047184382,16.80715332532162,20.868554680031735,4.061401354710114
2015-07-24,21.12754620622211,1,14.652775794968804,18.857101916311763,4.204326121342959,26.699424802026428,21.072440329735628,-5.6269844722908005,20.75254068929101,23.302910156288576,2.550369466997566,23.5996737381291,31.111612995096422,7.511939256967324,25.522014271536577,12.304244185304597,-13.21777008623198,15.538847941380737,20.11696765459564,4.578119713214903
2015-07-31,21.299940876010933,1,14.96903488859573,12.607989700790242,-2.3610451878054874,27.107723983829786,20.809894725576314,-6.297829258253472,24.23092347408756,24.052286728299308,-0.1786367457882534,18.59001191526444,36.95483695034815,18.36482503508371,28.060091591324593,14.631754699131406,-13.428336892193187,14.841859402963479,18.742882451920167,3.901023048956688
2015-08-07,21.72422856936892,1,18.67248333956867,15.680560156366738,-2.9919231832019335,26.822657310580425,19.736317572244715,-7.08633973833571,25.477018791286923,22.035130702658662,-3.441888088628261,20.74159474389019,36.990182142218416,16.248587398328226,25.693104629656005,15.830570584456638,-9.862534045199368,12.938512601231295,20.072610258268384,7.134097657037088
2015-08-14,24.91246506138899,1,23.380752109874777,21.689384340385814,-1.6913677694889628,31.816820521445592,23.494778641707995,-8.322041879737597,27.709764295977706,25.700335671003884,-2.009428624973822,22.62690871767755,36.1669959553865,13.540087237708946,31.79352419071907,21.99617020988417,-9.797353980834899,12.147020532639232,20.42712554996558,8.280105017326349
2015-08-21,26.96021744930394,1,25.074944314163105,21.628287406850006,-3.4466569073130984,33.12570996354606,31.895055188642928,-1.2306547749031296,31.890393979780853,26.59263333799393,-5.2977606417869225,26.795173327613355,34.92893549324573,8.133762165632376,34.66521533374164,22.762040116938138,-11.903175216803504,10.20986777697864,23.95435315215292,13.744485375174278
2015-08-28,23.601629901229614,1,22.960695733207842,21.957108073763806,-1.0035876594440367,29.91264553968621,24.440505644998808,-5.472139894687402,29.888664365333426,25.941999291157913,-3.946665074175513,22.85603610969696,26.279994870629167,3.4239587609322086,27.683074222875376,13.586860817355202,-14.096213405520174,8.308663436577874,29.40331070947282,21.094647272894946
2015-09-04,23.40289428428075,1,23.28591405182719,23.8969177687987,0.6110037169715099,31.14516120380752,23.734912014713103,-7.410249189094415,28.112442118515517,24.87775449245511,-3.2346876260604063,21.04834848886088,24.546806972080816,3.4984584832199346,27.39953436931934,15.59489004661144,-11.804644322707901,9.425965473354054,27.766084411025332,18.340118937671278
2015-09-11,23.183982646415803,1,23.96355180717012,23.80296453601565,-0.16058727115446914,30.179840068372712,24.460842621401113,-5.718997446971599,27.82838907324512,24.84282348849254,-2.985565584752578,21.37876325205177,23.54513654924088,2.1663732971891108,26.54571827555678,16.671994867230225,-9.873723408326555,9.207633402098338,25.780133816114443,16.572500414016105
2015-09-18,28.042377617517143,1,25.525813123248852,25.04237487227246,-0.48343825097639126,36.5294254880976,43.94913932734724,7.4197138392496385,31.76288220359541,18.480470629519104,-13.282411574076306,33.15824416194977,21.146445614164648,-12.01179854778512,29.0075542164727,15.17895167861127,-13.828602537861428,12.27034651173851,44.45688358318813,32.18653707144962
2015-09-25,24.342900261834732,1,28.46709328741086,23.112006536864996,-5.3550867505458655,19.70812436884043,58.132214592094286,38.424090223253856,35.174015600087984,13.486809079128093,-21.68720652095989,32.44228936306254,20.01227354630062,-12.430015816761923,16.729872900380954,11.206716504404554,-5.5231563959764,13.536006051225627,20.107381312215807,6.57137526099018
2015-10-02,25.03040119382139,1,24.366693647959536,30.590841965406966,6.22414831744743,20.828783324977678,55.858830481986175,35.0300471570085,34.70119266713057,15.575756139597203,-19.125436527533367,37.517039480432516,19.75652633886601,-17.760513141566506,20.183565926733706,10.306825942458374,-9.876739984275332,12.585132115694336,18.093626294613586,5.50849417891925
2015-10-09,24.302473301506808,1,28.817914702079662,31.980261391335333,3.1623466892556706,18.601240912940526,47.26877549381791,28.667534580877387,34.62278006927676,13.472114510617217,-21.15066555865954,26.313540834115344,24.172200840654952,-2.1413399934603916,23.799535394708585,10.567954805500023,-13.231580589208562,13.659827895919975,18.35353276711541,4.693704871195436
2015-10-16,25.621573226296665,1,30.848500045571484,34.61502898562179,3.766528940050307,18.058586786080312,48.780867583406405,30.722280797326093,36.993157722987405,16.617412363070912,-20.375745359916493,26.849469459193102,21.798696695521045,-5.050772763672057,25.74614491502858,12.530841283461186,-13.215303631567394,15.233580428919097,19.386592446698685,4.153012017779588
2015-10-23,26.635932122823373,1,31.513751424503255,36.683093184596046,5.169341760092792,18.291801586952488,46.45592357968508,28.16412199273259,37.7719508009765,19.875761393869382,-17.896189407107116,26.569975965931235,21.45274443812673,-5.117231527804506,29.036987509699486,14.778698080897655,-14.258289428801831,16.631125448877256,20.569372059765286,3.9382466108880294
2015-10-30,25.75391157641795,1,31.01693744215845,39.01891410894588,8.001976666787428,18.442941819587347,41.33653641651651,22.893594596929162,34.66881987434061,18.7934934027317,-15.875326471608915,26.78160903197461,21.898310706970122,-4.883298325004489,27.195906078619856,11.627152819123978,-15.568753259495878,16.417255211826827,21.84906200421952,5.431806792392692
2015-11-06,24.70228658651816,1,29.416979280369603,36.1946922980345,6.777713017664894,18.780689909771596,37.62299275602915,18.842302846257553,32.481501061229324,18.173465447766688,-14.308035613462636,25.095253493524197,21.394722377367273,-3.700531116156924,26.35855065090722,13.285781387299238,-13.07276926360798,16.08074512330701,21.542065252612105,5.4613201293050935
2015-11-13,24.67202557432326,1,29.696758987201193,34.78303588075478,5.086276893553588,20.478770483664817,39.1966905860895,18.717920102424685,33.045442924155836,18.417588805737182,-14.627854118418654,24.467459135883587,21.290881609354997,-3.1765775265285896,24.362203679303846,12.917208448721013,-11.444995230582833,15.981518235730277,21.426748115282038,5.445229879551761
2015-11-20,26.422709650930006,1,28.186564168205393,33.80287575073517,5.616311582529775,20.419001470708807,43.81540716117222,23.39640569046341,35.65599783899573,19.145341261723274,-16.510656577272457,26.014662540517975,18.611976401743647,-7.402686138774328,31.393465933124688,15.415672947862348,-15.97779298526234,16.86656595402748,27.74498438234339,10.87841842831591
2015-11-27,27.09240054429182,1,27.38026172365828,37.47176014330432,10.091498419646044,21.3373297476014,44.052184441778394,22.714854694176992,43.652842522683756,27.81692314852627,-15.835919374157484,20.203302380141963,10.705980993691867,-9.497321386450096,33.947783308998936,19.078685619419915,-14.869097689579021,16.0328835826666,23.428868919030165,7.395985336363566
2015-12-04,22.82587499375386,1,25.437851062075126,28.293906167869963,2.8560551057948373,16.770898366894073,40.16356142329823,23.39266305640416,35.14383053531944,22.38722030339011,-12.75661023192933,19.046047845644225,12.378706290195936,-6.667341555448289,29.63393257310942,14.905850657704036,-14.728081915405383,10.922689579480874,18.82600512006489,7.903315540584018
2015-12-11,23.368951237701477,1,25.708689089538183,27.605922267615682,1.8972331780774994,19.880317698016285,40.21255672823425,20.332239030217963,34.88473577939011,25.75209876153336,-9.132637017856752,19.824276528149156,12.441017156652038,-7.383259371497118,29.075338531680316,13.42148210526247,-15.653856426417846,10.84034979943479,20.780630406911058,9.940280607476268
2015-12-18,23.922711862887066,1,26.864235830287683,25.84974302922953,-1.0144928010581538,20.15609811473024,44.95108481013766,24.794986695407417,36.0896335405662,23.146556185334802,-12.943077355231395,20.37174922485532,12.251453873109128,-8.120295351746194,29.46699645748292,17.07157448503797,-12.39542197244495,10.587558009400027,20.265858794473317,9.67830078507329
2015-12-25,24.086564273143484,1,27.614767401205214,26.006228809127023,-1.6085385920781903,22.318361667163188,39.49964514791249,17.1812834807493,34.34103842068113,28.184359148638265,-6.156679272042865,18.628814800750902,11.242221300598658,-7.3865935001522445,30.567421484648634,17.856815281580282,-12.710606203068352,11.048981864411829,21.730115951004166,10.681134086592337
2016-01-01,24.332438049902493,1,27.30124918842091,26.060002348286247,-1.2412468401346644,17.7071839142597,37.63739022499203,19.93020631073233,35.627268519418635,29.45919791961734,-6.168070599801297,26.000962185025557,11.608589170638155,-14.392373014387402,31.138681392078112,19.74073060078281,-11.397950791295301,8.219283100212039,21.4887180350984,13.269434934886362
2016-01-08,24.588424948852253,1,26.632372879649424,24.60097596148489,-2.031396918164532,18.184405683471866,40.34639801990876,22.161992336436896,36.04466799631123,27.623666040969482,-8.421001955341751,27.23289576567214,13.232311280234072,-14.000584485438068,31.065519615924288,21.083837794808844,-9.981681821115444,8.370687752084564,20.64336059570745,12.272672843622885
2016-01-15,23.844262870113425,1,22.48521803375428,22.136959368662033,-0.3482586650922457,21.9856139326087,37.502829491565564,15.517215558956863,34.503088531702105,27.764332572101992,-6.7387559596001125,28.65852136868071,10.043247879456075,-18.615273489224634,27.788033730585354,21.10294911142057,-6.685084619164783,7.6451016233494045,24.515258797474374,16.87015717412497
2016-01-22,22.868860277090622,1,22.252548150223618,23.387915118427898,1.1353669682042806,14.958945800608106,35.438733747176286,20.47978794656818,31.023975843055467,29.705446417576127,-1.3185294254793405,29.186515255929223,11.41548120688907,-17.771034049040153,29.078876328315033,13.294555133496743,-15.78432119481829,10.712300284412294,23.971030038977645,13.258729754565351
2016-01-29,22.650529616418698,1,20.42020145007308,25.053360933089238,4.633159483016158,18.60398237106061,24.983282979484073,6.379300608423463,28.91165269020739,28.465648774919174,-0.44600391528821604,33.082754809046506,14.18146169446382,-18.901293114582685,25.387742956778894,14.998916511263232,-10.388826445515662,9.49684342134573,28.2205068052927,18.72366338394697
2016-02-05,23.531712945224815,1,19.92511413955681,26.58468757361024,6.659573434053428,19.962939120379318,25.763068144159007,5.800129023779689,28.608393631157853,33.130856864461364,4.522463233303512,32.0050988715919,19.18893254740003,-12.816166324191869,25.261735211528517,13.457886250451779,-11.803848961076739,15.426996697134513,23.06484629126649,7.637849594131978
2016-02-19,23.348709243082812,1,17.4207316718785,23.813930441475335,6.393198769596836,18.853395457228416,23.905801291939966,5.05240583471155,30.465068033588636,36.29202630124897,5.826958267660331,30.501017523051843,19.551649853758235,-10.949367669293608,24.638842276039654,11.782112971342926,-12.856729304696728,18.21320049670983,24.746734598731464,6.533534102021633
2016-02-26,24.089314111745306,1,19.88542911762707,23.676860310211993,3.7914311925849233,19.059803605090963,22.34709287817178,3.287289273080816,30.124952216671304,37.76755153377913,7.642599317107823,29.575857333585233,23.437157155687345,-6.1387001778978885,25.21468339868575,11.164345659105592,-14.050337739580158,20.675158998811497,26.14287713351598,5.467718134704484
2016-03-04,24.884326547636103,1,20.241053458806576,24.460886868052725,4.219833409246149,19.549473480986308,20.982201875114924,1.4327283941286169,30.31927297455222,39.4077749074804,9.088501932928182,31.706109559461353,26.073538864985238,-5.632570694476115,27.316635419039045,11.580928883145162,-15.735706535893883,20.173414392971125,26.80062788703816,6.6272134940670355
2016-03-11,24.878402013292177,1,19.60803321242267,24.64516438909429,5.037131176671622,20.22734254496487,20.234763991305428,0.007421446340558191,28.36197177874425,37.4083553830274,9.04638360428315,32.26188362278246,26.900366318873694,-5.361517303908769,27.745700513204838,11.698656299849759,-16.04704421335508,21.065480407634,28.38310569760253,7.317625289968532
2016-03-18,25.1589947027157,1,21.554356866515477,26.661516182886785,5.107159316371309,21.068951838667104,16.983619510059,-4.085332328608104,28.50771032161302,42.66376871376099,14.156058392147969,31.42311684628288,27.578923331440762,-3.844193514842118,28.12177415071605,9.684616734564514,-18.437157416151535,20.27805819249967,27.381523743582136,7.103465551082465
2016-03-25,24.632693659507208,1,21.9018169729284,25.01117618430125,3.1093592113728477,22.606410786853232,16.8376700221812,-5.768740764672032,27.493182732100735,45.67807300273215,18.184890270631414,26.55358216032738,25.85091992722667,-0.7026622331007104,28.245469382316557,12.134440709668937,-16.11102867264762,20.995699922516934,22.283882110933064,1.2881821884161297
2016-04-01,23.76308699082651,1,21.148378900824426,24.11333729357264,2.9649583927482155,22.397277403790227,16.677062756370063,-5.720214647420164,25.55330844255066,43.2987060100709,17.745397567520243,26.516358212986333,26.273269755865172,-0.24308845712116067,25.35614943554984,12.104701230584624,-13.251448204965214,21.60704954925758,20.11144489849572,-1.4956046507618623
2016-04-08,28.574457589747894,1,29.822878628601956,38.46732146507877,8.644442836476813,24.3851519499338,22.77329345684926,-1.61185849308454,34.851861041623536,56.38179686145111,21.52993581982757,29.044154205084254,29.197689157549135,0.1535349524648808,30.18573782261977,10.360763916671985,-19.824973905947786,23.156961890624046,14.265880680887108,-8.891081209736939
2016-04-15,26.577840616993484,1,29.313752472050155,33.483191627595204,4.169439155545049,22.466551078291815,23.20584330561455,0.7392922273227356,34.775547406703396,47.20050253735765,12.424955130654254,30.108887017796903,28.172521925081412,-1.9363650927154907,22.82663805225694,11.989691549861732,-10.836946502395207,19.975667674861697,15.41529275645037,-4.560374918411327
2016-04-22,27.523862276209837,1,31.196923375847604,35.77973859210633,4.582815216258723,22.53209738428184,21.312671132651417,-1.2194262516304235,35.206132890431334,48.005909889566055,12.799776999134721,31.56172669008906,32.61105227836201,1.04932558827295,22.639303812649885,13.056042693172657,-9.583261119477228,22.006989503959275,14.37775907140049,-7.629230432558785
2016-04-29,28.024097351203537,1,29.948526467282434,37.261210978234075,7.312684510951641,21.08850286848859,20.436660695670852,-0.6518421728177373,36.8475700893771,50.93644826273399,14.088878173356889,32.42684275634343,32.387516637394086,-0.03932611894934723,25.45312361195046,14.299294418999537,-11.153829192950923,22.380018313779203,12.823453114188709,-9.556565199590494
2016-05-06,29.041659761006983,1,25.29847594382069,35.45058524687407,10.152109303053379,27.364128243358778,18.00760739818024,-9.356520845178537,35.5877372379729,52.17818333413733,16.590446096164428,31.354280530804175,43.784892096967695,12.43061156616352,30.477417188716373,10.829135478367377,-19.648281710348996,24.167919421368964,13.99955501151517,-10.168364409853794
2016-05-13,28.86309134562504,1,25.09053349883851,31.17928293961205,6.08874944077354,31.33277786572451,18.855331276555972,-12.477446589168537,32.16248564747487,48.7913145306829,16.62882888320803,27.892233974476184,47.04085257032767,19.148618595851488,31.19899870332692,11.66124132204962,-19.537757381277302,25.501518383909257,15.650525434522038,-9.85099294938722
2016-05-20,27.74048883374516,1,25.322599065169797,30.77718112971695,5.454582064547154,19.089644561323425,17.714164853384034,-1.375479707939391,31.50256164222442,51.84672923947916,20.34416759725474,31.681571864138405,38.64611783361795,6.964545969479545,33.05521295421114,11.351227800869594,-21.70398515334155,25.79134291540379,16.107512145403305,-9.683830770000483
2016-05-27,27.325588876489395,1,24.691995608406458,36.801251153598386,12.109255545191928,17.617175585155252,15.097581696398237,-2.519593888757015,31.175526933419874,55.72131976702134,24.545792833601467,30.162744615850485,34.521988357815175,4.35924374196469,35.45255645147286,8.595184380085854,-26.857372071387005,24.853534064631447,13.21620790401738,-11.637326160614066
2016-06-03,29.195107155927513,1,23.801205279637443,35.951022044461,12.149816764823555,22.625086044088363,18.75181513041622,-3.873270913672144,29.80417530747225,55.67920394590645,25.875028638434202,31.96367656580881,33.65295526188369,1.6892786960748793,36.64070203194378,12.318958589703463,-24.32174344224032,30.335797706614414,18.816687963194227,-11.519109743420188
2016-06-10,33.41087663715061,1,30.178926055433948,41.62046294792067,11.441536892486724,25.619128808733265,26.762679050954645,1.1435502422213801,38.60055749685523,64.90678785403553,26.306230357180297,35.448591383162196,37.49120062421849,2.0426092410562973,38.57999973206957,11.974771039403976,-26.60522869266559,32.03805634664944,17.70935830637032,-14.328698040279122
2016-06-17,31.34458491592565,1,30.31030217818322,37.12443677953314,6.81413460134992,24.814920386722534,25.208041128171146,0.3931207414486124,37.01111571687563,57.10950667752282,20.098390960647194,35.49666745076654,36.390781132402424,0.8941136816358863,29.58770287169672,12.948881244233718,-16.638821627463003,30.846800891309286,19.285862533690675,-11.56093835761861
2016-06-24,32.922817502677,1,31.79543002729801,42.096077501974364,10.300647474676353,31.545040392268447,26.773129534479793,-4.771910857788654,39.76887442626751,61.80099236955912,22.03211794329161,37.30345452331253,37.808723198251364,0.5052686749388329,30.97501058517507,15.13439635017724,-15.84061423499783,26.149095061740454,13.92358606162017,-12.225509000120283
2016-07-01,32.929966786377214,1,31.38408267317203,43.32482706204081,11.94074438886878,28.14964554830057,22.703013074722506,-5.446632473578063,38.92033610419334,64.86828571189623,25.947949607702895,40.117989035053746,38.904752954349995,-1.2132360807037514,32.426014582612964,14.757238475267258,-17.668776107345707,26.58173277493067,13.021683439986546,-13.560049334944125
2016-07-15,36.44202845658175,1,39.40819996789608,49.53961330884836,10.131413340952278,30.201771952742334,28.32588435267222,-1.875887600070115,41.65172969702976,62.56536710829385,20.91363741126409,42.39095079681369,42.536127061696924,0.14517626488323288,36.970973184191614,19.94685821077119,-17.024114973420424,28.028545140817045,15.738320697207968,-12.290224443609077
2016-07-22,30.344366747217844,1,30.781376521165512,31.306169693974212,0.5247931728086996,24.57086523868493,19.43226772002886,-5.13859751865607,35.92466268582429,66.57347047326965,30.648807787445364,36.34876790973796,32.86960211296035,-3.4791657967776075,33.06718988202117,14.435390313144708,-18.63179956887646,21.373338245873185,17.449300169929245,-3.9240380759439404
2016-07-29,29.431857527414262,1,32.25475879687768,33.21643071565023,0.9616719187725522,20.291314656844378,19.65378398665588,-0.6375306701884966,36.06972995086062,56.16840894668289,20.09867899582227,36.52390680074821,32.49925441713894,-4.024652383609265,29.53713172992329,16.902294076312614,-12.634837653610674,21.91430322923138,18.150973022045008,-3.763330207186371
2016-08-05,30.106036655070728,1,31.18459556948713,31.776249279729754,0.5916537102426247,21.96432162888628,21.92706291500643,-0.0372587138798508,33.02896210149481,56.20825918733988,23.179297085845064,36.766430620468974,31.921938332787413,-4.844492287681561,33.40135052924062,17.77507883889406,-15.626271690346556,24.290559480846596,21.027631376666875,-3.2629281041797213
2016-08-12,29.064021991141754,1,30.36686107863666,27.42198202258713,-2.9448790560495297,20.53823190136667,20.178341796416944,-0.3598901049497272,31.501717986469473,56.70987959279408,25.20816160632461,34.7193740540758,31.691615227554607,-3.027758826521193,32.76712935468021,18.114820246186625,-14.652309108493583,24.49081757162169,20.2674930613111,-4.22332451031059
2016-08-19,30.094185558694534,1,31.190508079927497,28.067707843093487,-3.12280023683401,22.31081756310826,24.7410363745406,2.43021881143234,34.34657575119357,55.6924132351797,21.34583748398613,34.755740833130574,33.45183582988645,-1.3039050032441253,33.008028059883415,19.205171862286775,-13.80285619759664,24.95344306492389,19.40694820718022,-5.546494857743667
2016-08-26,29.71627311608364,1,29.4655296681064,27.171728999218246,-2.293800668888153,22.16231127451273,22.94677046019926,0.7844591856865293,31.076583468403427,48.22336400063166,17.146780532228235,33.77701818474668,33.11099788173662,-0.6660203030100575,32.7059313289964,21.915137975780596,-10.790793353215804,29.11026477173621,24.92963937893545,-4.1806253928007635
2016-09-02,28.57801220755324,1,30.225610656783047,26.87142267609623,-3.3541879806868167,20.45536968669255,22.854533690929586,2.3991640042370364,30.555128009685504,45.85493732412084,15.299809314435336,31.987918612489125,33.57763912717277,1.5897205146836484,33.00158535428314,20.288353917072314,-12.713231437210823,25.242460925386084,22.02118650992773,-3.2212744154583532
2016-09-09,27.724606124840918,1,32.44146228999195,30.358815076696544,-2.0826472132954024,22.211054798293944,22.50356669200366,0.2925118937097153,29.734899574923276,42.99131737528727,13.256417800363991,32.47799761637508,33.56612370421496,1.088126087839882,28.636380503239153,20.964176150383537,-7.672204352855616,20.84584196622211,15.963637750459526,-4.8822042157625845
2016-09-16,26.7118626522804,1,27.261196654742164,29.244064181404482,1.982867526662318,22.20987653921351,23.004673091775544,0.7947965525620333,30.375129424355933,41.785022970756714,11.409893546400781,35.299161175351315,34.64279828370468,-0.6563628916466371,24.168254487282752,16.47533568682887,-7.6929188004538815,20.957557632736737,15.11928169921211,-5.838275933524628
2016-09-23,26.21102146501234,1,26.91190610447559,28.1002490639369,1.188342959461309,21.959751523043806,23.116358062375227,1.1566065393314204,29.732948992921735,39.96884117355128,10.235892180629548,35.003201384652144,35.33115448754498,0.32795310289283464,21.832847872981972,15.200658463366992,-6.6321894096149805,21.82547291199883,15.548867539298683,-6.276605372700146
2016-09-30,25.525608983633646,1,27.060924167273086,28.238229746861663,1.1773055795885767,20.369740407224057,21.552680590667947,1.1829401834438897,29.67566198293052,39.17096058836465,9.49529860543413,33.911196222189986,33.08744299477691,-0.8237532274130785,21.09965151941431,15.620614462204927,-5.479037057209382,21.036479602769944,15.483725518925851,-5.552754083844093
2016-10-07,25.858998174022798,1,29.91242877446703,29.982659874614328,0.07023110014729639,20.579595820765405,23.4243725072116,2.8447766864461954,30.78191163738434,37.85319579095227,7.07128415356793,34.13950179721853,35.23091725338561,1.0914154561670841,17.492643837079015,13.236475554042201,-4.256168283036814,22.247907177222444,15.426368063930752,-6.821539113291692
2016-10-14,28.049952632769998,1,29.59322300763145,29.902199569020752,0.30897656138930074,27.052652694602116,27.35677958529662,0.30412689069450494,30.839278727831513,36.71280546558687,5.8735267377553555,38.89337458810876,41.21853534628246,2.325160758173695,18.059022019292385,13.677484991171838,-4.3815370281205475,23.86216475915377,19.43191083926149,-4.43025391989228
2016-10-21,24.672523492450228,1,26.0146903989465,28.273054546697495,2.2583641477509957,24.470512605753527,21.131068001670243,-3.3394446040832833,26.307474586208684,31.79758417113983,5.490109584931147,35.135744137682835,40.8140454358453,5.6783012981624665,11.577830469169882,9.467841633258587,-2.1099888359112953,24.528888756939963,16.551547166089932,-7.977341590850031
2016-10-28,28.761783365414924,1,30.28630611551931,33.37073759738905,3.0844314818697427,30.025691893612105,26.29810441238547,-3.727587481226635,23.219108850614617,32.20219125036813,8.983082399753513,41.74366527738503,44.622270218302,2.878604940916972,20.711916325983324,19.346192240259455,-1.365724085723869,26.584011729375163,16.73120447378537,-9.852807255589795
2016-11-04,28.91745109702312,1,29.478886965970233,34.80384020425504,5.324953238284806,34.273923096838104,32.91631627713214,-1.357606819705964,22.118345000437714,34.04035290231782,11.922007901880107,42.40711228375916,39.08140968089964,-3.325702602859522,19.074334057193056,14.453456170573332,-4.6208778866197235,26.152105177940456,18.209331346960724,-7.942773830979732
2016-11-11,26.756488763221,1,26.67651486507519,34.34909927430017,7.6725844092249815,31.069201784961905,28.97745764779465,-2.091744137167254,23.93426198573856,34.99850092667498,11.06423894093642,40.51808009550385,32.052016245509705,-8.466063849994143,15.331946848216802,8.160793834999268,-7.171153013217534,23.00892699982971,22.00106465004727,-1.0078623497824424
2016-11-18,27.464973383770683,1,33.45910354857405,44.00463111226382,10.545527563689774,31.340789189049104,28.694133490424107,-2.646655698624997,24.45657853819874,28.37654510809095,3.9199665698922104,38.713259741400805,33.10365881694274,-5.609600924458064,13.611091666353417,7.1244989268924,-6.486592739461017,23.20901761904797,23.48637284801009,0.27735522896212217
2016-11-25,29.633355104968725,1,34.141055068367294,42.29963202732229,8.158576958954995,35.44259485433933,30.095484042596723,-5.34711081174261,26.619708632123732,30.44840046197983,3.8286918298560977,41.91573874258491,38.29301271633477,-3.6227260262501346,13.976487255168877,6.396153297192043,-7.580333957976833,25.7045460772282,30.267448084386686,4.562902007158485
2016-12-02,31.174514523355572,1,30.508458801214303,32.65508815969348,2.1466293584791742,39.1827055467099,35.84567792112712,-3.3370276255827775,25.61482805980279,39.17689880903724,13.56207074923445,44.14203267669734,38.091956787032075,-6.0500758896652655,18.101886822143257,10.979621788293002,-7.122265033850255,29.49717523356587,30.297843674950542,0.8006684413846727
2016-12-09,27.766885425348544,1,26.976521409884725,30.375363312389595,3.39884190250487,36.46323004207494,28.09692135012402,-8.36630869195092,22.563538571834968,29.176100428123974,6.612561856289005,39.91652674997401,37.50667663779076,-2.40985011218325,15.547121286226073,8.421197216367375,-7.125924069858698,25.134374492096526,33.02505360729556,7.890679115199035
2016-12-16,27.857955964654327,1,26.94219235191079,29.487570076624422,2.5453777247136316,36.74401820187849,26.910979683511243,-9.833038518367246,23.200917732476825,30.10108493181643,6.900167199339606,38.067245789647934,37.29295961554576,-0.7742861741021727,16.263410064760137,10.578445880862404,-5.684964183897733,25.92995164725177,32.77669559956567,6.846743952313901
2016-12-23,28.858143065135106,1,30.530260832112006,33.48702488784319,2.9567640557311847,40.992865245517116,25.507928674130163,-15.484936571386953,20.625288432135235,28.601089179772245,7.97580074763701,38.41502779749899,40.647845238130856,2.2328174406318624,16.183917892679943,11.163669313474244,-5.020248579205699,26.401498190867343,33.741301097459896,7.339802906592553
2016-12-30,30.264664056862916,1,25.666294437559245,28.74245128208645,3.0761568445272047,47.42543390856459,28.87888772167711,-18.546546186887483,26.61547327061095,33.65858721642687,7.043113945815918,37.711681080268555,38.196007669513584,0.484326589245029,18.826564079684317,12.992057982811843,-5.834506096872474,25.342537564489845,39.11999246866175,13.777454904171904
2017-01-06,27.3747342982842,1,25.020818215344107,27.47507165329604,2.454253437951934,33.41250113506287,27.98936428204172,-5.423136853021148,26.497852046881704,28.765172420694938,2.2673203738132344,39.0262557698536,34.35762322613271,-4.668632543720889,18.123433501278996,12.69403255768519,-5.429400943593805,22.167545121283922,32.9671416498546,10.799596528570675
2017-01-13,28.815770291761595,1,24.15797808862152,25.606089920642333,1.448111832020814,33.38925209246902,24.29331650619227,-9.095935586276752,30.427294730064276,33.64618168515932,3.2188869550950443,32.39685028512244,30.53738912051932,-1.8594611646031183,29.785803169932564,26.27192673114766,-3.513876438784905,22.737443384359764,32.53971778690867,9.802274402548903
2017-01-20,30.434852041773482,1,27.073495196501682,29.091870834319835,2.0183756378181528,33.68464340065904,27.59971413397787,-6.084929266681172,32.863996280824566,30.523069993236305,-2.3409262875882604,32.32957924110207,31.338663357916474,-0.9909158831855933,29.530122676746288,29.499201502689218,-0.03092117405707029,27.127275454807233,34.556592428501176,7.429316973693943
2017-01-27,29.762615991573174,1,26.4239450178342,29.572121372085775,3.148176354251575,33.882964942569146,28.620292183364185,-5.2626727592049605,31.119851047745,29.686720152149448,-1.4331308955955535,30.39047855490641,29.12757972850318,-1.2628988264032301,30.24714281667879,28.861427895516954,-1.385714921161835,26.511313569705493,32.707554617819525,6.196241048114032
2017-02-03,31.0149418580536,1,24.90605834477489,28.102077604442243,3.1960192596673522,35.46666944644842,28.389616517258176,-7.077052929190245,31.122100230006836,29.35916143191774,-1.7629387980890954,32.03021697900412,28.069236241691428,-3.9609807373126955,34.89196290181434,36.0638826597894,1.1719197579750613,27.672643246272983,36.105676693222605,8.433033446949622
2017-02-10,33.03441907282355,1,31.18699300185162,35.34228595350487,4.1552929516532515,33.67279943536674,27.463703479299227,-6.2090959560675145,34.80697548587101,33.0607318498339,-1.7462436360371072,34.12382093680762,28.141120343978542,-5.982700592829076,35.45529939892657,38.7836853574977,3.3283859585711326,28.960626178117764,35.41498745282715,6.454361274709385
2017-02-17,33.28696933950891,1,32.889640308431694,36.10432683578223,3.214686527350537,33.94830985809551,29.985553842715248,-3.962756015380265,35.20965440287799,31.62428758926906,-3.5853668136089283,31.24937973744254,29.92244194120981,-1.326937796232727,38.77071582346381,42.13190486666503,3.3611890432012217,27.654115906741936,29.95330096141211,2.2991850546701755
2017-02-24,33.692842033408624,1,32.90141448228357,34.679440329823265,1.7780258475396948,37.764666919521844,36.857738174518914,-0.9069287450029293,33.17787526686662,29.976982399940184,-3.200892866926438,30.19846793028036,26.116269555752893,-4.082198374527465,39.35391702364918,45.95291115555799,6.59899413190881,28.76071057785019,28.573710584858503,-0.18699999299168724
2017-03-03,35.54844961708179,1,36.979287170971716,36.50214145887618,-0.4771457120955347,34.731246223219614,33.16668285847608,-1.5645633647435346,36.023158524574264,30.112949419588098,-5.910209104986166,32.466667516619125,34.00995256961342,1.5432850529942925,40.797091228084966,49.83322855151164,9.036137323426672,32.293247039021054,29.665742844425353,-2.6275041945957014
2017-03-10,39.25503555632943,1,43.18813321140149,37.33670401752545,-5.851429193876044,37.86957228892166,35.36693615273306,-2.502636136188599,36.53511537499324,31.93883042897498,-4.596284946018258,35.90198233336555,39.884866231340084,3.9828838979745314,40.64546808605829,54.59496726145444,13.949499175396156,41.38994204323634,36.40790924594857,-4.982032797287772
2017-03-17,37.73004658118418,1,39.38610240258316,31.674774549821294,-7.711327852761869,35.541222832750734,36.36453995670509,0.8233171239543537,36.62916690261324,32.06976069457735,-4.559406208035895,34.762178006521765,37.323759057768584,2.5615810512468187,42.94798515234126,58.575437791585884,15.627452639244623,37.113624190294914,30.372007436646882,-6.741616753648032
2017-03-24,37.411521881082,1,39.677331703929696,32.94790828404132,-6.729423419888377,32.44874090438809,33.04179927799693,0.5930583736088408,37.45462673358157,34.10966142472859,-3.344965308852977,34.70311573132034,37.23027543395784,2.527159702637505,44.33046451024392,61.74998478024278,17.419520269998856,35.85485170302837,25.389502085524484,-10.46534961750389
2017-03-31,41.55691581454132,1,49.16081363224698,43.85529689694729,-5.30551673529969,35.46206329265662,44.311842717195205,8.849779424538582,36.42699547618928,28.71707116992895,-7.7099243062603335,39.280075652271016,43.86917344759093,4.5890977953199155,46.879250186125645,58.43249709376987,11.553246907644223,42.13229664775835,30.155613561815656,-11.976683085942696
2017-04-07,41.32821299349249,1,46.32619026956743,44.687260590153095,-1.638929679414332,35.029264207226504,52.74112070703718,17.71185649981068,33.77725510320809,26.969805223344878,-6.8074498798632135,44.846516109731894,39.51818306245106,-5.328333047280836,46.975591583290154,61.41619614453212,14.440604561241969,41.014460687930864,22.63671223343657,-18.377748454494295
2017-04-14,36.683231145099604,1,40.403077234495214,42.238068354876376,1.8349911203811615,32.71344208833709,44.97854860361748,12.265106515280394,33.749827000616264,26.64833924223703,-7.1014877583792355,35.08478072387844,25.157627567734323,-9.927153156144115,44.69472197527987,56.851840074488074,12.157118099208205,33.453537847990745,24.22496302764432,-9.228574820346424
2017-04-21,37.28334337230137,1,39.99699222406859,42.04454706834811,2.0475548442795173,34.42519788921645,45.74148671351303,11.316288824296578,33.0464699855732,28.034376907839686,-5.01209307773351,37.61592235962434,24.59222858873519,-13.023693770889153,46.47055072412258,60.14851159278988,13.677960868667299,32.14492705120307,23.138909362582353,-9.006017688620716
2017-04-28,36.9062875767604,1,39.93897413272006,42.4680506924217,2.529076559701636,34.828089179176374,43.35829812403212,8.530208944855744,32.24839986830392,28.89500547707823,-3.3533943912256916,38.68011234948908,25.37326032084576,-13.30685202864332,43.55419696182348,56.82724283495111,13.273045873127629,32.18795296904942,24.515868011233408,-7.672084957816011
2017-05-05,34.913139242236305,1,35.42777667521405,41.168586671564384,5.740809996350336,34.85071917731466,43.53598641184165,8.68526723452699,32.25378593774812,28.68505796855331,-3.5687279691948106,32.769025475861966,16.25318988238118,-16.515835593480787,43.62851718931759,56.94706293338092,13.318545744063329,30.549010997961446,22.88895158569639,-7.660059412265056
2017-05-12,32.65163944935433,1,33.13962950755551,31.35255641799064,-1.7870730895648705,32.55785839728951,43.092227361665735,10.534368964376227,27.330942756264065,28.598500947655438,1.2675581913913732,31.168977556026533,14.68125747950532,-16.487720076521214,40.671013180143746,57.62173839903981,16.950725218896068,31.04141529884663,20.563556090269046,-10.477859208577584
2017-05-19,32.78842297977845,1,33.29109402319408,30.3931252438951,-2.897968779298978,33.74583449616203,42.903808003790914,9.157973507628881,26.88433069538239,28.289725365193334,1.4053946698109456,30.853223421509128,14.14120630648739,-16.712017115021737,40.50158323062425,58.41997516635858,17.918391935734334,31.454472011798813,22.58269779294544,-8.871774218853375
2017-05-26,32.066528509736166,1,32.776121367814525,28.443506404511226,-4.3326149633033,33.6606048376418,44.042052213220714,10.381447375578915,27.24517941283075,28.533629724785342,1.2884503119545911,27.659240897253667,12.473059919268835,-15.186180977984833,40.120699838630536,56.29273869976557,16.172038861135036,30.937324704245725,22.61418409686533,-8.323140607380395
2017-06-02,33.315155098166635,1,33.582620442546144,27.992827849696027,-5.589792592850117,33.759805387777675,46.34353827724496,12.583732889467285,29.186848363598827,30.5408198311126,1.353971467513773,27.28513876410284,12.795200428481621,-14.489938335621218,43.285808076601306,56.78417784869203,13.498369772090726,32.790709554373024,25.434366353772603,-7.356343200600421
2017-06-09,30.095125766569662,1,31.956149386008434,28.31464357930946,-3.641505806698973,30.68850420232728,43.42783175495633,12.73932755262905,24.251195843050198,25.73355710161711,1.482361258566911,25.628476523007976,11.498614147521693,-14.129862375486283,36.25032762365017,45.232959437329335,8.982631813679163,31.7961010213739,26.36314857868402,-5.432952442689881
2017-06-16,31.338458145605944,1,36.49548632589533,33.79749720842064,-2.697989117474691,31.056239630430966,43.28773488879128,12.231495258360312,28.429652527615588,30.86518337050788,2.435530842892291,22.497599355071216,10.579135657999373,-11.918463697071843,37.35339730720627,41.943857613191945,4.590460305985673,32.198373727416325,27.557340134724555,-4.64103359269177
2017-06-23,30.089140264332972,1,33.7460760126871,32.2005397599854,-1.5455362527016945,29.77978846512019,36.82453626266394,7.044747797543749,27.17825252331778,32.72018288506342,5.541930361745642,21.268480061023965,9.861624432232404,-11.406855628791561,36.962913987339576,40.14868376591981,3.1857697785802372,31.59933053650923,28.77927448013287,-2.820056056376359
2017-07-07,30.808095091092525,1,34.553159643388796,32.4430924740506,-2.110067169338194,30.239308409978662,36.669511625301396,6.430203215322734,27.388271210009876,33.06169311756963,5.6734219075597565,23.600755284252116,11.523771287631007,-12.07698399662111,37.160269381443314,40.781791466301726,3.6215220848584124,31.90680661748239,30.368710575700817,-1.5380960417815714
2017-07-14,30.522855177681038,1,34.85275017378997,32.78949544078944,-2.0632547330005337,30.583897456295745,36.477294294858225,5.893396838562481,24.65964340026484,33.1979785220329,8.538335121768057,24.4142894446656,10.977279116138874,-13.437010328526725,36.271984936598024,40.83356299418228,4.561578057584256,32.35456565447207,28.861520698084547,-3.4930449563875214
2017-07-21,28.854128727496015,1,34.15393868453113,33.375057426731274,-0.7788812577998527,29.942721377419517,36.18586845517325,6.243147077753733,22.524918559609233,24.111011739928927,1.5860931803196934,22.77865926797257,11.620825235651736,-11.157834032320835,34.53467168675094,37.55864750214769,3.023975815396753,29.189862788692693,30.273362005343188,1.0834992166504946
2017-07-28,29.64634095894804,1,37.42089336430209,36.40799818742771,-1.0128951768743804,31.878786392044006,37.5311592386378,5.652372846593792,21.641272962560635,24.526610327470948,2.8853373649103133,24.890784075195015,13.305073875640929,-11.585710199554086,33.5520517932528,38.64502939806974,5.092977604816937,28.494257166333696,27.462174726441134,-1.0320824398925623
2017-08-04,30.471514937784416,1,39.68869971821032,33.666053550223204,-6.022646167987119,30.119868049094066,34.33679874914026,4.216930700046191,25.306828669034942,31.493056900877974,6.186228231843032,23.984202678735514,14.630320844200781,-9.353881834534732,33.897046774231754,41.88519093828367,7.988144164051917,29.832443737399885,26.81766864398054,-3.0147750934193454
2017-08-11,30.893540217347873,1,39.26743116646122,33.37577122145919,-5.891659945002033,27.417027542882266,46.22856100963479,18.811533466752522,25.559586901680618,28.51531521483018,2.9557283131495637,22.687870098117372,16.193574685808954,-6.494295412308418,34.23015786483967,34.3294904432194,0.09933257837973031,36.199167730106055,26.71852872913469,-9.480639000971365
2017-08-18,30.272317692552786,1,37.89984268456378,32.69694826876456,-5.202894415799221,27.320418718743767,42.59150534739041,15.271086628646643,25.2719066228306,24.703691776278845,-0.5682148465517542,22.065525355468623,17.599520654142168,-4.4660047013264546,34.63902478266459,36.947471581420785,2.3084467987561936,34.43718799104532,27.094768527319886,-7.3424194637254345
2017-08-25,28.612582822606715,1,37.851705766286805,32.76815758347431,-5.083548182812493,27.01039808343161,38.142869957611836,11.132471874180226,20.14738735107845,21.34688850711575,1.1995011560373001,20.32024810880236,16.50985696860009,-3.8103911402022703,33.24521698297224,35.34339243321851,2.0981754502462735,33.100540643068825,27.564331485619775,-5.536209157449051
2017-09-01,28.097217225767395,1,37.35170403105132,33.82256548313568,-3.529138547915636,23.921892409860774,36.921068436693176,12.999176026832401,19.912090942249435,16.987667591196598,-2.9244233510528375,20.985936700599012,15.78785645845197,-5.198080242147043,33.61079579827799,32.307752820322634,-1.3030429779553572,32.80088347256584,32.756392564804344,-0.04449090776149944
2017-09-08,25.60153569085605,1,34.919894886929654,33.94674741764031,-0.9731474692893443,20.712667992302528,30.24521432293669,9.532546330634162,19.708923160561696,15.572073859812974,-4.136849300748722,22.464135772629504,20.029072771121122,-2.4350630015083823,26.443764203254133,24.690721629582356,-1.7530425736717774,29.359828129458776,29.125384144042854,-0.23444398541592193
2017-09-15,25.18860403065675,1,33.544351630271805,33.33353635199134,-0.21081527828046376,18.697161708898165,30.571793565621533,11.874631856723369,19.266614917305247,15.648096866460051,-3.6185180508451964,25.444814803216104,16.17123453258924,-9.273580270626866,24.798111261442955,23.54811720745326,-1.2499940539896954,29.38056986280624,31.85884565982508,2.4782757970188385
2017-09-22,24.749894252714558,1,32.473752264098366,32.49043916813331,0.016686904034941108,16.47266341589426,28.608184319476308,12.135520903582048,18.086858759667606,15.146171945788808,-2.9406868138787985,25.054091023713397,16.625082949748247,-8.42900807396515,25.756514627136653,22.711442977879898,-3.045071649256755,30.65548542577706,32.91804415526076,2.2625587294837004
2017-09-29,25.22666711727741,1,31.260255589334506,26.739833770994764,-4.5204218183397415,15.168518264497166,28.642038645995186,13.47352038149802,18.35315942264137,8.771964420942169,-9.5811950016992,29.32632706185875,18.04427248641541,-11.28205457544334,27.18915381189656,29.168723424524657,1.9795696126280973,30.0625885534361,39.99316995479222,9.930581401356122
2017-10-06,28.319736175676393,1,37.153964941706306,41.69202091134625,4.538055969639942,10.4565308761306,16.397480317787668,5.940949441657068,20.502827126579476,9.843647867692496,-10.65917925888698,31.05891755057202,16.740097660508496,-14.318819890063523,30.70951147249032,29.510435477986803,-1.1990759945035165,40.036665086579625,55.734734818736605,15.69806973215698
2017-10-13,28.061302406740978,1,34.09096960058842,47.76901072340546,13.678041122817035,13.264691031829187,14.838316184771841,1.573625152942654,22.81188881279529,13.883615793880182,-8.928273018915107,31.76748044320823,12.60666372654623,-19.160816716661998,29.73769946747869,28.984250978192676,-0.7534484892860149,36.695085084546044,50.285957033649474,13.59087194910343
2017-10-20,27.195816783165853,1,33.90635933748776,48.336438748314436,14.430079410826679,13.214983444703776,18.872431913810345,5.657448469106569,21.879231096437763,14.474537843787374,-7.4046932526503895,29.229237876114155,10.033202022017107,-19.196035854097047,28.881126649056924,26.793833333685683,-2.087293315371241,36.06396229519474,44.66445683738017,8.60049454218543
2017-10-27,27.684216724500658,1,33.82600741522026,48.036811527558825,14.210804112338565,12.930568662205417,19.145660941119672,6.2150922789142555,19.44808806435752,12.926234942457313,-6.521853121900207,31.262955753553598,10.684741439027704,-20.578214314525894,31.41432331282182,29.633991378754914,-1.7803319340669077,37.22335713884532,45.67786011808547,8.454502979240146
2017-11-03,27.105229487676095,1,32.85810382579584,48.39953887898403,15.541435053188195,16.763875919116785,21.01605551018838,4.252179591071595,20.510669181241425,14.33063578361282,-6.1800333976286055,31.02923191696867,11.504749596929074,-19.524482320039596,26.477952004822598,26.569704370130864,0.0917523653082668,34.99154407811125,40.81069278621139,5.819148708100144
2017-11-10,28.810005980875598,1,32.26922360304846,46.915730936746186,14.646507333697727,20.48662272520832,25.375667374918905,4.889044649710584,20.88329809820543,13.81444875484003,-7.0688493433654,32.920928201165864,12.333945038786297,-20.586983162379568,27.831217420679067,25.67658653420206,-2.1546308864770083,38.46874583694644,48.74365724576015,10.274911408813708
2017-11-17,28.538827350827972,1,30.88364796228062,47.06324601239653,16.179598050115914,23.76477628484467,15.752797943358331,-8.01197834148634,19.675739614396846,9.549609067442717,-10.12613054695413,38.10027741129334,13.813157330128654,-24.287120081164687,21.90434530765181,31.249165344805334,9.344820037153525,36.90417752450055,53.804988406836266,16.90081088233572
2017-11-24,28.660642478545782,1,29.492417152301556,47.074538983532705,17.58212183123115,24.180200850653833,16.976668217068365,-7.203532633585468,20.950618949170007,9.609720770876422,-11.340898178293585,39.56097880769597,14.841605467033538,-24.71937334066243,21.967790508905466,29.593257513777786,7.62546700487232,35.81184860254784,53.8680639189858,18.056215316437957
2017-12-01,27.98803328227407,1,33.31882581480723,46.01176421074706,12.692938395939834,15.021717483464059,18.872024601651532,3.850307118187473,24.75859257546044,13.656150794869035,-11.102441780591406,33.116176174795086,14.658251105014443,-18.457925069780643,25.79421661282855,28.29431981886657,2.5001032060380197,35.91867103228904,46.43568916249575,10.517018130206708
2017-12-08,27.65922966674888,1,33.331133529723374,46.37190820450276,13.040774674779385,15.440172000404942,19.413242825632125,3.9730708252271825,23.570393247326848,15.449374359170548,-8.1210188881563,35.09757407957069,13.323197307307467,-21.774376772263224,24.229673645798428,27.9381909420255,3.708517296227072,34.28643149766903,43.45946436185493,9.173032864185899
2017-12-15,26.717348513781573,1,29.085729379655632,33.4388829384111,4.353153558755466,16.33026360625601,22.060294489575583,5.7300308833195714,24.323191597904,22.494774488020994,-1.8284171098830058,36.95060914217583,15.37667419846877,-21.57393494370706,21.609164555921524,27.054186776027592,5.445022220106068,32.00513280077644,39.87927819218541,7.874145391408973
2017-12-22,27.71151648707242,1,34.02476923212424,31.223737759411392,-2.8010314727128502,16.75183039984458,24.07829722576585,7.326466825921273,21.148175871748066,24.6287814124902,3.4806055407421326,37.332349897097885,15.65650301233319,-21.675846884764695,22.755277241019428,27.101500982903374,4.3462237418839464,34.25669628060031,43.58027852953053,9.323582248930222
2017-12-29,27.490937269182822,1,35.14723794399595,38.58629941501577,3.4390614710198264,14.502588541282904,14.030923376708088,-0.4716651645748158,22.420867622456285,27.219466574550296,4.798598952094011,40.76980444825315,17.552346821521816,-23.21745762673133,20.129869751418,26.88480810377304,6.75493835235504,31.975255307690645,40.671779323527915,8.69652401583727
2018-01-05,28.002624777760712,1,42.3551786078251,29.172091594668537,-13.183087013156566,14.05070300129313,30.450404988922514,16.399701987629385,15.395286552798552,30.881177112250185,15.485890559451633,46.18242728520428,19.950108557870784,-26.232318727333492,23.688837081849243,30.14168709628214,6.452850014432897,26.343316137593945,27.420279316570145,1.0769631789762002
2018-01-12,23.80479245736194,1,42.67989816158676,22.19475429483468,-20.485143866752082,10.984501928730069,26.34233564843761,15.357833719707543,10.302438109995805,26.305818668600097,16.00338055860429,38.4006975248534,16.249098983837797,-22.151598541015602,22.595031729485655,26.186627729474836,3.591595999989181,17.866187289519942,25.55011941898661,7.683932129466669
2018-01-19,23.93791909415783,1,43.84416004846485,21.658568957201673,-22.185591091263177,10.848683474456834,25.118903359611963,14.270219885155129,10.20242783619345,26.246981312780846,16.044553476587396,37.76234532799987,17.782960592672552,-19.979384735327315,22.309059292412158,26.310472759564604,4.001413467152446,18.66083858541981,26.509627583115332,7.848788997695522
2018-01-26,23.55767071957412,1,43.66083024125899,23.362120304523202,-20.29870993673579,10.235556254656302,21.841112660842725,11.605556406186423,10.310688953695731,27.903850992140974,17.593162038445243,36.96764032838491,17.575245307490782,-19.392395020894128,21.920848559638827,26.629622533272524,4.708773973633697,18.250459979809946,24.034072519174515,5.783612539364569
2018-02-02,24.673098428022666,1,44.760749220828295,23.670958570235477,-21.089790650592818,10.665984688961657,19.668820376388325,9.002835687426668,11.540001006317226,29.309292724984346,17.76929171866712,37.928021299025595,17.815753130431624,-20.11226816859397,23.3345259742089,28.262725646411127,4.928199672202226,19.8093083787943,29.311040119685103,9.501731740890804
2018-02-09,28.51004385182569,1,38.9534843080096,23.57727857720564,-15.37620573080396,18.770771436130843,20.703439096585086,1.9326676604542428,18.131267264678783,32.533674021249226,14.402406756570443,37.51487085710454,31.87635800479663,-5.638512852307912,26.502953058605883,24.17216251623546,-2.3307905423704227,31.186916186424497,38.197350894882064,7.010434708457566
2018-02-16,28.542020232251218,1,36.134855732362404,20.680284398615036,-15.454571333747367,19.398782131901285,20.068271964196526,0.6694898322952412,18.034548304696784,27.542190527503337,9.507642222806552,39.27513224956621,37.16819998922355,-2.10693226034266,24.883811933726392,23.431747020343423,-1.4520649133829693,33.52499104125421,42.3614274936254,8.836436452371188
2018-02-23,28.504167015910507,1,36.02014028734831,18.03137866245352,-17.988761624894792,21.43672516602365,21.771754310911646,0.3350291448879972,19.828769966697195,27.534651372516876,7.705881405819682,39.15634562620585,38.727828317345896,-0.4285173088599521,20.966535534530593,18.656053547709917,-2.310481986820676,33.61648551465743,46.30333588452517,12.686850369867742
2018-03-02,29.63837498186491,1,38.72668169037715,19.980920966038695,-18.745760724338453,22.28484293216684,25.37755263815191,3.0927097059850723,20.30669621879602,32.5847508193912,12.278054600595183,38.52258148372388,34.414941016524395,-4.107640467199488,24.11813847417322,19.702654450011636,-4.415484024161586,33.87130909195234,45.769430001071626,11.898120909119285
2018-03-09,28.316700853505086,1,41.986366181997354,19.5620538094754,-22.424312372521953,21.153015928216476,23.780985054688756,2.62796912647228,19.475868054137464,32.923858710036995,13.447990655899531,38.38861673455685,35.42651771308907,-2.962099021467779,18.02568599415372,13.91226647945301,-4.113419514700709,30.870652227968648,44.29452335428729,13.423871126318645
2018-03-16,28.876165751376117,1,34.30612729271296,18.297404578152268,-16.00872271456069,20.99773553642366,21.94188239298765,0.9441468565639894,19.095224534850104,30.44673224513531,11.351507710285205,38.122267586064964,35.137906323463326,-2.984361262601638,25.843450585113132,17.609690548028567,-8.233760037084565,34.892188973091905,49.82337842048962,14.931189447397713
2018-03-23,28.57555393346244,1,33.98523330478692,16.857717698370905,-17.12751560641601,28.602207607915048,24.137987880032327,-4.464219727882721,21.55995936436156,31.11759077888398,9.557631414522419,36.07090957066396,32.124126691804804,-3.9467828788591532,22.771507714298792,21.861039552270498,-0.9104681620282946,28.463506038748378,45.35486099941214,16.89135496066376
2018-03-30,29.334511452381776,1,35.90878373194754,14.567556522747978,-21.34122720919956,26.298827507776807,29.625948028349967,3.3271205205731604,26.089329394516298,33.05477094905149,6.9654415545351895,36.84754925814045,29.0264559302653,-7.821093327875147,22.082612947013047,20.365299079568288,-1.7173138674447586,28.77996587489649,49.36703820430759,20.5870723294111
2018-04-06,26.665948374468343,1,32.919890466827596,16.88098609087828,-16.038904375949315,19.592477312654808,21.23478464843849,1.6423073357836842,22.392031686236237,24.193055088240726,1.801023402004489,36.83458430803183,29.671742939933004,-7.1628413680988245,23.91686430031696,23.920846952780096,0.00398265246313656,24.33984217274265,44.09427452653945,19.7544323537968
2018-04-13,24.338245848406434,1,26.5799144644338,13.44837522743073,-13.131539237003068,15.763483835993654,19.098769526323224,3.3352856903295702,17.229571819087553,16.29127288335505,-0.9382989357325044,36.09619389362765,31.53309284053578,-4.56310105309187,24.499040195248114,22.349594296132636,-2.1494458991154772,25.861270882047833,43.30837031666121,17.447099434613378
2018-04-20,28.456084445793977,1,29.47171125315191,15.73578402415815,-13.73592722899376,16.538607364864177,21.025438218527455,4.486830853663278,19.40393091398633,23.34630144987493,3.9423705358885996,44.377528593616944,29.943703449481035,-14.43382514413591,32.51290980743255,30.35494023346898,-2.1579695739635696,28.43181874171195,50.33033929925337,21.898520557541417
2018-04-27,24.156327239557907,1,23.690244842393028,11.058774708744693,-12.631470133648335,17.291454128502338,19.97251188740624,2.681057758903904,12.205994636415852,14.800324096050616,2.594329459634764,35.82881797953091,24.354702797617037,-11.474115181913874,28.443780788949354,27.813497900180323,-0.630282888769031,27.477671061555967,46.938152047348524,19.460480985792557
2018-05-04,24.035569947185582,1,22.790738501771656,13.572112719022385,-9.218625782749271,17.282737192084795,16.72626752750962,-0.5564696645751752,13.860989034633036,13.178610044781749,-0.6823789898512871,34.41505022962119,23.224577710598652,-11.190472519022535,28.367439835340335,26.09004208505523,-2.277397750285104,27.49646488966249,51.42180959614585,23.925344706483358
2018-05-11,23.076117844410817,1,18.864750786535552,11.179326405727082,-7.68542438080847,13.173726030392757,15.134078848461087,1.9603528180683298,16.114952854097083,10.59614810331351,-5.518804750783573,35.66342908412311,27.489293011355215,-8.174136072767894,27.19855687037743,23.396520606869274,-3.802036263508157,27.44129144093897,50.66134009073873,23.220048649799764
2018-05-18,22.359330711369527,1,16.654362307373574,9.305504872813856,-7.348857434559719,12.435732547886502,17.185680391990616,4.749947844104113,16.508929085464217,10.817970291442776,-5.690958794021441,34.798477711999396,28.61189230508043,-6.186585406918965,28.100690357732972,20.51891520797122,-7.581775149761754,25.657792257760505,47.71602119891827,22.058228941157765
2018-05-25,21.415245002357025,1,14.882350751683191,13.191888941295005,-1.6904618103881859,11.578439596739756,16.19622572666421,4.617786129924454,16.921925651932355,7.750923557083013,-9.171002094849342,34.21581195279374,35.346701243747304,1.1308892909535615,23.584176091290445,16.608844536746275,-6.975331554544169,27.308765969702662,39.396886008606344,12.088120038903682
2018-06-01,21.89151056757288,1,15.734269778533502,13.46723215260856,-2.2670376259249423,14.05569334837081,21.136360083676735,7.080666735305925,16.547924742100548,10.20960290530023,-6.3383218368003185,36.02056577554823,33.30686203246649,-2.7137037430817372,22.04446641689387,18.292572440819058,-3.751893976074811,26.9461433439903,34.936433790566156,7.990290446575855
2018-06-08,21.029334925237375,1,18.822994500793342,8.6044816137792,-10.218512887014143,14.113686857835603,23.910850305876338,9.797163448040735,14.549042129782265,10.277005672241685,-4.27203645754058,33.62246218487127,34.76284396859559,1.1403817837243224,18.670898207274703,15.656562697310463,-3.0143355099642406,26.396925670867063,32.96426529362098,6.56733962275392
2018-06-22,24.608354998155118,1,17.855531567018403,10.704827242297085,-7.150704324721318,15.899725617064618,28.05571744833415,12.155991831269532,22.038160708375543,11.831409771460201,-10.206750936915341,39.69468359181243,36.07601803842308,-3.6186655533893486,22.753547820323192,23.22885585069298,0.4753080303697885,29.408480684336524,37.75330163772324,8.344820953386716
2018-06-29,22.704389444706777,1,18.205928255508496,10.263808233678134,-7.9421200218303625,23.505429872991527,29.518843958214475,6.013414085222948,16.066277247283367,13.238887298465343,-2.8273899488180234,30.197735008214707,31.204579138621767,1.0068441304070603,21.180451231275626,17.27965757556248,-3.9007936557131444,27.070515052966954,34.72056046369846,7.650045410731508
2018-07-06,22.37462237092164,1,15.65727649026573,8.529959604190452,-7.127316886075278,29.05114586390053,36.55515593039601,7.504010066495482,14.383449087055553,15.668464145345666,1.2850150582901136,30.118617115195107,25.162218267608694,-4.956398847586414,20.62534512191057,17.60659857347278,-3.0187465484377896,24.411900547202322,30.72533770451622,6.313437157313899
2018-07-13,22.753881704329434,1,13.557243317646083,8.398075765120296,-5.159167552525787,32.95828082019895,38.824791660596446,5.8665108403974955,17.513997250222474,19.06076474538594,1.546767495163465,29.336673172806627,22.19994723031101,-7.136725942495616,20.789179928238966,20.56862608422182,-0.22055384401714662,22.367915736863523,27.471084740341112,5.103169003477589
2018-07-20,24.865477799662127,1,13.137589142118514,9.204823342487416,-3.932765799631099,35.035013251162695,39.12680500437156,4.091791753208867,24.68355408698588,21.186832296369914,-3.4967217906159647,29.767931713972317,21.945456282223105,-7.822475431749211,23.563002575391806,25.02446514078308,1.4614625653912725,23.005776028341543,32.70448473173768,9.698708703396136
2018-07-27,25.80023165496553,1,13.99341712899917,8.631462144807358,-5.3619549841918115,34.75690902428205,38.390606408041265,3.6336973837592126,25.059767684152632,24.612090114841337,-0.44767756931129554,29.419134302484807,21.55119777829627,-7.867936524188536,21.99285798049425,25.327569379571415,3.3347113990771646,29.579303809380264,36.288464104235544,6.70916029485528
2018-08-03,23.591397297055625,1,13.402874690895942,10.987388455611224,-2.4154862352847175,31.768608651019193,37.41799991001629,5.649391258997099,19.71048438843097,24.13143896718445,4.420954578753481,27.882432572646536,22.38697052946067,-5.495462043185867,18.45931141710669,20.27395200546347,1.8146405883567809,30.324672062234413,26.350633914597637,-3.974038147636776
2018-08-10,23.049491876789855,1,13.789384465260142,9.844400505012175,-3.944983960247967,28.718644177489097,33.3640716686475,4.645427491158401,21.33813525962981,27.20794636473201,5.869811105102201,27.886591544305716,25.12854285718329,-2.7580486871224252,17.952229345655027,20.201250440199786,2.2490210945447586,28.61196646839933,22.550739424964377,-6.061227043434954
2018-08-17,23.76766557787757,1,14.991569083040801,7.812480224964389,-7.179088858076412,28.279304263770356,26.956583100874965,-1.322721162895391,25.519474920101132,29.185306595965784,3.665831675864652,28.688473447857348,29.824914322395642,1.1364408745382946,18.045866422049258,20.405852140038334,2.359985717989076,27.081305330446526,28.42085708302632,1.3395517525797942
2018-08-24,22.13018993546538,1,18.78883208846007,7.5698684864247525,-11.218963602035316,22.380353236340383,30.10400781444598,7.723654578105595,15.929496699254301,28.31046898651354,12.38097228725924,31.932331608179567,22.067352079498136,-9.864979528681431,15.800790106658809,17.527834521525406,1.7270444148665973,27.949335873899173,27.201607724384488,-0.7477281495146855
2018-08-31,19.364514670142466,1,16.585211565896245,7.683593558668832,-8.901618007227412,21.67989217932781,26.579632767901032,4.8997405885732235,13.633325317001947,21.456489214591954,7.823163897590007,22.884529760993317,23.882017545906464,0.9974877849131474,15.783340065284392,15.801874453286317,0.01853438800192464,25.620789132351092,20.783480480500202,-4.83730865185089
2018-09-07,19.866731986345187,1,19.180403593424302,10.688140957911372,-8.49226263551293,23.37903759778004,22.78734223053644,-0.5916953672436023,16.466042784094768,23.393845541810776,6.927802757716009,20.31684749979034,24.142341039521526,3.825493539731184,11.989137698993403,13.26763096985988,1.278493270866477,27.868922743988264,24.921091178431084,-2.9478315655571805
2018-09-14,20.51157616762468,1,19.68709557364606,9.526961961052407,-10.160133612593654,27.023757820254048,25.874269258091914,-1.1494885621621336,14.950953357843062,22.95808766168659,8.007134303843529,20.66203620537287,23.1549756327575,2.492939427384627,10.500497584929562,14.714709916858808,4.214212331929247,30.245116463702473,26.84045257530086,-3.4046638884016147
2018-09-21,20.45274875961152,1,19.448733956423467,8.897611426805113,-10.551122529618354,29.070299421774763,25.552809449284155,-3.5174899724906084,15.124889548679434,23.335127165013247,8.210237616333814,19.35562894517622,21.82981902851016,2.474190083333937,9.466324990953225,15.328030579396,5.861705588442774,30.250615694662017,27.773094908660454,-2.4775207860015627
2018-09-28,20.469818699705034,1,19.913397133432767,11.242508545745167,-8.6708885876876,30.551019655193002,24.928174321097117,-5.622845334095885,14.079429544674241,23.590566774003292,9.511137229329051,18.61117153116649,22.1510079496191,3.5398364184526088,9.123591454045581,16.26604372205462,7.142452268009038,30.540302879718112,24.640610885710927,-5.899691994007185
2018-10-05,21.28988225800242,1,21.09433697398252,11.158095743732346,-9.936241230250175,30.651304785358576,24.118163783316135,-6.533141002042441,15.787173417896497,24.40610576789824,8.618932350001742,19.80301801900987,22.957006412454433,3.153988393444564,9.45214980915138,20.785057089943095,11.332907280791716,30.951310542615687,24.314864750670253,-6.636445791945434
2018-10-12,22.44075650376571,1,26.38115863025513,14.42399367186185,-11.957164958393278,29.45280110922191,24.755142585511862,-4.6976585237100466,14.901152185181047,23.489018601220366,8.587866416039319,19.360671993673108,25.18691993978109,5.8262479461079835,14.106805856361973,24.85312577848913,10.746319922127157,30.441949247901064,21.936338445729945,-8.50561080217112
2018-10-19,22.321415187152308,1,23.72892093663016,14.807784634375096,-8.921136302255064,30.67994976903988,25.93343036189283,-4.746519407147048,14.009001195623014,22.702521992759273,8.693520797136259,20.07032786196403,24.169954203410313,4.099626341446282,13.796239236470853,24.34989071672433,10.553651480253478,31.644052123185887,21.96490921375195,-9.679142909433935
2018-10-26,23.094114264263826,1,24.410106050590997,14.80789279722967,-9.602213253361327,32.44558219134329,25.72215221401838,-6.723429977324912,13.72386707650837,23.51103516640427,9.7871680898959,21.463621124623515,27.33936211923543,5.875740994611917,14.13051900125133,25.11260714150731,10.982088140255982,32.39099014126546,22.07163614718786,-10.319353994077602
2018-11-02,24.192434896931115,1,24.107558633849294,18.45655403421371,-5.651004599635584,33.135697036336126,26.31057191713512,-6.8251251192010045,14.119795120765417,24.226424153209223,10.106629032443806,24.34389273157592,28.295356754244793,3.9514640226688726,15.98837996884474,25.79858139752926,9.810201428684522,33.45928589021517,22.067121125254545,-11.392164764960626
2018-11-09,23.674197959438658,1,23.47190414296439,16.003182267092498,-7.468721875871893,33.889755599086115,26.461281093780173,-7.428474505305942,12.675994342152876,26.393482544163206,13.71748820201033,23.89488559760369,27.75110779939996,3.856222201796271,14.488240504708315,23.415512763040937,8.927272258332621,33.62440757011656,22.02062128915513,-11.60378628096143
2018-11-16,22.90909464437371,1,22.88487347050247,14.552276451988718,-8.332597018513752,33.11252266600307,25.347414331198124,-7.76510833480495,12.91230675127143,27.76106836832861,14.848761617057178,21.62489564110294,24.135791805135682,2.5108961640327436,14.672585818262704,24.263335726773363,9.59074990851066,32.24738351909963,21.39468118281775,-10.85270233628188
2018-11-23,23.04712649773397,1,23.998903473144765,13.960086885459944,-10.03881658768482,33.58579245557695,25.7238591756948,-7.861933279882152,12.7442919232559,29.011838217008943,16.267546293753043,20.861977518147683,24.809647569702236,3.947670051554553,14.23191874815042,24.374445138358766,10.142526390208346,32.8598748681281,20.40288200017912,-12.456992867948983
2018-11-30,22.013495141365656,1,22.864185021028604,12.722388545997617,-10.141796475030986,33.07431873806475,25.436724930768165,-7.637593807296582,13.665511134706222,27.759269921720872,14.09375878701465,20.10919817333027,24.294363311037415,4.185165137707145,14.08772947375131,24.687695804921958,10.599966331170648,28.28002830731279,17.180528333747915,-11.099499973564875
2018-12-07,21.071455475969973,1,22.286015891826864,9.43899699504263,-12.847018896784235,31.983902374253987,25.759253289648896,-6.22464908460509,15.130399117097241,22.32052155012694,7.1901224330297,22.76765859311486,26.522611988415832,3.754953395300973,12.870913701737962,28.09278419543807,15.22187049370011,21.389843177788933,14.29456483714749,-7.095278340641443
2018-12-14,21.324070679828406,1,22.349049349157,9.303238513413007,-13.045810835743993,32.33918005209519,26.130628516704604,-6.208551535390583,15.492905703817371,23.793147125760115,8.300241421942744,23.124384080345564,26.73991097256318,3.6155268922176163,15.666042593322771,27.947575271377573,12.281532678054802,18.972862300232535,14.029923679151892,-4.942938621080643
2018-12-21,22.194130106103483,1,22.63375755776657,9.460162069344335,-13.173595488422237,34.91474545453411,28.130745756749462,-6.783999697784651,15.39957079956018,22.88637628499481,7.48680548543463,24.508782755279313,29.018846222905083,4.51006346762577,15.170845144548608,28.66736348515026,13.496518340601654,20.537078924932118,15.001286817476966,-5.535792107455151
2018-12-28,22.095243516067978,1,23.425904001624872,7.8921922321353435,-15.533711769489528,35.02177807253646,29.71515843392892,-5.306619638607543,15.31215330955024,24.60003254114548,9.287879231595241,21.27977593309994,27.359915652717007,6.0801397196170655,14.994960834495416,29.76942322200567,14.774462387510255,22.536888945100927,13.234739014475423,-9.302149930625504
2019-01-04,22.244906891420715,1,23.58490719606695,7.4330857222123115,-16.15182147385464,33.83855006182537,32.26391545780065,-1.5746346040247232,17.552692031135336,26.598865780450424,9.046173749315088,18.84548420641761,24.246824278834268,5.401340072416659,16.028705645998357,29.606209319685334,13.577503673686977,23.619102207080658,13.320540789541297,-10.29856141753936
2019-01-11,23.561864343294573,1,25.549117106264916,9.092120401491513,-16.456996704773402,33.83571758375547,29.691645217772617,-4.144072365982851,18.645616285924362,30.383049804441058,11.737433518516696,18.75667228846943,25.890322677322942,7.1336503888535105,20.1376944425308,32.61402446918255,12.476330026651752,24.44636835282246,13.70002348955677,-10.74634486326569
2019-01-18,22.178456638827893,1,25.976375579322124,8.72112845865962,-17.255247120662503,31.88156125275229,27.401759726916836,-4.479801525835455,18.445779161395407,27.11111838254216,8.665339221146752,18.736559417655798,24.547825487971338,5.81126607031554,19.831121219972644,30.490692818052437,10.659571598079793,18.199343201869084,14.798214958824957,-3.401128243044127
2019-01-25,20.654978989345757,1,23.62395569213922,6.790097859171567,-16.833857832967652,30.499485364417964,26.849769226694747,-3.6497161377232175,17.541446305611586,27.31177044564369,9.770324140032102,17.582480101318495,23.7984810850635,6.216000983745005,17.72170899925554,28.79097889581314,11.0692698965576,16.960797473331738,10.3887764236879,-6.572021049643837
2019-02-01,22.77366694180128,1,29.540241588230103,9.652000584502375,-19.888241003727728,30.910202524726046,26.414476403714914,-4.495726121011131,16.48054137139505,27.642605980846767,11.162064609451718,23.385842503865916,26.07802475000176,2.692182246135843,15.934787964487043,32.03454448988191,16.099756525394866,20.39038569810353,14.82034944185996,-5.570036256243569
2019-02-15,22.773781705638644,1,29.653038286549304,14.11450660526576,-15.538531681283544,30.54421610976712,26.048413128281425,-4.495802981485696,15.648971268560473,27.8084949440222,12.159523675461728,20.341343123090795,29.357559464117728,9.016216341026933,18.338332105271704,26.801114056752255,8.462781951480551,22.116789340592476,12.512602035392504,-9.604187305199972
2019-02-22,22.95812912464326,1,29.407035058965988,13.468028026261337,-15.939007032704652,31.881434636683807,26.577110163018048,-5.304324473665758,14.824009671925822,26.8235269300816,11.999517258155777,19.41534784600441,27.614361872122075,8.199014026117666,18.742573829911265,28.77274560932078,10.030171779409514,23.47837370436828,14.493002147055705,-8.985371557312575
2019-03-01,22.74519423945605,1,24.47299837962143,12.780289289458082,-11.692709090163348,33.209943982897215,26.355736279700366,-6.854207703196849,12.920849024926838,27.53713705236825,14.616288027441414,19.543171905172215,27.995064520295713,8.451892615123498,21.302750646471495,26.306535835331687,5.003785188860192,25.021451497647107,15.496402459582228,-9.525049038064878
2019-03-08,21.72875811823702,1,25.590237290538397,14.855898496372149,-10.734338794166248,29.437609029070657,22.849939660145054,-6.587669368925603,10.652948805827748,23.929939209043425,13.276990403215677,21.60873746998429,29.428385688155558,7.819648218171267,20.87493164298631,27.37105620777976,6.496124564793448,22.2080844710147,11.937329447926174,-10.270755023088526
2019-03-15,22.95110828207642,1,26.199435245450303,11.382166373378993,-14.81726887207131,30.634326851119653,19.98335613357571,-10.650970717543942,7.910991879924168,27.41280061059689,19.50180873067272,26.85667716832566,35.99844945486397,9.141772286538313,20.691970885397808,32.25507736339539,11.563106477997579,25.41324766224092,10.674799756647573,-14.738447905593347
2019-03-22,20.09975971831489,1,23.144832562124478,6.844296674938647,-16.30053588718583,27.589609926511173,24.696726518670417,-2.892883407840756,6.443607092768801,20.062985494215653,13.619378401446852,27.039350477760124,34.612538799631224,7.5731883218711005,15.630487393596894,24.085401557348476,8.454914163751582,20.750670857127872,10.29660926508491,-10.454061592042962
2019-03-29,17.193682526013177,1,22.37484340072689,7.368715049830854,-15.006128350896034,19.63187269026122,19.431298533713758,-0.2005741565474608,4.2457641208652035,16.904295018258523,12.65853089739332,20.228229536613867,27.03107409808142,6.802844561467552,14.245719116746358,24.240789107123774,9.995069990377417,22.435666290865527,8.185923349070734,-14.249742941794793
2019-04-05,15.385091958133913,1,22.483384508214286,12.758116093218177,-9.725268414996108,15.776939442735852,15.245683024477728,-0.5312564182581241,3.3914370605445043,16.45319174948615,13.061754688941647,13.95055694381908,18.329694305173078,4.3791373613539974,15.627238650412153,21.603140544586964,5.975901894174811,21.0809951430776,7.920726031861378,-13.160269111216223
2019-04-12,16.319386677911876,1,25.066107395870475,15.342554605024645,-9.72355279084583,15.17599134097847,14.811562282912632,-0.3644290580658378,7.604533407957206,18.022727876155514,10.418194468198308,14.269891355196634,20.419130841137218,6.1492394859405834,14.994600619581988,21.53756699940753,6.542966379825543,20.80519594788649,7.782777462833735,-13.022418485052754
2019-04-19,15.05717845777175,1,23.99719512409422,13.650544081719616,-10.346651042374603,12.092332363692762,12.49264239531756,0.40031003162479806,7.176055472246389,16.075528913741834,8.899473441495445,13.387050927924207,18.548536225880994,5.161485297956787,13.963162502167393,21.199618720414534,7.236456218247142,19.727274356505532,8.376200409555949,-11.351073946949583
2019-04-26,17.20169084075639,1,23.617043279449433,16.245102589385695,-7.371940690063738,16.455391193827012,17.993069136330618,1.5376779425036062,19.941876521075514,19.622378045444094,-0.31949847563141986,15.090681451120531,18.256573405430785,3.165891954310254,12.992261263346109,23.327909875201343,10.335648611855234,15.112891335719752,7.765111992745815,-7.347779342973936
2019-05-03,16.557721890535678,1,23.347513741300176,15.664397895938208,-7.683115845361968,13.795692311492473,16.97900898101632,3.1833166695238475,19.83525777772104,20.703378381852175,0.8681206041311356,13.818211000516698,16.1393273751287,2.3211163746120036,13.289491293450695,22.889013812837632,9.599522519386937,15.260165218732993,6.971204896441037,-8.288960322291956
2019-05-10,17.021994447169224,1,23.634646201787163,15.046595347970452,-8.58805085381671,14.402259288907956,16.834386541762697,2.432127252854741,19.399642705021733,23.585958131377808,4.1863154263560745,15.022123522359834,16.782793861643455,1.760670339283621,14.609187806617825,22.202347040944943,7.593159234327118,15.064107158320837,7.679885759316008,-7.384221399004829
2019-05-17,17.5367250815252,1,22.853923459694457,15.660223083565185,-7.1937003761292715,14.898656120291605,17.246011921575302,2.3473558012836975,20.083642897669478,26.26876286439341,6.185119966723931,15.172333553502355,17.44717862773328,2.2748450742309245,17.092454060268977,21.064912818192795,3.9724587579238175,15.119340397724343,7.533261173691244,-7.586079224033099
2019-05-24,15.140502754544158,1,17.86655448067488,12.457932590248106,-5.408621890426772,12.095598843774553,12.61128606144193,0.5156872176673772,19.099249991773164,22.32602740013982,3.226777408366658,17.98208655012556,20.2817035295231,2.299616979397541,12.831836384357473,15.717479068068116,2.8856426837106426,10.967690276559324,7.448587877843892,-3.5191023987154324
2019-05-31,16.488952088441106,1,18.802470558768036,11.906717509260048,-6.895753049507988,14.65176976485371,13.5754594320466,-1.076310332807111,21.199406747817278,24.5087363754365,3.3093296276192206,24.051293025490764,25.60560281282605,1.554309787335285,9.578975515178783,13.080622216930905,3.5016467017521222,10.649796918538058,10.256574184146459,-0.3932227343915997
2019-06-14,17.998473528331868,1,16.453402235729286,17.621226726065217,1.1678244903359314,17.648846867649794,14.774618172910507,-2.874228694739287,20.64460880862788,30.468185032856482,9.823576224228603,32.84449304782075,25.53641352423638,-7.308079523584368,10.851144618423163,12.223753789618911,1.372609171195748,9.548345591740329,7.366643924303688,-2.1817016674366414
2019-06-21,18.144220629629345,1,21.276026376940237,14.105226930979157,-7.17079944596108,18.6432614150053,17.421727905128563,-1.2215335098767355,17.559807850124628,22.55000252239641,4.990194672271784,30.554517313429017,34.37683591119577,3.8223185977667526,11.129697846510354,12.931313152407341,1.8016153058969877,9.702012975766536,7.480217355668799,-2.221795620097737
2019-06-28,16.828538244925415,1,25.198371111885095,11.143982447456125,-14.05438866442897,15.123885006753255,13.772090431164727,-1.351794575588528,17.073715185153617,21.633440703338636,4.559725518185019,23.771325412501128,34.47882354745849,10.707498134957362,10.357360442420145,13.040453987872723,2.6830935454525786,9.446572310839244,6.902438352261768,-2.5441339585774756
2019-07-05,17.883498806590094,1,23.897153576466025,10.737784201159712,-13.159369375306312,15.000245603742258,13.627326624498679,-1.372918979243579,18.145507540677627,21.229609039148087,3.08410149847046,23.41086797626771,40.48173617705301,17.0708682007853,16.551050332069963,13.668353097715936,-2.8826972343540263,10.296167810316987,7.55618369996516,-2.739984110351827
2019-07-12,33.49363811001691,1,34.41119598068367,46.7317888168396,12.320592836155924,17.188116450442166,10.884756437952007,-6.30336001249016,35.810908949110924,18.924392539937898,-16.886516409173026,33.249173639111575,35.75629121458883,2.5071175754772526,40.55434543085347,50.92954743467847,10.375202003824995,39.74808820989967,37.73505221610467,-2.0130359937950004
2019-07-19,26.723860846581044,1,33.09605805626849,23.755605994071743,-9.340452062196746,13.940896059315506,13.09945017118308,-0.8414458881324265,16.907713967769524,15.043535590679141,-1.8641783770903828,28.124015477658602,42.6073760687175,14.483360591058897,33.525265099748225,44.82602800305912,11.300762903310897,34.749216418725894,21.01116925177567,-13.738047166950224
2019-07-26,26.138966839980252,1,34.21661568452225,26.250273853469224,-7.966341831053029,12.619502344784664,11.354927510601371,-1.2645748341832928,16.48154446831296,14.433016702685634,-2.048527765627327,24.289366128007785,39.7415041922134,15.452138064205613,34.68302428687764,41.78845404416792,7.105429757290281,34.54374812737619,23.26562473674393,-11.27812339063226
2019-08-02,26.378621485615525,1,34.02279048661228,26.13315537346061,-7.8896351131516695,17.10929428106627,13.229991055324135,-3.8793032257421345,17.40442626532071,15.33768352243385,-2.066742742886859,25.210490859319222,41.18658928232328,15.97609842300406,33.174464262481536,39.893842764425756,6.71937850194422,31.350262758893123,22.490466915725577,-8.859795843167547
2019-08-09,26.013875931298816,1,33.166486874970005,24.357450910282807,-8.809035964687197,17.370528611392785,12.5543041545656,-4.816224456827186,17.81027984812542,15.773272412179836,-2.0370074359455828,24.271338426743966,42.17691680219481,17.905578375450844,33.13814445382566,39.570233613487915,6.4320891596622545,30.32647737273507,21.651077695081923,-8.675399677653147
2019-08-16,24.294328204483293,1,29.890904198636846,24.678888622995927,-5.212015575640919,16.251871302444044,14.007589378463734,-2.24428192398031,17.84343625162097,16.75102278386437,-1.0924134677566002,22.776718056683734,36.645383428905745,13.868665372222011,29.676624320239,31.36614749439562,1.6895231741566192,29.32641509727516,22.316937518274358,-7.0094775790008015
2019-08-23,24.992874982909626,1,29.974381149456036,24.45939368096012,-5.514987468495917,17.191254156231224,15.07911313398877,-2.1121410222424544,17.788200972126944,16.842665305962058,-0.9455356661648864,24.00430611497032,39.488528037141165,15.484221922170846,31.176540338658796,31.834265883264862,0.6577255446060661,29.822567166014437,22.253283856140797,-7.56928330987364
2019-08-30,25.613186627866764,1,27.752928700647757,22.738631597536894,-5.014297103110863,20.711108744742802,15.675024544087535,-5.036084200655267,19.622317956451482,19.396969249063673,-0.2253487073878091,26.131115234417877,41.8443022358104,15.713187001392527,32.511899284186796,33.72893828826177,1.2170390040749766,26.949749846753875,20.29525385244027,-6.654495994313606
2019-09-06,26.161780858562054,1,30.169682251613708,24.577425223875522,-5.592257027738185,21.262283484044204,17.864018945137147,-3.398264538907057,20.52839210901304,21.66531843855357,1.136926329540529,26.753838525335496,39.543541596687035,12.78970307135154,30.989959677159874,32.978400488563295,1.9884408114034215,27.266529104206015,20.34198045855571,-6.9245486456503045
2019-09-13,25.270948666878507,1,29.570400817156326,25.781817771708134,-3.788583045448192,20.212859355141703,17.445075233973498,-2.767784121168205,21.271492208914452,21.065200685199073,-0.20629152371537884,24.156317327815486,36.175849008848786,12.0195316810333,29.958386465104027,30.604870699242028,0.6464842341380006,26.45623582713904,20.552878602299515,-5.9033572248395245
2019-09-20,26.34297144793719,1,31.62052291680031,25.889010610183576,-5.731512306616736,19.699841379084447,17.95062630610505,-1.7492150729793963,22.616572737220068,23.927976522888372,1.311403785668304,23.320915736653234,39.57239604491825,16.251480308265016,33.17743705186547,31.30251226593056,-1.8749247859349083,27.622538865999616,19.415306937597336,-8.20723192840228
2019-09-27,26.824309500960595,1,31.25511555871951,26.836254923052408,-4.418860635667102,19.66896399885914,15.19784431391659,-4.4711196849425505,22.668016959333187,24.286548900468958,1.618531941135771,23.766673017635043,40.52619604364851,16.75952302601347,34.0774868108076,33.872479188420726,-0.20500762238687287,29.509600660409077,20.226533636256377,-9.2830670241527
2019-10-04,29.005974480565442,1,35.77749172333395,29.27626369860195,-6.501228024732001,20.135788557862597,14.987662304862681,-5.148126252999916,23.602753331894846,24.67147614996989,1.0687228180750452,24.54696697093067,43.15509140731699,18.60812443638632,36.56954751412157,37.1794854724496,0.6099379583280324,33.40329878524905,24.76586785019164,-8.63743093505741
2019-10-11,29.11658366129338,1,37.40055366287092,31.7187774693285,-5.681776193542419,15.378210623272238,14.40161731678316,-0.9765933064890788,24.64846366967113,24.29882341042537,-0.3496402592457599,24.893390563840143,43.75965534014057,18.866264776300426,38.11691695368531,35.99380848935318,-2.123108464332134,34.261966494420534,24.526819941729514,-9.73514655269102
2019-10-18,30.612690267363117,1,37.174198427205084,29.217429011655113,-7.956769415549971,16.920399646726835,13.824997121531538,-3.095402525195297,24.57444356504533,21.363932799335714,-3.210510765709614,27.53622003698746,53.39420612521222,25.857986088224763,40.88168893937084,38.93914230690232,-1.9425466324685203,36.589190988843136,26.936434239541775,-9.65275674930136
2019-10-25,27.49630971049173,1,36.50782837076162,30.14370034152433,-6.364128029237293,21.24695740030326,14.18701451111292,-7.059942889190339,22.202955077761047,19.662064663871206,-2.5408904138898407,24.36681590185843,42.76891955045399,18.402103648595556,32.223808254918325,34.60362037301688,2.379812118098556,28.4294932573477,23.612538822971047,-4.816954434376655
2019-11-01,26.60592889367716,1,37.6560901421187,34.42323057783028,-3.232859564288418,21.633404808431436,15.175283968539105,-6.458120839892331,22.60098158242012,20.298192714487115,-2.3027888679330033,18.72156117187066,34.07825303024963,15.356691858378966,26.742693737434294,30.52786006236613,3.7851663249318364,32.28084191978775,25.13275300859074,-7.148088911197007
2019-11-08,28.086463365189474,1,38.54011795056392,35.433044472876254,-3.1070734776876634,23.56181496578735,17.283938963658386,-6.277876002128963,23.637840800365225,22.176312486498176,-1.4615283138670492,18.759290098888357,34.42619784506675,15.666907746178396,33.45843859952343,31.491937676705987,-1.9665009228174455,30.561277776008595,27.707348746331377,-2.853929029677218
2019-11-15,31.310887958173904,1,40.77856032770324,37.92341579041368,-2.8551445372895614,24.820670855708485,19.880456108172098,-4.940214747536388,24.27453795319302,23.034594600035234,-1.2399433531577841,18.95450590127726,35.93807692560527,16.983571024328015,35.856655036975866,37.50052075858194,1.6438657216060761,43.18039767418556,33.58826356623518,-9.592134107950386
2019-11-22,30.60712544284893,1,41.62624756909803,38.082997409924516,-3.5432501591735104,22.88261446204227,18.441524727221207,-4.4410897348210625,23.325417938326552,21.804815902068185,-1.5206020362583672,18.83406390737244,34.89467499493715,16.06061108756471,35.12690443967281,39.0934491399716,3.9665447002987833,41.847504340581466,31.325290482970914,-10.522213857610552
2019-11-29,30.346492026908304,1,40.465131040934594,36.452330426230205,-4.012800614704389,22.353253614305146,18.959657589858338,-3.3935960244468077,24.37540480853852,24.677244957758205,0.3018401492196858,18.950429129558913,34.515994822903,15.565565693344084,33.69865508172634,37.832541800711454,4.13388671898511,42.23607848638632,29.641182563988636,-12.594895922397683
2019-12-06,30.81903597002925,1,42.9512991242405,41.77202398655488,-1.1792751376856216,23.501340149235915,15.898436594777891,-7.602903554458024,24.649528439640875,23.389902982006177,-1.259625457634698,14.520432224615405,36.939913009961344,22.41948078534594,34.91491003115918,37.34622257842224,2.4313125472630617,44.37670585128364,29.567716668452952,-14.808989182830686
2019-12-13,29.013146751698912,1,43.4037217607956,42.82081018661983,-0.5829115741757676,22.40315857465302,15.44293681300499,-6.960221761648029,22.254161017016415,22.08015067163761,-0.17401034537880378,14.5371125704702,33.018704935875874,18.481592365405675,31.203135117850493,29.772782805561633,-1.4303523122888606,40.277591469407746,30.943495097493575,-9.334096371914171
2019-12-20,31.078017808373133,1,46.16723466835493,46.28952449370603,0.12228982535110333,21.95045847455468,13.189397734788088,-8.761060739766592,22.970934403123607,19.219510777967955,-3.7514236251556525,14.811504036510982,36.04037182952848,21.2288677930175,34.412683144734174,29.05902618498996,-5.353656959744214,46.15529212296041,42.67027582925828,-3.485016293702131
2019-12-27,32.77281129965288,1,45.76225743716239,47.500923096885415,1.7386656597230257,24.902866316571604,14.690962350780396,-10.211903965791208,27.64462873751698,21.25518329489688,-6.389445442620101,18.857993524748238,43.47845088024381,24.620457355495574,35.10449439971619,28.990135048724767,-6.114359350991421,44.364627382201874,40.72121312638596,-3.6434142558159124
2020-01-03,33.02762260933519,1,44.16750302561949,48.829643452471224,4.662140426851735,25.863661240344456,13.364047241577254,-12.499613998767202,31.292980394572737,23.266061821048098,-8.02691857352464,19.914864132796694,40.15823557629301,20.243371443496315,30.999408741714348,26.81845203342364,-4.180956708290708,45.92731812096339,45.72929553119789,-0.19802258976550036
2020-01-10,31.83964526112293,1,43.599938742881136,47.16406408224512,3.564125339363983,23.83774520433805,11.418581883111827,-12.419163321226222,31.382139355055145,23.16133697513702,-8.220802379918126,20.30460658423671,37.88193234748459,17.577325763247885,26.597169254721678,26.784764052623686,0.18759479790200828,45.31627242550485,44.627192226135335,-0.6890801993695135
2020-01-17,34.826646349684495,1,46.071108118583666,53.19895047298323,7.1278423543995615,24.554249105994742,11.516231693358435,-13.038017412636307,41.655185977167456,35.08481248313604,-6.570373494031415,20.97192588139218,38.33647025236658,17.3645443709744,28.444122154893236,25.87314001904616,-2.570982135847075,47.26328686007566,44.95027317721647,-2.313013682859193
2020-01-24,35.18805033791173,1,46.529685425510436,52.9641960629809,6.434510637470467,24.623895504366175,11.678405234404735,-12.94549026996144,42.422801500201416,35.1288802938186,-7.293921206382819,21.697404780763932,38.16323906970827,16.465834288944336,27.529259161601246,26.69873666758373,-0.8305224940175151,48.325255655027206,46.49484469897416,-1.8304109560530435
2020-01-31,40.1284336229131,1,51.02039301493487,54.817305915938675,3.7969129010038074,27.743695791458933,17.966978220709322,-9.77671757074961,50.24169357875784,44.97059461824262,-5.271098960515218,25.235926462699737,40.667892450587544,15.431965987887807,32.50225260179194,30.194199627068926,-2.3080529747230116,54.02664028783529,52.15363090493149,-1.8730093829038026
2020-02-07,40.29825439261729,1,51.53158368647433,55.13607960755069,3.6044959210763636,29.3085161879752,19.745303883778234,-9.563212304196966,50.926460080547095,45.604941932127126,-5.321518148419969,25.88909342258573,42.320380006280885,16.431286583695154,33.80300081746543,31.1071114177672,-2.695889399698231,50.33087216065598,47.87570950819964,-2.4551626524563375
2020-02-14,38.36941284366772,1,51.70650422901911,55.44837967875872,3.7418754497396094,27.10843347967986,26.268361667615324,-0.8400718120645365,49.893180093557575,40.387810359469555,-9.50536973408802,21.44045825153964,39.57637283156238,18.135914580022742,33.23762372066852,28.66161120244172,-4.576012518226804,46.83027728754161,39.87394132215861,-6.956335965383005
2020-02-21,38.07331734219286,1,48.6724294539798,52.36801804076873,3.6955885867889293,31.864959067726943,27.840473327601643,-4.0244857401253,50.730396867087926,41.10015138159438,-9.630245485493546,20.86906917546176,41.24419547080204,20.37512629534028,30.233631176719484,28.268364247781548,-1.965266928937936,46.06941831218124,37.61870158460886,-8.450716727572384
2020-02-28,44.58103511878418,1,53.76491512190912,53.885346670504426,0.12043154859530603,38.88502425994924,31.25075586159965,-7.63426839834959,57.77499881479114,50.376867408735755,-7.398131406055384,26.822395110776753,49.5366843137506,22.714289202973845,39.59812990246697,40.2357567893283,0.6376268868613266,50.64074750281185,42.20079966878636,-8.439947834025489
2020-03-06,41.564274821188455,1,51.186185882142,61.30974776058716,10.123561878445159,34.77258671472903,30.158346770394502,-4.614239944334528,50.801702883077226,42.58710056940288,-8.214602313674348,22.11592555967546,33.35977636679918,11.24385080712372,42.159827862316824,39.704580215865384,-2.45524764645144,48.34942002519017,42.26609724408162,-6.083322781108549
2020-03-13,48.593747102644556,1,55.787115627679334,64.63293972183254,8.845824094153208,41.804037374969354,22.56083047475842,-19.243206900210936,59.844651241339996,72.82648966117921,12.981838419839214,31.76897547512975,31.094952787389133,-0.6740226877406172,47.48755981915384,46.57500228728548,-0.9125575318683588,54.870143077595046,53.87226768342252,-0.9978753941725245
2020-03-20,49.603632321627096,1,58.16465632964363,59.16307848903906,0.9984221593954317,46.32677372390205,30.254939081956508,-16.071834641945543,63.03653013548229,74.63603844142781,11.599508305945527,37.16245631107675,34.920389200374615,-2.2420671107021377,32.45710746142804,44.2561474751043,11.799040013676262,60.47426996822979,54.39120124186026,-6.083068726369532
2020-03-27,52.7943317737758,1,60.49794884788582,65.11271965420318,4.6147708063173525,50.02662952752858,42.247378644113674,-7.779250883414903,65.65878442316259,76.70624768877792,11.047463265615335,44.18493620864496,38.04844182949713,-6.136494379147834,35.09252050442076,33.03893680808322,-2.0535836963375402,61.30517113101213,61.61226601797971,0.30709488696757603
2020-04-03,54.80093575744564,1,61.634554216991226,67.65892245071478,6.024368233723557,52.393147114059175,42.32665613368961,-10.066490980369565,66.72667020075804,72.89450569516866,6.167835494410625,44.771278402573024,44.89558429755947,0.12430589498644906,41.034285514801546,39.75026573805467,-1.2840197767468737,62.24567909549084,61.2796802294867,-0.9659988660041421
2020-04-10,51.25554031128491,1,57.32697741786217,45.79613503563317,-11.530842382228997,56.07815035954825,54.050210944248924,-2.027939415299329,66.50967391278628,73.12612583388072,6.616451921094438,41.095627705880965,59.40853935924596,18.312911653364992,29.144983333568675,24.359271632406234,-4.785711701162441,57.37782913806313,50.792959062294464,-6.584870075768663
2020-04-17,52.40978590039117,1,52.88775478398977,47.67716975442128,-5.210585029568492,57.16610437329045,52.24827601028734,-4.91782836300311,67.23218931206091,71.4886694139307,4.2564801018697835,48.28212880387007,58.53023420269434,10.248105398824265,31.980751178789518,30.568542137305542,-1.412209041483976,56.909786950346316,53.9458238837078,-2.963963066638513
2020-04-24,53.68183035150307,1,54.82873073147376,43.36362074108589,-11.465109990387873,58.12302820572197,54.81960565368205,-3.303422552039919,68.17390424891344,72.54803021659869,4.374125967685245,49.29368971416571,62.49735604023401,13.203666326068301,33.772543287431745,33.518419008119835,-0.2541242793119096,57.89908592131175,55.34395044929795,-2.555135472013802
2020-05-01,55.755998564051765,1,56.53900994974058,44.439990613512954,-12.099019336227627,62.13390152700451,61.439652112217146,-0.6942494147873646,69.2917760261222,72.59589241573043,3.3041163896082253,51.87244324243352,64.00796167253665,12.135518430103133,36.41920225558022,34.27921147070087,-2.1399907848793447,58.279658383429506,57.773283099612485,-0.5063752838170217
2020-05-08,56.3121096839196,1,56.785030685275714,45.6713062194638,-11.113724465811913,62.87945267831077,62.962699197700616,0.08324651938984573,68.95881548856059,69.5962085113068,0.6373930227462097,52.817012997793725,65.15994143677308,12.342928438979357,37.294985902383985,35.43504114727769,-1.859944755106298,59.13736035119287,59.047461590995695,-0.08989876019717258
2020-05-15,56.236545899373965,1,59.1416234851323,47.47781990229164,-11.663803582840657,61.28685400283909,61.30897671724789,0.022122714408794764,66.20151313264016,65.8357471807075,-0.3657659519326586,53.04277873475703,68.8438732550683,15.801094520311274,38.61129983196169,37.068636364120266,-1.5426634678414217,59.13520620891355,56.884221976808185,-2.250984232105367
2020-05-22,54.935266444945874,1,58.57357139242441,42.657881140972776,-15.915690251451636,59.947722920258656,56.07904052003221,-3.8686824002264473,64.79302872348302,66.12492964457832,1.331900921095297,50.27259481042746,70.65768000099715,20.38508519056969,37.597496278047,39.05188706367968,1.4543907856326825,58.42718454503471,55.040180299415105,-3.3870042456196074
2020-05-29,53.86406267927065,1,58.125047137658704,43.141355902148554,-14.98369123551015,59.44927926713738,54.175703456381406,-5.273575810755972,64.49502653091834,65.89368205663786,1.3986555257195192,48.04486135706696,67.08598090583172,19.04111954876476,36.69493004904304,37.93548675524697,1.2405567062039324,56.37523173379947,54.952166999377354,-1.4230647344221126
2020-06-05,57.70296382150639,1,61.109477743010835,47.23608590024747,-13.873391842763368,61.59306860349226,62.353155044170016,0.7600864406777532,66.25601682670816,72.44916196826182,6.193145141553657,53.655288467103446,63.38906978757596,9.733781320472517,42.518923096999515,45.56030057463438,3.0413774776348674,61.085008191724135,55.23000965414871,-5.854998537575426
2020-06-12,55.34751336069741,1,58.59918159831067,48.136295605180784,-10.462885993129888,60.277552242761686,61.544792261684805,1.2672400189231183,60.60469342513593,57.80951767824303,-2.7951757468928946,53.323186885208244,66.67588894495401,13.352702059745766,38.656541650795994,42.787366274379245,4.130824623583251,60.62392436197192,55.131219399742584,-5.49270496222934
2020-06-19,55.5205796597209,1,59.03553795336685,49.75114016893132,-9.284397784435527,61.49467895082245,61.67948190652919,0.18480295570674343,60.686984450553176,57.28012172838303,-3.406862722170146,54.76015696000287,69.6287551761821,14.86859821617923,39.63075612608061,41.556346015268545,1.9255898891879326,57.51536351749946,53.22763296303122,-4.28773055446824
2020-06-26,55.584729534128996,1,58.3134053470539,48.27792145549064,-10.03548389156326,61.606140733977725,61.934100238175915,0.32795950419819064,60.513047158054796,57.10623138333114,-3.406815774723654,55.200018685774594,71.07090493706575,15.870886251291154,40.04804053411735,42.215064030557315,2.167023496439967,57.82772474579566,52.90415516015325,-4.9235695856424115
2020-07-03,55.129667625422,1,58.3357330084024,48.36632030647381,-9.96941270192859,61.066527433977214,61.225330595214416,0.15880316123720206,60.324994087544404,58.00119428705327,-2.3237998004911304,55.30610919913299,71.34480730762864,16.03869810849565,39.489392087795416,42.266985177792726,2.7775930899973105,56.25524993567962,49.573368078369164,-6.681881857310458
2020-07-10,53.92262221930982,1,57.60252688239625,47.09673907698614,-10.505787805410108,63.82406082065478,55.29698477591076,-8.527076044744021,60.27429588138011,58.126279321557604,-2.1480165598225085,47.70411947617092,72.29421913764463,24.590099661473708,37.600985488526845,43.391762140281486,5.790776651754641,56.52974476673002,47.32974886347834,-9.199995903251676
2020-07-17,53.091895038948415,1,57.923215675919415,54.937756928389355,-2.9854587475300605,60.004071065148956,54.77695421053817,-5.2271168546107845,58.63242870458332,59.693692124373044,1.061263419789725,49.98468905730973,65.62878139829473,15.644092340985004,37.07208495008696,40.817640707309465,3.7455557572225047,54.93488078064203,42.696544864785665,-12.238335915856368
2020-07-24,52.89228065980908,1,58.200914951297854,45.793506622063624,-12.40740832923423,60.53549771226149,53.85770162348189,-6.677796088779601,58.00287396393246,62.27841598550127,4.2755420215688105,48.29600083980632,72.56772112712997,24.271720287323653,36.752070081739056,41.0689030865179,4.316833004778843,55.566326409817265,41.78743551415981,-13.778890895657455
2020-07-31,52.63729679153511,1,57.87609830792263,44.82048457286062,-13.05561373506201,59.62010189766078,51.87277871200806,-7.747323185652718,57.39953592215978,59.35368104554431,1.954145123384535,47.58991992604674,75.38673267959146,27.79681275354472,39.38795229391568,44.56998402391303,5.182031729997348,53.95017240150505,39.82011971529321,-14.13005268621184
2020-08-07,51.78764778458247,1,54.894605272642295,46.76040351221539,-8.134201760426905,58.61903801046205,51.11398363643316,-7.505054374028887,56.72308935774262,60.76589833529076,4.042808977548134,49.03484014162608,75.67940768917019,26.644567547544113,40.894605118894255,45.34240612461807,4.447801005723818,50.559708806127446,31.063787409767173,-19.495921396360274
2020-08-14,51.49788890298294,1,54.685709801538415,46.679176255868775,-8.00653354566964,58.44134821125798,50.919563301456215,-7.521784909801767,56.24191817248988,60.102745748065665,3.860827575575783,47.626181210330884,74.90339049614882,27.277209285817932,41.47853539478632,44.42993155150745,2.951396156721131,50.513640627494205,31.952526064850794,-18.56111456264341
2020-08-21,51.55581373596667,1,54.10701086582218,45.757048966863785,-8.349961898958398,58.83844589808444,49.93806392569687,-8.900381972387564,56.83082306734583,61.276144068472675,4.4453210011268425,47.34935930836752,73.01801958359317,25.668660275225655,39.56664867735172,43.75573351595942,4.189084838607698,52.64259459882831,35.5898723552141,-17.052722243614213
2020-08-28,52.28507293533216,1,54.83478926001146,45.46563688807282,-9.36915237193864,60.65929754038323,52.2235671431769,-8.435730397206328,57.709570216052654,62.13774802391575,4.428177807863094,48.035152336359545,73.62934150607879,25.594189169719243,39.77392969467698,43.70330832435424,3.9293786296772595,52.697698564509146,36.55083572639449,-16.146862838114657
2020-09-04,52.04988772240042,1,56.55324413556028,51.35182319824027,-5.201420937320009,59.32974780543595,51.51004171461489,-7.819706090821057,57.28613578118598,61.524208613589444,4.238072832403461,48.34414966097293,70.37666270069364,22.032513039720712,42.138265672201015,44.562977280146455,2.42471160794544,48.64778327904638,32.97361282711782,-15.67417045192856
2020-09-11,51.71969593506049,1,55.083891730810194,52.32682282770695,-2.757068903103246,59.37182665936141,50.670130721073384,-8.701695938288026,57.362867108682394,61.90661116503952,4.543744056357127,47.3226173452815,68.15100100784743,20.828383662565926,41.410950844180654,43.82865344133604,2.417702597155383,49.76602192204682,33.43495644735967,-16.33106547468715
2020-09-18,52.31119329009564,1,58.32528527560069,53.37246734219623,-4.952817933404461,60.14213066353914,59.76390980472254,-0.3782208588166043,57.86754130333818,61.710587015483746,3.8430457121455674,44.84327159140725,65.63347807172514,20.790206480317885,46.85823491597861,42.223944808882976,-4.634290107095637,45.83069599070996,31.162772697563206,-14.667923293146757
2020-09-25,53.044019776125985,1,57.680881531500475,54.24669715648007,-3.4341843750204077,59.34635538670328,61.34953331092527,2.003177924221987,57.88337868220399,63.42172872173746,5.538350039533469,45.35960912884781,63.111705512766775,17.752096383918968,46.083898948473156,40.30806166387429,-5.775837284598865,51.90999497902718,35.82639229097202,-16.083602688055166
2020-10-02,48.612849536476745,1,52.93402906405561,50.77847705309122,-2.155552010964385,55.943414747413044,53.76133240851378,-2.1820823388992636,52.867506006566465,57.6207955652256,4.753289558659134,40.59719240311852,56.78025805643495,16.183065653316433,44.35854504634421,36.89631985337309,-7.462225192971118,44.976409951362605,35.839914282221805,-9.1364956691408
2020-10-09,47.67713198671438,1,52.109303297854346,52.48905273641048,0.3797494385561322,56.244067155040455,58.29493989889437,2.0508727438539154,51.48706138192805,56.55094610124598,5.063884719317926,37.34060462824641,54.01283545729457,16.67223082904816,45.23982089067182,33.90258069827277,-11.337240192399051,43.64193456654519,30.812437028168134,-12.829497538377055
2020-10-16,47.40533836812836,1,50.045429322608015,47.632672317970304,-2.4127570046377116,56.45229352950813,54.088371752233904,-2.3639217772742285,51.22183483611851,59.31007002524887,8.088235189130359,33.345769688033116,67.17299824331877,33.82722855528566,43.40432300859988,26.42425320187791,-16.98006980672197,49.962379823902545,29.803664668120426,-20.15871515578212
2020-10-23,44.07894227045684,1,46.1581477497862,38.10421899761915,-8.053928752167053,55.79932751210011,57.22594807779111,1.426620565690996,51.03986616862859,64.29640328997503,13.25653712134644,33.37611060677571,41.59133801809317,8.215227411317457,43.20228766902069,28.014608311361187,-15.187679357659505,34.897913916429744,35.241136927901366,0.34322301147162193
2020-10-30,41.04630612564521,1,42.5001336309376,36.15236977860076,-6.34776385233684,51.76313849328363,56.57442908526239,4.811290591978761,48.32758746372052,57.534943089673334,9.207355625952815,30.715254030688754,36.151375539220666,5.436121508531912,41.26814229707048,27.123945281182515,-14.144197015887968,31.703580838170268,32.7407739799316,1.0371931417613354
2020-11-06,41.841066886740784,1,44.66925106980555,36.5235641400081,-8.14568692979745,52.67167469054086,56.81775554292796,4.146080852387101,49.7975437205162,59.857806322312896,10.060262601796694,33.05067122079373,38.06166856482061,5.010997344026876,39.8986892593574,28.347278565212193,-11.551410694145204,30.958571359430962,31.438328185162945,0.4797568257319824
2020-11-13,43.64878941173081,1,47.56941785045329,37.970862343629335,-9.598555506823956,53.66056308018324,56.373607228996306,2.7130441488130685,51.259282616042135,61.34920201342327,10.089919397381138,35.189216022942034,42.67526451612339,7.486048493181357,42.78467894280471,31.073292757982934,-11.711386184821777,31.429577957959438,32.45050761022959,1.020929652270155
2020-11-20,41.995116650290534,1,45.97128673008751,37.96457869781639,-8.00670803227112,49.81559730070754,49.86448916771239,0.048891867004854817,49.42299901991125,61.51122155043809,12.088222530526835,35.00188858353344,41.62582809470031,6.623939511166867,41.68543783780109,29.600059406212594,-12.085378431588495,30.073490429702375,31.404522984863462,1.3310325551610873
2020-11-27,39.788671180823584,1,44.72417570085408,33.19019218457476,-11.53398351627932,49.72573905814504,51.24917601859883,1.5234369604537932,47.076248020115194,57.68996263793104,10.613714617815845,30.987056578150728,37.65200707516006,6.664950497009329,37.95553847573688,24.107964242145876,-13.847574233591004,28.26326925193959,34.84272492653099,6.579455674591401
2020-12-04,38.981872066713656,1,44.609019154068655,28.26878440009211,-16.340234753976546,47.5340079781824,44.359348928504275,-3.1746590496781266,41.879982089780086,46.68872069337313,4.808738603593042,31.254266739016415,46.652256511525536,15.39798977250912,40.15073973858115,32.06765144974703,-8.08308828883412,28.46321670065322,35.854470417039835,7.391253716386615
2020-12-11,31.5448783938961,1,40.23771082596774,20.649791366744182,-19.587919459223556,33.20807028423684,32.985190296767286,-0.22287998746955395,29.7375942247606,42.868195315839316,13.130601091078717,25.124820944351157,43.85394661882553,18.729125674474375,31.61209126996046,16.34061397924762,-15.271477290712838,29.3489828140998,32.571532785952655,3.2225499718528567
2020-12-18,29.1895508512501,1,29.44010365904566,19.105602384593467,-10.334501274452194,30.222347653317755,26.000448111411913,-4.221899541905842,29.930220096811126,46.61468085887145,16.684460762060326,22.2419612134633,39.414646370019724,17.172685156556426,35.10837786641521,24.415262800127792,-10.693115066287419,28.19429461844753,19.586664582476217,-8.607630035971312
2020-12-25,28.806254087841882,1,27.934391437970646,22.444797189881513,-5.4895942480891335,30.576834101199537,22.267548214193752,-8.309285887005785,31.447039037976282,41.777891648067296,10.330852610091014,23.43164770707233,40.122813364382026,16.691165657309696,33.48948554175034,26.4743918263667,-7.015093715383642,25.95812670108218,19.750082284160058,-6.208044416922121
2021-01-01,30.800437374486915,1,30.138472405145933,22.289638643700073,-7.84883376144586,31.104089323736517,21.401918954417994,-9.702170369318523,32.340347639985666,46.55363553838586,14.213287898400196,25.926873532207765,45.0967497280826,19.169876195874835,36.91998590374791,30.64395444353422,-6.276031460213687,28.372855442097674,18.81672693880077,-9.556128503296904
2021-01-08,26.786921279836864,1,26.507600595688857,24.47796985047421,-2.0296307452146465,28.873811245336483,18.93307432316918,-9.940736922167304,30.972281151159166,39.647768020619765,8.675486869460599,25.74015587151679,32.29742661569999,6.557270744183199,33.480786325471826,29.08683670872945,-4.3939496167423755,15.146892489848057,16.27845216032857,1.131559670480513
2021-01-15,27.568563113830184,1,31.727053079402324,23.624878501120946,-8.102174578281378,29.241291408218345,18.943817043620328,-10.297474364598017,32.76126325717854,42.46310337658885,9.701840119410306,24.037939125070622,36.19246076190268,12.154521636832058,34.44691132472775,26.09013427343845,-8.3567770512893,13.19692048838354,18.09698472630984,4.900064237926301
2021-01-22,26.9918466834459,1,31.806575254382267,22.317318983405656,-9.489256270976611,26.940055326290164,18.938404015430038,-8.001651310860126,33.19279721773694,41.818511284169944,8.625714066433005,23.927119916250092,34.79479521381455,10.86767529756446,34.30628853088771,27.18053383047618,-7.125754700411534,11.778243855128238,16.901516773379043,5.123272918250805
2021-01-29,27.32849348446979,1,32.74911819778727,24.28111395642641,-8.468004241360859,27.194173903237825,20.312091871962252,-6.882082031275573,34.75680716856496,41.08826108467572,6.33145391611076,24.642925813524272,31.444527879200393,6.801602065676121,33.22103750918542,26.85072838406333,-6.370309125122091,11.406898314518955,19.994237730490596,8.587339415971641
2021-02-05,26.47847514287196,1,32.672955301770244,24.881200376685612,-7.791754925084632,30.470531670402792,19.826136842307278,-10.644394828095514,32.12245249274753,36.23299463965091,4.110542146903384,18.811729014227637,28.65987414354288,9.848145129315242,32.16058721777142,26.559610423724976,-5.600976794046446,12.63259516031215,22.711034431320115,10.078439271007966
2021-02-12,24.79318127720155,1,32.19663162805021,25.37339230715257,-6.823239320897642,20.150535647461354,14.747681574607796,-5.4028540728535575,30.12140304225774,35.82585788878917,5.7044548465314335,20.930220360229768,26.02715651148793,5.096936151258163,32.78000472098324,27.890850679347153,-4.88915404163609,12.58029226422697,18.894148701824676,6.313856437597707
2021-02-19,24.85054011956747,1,34.07049414581428,27.753110150938596,-6.317383994875684,20.886283306161914,14.290785487058628,-6.5954978191032865,31.251318332908028,37.46231297909617,6.210994646188141,18.610810003958363,22.18617169401871,3.5753616900603475,34.076648726185766,28.65559743992347,-5.421051286262298,10.207686202376465,18.755262966369244,8.54757676399278
2021-02-26,25.740462469364825,1,33.40355457448199,29.128171805572507,-4.2753827689094805,22.67828305788086,17.179338902239948,-5.498944155640913,29.561222951470256,39.78941275016069,10.228189798690437,20.08477355078604,19.328182261799512,-0.7565912889865274,37.008610097156456,31.299476758561376,-5.70913333859508,11.706330584413337,17.7181923378549,6.011861753441565
2021-03-05,24.936849480739465,1,33.3400324931183,38.07031673251767,4.730284239399367,28.026265813594065,13.188019697671763,-14.838246115922303,23.812842251923016,26.861970045801527,3.0491277938785117,20.66831538121211,12.53607363032232,-8.13224175088979,31.87254756011579,25.225847453546507,-6.646700106569284,11.901093384473498,33.73886932457701,21.837775940103512
2021-03-12,23.95350580789268,1,26.394490400527516,34.70498798945064,8.310497588923127,17.43895429669338,12.744111269383865,-4.694843027309517,29.860083355450527,31.481365260604917,1.6212819051543903,24.048428943184504,16.4489330478618,-7.599495895322704,33.87326152269584,35.27280035926951,1.3995388365736687,12.10581632880428,13.06883692078533,0.9630205919810493
2021-03-19,26.086976466507394,1,25.882262291995616,48.391972615834604,22.509710323838988,23.526675750252366,14.544962755003496,-8.98171299524887,23.247434955792826,31.422747338846804,8.175312383053978,35.387639948342596,11.919714782593687,-23.46792516574891,32.89351908199825,35.696970541312965,2.803451459314715,15.584326770662713,14.545490765452755,-1.0388360052099586
2021-03-26,23.096492590586777,1,25.341199959065364,33.85062207540548,8.509422116340119,21.585304590849276,13.68846355631183,-7.896841034537445,23.8939417764377,30.60999887775101,6.716057101313311,24.4702511211882,13.366637331151438,-11.10361379003676,31.427900962741433,33.60366213293182,2.175761170190384,11.860357133238693,13.459571569969086,1.5992144367303922
2021-04-02,23.937829676552223,1,26.032340610190502,34.76318784406318,8.73084723387268,22.522329549063485,16.050583533035763,-6.471746016027723,23.43224236711292,29.85491916773252,6.422676800619598,24.768677202039,13.153113772694653,-11.615563429344348,31.539162682734954,32.70125613542062,1.1620934526856672,15.332225648172496,17.103917606366593,1.771691958194097
2021-04-09,24.20785765284926,1,25.95715123916642,36.052812103019846,10.095660863853425,19.566443930856394,13.894097601216217,-5.6723463296401775,24.542230086147228,33.11572245792985,8.57349237178262,31.247733401171004,14.910589363110304,-16.3371440380607,30.691061144608966,30.927664694518555,0.23660354990958865,13.242526115145566,16.346259697300795,3.103733582155229
2021-04-16,24.49855922723349,1,27.915338471388537,36.91818923419103,9.002850762802495,17.383603455657422,15.10744996131524,-2.276153494342182,23.846366432440192,35.523939396385884,11.677572963945693,30.947873145161253,14.76037344352089,-16.187499701640363,28.55061318392191,29.403222537658294,0.8526093537363835,18.347560674831627,15.278180790329586,-3.069379884502041
2021-04-23,27.573913924427472,1,28.753700205630395,31.531979810298026,2.778279604667631,14.621363963178723,31.195248142332304,16.57388417915358,24.779734100300402,38.945894781077826,14.166160680777423,28.601900494914048,13.004762556110236,-15.597137938803812,30.010549951670043,33.34806752295667,3.337517571286625,38.67623483087122,17.417530733789803,-21.25870409708142
2021-04-30,27.90710357010819,1,28.935476760471005,35.674570022991574,6.739093262520569,13.69592398438823,32.323717762636974,18.627793778248744,37.19951781122489,38.30739515745615,1.1078773462312625,28.145721394237697,11.403169430143905,-16.742551964093792,31.930800140032204,32.06429477572773,0.1334946356955271,27.535181330295103,17.669474271692806,-9.865707058602297
2021-05-07,27.724425326401107,1,29.262120716475465,35.47713525602376,6.215014539548292,9.35259732310881,29.62027435500977,20.26767703190096,36.132666597868734,34.716939328609556,-1.415727269259179,26.30674285857694,13.196949286866811,-13.109793571710128,31.39720783466595,31.172287350516044,-0.22492048414990506,33.89521662771077,22.1629663813807,-11.732250246330068
2021-05-14,28.213426455019754,1,30.44634600473185,34.49091297082164,4.044566966089789,10.18203073893092,27.30389420290311,17.12186346397219,37.178718209945146,35.5647220428382,-1.6139961671069472,25.349877174204522,11.433768176652165,-13.916108997552357,31.484174152483135,36.19500863902016,4.710834486537024,34.63941244982294,24.29225269788327,-10.347159751939671
2021-05-21,27.02068387407273,1,30.151625572972122,35.33021601249591,5.178590439523788,9.832349082423931,27.537114304101124,17.704765221677192,36.22796650692834,30.07385869814709,-6.154107808781248,23.66349509169946,11.78583848604346,-11.877656605656,31.541821849167007,33.81911296238198,2.2772911132149716,30.70684514124551,23.577962781266777,-7.128882359978732
2021-05-28,26.74283397169033,1,30.743988433997686,34.07355514716296,3.3295667131652777,9.77218807588288,28.198827852599337,18.426639776716456,32.26041833877146,33.023445337548154,0.7630269987766951,25.382767258877493,15.965833537611942,-9.41693372126555,31.286239210678772,25.683943738993435,-5.602295471685338,31.01140251193371,23.51139821622614,-7.500004295707569
2021-06-04,27.07831455507706,1,31.5322337167173,34.240192795572526,2.7079590788552252,9.106089238432034,29.302262994369457,20.196173755937423,32.80210967789,32.96736466003624,0.16525498214623724,26.08030240751029,16.425435988033172,-9.654866419477116,31.14628168351834,25.672448884002776,-5.473832799515563,31.802870606394407,23.862182008448144,-7.940688597946263
2021-06-11,26.974847993233492,1,30.906301452502973,34.88812953369904,3.9818280811960705,9.221612196930522,30.576644314722344,21.355032117791822,32.55583989307351,32.60226273751533,0.0464228444418211,27.028193023698663,16.255606316539968,-10.772586707158695,29.595460214697823,23.93957391874943,-5.655886295948392,32.54168117849747,23.586871138174857,-8.954810040322613
2021-06-18,26.42960154923661,1,30.370141923374703,35.11710813794599,4.746966214571287,9.026113503871969,27.245715354872118,18.21960185100015,30.946226176721822,34.133520014041295,3.187293837319473,26.65548650626313,15.112838180533842,-11.542648325729289,30.034023136959988,23.093753073304057,-6.94027006365593,31.54561804822808,23.87467453472236,-7.670943513505719
2021-06-25,26.545938607336833,1,31.324465183711695,34.44329526833626,3.1188300846245625,9.045513016170347,29.49157814086051,20.446065124690165,31.925116363848304,33.332524026321025,1.4074076624727212,26.303258942469625,16.042582622505208,-10.260676319964418,28.893256164415547,22.06140680792005,-6.831849356495496,31.784021973405473,23.90424477807794,-7.879777195327534
2021-07-02,26.691292110203662,1,27.351865489955713,38.415385006949265,11.063519516993551,7.219348849490444,25.616332911463886,18.39698406197344,35.372210048590716,37.32550168352833,1.9532916349376137,26.579806753063195,16.541360899285422,-10.038445853777773,35.32201532703091,24.275246331826253,-11.046768995204658,28.302506193090977,17.97392582816883,-10.328580364922146
2021-07-09,23.12738328545159,1,27.3037175059291,19.582619007348228,-7.721098498580872,7.495212514807676,26.646288386209847,19.15107587140217,34.84888709502049,36.53108263278067,1.6821955377601796,17.744569773606102,15.920595414836086,-1.8239743587700161,29.66173182492153,21.326098543185026,-8.335633281736506,21.710180998424647,18.75761572834972,-2.9525652700749276
2021-07-16,25.09348340249478,1,26.78604916895806,18.53482194547074,-8.25122722348732,7.535946458242407,31.653431293349698,24.11748483510729,38.02547471219219,33.11468412618706,-4.910790586005135,21.735773071648936,18.65838181769341,-3.0773912539555255,34.29885134720452,28.197673209471432,-6.101178137733086,22.178805656722545,20.401908022796334,-1.776897633926211
2021-07-23,26.43209489707853,1,26.88675137667758,18.867382225636135,-8.019369151041445,9.955991575967445,31.603865517799605,21.64787394183216,43.309804260156824,29.259089113841682,-14.050715146315142,21.38226467013054,33.84372997532577,12.461465305195233,34.75858776429514,22.596748094840933,-12.16183966945421,22.29916973524365,22.42175445502707,0.12258471978341845
2021-07-30,25.182782449088126,1,27.561225543750822,19.22394278831203,-8.337282755438792,7.849775394482364,21.969175332217688,14.119399937735324,36.65488080197745,32.135175891401666,-4.519704910575783,21.316669191054288,27.24244444875849,5.925775257704203,34.97376609095794,25.851928767041528,-9.12183732391641,22.740377672305883,24.67402746679737,1.9336497944914868
2021-08-06,21.45414755412055,1,22.344862936256263,18.516368349269797,-3.8284945869864657,6.1302889715321385,21.8520357213321,15.721746749799962,32.49541421237396,21.313014970014635,-11.182399242359324,21.139721340389315,19.470077543953252,-1.6696437964360626,23.839040544063863,18.003377951567316,-5.835662592496547,22.775557320107765,29.570010788586245,6.79445346847848
2021-08-13,17.265365860500534,1,20.448236181990055,15.315227611370275,-5.133008570619779,3.345220521282272,17.151981918744696,13.806761397462424,22.39046467795852,15.346813203970996,-7.043651473987524,20.339291485413895,15.180347401967452,-5.158944083446443,15.957502197231676,10.30790695691573,-5.649595240315946,21.111480099126794,30.289918070034076,9.178437970907282
2021-08-20,18.861870814418214,1,20.884311171277716,16.159948780862138,-4.724362390415578,7.349258800267762,20.561763657426894,13.212504857159132,23.642648353294973,16.45222246979621,-7.1904258834987616,23.54197553377064,17.010213242938462,-6.531762290832177,16.55927218258276,11.508951623340721,-5.050320559242039,21.19375884531543,31.478125112144866,10.284366266829437
2021-08-27,17.825100358924907,1,16.42297250267393,13.863828612479892,-2.5591438901940364,8.707562940286934,24.501653979737625,15.794091039450691,22.47834840783976,13.876632364759416,-8.601716043080344,23.69770598500905,14.755816680663372,-8.941889304345679,15.130338123888365,9.510380607130955,-5.61995751675741,20.5136741938514,30.442289908778207,9.928615714926806
2021-09-03,18.054395808150264,1,16.677290219777092,14.667314031195815,-2.009976188581277,12.552002335423353,23.6919585891128,11.139956253689448,24.25383397362748,16.178761109496108,-8.075072864131371,23.637855537948397,16.461587408978417,-7.17626812896998,11.21036309297007,8.483770788654624,-2.726592304315446,19.995029689155203,28.842982921463843,8.84795323230864
2021-09-10,17.449487808076473,1,16.6259274181278,15.9269707166807,-0.6989567014471021,12.555641773759376,22.97805371118993,10.422411937430553,22.336181331171645,14.477211291275637,-7.858970039896008,23.965836362888098,14.916320324211853,-9.049516038676245,10.213852575243195,7.759291577281772,-2.4545609979614227,18.99948738726873,28.63907922781894,9.63959184055021
2021-09-17,19.509829172926878,1,19.176072112924658,18.97478281735326,-0.2012892955713994,11.718432015888368,26.330448814060247,14.61201679817188,28.457555953155875,18.206428111213327,-10.251127841942548,24.969922260620436,15.38299643577399,-9.586925824846446,13.107746623869204,8.132615231399143,-4.975131392470061,19.629246071102727,30.031703627761303,10.402457556658575
2021-09-24,23.215652059034834,1,24.124016355634637,22.065318024862762,-2.0586983307718754,11.594113078469448,20.496404294150707,8.90229121568126,31.11741256102924,25.90783738309058,-5.20957517793866,32.55635090163601,17.605475369825555,-14.950875531810453,16.727828762656756,16.109264769800788,-0.6185639928559681,23.174190694782922,37.10961251247858,13.935421817695655
2021-10-01,21.361529354548708,1,20.129894933546822,20.753164670893923,0.6232697373471012,13.36185558152799,20.877070501660285,7.515214920132294,31.8603258462837,21.124188463255308,-10.736137383028392,24.721642026770468,16.797959469089037,-7.923682557681431,15.3501646125099,13.545242360775404,-1.8049222517344958,22.74529312665338,35.07155066161826,12.326257534964881
2021-10-08,20.62178219450908,1,15.179336533687575,18.304818450689453,3.1254819170018777,16.32097180307052,24.705064730621146,8.384092927550626,30.06468476878284,16.49226622710887,-13.572418541673969,24.99713566753195,18.704650311374593,-6.292485356157357,16.728461991134722,12.516339895290585,-4.212122095844137,20.440102402846875,33.00755355196986,12.567451149122988
2021-10-15,23.454580501769613,1,15.599370205965442,21.284045134234475,5.6846749282690325,19.123891733970623,24.62517816246084,5.501286428490218,39.71862755096058,21.476830877041387,-18.241796673919197,24.702968703079648,26.168278744033643,1.4653100409539945,21.193202438020805,10.962489703630027,-10.230712734390778,20.389422378620594,36.210660389217296,15.821238010596701
2021-10-22,24.291778377305334,1,18.455915309599817,20.098369519766806,1.6424542101669886,18.030002844342732,24.08619508877956,6.056192244436829,39.548550997446775,20.965938513823865,-18.58261248362291,25.349264120997972,25.911380046848123,0.5621159258501507,21.141695528403602,16.027243457205017,-5.114452071198585,23.225241463041115,38.66154363740861,15.436302174367498
2021-10-29,20.541853413683537,1,12.752577598913035,15.59776473723673,2.845187138323695,14.100802530789267,18.904434447221263,4.803631916431996,32.10759327627366,23.07730053552386,-9.0302927407498,24.580065120221477,21.31628852969513,-3.263776590526348,20.793669413538154,13.073884105624941,-7.719785307913213,18.916412542365634,31.28144812679932,12.365035584433684
2021-11-05,18.75390270884348,1,10.7834695111886,19.521500186325895,8.738030675137296,14.206486754869275,20.108982196463216,5.902495441593942,30.622580043407552,14.973394570481958,-15.649185472925595,19.454187518204648,20.620808614319415,1.166621096114767,21.575145568923958,10.940677228094756,-10.634468340829201,15.88154685646684,26.35805345737566,10.47650660090882
2021-11-12,19.54592855254905,1,11.401421931848944,19.5345783274404,8.133156395591456,15.920122308600654,23.429560787534143,7.50943847893349,32.40762271164883,15.158469759091304,-17.249152952557523,19.79149893962574,15.706464247496797,-4.085034692128943,20.562296871912878,12.90029565538012,-7.662001216532758,17.19260855165726,30.546202538351537,13.353593986694278
2021-11-19,19.714663353754915,1,15.72954698206216,20.208393640048456,4.4788466579862956,16.33669257634601,20.56085707755284,4.224164501206829,29.843177856193847,17.322207308732104,-12.520970547461744,15.87515985591061,17.12102695320266,1.2458670972920487,19.305268403699245,11.175831917226347,-8.129436486472898,21.198134448317617,31.89966322576707,10.701528777449454
2021-11-26,23.177734171070068,1,17.512693071101907,24.724101923741713,7.211408852639806,20.513681815104533,20.40093252247236,-0.11274929263217359,30.492777639747658,25.256121609211675,-5.236656030535983,25.595243157460047,29.709399688353102,4.114156530893055,25.619844172723063,10.496928038388234,-15.12291613433483,19.332165170283176,28.47892124425333,9.146756073970153
2021-12-03,24.031615021402303,1,10.760637320716384,29.60851274360415,18.847875422887768,15.566505203603512,16.390397147968727,0.8238919443652151,35.37344339842686,11.01494773144573,-24.358495666981128,30.721948507295565,29.82078398278348,-0.9011645245120832,24.163812064769914,18.9340406062166,-5.229771458553316,27.603343633601597,38.42100791639517,10.817664282793572
2021-12-10,24.119744152886792,1,11.669835478990379,28.008475684750408,16.33864020576003,16.730901216104343,15.559648561559612,-1.1712526545447304,40.142174027965005,14.555989920166276,-25.58618410779873,28.89950369844985,27.909518924890037,-0.9899847735598115,23.195268953428325,17.131481595046694,-6.0637873583816315,24.08078154238285,41.55335023090768,17.47256868852483
2021-12-17,24.144695488214342,1,13.89540735586337,25.920122837545932,12.024715481682563,16.746596992498468,16.100011821805438,-0.6465851706930295,39.19462567506314,12.832612524008091,-26.362013151055052,28.096975703808795,29.102260556409135,1.0052848526003402,22.476269923286637,17.048930332412766,-5.427339590873871,24.458297278765656,43.864234857104734,19.405937578339078
2021-12-24,26.30005703295906,1,14.76418318677149,31.809573252101288,17.045390065329798,18.297224531909734,12.875814838580538,-5.4214096933291955,42.256677292647495,14.536872030320822,-27.719805262326673,31.889873263207704,29.14778421025862,-2.7420890529490833,24.13223786996899,19.406242589132717,-4.725995280836273,26.460146053248963,50.02405527736039,23.563909224111427
2021-12-31,25.049148344253364,1,13.770610902010361,31.559010650515233,17.788399748504872,14.286043862999108,14.816250494248123,0.5302066312490155,38.074685102588205,14.709549280849728,-23.365135821738477,32.1141006768088,27.749037882842657,-4.365062793966146,24.137811971536877,18.3763183168262,-5.7614936547106765,27.911637549576824,43.08472344023818,15.173085890661355
2022-01-07,25.633255115124047,1,15.549313659463849,36.41933715558591,20.87002349612206,16.626258699084957,21.36016022223869,4.733901523153733,39.70974741184108,14.370436305586196,-25.339311106254883,40.91331236735986,34.37635750179253,-6.536954865567324,20.967359497090257,12.71182698914238,-8.255532507947876,20.033539055904285,34.561412516398605,14.52787346049432
2022-01-14,25.789978270764564,1,18.106228139385678,36.64088699955978,18.534658860174105,15.185439760775736,21.174253260441304,5.988813499665568,38.95725986027802,13.205246208000382,-25.75201365227764,41.37495244585574,31.817426376685887,-9.557526069169853,20.677760435242377,19.01816627743753,-1.6595941578048468,20.43822898304981,32.883890502462435,12.445661519412624
2022-01-21,24.316919301633394,1,17.894819971188227,33.174060272475,15.279240301286777,14.895894466336031,16.18550978617037,1.2896153198343399,35.00849737918824,15.141982414078413,-19.86651496510983,39.97872676666307,30.886918837826784,-9.091807928836289,18.013040772186585,18.48284420991115,0.4698034377245648,20.110536454238215,32.030200289338694,11.91966383510048
2022-01-28,24.57863711860956,1,19.288002414233006,32.588400239737325,13.30039782550432,16.71309143570194,20.74747862409336,4.03438718839142,32.48080901214142,17.19078004401713,-15.29002896812429,40.99115564360082,29.46547195707946,-11.525683686521361,20.795808849797425,17.85991671604964,-2.9358921337477852,17.20295535618274,29.61977513068041,12.416819774497668
2022-02-11,26.387446252159,1,20.865690070877875,36.44318418874788,15.577494117870003,19.27730110953125,22.406756123602122,3.129455014070871,34.17695179063581,20.65830847306664,-13.518643317569172,43.77132221426263,33.40965135249716,-10.361670861765475,19.93792428092266,14.766744352591516,-5.171179928331142,20.295488046723776,30.64003302244869,10.344544975724915
2022-02-18,24.59189909095785,1,19.196261570730258,30.401936439086043,11.205674868355786,20.538598486886954,21.238917665458175,0.7003191785712204,35.21043613870286,13.547192899631227,-21.663243239071633,26.99672977231758,32.711543262997,5.714813490679418,17.820449407115106,13.97184869504494,-3.8486007120701657,27.78891916999433,35.67995558352973,7.891036413535403
2022-02-25,23.39358803675181,1,22.85604003167964,33.77044764952579,10.914407617846152,18.976568170631182,21.82157580209467,2.8450076314634885,24.457536737202545,11.128089002638447,-13.329447734564098,29.39446570428062,26.52132747464377,-2.873138229636851,16.6814731146753,14.95041689445064,-1.7310562202246587,27.995444462041604,32.16967139715757,4.174226935115968
2022-03-04,19.698729835936994,1,22.31394613127904,28.759999702032616,6.446053570753577,17.682413701696575,21.231162207498997,3.548748505802422,19.10072771275476,11.162707922214096,-7.938019790540665,19.458904721610594,18.68673263405809,-0.7721720875525051,17.51445956856699,12.43479416873339,-5.079665399833601,22.121927179714007,25.916982381084793,3.7950552013707863
2022-03-11,20.661792593506433,1,20.68608113890936,32.019470228851674,11.333389089942315,22.59435442318572,25.681241321454024,3.086886898268304,18.736890687745387,16.170336693378744,-2.566553994366643,19.302509997011796,15.953679154785505,-3.348830842226292,20.08472198420276,13.016177653162188,-7.06854433104057,22.56619732998358,21.12985050940648,-1.4363468205771
2022-03-18,18.28284896539349,1,20.541575996326472,24.458790394613587,3.917214398287115,20.784676597291295,26.08020580075025,5.295529203458955,19.658215775825354,16.609475563828028,-3.048740211997327,14.675108371143438,14.450589918122049,-0.22451845302138906,16.511651379468617,11.711485631500892,-4.800165747967725,17.52586567230577,16.386546483546056,-1.139319188759714
2022-03-25,17.515887989150823,1,20.166785715557225,23.854835559961487,3.6880498444042615,18.776551378932766,23.976990817751755,5.200439438818989,18.003061651186258,16.29529523607316,-1.707766415113099,14.673034303293065,14.274434600568668,-0.3985997027243968,16.619437708993146,11.694946478665884,-4.924491230327263,16.856457176942484,14.998825241883921,-1.8576319350585635
2022-04-01,18.410537733182053,1,21.488428561316184,21.306389122935045,-0.182039438381139,20.163756088402806,30.479134046145745,10.315377957742939,17.130004560505625,18.325062636860437,1.1950580763548118,14.676590016568952,13.598976610001557,-1.0776134065673943,18.620477784315298,11.521198861039949,-7.0992789232753495,18.383969387983456,15.232465122109545,-3.1515042658739105
2022-04-08,20.361314952628934,1,32.957743039034355,24.90548004544783,-8.052262993586524,15.755599819465743,27.532362385868282,11.776762566402539,21.362313488387016,22.9219757598665,1.5596622714794819,13.962743516997136,13.652603475675221,-0.3101400413219153,17.608163177060575,16.01662078912686,-1.591542387933714,20.521326674828785,17.138847259788932,-3.382479415039853
2022-04-15,21.35482118933095,1,30.86591127775469,25.450582451464584,-5.415328826290107,21.773840298271423,29.833324418759034,8.05948412048761,18.25710313914358,20.40145635615748,2.144353217013901,16.89690020864228,17.49653961866234,0.5996394100200604,18.02672467455963,16.771779760401387,-1.2549449141582443,22.30844753761407,18.175244530540823,-4.133203007073249
2022-04-22,19.156649054524845,1,23.63247999475682,21.668424541164214,-1.9640554535926071,21.569265753139987,28.628551861296557,7.05928610815657,12.795647770964038,15.764703731233283,2.9690559602692446,16.82644802925384,15.945374931839623,-0.881073097414216,20.152727947391114,18.015317754863148,-2.137410192527966,19.963324831643263,14.917521506752252,-5.045803324891011
2022-04-29,19.623845566415618,1,21.61893183056057,27.789320341962878,6.170388511402308,22.21000451040068,25.559553535203406,3.3495490248027266,15.338529598607678,12.455076636423286,-2.8834529621843927,18.911005933540352,17.154410749906376,-1.7565951836339764,18.684875095554403,17.377956805890975,-1.3069182896634288,20.979726429830023,17.4067553291068,-3.5729711007232225
2022-05-13,21.08946159709611,1,22.434818633714983,18.234135179781603,-4.2006834539333795,20.163214348433897,39.121591236288396,18.9583768878545,9.513826838699558,7.832328858611987,-1.6814979800875705,23.81210585362213,21.54330086048043,-2.2688049931417,19.476460534340077,15.1420344559819,-4.334426078358177,31.136343373766024,24.663378991432438,-6.472964382333586
2022-05-20,19.213210190190832,1,24.943071595053965,15.02245400085549,-9.920617594198475,16.698012615091287,28.276612388342784,11.578599773251497,9.900253006831676,7.450399876850298,-2.4498531299813777,23.39091960914068,23.30530312272859,-0.08561648641209274,12.64333492857763,12.476722625432998,-0.16661230314463182,27.70366938644976,28.74776912693487,1.044099740485109
2022-05-27,20.00502609283853,1,27.366884596895133,14.563858407183787,-12.803026189711346,18.669848177515647,32.76540267326611,14.095554495750463,8.926824108010692,7.330056918704585,-1.5967671893061066,24.82991854341404,24.95428539446253,0.12436685104849232,12.589992890649711,13.75161040086823,1.1616175102185196,27.64668824054597,26.664942762545934,-0.9817454780000361
2022-06-03,20.766911824650943,1,26.962859169329278,12.418291023353916,-14.544568145975362,19.809375758324848,29.4852435061119,9.675867747787052,13.565523444327155,11.178345413530806,-2.387178030796349,27.273904530219355,28.43536041974376,1.1614558895244045,11.685603938939877,14.205322403139746,2.519718464199869,25.30420410676514,28.878908182025498,3.5747040752603567
2022-06-10,20.42419413621244,1,26.101765779484964,9.114595900318832,-16.98716987916613,24.098387937079437,29.13347498813107,5.035087051051633,8.878973642942071,9.774329824325207,0.8953561813831357,27.25432525387488,29.614689547312636,2.3603642934377547,12.007937293768961,16.436809034821607,4.428871741052646,24.203774910124324,28.471265522365243,4.26749061224092
2022-06-17,21.412608435414246,1,25.60523528021011,10.494622311194789,-15.110612969015321,25.048335665455625,24.36374917797157,-0.6845864874840544,9.645594612099217,11.295965106581448,1.6503704944822317,29.83809415386986,32.15843895127574,2.3203447974058804,9.759222487668822,13.417890806360276,3.658668318691454,28.579168413181833,36.744984259101685,8.165815845919852
2022-06-24,21.881921889704945,1,27.881877269827925,9.529940993570662,-18.351936276257263,23.930388086097864,29.859482518108763,5.929094432010899,10.90868899699987,11.852186059498663,0.9434970624987926,28.655735528818752,30.178042231258644,1.5223067024398915,11.372725235981022,14.842722888629154,3.469997652648132,28.542116220504226,35.029156647163774,6.487040426659547
2022-07-01,21.50413575991703,1,26.14662972356136,9.407649959151513,-16.738979764409848,23.57249464562841,29.28798108472718,5.715486439098768,10.920672104255928,11.85523808569512,0.9345659814391922,28.302250155922295,29.425997293896486,1.123747137974192,11.561341128831017,14.039837116862174,2.478495988031156,28.521426801303164,35.00811101916966,6.486684217866497
2022-07-08,21.024764592120544,1,24.422639213875726,8.787950381499641,-15.634688832376085,23.41824069691164,29.499183728675874,6.080943031764235,11.706314483797186,11.49373169575,-0.212582788047186,28.295340025919785,29.614608857601922,1.3192688316821375,11.452301575156483,14.306101318984048,2.8537997438275653,26.853751557062438,32.447011570211785,5.593260013149347
2022-07-15,21.887790767983848,1,27.153066450962072,8.934147589777979,-18.218918861184093,26.883207655237115,28.452894197787487,1.5696865425503717,10.210105069904714,11.139150092811406,0.929045022906692,28.583440174111914,30.196125749673143,1.6126855755612297,11.26138377211791,14.217235995615454,2.955852223497544,27.23554148556937,38.38719098223763,11.151649496668256
2022-07-22,21.61613595087324,1,27.001826527951366,7.129401745963946,-19.87242478198742,27.16895521408881,27.200139541328582,0.031184327239770937,11.211764206741705,13.836153796875308,2.624389590133603,28.081819397456968,29.25468942879405,1.1728700313370837,10.89064930076826,15.04446873183413,4.15381943106587,25.34180105823232,37.231962460443384,11.890161402211064
2022-07-29,20.734188610822738,1,27.168295195344427,6.995301128561749,-20.172994066782678,26.14971237338112,23.730886432686503,-2.4188259406946173,9.052699856892161,15.89282372421502,6.840123867322859,28.402195361015302,26.027317758224925,-2.3748776027903773,8.522150886206816,14.535855464204076,6.0137045779972595,25.110077992096592,37.22294715704416,12.112869164947568
2022-08-05,20.728050770037626,1,26.008843184631345,7.601484599167762,-18.407358585463584,24.822383190666358,19.59177398236052,-5.230609208305836,9.267122052817413,17.688290106799826,8.421168053982413,29.530974479519386,29.589043766977312,0.05806928745792561,8.247548489671246,13.001317095911588,4.753768606240342,26.49143322292001,36.89639506900876,10.404961846088753
2022-08-12,22.07498212810241,1,26.83616503476432,9.489445668913191,-17.34671936585113,25.757864622489947,18.85738873859404,-6.900475883895908,8.230270138031358,18.232570175400625,10.002300037369267,34.488275810323316,33.37939508031549,-1.1088807300078258,8.777193186337641,12.686197922794108,3.909004736456467,28.36012397666788,39.80489518259708,11.4447712059292
2022-08-19,22.232093797210172,1,29.14985515264513,11.768994770325875,-17.380860382319256,26.679064776701452,17.2325410172448,-9.446523759456653,5.5925659552677445,17.593660379123946,12.001094423856202,34.68508862738362,33.13783180374706,-1.547256823636559,7.9361004132223485,12.28909144170791,4.352991028485562,29.349887858040745,41.37044337111145,12.020555513070704
2022-08-26,24.03666769934577,1,34.22577924965215,16.95030017600402,-17.27547907364813,34.394128043604695,18.838229843529973,-15.555898200074722,4.562235933689692,15.924049946602196,11.361814012912504,33.98746989359141,35.16698969066944,1.1795197970780293,7.017832711803138,12.135757626508507,5.11792491470537,30.032560363733538,45.204678912760485,15.172118549026948
2022-09-02,24.687577388808624,1,34.38659040568864,17.62209578175323,-16.764494623935406,36.046327103993036,21.289826779613406,-14.75650032437963,6.493564395004228,14.984809324399478,8.49124492939525,32.78178577547749,35.637803107404906,2.8560173319274185,8.926635172769565,11.753744353583258,2.827109180813693,29.490561479918796,46.837184986097526,17.34662350617873
2022-09-09,23.27172089907744,1,34.17581681231975,15.360968000834134,-18.814848811485618,27.716864509154462,18.460990765278936,-9.255873743875526,8.116008973542236,13.925498577409286,5.80948960386705,30.477306911992684,37.4262575297942,6.948950617801515,8.956654338503768,13.169801252496356,4.213146913992588,30.187673848951746,41.28680926865174,11.09913541969999
2022-09-16,23.372703906896344,1,33.610039812531724,17.71304962730055,-15.896990185231175,23.907334420751837,19.696036393417913,-4.211298027333925,6.722986287132628,24.798318468008063,18.075332180875435,36.283318742218825,31.42129089784052,-4.862027844378304,9.593470316546956,12.616741333147417,3.023271016600461,30.119073862196075,33.99078672166357,3.871712859467493
2022-09-23,22.849173316437305,1,30.217566877764924,13.531098735014325,-16.6864681427506,23.38068552484681,22.214607827081423,-1.1660776977653882,9.099065710904583,24.017935670706265,14.918869959801683,35.979086713110945,31.82357494513178,-4.1555117679791636,10.055030824993025,11.761679509352973,1.7066486843599478,28.363604247003565,33.74614321133711,5.382538964333548
2022-09-30,23.6998022785741,1,31.0554856801746,14.24447084753352,-16.811014832641078,23.970299883373045,22.505569172355806,-1.4647307110172392,11.87848398434383,29.342622900845612,17.46413891650178,35.73108736063739,31.05188681137814,-4.679200549259249,8.303644685134188,10.001282404775395,1.6976377196412074,31.259812077781575,35.05298153455611,3.7931694567745353
2022-10-07,21.703706577989838,1,22.848292235793195,12.876839920778309,-9.971452315014886,22.286655217615504,25.277660585408185,2.991005367792681,12.838529802781679,28.418984764967604,15.580454962185925,33.00190981345182,26.627037595412304,-6.374872218039513,8.110196255650237,7.972989750045244,-0.13720650560499337,31.1366561426466,29.048726851327416,-2.0879292913191847
2022-10-14,22.767024060449234,1,24.346320065514433,16.01588256728847,-8.330437498225962,21.47931594871433,26.969457908192467,5.490141959478137,12.907648156350987,31.257447262789057,18.34979910643807,39.243267990748265,28.67920407268636,-10.564063918061905,7.0835268100765205,7.847841963989623,0.7643151539131026,31.54206539129089,25.83231058774946,-5.709754803541429
2022-10-21,27.31883067053792,1,30.79892441494924,26.447645107151303,-4.351279307797938,25.08137191066396,27.25490222884163,2.1735303181776686,12.476709867139022,22.84913890654245,10.372429039403428,40.09817667400573,35.971899439971935,-4.126277234033793,20.161197308342153,20.432665176131877,0.271467867789724,35.296603848127404,30.956733164588314,-4.33987068353909
2022-10-28,26.487031439869487,1,30.13347014075231,25.295922893801304,-4.837547246951004,25.22160000462152,29.57442561283453,4.35282560821301,15.411003959466456,23.29009056771757,7.879086608251114,33.98667327834289,32.97700201819035,-1.009671260152544,19.312550820455982,16.91634221245505,-2.396208608000933,34.85689043557778,30.86840533421811,-3.9884851013596716
2022-11-04,25.414346263632357,1,23.917638250003534,21.738640233362375,-2.1789980166411596,25.460600807995576,29.313793108661287,3.853192300665711,15.876951657751121,23.161417217062947,7.284465559311826,34.45132279801372,29.577649054754588,-4.873673743259133,18.51931240039849,16.76457389010571,-1.754738510292782,34.26025166763171,31.930004077847258,-2.330247589784449
2022-11-11,25.764692624303464,1,24.617449700863986,23.333967796098918,-1.2834819047650683,27.469660164588745,31.757163213627848,4.287503049039103,16.195950104310626,19.003473602048487,2.8075234977378614,35.232525480995264,31.93972680745155,-3.2927986735437145,17.0665401018787,15.316477670764456,-1.7500624311142445,34.00603019318346,33.23734665582951,-0.7686835373539509
2022-11-18,23.736127400435056,1,19.257940042385357,19.174079677233948,-0.08386036515140916,22.29298628198748,28.036759789058138,5.743773507070657,18.235837054812663,22.845189370959844,4.609352316147181,33.64205123904689,27.020237315445925,-6.621813923600968,14.427992263743704,12.794859790561858,-1.6331324731818455,34.55995752063424,32.54563845935061,-2.0143190612836293
2022-11-25,26.518459031683264,1,23.410457926881037,24.630951553157445,1.220493626276408,24.96490388476697,31.7197579995549,6.754854114787932,17.63270108643384,13.955284795433997,-3.677416290999844,40.26311871626478,36.21747981296121,-4.045638903303569,20.462897862028058,19.750141022136873,-0.7127568398911848,32.376674713724896,32.83713900685518,0.46046429313028625
2022-12-02,26.94310550656658,1,28.839822509233684,26.292682310297266,-2.547140198936418,22.772808861909795,31.763062825276435,8.99025396336664,19.12944839773644,16.02748018914727,-3.10196820858917,37.577015622481326,36.8895313134351,-0.6874843090462264,26.164277304644514,27.301378088691266,1.1371007840467513,27.17526034339376,23.384498312552168,-3.7907620308415915
2022-12-09,27.754101983198094,1,31.19774267080153,28.727049377719368,-2.4706932930821637,22.95380614377909,31.171917926896384,8.218111783117294,19.516411114731554,17.171360833419797,-2.3450502813117566,38.87832029282865,36.715084450392354,-2.1632358424362934,26.062434026375,26.143185250356083,0.08075122398108192,27.915897650672747,26.5960140604046,-1.319883590268148
2022-12-16,29.776116417121315,1,31.081902939104992,28.93586028464611,-2.1460426544588813,28.02345727002765,36.70656071523965,8.683103445211998,17.550551826610274,15.3002386944911,-2.2503131321191745,40.34700916016456,39.64549748392119,-0.7015116762433706,29.355038655320314,29.060782552805847,-0.294256102514467,32.29873865150009,29.00775877162397,-3.2909798798761187
2022-12-23,31.193685185956074,1,32.69707636683748,30.9074355174253,-1.78964084941218,27.343100666985706,41.9190470106313,14.575946343645597,20.458068093720428,17.039143264960998,-3.4189248287594296,41.12645116085518,38.10685702884976,-3.019594132005423,34.06373766831334,33.9168527489165,-0.14688491939683956,31.473677159024334,25.272775544952594,-6.200901614071739
2022-12-30,32.92075158552704,1,36.517131872651596,38.26140854442064,1.7442766717690432,28.252903094429726,42.50806697436481,14.255163879935083,21.935792295025678,16.97888931069238,-4.956902984333297,41.56548371560658,39.134871919386136,-2.4306117962204468,37.747695583377904,36.606311830293464,-1.1413837530844404,31.50550295207077,24.03496093400483,-7.470542018065942
2023-01-06,31.599843518908028,1,38.42146139781748,42.423148747064246,4.001687349246765,30.17522374513689,36.79507122445129,6.6198474793144015,18.677329662414877,13.469429102483048,-5.207900559931829,39.249383982604115,36.62214663578713,-2.627237346816983,37.058491657507716,36.9908257511768,-0.06766590633091596,26.017170667967108,23.29843965248567,-2.7187310154814384
2023-01-13,32.528497721860234,1,38.03477678707772,41.70940801444148,3.6746312273637614,30.20329328652707,48.65059299789564,18.447299711368572,20.97154866346561,15.880928265238495,-5.0906203982271165,40.32171827977545,35.59164097429711,-4.730077305478346,36.528327209833876,33.707803593855914,-2.8205236159779616,29.111322104481673,19.630612485432806,-9.480709619048866
2023-01-20,33.15039406791523,1,38.37105948954762,34.92847045791173,-3.4425890316358903,28.266331740237916,42.68335556114222,14.417023820904305,21.36776240082655,15.974436073219579,-5.393326327606971,27.625524168289886,59.917775860681886,32.292251692392,45.46245475372033,32.92835436863499,-12.534100385085338,37.809231854869076,12.469972085900956,-25.33925976896812
2023-01-27,30.98804049036579,1,28.26592031354825,33.985750042954365,5.719829729406115,28.657732572729884,44.50967431651274,15.85194174378286,36.52925212715978,12.771785044828704,-23.757467082331075,24.208136132922334,51.71908687522303,27.510950742300693,38.631325212113666,31.163194912533342,-7.468130299580324,29.635876583720815,11.778751750142533,-17.857124833578283
2023-02-03,31.335513976109393,1,28.259156224948384,41.401684115032424,13.14252789008404,30.718770300382886,41.425711955528186,10.7069416551453,38.43940347139245,11.959471612612333,-26.47993185878012,25.04122484485832,43.46217949820283,18.42095465334451,40.53202695973502,39.31931217341466,-1.2127147863203618,25.022502055339274,10.444724501865878,-14.577777553473396
2023-02-10,28.517828123095057,1,22.987116264996786,26.210635077417862,3.2235188124210765,19.300682407430173,52.81758364810818,33.51690124067801,43.92926161854142,10.667209662548103,-33.262051955993314,23.66231158527397,48.51707190155571,24.85476031628174,35.73543849898893,25.37000263631448,-10.365435862674445,25.492158363339072,7.524465812625991,-17.967692550713082
2023-02-17,27.31886846824605,1,21.520483163183357,23.971846236721376,2.451363073538019,19.22551838940913,49.55774781414719,30.33222942473806,42.07237682756373,11.45731902038304,-30.61505780718069,22.59237293512028,46.594143550244695,24.001770615124414,34.11513189704134,23.081507938515117,-11.03362395852622,24.387327597158446,9.250646249464864,-15.136681347693582
2023-02-24,27.577975629092617,1,21.12995205349499,26.076436621386705,4.946484567891716,20.8364020152015,48.35276272727094,27.516360712069442,41.141086748293354,7.850992261236335,-33.29009448705702,22.231013230256835,50.59744423271664,28.366431002459805,34.48653990453512,25.042838301324323,-9.443701603210798,25.6428598227739,7.547379630620753,-18.095480192153147
2023-03-03,25.867671108437396,1,21.086479341578993,22.623446020127332,1.536966678548339,20.175995631739667,44.4336396186831,24.257643986943435,35.64978547784142,10.258535417050226,-25.391250060791194,21.741188344324357,44.99551185522765,23.25432351090329,33.336017877312315,25.707376510258612,-7.628641367053703,23.21655997782763,7.187517229277475,-16.029042748550154
2023-03-10,28.047177681523124,1,21.280315574921516,23.345909122247008,2.0655935473254914,24.101507956309604,43.61265881863555,19.511150862325948,41.48331214957322,10.36391737341259,-31.119394776160632,21.77689669078805,56.23234701939626,34.45545032860821,37.32350420841249,24.39934788353817,-12.924156324874318,22.317529509133877,10.328885871909137,-11.98864363722474
2023-03-17,26.817544592192917,1,19.798586211843457,25.8004675032397,6.001881291396245,24.082888470693447,34.36561844036139,10.28272996966794,39.763543938674836,11.023800322866357,-28.73974361580848,19.190369338254,55.06879002917205,35.87842069091805,38.943438421025554,19.513826192688235,-19.42961222833732,19.126441172666205,15.13276506482977,-3.9936761078364356
2023-03-24,26.59242040811964,1,19.255628453640597,27.001416370626117,7.74578791698552,22.86094413485462,34.11885816107754,11.25791402622292,41.21965035718558,10.706509140308349,-30.51314121687723,19.446574059746638,53.252679182585155,33.80610512283852,34.884139425246104,22.221972901279685,-12.66216652396642,21.887586018044317,12.253086692841023,-9.634499325203294
2023-03-31,27.72038878480934,1,21.230109570514713,27.89741774617862,6.667308175663905,22.014630642672586,36.95260414612741,14.937973503454828,42.93265768426432,11.783391281639062,-31.14926640262526,20.123883723556304,52.38615306842051,32.26226934486421,37.65847284200095,27.69849914451882,-9.959973697482127,22.36257824584716,9.60426732197159,-12.75831092387557
2023-04-07,27.23022786607437,1,20.137136628387182,32.53008147291375,12.392944844526568,27.173886626339993,27.377630190578785,0.20374356423879192,35.14555559469288,17.356489969800194,-17.789065624892686,21.411029034616007,48.12596002350098,26.714930988884973,37.69694892053447,27.99331984100894,-9.703629079525527,21.816810391875677,9.997885698643557,-11.81892469323212
2023-04-14,25.996076812738448,1,19.852514965919013,28.431107497110588,8.578592531191575,24.969468507025567,34.146491622966565,9.177023115940997,35.20546310341959,12.051017488893677,-23.154445614525912,15.629627386421433,48.06376526816305,32.43413788174162,37.947274270809935,22.4368030141926,-15.510471256617336,22.372112642835134,10.847275985104233,-11.524836657730901
2023-04-21,23.749769936744986,1,17.26818044061298,27.304743279762803,10.036562839149823,27.298748097813956,31.340970227710102,4.042222129896146,31.39709706514128,15.24330157225414,-16.15379549288714,14.049908871320923,41.05225604100875,27.002347169687823,30.1658403217168,14.513886051911385,-15.651954269805415,22.31884482386397,13.043462447822748,-9.275382376041222
2023-04-28,24.114863791215452,1,15.86311991506804,25.120920335980344,9.257800420912304,25.9117065186756,35.60337540803813,9.691668889362532,34.72688286964403,13.18368660609785,-21.54319626354618,13.661179832446066,41.03672084669881,27.375541014252747,31.200131703393993,14.616192847411895,-16.583938855982097,23.32616190806499,15.12828670306574,-8.19787520499925
2023-05-05,24.174964433655603,1,16.18978518259766,27.395303120181836,11.205517937584176,24.966811655222557,33.268918076019716,8.302106420797159,33.976103563489545,12.499963893212694,-21.47613967027685,14.965048439419618,42.70494724217026,27.739898802750645,31.757414822217527,13.580178441517646,-18.17723638069988,23.19462293898671,15.600475828831463,-7.594147110155248
2023-05-12,23.333712469459144,1,15.905624323709588,24.329754861688556,8.424130537978968,24.849759404709303,36.72868683750744,11.878927432798136,33.906856961955384,14.183405397335676,-19.723451564619708,14.861515920877395,35.70834201123745,20.846826090360054,28.39798390432513,15.028495822165368,-13.369488082159762,22.080534301178062,14.023589886820389,-8.056944414357673
2023-05-19,23.828843582821747,1,15.270724489233046,22.476726592220928,7.206002102987881,25.562607136419388,39.10692478199148,13.544317645572093,35.706097075826506,13.449152649471912,-22.256944426354593,12.611338959883525,31.08664504168138,18.475306081797854,27.60694518994835,16.363035780175792,-11.243909409772556,26.215348645619656,20.49057665138895,-5.724771994230707
2023-05-26,23.903072477482596,1,16.571242511670164,26.185960353704516,9.614717842034352,25.406649325125386,38.11561599809549,12.708966672970107,36.15977015393802,14.365332535874508,-21.79443761806351,12.530165672079491,26.675187094418646,14.145021422339155,26.16601487061277,17.964741824363387,-8.201273046249383,26.58459233146975,20.11159705843903,-6.472995273030719
2023-06-02,23.286579765313963,1,16.077160591219993,21.08344565563945,5.006285064419458,24.76325526776465,34.3362401621509,9.572984894386252,32.32608178375027,9.589530590539425,-22.736551193210843,12.002087505560866,32.85765907713511,20.855571571574245,24.552833322667027,17.868172456615454,-6.684660866051573,29.998060120920996,23.98443064980347,-6.013629471117525
2023-06-09,23.276863701026873,1,18.788486518745117,22.769123825752104,3.9806373070069867,28.14506481341934,30.366531269654715,2.221466456235376,29.61407072012797,10.75995643868221,-18.85411428144576,14.033144463626556,29.914242484829416,15.88109802120286,24.993537410688617,16.59013910876199,-8.403398301926629,24.08687827955363,29.261189078480825,5.174310798927195
2023-06-16,24.709458152613774,1,23.816799214435505,25.551471318026714,1.7346721035912083,30.056989063889063,31.211559894149445,1.1545708302603828,27.249116896720466,17.89421524364559,-9.354901653074876,15.63894509621386,28.146778306939282,12.507833210725423,26.222764217380558,17.576915578264646,-8.645848639115911,25.2721344270432,27.875808574656958,2.6036741476137593
2023-06-23,22.453287217058346,1,21.04793956433086,24.88330638777994,3.8353668234490783,19.871742937984962,23.177805276777434,3.306062338792472,28.15190754101218,14.55000175176275,-13.601905789249429,14.71727550686812,27.53927008024955,12.821994573381431,28.79797466897851,19.073365985436013,-9.724608683542499,22.132883083175457,25.495973820344418,3.3630907371689602
2023-06-30,21.581929739882202,1,20.298918082182894,22.877267506227838,2.5783494240449443,19.02243634469032,20.255774594191166,1.2333382495008465,25.713434642699028,15.504736455893237,-10.20869818680579,14.565693705668181,23.8209675493289,9.255273843660717,28.369582084949073,22.407153031164498,-5.962429053784575,21.521513579103726,24.625679302487583,3.1041657233838578
2023-07-07,23.822498570139558,1,27.84120947649255,27.12965879948335,-0.7115506770091997,19.04708996251314,21.88242438646938,2.8353344239562404,24.89823338122507,17.603954560672776,-7.294278820552293,14.32919286799661,22.68946646739856,8.36027359940195,28.13859024818545,23.832678020294097,-4.305912227891355,28.680675484424526,29.79680918651914,1.116133702094615
2023-07-14,23.571682112819246,1,27.29223998048583,26.055890748999246,-1.2363492314865852,19.256259543888447,13.409596439290652,-5.846663104597795,27.948065286604518,23.32265272318199,-4.625412563422529,11.228062214154363,26.554919096805406,15.326856882651043,26.447174319636915,24.22303649026233,-2.224137829374584,29.25829133214542,27.863997178375868,-1.3942941537695503
2023-07-21,21.762591072168778,1,23.58277701719547,36.36497973383403,12.782202716638565,20.154434073950213,5.291503627329973,-14.86293044662024,25.351092279358596,24.22000170739291,-1.1310905719656859,10.740925003286648,19.753598959268942,9.012673955982294,26.669508445989933,24.30138970543517,-2.3681187405547632,24.076809613231816,20.644072699751618,-3.4327369134801984
2023-07-28,22.81243009981037,1,24.42617142313442,36.78441624664433,12.358244823509906,21.26439698980431,8.113984723009068,-13.150412266795243,25.645227958568185,26.733089498761487,1.0878615401933018,12.2793807925719,19.895575834520187,7.616195041948288,27.814023651895226,25.438262357697383,-2.3757612941978437,25.445379782888182,19.909251938229772,-5.5361278446584095
2023-08-04,22.508535378262394,1,23.91052476243418,33.25783565066162,9.34731088822744,19.55986672885622,6.9481445552392955,-12.611722173616926,25.71951420276251,29.096081028659825,3.3765668258973136,12.243160058495675,17.99716126377176,5.754001205276083,26.588324750793078,25.166585536487773,-1.4217392143053047,27.029821766232686,22.585404234754108,-4.444417531478578
2023-08-11,22.11598588315017,1,23.43461833744223,31.985701709490627,8.551083372048396,17.313295764389338,6.124614032110145,-11.188681732279193,25.924328694083073,32.26372626162265,6.339397567539578,12.044466432746816,15.38748302343052,3.3430165906837033,27.183753150780177,26.37756424981754,-0.8061889009626384,26.795452919459365,20.556826022429505,-6.23862689702986
2023-08-18,23.508070786933274,1,29.24971811689565,35.153903295567815,5.904185178672165,18.3833400985109,6.048934789928012,-12.334405308582888,25.499585075495716,36.23615885279767,10.736573777301956,11.934746235415716,12.202067059533675,0.26732082411795943,26.81003075701264,26.610372921594333,-0.19965783541830717,29.17100443826901,24.796987802178137,-4.374016636090872
2023-08-25,26.52309956248921,1,30.03755194445914,35.66847150798503,5.630919563525893,21.49601997794136,9.719223087691915,-11.776796890249443,26.314694160176074,34.94781124522366,8.633117085047587,12.938385870735829,14.028495071676417,1.0901092009405886,36.6530687908983,28.931221768240164,-7.721847022658139,31.69887663072457,35.84337469411808,4.144498063393513
2023-09-01,27.572114582950817,1,30.144954195576943,34.977689492085744,4.832735296508801,23.561653814395356,12.760895553252965,-10.800758261142391,25.45356899737604,34.80991220108935,9.356343203713308,10.813578779364775,12.237638391415885,1.42405961205111,40.66629180133692,29.453798063115947,-11.21249373822097,34.792639909654866,41.19275379674504,6.400113887090171
2023-09-08,26.984418222918663,1,29.24635592116107,32.467197410641035,3.220841489479966,21.45592324544252,15.046381341365361,-6.409541904077159,24.81324738409235,34.729949672272994,9.916702288180645,11.162935983823104,12.460672780857209,1.297736797034105,40.02178041027437,29.604004822201368,-10.417775588072999,35.206266392718575,37.59830331017402,2.3920369174554423
2023-09-15,26.899801697245625,1,35.10307302838768,34.34906520256985,-0.7540078258178369,18.886107842888165,13.358352870053551,-5.5277549728346145,25.671051372245586,33.52169700794519,7.850645635699607,9.266618425304031,9.88207210425469,0.615453678950658,34.72116124638222,32.68709374852038,-2.034067497861841,37.75079826826608,37.60052925013012,-0.15026901813595828
2023-09-22,27.20376118820097,1,34.92619785665137,32.36802832283155,-2.5581695338198216,22.01246056727372,11.814646071473447,-10.197814495800273,27.118149726502253,34.07280027092959,6.954650544427338,9.244916829077212,9.192030158903677,-0.05288667017353532,32.96083497109541,34.12869591103461,1.167860939939203,36.960007178605856,41.646366394032974,4.686359215427117
2023-09-29,29.22671586096546,1,35.84016995844567,34.89683993124724,-0.943330027198428,28.122815205787333,18.335806975696045,-9.787008230091288,30.413072191580795,39.912715041134504,9.499642849553709,9.191996291642894,9.340874475944688,0.14887818430179323,33.022080462204144,32.34725796055018,-0.6748225016539635,38.770161056131926,40.52680078122009,1.7566397250881636
2023-10-06,26.585922618672544,1,34.169314502872325,27.931102896243402,-6.238211606628923,23.54880288102308,17.505189783422068,-6.0436130976010105,28.97604656610659,39.55706768450773,10.58102111840114,8.778631750544776,10.331540100026956,1.5529083494821805,31.203913325795227,30.137677506397893,-1.0662358193973347,32.83882668569328,34.05295774143724,1.2141310557439624
2023-10-13,27.745781020831746,1,34.27435834569471,30.23332974571862,-4.041028599976087,25.87389072056719,16.358542215653117,-9.515348504914073,31.153109441662565,35.920985346704995,4.76787590504243,9.150860376235983,9.938970468547538,0.7881100923115554,33.56062171968183,32.95695280388601,-0.6036689157958222,32.461845521148206,41.065905544480245,8.604060023332039
2023-10-20,30.293745398163367,1,32.956125474929635,32.45480315358951,-0.5013223213401261,24.4778613853544,16.766952135627363,-7.710909249727038,30.589820856290217,36.686110426359434,6.096289570069217,23.292356875752773,17.637193642006608,-5.6551632337461655,32.46353313993205,29.36667831702792,-3.0968548229041346,37.982774656721105,48.850734714369324,10.867960057648219
2023-10-27,29.175535799715203,1,34.105579867867874,32.00610332949857,-2.099476538369302,24.42981839177382,12.155381900887093,-12.274436490886728,29.12897266394006,36.29887954486918,7.169906880929119,21.5044377956404,30.087339737072327,8.582901941431928,31.313688411206087,25.469705279109874,-5.843983132096213,34.570717667862965,39.03580500685416,4.4650873389911965
2023-11-03,29.210328313728244,1,34.841000029892925,33.622611585699275,-1.2183884441936499,25.9817071333254,7.882816091449726,-18.098891041875675,28.932649790887567,35.019618155431374,6.086968364543807,23.011910093619576,26.51582853570686,3.503918442087283,28.282524482074137,26.115038560913618,-2.1674859211605195,34.21217835256985,46.10605695316859,11.89387860059874
2023-11-10,29.83644729938924,1,33.35118917745119,30.19747587884261,-3.1537132986085794,27.8701719753238,7.790275159230134,-20.079896816093665,29.974475941493722,37.822261189641864,7.847785248148142,25.347784310130905,27.450986751907323,2.1032024417764177,29.08087446148187,27.34576456978823,-1.7351098916936394,33.394187930453924,48.411920246925234,15.01773231647131
2023-11-17,29.2534657047017,1,28.905829652632875,21.43462718112582,-7.4712024715070555,29.85414973301593,6.742807673634829,-23.1113420593811,29.046607683008276,40.10890060403027,11.062292921021992,27.321413819629527,29.585315071341185,2.2639012517116583,30.82999750503228,29.835911642272137,-0.9940858627601443,29.562795834891332,47.813232055805955,18.250436220914622
2023-11-24,27.16047803986417,1,28.196687215539228,21.0753374931235,-7.121349722415729,23.24222356111187,9.53585135020893,-13.706372210902941,29.257780493964148,40.5645402493717,11.306759755407555,24.749677454054606,26.33864356459489,1.5889661105402837,28.8702996548934,31.385848153905854,2.5155484990124535,28.646199859621774,34.06264742798017,5.416447568358393
2023-12-01,26.884022287532897,1,28.213278126467955,19.508424509999358,-8.704853616468597,20.957458028456813,7.209191385243827,-13.748266643212986,29.233723563687334,41.96899862158793,12.735275057900594,24.129514498059933,28.36783569878159,4.238321200721657,29.128013548958222,31.698740362972856,2.570726814014634,29.642145959567102,32.55094314661184,2.9087971870447404
2023-12-08,26.05326760454373,1,22.25456188519304,15.59994855774832,-6.6546133274447214,18.275563311573194,8.181603698759176,-10.093959612814018,29.74565150839736,39.57055418587676,9.8249026774794,25.06678909606464,26.743951160657474,1.6771620645928351,31.098754420434105,35.65565051130021,4.556896090866104,29.87828540560004,30.567897512920396,0.6896121073203574
2023-12-15,23.235016571122035,1,20.317316041793973,15.356892929138382,-4.96042311265559,20.12069255260782,7.828630710025976,-12.292061842581845,22.380955489297932,31.093142312611477,8.712186823313544,19.155031775795905,27.318811374988442,8.163779599192537,28.95617345085283,26.566595696511044,-2.3895777543417864,28.479930116383755,31.24602640345691,2.766096287073154
2023-12-22,24.268630242930186,1,23.17663232793521,17.949535820710295,-5.227096507224914,20.780376624836876,7.492906317221227,-13.28747030761565,22.148466545572703,32.07579132155202,9.927324775979315,19.824961540360277,29.93345584277506,10.108494302414783,28.526898722046155,23.03905072259745,-5.487847999448704,31.15444569682988,35.12104143272508,3.966595735895197
2023-12-29,24.08636299009486,1,24.136355700882632,18.28820234261528,-5.8481533582673535,15.554226477958267,14.534081566097825,-1.0201449118604415,21.298418693054742,31.580172019089105,10.281753326034362,23.61214417902967,28.4320688571688,4.819924678139131,28.231468401245266,23.581609673417958,-4.649858727827308,31.68556448839857,28.10204348218015,-3.583521006218419
2024-01-05,24.62464892693337,1,24.179770922267892,17.086385637171105,-7.093385285096787,14.71308918147976,12.237765716728234,-2.4753234647515256,22.30780678471065,34.04617018439629,11.738363399685639,25.627114091428552,31.173674317393605,5.546560225965052,28.851338012617703,24.804051636636714,-4.047286375980988,32.068774569095666,28.39984606927426,-3.668928499821405
2024-01-12,25.269973862904283,1,18.34409560223571,14.890711265304972,-3.453384336930739,13.364119029810013,18.699291571828425,5.335172542018412,23.632229500537363,37.799595874572844,14.167366374035481,26.689509992409356,26.42543430276595,-0.26407568964340555,34.123906944774376,21.670292148022355,-12.45361479675202,35.465982107658874,32.1345180149311,-3.3314640927277708
2024-01-19,25.472273045694447,1,16.549642242208193,12.589041890480587,-3.9606003517276065,22.38598348242543,16.515494029836418,-5.870489452589013,26.128505429954586,43.28332678100598,17.154821351051396,28.577579946913474,23.101697491081453,-5.475882455832021,26.734224967723634,25.341872795074195,-1.3923521726494386,32.45770220494134,32.00220528668797,-0.4554969182533739
2024-01-26,25.476358610610713,1,17.254799843388966,11.30896816046804,-5.945831682920925,21.807949622970938,15.427839465733427,-6.38011015723751,26.675522454354024,44.19281734754844,17.517294893194418,27.446420510560614,23.919782415186134,-3.52663809537448,26.96522083549462,26.043731108224875,-0.9214897272697442,32.708238396895126,31.96501316650341,-0.7432252303917153
2024-02-02,25.376240818724636,1,18.912349563723154,11.95810373264888,-6.9542458310742745,22.713178139411667,13.682150977378129,-9.031027162033539,25.731695623409635,44.31664152447068,18.584945901061047,26.474046817053292,24.133212035798422,-2.3408347812548698,24.648253203769627,23.627482043827527,-1.0207711599421003,33.777921564980446,34.53985459822418,0.7619330332437357
2024-02-09,25.71827200209725,1,22.067242188697648,11.05739460239775,-11.009847586299898,24.607342626775008,14.840548894408016,-9.766793732366992,23.522075369545774,42.24791342909464,18.725838059548863,25.971680636631334,27.26021725216087,1.2885366155295372,24.287093257801658,20.378396135816388,-3.90869712198527,33.8541979331321,38.52516169870587,4.670963765573774
2024-02-16,26.473219838095957,1,26.77219289826988,14.43515069834622,-12.337042199923658,28.50404836144476,16.10864398065827,-12.395404380786488,24.27219088893689,44.90337363651673,20.631182747579842,22.252266206177183,23.093419044269027,0.841152838091844,24.582249544434305,19.9237612633913,-4.658488281043006,32.45637112931274,40.37497040539418,7.918599276081437
2024-02-23,26.009694343722717,1,24.991174153192034,14.422916378681819,-10.568257774510215,25.83543097010363,15.785401752950051,-10.050029217153579,24.85024093503334,43.56247329611064,18.712232361077298,23.0828314959722,19.19001716436577,-3.8928143316064308,27.168873412215518,22.398036647547073,-4.770836764668445,30.129615095819588,40.699320822680974,10.569705726861386
2024-03-01,23.535666064761767,1,26.21286166022506,15.519860419820176,-10.693001240404882,20.05834578252494,14.997866434047694,-5.060479348477244,21.17015151303228,44.648912820682696,23.478761307650416,24.59032895075127,14.909576603560637,-9.680752347190634,19.24895321416774,14.110378337369966,-5.138574876797776,29.93335526786929,37.02740177308941,7.0940465052201205
2024-03-08,24.163187896966445,1,26.683326811494183,14.216439809447579,-12.466887002046604,18.499925801001055,15.634738024821303,-2.865187776179752,24.17946295092534,39.7272273638842,15.547764412958855,23.948036524108673,16.699850972489614,-7.248185551619059,20.670350505748416,19.373041121633804,-1.2973093841146124,30.99802478852098,39.32783008952218,8.329805301001201
2024-03-15,21.879485510312197,1,24.340573483760053,12.881051539771008,-11.459521943989046,19.420254249407876,18.562058548772214,-0.8581957006356618,12.467770642637191,22.305901963212193,9.838131320575002,23.245194195333298,19.598911166444466,-3.6462830288888313,15.221485995864157,13.522850801944031,-1.6986351939201256,36.58163449487062,44.40613904172928,7.8245045468586625
2024-03-22,21.964250924816977,1,26.16102528450422,12.738639965735345,-13.422385318768875,19.528549869110208,16.13336359613129,-3.3951862729789184,12.54845559448161,24.663201736889604,12.114746142407995,23.102622384953705,19.311168395712684,-3.7914539892410204,13.41503684360329,13.689903554095437,0.27486671049214806,37.029815572248815,45.2492283003375,8.219412728088685
2024-03-29,23.752210107722263,1,29.39283890498571,12.459749675722648,-16.93308922926306,19.751108653445797,14.346285946383674,-5.404822707062124,14.42835261149034,27.246827090400984,12.818474478910645,24.81019716854904,23.80904422452066,-1.0011529440283766,14.983845588330482,16.97462469047909,1.9907791021486076,39.14691771953221,47.67672901882651,8.529811299294295
2024-04-05,26.85467075446624,1,34.67494061180017,21.249691768631862,-13.425248843168305,32.47576587306962,15.473856913795174,-17.001908959274445,14.381886387692347,28.481049602387174,14.099163214694826,19.98339163311637,27.710370058408202,7.726978425291833,18.452663645199408,23.90515466615676,5.452491020957353,41.159376375919535,44.30790151741826,3.148525141498723
2024-04-19,23.452316785979065,1,35.365962772278635,13.772067396125323,-21.593895376153313,23.775806883978987,12.006863144627204,-11.768943739351784,14.002553555954165,29.648915353073036,15.646361797118871,17.163719068898672,17.882304581636618,0.7185855127379455,17.46109624206734,22.047862594697932,4.58676635263059,32.94476219269659,45.355887645714276,12.41112545301769
2024-04-26,26.46078117538204,1,42.54468954312341,7.515925797932795,-35.028763745190616,22.215441849313308,15.283750509381989,-6.931691339931319,15.499461941236532,36.443039260172085,20.943577318935553,18.15087592257622,25.100854667510703,6.949978744934484,22.36436760216702,22.953764267055774,0.5893966648887528,37.98985019387574,51.4673525502389,13.47750235636316
2024-05-03,27.072440844215865,1,44.4409063652749,8.219464246176997,-36.2214421190979,21.048707808657994,15.36570071535509,-5.683007093302905,18.592686904192078,38.64066161580125,20.04797471160917,19.175672713037372,24.104143802816367,4.928471089778995,22.030339397430467,24.43335589508122,2.4030164976507535,37.1463318767024,51.671318790064326,14.524986913361928
2024-05-10,28.057176262231025,1,43.020642150473165,7.614248876398065,-35.4063932740751,22.992182334643402,17.04728656374418,-5.9448957708992225,19.144768421811094,35.33872396946222,16.19395554765113,21.07368461910366,28.45695197022799,7.383267351124331,26.41956318294642,31.430335473934292,5.010772290987873,35.692216864408394,48.45551071961938,12.76329385521099
2024-05-17,27.64731392706705,1,40.81870259092505,6.881462243200154,-33.937240347724895,21.41225920148962,18.301920358939668,-3.1103388425499503,19.41912392598134,40.26600591398736,20.846881988006018,22.541600324540653,24.65362313487492,2.112022810334267,25.546305735451966,25.713986443634496,0.16768070818253022,36.14589178401368,50.06688546776574,13.920993683752059
2024-05-24,28.532533568919092,1,41.20257114981028,10.016495555404774,-31.18607559440551,22.913869710200302,22.527765980447768,-0.38610372975253426,18.757647864004895,48.9221506339392,30.164502769934302,22.25582956502896,27.575794689239345,5.319965124210384,27.135410005209977,17.408008243780927,-9.72740176142905,38.92987311926016,44.744986310702565,5.815113191442407
2024-05-31,24.350735464819184,1,39.53551994463812,17.98047352933768,-21.55504641530044,25.45715119307023,15.297286493045192,-10.15986470002504,22.703499073093084,16.079148237770056,-6.624350835323028,18.800200619171918,18.26324080476195,-0.5369598144099683,17.506124120474993,15.492311479093345,-2.013812641381648,22.101917838466747,62.99195224490687,40.89003440644012
2024-06-07,20.2082744167929,1,32.94733339708387,12.742289581165707,-20.20504381591816,15.059564504148057,17.304671571458925,2.245107067310869,18.342014241630807,16.340618906669278,-2.001395334961529,18.42224762764738,17.610080430949196,-0.8121671966981836,15.787885164997803,14.735639373864217,-1.0522457911335863,20.690601565249494,42.5163466366501,21.825745071400604
2024-06-14,20.623729758164668,1,34.13192919399499,12.567671273340466,-21.564257920654526,15.393593483622311,16.461177096517574,1.0675836128952625,18.63855360282203,17.96337686793703,-0.6751767348849995,18.567925334408997,18.22826993986513,-0.3396553945438683,16.38087886426736,16.389817358093254,0.008938493825894511,20.629498069872312,42.132066013234464,21.502567943362152
2024-06-21,20.187295616374215,1,34.572865166531116,13.056615240552276,-21.51624992597884,16.44411201727651,17.010019024011967,0.5659070067354577,12.91198526998204,10.772461112243477,-2.1395241577385633,21.127566112555527,19.3693285988179,-1.758237513737626,14.956413360260086,19.284752060877196,4.32833870061711,21.110831771640008,41.63059766174243,20.51976589010242
2024-06-28,19.25502981051883,1,28.66956771230933,13.275502659494236,-15.394065052815094,16.022939707949362,16.20456648659973,0.1816267786503687,16.341146846838527,12.453531479090287,-3.8876153677482392,20.410549444725376,18.531718123538283,-1.8788313211870928,15.437945799104298,15.426078693171775,-0.011867105932523714,18.648029352186086,39.63878142121868,20.990752069032595
2024-07-05,19.482172451766246,1,28.55711173475936,11.479131884101577,-17.077979850657783,15.572638014660527,15.91106765276065,0.3384296381001235,16.180931171849707,12.181661767419186,-3.999269404430521,22.835838661314554,21.986234164851197,-0.8496044964633569,14.855327025299019,16.850493515641105,1.9951664903420863,18.89118810271431,38.48444572582382,19.59325762310951
2024-07-12,18.894456863325303,1,30.380859055512985,10.11818920298586,-20.262669852527125,16.221182071094404,17.031228451818365,0.8100463807239606,15.109069655163907,12.09300403610753,-3.016065619056377,20.3250927858179,20.45858827601917,0.13349549020126972,14.43107054638655,18.295282828139023,3.8642122817524722,16.89946706597607,35.37044838488184,18.47098131890577
2024-07-19,19.002156498208024,1,31.14039947772558,9.061605464087876,-22.078794013637705,13.9404436187357,17.491741392580778,3.5512977738450786,15.208960000131086,15.302601618096233,0.09364161796514736,20.369591383657735,19.75585434860237,-0.6137370350553653,14.635494994170642,17.436897105116046,2.8014021109454035,18.7180495148274,34.96423906076488,16.246189545937483
2024-07-26,18.794336564198407,1,29.891251264600655,12.875728413066625,-17.01552285153403,16.425386674053783,23.987386082950223,7.56199940889644,15.309278578782198,14.570499685163512,-0.7387788936186865,19.87580375649604,15.102695249470415,-4.773108507025626,11.83242424149266,13.375150175542842,1.542725934050182,19.431874869765096,32.854559778996816,13.42268490923172
2024-08-02,20.05436513714864,1,27.0577285759354,10.792037314252056,-16.265691261683344,21.385509543498387,24.64862505420018,3.2631155107017946,16.859028250314722,14.882521860413846,-1.9765063899008766,20.78543178696782,17.366214488158775,-3.419217298809045,10.946241775168872,18.403079410719357,7.456837635550485,23.29225089100663,34.233712695147574,10.941461804140943
2024-08-09,21.125387786196992,1,32.69733114762235,13.519359384724993,-19.177971762897357,21.96064663886719,23.98242674565165,2.021780106784462,17.848133631086526,16.302730556312156,-1.5454030747743701,20.152084674509993,18.31937434310626,-1.8327103314037316,11.21192947098264,18.301381940387984,7.0894524694053445,22.882201154113247,36.3270537469989,13.444852592885653
2024-08-16,20.088501414647904,1,25.746707190266406,8.083574731694128,-17.663132458572278,24.210089326217954,25.933842028376418,1.723752702158464,19.6740644741283,16.93656989278425,-2.737494581344052,18.922968684555045,15.43749169164822,-3.4854769929068254,9.450677226582158,17.71107458042519,8.260397353843032,22.52650158613757,36.42845556295923,13.901953976821659
2024-08-23,20.579099431221955,1,24.45700297651979,6.95603547102975,-17.50096750549004,25.524312427051257,26.147058242598888,0.6227458155476313,20.135343903116663,19.428307747703386,-0.7070361554132774,20.08395914875736,16.177140016228336,-3.906819132529023,10.984025266485332,18.772069048712297,7.788043782226964,22.289952865401332,35.99398606105905,13.704033195657715
2024-08-30,20.89062199829096,1,26.163599601595465,6.8691966868630345,-19.29440291473243,28.363180732126267,25.453669422265833,-2.9095113098604344,19.717956053050187,19.389569605077483,-0.32838644797270433,19.144405515623717,14.919656160375581,-4.224749355248136,10.300684691493146,20.75835142260506,10.457666731111914,21.65390539585698,37.95328869255877,16.29938329670179
2024-09-06,19.921802340344332,1,24.70094169777289,7.430933073300551,-17.27000862447234,22.45385453480469,25.790367481622226,3.3365129468175354,18.323780341132363,18.22645752167044,-0.09732281946192245,21.21621190661793,14.9598237109102,-6.2563881957077285,10.153882656189651,19.493955467900832,9.340072811711181,22.682142905548474,33.629276786661734,10.94713388111326
2024-09-13,19.808234439639698,1,25.260188013630483,8.232553672459971,-17.02763434117051,20.529795676770902,21.465915227618723,0.9361195508478204,23.69423378356899,21.857892051760373,-1.8363417318086164,19.751634550959835,18.816759271318134,-0.9348752796417017,8.279727195729635,14.089701928791428,5.809974733061793,21.33382741717834,34.38658448588956,13.052757068711216
2024-09-20,19.769336534959066,1,23.76133318181664,7.658455611708916,-16.102877570107722,20.316106405706208,21.464588596836833,1.1484821911306256,24.62385899192536,21.891051512336034,-2.732807479589326,20.90706019787295,20.965492655687726,0.05843245781477435,8.454334287531438,12.815605634832082,4.361271347300644,20.553326144901803,33.82082519835279,13.26749905345099
2024-09-27,20.14120466195693,1,25.097737308665202,10.092195129328744,-15.005542179336459,19.347579277027336,18.38997854077735,-0.9576007362499865,23.637105210818717,23.13001644954069,-0.5070887612780268,21.26848103014413,23.24002000903299,1.9715389788888587,8.119922651417468,12.877570694643353,4.757648043225885,23.37640249366872,33.117447148418464,9.741044654749743
2024-10-04,20.39936133711411,1,26.435124278881716,9.10186515053698,-17.333259128344736,16.404939107091224,18.51925127125118,2.114312164159955,24.14527947015445,25.371075015526444,1.2257955453719944,22.231227055707436,24.116841374432525,1.8856143187250893,7.627327344077102,12.200269262011489,4.572941917934386,25.55227076677275,33.086865948926004,7.534595182153254
2024-10-11,19.903050342374396,1,25.95417225073419,9.427981936845242,-16.526190313888947,15.65526856312664,15.066221354559048,-0.5890472085675924,23.2991988389588,25.250532490098593,1.951333651139791,22.99299270591075,25.350017524270243,2.3570248183594913,6.714470011087329,11.894892282517603,5.180422271430274,24.802199684428658,32.42865646595564,7.626456781526983
2024-10-18,20.307553815405303,1,25.737527065903564,12.085889990908868,-13.651637074994696,20.26182916085149,10.9430190470419,-9.31881011380959,15.891864556640442,29.31823746035714,13.426372903716697,22.915519681832365,26.097555787325106,3.1820361054927417,7.666314992081368,16.957275211404877,9.290960219323509,29.372267435122595,26.443345395393877,-2.928922039728718
2024-10-25,19.703093705155354,1,24.515220439925187,12.656558310072171,-11.858662129853016,16.311368741161147,9.565619110306272,-6.745749630854874,16.52269815130333,30.51884596734091,13.996147816037578,22.32670103604532,26.679694064421994,4.352993028376673,9.801347744458312,16.455275302943676,6.653927558485364,28.741226118038824,22.342569475847114,-6.39865664219171
2024-11-01,23.81458253625915,1,25.71511022335126,14.558544174063229,-11.156566049288031,18.01368281198053,11.433846590171143,-6.579836221809387,20.31424889179587,34.29835738550872,13.984108493712853,34.57341847499079,31.55090028327858,-3.0225181917122086,12.152034664427077,23.190994659534923,11.038959995107845,32.119000151009345,27.854852124998274,-4.264148026011071
2024-11-08,23.080425138959935,1,24.897195672791497,16.6313322412594,-8.265863431532097,16.897080871198312,10.018703234340379,-6.878377636857934,22.93737695724421,35.22844604486376,12.291069087619547,28.583596157080322,31.777536728955468,3.193940571875146,11.852257237894264,14.00143510333092,2.1491778654366556,33.31504393755101,30.825097481009706,-2.489946456541304
2024-11-15,22.367356556442033,1,20.666377577901216,15.88789113855934,-4.778486439341876,18.45381347124456,8.595247331994727,-9.858566139249831,21.007825460648917,35.505403728699704,14.497578268050788,28.10366299828405,30.053207137396228,1.9495441391121773,12.33121170086784,16.19850720785179,3.8672955069839503,33.641248129705616,27.96388279415042,-5.677365335555194
2024-11-22,22.258763256459815,1,20.351907017911444,19.78933220746579,-0.5625748104456534,21.016366371233914,11.047825489754118,-9.968540881479797,20.884904113284364,29.41226838807654,8.527364274792177,24.757420647773742,31.689581144465365,6.932160496691623,13.8084951308998,18.655084996088533,4.846589865188733,32.73348625765563,22.95848731290853,-9.774998944747097
2024-11-29,21.964397213895236,1,20.05053891362033,20.271415226750605,0.220876313130276,21.530716314126735,9.226475258933377,-12.304241055193359,20.844747325144894,28.77156740878607,7.926820083641175,23.28811932381815,29.89107844806975,6.602959124251598,12.997627175741897,19.878340979847763,6.880713804105866,33.0746342309194,23.747505960983858,-9.327128269935542
2024-12-06,22.615642350560023,1,19.000598131286054,19.63289654666987,0.6322984153838149,21.577200296203927,9.90699664476611,-11.670203651437816,22.99158378586175,30.68270057715739,7.6911167912956415,29.64336674469652,34.708863314144025,5.065496569447504,11.341018625550902,17.944707686436104,6.603689060885202,31.140086519760985,22.81768933418661,-8.322397185574374
2024-12-13,22.232359558739336,1,21.43864205560972,19.100443508822593,-2.338198546787126,18.354186370596935,9.627402233416092,-8.726784137180843,19.495871580032414,31.90229603348645,12.406424453454036,29.691654632116865,34.524737737302374,4.8330831051855085,10.416622331397903,17.26627146923539,6.849649137837488,33.9971803826822,20.973006370173167,-13.024174012509036
2024-12-20,24.12946121496221,1,23.629972845202715,21.070998091409095,-2.5589747537936205,18.70298219330938,12.283511765152682,-6.4194704281567,20.323973833990152,31.484241364851187,11.160267530861034,31.594622125243177,37.28806980821065,5.693447682967474,13.500394546792819,19.61669869408466,6.116304147291842,37.024821745235,23.033247566064972,-13.99157417917003
2024-12-27,26.071650695722848,1,26.930022431281287,22.18578331738125,-4.744239113900036,23.082083461229942,12.471479944167228,-10.610603517062714,21.61351038687053,32.75899259140772,11.145482204537188,32.9792087045507,40.81507034816832,7.835861643617619,13.918953705241236,24.24120921095745,10.322255505716214,37.90612548516338,23.957368762255122,-13.948756722908257
2025-01-03,25.086988175390104,1,26.331828153145494,24.756306826276145,-1.5755213268693495,19.410080761827345,13.266300412854847,-6.1437803489724985,19.03349029969354,29.16679527169724,10.1333049720037,34.048563746128124,36.724574249167546,2.6760105030394215,12.583488010550624,21.615663906272033,9.032175895721409,39.11447808099551,24.992288386072815,-14.122189694922696
2025-01-10,24.888491180399793,1,32.46248122947803,19.33487230098254,-13.12760892849549,25.13639750431686,10.98790763035852,-14.14848987395834,15.077541133848854,27.528288799670193,12.45074766582134,20.95210957943752,45.51580982912999,24.563700249692474,15.620013451680805,22.696623351140815,7.07660989946001,40.08240418363669,23.267445171116712,-16.814959012519978
2025-01-17,23.042706091478042,1,30.034332301342488,22.76155451377906,-7.272777787563427,12.725986159171853,10.216011221741041,-2.509974937430812,15.450093836672039,28.98216508844476,13.53207125177272,22.743156373713262,27.721099032885064,4.977942659171802,16.937530047804216,24.804130452690814,7.866600404886597,40.36513783016441,23.771276239327513,-16.593861590836894
2025-01-24,23.848794727255193,1,30.958575912408094,25.65687149049309,-5.301704421915005,12.74395543226646,11.543589678509178,-1.200365753757282,16.68270039250129,26.810453898311806,10.127753505810517,25.973803266678743,26.96804881066521,0.9942455439864659,16.39923984972785,26.133857324138802,9.734617474410953,40.33449350994873,25.979947161413065,-14.354546348535663
2025-02-07,23.52776182993774,1,33.03563468283366,25.958183981987062,-7.077450700846597,13.177646847562343,14.330008603525172,1.1523617559628292,14.714566480152982,25.93048636988361,11.215919889730628,26.184950999423307,27.406163271917492,1.221212272494185,15.74986222698766,23.623055909821133,7.873193682833474,38.30390974266648,23.918672842491887,-14.38523690017459
2025-02-14,23.558083508058292,1,32.2466267493279,21.56155848227354,-10.685068267054362,5.085965810377743,15.264774974473767,10.178809164096023,15.640824754210541,31.476597274158777,15.835772519948236,23.656409917418443,20.724632137629442,-2.9317777797890017,21.69593100049414,25.85019048247689,4.1542594819827485,43.02274281652099,26.470747697337302,-16.551995119183687
2025-02-21,23.64812371935044,1,32.678262141612294,21.396141683226148,-11.282120458386146,6.008148735075508,17.741218726881,11.733069991805493,14.186832706061253,34.177859904740984,19.99102719867973,22.96646350276788,20.17980128644156,-2.78666221632632,22.434373245135262,24.295895442853592,1.8615221977183296,43.614661985450454,24.097825271959323,-19.51683671349113
2025-02-28,22.166968410744413,1,33.316427432628316,26.54998131573376,-6.766446116894556,4.389748711045783,21.74935963806658,17.359610927020796,18.78751121273163,17.3301925581069,-1.4573186546247285,20.211772705039337,15.70861601923292,-4.503156685806417,21.860851242079235,28.6946076176186,6.833756375539366,34.43549916094216,22.969053315707697,-11.46644584523446
2025-03-07,22.97773538017292,1,33.94402125196066,34.635682889348814,0.691661637388151,6.135606117524333,22.95943564513334,16.823829527609007,25.0355495610776,18.87360638363735,-6.16194317744025,21.638020498403662,17.298875514975336,-4.339144983428326,25.095443190386973,26.29105014068216,1.1956069502951863,26.017771661684293,17.807761707260553,-8.21000995442374
2025-03-14,22.981093384663723,1,29.638689157795596,20.392869375562938,-9.245819782232658,12.75256744511448,18.740923956805958,5.988356511691478,24.10827364374248,33.97514372170177,9.866870077959291,21.55966190805937,18.02714222734575,-3.5325196807136194,19.22157557075782,11.747195313655624,-7.474380257102197,30.605792582512578,35.00328571291027,4.397493130397692
2025-03-21,22.601564538931314,1,31.520998551557852,20.652157651828986,-10.868840899728866,7.709618635183574,19.768093727068788,12.058475091885214,24.97673954771838,28.549257600441692,3.5725180527233107,22.13172045683136,17.4592460047632,-4.672474452068158,17.262483795378287,11.318529987718094,-5.943953807660193,32.00782624691841,37.86210226176709,5.854276014848679
2025-03-28,23.48408401421572,1,32.58179376776124,19.828376425535737,-12.753417342225504,8.836999133959836,22.213224667119405,13.37622553315957,25.752065819161984,29.02091917302812,3.2688533538661346,24.259491795912226,19.331553073965594,-4.9279387219466315,15.434286105692536,8.832298719164328,-6.601987386528208,34.03986746280651,41.678132026481165,7.638264563674653
2025-04-11,24.273733506673164,1,35.490272508158,23.347593683309668,-12.142678824848332,18.710646519943865,24.53599906995794,5.825352550014074,24.036093776690876,27.415906916957013,3.379813140266137,22.515504616378166,17.81267269381624,-4.702831922561927,16.83020630836964,14.500405119488931,-2.329801188880708,28.059677310498415,38.0298235565092,9.970146246010785
2025-04-18,25.140498783879497,1,34.66174664132164,25.847157098985747,-8.814589542335895,20.80314481405061,24.347427621486148,3.544282807435536,24.953275895953368,30.537085042551738,5.5838091465983695,24.950142780693938,22.104437247956554,-2.8457055327373837,16.78322423179283,13.861616118790735,-2.921608113002094,28.691458339464603,34.1452695735061,5.4538112340414955
2025-04-25,26.006532199550094,1,34.8800424477525,26.355552754652948,-8.524489693099554,22.385058963482308,22.240225641545962,-0.14483332193634624,25.648443434242267,33.347185037165886,7.698741602923619,26.54324234079398,23.71752626925486,-2.8257160715391194,17.845483281506716,14.623603524170036,-3.22187975733668,28.736922729522774,35.75509997051091,7.0181772409881376
2025-05-02,25.86310084507385,1,35.90676183042116,27.81448146727145,-8.092280363149712,24.42673243970738,22.86884487749053,-1.5578875622168482,24.606968367899654,30.951029682366382,6.344061314466728,26.420101668343108,23.043575150364745,-3.3765265179783626,16.271599963891504,14.42640405456632,-1.8451959093251844,27.546440800180306,36.07426983838367,8.527829038203365
2025-05-09,26.41375858209823,1,38.2482804591132,30.955996409559425,-7.292284049553771,27.45086841064399,25.771085455036655,-1.6797829556073367,24.86824384017062,29.574843129982256,4.706599289811635,25.952135189568693,23.29833163580409,-2.653803553764604,15.7302829105585,14.831913339911424,-0.8983695706470769,26.23274068253437,34.050381522295496,7.8176408397611254
2025-05-16,23.60606782969751,1,37.79238198383109,30.525779579777208,-7.266602404053884,23.656799666975743,23.738140356413084,0.08134068943734007,15.305219605710889,23.596783205799667,8.291563600088779,25.052589224119828,22.057286366396752,-2.9953028577230754,15.30457431727622,14.6994596668128,-0.6051146504634204,24.524842180271293,27.018957802985497,2.4941156227142045
2025-05-23,24.590831646664167,1,41.03987588071424,35.70358605369085,-5.336289827023393,24.03506803822127,28.05498426718036,4.01991622895909,14.252120571428591,18.29244939393442,4.040328822505828,27.31396983118391,23.51913508089119,-3.794834750292722,15.287697238393903,14.70702678664047,-0.5806704517534342,25.6162583200431,27.267808297647676,1.6515499776045743
2025-05-30,24.40216394514647,1,41.54967419715994,36.06495929794658,-5.484714899213358,22.631608301946514,27.062092480652908,4.4304841787063935,13.761163885780576,16.35086620631536,2.5897023205347836,27.506679953355132,23.858779988575563,-3.647899964779569,15.279177034184585,15.453997209049874,0.1748201748652889,25.68468029845208,27.622288488338512,1.9376081898864328
2025-06-06,26.214585871018418,1,42.621837337851254,35.138821038547,-7.4830162993042535,25.479845390414468,31.20607560232547,5.726230211911002,15.806323826166917,19.201758259528646,3.3954344333617286,28.033520785919592,24.801103613485694,-3.232417172433898,18.87450387760238,17.446896184951655,-1.4276076926507244,26.471484008155898,29.492860527272057,3.02137651911616
2025-06-13,27.533159826199068,1,43.41200962148039,39.43160335391588,-3.980406267564504,30.38904848988308,34.927604732702676,4.538556242819595,15.51087122615489,19.24453166269126,3.7336604365363684,27.84613143084458,23.616031950603073,-4.230099480241506,21.190277627785804,20.432232583870487,-0.7580450439153168,26.850620561045673,27.546954673410994,0.6963341123653208
2025-06-20,28.645607855723,1,43.32707822844724,39.28283167026553,-4.044246558181712,30.426034625565677,39.136536369912236,8.710501744346558,14.489219786284409,20.23513456849095,5.74591478220654,30.531704942191382,25.630556148304933,-4.901148793886449,25.357169940903432,17.529374638252534,-7.827795302650898,27.74243961094585,30.059213739111826,2.3167741281659744
2025-06-27,26.843284667357878,1,37.26544461720349,31.309377065624837,-5.956067551578656,27.62174252382954,38.715755674848154,11.094013151018615,14.894248816626046,19.802734507051994,4.908485690425948,26.976117064114476,25.98348031559273,-0.9926367485217469,26.618233572410716,13.577830050505725,-13.040403521904992,27.683921409963006,31.670530390523837,3.986608980560831
2025-07-04,29.616619897621877,1,44.25853072112938,38.058962896773245,-6.199567824356137,27.349766998894538,40.36756703810232,13.017800039207785,21.603224136037767,21.806275143643177,0.20305100760540995,30.751009139880054,27.020026970011216,-3.730982169868838,26.405090453822808,17.58759403165945,-8.817496422163359,27.332097935966715,32.859293305541854,5.527195369575139
2025-07-11,29.73976516196269,1,44.82549339365693,38.739264866534725,-6.086228527122202,29.822987066089752,39.863411543772386,10.040424477682635,21.85348935363095,21.95408250621439,0.1005931525834427,31.664825749142793,27.181749225780052,-4.48307652336274,21.70125567387622,18.419408122203166,-3.281847551673053,28.570539735379498,32.28067470727149,3.710134971891989
2025-07-18,26.695839514588144,1,43.344569343097675,37.304044199995516,-6.040525143102158,20.484071950506163,35.0658913569537,14.581819406447536,21.871867355379365,22.630813135256403,0.7589457798770383,29.22729924614879,25.24293760807167,-3.984361638077118,19.088471356673523,13.000348056468269,-6.088123300205254,26.15875783572335,26.93100273078329,0.7722448950599414
2025-07-25,26.416576616067317,1,42.80488555214519,34.99428086287538,-7.810604689269809,22.150416573448197,32.592386572709756,10.441969999261559,23.11784091964344,24.807000871473946,1.6891599518305043,27.88936051815753,24.172907611864517,-3.7164529062930143,18.783661394775592,16.76039303602667,-2.023268358748922,23.753294738233933,25.172490741453686,1.4191960032197528
2025-08-01,25.751328425798206,1,39.76270670554243,41.517171002142504,1.7544642966000765,24.511733784430007,43.55109748228122,19.039363697851215,23.3086165915592,22.349784034730448,-0.958832556828753,17.122111816631474,10.796305211657781,-6.3258066049736925,22.750636527563415,17.322869786867628,-5.4277667406957875,27.052165129062715,18.970743037109642,-8.081422091953073
2025-08-08,23.59742990289787,1,27.495854871067934,40.65705824252366,13.161203371455727,23.8009454386234,29.943990833514007,6.143045394890606,26.032658587094062,23.450099313857777,-2.582559273236285,11.640318616915522,7.789793472079921,-3.8505251448356006,22.36824863974941,14.944259037155092,-7.423989602594318,30.24655326393686,24.799378518256674,-5.4471747456801864
2025-08-15,24.299628356828993,1,24.590349195993582,39.454318227410454,14.863969031416872,26.562859198759142,27.547269298308976,0.9844100995498337,27.94535885164825,25.16817072186761,-2.7771881297806402,13.648302460114763,9.959984362190113,-3.6883180979246504,19.9501105693557,16.62136884890691,-3.3287417204487895,33.10078986510254,27.0466586822899,-6.05413118281264
2025-08-22,27.132513071493275,1,26.702116771966757,36.50933164971076,9.807214877744002,27.837294558973596,31.14659263896904,3.3092980799954432,27.34689031579768,23.702991131659005,-3.643899184138675,17.13320600243783,13.336576707214647,-3.796629295223184,30.492248665561405,27.991660983178946,-2.5005876823824593,33.283322114222344,30.107925318227245,-3.1753967959950984
2025-08-29,27.351238107469726,1,26.44184027495507,38.58894909014646,12.147108815191388,29.019745265792537,35.514431936010055,6.4946866702175186,25.092418814961306,16.880370398626084,-8.212048416335222,18.76165590636269,14.974824902683068,-3.786831003679623,30.436738829380246,29.267050179606557,-1.1696886497736898,34.355029553366506,28.881802137746178,-5.473227415620329
2025-09-05,26.123237646937742,1,27.03802616862042,41.775125949456566,14.737099780836147,25.913020827772556,32.09745920955588,6.184438381783323,26.86553948919243,20.985195964791103,-5.880343524401326,16.023830669114275,9.807433916107101,-6.216396753007174,25.296666383819584,23.876450395596976,-1.4202159882226084,35.60234234310718,28.197760446118863,-7.404581896988319
2025-09-12,21.730965665961943,1,14.631942852443885,31.403515745487596,16.77157289304371,27.56096622885849,25.20702513170491,-2.35394109715358,29.219409102193325,13.397624151121136,-15.821784951072189,13.05443382787773,9.493732831009396,-3.5607009968683343,25.793751717126767,24.8007260188715,-0.9930256982552663,20.125290267271453,26.083170117577055,5.957879850305602
2025-09-19,21.111946687330192,1,16.707877318933583,23.47610157222516,6.768224253291578,27.49960478919867,23.496934315108845,-4.002670474089825,24.637200501725275,15.252511484308442,-9.384689017416832,13.130776919627792,9.971978005097128,-3.1587989145306636,28.242895511901295,26.686996139933157,-1.5558993719681382,16.453325082594546,27.787158607308413,11.333833524713867
2025-09-26,19.990730339290796,1,16.66333336479535,23.65916741920799,6.99583405441264,28.559670995888766,21.121561143512466,-7.4381098523763,21.41310461113663,13.395424698865227,-8.017679912271404,13.561630057921036,10.64117659460625,-2.920453463314786,26.919463111454604,25.188501841535057,-1.730961269919547,12.82717989454838,25.93855033801782,13.11137044346944
2025-10-03,18.906686858384035,1,14.744425985533638,20.326490096572556,5.5820641110389175,22.260298023806087,20.077048044647867,-2.1832499791582194,22.82754939576901,17.05747211984699,-5.77007727592202,13.281738267541272,10.233512107745497,-3.0482261597957745,25.983062733011963,24.06664431342068,-1.916418419591281,14.343046744642237,21.678954468070614,7.335907723428377
2025-10-10,20.307979949692136,1,17.142154606327637,22.853079008140313,5.710924401812676,25.515147575215835,18.1297924471949,-7.385355128020933,22.310358243326448,17.646843595632262,-4.6635146476941856,13.886495514508965,12.665467350452687,-1.2210281640562783,26.23184549253841,25.589527109693023,-0.6423183828453887,16.761878266235513,24.963170187039594,8.201291920804081
2025-10-17,19.953296560920545,1,14.621138373562232,24.264973448978168,9.643835075415936,27.379332510985066,20.003278244071993,-7.376054266913073,22.45568170732996,17.07468414514227,-5.380997562187687,12.209725490848953,10.376191011863554,-1.8335344789853991,26.259837644229094,24.31093264160168,-1.9489050026274128,16.794063638567962,23.689719873865585,6.895656235297622
2025-10-24,20.89209692506606,1,13.432449830096502,28.529410022992494,15.096960192895992,28.325766361973436,20.722964330366935,-7.602802031606501,22.330924372953035,16.826195870696353,-5.5047285022566825,18.346670617882097,12.736177794994603,-5.610492822887494,27.45195555858585,23.557746988011786,-3.894208570574065,15.464814808905444,22.980086543334224,7.515271734428779
2025-10-31,21.7082000632217,1,15.490208384936736,22.728980637435242,7.2387722524985065,29.202892595920204,21.983961431421235,-7.218931164498969,23.672661960127684,14.623435045547893,-9.04922691457979,18.6864196196652,20.325583027344663,1.6391634076794617,28.45505553966305,28.058548546358935,-0.396506993304115,14.741962279017343,22.52869169122225,7.786729412204906
2025-11-07,20.49302143888138,1,11.562463422448374,21.478944179721935,9.916480757273561,28.473641160255184,21.474052009418145,-6.999589150837039,22.156073562364313,16.493784414507473,-5.662289147856839,17.563309748889225,12.491691325997536,-5.071618422891689,27.527472171939436,29.027360302095758,1.4998881301563216,15.675168567391765,21.992296401547463,6.3171278341556985
2025-11-14,23.160458929682864,1,15.859819688733438,28.70798892682312,12.848169238089682,27.240263880745815,19.63816725995413,-7.602096620791684,30.503789916893993,24.476241879891603,-6.02754803700239,17.791875489671312,14.088613951844891,-3.703261537826421,28.979921791216867,29.070539105901616,0.09061731468474932,18.587082810835753,22.98120245368183,4.3941196428460785
2025-11-21,21.18756822310617,1,16.28162097416842,21.656956198658122,5.375335224489703,25.11031803000465,20.594017047220092,-4.516300982784557,22.888100407387654,22.01162968411812,-0.8764707232695343,16.353300850616193,11.411652324370706,-4.941648526245487,28.65936019390911,28.203317174436904,-0.4560430194722045,17.83270888255099,23.24783690983307,5.41512802728208
2025-11-28,21.045124806325624,1,18.4049920392185,24.4305747808299,6.025582741611402,23.68872094687694,23.282856769823496,-0.405864177053445,22.77190389554042,19.19057541776779,-3.5813284777726295,16.311753981374125,11.573240049706072,-4.738513931668052,26.67118302948326,27.41499400591789,0.7438109764346308,18.422194945460504,20.378507813908598,1.9563128684480944
2025-12-05,21.66388567559088,1,21.841482248638442,23.037480852960215,1.1959986043217725,23.03341858210618,27.91986736862556,4.886448786519381,23.466182908539025,18.54834591537187,-4.917836993167157,17.223741793952968,13.395732662637172,-3.8280091313157953,25.973609617788597,25.454887018428906,-0.5187225993596911,18.444878902520074,21.627000235521578,3.182121333001504
2025-12-12,22.949529825896008,1,21.949879763512214,24.903020852130908,2.9531410886186933,28.24094663998487,34.300200295060705,6.059253655075835,21.488613113202973,19.46087085507449,-2.027742258128484,19.91741716300409,13.93993385514618,-5.977483307857909,28.912472109918554,23.632328989475,-5.2801431204435545,17.18785016575336,21.460824108488822,4.272973942735462
2025-12-19,20.794486934072655,1,21.35044560367359,29.158881983705186,7.808436380031594,24.65004925207846,23.790480018337718,-0.8595692337407428,19.03615761939237,17.129656845485528,-1.906500773906842,19.332115587243422,15.319486252114004,-4.012629335129418,29.339695003664403,27.318177616642842,-2.021517387021561,11.05845853838369,12.050238888150659,0.9917803497669695
2025-12-26,20.58754920771852,1,19.60491491827092,27.552000527199354,7.9470856089284325,24.551629889013668,24.241816328286433,-0.3098135607272354,19.32088551352983,19.293911725529213,-0.02697378800061756,19.82654906745354,13.486883111579075,-6.339665955874466,29.674700972748013,26.762638501046453,-2.91206247170156,10.546614885295156,12.188045052670589,1.6414301673754323
2026-01-02,20.747427381953088,1,19.240849391784053,27.745997045301024,8.505147653516971,24.262673632694657,24.064042689733213,-0.19863094296144368,18.29060945050317,15.829344473638216,-2.4612649768649533,20.028339673281707,15.090500647486706,-4.937839025795,31.182610859039087,29.378376622479607,-1.8042342365594806,11.479481284415854,12.37630281307976,0.8968215286639065
2026-01-09,21.462120374623208,1,13.864048913927917,29.294139996984725,15.430091083056809,27.12771145396951,18.96368697870406,-8.16402447526545,23.65963977345423,19.13234879080109,-4.527290982653142,16.718793143981856,10.026132129577547,-6.692661014404308,29.748635126900723,29.94742467554282,0.19878954864209675,17.653893835505016,21.408989676128996,3.75509584062398
2026-01-16,20.151230696782623,1,12.396705687451472,28.88177419980927,16.4850685123578,25.927023480534373,19.096518703598335,-6.8305047769360385,23.96465197545696,18.68385599674214,-5.280795978714821,17.604509189696543,8.771564427154232,-8.832944762542311,28.204147793749698,27.66492329285643,-0.539224500893269,12.810346053806697,17.808747560535323,4.9984015067286265
2026-01-23,20.14877192897924,1,11.680190223573177,28.84372896490926,17.163538741336083,27.468520374543985,18.360857665793162,-9.107662708750823,22.394900754593934,17.917583650583637,-4.477317104010297,19.63273814435962,7.835007897421477,-11.797730246938144,27.230178962877133,27.951823810365866,0.7216448474887329,12.486103113927598,19.983629584802017,7.497526470874419
2026-01-30,21.773787536627168,1,14.79856588529644,25.62162443155158,10.82305854625514,27.17717825469603,13.93983302989453,-13.237345224801501,22.140299773989355,25.676278556029786,3.5359787820404307,25.262444024254336,19.31579569423539,-5.946648330018945,26.068967757550254,28.108832618007895,2.039864860457641,15.195269523976592,17.980360890043812,2.7850913660672205
2026-02-06,21.225272207555722,1,18.676600235420537,27.40918814988541,8.732587914464872,22.747566176253343,15.2558765545661,-7.491689621687243,21.335506106209806,20.874339030931466,-0.46116707527833967,24.658120521427932,17.301656033056275,-7.356464488371657,27.11499099885242,27.358784355585385,0.2437933567329651,12.818849207170288,19.151789121309733,6.332939914139445
2026-02-13,22.663900942427702,1,19.50669445878323,23.281873297007508,3.775178838224278,22.017410225716304,13.798255358413257,-8.219154867303047,24.762325093658774,27.35429811041297,2.5919730167541957,27.37278254757412,24.8914725660524,-2.4813099815217186,28.09602234208988,26.352276813775447,-1.7437455283144345,14.228170986743905,20.30522950890459,6.077058522160684
2026-02-27,21.924330269276066,1,19.227272456744657,27.158972017399236,7.931699560654579,21.621516885030232,14.999990873081586,-6.621526011948646,24.34108119310565,23.28094636400222,-1.0601348291034327,25.721602875470893,28.148807404806107,2.4272045293352136,31.212658320694146,20.58602285001001,-10.626635470684135,9.421849884610808,17.37124210635723,7.949392221746422
2026-03-06,19.764001652768354,1,18.017592201057028,19.780294377976915,1.7627021769198876,19.619723763866332,13.703125659646219,-5.916598104220114,21.158635989476664,24.47271218599485,3.3140761965181866,27.227874821826603,30.783163819056426,3.555288997229823,22.51772411131438,12.996401729253407,-9.521322382060973,10.042459029069107,16.848312144682325,6.805853115613218
2026-03-13,18.546302281720042,1,19.29155429315246,18.002289529879775,-1.2892647632726835,14.868478649920007,6.031116270837373,-8.837362379082634,17.744618762937037,17.59620753176479,-0.14841123117224697,28.903126515362416,33.92425142354713,5.021124908184717,19.770760340633316,18.542007315995676,-1.2287530246376406,10.699275128315023,17.181941618295554,6.482666489980531
2026-03-20,18.522671044654754,1,20.441969008355642,17.018375741604203,-3.423593266751439,15.563944838532024,6.900867320821803,-8.66307751771022,16.182301173895056,17.72092549322248,1.5386243193274254,28.64517747641014,35.62544071795196,6.98026324154182,19.858620107155048,19.86317044040284,0.004550333247792082,10.444013663580606,14.0072465539252,3.563232890344594
2026-03-27,19.036470038171903,1,20.750672940090126,18.752547324657527,-1.998125615432599,15.486222842010207,8.775059344244411,-6.711163497765796,16.329564059173194,17.453846969350394,1.1242829101772003,29.234592131719083,35.47735153391426,6.242759402195176,20.85415528630932,19.73333377246277,-1.1208215138465505,11.56361296972949,14.02668128440206,2.4630683146725687
2026-04-03,19.942229419616435,1,22.044579452052773,18.71293825343264,-3.331641198620133,18.930475715501217,11.651359982017638,-7.279115733483579,17.117856294932338,17.94016461447326,0.8223083195409231,30.11903937317203,34.405276335319584,4.286236962147555,19.750368600320044,24.21969183323469,4.469323232914647,11.691057081720203,12.723945499220775,1.0328884175005726
2026-04-10,19.70730491391674,1,21.281781785101586,17.58860668756907,-3.6931750975325173,19.046888721997732,11.953398583371694,-7.093490138626038,16.22382154124402,17.67920090058341,1.4553793593393891,30.757212471250497,37.7824538134542,7.0252413422036994,19.586067489448624,20.569144361196436,0.9830768717478122,11.348057474457988,12.671025137325657,1.3229676628676685
2026-04-17,22.002527689051607,1,21.737906581980766,18.541138188323288,-3.1967683936574787,21.384290215616844,11.157704093864538,-10.226586121752305,16.057189265745208,20.032069578946576,3.9748803132013677,36.35136037023971,42.6057888445627,6.254428474322992,22.652894521710266,26.19480362856548,3.541909106855215,13.831525179016865,13.483661800047031,-0.34786337896983355
2026-04-24,21.131696756428195,1,20.81757775352547,19.2405687837678,-1.5770089697576708,20.764167796579514,9.389442552411396,-11.374725244168118,15.36508577765504,20.99278700469644,5.627701227041399,34.26917450277507,41.73174148815137,7.462566985376299,22.21517317635754,21.659200480925307,-0.5559726954322315,13.35900153167654,13.776440228616849,0.4174386969403088
2026-05-01,20.947112380668326,1,20.145509289998245,21.580013974121997,1.4345046841237519,23.382477919011578,7.577994908744174,-15.804483010267404,15.543491336599345,20.131241595010252,4.587750258410907,35.8249839927025,40.235803923553675,4.410819930851176,22.659200605583635,24.99856642918124,2.3393658235976034,8.127011140114647,11.159053453398613,3.0320423132839665
2026-05-08,25.524765871377117,1,23.460121923337667,22.902107649982952,-0.5580142733547149,29.947173594653066,15.248948687197554,-14.698224907455511,14.931936468581483,15.801099431553524,0.869162962972041,39.331487545782196,47.33987410707918,8.008386561296987,32.92493722465181,37.54696644211211,4.622029217460295,12.552938471256496,14.309598910337385,1.756660439080889
2026-05-15,28.66195907356011,1,21.997913121304038,29.808357038589733,7.810443917285696,31.248845564918597,24.77626381028712,-6.472581754631477,21.946795847238903,20.96351835266681,-0.9832774945720928,40.485177323895,42.92814688940902,2.4429695655140193,38.352863799975104,33.279589994267475,-5.073273805707629,17.94015878402901,20.215878356140465,2.2757195721114556
2026-05-22,24.19616279091385,1,17.98738381315117,31.005611692902008,13.018227879750839,27.34981459363057,21.959692954437458,-5.3901216391931115,14.39107520899239,20.918960404898755,6.527885195906364,33.482224573986116,32.01968540589422,-1.4625391680918938,35.61918976492008,24.497183394375,-11.12200637054508,16.34728879080278,14.775842892975675,-1.571445897827104
2026-05-29,24.525625062071743,1,18.944738186717274,35.72558675597833,16.780848569261053,25.689951140513145,23.531162275331155,-2.1587888651819895,14.624058710001094,23.31825131290931,8.694192602908217,34.67032154994919,26.582238792316318,-8.088082757632876,37.18168821953163,22.854855262665303,-14.326832956866326,16.04299256571811,15.141655973230044,-0.9013365924880645
2026-06-05,22.32833915264295,1,15.78665827381431,31.789591036597585,16.002932762783274,21.78949646536556,19.57981788597597,-2.209678579389589,10.537975710008865,18.576542843902317,8.038567133893451,32.59117903319404,25.618829630723525,-6.972349402470513,37.45820515994015,24.97050559571707,-12.487699564223078,15.806520273534787,13.434747922941241,-2.3717723505935453
2026-06-12,23.491762825237174,1,19.032822598789522,33.61308596566023,14.58026336687071,24.153747358082896,21.561336995189393,-2.592410362893503,13.35964645051267,24.100436390876382,10.740789940363712,33.74408709759908,25.29527209135857,-8.448815006240508,37.69325981453545,24.266332449164622,-13.42692736537083,12.967013631903441,12.114113059173846,-0.8529005727295953
2026-06-19,22.568548936230783,1,15.858338427240554,25.346554302271258,9.488215875030704,25.197998979739808,25.484260819137717,0.28626183939790906,15.461581109680964,25.115685022376965,9.654103912696002,32.21102835860101,27.01923212325609,-5.191796235344924,34.369633667423074,24.029851114289983,-10.339782553133091,12.312713074699289,8.415710236052675,-3.897002838646614
2026-06-26,22.046533562799628,1,14.967166691860882,23.871668336555985,8.904501644695102,18.466273626411137,25.276617223389948,6.810343596978811,17.61445394273477,26.131512113093024,8.517058170358254,26.80981598380164,23.50024511475887,-3.3095708690427728,41.229986701644094,23.402895061499308,-17.827091640144786,13.191504430345248,10.096263527500597,-3.095240902844651
2026-07-03,22.78377797497615,1,16.603244214503363,25.002191806961306,8.398947592457944,17.71054975061162,34.593421072237376,16.882871321625757,15.939792823321525,26.682297562694615,10.74250473937309,27.68833572384115,23.815200216820017,-3.873135507021132,42.28325505562568,19.744625268734673,-22.538629786891008,16.47749028195358,6.8649319224089,-9.612558359544678
2026-07-10,22.220884560368244,1,15.284022497309664,25.419201814384394,10.13517931707473,17.17547415339051,34.67427818728778,17.498804033897272,16.01223425134829,27.584355917361364,11.572121666013075,25.036591361921097,22.687662090759105,-2.3489292711619925,44.04173124485652,16.3798409809212,-27.66189026393532,15.775253853383376,6.5799683714956245,-9.195285481887751
2026-07-17,22.003990891978976,1,14.895766655762117,25.329344409504998,10.433577753742881,13.223471568620454,39.37681655323155,26.153344984611095,15.817451837519826,26.895630062622544,11.078178225102718,26.022655164621497,19.759177305820003,-6.263477858801494,42.13415520397976,15.4166245389532,-26.71753066502656,19.930444921370224,5.246352481741596,-14.684092439628628
