date,TCI,lag_selected,FROM_Indonesia,TO_Indonesia,Net_Indonesia,FROM_Malaysia,TO_Malaysia,Net_Malaysia,FROM_Philippines,TO_Philippines,Net_Philippines,FROM_Singapore,TO_Singapore,Net_Singapore,FROM_Thailand,TO_Thailand,Net_Thailand,FROM_Vietnam,TO_Vietnam,Net_Vietnam
2014-11-07,10.013639149356015,1,10.159446540459356,9.384090167658528,-0.7753563728008288,8.65881553128311,9.025785835486147,0.36697030420303633,11.29165217888567,10.097859780434774,-1.1937923984508956,10.881755077622302,10.937979781540903,0.056224703918601904,15.831317620049091,16.03787319983708,0.2065555797879881,3.258847947836557,4.598246131178641,1.3393981833420838
2014-11-14,10.133452042319519,1,9.951443662178406,9.080832974440696,-0.8706106877377096,9.065651705807895,9.475075575145198,0.4094238693373029,11.42868941817278,10.442983930018585,-0.9857054881541956,10.974664473347644,11.192337418778308,0.21767294543066384,16.262903606464363,16.03377559813923,-0.2291280083251337,3.117359387946024,4.5757067573951105,1.4583473694490863
2014-11-21,10.777444066390593,1,12.250229851486793,10.901662311347707,-1.3485675401390864,9.434109495303701,9.894512079214508,0.46040258391080613,11.649331896366661,10.981533375855932,-0.6677985205107291,11.371259375719347,11.32149424239283,-0.049765133326516775,16.676203947883707,16.38969639594231,-0.28650755194139776,3.283529831583351,5.175765993590275,1.892236162006924
2014-11-28,10.885857176589914,1,12.104804744247247,11.120964153114656,-0.9838405911325907,9.337258752013327,9.71760025504092,0.3803415030275943,11.738234896252123,11.0393521816368,-0.6988827146153227,11.704848898581048,11.20544218194108,-0.4994067166399674,16.881926853917307,16.819324023704468,-0.06260283021283897,3.5480689145284288,5.412460264101568,1.8643913495731397
2014-12-12,10.605866775936605,1,12.306327821787718,11.339760792120558,-0.9665670296671607,8.797698420761861,9.034275546397424,0.23657712563556288,12.331251109579057,11.050220314033822,-1.2810307955452345,11.270511087995033,11.500729616273716,0.23021852827868372,15.3312193611565,14.850634717986608,-0.480584643169891,3.598192854339459,5.859579668807498,2.2613868144680396
2014-12-19,10.304011422792973,1,12.404232024876634,11.44353431043946,-0.960697714437174,8.696943845070834,9.102404210440696,0.4054603653698621,11.052309805536098,10.903713749690809,-0.1485960558452888,11.268531514228243,11.426818997622277,0.15828748339403376,14.809112161508992,13.494972228135467,-1.314139933373525,3.592939185537034,5.452625040429126,1.859685854892092
2015-01-09,10.321265752406866,1,12.483742827751243,11.145868710029248,-1.337874117721995,8.624009391736479,8.97267288063037,0.34866348889389087,11.182328424588661,11.261177725297216,0.07884930070855489,11.045763165198963,11.301471340606938,0.25570817540797464,14.874934078210558,13.794389567804117,-1.0805445104064404,3.7168166269552927,5.4520142900732935,1.7351976631180008
2015-01-23,10.633637199530419,1,12.808067683136684,11.35038229419176,-1.457685388944924,9.130455165545683,9.502621417282427,0.37216625173674345,11.270233624892342,11.304385851811077,0.034152226918735096,11.467377447867733,11.746853282429129,0.2794758345613957,15.226512600957548,14.246783354698564,-0.9797292462589837,3.899176674782524,5.650796996769529,1.751620321987005
2015-01-30,10.7665913067505,1,12.833071597043855,11.411698407165844,-1.421373189878011,9.22322040764719,9.562495680358097,0.33927527271090696,11.484395603525556,11.469087826374107,-0.015307777151448931,11.671612986824385,11.978342891395002,0.30672990457061644,15.469627105108685,14.50098544650946,-0.9686416585992248,3.9176201403533355,5.676937588700511,1.7593174483471756
2015-02-06,11.175756177775023,1,12.919804448422127,11.431524370858952,-1.488280077563175,10.04043620077023,10.46598662688666,0.42555042611643046,11.816113494666183,11.660625904205986,-0.1554875904601971,11.882266280876223,12.099223404730978,0.21695712385475474,16.22501669661567,15.497141603655905,-0.7278750929597635,4.170899945299709,5.900035156311645,1.7291352110119362
2015-02-13,11.175359672638294,1,12.424237980230842,10.627069022638636,-1.7971689575922056,10.055960633091928,10.655953646229278,0.5999930131373503,11.782654263821044,11.851533460497336,0.06887919667629205,11.573242157943554,11.694657157847686,0.12141499990413251,17.565866956032195,16.38443364608844,-1.1814333099437562,3.6501960447101993,5.8385111025284,2.188315057818201
2015-02-27,11.805446832686316,1,13.578259940656622,11.442757494358332,-2.1355024462982897,10.228866813220165,10.680699049481632,0.45183223626146685,12.46547998197606,12.982737669921349,0.517257687945289,11.735951384962362,11.961472628757122,0.22552124379475913,19.331434088017673,18.458017190340286,-0.8734168976773873,3.4926887872850187,5.306996963259152,1.8143081759741335
2015-03-06,11.384072410293733,1,13.184583576640051,10.929805389976522,-2.254778186663529,9.703490282493576,10.189746502015666,0.4862562195220903,12.18015670894087,12.526891445708074,0.34673473676720334,11.253304491662234,11.284920809462704,0.03161631780047003,18.72977149285819,18.54006128163067,-0.18971021122752063,3.2531279091674747,4.833009032968775,1.5798811238013002
2015-03-13,11.283469169747095,1,13.158002215816566,11.024905508085396,-2.1330967077311698,8.984174969892393,9.44935724725893,0.4651822773665373,12.602433524175026,13.288312157619956,0.6858786334449292,11.136202758586563,11.090858589249493,-0.04534416933707064,18.560083457226625,18.304705414533473,-0.25537804269315245,3.259918092785398,4.542676101735296,1.282758008949898
2015-03-20,11.086689658979237,1,13.023264323161769,10.763403605266717,-2.2598607178950516,8.643095610892203,9.234452303833919,0.5913566929417158,12.298456439273238,13.088894893732913,0.7904384544596752,10.952036678095908,10.501974277027628,-0.4500624010682799,18.332164130655315,18.3377431948456,0.005579064190285976,3.271120771796987,4.593669679168656,1.3225489073716687
2015-03-27,10.938176280622628,1,12.860448930943136,10.674706713308865,-2.185742217634271,8.680427638559678,9.30672556458785,0.6262979260281725,11.980046691515994,12.638417720973464,0.6583710294574701,10.906873733189201,10.510948006479381,-0.3959257267098195,17.95796282093164,17.881157000645302,-0.07680582028633864,3.243297868596116,4.617102677740931,1.373804809144815
2015-04-10,10.963325882916635,1,12.976592989177476,10.614897086528899,-2.3616959026485773,8.64023755845642,9.247147713125145,0.606910154668725,11.871435888439805,12.646898181441443,0.7754622930016382,11.195134869113033,10.975304097245015,-0.21983077186801836,17.945635165757395,18.000561084734514,0.05492591897711918,3.1509188265556816,4.295147134424795,1.1442283078691133
2015-04-17,10.621909747888912,1,12.712299339529665,10.105004489606756,-2.6072948499229085,8.122727035624422,8.554707012731427,0.4319799771070052,11.593055862886033,12.270488882726724,0.6774330198406915,10.433175754377231,10.56880320237984,0.13562744800260873,17.700398306559634,17.63583268538231,-0.0645656211773229,3.169802188356485,4.596622214506382,1.4268200261498976
2015-04-24,10.859008643768112,1,13.13973226444945,10.291379690318763,-2.8483525741306863,8.050988908486246,9.070358709115183,1.0193698006289367,12.006504897062214,13.104776900929423,1.0982720038672085,10.74686842732197,10.44428794538591,-0.3025804819360616,18.183545688326575,17.819165971854204,-0.3643797164723708,3.026411676962212,4.424082645005143,1.397670968042931
2015-05-08,10.691925823797503,1,12.579128096694177,10.36401871873396,-2.215109377960218,8.020843425847389,9.074177261686032,1.053333835838643,11.97829047981844,12.136454795736512,0.15816431591807145,10.78265061938805,10.494746729336697,-0.28790389005135353,17.767459476464836,17.852216904338093,0.08475742787325657,3.023182844572119,4.229940532953748,1.2067576883816287
2015-05-15,10.836308962456036,1,12.522479006971722,10.254051608990096,-2.2684273979816254,8.456878559644522,9.523915689078734,1.0670371294342118,11.71176511628434,11.931148918529175,0.21938380224483467,11.137830761532882,10.726238265856821,-0.4115924956760608,17.950894276719154,18.221794529712312,0.2709002529931581,3.2380060535835895,4.360704762569043,1.1226987089854532
2015-05-22,10.820016367600331,1,12.263933012606799,9.99614566051143,-2.267787352095368,8.13232389351127,9.117910834226052,0.9855869407147821,11.824685100369848,12.11223599151829,0.2875508911484417,11.048591186724764,10.493021180134221,-0.5555700065905427,18.487869081467522,19.029293312103746,0.541424230636224,3.1626959309217852,4.171491227108234,1.0087952961864488
2015-05-29,11.100836982551805,1,12.270161417951059,10.015552308703619,-2.25460910924744,8.354924285597022,9.466931068638914,1.1120067830418918,12.512577133390565,12.180517764409444,-0.33205936898112043,11.92675877422451,11.920903026968432,-0.005855747256077848,18.477693358603815,18.84882833452353,0.3711349759197162,3.0629069255438566,4.172289392066901,1.1093824665230443
2015-06-05,11.185616620839577,1,12.019453233580336,9.645925433974028,-2.3735277996063076,8.869041478403233,10.280873360922797,1.4118318825195644,12.490870419191722,12.443169057570884,-0.047701361620838156,12.346618241802531,11.479956998140409,-0.8666612436621222,18.33632472337274,19.24735623606898,0.9110315126962405,3.0513916286869005,4.016418638360349,0.9650270096734488
2015-06-19,11.551398215058247,1,12.179686463477836,9.789754373607991,-2.389932089869845,9.155162928532093,10.134930452850824,0.9797675243187314,12.827216653056809,12.677228954391069,-0.1499876986657398,12.400308483383029,11.330707999514289,-1.06960048386874,19.808939900844152,21.31930871184369,1.5103688109995375,2.9370748610555637,4.056458798141634,1.11938393708607
2015-06-26,11.492153624762041,1,12.196547479660381,9.930751202428524,-2.265796277231857,9.165851308673993,10.13195124744658,0.9660999387725866,12.52403352772265,12.525352203359674,0.0013186756370231478,12.451095756089543,11.299288695872079,-1.1518070602174646,19.63235267861843,21.005875876815608,1.3735231981971765,2.983040997807251,4.059702522649715,1.0766615248424642
2015-07-03,11.260314351774431,1,11.84893337909402,9.754630525591836,-2.0943028535021853,8.948972464724733,9.866652922193907,0.9176804574691744,12.609912840604125,12.501922047764396,-0.10799079283972901,12.233947260124637,11.160999561007458,-1.0729476991171794,19.3940748364534,20.659227949912804,1.2651531134594052,2.526045329645669,3.6184531041761687,1.0924077745304999
2015-07-10,11.612270356643949,1,13.348475933986833,11.260145703182403,-2.0883302308044307,9.161308599005082,10.229051354017713,1.067742755012631,13.055992383531589,12.967454314508942,-0.08853806902264694,12.390310061229158,11.136339360946295,-1.2539707002828635,19.229144457719244,20.85883771169668,1.629693253977436,2.48839070439179,3.2217936955116357,0.7334029911198456
2015-07-24,11.624254225053285,1,13.3924894741548,11.71017449708161,-1.6823149770731902,9.23864057009942,10.103081746134535,0.8644411760351147,13.487177434583288,13.387993530442742,-0.09918390414054556,12.65414174253813,11.344362536004994,-1.3097792065331362,18.8170335573906,20.243919099403783,1.4268855420131814,2.1560425715534706,2.9559939412520606,0.79995136969859
2015-07-31,11.232185815240344,1,12.790003442472582,11.029765793470474,-1.7602376490021072,8.474457958220825,8.814794405277695,0.3403364470568704,13.426974266628491,13.667973046588912,0.24099877996042096,12.137131801171307,11.448709420313278,-0.6884223808580288,18.679549385272253,20.116025088439685,1.4364757031674316,1.8849980376766098,2.3158471373520086,0.43084909967539886
2015-08-14,11.301171461749192,1,12.831642949298441,11.46003236471772,-1.371610584580722,8.783235143350169,8.856234401814788,0.07299925846461974,13.532486008012924,13.812082211128299,0.2795962031153749,12.453350383618954,12.204530637003757,-0.24881974661519735,18.405845112516417,19.225756592488594,0.819911479972177,1.8004691736982465,2.2483925633420228,0.4479233896437762
2015-08-28,10.62345637704272,1,12.517716514499824,11.006922374159856,-1.5107941403399678,7.815104511250908,8.015065914489682,0.19996140323877398,13.236391877051162,13.312756333489645,0.07636445643848333,12.475892771088525,12.19763076920583,-0.2782620018826947,15.91063388127121,17.100152822978032,1.1895189417068224,1.7849987070946867,2.1082100479332695,0.32321134083858283
2015-09-04,10.441969614794592,1,12.432284110906068,11.02979439004119,-1.402489720864878,7.7472127304959315,8.136655610427667,0.3894428799317353,13.083230889599704,13.070558262976888,-0.012672626622816097,11.848238791080448,11.936802133980805,0.08856334290035761,15.74098847139652,16.5063137922416,0.7653253208450792,1.7998626952888799,1.9716934990994162,0.17183080381053628
2015-09-18,10.34365187969807,1,12.263392839829137,10.843420982311656,-1.4199718575174813,7.834126709999666,8.130906399686381,0.29677968968671564,12.81148753162256,12.676052743755648,-0.1354347878669131,11.6055331215439,11.820308265064185,0.21477514352028493,15.513822279491166,16.2679464352957,0.7541241558045328,2.0335487957019893,2.323276452074836,0.2897276563728468
2015-10-02,10.132941982144116,1,11.704464688828594,9.934737792746361,-1.7697268960822328,7.719622904568553,8.057899169718596,0.33827626515004283,12.645374060603928,12.411232622441304,-0.23414143816262367,11.673428957686696,11.810023669309558,0.13659471162286252,14.836247233483121,15.984817943300484,1.1485707098173634,2.2185140476938017,2.5989406953484746,0.38042664765467293
2015-10-09,10.913126451075122,1,12.936189785515651,10.874033342477247,-2.062156443038404,8.574550395183124,8.901264060047879,0.32671366486475506,13.485871653568594,13.05597244581061,-0.42989920775798396,12.821577514280634,13.452431134621463,0.6308536203408295,15.668992035672673,17.013484376634167,1.3444923409614944,1.9915773222300572,2.1815733468593947,0.1899960246293375
2015-10-16,11.206506433654049,1,13.184087912984722,11.129548393192309,-2.0545395197924137,8.903084935943994,9.179318655397068,0.2762337194530744,14.196934480407393,13.745533402021351,-0.4514010783860414,13.300944343495857,13.955171425932647,0.6542270824367904,15.594269846174981,17.095337092903705,1.5010672467287236,2.059717082917345,2.1341296324771974,0.07441254955985244
2015-10-30,11.45008125465944,1,13.711483755869622,11.77532685024687,-1.9361569056227523,9.516012532363874,9.436725079358496,-0.07928745300537798,14.307436501023105,14.079704404270004,-0.22773209675310113,13.580944976197657,14.357018310152782,0.7760733339551251,15.524086531294373,16.915540873335146,1.391454342040774,2.060523231208009,2.1361720105933557,0.07564877938534664
2015-11-06,11.05685923460553,1,13.077580462443379,10.943389741635514,-2.134190720807865,9.287087286415826,9.169757463329717,-0.11732982308610929,13.51704226354616,13.287193003657876,-0.2298492598882831,13.109885481774114,13.934007265976533,0.8241217842024184,15.096618589285441,16.717933109247795,1.621314519962354,2.252941324168262,2.2888748237857186,0.03593349961745673
2015-11-13,11.376460058960731,1,13.084180886766958,11.206279232089528,-1.87790165467743,9.655554936585375,9.581610764655181,-0.07394417193019365,14.288508977806515,13.999790991342806,-0.28871798646370905,13.472834791021683,13.933076811212416,0.46024202019073357,15.229692568216691,17.06285471219627,1.8331621439795782,2.5279881933671646,2.4751478422682,-0.05284035109896479
2015-11-20,10.955824027267141,1,12.442140730176149,10.551131914494249,-1.8910088156819,9.48231380055671,9.278919860382416,-0.20339394017429413,13.66269702874797,13.636292601991698,-0.026404426756272414,12.679047613931942,13.2189647482803,0.5399171343483573,14.848171273341421,16.577476682604626,1.7293054092632048,2.6205737168486536,2.4721583558495723,-0.14841536099908126
2015-11-27,10.897189921349238,1,12.4303975684047,10.397504177096394,-2.0328933913083063,9.462165299965022,9.408139882387744,-0.054025417577278745,13.958794831499162,14.27720942833588,0.3184145968367176,11.73201206338858,12.529302757447269,0.7972906940586881,14.272700218401582,15.980146099218715,1.7074458808171329,3.5270695464363797,2.7908371836094545,-0.7362323628269252
2015-12-04,10.564582611719779,1,12.029716231056526,10.088470349488048,-1.9412458815684772,9.39489192618845,9.034185883020854,-0.36070604316759614,12.741917667101205,13.530207299476047,0.7882896323748412,11.66417840344667,12.163071673066156,0.49889326961948655,14.019019869753564,15.87009048018588,1.8510706104323162,3.5377715727722574,2.7014699850816584,-0.836301587690599
2015-12-11,11.178253147577463,1,13.192948803920586,10.941925434296763,-2.251023369623823,10.56058270405596,10.306733854978347,-0.2538488490776132,13.182822187493727,14.214224994717753,1.0314028072240262,11.88049096371094,12.285410038357526,0.4049190746465854,14.33982932322219,16.425647427352573,2.0858181041303823,3.9128449030613695,2.8955771357617976,-1.0172677672995718
2015-12-18,11.091612969544022,1,12.748985895421882,11.088992067586332,-1.6599938278355495,10.626230261838813,10.25736967295822,-0.3688605888805938,13.242947521040762,14.29689794964915,1.0539504286083883,11.899380113753722,12.012462413158403,0.11308229940468095,13.942134954931575,16.086355002453658,2.144220047522083,4.089999070277372,2.807600711458349,-1.282398358819023
2016-01-08,10.9952430560301,1,12.493307653479505,10.734970880360976,-1.758336773118529,10.473100677239955,10.014600459805933,-0.4585002174340218,13.156458937906692,14.315496507640987,1.159037569734295,12.258936390693805,12.236436942866263,-0.022499447827541985,14.192409090866647,16.19746114486911,2.005052054002462,3.397245585994,2.47249240063735,-0.92475318535665
2016-01-15,10.621928170155153,1,12.172142719782926,10.675199843537214,-1.4969428762457113,10.149016162988119,10.073984003509594,-0.07503215947852482,13.035617552440456,13.437547008781593,0.4019294563411364,11.980437293987407,11.908666338475797,-0.07177095551161017,13.174373738843158,15.33086924092423,2.1564955020810714,3.2199815528888536,2.3053025857025062,-0.9146789671863473
2016-01-22,10.638043030030333,1,12.257492761411413,10.682067813131582,-1.5754249482798315,9.74569599659722,9.744276826882867,-0.0014191697143530746,13.348742670589331,13.74689327415075,0.39815060356141885,11.821878875156813,12.003231658950284,0.18135278379347142,13.266304289564516,15.205281114170575,1.9389768246060584,3.3881435868627108,2.446507492895975,-0.9416360939667356
2016-01-29,10.840028158498074,1,13.09968260927188,11.426304565181269,-1.6733780440906116,9.75339014731108,9.67725863652484,-0.07613151078624014,13.704675683235493,13.999250045387498,0.29457436215200516,12.064209014523797,12.425836480147296,0.36162746562349923,13.360568644058603,15.136101132256684,1.7755324881980812,3.057642852587591,2.3754180914908574,-0.6822247610967338
2016-02-05,10.874585103982183,1,13.230028897451191,11.392949307149479,-1.8370795903017125,9.625479420108022,9.637781947680935,0.012302527572913391,13.583243557659273,14.291437685761252,0.7081941281019795,11.994468697293769,12.454472834117325,0.46000413682355656,13.096033021599581,15.038098384704796,1.9420653631052147,3.718257029781256,2.4327704644792476,-1.2854865653020084
2016-02-19,10.487796791994668,1,12.962881971112239,11.325338297997774,-1.6375436731144646,8.499943801267207,8.474349381768349,-0.025594419498858656,13.116020670132201,13.400121318314746,0.28410064818254455,11.4311782518552,12.18706024967399,0.7558819978187898,13.233863568922885,15.339563313856274,2.105699744933389,3.6828924886782772,2.200348190356891,-1.4825442983213861
2016-02-26,10.407638431673528,1,13.054302576506643,11.37600963270765,-1.6782929437989935,8.411742384984464,8.386934542483473,-0.024807842500990773,12.939856587641302,13.331515699322296,0.391659111680994,11.650537478168573,12.111478467459733,0.46094098929116,13.098779856815227,14.986168999595833,1.8873891427806058,3.2906117059249596,2.253723248472184,-1.0368884574527755
2016-03-04,10.592863128477395,1,13.095333968012483,11.440177342396694,-1.6551566256157884,8.794866771379773,8.722108234922885,-0.07275853645688812,13.086018690700726,13.315928936756194,0.22991024605546784,12.076702679784631,12.49638415914086,0.41968147935622824,13.316164951284065,15.171614387994737,1.8554494367106713,3.1880917097026895,2.4109657096529986,-0.7771260000496909
2016-03-11,10.778989328311203,1,12.988793558530844,11.68607601408715,-1.302717544443695,9.435574539248577,9.412597216250333,-0.022977322998244176,12.811154036189947,13.055908497432767,0.2447544612428203,12.27295450925159,12.845634166423238,0.5726796571716477,13.281656274343021,15.09770616559355,1.816049891250529,3.883803052303236,2.576013910080192,-1.3077891422230437
2016-03-18,10.934017004589805,1,13.167807606226617,11.88499945264968,-1.2828081535769371,9.48847593064805,9.590504841065666,0.10202891041761575,12.981582347126363,13.434578714971323,0.45299636784496045,12.414583074796383,12.983965344391322,0.5693822695949393,13.842154220186657,15.340903180263467,1.49874896007681,3.709498848554759,2.3691504941973847,-1.3403483543573742
2016-04-01,11.266914977251096,1,13.722946659883618,12.200438021238398,-1.5225086386452205,10.289366966822172,10.359640672252837,0.07027370543066525,12.853123969325154,13.144526660478704,0.2914026911535501,12.827307889546844,13.149716221724361,0.32240833217751685,14.221382038576934,16.23231576476124,2.010933726184305,3.68736233935185,2.5148525230509904,-1.1725098163008596
2016-04-08,11.40002157502471,1,14.508827292598326,13.12507366332531,-1.3837536292730164,10.458313517627545,10.495009374312005,0.03669585668446018,13.262242397979023,13.706218803096107,0.443976405117084,13.078125587637444,13.279083911156107,0.2009583235186625,13.280853832436847,15.472737986069305,2.191884153632458,3.811766821869071,2.3220057121894087,-1.4897611096796624
2016-04-22,11.362104124934412,1,14.372534673917329,13.057123836037022,-1.3154108378803073,10.265776132466328,10.451372041342779,0.18559590887645072,13.543486379603877,13.807998222295879,0.2645118426920021,12.884753645927901,13.170208444406185,0.28545479847828403,13.242259860974741,15.322162043626605,2.079902182651864,3.8638140567162935,2.363760161898,-1.5000538948182935
2016-04-29,11.310296220562988,1,14.338715260639205,13.006519652144746,-1.3321956084944588,10.421113269108886,10.720280538603888,0.29916726949500116,13.471243611233959,13.672965683319404,0.20172207208544535,13.06233855614343,13.165729040783674,0.10339048464024359,12.7735896812396,15.006484243640571,2.232894562400972,3.794776945012842,2.2897981648856387,-1.5049787801272032
2016-05-13,10.71318712959281,1,13.734608967327446,12.276358249343872,-1.4582507179835744,9.83428992120696,10.260025703815728,0.42573578260876843,12.914771243923,12.87479162357998,-0.039979620343018496,11.855808516067952,12.307813645972345,0.4520051299043928,12.122606348346835,14.167285353408857,2.0446790050620223,3.8170377806846716,2.3928482014361094,-1.4241895792485622
2016-05-27,11.086585794632713,1,13.83426927723879,12.515556046717236,-1.3187132305215528,10.55869164191526,10.708574043807388,0.14988240189212831,13.192496621132506,12.910555296932571,-0.28194132419993423,13.056143277810676,14.523888152583993,1.4677448747733166,11.985952007172983,13.897429261130213,1.91147725395723,3.8919619425260663,1.9635119666248642,-1.9284499759012022
2016-06-03,11.3872337053991,1,14.667483267422014,13.377116269702242,-1.2903669977197723,11.185261981242732,11.297337056995403,0.11207507575267073,13.229283054006586,12.79167910406251,-0.4376039499440765,13.26067077471123,14.752712548044613,1.4920417733333835,12.062649004719063,13.88463948751911,1.8219904828000466,3.918054150292974,2.2199177660707647,-1.6981363842222095
2016-06-10,11.727650454910247,1,15.018295414617157,13.775169275296776,-1.2431261393203812,11.356087228522014,11.833973415613826,0.4778861870918121,14.782372830278376,13.97768076647796,-0.8046920638004167,13.023227680940849,14.66276640027398,1.6395387193331317,12.322178420325145,14.016143233231219,1.6939648129060743,3.863741154777941,2.100169638567664,-1.763571516210277
2016-06-17,10.710356673420776,1,13.472324671392045,12.341024433576223,-1.1313002378158217,10.402151252499706,10.851140909033944,0.4489896565342377,13.138219659295004,13.040274188929772,-0.09794547036523227,11.980872073998256,13.22597946597746,1.2451073919792037,11.099366396141576,12.758616271557784,1.659249875416208,4.169205987198069,2.045104771449502,-2.124101215748567
2016-06-24,10.859251383808859,1,13.85839291630937,13.053685428422838,-0.8047074878865317,10.54580629076051,10.970628226842521,0.4248219360820116,13.520256069105372,14.08973891124252,0.5694828421371483,11.563244711470304,12.346133056026119,0.7828883445558148,11.083221047772014,12.793514788948883,1.7102937411768693,4.58458726743558,1.9018078913702539,-2.6827793760653265
2016-07-15,11.381901933985963,1,14.29779451504939,14.038837017816434,-0.2589574972329558,10.86611586411857,11.130119990416006,0.2640041262974364,14.311267505503821,15.20892235708024,0.8976548515764193,11.976523364106086,12.817771839329836,0.8412484752237503,11.461127854276427,13.165181235229568,1.704053380953141,5.378582500861484,1.9305791640437064,-3.448003336817777
2016-07-22,10.508134577740451,1,13.352101674382709,12.786970948130616,-0.565130726252093,10.027900022463868,10.227231616841294,0.1993315943774263,12.899467895885323,14.070691341165912,1.1712234452805887,11.20339252148625,11.71377068047201,0.510378158985759,10.672309534137526,12.308250379046356,1.6359408449088306,4.893635818087034,1.9418925007865226,-2.9517433173005116
2016-07-29,10.5237381343195,1,13.490092306017573,12.880940741738485,-0.6091515642790881,9.674005968399044,10.395684392904457,0.7216784245054129,13.337914255735598,13.951568241078647,0.6136539853430492,10.960960887533673,11.546095599976752,0.5851347124430788,11.229415010587076,12.615920409252851,1.3865053986657756,4.450040377644029,1.7522194209658153,-2.697820956678214
2016-08-05,9.565734706869913,1,11.692599050808099,11.142165269855681,-0.5504337809524174,8.98174217267757,9.880287444377416,0.8985452716998452,12.259298345837536,12.715477453281494,0.4561791074439583,9.628515005804871,10.039577562461645,0.4110625566567734,10.195244743170804,11.789373882734168,1.594129139563364,4.6370089229206,1.8275266285090908,-2.8094822944115094
2016-08-19,9.671887376268018,1,11.839212481894165,11.4237851102057,-0.415427371688466,8.873505127388526,10.146128163553726,1.2726230361652,12.221529241950961,12.6199657982919,0.3984365563409398,9.70374707146857,10.248289928781077,0.5445428573125071,10.250178609226438,11.828472633666095,1.578294024439657,5.143151725679445,1.7646826231096213,-3.3784691025698237
2016-08-26,9.848189575470535,1,12.499820329136483,11.836402109195646,-0.6634182199408372,8.942256422860282,10.116684733941355,1.1744283110810727,12.202062406772825,12.562940986241358,0.3608785794685332,9.981209282016067,10.666256555858865,0.6850472738427982,10.353884999084144,12.109909056642863,1.7560240575587187,5.1099040129534075,1.7969440109430934,-3.312960002010314
2016-09-09,10.114836872116364,1,12.667470925201329,11.732699967213065,-0.9347709579882633,9.008134042922762,10.09485410797798,1.0867200650552178,12.738836504805846,13.210383072715913,0.47154656791006744,10.490140426200384,11.133197442923247,0.6430570167228638,10.898637799705853,12.56035346973043,1.6617156700245772,4.885801533862008,1.9575331721375306,-2.928268361724477
2016-09-23,9.923250651301052,1,12.641610074567595,11.562506845889274,-1.0791032286783206,8.687227208943654,9.77049981670065,1.0832726077569959,12.864488122280719,13.247176174790155,0.3826880525094367,10.335483426032127,10.741352407983726,0.40586898195159904,10.732140520060796,12.125220175859297,1.393079655798502,4.278554555921417,2.0927484865832042,-2.185806069338213
2016-09-30,9.44697379773929,1,12.2634000309056,11.06101401354637,-1.2023860173592311,7.467048599720073,8.726302000788905,1.2592534010688325,13.309501046485536,13.754281068639685,0.44478002215414847,9.743593835554236,9.849763807202876,0.10616997164864017,10.43110043790935,11.390903464103317,0.959803026193967,3.467198835860941,1.899578432154584,-1.567620403706357
2016-10-07,9.760996684095675,1,12.392127190652616,11.031321581669488,-1.360805608983128,7.500514600626104,9.386818367029676,1.8863037664035716,14.545332769759725,14.113461757441712,-0.4318710123180125,10.250653236948608,10.851656325322026,0.6010030883734174,10.037647443804843,11.326194864449477,1.2885474206446332,3.839704862782156,1.8565272086616886,-1.9831776541204675
2016-10-14,9.320163922921088,1,11.481069673184308,10.28086918862411,-1.2002004845601988,7.196683009622518,8.833971414538468,1.6372884049159495,14.152890188634672,13.062014732555468,-1.0908754560792033,10.772672908921052,11.76390787412626,0.9912349652052086,9.00281212582577,10.05180113859258,1.0489890127668104,3.3148556313382045,1.9284191890896807,-1.3864364422485238
2016-10-21,9.292385841082194,1,11.295442636654244,9.99058513875677,-1.3048574978974727,7.038125104640585,8.833902688018796,1.7957775833782108,13.893774881560574,12.695605426421892,-1.1981694551386823,10.72995774195195,11.800614009627026,1.0706562676750764,9.445077657213588,10.33984442248341,0.8947667652698215,3.351937024472221,2.0937633611852533,-1.2581736632869678
2016-10-28,9.397381860900907,1,11.898658321891062,10.620762983998475,-1.2778953378925877,7.826761412485936,9.85885456207967,2.0320931495937344,12.788856295087442,11.514076901067838,-1.2747793940196033,10.574296763818623,11.565077273695508,0.9907805098768847,9.95871812887738,10.691964470613655,0.733246341736276,3.3370002432450008,2.1335549739502824,-1.2034452692947184
2016-11-04,9.255928034541235,1,11.739098321547019,10.580310902361177,-1.1587874191858418,7.877637414422196,9.370851061147974,1.4932136467257777,12.203193424527484,11.402166414550393,-0.8010270099770906,10.658526927551023,11.439675239709288,0.7811483121582654,9.314290678348158,10.463005128024733,1.148714449676575,3.742821440851529,2.279559461453843,-1.4632619793976858
2016-11-11,9.62548769081659,1,11.886853516283125,10.842425995163936,-1.0444275211191894,9.106870721759037,10.49636288271499,1.3894921609559532,12.275073695464044,11.464742985604502,-0.8103307098595423,11.523165038181872,12.532470860039282,1.00930582185741,9.170052119458802,10.226248163791098,1.056196044332296,3.7909110537526516,2.1906752575857524,-1.6002357961668991
2016-11-18,9.720473918564478,1,12.081573955481417,11.05325484485843,-1.0283191106229879,9.11032842730721,9.576387971784158,0.4660595444769484,12.387454267521704,12.074903370270206,-0.3125508972514979,11.818874777803842,12.904169343860005,1.085294566056163,9.133121335544104,10.398963160178013,1.2658418246339096,3.791490747728588,2.3151648204360527,-1.4763259272925353
2016-11-25,9.683074320947163,1,11.948481429994487,11.046193206301552,-0.9022882236929348,8.80202212559314,9.291587961104312,0.48956583551117205,12.619508441007355,12.28633924425364,-0.33316919675371537,11.826091840628635,12.759540492447087,0.9334486518184519,9.115108853013467,10.324665729438578,1.2095568764251112,3.787233235445896,2.3901192921378254,-1.3971139433080708
2016-12-02,9.640376572861555,1,11.085151131488288,9.947443349205201,-1.137707782283087,9.339994722231054,9.823448651931798,0.48345392970074386,12.822989161905085,12.838514462775862,0.015525300870777414,10.939462022723106,11.598977873346243,0.6595158506231371,9.795991465796874,11.184966830213469,1.388975364416595,3.858670933024925,2.44890826969673,-1.4097626633281948
2016-12-09,9.603003199950413,1,11.229679502662279,10.341464255128557,-0.8882152475337222,9.318664627661661,9.367385412818166,0.048720785156504576,12.81796492156029,12.60822303943965,-0.20974188212063893,11.054215999224326,12.04044382738357,0.9862278281592438,9.91722517100608,10.897912642499548,0.9806874714934679,3.2802689775878378,2.3625900224330394,-0.9176789551547984
2016-12-16,9.520799591764979,1,10.935977658429351,10.1160190843637,-0.8199585740656516,9.33003586710403,9.506963624054805,0.176927756950775,12.767977006591721,12.22911373677195,-0.5388632698197711,11.154090175501267,12.187469876646105,1.0333797011448382,9.767254843961481,10.771856063691786,1.0046012197303043,3.1694619990020243,2.313375165061487,-0.8560868339405374
2016-12-23,9.637981188433328,1,11.158781139936536,10.387495973014111,-0.771285166922425,9.42891291724176,9.585441398385939,0.1565284811441785,12.893590225945118,12.53366087475031,-0.3599293511948076,11.64407627961667,12.65992421561593,1.0158479359992612,9.423598436949177,10.30890771268713,0.8853092757379528,3.2789281309106997,2.3524569561465967,-0.926471174764103
2017-01-06,9.762239269805356,1,11.006439739413622,10.093468491054608,-0.912971248359014,9.928046368482427,10.122613130301701,0.19456676181927435,13.265849069069588,12.43857827892053,-0.8272707901490577,11.941730508404689,13.204937788388406,1.2632072799837175,9.39411926165856,10.418476857349845,1.024357595691285,3.0372506718032497,2.2953610728170446,-0.7418895989862051
2017-01-20,10.103197438456013,1,11.353259578948197,10.638857944988331,-0.7144016339598664,10.042695565255102,10.11570912864309,0.07301356338798826,13.33288399175207,13.229625472412152,-0.10325851933991714,12.07596493130265,13.086766576424083,1.0108016451214326,10.104992853618342,11.157741725263847,1.0527488716455053,3.709387709859712,2.3904837830045693,-1.3189039268551426
2017-02-03,9.998359571358497,1,11.103483745289893,10.381770277130272,-0.7217134681596207,9.963218070627931,10.190069935597762,0.22685186496983079,13.268430857816071,12.733137100649301,-0.5352937571667695,12.026805803611467,13.246509041421291,1.2197032378098243,10.251587648513365,11.209855899150597,0.9582682506372322,3.376631302292253,2.2288151742017135,-1.1478161280905397
2017-02-10,10.309818363757154,1,11.737168857227985,10.881909324858327,-0.8552595323696579,10.28009224437406,10.443902096374728,0.1638098520006679,13.902841275106283,13.304925158181888,-0.5979161169243952,11.763910366960161,12.68413984711836,0.9202294801581985,10.832401858665577,12.052648057997331,1.2202461993317542,3.342495580208862,2.4913856980122375,-0.8511098821966243
2017-02-17,10.582726144114057,1,11.940131479449647,10.92607909658318,-1.014052382866467,10.47981141139465,10.506148453380519,0.026337041985868836,14.257154941487272,13.811939867670276,-0.4452150738169962,12.344153614821678,13.497902353349502,1.153748738527824,11.088483309793048,12.347247114592193,1.2587638047991447,3.3866221077380487,2.4070399791086885,-0.9795821286293602
2017-02-24,10.489309972878402,1,11.718998966497452,10.643707959501029,-1.075291006996423,10.627687810429165,10.736433495800185,0.10874568537101936,14.205132308375624,13.595526361329036,-0.6096059470465889,12.168781264004807,13.593444423128815,1.4246631591240089,10.93101891438613,12.015831876041545,1.084812961655416,3.284240573577236,2.3509157214698178,-0.9333248521074182
2017-03-03,11.225798426667192,1,13.05031611041747,11.760508601113585,-1.289807509303884,10.553483045538613,10.578869349064746,0.025386303526133247,15.281233727058094,14.409785107585776,-0.8714486194723179,13.059087816086134,14.516806831369962,1.4577190152838284,12.056550023899376,13.270409439127576,1.2138594152281996,3.3541198370034664,2.818411231741493,-0.5357086052619735
2017-03-10,11.123040395257616,1,14.163868050425066,11.458208730831885,-2.705659319593181,10.444500708338794,10.257578021831733,-0.18692268650706012,14.635999664434237,13.70425377196284,-0.9317458924713975,13.06462543448734,14.650540399023484,1.5859149645361441,11.521650767147719,12.875935355953686,1.3542845888059674,2.90759774671254,3.791726091942067,0.8841283452295272
2017-03-17,11.098732310712807,1,14.117915848038464,11.47658931857326,-2.6413265294652035,10.472718819623736,10.355680262373596,-0.11703855725014023,14.871627254428986,14.065540343561949,-0.8060869108670374,13.006637491564803,14.341721771582243,1.3350842800174405,11.658063716661303,13.118467448160047,1.4604037314987437,2.4654307339595505,3.234394720025705,0.7689639860661543
2017-03-24,11.237567748820034,1,14.400749521211779,11.789834813696956,-2.610914707514823,10.497656298418605,10.508073284534774,0.010416986116169369,14.949687433210059,14.106827373950196,-0.8428600592598627,12.978105110780618,14.401319816460457,1.4232147056798397,11.888052814662373,13.336108934351913,1.4480561196895394,2.7111553146367697,3.283242269925921,0.5720869552891514
2017-03-31,11.989068662511814,1,16.146822706320506,13.698412643079962,-2.4484100632405443,10.859643768936692,10.54744168623941,-0.3122020826972829,14.749550071202691,13.749441654012784,-1.0001084171899066,13.04216318934759,14.059849898664424,1.017686709316834,13.071932902495888,14.817216055730626,1.7452831532347375,4.064299336767519,5.062050037343667,0.9977507005761481
2017-04-07,11.7711303016797,1,14.965125910459463,13.230895683096733,-1.7342302273627297,11.560193056229522,11.170174551156833,-0.390018505072689,14.25494649251911,13.057661122652732,-1.1972853698663783,12.776558870475867,14.122527817686716,1.3459689472108494,12.987809951629728,14.433026506172041,1.4452165545423128,4.082147528764509,4.612496129313172,0.5303486005486633
2017-04-21,11.465989637791134,1,14.619492841150887,12.947584654327642,-1.671908186823245,11.188834675484031,11.023804991019745,-0.16502968446428667,14.019655873701424,12.812806903585965,-1.206848970115459,12.334834684429666,13.401271006201256,1.0664363217715902,12.676888765514576,14.115478179213298,1.4385894136987218,3.956230986466224,4.494992092398917,0.5387611059326929
2017-05-12,11.393856891031922,1,14.609031028808602,12.966397120891358,-1.6426339079172436,11.171964299648963,10.828442441794365,-0.3435218578545971,13.990557869113232,13.020944371381361,-0.9696134977318707,12.306912818133611,13.240777134819467,0.933864316685856,12.415188010785997,13.763232828669729,1.348044817883732,3.869487319701122,4.543347448635217,0.6738601289340949
2017-05-19,11.38915349256304,1,14.79738648781428,13.130767484353072,-1.6666190034612072,11.442048054806136,11.013387973854236,-0.4286600809519001,13.810161581304243,12.71451270500856,-1.0956488762956837,12.287709762103162,13.161012276643376,0.8733025145402138,12.037451838177233,13.54166244340712,1.5042106052298863,3.9601632311731834,4.773578072111903,0.8134148409387194
2017-05-26,11.478444238575394,1,14.523807890900542,13.230632355214041,-1.2931755356865011,11.719297735412965,11.481806206650859,-0.23749152876210644,13.788924602149905,12.318109299447727,-1.470815302702178,12.313028712733072,13.2198918917354,0.9068631790023289,12.402417466500737,13.657741735600482,1.255324269099745,4.123189023755145,4.962483942803843,0.8392949190486974
2017-06-02,11.721563648832676,1,14.93248314256384,13.597710432471004,-1.3347727100928353,11.99292162669856,11.722286834734518,-0.27063479196404217,13.912831160873267,12.287822278602803,-1.625008882270464,12.42199067819648,13.503029012115945,1.0810383339194658,12.86980802937991,14.068692259907195,1.198884230527284,4.199347255283996,5.149841075164517,0.9504938198805206
2017-06-09,11.591965854338904,1,14.548161303679109,13.243167606252896,-1.3049936974262124,11.985274066573623,11.731029151156406,-0.2542449154172175,13.77559347671145,12.09246869213905,-1.6831247845723993,12.579068819941924,13.69088383641477,1.1118150164728462,12.455965564367062,13.66484688124629,1.2088813168792285,4.207731894760258,5.129398958824012,0.9216670640637545
2017-06-16,11.543902309972568,1,14.566941019399039,13.354524163382266,-1.2124168560167732,11.519386736612887,11.402581913122816,-0.11680482349007093,13.892402965435451,12.178221002978233,-1.7141819624572179,12.402665087776782,13.239781488248227,0.8371164004714444,12.550263028621657,13.729683426750142,1.1794203981284852,4.3317550219895935,5.358621865353712,1.0268668433641182
2017-07-07,11.63012877229106,1,14.866710651288415,13.697980062982637,-1.1687305883057775,11.449809327679091,11.20029625095971,-0.2495130767193814,13.90716257917451,12.544047887705489,-1.363114691469022,12.368745854255465,13.25922781395603,0.8904819597005655,12.715737269466175,13.921188122485546,1.2054508530193715,4.47260695188271,5.158032495656954,0.6854255437742438
2017-07-14,11.515695387582353,1,15.109986014442399,13.847835911111389,-1.2621501033310096,11.326249553573518,10.838770349602214,-0.4874792039713043,13.556537838888303,12.427997722339143,-1.1285401165491606,11.329422464522636,12.349950898677605,1.0205284341549685,12.718104439896635,13.82558773089815,1.1074832910015147,5.053872014170622,5.804029712865628,0.7501576986950056
2017-07-21,11.555050696668895,1,14.970529818620577,13.725655881995252,-1.244873936625325,11.801763994687647,11.287199591592724,-0.5145644030949228,13.444010280824173,12.240708935056304,-1.2033013457678692,11.502315008214936,12.337251431000581,0.8349364227856455,12.576902454840578,13.77053272569377,1.1936302708531912,5.03478262282546,5.968955614674712,0.9341729918492518
2017-08-04,11.550532305899365,1,14.894208757463645,13.623199721080482,-1.2710090363831625,11.959588018987304,11.431009012466447,-0.5285790065208573,13.150668047550084,11.911377334594505,-1.2392907129555795,11.736032507393716,12.529178371978404,0.7931458645846874,12.54546230406342,13.905643025572786,1.3601807215093658,5.017234199938017,5.902786369703591,0.8855521697655746
2017-08-11,11.431865048374744,1,15.105151021254429,13.70881691658171,-1.396334104672718,11.862016651813406,11.32269729641348,-0.5393193553999254,13.157847519015505,11.546810710127232,-1.6110368088882723,11.192842686678745,12.478350125508271,1.2855074388295264,12.329034838103084,13.742060887112885,1.413026049009801,4.944297573383295,5.792454354504841,0.8481567811215456
2017-08-18,12.098844554956033,1,17.2788494857368,15.505566942195813,-1.7732825435409865,11.974349079318202,11.534907938401702,-0.4394411409165002,13.71949998503645,12.07307060270655,-1.6464293823298988,11.744132539638116,13.350635751991206,1.6065032123530898,12.623040435034412,14.09859218636474,1.475551751330329,5.253195804972222,6.030293908076118,0.7770981031038957
2017-08-25,12.44232958619294,1,17.70536118135763,15.76831376476197,-1.9370474165956608,12.202813530056545,11.703211874176418,-0.4996016558801273,14.235599317600034,12.764531377089725,-1.4710679405103093,12.174245771532497,13.825165166869695,1.6509193953371977,12.751897772332129,14.265306892877334,1.5134091205452052,5.584059944278806,6.327448441382472,0.7433884971036662
2017-09-08,12.564765643667274,1,18.269354437295206,16.03065252594463,-2.2387019113505744,12.322669977022102,11.776372449565315,-0.5462975274567867,14.209092225457766,12.992170423150114,-1.2169218023076525,12.157227069899662,13.752104232398736,1.594877162499074,12.721517536823825,14.252224940768613,1.5307074039447883,5.708732615505085,6.585069290176222,0.876336674671137
2017-09-15,12.82588750641716,1,18.689718330380856,16.23615226447653,-2.453566065904326,12.559036251932469,12.104951141654453,-0.45408511027801524,14.586773315678542,13.419572509189493,-1.1672008064890491,12.472616992210533,14.117152649395805,1.6445356571852727,12.837903882765872,14.211370013858115,1.3734661310922434,5.809276265534692,6.86612645992858,1.0568501943938884
2017-09-29,12.738052266208557,1,19.089933536308095,16.948548853113692,-2.141384683194403,11.8871982096898,11.286712045017339,-0.6004861646724606,14.27721381603557,13.118901931921386,-1.158311884114184,12.101171473729181,13.884643232071056,1.783471758341875,12.866034635685992,14.053363605643483,1.1873289699574912,6.206761925802709,7.136143929484334,0.9293820036816243
2017-10-06,12.58387505814577,1,19.43039876588945,16.95593985911451,-2.4744589067749416,11.589814456531712,11.025184079471643,-0.5646303770600696,13.858249704163612,12.882222623833144,-0.9760270803304678,11.826148772407208,13.47384502910542,1.647696256698211,12.589791172679938,13.860955211841329,1.2711640391613912,6.208847477202696,7.305103545508587,1.096256068305891
2017-10-20,12.533067583174919,1,19.244455278926694,16.999118675073177,-2.2453366038535165,11.444566780543965,10.804177190817896,-0.6403895897260696,13.939548832992372,13.07868836281375,-0.860860470178622,11.833359674187292,13.247199328892677,1.4138396547053844,12.525487389781603,13.725191327664874,1.199703937883271,6.210987542617588,7.344030613787112,1.1330430711695243
2017-10-27,12.599210712696687,1,19.31282904706495,16.941827114680677,-2.3710019323842744,11.42686544651093,10.666402750141714,-0.7604626963692169,14.308115167584987,13.660887604017631,-0.6472275635673554,11.831197023309315,13.234364757839572,1.403167734530257,12.580355810192799,13.744288666820893,1.1639328566280938,6.135901781517134,7.3474933826796445,1.2115916011625103
2017-11-03,12.528070644046318,1,19.073698968513668,16.678399418833095,-2.3952995496805727,11.506044155797952,10.758112921921551,-0.7479312338764004,14.088656756943791,13.482293033379662,-0.6063637235641295,11.949761986650444,13.379649049614969,1.429887062964525,12.463439053401402,13.603746740693992,1.1403076872925908,6.086822942970656,7.266222699834657,1.179399756864001
2017-11-10,12.661550316077898,1,19.14450870438685,16.616902360977775,-2.527606343409076,11.766452368381664,10.722351678783852,-1.044100689597812,14.157034051793673,13.556920163202903,-0.6001138885907693,11.8970595497874,13.715508951232508,1.8184494014451076,12.78575922639682,13.917275870399152,1.1315166440023319,6.218487995720977,7.440342871871195,1.2218548761502177
2017-11-17,12.725086924784096,1,19.1878052533213,16.574954884242615,-2.6128503690786857,11.966393586817262,10.817524349051268,-1.148869237765993,14.179138458470774,13.575521445844842,-0.6036170126259321,12.046165749792053,14.172583209267188,2.1264174594751353,12.804009403600716,14.01552684954865,1.2115174459479334,6.167009096702472,7.19441081075,1.027401714047528
2017-11-24,12.526711174125237,1,18.91187041761046,16.443787105255822,-2.4680833123546364,11.846563267792135,10.611425399728802,-1.2351378680633331,14.270807213628132,13.74902606855494,-0.5217811450731915,11.578759561603292,13.681962460970823,2.103202899367531,12.740453909702524,13.905257871245382,1.1648039615428587,5.811812674414881,6.768808138995652,0.9569954645807712
2017-12-01,12.584437122687815,1,18.965581643558508,15.998472291851826,-2.967109351706682,11.51492149696611,10.805593110134552,-0.7093283868315581,14.326721396074802,13.751562041419035,-0.5751593546557672,11.809900878204544,14.007501657020015,2.1976007788154703,12.840921426369562,13.99952011012708,1.1585986837575177,6.048575894953359,6.94397352557435,0.895397630620991
2017-12-08,12.573035187819741,1,18.842568518333607,15.687294624134054,-3.155273894199553,12.272237752410291,11.69722373779426,-0.5750140146160305,13.94104493136598,13.341862103077844,-0.5991828282881357,11.861987208972792,14.08776199932629,2.2257747903534977,12.764961871682772,14.061570840637415,1.2966089689546436,5.755410844153005,6.562497821948654,0.8070869777956489
2017-12-15,12.65650327058421,1,19.38780904911883,16.71208520030612,-2.6757238488127086,12.407745456302763,11.652178296957928,-0.7555671593448352,13.80380415589751,13.102502128946156,-0.7013020269513532,11.82383102726817,13.921012444237917,2.0971814169697467,12.81931857524799,14.068635946832643,1.2493173715846524,5.696511359669998,6.482605606224496,0.786094246554498
2017-12-22,12.617988964140466,1,19.49500477751633,16.522672668741095,-2.972332108775234,12.33564584905642,11.461894600246623,-0.8737512488097963,13.634930786298753,12.884761227596883,-0.7501695587018702,11.94208611716381,14.0386050435107,2.0965189263468886,12.63158978086824,14.040846970970009,1.4092571901017692,5.668676473939243,6.759153273777514,1.090476799838271
2017-12-29,12.798795594654585,1,19.649983583271762,16.695170990923174,-2.9548125923485884,12.53283525691694,11.579143439642081,-0.9536918172748585,13.709774592050735,12.90326878207867,-0.8065058099720659,12.700468448146651,14.900920776881833,2.2004523287351816,12.409545198379035,13.838638460649705,1.4290932622706691,5.790166489162388,6.87563111775205,1.085464628589662
2018-01-05,12.642515796137502,1,17.46228896993975,14.302209743948879,-3.16007922599087,13.907394810579618,12.999870479406908,-0.9075243311727093,13.283245482911752,12.484078534657826,-0.7991669482539265,12.782731752613827,15.24669898235824,2.463967229744412,13.099616804329372,14.444195436896436,1.344578632567064,5.319816956450694,6.378041599556752,1.0582246431060582
2018-01-12,12.827857206002088,1,17.835253164879646,14.814878204198976,-3.0203749606806696,14.005408351335348,13.114321990639255,-0.891086360696093,13.430622025245981,12.558989525201099,-0.8716325000448819,13.06822291698596,15.178197887559392,2.1099749705734325,13.473714085673677,15.135337328068175,1.6616232423944979,5.153922691891921,6.1654183003456495,1.0114956084537283
2018-01-19,13.042008767390849,1,18.265250439261564,14.999434119628447,-3.2658163196331174,13.986041561666326,13.085465251732288,-0.9005763099340385,13.716948212149447,12.836497523058853,-0.8804506890905941,13.401384889034773,15.502580811920808,2.101195922886035,13.630946271569513,15.630922302240407,1.9999760306708936,5.251481230663472,6.197152595764322,0.9456713651008499
2018-01-26,13.086921919847775,1,18.35994135016915,15.169612860716711,-3.1903284894524404,14.04926210668853,13.159035811607865,-0.8902262950806659,13.74200534340875,12.86047119832098,-0.8815341450877696,13.392916678480006,15.525533277761937,2.1326165992819313,13.574044495018597,15.411438091625001,1.837393596606404,5.403361545321616,6.395440279054128,0.9920787337325123
2018-02-02,12.982279309909238,1,18.390396905764575,15.346998045288174,-3.043398860476401,14.118814794660409,13.084720468147722,-1.0340943265126867,13.497090247800358,12.654354796454712,-0.8427354513456464,13.314874127214026,15.397031807186664,2.0821576799726387,13.164570815318513,15.086923944455648,1.9223531291371359,5.407928968697547,6.3236467979225495,0.9157178292250023
2018-02-09,13.46880177018923,1,18.794143638424686,15.358474145863,-3.4356694925616864,14.507871276572786,13.022644369294909,-1.4852269072778768,14.57453860851571,13.791201239934296,-0.7833373685814138,13.698543200591757,16.33282838553326,2.634285184941504,13.335238883378125,14.85110762592599,1.515868742547866,5.902475013652321,7.456554854583928,1.5540798409316068
2018-02-23,12.69662052229394,1,17.93675869581716,15.12931977065135,-2.807438925165812,14.042935381886537,12.379518119590344,-1.6634172622961927,14.041906541959278,12.97439519530019,-1.0675113466590886,12.952805985149013,15.03131930567045,2.078513320521438,11.932767562498896,13.730503525309771,1.7977359628108758,5.27254896645276,6.934667217241582,1.6621182507888221
2018-03-02,12.44318707758533,1,17.769908692798168,14.637168851314797,-3.132739841483371,14.302038221049244,13.279415130294737,-1.0226230907545073,13.721143851699637,12.522731800050039,-1.1984120516495977,12.067923831819485,13.94476116688223,1.8768373350627456,11.976281702849022,13.933613618800877,1.9573319159518547,4.821826165296429,6.341431898169361,1.5196057328729324
2018-03-09,12.189720944019014,1,16.80392066536976,13.99055629449218,-2.8133643708775793,14.919825886522403,14.141809675983893,-0.7780162105385102,13.205423004710681,12.034595282489022,-1.1708277222216594,11.893563207346006,13.493037616467106,1.5994744091211004,11.765746328184633,13.274956124098168,1.5092097959135344,4.549846571980595,6.203370670583695,1.6535240986031
2018-03-16,11.986910546551142,1,16.533199685602227,13.937516376266913,-2.595683309335314,14.768000994770148,13.84967199004322,-0.9183290047269281,12.811989073176733,11.78023291605281,-1.0317561571239224,11.853197965967311,13.12021124803573,1.2670132820684188,11.33314576005425,12.92222763923806,1.5890818791838086,4.621929799736179,6.311603109670145,1.6896733099339656
2018-03-23,12.015994360076396,1,16.078288961547216,13.798010068389857,-2.2802788931573588,15.366236924510275,14.266754664499217,-1.099482260011058,12.96332032963906,12.14609546022669,-0.8172248694123709,11.868361400672782,13.137798850492587,1.2694374498198044,11.476346248741535,12.760344019909141,1.2839977711676056,4.343412295347505,5.986963096940869,1.6435508015933635
2018-04-20,11.87863252595312,1,15.363740806323449,13.203799299143157,-2.1599415071802923,15.322963020599857,14.499304497334919,-0.8236585232649389,12.668740726332715,11.798027927920359,-0.8707127984123559,12.266100706959847,13.627946684239376,1.361845977279529,11.324480918915086,12.31913662006798,0.9946557011528938,4.325768976587767,5.823580127012903,1.497811150425136
2018-04-27,11.801956608498818,1,15.530861844336584,13.498926975340652,-2.0319348689959327,16.000614793888346,14.533734808456146,-1.4668799854322003,11.901374195240194,11.188537745027375,-0.7128364502128193,11.848299848707086,13.193594720983867,1.3452948722767815,11.232114440366459,12.054432285511567,0.8223178451451076,4.298474528454236,6.342513115673313,2.0440385872190774
2018-05-04,11.668426647856888,1,15.525588435057301,13.723917385029566,-1.8016710500277355,15.841363108112716,14.441444791164471,-1.399918316948245,11.68450417285149,10.815661937145151,-0.8688422357063388,11.764411606306624,13.067430038445295,1.3030184321386713,10.806993922839808,11.341877469122224,0.5348835462824155,4.387698641973387,6.620228266234619,2.2325296242612325
2018-05-18,11.439629392465447,1,14.94167095192698,13.301697149371535,-1.6399738025554456,15.627419861497458,14.307285763726384,-1.3201340977710743,11.73742188829118,10.888954924600597,-0.8484669636905835,11.636043832604443,12.936059468254143,1.3000156356497001,10.729838783057687,10.92214733010934,0.19230854705165257,3.9653810374149288,6.281631718730679,2.3162506813157506
2018-05-25,11.336707009088258,1,15.008060322319892,13.62954301658084,-1.3785173057390523,15.324785404712046,14.009853388159797,-1.3149320165522482,11.50564101643667,10.68284090750619,-0.8228001089304797,11.358086299576243,12.686325857541561,1.3282395579653183,10.68703759036758,10.907434982744988,0.2203973923774072,4.136631421117116,6.104243901996185,1.967612480879069
2018-06-08,11.179743209229215,1,14.974857539056515,13.828544639080917,-1.146312899975598,14.853131988287714,13.298200161737512,-1.5549318265502023,11.197367547039164,10.289441961706899,-0.907925585332265,11.333902675583857,12.922280034655046,1.5883773590711883,10.851968883158548,10.93592929442994,0.08396041127139142,3.867230622249494,5.804063163764951,1.9368325415154573
2018-06-22,12.496906687665897,1,16.166174817356975,15.089469966921456,-1.0767048504355188,16.421558588201847,15.24403400787898,-1.177524580322867,13.30580512686008,12.448502456054626,-0.8573026708054527,12.547799836741646,13.986205231272407,1.4384053945307613,12.244829641235896,11.953506029036916,-0.29132361219897973,4.295272115598934,6.259722434831005,1.9644503192320713
2018-06-29,10.999904914036335,1,14.088731925976091,13.424287549833835,-0.6644443761422565,14.2485002880928,13.96766345967471,-0.28083682841808866,12.008681523267285,11.078573662216272,-0.9301078610510132,11.352644265682187,12.478853550822578,1.1262092851403906,10.464858576942532,9.860233892143668,-0.6046246847988641,3.8360129042571174,5.189817369526992,1.3538044652698744
2018-07-06,11.112746338878368,1,14.568474107662666,13.835636168237073,-0.7328379394255933,14.848272455871268,14.221256696859953,-0.6270157590113143,11.373339867631572,10.19122810812729,-1.1821117595042807,11.221782635168651,12.505290574135998,1.2835079389673467,10.715504880430203,10.151730041639397,-0.5637748387908061,3.949104086505855,5.7713364442705455,1.8222323577646904
2018-07-13,11.610236024639725,1,14.93722116141548,14.121694804480555,-0.8155263569349245,16.243218114401174,15.619010027092287,-0.6242080873088867,11.820885802761197,10.389609257156664,-1.4312765456045327,11.715127334634786,13.08124932796433,1.3661219933295428,11.11608015605023,10.491393552524542,-0.6246866035256886,3.8288835785754856,5.958459178620004,2.129575600044518
2018-07-20,10.521644511351026,1,13.817859076414607,13.216566402613068,-0.6012926738015381,15.199769810700388,14.311038731753086,-0.888731078947302,9.15498976719104,8.131871635615624,-1.0231181315754156,10.878450489353426,12.320054496341399,1.4416040069879728,10.092824255708024,9.037907184460863,-1.0549170712471607,3.9859736687386658,6.112428617322109,2.1264549485834436
2018-08-03,10.025749648391232,1,12.945967174981945,13.10532989538487,0.15936272040292465,14.595940244720339,13.565391752594607,-1.0305484921257317,8.397094420109752,7.458449098654967,-0.9386453214547856,10.301642052568269,11.473426865064269,1.171784812496,9.320840357118499,7.847311426486357,-1.473528930632142,4.593013640848582,6.704588852162317,2.1115752113137347
2018-08-10,9.765787856947641,1,12.378464117082416,12.615581489661764,0.23711737257934828,14.315629496158166,12.82104320914732,-1.494586287010847,8.436509339078924,7.592722323124093,-0.8437870159548311,10.26588036067092,11.196780303971337,0.9308999433004175,8.812692817220892,7.3863388361777,-1.4263539810431922,4.385551011474533,6.982260979603652,2.596709968129119
2018-08-24,10.03474567886986,1,12.51404074375884,12.89169087260315,0.3776501288443086,15.42859652328552,13.684205861452597,-1.7443906618329237,8.349606793464801,7.438810446632289,-0.9107963468325124,10.454637404687077,11.460182940195892,1.0055455355088156,8.97987764524133,7.383168889936471,-1.59670875530486,4.481714962781595,7.350415062398767,2.868700099617172
2018-09-07,10.269053431807178,1,12.774066276566813,13.051466604320368,0.27740032775355417,15.829216769288621,14.637907647525864,-1.1913091217627567,8.64397232067374,7.502585375558056,-1.1413869451156842,10.756910011889005,11.306645192375413,0.5497351804864081,9.001618497495656,7.512392545807771,-1.4892259516878852,4.60853671492923,7.603323225255593,2.994786510326364
2018-09-14,10.250504950822348,1,12.929239469265369,13.14257709380351,0.2133376245381413,15.354636701618745,14.367195944646,-0.9874407569727452,8.790345709804072,7.586668501587511,-1.2036772082165612,10.86185989781626,11.406907286550933,0.5450473887346732,8.919747085537551,7.477810917361438,-1.4419361681761131,4.647200840892097,7.521869960984716,2.8746691200926193
2018-09-21,10.23571203517803,1,13.098756526340821,13.300931431785912,0.20217490544509076,15.0386056797296,14.460960117830012,-0.5776455618995868,8.782870862657859,7.527788169168318,-1.2550826934895412,10.716741827381867,11.363951668335332,0.6472098409534652,8.727336876273398,7.331541281342936,-1.395795594930462,5.049960438684636,7.429099542605712,2.3791391039210765
2018-09-28,9.895383817182084,1,13.103220777237937,13.099311967330323,-0.003908809907613886,14.667325576463426,13.96535522689048,-0.7019703495729459,8.367277489126309,7.1274180175307436,-1.2398594715955653,10.631465511093197,11.18082493361436,0.5493594225211638,7.511316222404119,6.477660255687425,-1.0336559667166938,5.091697326767516,7.521732502039143,2.4300351752716267
2018-10-05,10.132535589960616,1,13.591266451277392,13.630534841834475,0.03926839055708342,14.77687045393428,13.998192640842191,-0.778677813092088,9.02688611589545,7.746099371577728,-1.280786744317723,10.705206252466496,11.393631592472062,0.6884253400055655,7.717467686901941,6.328734486896025,-1.388733200005916,4.977516579288135,7.698020606141142,2.720504026853007
2018-10-12,10.429365089291169,1,13.409394350153718,13.765926547824677,0.35653219767095834,15.385441261337334,14.765656513896772,-0.619784747440562,9.085811206411861,7.7879733148965755,-1.297837891515286,11.326706751959605,11.973237494534587,0.6465307425749813,8.233609850190575,6.6851119443035145,-1.5484979058870607,5.135227115693922,7.598284720290934,2.4630576045970116
2018-10-19,10.537106635650986,1,13.426629686899133,13.77703703968065,0.3504073527815166,15.182406932726593,15.079263144046166,-0.10314378868042695,9.327330289095599,7.834399076878171,-1.492931212217428,12.026987251871503,12.656931883362205,0.6299446314907016,8.10027073592481,6.577468314971128,-1.5228024209536812,5.1590149173882764,7.297540354967623,2.1385254375793465
2018-10-26,10.943373908161528,1,13.654618816819976,13.842685177652001,0.18806636083202477,15.863438926958821,15.31491384162723,-0.5485250853315904,9.257659493385958,7.929524114899124,-1.3281353784868344,12.506239423420496,13.354822534117076,0.8485831106965804,8.434400080684625,7.1053052909844325,-1.3290947897001928,5.943886707699292,8.11299248968929,2.169105781989998
2018-11-09,10.985325040200571,1,14.044649593080763,14.524255090245987,0.47960549716522394,15.648417554920869,15.276170915308711,-0.37224663961215754,9.474084597696603,8.054090992442454,-1.4199936052541489,12.333551737118142,13.155103543390211,0.821551806272069,8.425843766994547,7.107782659267869,-1.3180611077266775,5.985402991392505,7.794547040548267,1.809144049155762
2018-11-16,10.841408582334068,1,13.865691958663831,14.605910040181826,0.7402180815179946,14.983600678648926,14.580702958258058,-0.40289772039086813,9.553921478592585,8.265323478441573,-1.288598000151012,12.568207848084555,13.559405775724173,0.9911979276396181,8.368007283346174,6.559369099983911,-1.8086381833622625,5.70902224666834,7.477740141414856,1.7687178947465156
2018-11-23,10.623211630351582,1,13.498919269719778,13.927346259406207,0.4284269896864288,14.932849284343092,14.35333255604121,-0.5795167283018827,8.870850670914137,7.897353733064108,-0.9734969378500296,12.537864868707572,13.569409550740716,1.031544682033143,8.235093844121053,6.437971977160785,-1.7971218669602678,5.663691844303855,7.5538557056964635,1.8901638613926082
2018-12-07,10.705066818532876,1,13.364496806694646,13.825459803991592,0.4609629972969458,15.21809199559523,14.550914062765003,-0.6671779328302279,8.85768014948843,7.876936281699614,-0.9807438677888172,12.976675217719247,13.843747041650232,0.8670718239309849,8.014729282618148,6.567426723065466,-1.447302559552682,5.798727459081547,7.565916998025301,1.7671895389437537
2018-12-14,11.067964755181377,1,14.218337700798642,14.87142514796993,0.6530874471712877,15.423647040928287,14.587991812956872,-0.8356552279714151,9.181354064320942,8.122539156744779,-1.0588149075761635,13.251462470272784,13.951292813895066,0.6998303436222812,8.268671098302477,7.1249567405732535,-1.1437143577292233,6.064316156465125,7.7495828589483295,1.6852667024832044
2018-12-21,10.836114571012692,1,13.704573254796045,14.397882773225632,0.6933095184295865,15.400572398609782,14.593355129566987,-0.8072172690427948,9.079218230779134,7.997026935678065,-1.0821912951010688,13.137781361994726,13.696664926148841,0.5588835641541152,8.124770806386309,7.027882585737089,-1.0968882206492196,5.56977137351015,7.303875075719532,1.7341037022093815
2018-12-28,10.81472752146187,1,13.653954645771378,14.385969454516157,0.7320148087447791,15.431698484785954,14.489177314983792,-0.9425211698021627,9.069126523476442,8.026230098157896,-1.0428964253185455,13.048478078240848,13.508994968703036,0.4605168904621877,8.198503142793058,7.036541837969068,-1.1619613048239898,5.486604253703547,7.441451454441278,1.9548472007377313
2019-01-04,10.777074097891111,1,13.917494460286292,14.598481532975399,0.6809870726891063,15.240156344113302,14.452197024997332,-0.78795931911597,8.824223690843809,7.648099389616391,-1.1761243012274178,12.503232425461036,12.952285176995233,0.44905275153419666,8.221003404138159,6.990398291073475,-1.2306051130646836,5.956334262504072,8.020983171688812,2.06464890918474
2019-01-11,11.018772681814161,1,14.16867099350641,15.034330646489607,0.8656596529831972,15.287686817448801,14.619867437104148,-0.6678193803446533,9.038496706223583,7.81490834166479,-1.2235883645587933,12.875554974930466,13.28010433441304,0.40454935948257287,8.518464580460105,7.172026558398699,-1.346438022061406,6.223762018315597,8.191398772814665,1.9676367544990683
2019-01-18,11.024671472397015,1,14.042349802599844,14.69606381742598,0.6537140148261358,15.747572549737072,15.015423657375365,-0.7321488923617068,9.006482448846455,7.677293549246741,-1.329188899599714,12.868356907132764,13.537075792053813,0.6687188849210486,8.626588231697355,7.254233202008763,-1.3723550296885918,5.856678894368599,7.967938816271399,2.1112599219028
2019-01-25,10.655674402180091,1,13.633637339043489,14.021248846155032,0.3876115071115436,15.22872513682384,14.929506031775148,-0.2992191050486923,8.910641628732094,7.285649564924881,-1.6249920638072126,12.473347436706732,13.175428261108777,0.7020808244020458,8.115302972128248,6.780156226075249,-1.3351467460529989,5.572391899646149,7.742057483041421,2.169665583395272
2019-02-15,11.106633807724165,1,13.966898332880035,14.941865732957694,0.9749674000776594,15.609837408826877,15.225360774449868,-0.38447663437700896,9.222290920663227,7.56615707469993,-1.6561338459632964,13.873657711617298,14.072473640930056,0.19881592931275804,8.246791660526327,6.985296115732822,-1.2614955447935046,5.720326811831228,7.8486495075746205,2.1283226957433925
2019-02-22,11.31374247163925,1,14.387478542050474,14.995352972574508,0.6078744305240349,15.907359081075995,15.172090037999382,-0.7352690430766131,9.414122238159365,7.819084792636929,-1.5950374455224363,13.829316026407554,14.396944481662459,0.5676284552549049,8.351787826110566,7.136450027770081,-1.2153377983404852,5.992391116031541,8.362532517192108,2.3701414011605664
2019-03-01,11.011770632004202,1,12.837913495785926,14.03183596969781,1.1939224739118828,16.070078356896374,14.984302846197139,-1.0857755106992357,8.649995458344037,7.096173393552462,-1.553822064791575,13.945032013680887,14.281825387376529,0.33679337369564166,8.310210570051112,6.994312002508593,-1.3158985675425185,6.25739389726688,8.682174192692685,2.424780295425805
2019-03-08,10.83689216194736,1,12.90676645121016,13.684928242033436,0.7781617908232761,15.638455670840045,14.809482846095392,-0.8289728247446533,8.700328523493255,7.169252010334446,-1.5310765131588084,13.872951261221502,14.333531510227644,0.46058024900614214,7.770417978045998,6.722928622465474,-1.0474893555805238,6.132433086873192,8.301229740527745,2.168796653654553
2019-03-15,10.957751620310887,1,11.695154726728433,12.265678139860086,0.570523413131653,16.570469490842513,15.358367706173851,-1.2121017846686613,8.729542281898588,7.286262829198321,-1.443279452700267,14.673644678802617,15.328676308657407,0.6550316298547898,7.315181269513246,6.315856653461083,-0.9993246160521636,6.762517274079926,9.19166808451456,2.429150810434635
2019-03-22,11.084151346516306,1,11.70598016349254,11.7230065919844,0.0170264284918602,16.29509901457557,14.895812678854739,-1.3992863357208307,8.816449064388834,7.475590116413684,-1.3408589479751498,14.41989461053025,15.581388992256365,1.161494381726115,7.638526850725455,6.7666965276676905,-0.8718303230577646,7.6289583753851815,10.062413171920952,2.43345479653577
2019-03-29,10.918582788212833,1,12.220914578482649,11.775344157430226,-0.44557042105242317,15.40760533526472,13.863495508351662,-1.5441098269130578,8.767441230231967,7.380384602288288,-1.3870566279436787,13.634704917122434,15.516234013449122,1.8815290963266875,7.788732419769445,6.844296831414837,-0.9444355883546081,7.6920982484057845,10.131741616342893,2.4396433679371086
2019-04-05,11.037870929942043,1,13.115582350417014,12.267337255716399,-0.8482450947006157,15.605152200440429,13.824658196638623,-1.780494003801806,8.951210495867642,7.5306780810871885,-1.4205324147804532,12.891405413111826,15.384246661190659,2.4928412480788325,7.923586622686102,6.849171576980723,-1.0744150457053792,7.740288497129242,10.371133808038707,2.6308453109094643
2019-04-12,11.172394896184064,1,13.0073744610187,12.056642026255844,-0.9507324347628554,15.928574317226222,14.281124668202636,-1.647449649023585,9.110471639721112,7.6336795472114005,-1.4767920925097116,13.104174664395629,15.650337060746025,2.5461623963503968,8.025780696138838,6.912272307741077,-1.1135083883977615,7.857993598603883,10.500313766947428,2.642320168343545
2019-04-26,11.259093937284808,1,12.827023969708648,12.153877051988985,-0.673146917719663,15.741756638296877,14.069508146035588,-1.6722484922612892,9.259325199785408,7.784010826099603,-1.475314373685805,13.361883301832279,15.814488563195653,2.4526052613633738,8.549684727516222,7.337173450776817,-1.2125112767394057,7.81488978656941,10.395505585612241,2.580615799042832
2019-05-03,11.131326858510244,1,12.404723193361917,11.804330026445484,-0.6003931669164331,15.892295580712826,14.26652558137802,-1.625769999334807,9.016364719332529,7.567277797855667,-1.4490869214768622,13.121315497410137,15.356538036876827,2.2352225394666903,8.306748914470802,7.120848607720916,-1.1859003067498861,8.046513245773255,10.672441100784553,2.625927855011298
2019-05-10,11.552641181413817,1,12.761699186093963,12.187971922958127,-0.5737272631358366,16.357912336048102,14.433593886005667,-1.9243184500424348,9.381198409639069,8.166336435539492,-1.214861974099577,13.773872171717002,16.265625709815097,2.491753538098095,8.702592925937424,7.552965230223435,-1.1496276957139884,8.338572059047337,10.70935390394105,2.3707818448937132
2019-05-17,11.989901234076525,1,13.9965587002293,13.112548251483247,-0.8840104487460536,15.746565992539772,13.731407709665376,-2.0151582828743955,9.956742362531514,8.780876849792932,-1.1758655127385822,13.960502566913704,16.722520634468538,2.762018067554834,9.048803679643285,7.929898027072355,-1.1189056525709304,9.230234102601571,11.662155931976727,2.431921829375156
2019-05-24,12.026590235628651,1,14.046747892640909,12.98226377579806,-1.0644841168428485,15.41551162689747,13.315878332630618,-2.0996332942668516,10.32000894456317,9.180811559921978,-1.139197384641193,14.108465585660099,16.92020694535006,2.811741359689961,9.079425831842372,7.910412760416406,-1.1690130714259652,9.189381532167886,11.849968039654755,2.660586507486869
2019-05-31,12.127949657625953,1,14.472643300815704,13.302321870980222,-1.1703214298354823,15.47875035603353,13.48415969005167,-1.9945906659818604,10.56134332970565,9.431156150123442,-1.130187179582208,14.365653309262868,17.587182891133764,3.2215295818708967,8.752641655656447,7.480585547190586,-1.2720561084658613,9.136665994281515,11.48229179627603,2.3456258019945153
2019-06-14,11.870740748789236,1,14.013752732104209,12.708124176667624,-1.3056285554365843,15.356493563650616,13.111593762867116,-2.2448998007835,10.085449628693155,9.05592313312873,-1.0295264955644257,14.384802675101596,17.5664113750789,3.1816086999773034,8.708675654621416,7.4423450589347055,-1.2663305956867106,8.675270238564423,11.340046986058368,2.6647767474939457
2019-06-21,12.096897997546487,1,14.040803904143772,12.762900562576888,-1.2779033415668835,15.80009703297361,13.462614431206319,-2.3374826017672916,10.418747916743584,9.472667885162721,-0.9460800315808626,14.845640381632975,18.096955608682762,3.251315227049787,9.022139150123976,7.758174229695953,-1.2639649204280232,8.453959599661005,11.028075267954293,2.574115668293288
2019-06-28,11.893578483773934,1,14.302101502601644,12.96381220211346,-1.338289300488185,15.289918099583815,12.7974026450958,-2.4925154544880144,10.165229592830059,9.188868214306098,-0.9763613785239613,13.80933374208793,17.31657418721865,3.5072404451307193,8.801185730697512,7.457431673906868,-1.3437540567906439,8.993702234842644,11.63738198000273,2.6436797451600853
2019-07-05,11.923827786360794,1,14.454735779350258,12.828379077737424,-1.6263567016128349,15.002841210449859,12.509060080235045,-2.4937811302148134,10.292956186701517,9.228673107123,-1.0642830795785159,13.900846374962143,18.277367679721095,4.376521304758953,8.99199670498048,7.082505801572978,-1.9094909034075016,8.899590461720507,11.616980971775234,2.7173905100547273
2019-07-12,14.68177102358793,1,19.442673655875765,19.399508238951768,-0.04316541692399767,15.020230898955148,11.357666940209668,-3.66256395874548,11.197759010512911,9.910450500241595,-1.2873085102713162,14.826944718333024,17.85678411267135,3.0298393943383246,11.787849750226457,11.677899219020688,-0.1099505312057687,15.815168107624274,17.888317130432483,2.0731490228082095
2019-07-19,14.518878685292497,1,19.792296763462844,19.268220391683016,-0.5240763717798274,14.159510808848225,11.495733649465208,-2.6637771593830166,11.275277587544963,10.19803941370239,-1.0772381738425736,14.715565544151133,18.135933556412496,3.4203680122613633,11.216669199691665,10.865720061761735,-0.35094913792993054,15.953952208056151,17.14962503873018,1.1956728306740274
2019-07-26,14.62284976413511,1,19.88127845984289,19.44137850134149,-0.4398999585013996,14.451850998477596,11.79255168438877,-2.659299314088827,11.415778557054523,10.423163432194926,-0.9926151248595971,14.857368552908184,18.075992293219983,3.2186237403117985,11.141111788536008,10.83749306670498,-0.3036187218310289,15.989710227991452,17.166519606960534,1.1768093789690823
2019-08-02,14.599379258589442,1,20.315062534814118,19.647443629839103,-0.667618904975015,14.490751136663363,11.814163570599831,-2.6765875660635317,11.488069525279698,10.435714897548422,-1.052354627731276,14.682430119410625,18.14314583273648,3.460715713325854,11.016253352204089,10.701795403754858,-0.31445794844923114,15.603708883164757,16.854012217057942,1.2503033338931857
2019-08-16,15.05029735391282,1,20.391104896887242,20.137129800481645,-0.2539750964055969,15.897944619004761,13.203894223643275,-2.6940503953614865,11.544217189990363,10.53905656671482,-1.0051606232755432,15.066124831349498,18.279389151955996,3.2132643206064984,11.699399947304698,11.153177660879777,-0.5462222864249213,15.702992638940358,16.989136719801422,1.2861440808610638
2019-08-23,15.074239298207834,1,20.645903185522798,20.571405761358136,-0.07449742416466165,15.833602168937858,13.137556211091265,-2.696045957846593,11.641138238448079,10.513851111935338,-1.1272871265127407,14.919465735446309,18.093186032994907,3.1737202975485985,11.718982685044608,11.164512248507677,-0.5544704365369313,15.686343775847348,16.964924423359662,1.2785806475123138
2019-08-30,14.855198348034312,1,20.0761264183015,20.169999688074768,0.09387326977326893,15.93837113341607,13.134582363135337,-2.8037887702807325,11.299715366948789,10.18454108951157,-1.1151742774372195,14.919107961587756,18.064965201835136,3.1458572402473806,11.5726348424798,10.967436494866078,-0.6051983476137224,15.325234365471957,16.609665250782953,1.2844308853109965
2019-09-06,14.823735958471318,1,20.19606051948132,20.16604089549493,-0.030019623986390798,15.761342264249095,13.129605339774969,-2.6317369244741258,11.272513217760391,10.15403838266026,-1.1184748351001303,14.787639272703345,18.018343149556728,3.230703876853383,11.540643621426739,10.996754856903848,-0.5438887645228903,15.384216855207015,16.477633126437127,1.0934162712301116
2019-09-13,14.688150999061227,1,20.638740050964543,20.715763122012845,0.07702307104830197,15.446384312915413,12.73884570261177,-2.7075386103036436,11.222751392225263,10.070124600040288,-1.152626792184975,14.19328309176575,17.32370214047114,3.1304190487053916,11.274126790077759,10.833249481528782,-0.440877308548977,15.35362035641863,16.44722094770256,1.0936005912839306
2019-09-20,14.797504927239402,1,21.02375504442847,21.366616099711692,0.3428610552832225,15.531451281786403,13.02745937874927,-2.5039919030371323,11.441239330068171,10.212457298198686,-1.2287820318694855,13.988069330649282,17.055306470211974,3.0672371395626925,11.30863470053022,10.90226835374412,-0.4063663467861005,15.491879875973865,16.22092196282067,0.7290420868468033
2019-09-27,14.849629908274055,1,21.33956600587426,21.81108505757318,0.4715190516989196,15.474819570350974,13.203187114454138,-2.2716324558968353,11.506944204374506,10.149370787019592,-1.3575734173549137,14.12171123535056,17.130154205496268,3.0084429701457083,11.098883672105913,10.713960796175385,-0.38492287593052765,15.555854761588122,16.09002148892573,0.5341667273376061
2019-10-04,15.107173436437222,1,21.613876325653365,22.050595065707185,0.43671874005381994,15.69605511161842,13.564400476196582,-2.131654635421839,11.63297496507937,10.239437445186567,-1.3935375198928028,14.443643825756979,17.528790466454907,3.0851466406979284,11.545736117554213,11.30034222633482,-0.24539389121939337,15.710754272960983,15.959474938743256,0.24872066578227248
2019-10-11,15.007741521461277,1,21.623155686361997,21.928702720269897,0.3055470339078994,15.25797727274562,13.156274781614712,-2.101702491130908,11.420863648887163,10.01530946198973,-1.405554186897433,14.285637054022871,17.26738713188105,2.9817500778581802,11.361067715143463,11.225417623094714,-0.13565009204874912,16.097747751606548,16.453357409917515,0.3556096583109678
2019-10-18,15.67824096908358,1,21.586634921752236,21.634336110381383,0.04770118862914785,14.947504267485414,12.769554440790202,-2.1779498266952118,11.112090237934012,9.215423628905455,-1.896666609028557,15.81876352310826,19.356840391401974,3.5380768682937145,13.64036585367029,13.220089935746799,-0.4202759179234903,16.964087010551268,17.87320130727565,0.9091142967243826
2019-10-25,15.479076255991417,1,20.97881432323878,21.39368722106302,0.41487289782423886,15.22238133790654,12.63631393677612,-2.586067401130421,10.906376310694455,9.01756008997151,-1.8888162207229442,15.684927605444543,18.221560555075428,2.536632949630885,13.103445596743029,13.313491211250295,0.21004561450726555,16.97851236192116,18.291844521812152,1.3133321598909902
2019-11-08,15.462301056643618,1,21.00285732336455,21.526145541633454,0.5232882182689025,15.202469981716902,12.528981034085504,-2.673488947631398,10.689421333453211,8.958643457685554,-1.7307778757676573,15.705123199273089,18.262378322835488,2.557255123562399,12.90067855815731,13.378686683503062,0.47800812534575243,17.273255943896643,18.11897130011866,0.8457153562220157
2019-11-15,15.143175136760197,1,20.58966127162813,21.198921117226263,0.6092598455981317,14.414394327519133,11.85993633359925,-2.5544579939198826,10.99252671383907,9.308054969732325,-1.6844717441067445,15.165389911060686,17.748004899093374,2.582614988032688,12.286255241919207,12.651231805022931,0.36497656310372406,17.410823354594953,18.09290169588705,0.6820783412920974
2019-11-22,15.18868772111363,1,20.676158586820776,21.235936420896778,0.5597778340760016,14.61510221896117,12.116234167621158,-2.498868051340011,10.891971858159323,9.213746847572011,-1.6782250105873118,15.280459147034932,17.873901162826314,2.593442015791382,12.458853486850643,13.10297362876642,0.6441201419157778,17.20958102885494,17.589334098999117,0.3797530701441758
2019-11-29,15.29156927753584,1,20.70162577575283,21.259975949510604,0.5583501737577734,14.685617101423517,12.12312697896968,-2.5624901224538377,11.039712228543308,9.367504866683362,-1.6722073618599467,15.300039321689582,17.831109771393244,2.5310704497036625,12.357217781181987,13.06660575614849,0.7093879749665035,17.665203456623814,18.101092342509645,0.43588888588583075
2019-12-06,15.024731321209437,1,20.50956858694346,20.885680273849076,0.3761116869056167,14.742718792366361,12.216156109483691,-2.5265626828826697,10.849544822768323,9.239242188981237,-1.6103026337870858,14.405976149994032,16.921045470870467,2.515069320876435,11.801156396246114,12.34271606679141,0.541559670545297,17.839423178938333,18.54354781728074,0.7041246383424067
2019-12-13,15.281760989905003,1,21.14079018208841,21.000714576975255,-0.14007560511315376,15.124144227825184,12.442232326277633,-2.6819119015475508,11.034017402958185,9.329613075429421,-1.7044043275287635,14.695232064976082,17.90544305789608,3.210210992919997,11.710046744340417,11.947882768668052,0.23783602432763473,17.98633531724174,19.06468013418352,1.0783448169417795
2019-12-20,14.957007504099769,1,21.148292013608668,21.069808626577284,-0.07848338703138324,13.58038980293847,11.257100539130079,-2.323289263808391,10.853771743727279,9.143977295065284,-1.7097944486619951,14.557882599126046,17.677615139545892,3.1197325404198466,11.323476425714404,11.751056685393252,0.42758025967884805,18.278232439483745,18.842486738886848,0.5642542994031032
2019-12-27,15.071317003316581,1,20.770634083192917,20.495072434467062,-0.275561648725855,14.138697948714153,11.327522479356162,-2.811175469357991,10.984473768175931,9.448766357212818,-1.5357074109631128,14.840785830878716,18.47123146295121,3.630445632072494,11.366234352518319,11.610946717898173,0.2447123653798542,18.327076036419456,19.074362568014052,0.7472865315945967
2020-01-03,15.648024350659119,1,21.846447391797383,21.218166089054705,-0.6282813027426783,14.988294434985846,12.856478911596426,-2.1318155233894203,11.538117608811305,9.76341985181466,-1.7746977569966447,15.146660071448082,18.87893535016525,3.732275278717168,10.91766208341005,11.156117902682709,0.2384558192726587,19.450964513502043,20.015027998640974,0.5640634851389308
2020-01-10,15.595345420166616,1,21.82012739282156,21.364462489409348,-0.4556649034122131,14.773700303974252,12.889329265177338,-1.884371038796914,11.591511825017463,9.938654429421945,-1.6528573955955181,15.082752955670855,18.696129650294665,3.6133766946238097,10.786348401668263,11.04214614413145,0.2557977424631872,19.517631641847302,19.641350542564908,0.1237189007176056
2020-01-17,15.615473934959175,1,21.83573836393448,21.34128673779759,-0.4944516261368932,14.87023098016904,12.862878915314695,-2.007352064854345,11.649350414611604,10.01372835410696,-1.6356220605046445,15.115062668795872,18.721146009619417,3.6060833408235453,10.733768613623027,10.999948587217233,0.2661799735942054,19.48869256862102,19.75385500569915,0.26516243707813203
2020-01-31,16.69590875827691,1,22.901490587668334,22.415303905826036,-0.4861866818422982,16.509860731082043,14.56722273656601,-1.9426379945160335,12.535987514524308,10.8753544054034,-1.6606331091209086,16.006866145241048,19.472039613563567,3.4651734683225186,11.748979389988179,12.098577960459437,0.3495985704712581,20.472268181157546,20.74695392784298,0.2746857466854351
2020-02-07,16.528834311325774,1,22.769107357276027,22.267421253102484,-0.5016861041735439,16.87396993699062,14.265197593094157,-2.6087723438964616,12.442586517158134,10.74007459084541,-1.7025119263127237,15.801192445077675,19.272806591175552,3.4716141460978776,11.807848341355339,12.075818830953352,0.26797048959801373,19.47830127009685,20.551687008783674,1.0733857386868237
2020-02-14,16.407457543334502,1,22.709709497127193,22.09226504219437,-0.6174444549328229,16.844898657774237,14.247008258635248,-2.59789039913899,12.623486761949252,11.02900317316282,-1.5944835887864315,15.769857364178563,19.302612520210673,3.5327551560321098,11.66064098417192,11.930163115427618,0.2695221312556981,18.836151994805846,19.843693150376296,1.0075411555704505
2020-02-21,16.432423507062225,1,22.5902572947749,21.899587863973494,-0.6906694308014067,16.760702348530174,14.092690627445819,-2.668011721084355,12.720616850492803,11.164712305069585,-1.5559045454232177,15.757364696593754,19.256710714901914,3.4993460183081595,11.64851917471401,11.875573313370978,0.22705413865696755,19.117080677267708,20.30526621761156,1.1881855403438522
2020-02-28,18.196769395385623,1,24.228172505711782,23.178306250766838,-1.049866254944945,18.17357217617311,15.961746940478761,-2.2118252356943486,14.288071967941946,12.690026183337366,-1.5980457846045795,17.665844998854425,21.661188514477644,3.995343515623219,13.84987670122338,14.604882582812536,0.755005881589156,20.975078022409093,21.08446590044062,0.1093878780315265
2020-03-06,17.630039111711607,1,23.93876588117223,23.029117736125045,-0.9096481450471856,16.692306118224025,15.069702333068989,-1.622603785155036,13.977649283387436,12.790404431937034,-1.1872448514504015,17.123030378925023,20.65682476437648,3.5337943854514577,13.247116934980042,13.768642363090137,0.5215254281100954,20.801366073580894,20.465543041671978,-0.33582303190891594
2020-03-13,20.47060673012908,1,26.165418636628942,25.388262401875068,-0.7771562347538747,19.727239168122807,17.31603117256968,-2.411207995553127,16.566657778838632,15.22679426009205,-1.3398635187465828,20.285023791473833,24.155941100977046,3.8709173095032128,16.617758478000837,17.441004287557163,0.823245809556326,23.461542527709426,23.295607157703486,-0.16593537000593983
2020-03-20,21.26753757161946,1,27.76751361791939,26.398062817707526,-1.3694508002118653,20.995427379448472,18.3126651316137,-2.6827622478347735,18.15084026823466,16.285717629447646,-1.865122638787014,21.518953358511695,25.466674560182568,3.9477212016708734,14.588926039511819,15.971192836848076,1.382266797336257,24.58356476609073,25.17091245391724,0.587347687826508
2020-03-27,22.31640354178943,1,28.893418758237004,27.616654869313265,-1.276763888923739,22.158830149973625,19.308927301163934,-2.849902848809691,19.56107991693345,17.599622232728905,-1.9614576842045466,22.782618105009234,27.23442054135336,4.451802436344124,15.386239651633232,16.330476198753203,0.9442365471199707,25.116234668950042,25.80832010742391,0.6920854384738675
2020-04-03,22.336972484472387,1,28.96699618428714,27.729177542591586,-1.2378186416955543,22.200500821694675,19.139549767243665,-3.06095105445101,19.582317187310252,17.708333422552386,-1.8739837647578668,23.343764362138387,27.880773803489532,4.537009441351145,15.467829082388363,16.29168718323075,0.8238581008423864,24.460427269015497,25.272313187726425,0.811885918710928
2020-04-17,22.23605925762313,1,27.71455565783573,26.46264522105102,-1.251910436784712,22.40189830290086,19.309818203817642,-3.092080099083219,19.618654636182754,17.79089536288305,-1.827759273299705,23.517637176017516,28.293640710448088,4.776003534430572,15.561409775993752,16.59748219825586,1.0360724222621087,24.60219999680818,24.96187384928311,0.359673852474927
2020-04-24,22.985210783793935,1,28.14809610646836,26.794208954158307,-1.353887152310051,22.92265428714144,20.018386050881944,-2.9042682362594974,20.315672863419948,18.540289484763477,-1.7753833786564712,24.752996339876105,29.2810280762764,4.528031736400294,17.29932773755496,18.21983921784667,0.920511480291708,24.47251736830279,25.057512918836792,0.5849955505340034
2020-05-08,23.652283462165144,1,28.964388014358548,27.364454902244688,-1.5999331121138596,23.336159751951982,20.793725190427196,-2.542434561524786,20.496822553155624,18.637458771351334,-1.8593637818042907,25.545150733456367,30.182845209080597,4.6376944756242295,18.353883082890846,19.394711370476784,1.0408282875859385,25.217296637177498,25.540505329410266,0.32320869223276816
2020-05-15,23.316665660664935,1,28.677897296200953,26.980210493186334,-1.6976868030146193,22.802504899044663,20.47269844448867,-2.3298064545559924,19.920869639475413,18.126282735595538,-1.7945869038798747,25.3395554183533,29.269521476018042,3.9299660576647426,18.23953138457945,19.927233192508638,1.6877018079291872,24.919635326335822,25.124047622192307,0.20441229585648557
2020-05-29,24.03732856058582,1,29.192584332540562,27.62990842889303,-1.5626759036475306,23.570812310416414,21.610667528703615,-1.960144781712799,20.45235982509125,18.615070591379066,-1.837289233712184,25.33215073200988,28.965271444023585,3.6331207120137066,20.547460558241227,22.25271471059267,1.7052541523514435,25.128603605215574,25.150338659922923,0.021735054707349377
2020-06-05,25.454576248674886,1,30.213074486169063,28.73858152268086,-1.4744929634882027,25.061916699479482,23.599361734200087,-1.462554965279395,22.132174310882235,20.2831022286461,-1.849072082236134,26.967491797409764,29.81241931932803,2.8449275219182653,22.39331492996321,25.400580821684258,3.0072658917210475,25.95948526814557,24.893411865510004,-1.066073402635567
2020-06-19,25.638783037793406,1,30.283565175934015,28.802265056112745,-1.4813001198212703,25.851050996428356,24.589211007291595,-1.2618399891367602,22.49209474823148,20.490674974275706,-2.0014197739557744,27.28063053961165,29.94479468135644,2.6641641417447914,22.360080903237588,24.976333479534972,2.6162525762973843,25.565275863317368,25.02941902818901,-0.5358568351283566
2020-06-26,26.068921427576885,1,31.033902615138445,30.097856250431335,-0.93604636470711,26.448174030970677,25.183112530870773,-1.265061500099904,22.77188804209615,20.741103667509705,-2.030784374586446,27.438320280906865,29.88698593191134,2.4486656510044753,22.753217526197503,25.26245868057454,2.5092411543770368,25.968026070151666,25.242011504163628,-0.7260145659880379
2020-07-03,24.861342680198124,1,29.429280909372082,29.657866331621932,0.22858542224985,25.329990064101125,23.731807897074347,-1.5981821670267777,22.11594873172365,20.273957571190493,-1.841991160533155,26.423553826311363,28.251736250838107,1.8281824245267444,21.66188637055413,23.5757393025187,1.9138529319645698,24.207396179126405,23.676948727945188,-0.5304474511812174
2020-07-17,24.698047710933466,1,29.27835247924203,29.61845143557825,0.3400989563362202,25.414261136828344,23.707222722196065,-1.7070384146322795,22.075610721499075,20.069800975484213,-2.0058097460148616,26.31950454211841,28.032798609727138,1.7132940676087287,21.737358953289913,23.37986207629922,1.6425031230093055,23.363198432623022,23.38015044631591,0.01695201369288668
2020-07-24,24.11397012256133,1,27.898575275576917,27.45352808064611,-0.44504719493080813,25.038624923319176,23.223843620606658,-1.8147813027125181,21.70181430759888,19.921559033606044,-1.780255273992836,25.96425077369001,27.78196676314468,1.817715989454669,21.4301685241998,23.33689373820738,1.9067252140075794,22.650386930983217,22.966029499157116,0.31564256817389946
2020-08-07,23.99256701759352,1,27.228899133548225,27.064816525116868,-0.16408260843135736,25.092817361830697,23.481966970674137,-1.6108503911565606,22.070820454390912,20.129576098954715,-1.941244355436197,26.07008584526507,27.63113268530097,1.5610468400358997,21.43521154849134,23.37346922407461,1.938257675583273,22.057567762034893,22.27444060143982,0.21687283940492819
2020-08-14,24.110853812690483,1,27.461059306105113,26.917957189309945,-0.5431021167951684,25.082585866382104,23.330765111760485,-1.751820754621619,21.902565851025912,20.057260678668314,-1.8453051723575982,25.967806598650185,27.57150272427765,1.603696125627465,20.851970976832206,22.482323838598873,1.6303528617666672,23.39913427714737,24.30531333352762,0.9061790563802532
2020-08-28,24.134228915700533,1,27.57966962170478,27.441572583966973,-0.13809703773780768,25.092238151915012,23.481716131410238,-1.6105220205047743,21.96337751501926,20.253639506470805,-1.709738008548456,25.527800931773058,26.97895233068283,1.4511513989097722,21.06834981815797,22.439375546722317,1.371025728564348,23.57393745563313,24.210117394950075,0.6361799393169463
2020-09-11,24.760168564189186,1,28.642093855076652,29.239377849854336,0.5972839947776833,25.61954903175082,23.969612625165453,-1.6499364065853683,22.392099464883756,20.679016257424777,-1.713083207458979,25.540009012936153,26.36907874417976,0.8290697312436066,21.798869969558794,23.159462060617344,1.3605920910585496,24.56839005092894,25.144463847893462,0.576073796964522
2020-09-18,25.144744067987556,1,28.782134908849244,29.254800812199292,0.4726659033500482,25.712673743466226,24.31379568473261,-1.3988780587336151,23.739928515847737,22.121194754160726,-1.618733761687011,25.62399781063192,26.653390920522668,1.0293931098907478,22.390087392556055,23.414952326755426,1.0248649341993712,24.619642036574163,25.110329909554608,0.4906878729804447
2020-09-25,24.678912478353904,1,28.27728167060266,28.801450432512922,0.5241687619102606,24.93176974619223,22.915941146818568,-2.0158285993736627,23.314321513042074,22.300224770379856,-1.0140967426622183,25.326852037314737,26.478089000835354,1.151236963520617,21.736299987784363,22.568462363329814,0.832162375545451,24.486949915187353,25.00930715624689,0.5223572410595381
2020-10-02,24.654560948172286,1,28.434022505809594,29.200860950554443,0.7668384447448489,25.00097220191158,22.94963451507782,-2.0513376868337616,23.02897052637472,22.083015653685095,-0.9459548726896259,25.312427371331836,26.311348775687748,0.9989214043559116,21.86175720434514,22.449365108952236,0.587607904607097,24.289215879260837,24.93314068507638,0.6439248058155442
2020-10-09,24.31570492574563,1,28.66907539740629,29.471700327954252,0.8026249305479638,24.549384710537296,23.01990043423112,-1.529484276306178,22.488537568798066,21.282662903282727,-1.2058746655153385,24.699168800552016,25.67285509706953,0.9736862965175135,21.449308812434026,22.298600363617723,0.8492915511836969,24.038754264746103,24.148510428318417,0.10975616357231388
2020-10-16,23.431072179954253,1,29.02309278383717,29.260060974538163,0.23696819070099195,23.579684059723206,21.624957880590074,-1.9547261791331323,22.216409524103327,21.424191529745997,-0.7922179943573298,20.5066990665902,23.157326877752425,2.6506278111622237,21.598713575220145,21.620694236539904,0.021980661319759065,23.661834070251473,23.49920158055896,-0.16263248969251265
2020-11-06,24.00561843904409,1,29.252857373191432,30.62021152088637,1.3673541476949396,24.890529645834476,24.531945494567125,-0.3585841512673511,22.971743708813506,21.82847789459605,-1.1432658142174574,21.178210764610185,20.348732837477073,-0.8294779271331123,22.172982614212486,23.663190757212178,1.4902081429996912,23.567386527602437,23.04115212952577,-0.5262343980766673
2020-11-13,24.207474990054788,1,28.939469260072897,30.263011170791074,1.323541910718177,25.295431388010797,25.745408083674846,0.4499766956640485,22.92946737895403,21.60375310326009,-1.3257142756939402,21.83861102875676,21.06284683854976,-0.7757641902069992,22.702725300002342,24.226388996185975,1.5236636961836325,23.53914558453191,22.343441747866976,-1.1957038366649329
2020-11-20,24.55709737959386,1,29.94133693849753,32.515680424128306,2.574343485630777,24.382255662826765,25.314350004257506,0.9320943414307408,23.081891108197823,22.10571885519424,-0.9761722530035826,22.27225016558276,20.47120518303751,-1.8010449825452497,22.824711704579244,24.474093275474786,1.6493815708955424,24.840138697879027,22.46153653547077,-2.3786021624082565
2020-11-27,24.891897114059546,1,30.513244994929934,32.764852237572526,2.251607242642592,24.435617106770522,24.770583724962506,0.33496661819198437,23.621820496080545,22.869828452331006,-0.7519920437495387,22.572241923233236,20.884399958613486,-1.68784196461975,23.251070840046054,25.33759119083375,2.086520350787694,24.957387323296985,22.724127120044017,-2.233260203252968
2020-12-04,24.853735102317255,1,30.348891946200624,32.61879916389748,2.269907217696854,24.45874758842666,24.77374500376591,0.3149974153392492,23.57969133190511,22.34728274696512,-1.2324085849399893,22.43443619180698,20.855353417254904,-1.5790827745520772,23.342187413902792,25.545875730427028,2.203688316524236,24.958456141661372,22.981354551593085,-1.977101590068287
2020-12-18,23.87260832595757,1,29.43687706854587,31.43537561682878,1.9984985482829103,23.41886665257853,23.37466144666294,-0.04420520591558841,23.19017150567568,22.526331562411016,-0.6638399432646622,21.665647781295277,20.361950177406243,-1.3036976038890344,20.812642143343837,22.68483821808435,1.8721960747405149,24.71144480430624,22.852492934352085,-1.8589518699541543
2021-01-08,24.416236340025804,1,29.899559995182415,32.75612030496217,2.856560309779752,23.292407599656656,23.03994589430762,-0.25246170534903456,23.70709981782683,23.026587847954858,-0.6805119698719722,22.343716077439424,21.5799851270246,-0.7637309504148249,22.110903467840288,22.248215525658168,0.13731205781787992,25.143731082209214,23.846563340247428,-1.2971677419617862
2021-01-15,24.46801425886839,1,30.094584944777566,32.62295026928729,2.5283653245097213,22.983422801495024,23.07670796163721,0.09328516014218735,23.641337822136407,22.844687655062813,-0.7966501670735937,22.199381305844668,21.623441993958707,-0.5759393118859606,22.115780512562765,22.12725983138094,0.011479318818174988,25.77357816639389,24.513037841883374,-1.2605403245105151
2021-01-22,24.63624587837472,1,30.357161694773353,32.90201243624388,2.544850741470526,23.09583088243913,23.12791245522635,0.032081572787220125,23.90901231758268,23.12606088197036,-0.7829514356123184,21.98459998831288,21.282675911505464,-0.7019240768074155,22.444021401186816,22.37499884416428,-0.06902255702253512,26.02684898595345,25.003814741138,-1.0230342448154488
2021-01-29,25.90996518372313,1,31.686642707420944,33.949863045839095,2.263220338418151,23.91653705318312,24.04087421850312,0.12433716532000005,24.961685633975705,24.27714289355751,-0.6845427404181947,22.743601828108908,21.331354950501435,-1.4122468776074726,24.092404816343077,24.204428779503687,0.1120239631606097,28.058919063307044,27.656127214433994,-0.40279184887305064
2021-02-05,25.89003533587004,1,32.08088987580234,34.25129014753864,2.1704002717362982,23.72703574623506,24.117944376576418,0.39090863034135737,25.391786351446726,24.9302628734103,-0.4615234780364261,21.144567069099537,20.546048434730665,-0.5985186343688724,24.517061422587076,24.09646631530974,-0.42059510727733596,28.47887155004949,27.398199867654455,-1.0806716823950353
2021-02-19,25.796916607924043,1,31.647513230102092,33.7548137857019,2.1073005555998066,23.64834180060228,24.020234870860023,0.371893070257741,25.363691215504076,24.980084165252805,-0.3836070502512712,21.086701620612658,20.762433951560155,-0.32426766905250304,24.764304745630213,24.528568197475863,-0.23573654815434963,28.27094703509293,26.735364676693493,-1.535582358399438
2021-03-05,25.54449332196333,1,31.275188016046386,34.01867047857996,2.743482462533578,23.510416924991276,24.051090736138903,0.5406738111476272,25.726059227352664,25.83368451520164,0.1076252878489754,21.10003160872037,20.66151013961472,-0.4385214691056518,24.410457925150908,23.853338777959706,-0.5571191471912016,27.24480622951836,24.848665284285005,-2.3961409452333555
2021-03-12,25.545792980444336,1,31.41721289141293,33.85789260953912,2.440679718126191,23.539244577856536,24.41901673616124,0.8797721583047036,25.753002255939293,25.9168642834274,0.16386202748810774,21.001684621490057,21.333277837975402,0.331593216485345,24.22528445578439,23.971555565060953,-0.25372889072343696,27.338329080182817,23.776150850501935,-3.5621782296808817
2021-03-19,25.346040780907895,1,30.45101445322736,33.24534256226548,2.794328109038119,24.10863916642181,24.686088992146324,0.5774498257245142,25.076829266680534,24.842161750590023,-0.23466751609051073,20.962506877420267,20.711207407958284,-0.25129946946198345,24.20864466149689,24.561681150153134,0.3530364886562438,27.268610260200518,24.029762822334106,-3.2388474378664114
2021-03-26,25.19619686001738,1,30.356795732319057,32.6973855573642,2.340589825045143,23.981574242633812,23.843481253668173,-0.1380929889656386,24.592265279397566,24.718556491002687,0.12629121160512113,20.807641818652655,20.388835921006915,-0.41880589764573983,24.072769170492364,24.547824077189674,0.4750549066973093,27.36613491660883,24.981097859872676,-2.3850370567361523
2021-04-16,25.395562831190073,1,30.595909990455425,33.33968765224695,2.743777661791526,24.178598369214797,23.953183484993602,-0.2254148842211947,24.665205024116673,25.042202990399176,0.37699796628250226,21.1485021096223,20.444816358364235,-0.7036857512580639,24.030690847802404,24.573328732273836,0.5426378844714321,27.754470645928848,25.020157768862646,-2.734312877066202
2021-04-23,24.897268486642854,1,29.747983187158866,31.27423253390002,1.526249346741153,23.4044577632435,23.653280273314124,0.2488225100706245,23.26585855650083,23.165486680795155,-0.10037187570567596,21.627111737922476,21.851907933478714,0.22479619555623742,24.352967521766644,24.823792583928977,0.47082506216233355,26.98523215326479,24.614910914440117,-2.3703212388246726
2021-05-07,24.41536131242181,1,28.63513431796453,31.566149245548388,2.9310149275838597,22.917300842533137,23.57689861343529,0.6595977709021525,22.363565286216783,23.319439434376775,0.9558741481599924,21.437110276893648,20.774058417531847,-0.6630518593618007,24.116634895188724,23.468471941581285,-0.6481629536074394,27.02242225573403,23.787150222057235,-3.235272033676793
2021-05-21,24.45642874122804,1,28.65414764649593,31.965973215136074,3.3118255686401454,22.83725863979552,23.733284296750256,0.896025656954734,23.525856141937425,24.048100404748,0.5222442628105739,21.375479921573557,20.704978978173898,-0.6705009433996594,23.292406573924083,22.33614442567604,-0.9562621482480438,27.05342352364174,23.95009112688399,-3.10333239675775
2021-05-28,24.809905594389132,1,28.484755217989147,32.008611077089896,3.523855859100749,23.248408088073532,24.33824897513705,1.0898408870635166,23.9865509317367,24.367669773258967,0.38111884152226594,22.194906778695014,21.679868493527863,-0.5150382851671509,23.733650859395937,22.15198797279575,-1.581662886600185,27.211161690444456,24.313047274525275,-2.8981144159191814
2021-06-04,25.344402593524308,1,29.20708306822371,32.61119660367207,3.40411353544836,23.468865567287068,24.62649257379283,1.1576270065057628,24.814917052141368,25.90082199943228,1.0859049472909135,22.569244459767887,21.888408804604552,-0.6808356551633352,24.133566618722796,22.531097976442666,-1.6024686422801295,27.87273879500303,24.50839760320146,-3.3643411918015715
2021-06-11,25.22698482030931,1,29.12526396384773,32.58881536354319,3.4635513996954614,23.29573841868053,24.618466394905738,1.3227279762252095,24.822387247963036,25.365951473867568,0.5435642259045323,22.29819160988869,22.235378692865794,-0.06281291702289593,24.045813284208734,22.094598181696753,-1.9512151025119806,27.77451439726711,24.45869881497677,-3.315815582290341
2021-06-18,25.107442033136895,1,29.01574515091187,32.59425789825502,3.5785127473431544,23.199228897068508,24.39854013920187,1.199311242133362,24.741062961970428,25.152666852905213,0.411603890934785,22.13005727472361,21.845263145467754,-0.28479412925585734,23.856147941903515,22.133833563915005,-1.7223143779885106,27.702409972243444,24.520090599076582,-3.1823193731668624
2021-06-25,25.041220730200667,1,28.88723397878009,32.41635317776198,3.5291191989818884,23.020053061182026,24.32578289176837,1.305729830586344,24.610895889447548,24.836891665712145,0.22599577626459677,21.956286130833007,21.554275499938427,-0.4020106308945799,23.768175480095692,21.690466942930044,-2.0777085371656483,28.004679840865663,25.42355420309306,-2.581125637772601
2021-07-02,24.522804127081198,1,27.625653096449184,31.639437749650327,4.013784653201142,22.00220805273753,22.61419904417835,0.6119909914408197,24.47048835535952,24.717467061250275,0.2469787058907542,21.96752995932954,21.64665760132793,-0.3208723580016084,24.281900205424748,22.065039514287378,-2.21686069113737,26.789045093186658,24.454023791792878,-2.3350213013937804
2021-07-09,24.18603558880514,1,27.409380137208515,30.849008572245097,3.4396284350365818,21.880772606502774,23.02960299720725,1.1488303907044752,24.366760557753963,24.727154735979823,0.3603941782258602,21.709889347439983,20.382757176893776,-1.3271321705462071,23.82396010213003,21.77535701958091,-2.0486030825491213,25.925450781795575,24.352333030923973,-1.573117750871603
2021-07-16,24.037656996176526,1,27.21499680734732,30.474754932241893,3.2597581248945744,21.633222947835705,23.015102248834438,1.3818793009987331,24.242188200217313,24.560497495820087,0.31830929560277355,21.575877898496472,20.230924448578804,-1.3449534499176679,23.951842831878523,22.07206474335777,-1.8797780885207516,25.607813291283833,23.872598108226157,-1.7352151830576759
2021-07-23,23.79283710462985,1,27.154920261566815,30.680430560455875,3.52551029888906,20.992834928105452,22.511303032737047,1.5184681046315944,24.048540723665084,24.102044784458258,0.05350406079317338,21.540529316599375,20.210533421710977,-1.3299958948883983,23.5614000677118,21.446403616252184,-2.114996451459618,25.458797330130565,23.806307212164782,-1.6524901179657832
2021-07-30,23.910932459607903,1,27.311956370077908,30.614766942654526,3.302810572576618,21.106829116157584,22.286079668027455,1.1792505518698704,24.550542423417042,24.995040278956793,0.4444978555397512,21.26832938798134,19.431373634747956,-1.836955753233383,23.620267325289944,22.016734532004648,-1.6035327932852965,25.60767013472359,24.12159970125603,-1.4860704334675603
2021-08-06,23.253582938911308,1,26.445524311404014,28.555414248414806,2.1098899370107915,20.409627460127865,21.206165068081134,0.7965376079532689,25.29907920946924,26.60425531469832,1.30517610522908,20.99937251744481,19.888832423251642,-1.1105400941931691,21.398033928967948,20.272621618730398,-1.1254123102375502,24.96986020605398,22.994208960291573,-1.975651245762407
2021-08-13,23.164527477444313,1,26.267536929793877,29.206763547686307,2.9392266178924302,20.195319508446232,21.867446858555823,1.6721273501095908,25.06515711466281,25.637971336870365,0.5728142222075547,20.962584441160402,19.3956476745617,-1.566936766598701,21.337033634341964,19.947167956146302,-1.3898656781956618,25.1595332362606,22.93216749084543,-2.2273657454151703
2021-08-20,23.32510010752773,1,26.318120378119445,29.338345062619496,3.02022468450005,20.273155673542163,21.95642137403803,1.6832657004958662,25.184998894863398,26.05651019693603,0.8715113020726335,21.189536709966134,19.45733183107943,-1.732204878886705,21.70747288039793,20.22941232620913,-1.4780605541888008,25.27731610827732,22.91257985428429,-2.36473625399303
2021-08-27,23.14271075753199,1,25.426592149008442,28.528301822002774,3.101709672994332,20.390550690382753,21.795098679582424,1.4045479891996706,25.14935156162636,26.063343802011403,0.913992240385042,20.973921259824934,19.333241574093947,-1.640679685730987,21.678375755447703,20.172284850747005,-1.5060909047006987,25.237473128901755,22.963993816754424,-2.2734793121473302
2021-09-10,23.236795825487444,1,25.480973778673842,28.828392255475563,3.347418476801721,20.502073678899407,21.5436405711,1.041566892200592,25.308123071799045,26.295703417816654,0.9875803460176087,20.988676372124146,19.377080423103678,-1.6115959490204688,21.797532156553885,20.228428819521994,-1.5691033370318905,25.343395894874334,23.14752946590677,-2.1958664289675625
2021-09-17,23.474432208516067,1,26.466014088632775,30.229540129563148,3.7635260409303726,19.999034672037283,20.549358238085446,0.5503235660481636,25.282624519912474,26.41065489207533,1.1280303721628542,21.94073339511634,20.586244024218743,-1.3544893708975962,21.698902641450005,19.996606112616035,-1.702296528833969,25.459283933947518,23.074189854537693,-2.385094079409825
2021-10-01,23.47507621496545,1,26.471713391952832,30.035984984633103,3.564271592680271,20.02955985690241,20.64522433144765,0.6156644745452411,25.264436416370117,26.477221955592412,1.2127855392222955,22.078963901552953,20.360962393023712,-1.718001508529241,21.61710748100417,19.860117128976356,-1.7569903520278132,25.388676242010234,23.47094649611944,-1.9177297458907958
2021-10-08,23.47095050880402,1,26.365204259533883,30.424464304772584,4.059260045238702,20.162510642430448,20.91720394463634,0.7546933022058937,24.475552526965856,24.83114190582647,0.35558937886061415,22.164358502764003,20.324934048251777,-1.8394244545122262,22.109788812977555,20.46270066422524,-1.6470881487523172,25.54828830815238,23.865258185111713,-1.6830301230406661
2021-10-15,22.90969005249002,1,25.98382592039735,29.669833203148713,3.686007282751362,19.855290468213937,20.80249992906046,0.9472094608465227,24.294446236231337,24.112772030454806,-0.18167420577653104,21.80219804445717,19.941164849792187,-1.8610331946649836,20.241613160116998,19.113700171546014,-1.1279129885709835,25.28076648552333,23.818170130937943,-1.4625963545853864
2021-10-29,22.49560068026017,1,25.816500139468573,29.32168116594889,3.505181026480315,19.44913379001828,20.556024207757915,1.1068904177396348,23.876183998916744,23.634164747015717,-0.24201925190102713,20.720097026756775,19.050420196380415,-1.6696768303763605,20.049832217809964,18.735117328566403,-1.314714889243561,25.0618569085907,23.676196435891683,-1.3856604726990156
2021-11-05,21.993637255295383,1,25.375668231990673,28.745306255975166,3.3696380239844927,18.911899050592723,20.448229023863618,1.5363299732708953,23.12462507962735,22.294121502245673,-0.8305035773816769,20.42970423503826,19.25400808154525,-1.175696153493007,19.52100138255875,18.310887445809,-1.2101139367497495,24.59892555196454,22.909271222333572,-1.6896543296309687
2021-11-12,22.131015080137946,1,25.473644763796912,29.01324239166459,3.5395976278676784,18.850918027771684,20.72834644272615,1.8774284149544656,23.70138182272892,22.290884983120733,-1.4104968396081858,20.749265750460907,19.20954108851238,-1.5397246619485259,19.524264175823788,18.676146677095232,-0.8481174987285556,24.486615940245457,22.867928897708595,-1.6186870425368625
2021-11-19,22.00805636353532,1,24.993951978559267,28.582809927028876,3.5888579484696095,19.08473691368917,20.502590654629444,1.4178537409402736,23.043450831069748,22.078269581201283,-0.9651812498684649,21.647293627178016,19.98005595264931,-1.6672376745287067,19.276074709995882,18.343980977028195,-0.9320937329676866,24.002830120719835,22.560631088674796,-1.442199032045039
2021-11-26,21.123296520623285,1,24.197488009879663,27.87644697633054,3.678958966450878,18.73407920445831,20.51771794539917,1.7836387409408587,20.47201506180768,18.55347133778193,-1.9185437240257528,20.88639610671582,19.61497710175135,-1.2714190049644714,18.870854463630337,17.946467192853035,-0.9243872707773022,23.578946277247894,22.230698569623684,-1.3482477076242105
2021-12-17,21.09476930928363,1,24.245744543164975,27.90443930909646,3.658694765931486,18.79805695157563,20.584256103251818,1.7861991516761861,20.347692216253492,18.51004376246466,-1.8376484537888302,20.706466653950642,19.539802815048105,-1.1666638389025366,18.89151946011566,17.92095224181584,-0.97056721829982,23.579136030641394,22.109121624024922,-1.470014406616471
2021-12-24,20.253250931711175,1,23.124158717286164,26.82467238302209,3.700513665735926,18.63556804400156,20.46437899802146,1.8288109540199002,19.282778008929213,16.608034214989175,-2.6747437939400385,19.95586838526664,18.908711655881646,-1.0471567293849944,17.92650878288765,17.121363731489694,-0.8051450513979574,22.59462365189583,21.59234460686298,-1.00227904503285
2022-01-07,16.771051875313393,1,20.69331373374723,23.234461428565297,2.541147694818065,17.114981821842008,19.181327072300192,2.066345250458184,19.038988918790324,16.102199146758082,-2.936789772032242,16.94868072247256,16.456979696676584,-0.49170102579597597,7.259357520887477,6.6947253665228885,-0.5646321543645882,19.570988534140767,18.95661854105738,-0.6143699930833861
2022-01-14,16.55080341379118,1,18.927444966194784,22.767293708465004,3.8398487422702203,17.086397409353523,19.223631230644997,2.137233821291474,18.84484311831089,15.56731090844238,-3.277532209868511,17.097534730380602,16.529607827171176,-0.5679269032094254,7.913565848728666,3.9118601624706884,-4.001705686257978,19.43503440977861,21.305116645552786,1.870082235774177
2022-01-21,16.55520896637923,1,18.78989973303304,22.8254830664454,4.035583333412362,17.279966179080773,19.062550773618838,1.782584594538065,18.808911486918007,15.703644864082733,-3.1052666228352734,17.07810228844032,16.754836556371444,-0.3232657320688759,7.907662546201053,3.934762251187479,-3.9729002950135737,19.466711564602193,21.049976286569503,1.5832647219673106
2022-01-28,15.510437945016157,1,16.572803527503496,20.115891986207842,3.5430884587043465,16.993958394511324,17.39537985754278,0.4014214630314541,18.2106708801182,15.61595516820043,-2.5947157119177717,17.48742891068791,17.785289690686625,0.2978607799987145,7.13162273764847,3.428592685993962,-3.7030300516545083,16.666143219627543,18.721518281465308,2.055375061837765
2022-02-11,15.798416965027942,1,16.85032629815636,19.984817035170465,3.1344907370141044,17.02830207369952,18.053756343030614,1.0254542693310924,19.50263163516523,15.079224345512628,-4.4234072896526015,17.094758172410764,18.589025516690853,1.4942673442800896,7.453003492616418,3.6732793851026884,-3.7797241075137293,16.86148011811936,19.41039916466036,2.548919046541002
2022-02-18,15.554671057669495,1,16.955657172218977,19.00285763105107,2.0472004588320942,16.675275581957692,15.883108784287955,-0.7921667976697364,19.0970853112629,15.070732840147926,-4.026352471114976,15.529279463082645,19.079940135363117,3.550660672280472,7.88370467305522,3.7864898721688007,-4.0972148008864195,17.187024144439533,20.50489708299807,3.317872938558537
2022-03-04,15.220384896043727,1,16.632476600815224,18.766810555869014,2.1343339550537905,16.24529785306507,16.0812605241328,-0.16403732893226675,18.669097267326606,14.850907153589844,-3.8181901137367618,15.510724482098311,18.158718294344794,2.647993812246483,7.614942340931577,3.931670970578324,-3.6832713703532534,16.64977083202558,19.53294187774759,2.8831710457220083
2022-03-11,14.970665808863734,1,15.64333053056832,17.59742288404479,1.9540923534764687,16.221282964865324,16.119816553318415,-0.10146641154690883,18.34481372153087,14.865919774648944,-3.478893946881925,15.650678828648111,18.148151856153504,2.497473027505393,7.56382762322869,3.9759588659429284,-3.5878687572857615,16.400061184341084,19.116724919073803,2.7166637347327196
2022-03-18,14.779019647019012,1,15.59763551024436,17.80456701758979,2.2069315073454305,15.930004187816195,15.676523797127572,-0.2534803906886225,18.36690923981996,14.81329402234931,-3.55361521747065,15.427970083074882,17.888404948889686,2.460434865814804,7.500947989780386,4.022777090695456,-3.4781708990849296,15.850650871378292,18.468551005462245,2.6179001340839534
2022-03-25,14.474203420434806,1,15.318697683848995,17.685227040108487,2.366529356259491,15.640974200692511,15.38654116742785,-0.25443303326466093,18.0125390399255,14.68595499458391,-3.3265840453415905,15.266982202478431,17.134972700762006,1.867990498283575,6.960812111531894,3.673830294327118,-3.286981817204776,15.64521528413151,18.278694325399485,2.633479041267975
2022-04-01,14.598864254969127,1,15.298634155938515,17.496784357067085,2.19815020112857,15.927496502007628,15.871143484354803,-0.05635301765282463,18.29595577519676,15.048222009541306,-3.247733765655454,15.548862852703778,17.314267710462545,1.7654048577587673,6.815810827753424,3.7891211282586994,-3.0266896994947246,15.706425416214657,18.073646840130323,2.367221423915666
2022-04-08,14.559006761230549,1,15.269687105733766,17.691656742207783,2.4219696364740173,15.813498700340304,15.392525553034503,-0.4209731473058014,18.279055430468233,15.054542320327641,-3.2245131101405917,15.47749999033553,17.22641473686072,1.7489147465251875,6.817854445830449,3.7557884903661574,-3.0620659554642913,15.696444894675011,18.233112724586505,2.5366678299114938
2022-04-22,14.299866393202876,1,14.898820519899374,17.427470205103106,2.5286496852037317,15.799151271314656,15.390150250549297,-0.40900102076535916,18.00099895906223,15.067856617331913,-2.933142341730317,15.46758698486623,17.141981810911247,1.6743948260450168,6.77665262673527,3.7362598568871874,-3.040392769848083,14.855987997339497,17.03547961843448,2.179491621094982
2022-05-13,15.309069126819244,1,16.34124908797861,17.489481752913974,1.1482326649353638,16.60928535323282,16.559275755698764,-0.05000959753405709,18.77425779022353,14.805572230008465,-3.9686855602150644,17.061826050264315,19.459710588316867,2.3978845380525513,7.479903223333565,4.335460188852252,-3.144443034481313,15.58789325588262,19.204914245125167,3.6170209892425476
2022-05-20,15.528383259995323,1,16.79555318798819,17.712480345308876,0.9169271573206856,16.024087993393536,16.6189646112109,0.5948766178173628,19.335537798594103,15.013338277277953,-4.322199521316151,17.33281193085689,19.651289330714732,2.3184773998578407,7.625264706924327,4.503576220885648,-3.1216884860386784,16.05704394221489,19.670650774573858,3.6136068323589683
2022-05-27,15.454986919235184,1,16.70762732783956,17.40172368792595,0.694096360086391,15.965596062914628,16.86453773748609,0.8989416745714607,19.30306714987036,15.399041012983986,-3.9040261368863725,17.353620357216116,19.682316273219058,2.3286959160029426,7.523620778426306,4.3962625804099105,-3.1273581980163954,15.876389839144139,18.98604022338614,3.109650384242002
2022-06-10,15.460549554033983,1,16.33606442505328,17.218911379220074,0.8828469541667943,15.95661612390738,16.775050837278883,0.8184347133715022,19.582407374473007,15.798072545872841,-3.7843348286001657,17.50836346293194,19.705550773215037,2.1971873102830983,7.642501062793102,4.349109731378661,-3.2933913314144405,15.737344875045196,18.91660205723842,3.1792571821932256
2022-06-17,16.031275250729212,1,17.014147327714895,17.875844470750906,0.861697143036011,16.43799182335684,17.58517555328781,1.1471837299309726,19.959724781504534,16.35995975537935,-3.5997650261251835,18.229819093337312,20.488697503162456,2.2588784098251438,8.01817402103029,4.683464558043184,-3.3347094629871066,16.527794457431412,19.194509663751575,2.6667152063201627
2022-06-24,15.495532990065811,1,16.489941052676954,17.893532365096945,1.4035913124199908,16.25585954886641,17.337266438502766,1.0814068896363551,18.95590804672092,15.316529562668165,-3.639378484052756,17.510821549097855,19.857471527016642,2.346649977918787,7.786424103624512,4.616337809170119,-3.170086294454393,15.974243639408215,17.952060237940245,1.97781659853203
2022-07-01,15.487944043376103,1,16.06846898543735,17.790144538526945,1.7216755530895966,16.172138888394286,17.275800003151843,1.103661114757557,18.77317692336902,15.360870232815117,-3.412306690553905,17.850314326945664,19.960632089642814,2.11031776269715,7.832847067140307,4.581491741092478,-3.251355326047829,16.230718068969992,17.95872565502735,1.728007586057359
2022-07-08,15.543183761409539,1,16.04920469531919,17.773661789669163,1.7244570943499724,16.24227123530062,17.344562306324534,1.102291071023913,19.024651460621342,15.583250623368954,-3.441400837252388,17.914949919114207,20.026204140666323,2.111254221552116,7.907390095597279,4.642520636076696,-3.2648694595205825,16.1206351625046,17.888903072351496,1.768267909846898
2022-07-15,15.449950811453641,1,15.604547523514114,17.02240286007843,1.4178553365643154,16.54160894107258,17.649524942665906,1.107916001593324,19.42948561902554,16.18260453110797,-3.246881087917572,17.903290061817643,19.880553282897708,1.9772632210800651,7.810634437431432,4.80617595918396,-3.0044584782474715,15.41013828586054,17.15844329278788,1.748305006927339
2022-07-22,15.675542519595405,1,15.522839355639931,17.539534722937532,2.0166953672976007,16.855331474729965,17.928115240690943,1.0727837659609776,19.563992545558975,16.28578633146776,-3.278206214091213,18.232814024910994,20.182203234320497,1.949389209409503,8.634688311574067,5.073485635922395,-3.5612026756516713,15.243589405158502,17.044129952233277,1.8005405470747746
2022-08-05,15.681908663918419,1,15.598822894111237,17.410091498755875,1.8112686046446385,16.81082528543034,18.04185545752432,1.2310301720939805,19.159970004393728,16.079667241364874,-3.080302763028854,18.366500689965548,20.48391708642683,2.11741639646128,8.827201819175045,5.245195213593078,-3.5820066055819666,15.328131290434612,16.830725485845562,1.5025941954109499
2022-08-19,15.773229078832848,1,15.706621609688398,17.71785172796511,2.011230118276714,16.84072492627854,18.422804352798508,1.582079426519968,19.104314389810582,15.85725757070901,-3.247056819101573,18.53782397745644,20.155676228973036,1.6178522515165952,8.859517863398395,5.365831902975316,-3.493685960423079,15.590371706364735,17.119952689576138,1.5295809832114031
2022-08-26,15.598211585883798,1,15.849195318069718,17.903934045061277,2.054738726991559,16.76519183814024,18.303730454857345,1.538538616717105,18.631730990798076,15.418115583520844,-3.2136154072772314,18.26213640264193,19.83906588577304,1.57692948313111,8.752402170183615,5.311765698442471,-3.4406364717411435,15.328612795469212,16.81265784764784,1.4840450521786295
2022-09-09,15.61533196196359,1,15.744860659155506,17.825336511888608,2.0804758527331018,16.692231782444225,18.22203888638971,1.5298071039454868,18.510677461769873,15.388774585948283,-3.12190287582159,18.312791762020197,19.60223431192476,1.2894425499045639,8.66755424003658,5.419114318773595,-3.2484399212629853,15.763875866355164,17.23449315685656,1.4706172905013943
2022-09-23,15.446985618360038,1,15.121483094775144,17.437447561414643,2.3159644666394996,16.688098805464705,18.271865682018785,1.5837668765540798,18.455916239012808,15.342249852477849,-3.113666386534959,18.34812024472849,19.345247469757382,0.9971272250288905,8.375592479958542,5.31936617380515,-3.056226306153391,15.692702846220541,16.96573697068642,1.2730341244658803
2022-09-30,16.1939364160407,1,15.923807503116635,17.352071081584953,1.428263578468318,17.25423228298058,19.344207597393577,2.089975314412996,19.313057249971067,16.28843237633933,-3.024624873631737,19.11320215239016,20.298988565437767,1.1857864130476088,8.743647221939668,5.4245090495732455,-3.319138172366422,16.81567208584609,18.455409825915282,1.6397377400691937
2022-10-07,16.23439278920033,1,15.281107159064888,16.881766465124898,1.6006593060600096,18.009570982079964,20.20680026727719,2.197229285197224,19.744173351610712,16.65753612594014,-3.0866372256705716,18.762828650230276,20.188551011147567,1.425722360917291,8.682599517322359,5.427431852414827,-3.255167664907532,16.926077074893797,18.044271013297376,1.1181939384035786
2022-10-21,16.52654847706952,1,15.808859911646138,17.038306804173615,1.229446892527477,18.43116192056189,21.1191745656849,2.6880126451230097,19.66249436734654,16.44134827328557,-3.2211460940609697,19.034945624194563,20.28915606261944,1.2542104384248773,8.877724698871006,5.5941823857781685,-3.2835423130928376,17.344104339796985,18.677122770875442,1.3330184310784574
2022-10-28,16.423329629064327,1,16.011436252723712,17.51585311674647,1.5044168640227582,18.2332172328463,21.028029475865182,2.7948122430188818,19.58810184780687,16.245628107646823,-3.3424737401600453,18.616513272618178,19.255980435238243,0.6394671626200648,8.811535284824387,5.527440411330801,-3.2840948734935864,17.279173883566514,18.967046227558427,1.6878723439919128
2022-11-04,16.25027245781478,1,15.694803441956125,17.007674113724278,1.3128706717681524,18.170581752467427,20.9549527655782,2.7843710131107713,19.645570899585266,16.35946873662722,-3.286102162958045,18.266263002483825,18.97784490793255,0.7115819054487247,8.82729741008481,5.483124352205408,-3.3441730578794022,16.89711824031123,18.718569870821028,1.8214516305097987
2022-11-11,16.228062726720022,1,15.472435561904362,16.430590515919533,0.9581549540151713,18.334665198625615,21.105224363134724,2.770559164509109,19.647603292106837,16.164916517022647,-3.48268677508419,18.279405618955522,19.41899342207246,1.1395878031169389,8.824998742545887,5.433295392269457,-3.3917033502764298,16.80926794618192,18.815356149901305,2.0060882037193863
2022-11-25,16.509021590036863,1,16.989294037431534,18.180305783327327,1.1910117458957927,18.164748218579376,20.598259277176552,2.433511058597176,19.72055090614785,16.13824848327367,-3.5823024228741787,18.21929938644473,19.26873916617467,1.049439779729937,9.064978855280515,5.812782307311153,-3.252196547969362,16.895258136337162,19.05579452295781,2.160536386620649
2022-12-02,16.420772068841853,1,16.923374897942765,17.824938248238553,0.9015633502957883,18.080688739090178,20.498571220446408,2.41788248135623,19.49215599468974,15.976084345131824,-3.516071649557915,18.196358659808126,19.41978134173587,1.2234226819277438,9.002814210184809,5.851979970005829,-3.1508342401789804,16.829239911335492,18.95327728749261,2.124037376157119
2022-12-09,16.41051673713731,1,16.932837074828115,17.755955999979946,0.8231189251518316,18.070275798259942,20.421390339169022,2.35111454090908,19.427891359487333,15.981198120908559,-3.4466932385787743,18.27462475419337,19.4226364871828,1.1480117329894313,9.013867428467236,5.891013510502205,-3.122853917965031,16.743604007587862,18.99090596508134,2.2473019574934767
2022-12-16,16.798065832083484,1,16.49285293736814,16.502511364322302,0.00965842695416086,18.839369762071698,21.648371957735904,2.809002195664206,19.606012233612944,15.817037752113663,-3.788974481499281,18.97185332437084,20.68926631835791,1.7174129939870681,9.434430423900452,6.328422679763307,-3.1060077441371448,17.443876311176837,19.80278492020787,2.358908609031033
2022-12-23,16.82208131288492,1,16.80204116632389,16.41108628066479,-0.39095488565909875,18.976127399276095,21.794077201935664,2.8179498026595695,19.512212353419997,15.839501927109438,-3.6727104263105588,19.06177940764269,20.93461084772126,1.8728314400785706,9.915753303998628,6.288486047543358,-3.6272672564552693,16.664574246648215,19.664725572334987,3.0001513256867725
2023-01-06,16.255063571259207,1,16.390604733969113,16.300726893490477,-0.08987784047863556,18.435431887556675,20.96378507266482,2.528353185108145,19.065049773681253,15.150065174274502,-3.9149845994067505,18.412011308704095,20.127268469443692,1.715257160739597,9.485112270821475,5.8993829940500575,-3.585729276771417,15.742171452822632,19.089152823631707,3.3469813708090754
2023-01-13,16.449272336297714,1,16.797226527684046,16.409257663024093,-0.3879688646599533,18.377616400890105,20.92164964835149,2.5440332474613854,19.19442721172156,14.96935797339016,-4.2250692383314,18.328844310539594,20.556636961160805,2.227792650621211,10.17382633920829,6.09032508114565,-4.08350125806264,15.823693227742694,19.74840669071412,3.9247134629714253
2023-01-27,16.675117441434107,1,17.012998375035338,16.501963626531605,-0.5110347485037323,18.593710667117506,21.043732153747044,2.450021486629538,19.962549939457176,15.110061897623197,-4.852488041833979,18.03169786795675,20.486363069394272,2.454665201437521,10.392284593412356,6.051849630518078,-4.340434962894278,16.057463205625524,20.85673427079047,4.799271065164945
2023-02-03,16.65143596763988,1,17.689875481957984,17.071067469514233,-0.6188080124437505,18.560892025083746,21.148766130868538,2.587874105784792,20.124918521084282,14.951298798098108,-5.1736197229861745,17.973511081522943,20.156413624615638,2.1829025430926947,10.533911362847903,6.2456409355229,-4.288270427325003,15.025507333342432,20.335428847219873,5.309921513877441
2023-02-10,16.771789498773053,1,17.756848280200785,16.71607732606911,-1.0407709541316734,18.819860695143802,21.698372343739194,2.878511648595392,20.401977341982715,15.057509057148309,-5.344468284834406,18.03351904988301,20.248164052987903,2.2146450031048914,10.626512144039793,6.165535853719078,-4.4609762903207155,14.992019481388212,20.74507835897475,5.75305887758654
2023-02-17,17.019523980529915,1,18.066247693009046,17.156492497016472,-0.9097551959925738,19.04460930954204,22.179871143782023,3.1352618342399836,20.508873291638352,14.905938133006842,-5.60293515863151,18.01964497348699,20.13625928219541,2.116614308708421,10.671381974813173,6.096686765399554,-4.574695209413619,15.80638664068988,21.641896061779192,5.835509421089313
2023-02-24,16.893798768863245,1,18.005112297770125,16.9008021598855,-1.1043101378846245,19.058767075416995,22.020836978965733,2.9620699035487377,20.388648377385024,14.750244881364566,-5.638403496020459,17.808558290771828,19.94028664736146,2.131728356589633,10.521161173798816,6.0368623931993,-4.4842987805995165,15.58054539803669,21.713759552402934,6.133214154366243
2023-03-03,17.386845035803187,1,18.421069012712408,17.580340810168963,-0.8407282025434455,19.480474815861342,22.511571627726752,3.0310968118654102,21.91899619764702,16.07670800442294,-5.842288193224078,18.00705484348417,19.86010034325072,1.8530454997665515,10.590256088558888,5.94747129873096,-4.642784789827928,15.903219256555289,22.344878130518822,6.441658873963533
2023-03-10,17.41429385008334,1,18.47352797898276,17.720789936012252,-0.7527380429705062,19.554606793599888,22.474281327506745,2.919674533906857,21.845412214645535,15.945476688189302,-5.8999355264562325,17.889936125124663,19.79420932389617,1.9042731987715058,10.816991183068922,6.0766595675350175,-4.740331615533904,15.905288805078271,22.474346257360523,6.569057452282252
2023-03-17,17.470062195353858,1,18.838931440150375,18.219500556070656,-0.6194308840797191,19.421586496715094,22.20647598009144,2.7848894833763467,21.886324473141883,15.954601440943875,-5.931723032198008,17.721759162264775,19.726068015822875,2.0043088535581006,10.87486076036896,6.035498935523151,-4.83936182484581,16.076910839482068,22.678228243671185,6.601317404189118
2023-03-24,17.393993545292727,1,18.753252559730768,17.942572802055295,-0.810679757675473,19.44851395072513,22.06381680975369,2.61530285902856,22.148597002572316,16.697224407353843,-5.451372595218473,17.976185731333885,19.978307658670587,2.0021219273367024,10.697645643502469,5.997692915059886,-4.699952728442582,15.339766383891785,21.684346678863108,6.344580294971323
2023-03-31,17.692135392876434,1,19.000977583214564,18.191092867398794,-0.8098847158157696,19.754177188660847,22.770127908745238,3.0159507200843905,22.246556481102118,16.54907558685538,-5.697480894246738,18.142610988474075,19.944898399207872,1.802287410733797,10.847024127280505,5.816658433896961,-5.030365693383544,16.161465988526487,22.880959161154365,6.719493172627878
2023-04-28,16.825899131686487,1,18.118064173339633,17.8548028094785,-0.2632613638611332,18.779821899978387,21.425554416754025,2.645732516775638,21.24301996103145,15.57187091295799,-5.67114904807346,17.232323642482385,19.380424397134107,2.148100754651722,10.329822467522433,5.452380600747674,-4.87744186677476,15.252342645764642,21.27036165304665,6.018019007282007
2023-05-12,16.961775923715283,1,18.557298472270944,17.841054320865013,-0.716244151405931,18.754703199319053,21.2317354796982,2.4770322803791487,21.311349007545516,15.682018590067216,-5.6293304174783,17.32563472776654,19.62156428679478,2.295929559028238,10.34958526896797,5.739813002381524,-4.609772266586447,15.472084866421682,21.654469862484987,6.1823849960633055
2023-05-19,17.756303601513736,1,19.463661482719814,19.117338092675283,-0.3463233900445317,19.232177736100752,21.66084786799385,2.4286701318930994,22.99685644652655,17.304620619139243,-5.692235827387307,18.140938135697894,20.192860681286717,2.0519225455888233,10.143558965631414,4.914481861763363,-5.22907710386805,16.56062884240599,23.347672486223914,6.787043643817924
2023-05-26,17.27081679978762,1,19.403762201293034,18.8305718831742,-0.5731903181188329,18.60621830043658,21.09134696351876,2.485128663082179,21.403983508736033,17.067611076195902,-4.336372432540131,17.93167965871261,19.341899225233888,1.4102195665212776,9.500552914394632,4.718585532262111,-4.781967382132521,16.778704215152842,22.57488611834087,5.796181903188028
2023-06-09,18.5015659223301,1,19.72197894959153,19.62113731622216,-0.10084163336937024,20.349526895046566,23.229859996267663,2.8803331012210975,26.327142409842708,20.550691436057903,-5.776450973784804,18.37858550769306,19.818628011031677,1.440042503338617,9.092683476471066,4.682965164486589,-4.409718311984477,17.139478295335678,23.106113609914644,5.966635314578966
2023-06-16,18.399440251832495,1,20.866429016575196,20.710273407597157,-0.1561556089780396,19.67216040061082,22.64365874231406,2.9714983417032386,25.327936413228045,20.721418260739213,-4.606518152488832,17.58463745365735,18.645177741452954,1.0605402877956038,9.39718065656892,4.827957945912587,-4.569222710656334,17.548297570354634,22.848155412978997,5.2998578426243625
2023-06-23,18.247757243390886,1,20.97550777533411,20.216514103108082,-0.7589936722260262,19.188147574183702,22.165900376207517,2.977752802023815,25.738077666699724,20.568039003425497,-5.170038663274227,16.750496557405967,18.64816776406198,1.897671206656014,9.379538725832873,4.897002485020877,-4.482536240811996,17.454775160888943,22.990919728521362,5.5361445676324195
2023-07-07,18.137582440220196,1,21.113870337004343,20.229759501159094,-0.8841108358452487,18.44841584754795,21.32490993168078,2.8764940841328297,25.543675766101742,20.41940889708235,-5.124266869019394,16.881402806152508,18.941575777341114,2.0601729711886065,9.410412557351535,4.911936290489237,-4.498476266862298,17.427717327163094,22.9979042435686,5.570186916405504
2023-07-14,18.267621222580736,1,21.18599497944294,20.16482493538851,-1.0211700440544291,18.82817117822006,20.79042340793896,1.9622522297188993,25.635198909968977,20.625051676833564,-5.010147233135413,16.94765059021246,20.005824653582735,3.0581740633702736,9.455011630308405,4.86852125290136,-4.586490377407046,17.553700047331574,23.151081408839346,5.597381361507772
2023-07-21,18.369318761428026,1,21.243812383707564,20.642557877278932,-0.6012545064286314,19.490657789528242,21.357653122066708,1.8669953325384654,25.711332210787617,21.43732033686743,-4.2740118739201876,16.98940465286016,19.336759253865097,2.3473546010049375,9.360909978159498,4.8572694069562345,-4.503640571203263,17.419795553525077,22.584352571533785,5.164557018008708
2023-08-04,18.258271292333998,1,21.201970053715613,20.369822728075903,-0.8321473256397098,19.170283235882835,20.559828661015715,1.38954542513288,25.553050823638486,21.29814050268878,-4.254910320949705,16.831640411593668,19.58873691452959,2.757096502935923,9.393812044907591,4.93859105087715,-4.455220994030441,17.3988711842658,22.79450789681688,5.395636712551081
2023-08-11,18.593164614292157,1,21.41828453820115,20.577048719364498,-0.8412358188366511,19.107754899389278,20.477233464435685,1.369478565046407,25.84237207982811,21.50500216664159,-4.337369913186521,17.43480570633332,20.458355252375625,3.023549546042304,9.953066682658331,5.2845299309248475,-4.668536751733484,17.80270377934275,23.256818152010737,5.454114372667988
2023-08-18,18.560409150339257,1,21.326955037233702,19.941194722502146,-1.3857603147315558,19.095911287100975,20.47744606181925,1.3815347747182756,25.722045158586354,21.376965570030677,-4.345079588555677,17.451130739766782,20.29317356582864,2.8420428260618564,9.716193522040442,5.595272246255831,-4.12092127578461,18.050219157307282,23.678402735599022,5.62818357829174
2023-08-25,18.554019854041414,1,21.663386867782663,20.40574199465533,-1.257644873127333,18.87867135066257,20.484550486767645,1.6058791361050737,25.802608824770985,21.320759208756357,-4.481849616014628,17.232461033686647,19.892389767897555,2.659928734210908,9.620708579238467,5.440256276267988,-4.18045230297048,18.12628246810715,23.780421389903623,5.6541389217964735
2023-09-08,18.616139463288963,1,21.70811389861923,20.51761571103816,-1.1904981875810705,19.152804940748993,20.588686737829846,1.435881797080853,26.00712880940833,21.47349298178952,-4.533635827618809,17.124035476648956,19.849142747312357,2.7251072706634005,9.57123962452431,5.470915907113238,-4.100323717411072,18.133514029783953,23.796982694650637,5.663468664866684
2023-09-15,18.365203260538248,1,21.666776364410822,20.51335862833325,-1.1534177360775715,18.756426137696224,20.317047220405925,1.5606210827097016,25.927600413669694,21.501892230638745,-4.425708183030949,16.627584674399827,19.436976155425242,2.809391481025415,9.376052853319237,5.206576077081422,-4.169476776237815,17.83677911973369,23.21536925134494,5.378590131611247
2023-09-22,18.28557195465425,1,21.74940973607613,20.38644131818124,-1.3629684178948906,18.773042771923215,20.36656907858233,1.5935263066591148,25.60868178603164,21.10064741109474,-4.508034374936898,16.403288792275163,19.434631713395717,3.0313429211205545,9.527539181050713,5.272441999697406,-4.255097181353307,17.65146946056865,23.152700206974103,5.501230746405454
2023-09-29,18.513692359688207,1,22.034669156473456,20.65308186966331,-1.381587286810145,19.26112946805189,20.790262727334095,1.5291332592822044,25.975388490358355,21.34538346841221,-4.630005021946147,16.312707013988074,19.416043266103898,3.103336252115824,9.721678734619772,5.385775518364383,-4.335903216255389,17.776581294637694,23.491607308251332,5.715026013613638
2023-10-06,18.727080045228952,1,22.5696836027696,21.467229279119948,-1.1024543236496527,19.321212866310518,20.812504020541084,1.4912911542305665,26.315195531616297,21.662415164771147,-4.65278036684515,16.3708298473217,19.39893215477396,3.028102307452258,9.764404282437553,5.421299285112198,-4.343104997325355,18.021154140918043,23.600100367055376,5.578946226137333
2023-10-20,18.857210696384904,1,22.740161445248475,21.575164114618516,-1.1649973306299586,19.325315761807985,20.466529792728807,1.1412140309208212,26.430864683888103,21.762475511751788,-4.668389172136315,16.22053743834374,19.440709397406692,3.2201719590629523,9.957746873416056,5.500970122299776,-4.45677675111628,18.468637975605063,24.397415239503843,5.92877726389878
2023-10-27,18.57403440718994,1,22.681176380721652,21.55671005779108,-1.124466322930573,18.3134565970434,19.489961996909358,1.1765053998659596,26.13774651606495,21.439450562903815,-4.698295953161136,16.213190474181502,19.375244689109806,3.162054214928304,9.967386028451159,5.485294816045467,-4.482091212405692,18.131250446676987,24.097544320380123,5.966293873703137
2023-11-03,18.710725125070606,1,23.139647913654926,22.04796727450649,-1.0916806391484357,18.27248123177607,19.60126482527086,1.3287835934947907,26.025672832857737,21.120219100544034,-4.905453732313703,16.020198893783416,19.29824846197269,3.2780495681892745,9.982759414329237,5.6248883100405465,-4.357871104288691,18.823590464022246,24.571762778088996,5.74817231406675
2023-11-10,18.75355023850377,1,22.89848532974851,21.380494059850008,-1.517991269898502,18.400794422126026,19.732974911758873,1.3321804896328473,26.397443062131828,21.336547718803757,-5.06089534332807,15.819514161425857,19.285668606326666,3.466154444900809,10.082993679593912,5.635070429959342,-4.44792324963457,18.922070775996488,25.150545704324003,6.228474928327515
2023-11-17,18.456146333395832,1,22.16864793982822,20.421786121559805,-1.746861818268414,18.281249161176433,19.58995120321535,1.3087020420389166,26.435864328407632,21.38200373640109,-5.053860592006544,16.010895248437222,19.775613136616997,3.7647178881797743,9.907314509348652,5.53781773221003,-4.369496777138622,17.932906813176842,24.029706070371716,6.096799257194874
2023-11-24,18.309600430340947,1,22.15105653062328,20.324149314444554,-1.826907216178725,18.26221777909889,19.46553566757315,1.2033178884742597,26.280653675660176,21.2205239283457,-5.060129747314477,15.722989187376854,19.71397952979352,3.9909903424166657,9.686948079103956,5.381218841559601,-4.305729237544355,17.75373733018253,23.752195300329134,5.998457970146603
2023-12-01,18.76754809393269,1,22.475976602216917,20.758910960414624,-1.717065641802293,18.653863929504098,19.852482895457854,1.1986189659537558,26.725840057764216,21.759952447474006,-4.96588761029021,16.325950295688614,20.4745248300613,4.148574534372685,9.638958634193884,5.206440814068074,-4.43251782012581,18.784699044228404,24.55297661612026,5.768277571891858
2023-12-15,18.608630719072227,1,22.40450878515901,20.732235821219717,-1.6722729639392924,18.632103890436895,19.98986970187346,1.3577658114365647,25.78491810084553,22.035106950452857,-3.7498111503926737,16.044576563348798,19.763644969316942,3.7190684059681445,10.123037650204154,5.389132332303703,-4.733905317900451,18.66263932443897,23.741794539266664,5.0791552148276935
2023-12-22,18.684768219901095,1,22.310828038474114,20.482501047170928,-1.8283269913031859,18.975255310350036,20.316294822838017,1.3410395124879813,26.078224924114124,22.537581967741303,-3.540642956372821,15.999947132168401,19.84793441498826,3.847987282819858,9.98212513261268,5.289959888971168,-4.6921652436415116,18.762228781687213,23.634337177696878,4.872108396009665
2024-01-05,18.887268859660225,1,22.30081931450985,20.615878071244268,-1.684941243265584,19.381798296710272,20.722860568314374,1.3410622716041019,26.590639183792007,23.351944809625536,-3.238694374166471,16.15409355758065,20.057400679264703,3.903307121684051,9.907609226070264,5.313591500671265,-4.594017725398999,18.9886535792983,23.261937528841187,4.273283949542886
2024-01-12,20.26916199996108,1,23.02980842872944,19.55382429324493,-3.4759841354845094,22.042265883358098,23.992881235899105,1.950615352541007,28.746662571747308,25.945086503162116,-2.8015760685851916,17.08816232871223,20.562421182549514,3.4742588538372843,10.05842394895636,5.300976091487556,-4.757447857468804,20.649648838263047,26.259782693423276,5.610133855160228
2024-01-19,19.699560509383463,1,23.11944918495682,19.677868892109757,-3.441580292847064,21.1206663122542,22.259232187267074,1.1385658750128727,27.142524385550573,25.273440968595494,-1.8690834169550783,16.857497161994274,20.44864334462369,3.5911461826294158,9.302052634191512,5.344831112864199,-3.9572215213273125,20.655173377353407,25.1933465508406,4.538173173487195
2024-01-26,19.571472078651023,1,23.879910031215104,21.115434418761154,-2.76447561245395,19.76734617220893,20.870297428183648,1.102951255974716,26.907276869681084,24.481176259363536,-2.4261006103175475,16.15381998221055,19.57983951762094,3.42601953541039,9.182018147434192,5.160226407436795,-4.021791739997397,21.538461269156272,26.22185844054006,4.683397171383788
2024-02-02,19.54469532600923,1,23.743611544607575,20.57700486266198,-3.166606681945595,19.645472674264127,20.757815814716935,1.1123431404528077,27.04854692740031,24.47762872523076,-2.570918202169551,16.203523483697182,20.133466468283842,3.92994298458666,9.020725676834559,5.13992941064167,-3.8807962661928883,21.60629164925163,26.182326674520212,4.576035025268581
2024-02-16,19.52051862080396,1,23.5373843911142,20.4675107591883,-3.0698736319259012,19.83065251900115,21.20806478594413,1.377412266942983,26.734323685194553,23.853571264790872,-2.880752420403681,16.590591807336253,20.306530088850636,3.715938281514383,8.854701289802676,4.969921256890061,-3.884780032912616,21.57545803237491,26.317513569159715,4.742055536784804
2024-02-23,19.429674524818726,1,23.35329828980167,20.444718007373297,-2.9085802824283746,19.26772575435946,20.845037252483735,1.5773114981242742,26.47531490011167,23.930295037860645,-2.5450198622510243,16.93290183229513,19.90428591194724,2.971384079652111,8.926888024237854,5.014569239200583,-3.9123187850372716,21.62191834810656,26.439141700046832,4.817223351940271
2024-03-01,19.227440714337558,1,23.962594234555098,20.629257897304683,-3.3333363372504152,19.20817583987035,20.452375823016723,1.2441999831463733,26.02145906592881,23.42785667381419,-2.5936023921146187,16.52881668154869,19.92386488502632,3.3950482034776286,8.807573181171662,4.914602219657922,-3.89297096151374,20.83602528295073,26.016686787205472,5.1806615042547435
2024-03-08,19.44032210018223,1,24.240139337913092,20.813484745577128,-3.4266545923359644,19.67601397832945,20.93044400814084,1.2544300298113882,26.185028496332322,24.229849614537585,-1.9551788817947369,16.794003173201972,19.929401415480115,3.135398242278143,8.765361038496692,4.896795178960261,-3.8685658595364316,20.981386576819844,25.841957638397417,4.8605710615775735
2024-03-15,19.464676060238542,1,24.353759925826196,20.93041573739721,-3.4233441884289846,19.700496758919925,21.198411403799653,1.497914644879728,26.21880355152976,24.20969487341847,-2.0091086781112892,16.832610004932675,19.96439871227581,3.1317887073431336,8.77382984944795,4.726199140536579,-4.04763070891137,20.908556270774753,25.75893649400352,4.850380223228768
2024-03-22,19.245346965094154,1,24.29937454206383,20.476870817226015,-3.8225037248378158,19.336319468294107,21.346995781065132,2.010676312771025,26.025946295427133,23.833128233367347,-2.1928180620597857,16.49510199917121,19.37106715458779,2.87596515541658,8.659579054070804,4.805625339648984,-3.85395371442182,20.655760431537843,25.638394464669688,4.982634033131845
2024-04-05,18.957450461291266,1,23.332762705798203,19.887695962368525,-3.4450667434296776,19.52689624978909,21.403066462009207,1.8761702122201172,25.578934666266022,23.3582531581569,-2.2206815081091236,16.481981206174225,19.230616094072488,2.7486348878982625,8.734366196708336,5.067962823958823,-3.666403372749514,20.08976174301172,24.797108267181628,4.707346524169907
2024-04-19,19.21343040006348,1,24.06573770304901,20.175190988582543,-3.890546714466467,19.286544166443747,21.194396821702,1.907852655258253,25.66995717246766,23.884734157659565,-1.7852230148080963,16.601093859133982,19.051431278835437,2.450337419701455,9.042782500344217,5.303200550516792,-3.739581949827425,20.614466998942262,25.671628603084542,5.05716160414228
2024-04-26,19.26653823935666,1,23.795024451852996,19.75346331001353,-4.041561141839466,19.26793573026579,21.12554114082927,1.8576054105634796,25.666210519609464,23.742363170288684,-1.9238473493207806,16.686322234067674,19.212811284306454,2.52648905023878,9.323340895048773,5.514938675178641,-3.808402219870132,20.860395605295267,26.25011185552337,5.389716250228105
2024-05-03,19.246943747582716,1,23.701018403949476,19.529305183342586,-4.17171322060689,19.214205695044,20.996438630252868,1.7822329352088673,25.508740307838977,23.79029499207884,-1.7184453157601354,16.918115214504212,19.476046855690583,2.5579316411863715,9.246692831201102,5.615728079986127,-3.630964751214975,20.892890032958533,26.07384874414528,5.180958711186747
2024-05-17,19.324988320199,1,23.59063041705734,19.622149476596192,-3.9684809404611485,19.29513767699804,21.152425262507563,1.8572875855095248,25.781132112735918,23.997848587085613,-1.7832835256503046,16.94472834047953,19.153135665069954,2.208407324590425,9.143401825286105,5.505360565748248,-3.6380412595378573,21.194899548637082,26.51901036418643,5.324110815549346
2024-05-31,18.80500603098019,1,22.984744440000156,18.991379806116512,-3.993364633883644,18.890260832303483,21.425493724379223,2.53523289207574,25.278880240145696,23.206713323409858,-2.0721669167358385,17.319267054494148,19.338268290769065,2.0190012362749172,8.979115530884911,5.391415751871364,-3.5876997790135476,19.377768088052747,24.47676528933512,5.098997201282373
2024-06-07,18.62867456842457,1,22.99045629813922,19.223442938316936,-3.767013359822286,18.842959901044523,21.323378531712862,2.480418630668339,25.401712231627414,23.295826801824234,-2.1058854298031804,16.660522272776532,18.30449076015664,1.643968487380107,8.278882011108777,5.396623787407151,-2.8822582237016263,19.59751469585096,24.228284591129608,4.630769895278647
2024-06-14,16.933588136336834,1,19.51460245584191,14.297486835097061,-5.217115620744849,19.628526773365138,23.135926600130176,3.507399826765038,23.766836008471245,21.713190433048467,-2.0536455754227774,15.947839191337422,18.163221641670177,2.215382450332754,6.250251087248714,3.2237873049733707,-3.026463782275343,16.493473301756566,21.06791600310177,4.574442701345205
2024-06-21,17.1176282570447,1,20.398369593571474,14.154070121576893,-6.24429947199458,19.588069010568162,22.90124804546791,3.313179034899747,23.995885479111664,21.276014249133567,-2.7198712299780965,16.02138273518412,18.284066087075587,2.262683351891468,6.172491465279762,3.6792207733271027,-2.4932706919526595,16.52957125855302,22.411150265687112,5.881579007134093
2024-06-28,16.577997515191253,1,19.811928284286054,14.052923077730597,-5.759005206555457,18.132825679232667,20.766362617377,2.6335369381443314,23.144346330230505,20.695768946092315,-2.44857738413819,15.919952901672573,18.33892888553622,2.418975983863646,6.175424041074422,3.810903391755957,-2.3645206493184645,16.283507854651305,21.803098172655424,5.51959031800412
2024-07-05,16.824775339330998,1,19.817874568753965,14.362459407579593,-5.455415161174372,18.660429291022027,20.696922975887432,2.0364936848654054,23.075645089373396,20.53915684137678,-2.5364882479966155,16.463818923741954,19.08155372532312,2.6177348015811646,6.340672237544709,3.848260073776359,-2.49241216376835,16.590211925549937,22.420299012042676,5.830087086492739
2024-07-12,16.781275385875055,1,19.817918257774167,14.666471424158743,-5.151446833615424,18.696336500450002,21.02883235175561,2.332495851305609,22.968151772109152,20.261052203581727,-2.7070995685274255,16.61961268968878,19.16127701102819,2.541664321339411,6.390529389838974,3.9504111716679944,-2.44011821817098,16.195103705389258,21.61960815305808,5.424504447668824
2024-07-19,16.73513140389581,1,19.760979621752583,14.40063242109079,-5.360347200661792,18.71160185404719,21.064809861060127,2.353208007012938,22.9138053460196,20.248548874451885,-2.665256471567716,16.452360116483987,19.263746773217946,2.8113866567339585,6.370693958637119,3.9534366759281028,-2.4172572827090164,16.20134752643439,21.479613817626003,5.278266291191613
2024-07-26,16.531405525789825,1,19.40774184811697,14.386473631524183,-5.021268216592787,18.264790914089403,20.455410884653503,2.1906199705641,22.869058897955952,20.236932813086767,-2.632126084869185,16.292081163018906,18.886078230788712,2.5939970677698057,6.280610362350828,3.9164483894082593,-2.3641619729425685,16.0741499692069,21.307089205277535,5.232939236070635
2024-08-02,16.45684370583987,1,19.2880690299272,14.431907937936302,-4.856161091990899,18.270258600360677,20.442469295778167,2.1722106954174905,22.45837810964437,19.870579484060542,-2.5877986255838294,16.13291570145759,18.58663278045502,2.4537170789974283,6.429031504698955,3.967426706760378,-2.461604797938577,16.162409288950414,21.442046030048843,5.279636741098429
2024-08-16,16.649534401518245,1,19.27944209610891,14.739115250093363,-4.540326846015546,18.6174270739063,20.35427176112512,1.7368446872188201,22.545044010135484,20.206005253644335,-2.3390387564911492,16.69153703177426,19.470426117655563,2.7788890858813033,6.3888646621551715,3.8316808767196164,-2.557183785435555,16.37489153502935,21.295707149871475,4.920815614842127
2024-08-30,16.544900622147505,1,19.442719076558987,14.848468746153031,-4.594250330405956,18.384285286350377,20.020879213442768,1.6365939270923917,22.326482763760225,20.23112668109134,-2.0953560826688857,16.794186291947355,19.374433306541633,2.5802470145942777,6.236775937159578,3.8290418570649933,-2.407734080094585,16.084954377108517,20.96545392859126,4.8804995514827425
2024-09-06,16.418163219804267,1,19.342528469666718,14.795039468967104,-4.547489000699613,18.1305957799202,19.624908181894227,1.4943124019740281,22.219543123560626,20.16976642501794,-2.0497766985426864,16.7529860333391,19.47749071547871,2.72450468213961,5.975187570268304,3.641917573250737,-2.3332699970175668,16.088138342070664,20.799856954216892,4.711718612146228
2024-09-13,16.165641902406843,1,19.263935514439424,14.584179244100113,-4.679756270339311,17.472347960259356,18.705539688855467,1.2331917285961111,22.08036493413792,20.171005135919387,-1.9093597982185315,16.31898144526275,19.166518044816996,2.847536599554246,5.8683106635178035,3.437777357055211,-2.4305333064625927,15.989910896823815,20.92883194369385,4.9389210468700355
2024-09-20,16.273149390564488,1,19.232339608769053,14.536518567665667,-4.695821041103386,17.8057492351778,18.504444865073566,0.6986956298957665,22.353697169729614,20.56587006639984,-1.787827103329775,16.448791290211744,19.73529102634663,3.2864997361348856,5.940078389763983,3.5274856091552067,-2.412592780608776,15.85824064973474,20.76928620874594,4.9110455590112
2024-09-27,16.145490456410137,1,20.188832031880665,15.690741469663791,-4.498090562216873,18.060330629881335,18.629504140319753,0.5691735104384179,21.81419522587734,20.160051665027893,-1.6541435608494481,16.01937081559892,19.219290243106855,3.199919427507936,5.465548815238947,3.332213759687704,-2.1333350555512425,15.324665219983615,19.84114146065484,4.516476240671224
2024-10-04,16.015893858518243,1,19.846703877411983,15.419831283699281,-4.426872593712702,17.530918908904184,18.655003145451047,1.1240842365468637,21.188186799154636,19.68840054852967,-1.4997862506249646,16.093003833509144,19.256339795467056,3.1633359619579124,6.111475167290806,3.158224369641488,-2.953250797649318,15.325074564838715,19.91756400832091,4.592489443482194
2024-10-11,16.014361921917455,1,19.82713318977629,15.470811852386348,-4.356321337389943,17.64256592355052,18.67904633645813,1.0364804129076077,21.041855319561137,19.583777433034385,-1.4580778865267519,16.197976868675184,19.330029264012737,3.1320523953375528,6.081716135780226,3.1622004319834645,-2.919515703796762,15.294924094161374,19.86030621362967,4.565382119468296
2024-10-18,15.84879785899401,1,19.677520376583487,15.294520313961641,-4.383000062621846,17.59037527586014,18.452435145712755,0.8620598698526152,20.96804435680437,19.588883136906944,-1.3791612198974263,16.060960627934776,19.2160168756795,3.1550562477447244,6.039615402569055,3.2253407204173072,-2.8142746821517477,14.756271114212225,19.315590961285935,4.559319847073709
2024-10-25,15.963966915768376,1,19.662601386257535,15.166783848883554,-4.495817537373981,17.720521366223977,18.613371327776633,0.8928499615526562,21.036046551798947,19.632680404926873,-1.4033661468720737,16.067125909775925,19.276051112391727,3.208925202615802,6.033707609279361,3.27788755120028,-2.755820058079081,15.263798671274515,19.81702724943119,4.553228578156677
2024-11-08,15.807144709054263,1,19.812154220651763,15.058911460555478,-4.753242760096285,17.876105396900826,18.91003802489773,1.0339326279969043,21.101440405725057,19.686272950522337,-1.4151674552027202,15.780712587282537,18.68949538794527,2.9087828006627348,5.461953004976834,3.259536415073569,-2.2024165899032653,14.810502638788563,19.238614015331166,4.428111376542603
2024-11-15,16.13017204042495,1,20.689672617768878,16.45345572233616,-4.236216895432719,17.95666498045982,19.121365802165286,1.1647008217054662,21.321010651334305,19.845971476922173,-1.4750391744121316,16.297937984230515,19.214376991041917,2.9164390068114017,5.592421729469933,3.302119814172144,-2.290301915297789,14.923324279286234,18.84374243591202,3.920418156625786
2024-11-22,16.15213211321618,1,20.36144290417974,16.541231508429377,-3.8202113957503627,18.039183275863735,19.153285223474825,1.1141019476110898,21.261784919070934,19.45412419510029,-1.807660723970642,16.473325221372264,19.74007326333087,3.266748041958607,6.1672912396524,3.6613786186488397,-2.50591262100356,14.609765119158013,18.362699870312895,3.752934751154882
2024-11-29,16.23257855195709,1,20.868635876267575,16.840584981348826,-4.028050894918749,18.530161561736563,19.523450158362678,0.9932885966261153,21.04933739189552,19.334948334550404,-1.714389057345116,16.8448589510633,19.805142588971776,2.960283637908475,5.488955035633509,3.626916064530235,-1.8620389711032743,14.613522495146071,18.264429183978592,3.650906688832521
2024-12-06,15.976415239668354,1,20.833676546083225,17.05009937185862,-3.783577174224604,17.710691896168953,19.12007108263738,1.4093791864684277,20.610298204842408,18.94639807005781,-1.6639001347845976,16.724404329147674,18.797765699744744,2.0733613705970697,5.4142973529975364,3.6182862590533773,-1.7960110939441591,14.565123108770322,18.325870954658185,3.760747845887863
2024-12-13,15.130503278710556,1,19.24359923532151,16.03550764850455,-3.2080915868169626,16.51106646334304,17.430761405975673,0.9196949426326313,19.28361689079709,17.6854746913736,-1.5981421994234921,16.360944957581708,18.634953589894636,2.2740086323129276,5.534129220458581,3.7491896495494927,-1.7849395709090885,13.849662904761402,17.247132686965386,3.3974697822039843
2024-12-20,15.218612662571699,1,19.623211016153036,16.5765571610073,-3.0466538551457347,16.782053598543158,17.67033799525082,0.888284396707661,19.27130324777231,17.943696715853747,-1.327606531918562,16.494935093667934,18.660860396207966,2.165925302540032,5.550609087676818,3.9347763822497654,-1.615832705427053,13.589563931616937,16.525447324860608,2.935883393243671
2024-12-27,15.152875052736176,1,19.312287858245767,16.39780241874047,-2.914485439505299,16.687474594550622,17.604309245359843,0.9168346508092213,19.096095667860865,17.746052891485917,-1.3500427763749485,16.512887888281668,18.791529666814284,2.2786417785326165,5.709021201263241,4.008171383092645,-1.700849818170596,13.59948310621489,16.36938471092388,2.7699016047089913
2025-01-03,14.380547260185688,1,18.359090982317085,15.281383585066436,-3.0777073972506486,15.659307569821877,16.64143038494055,0.9821228151186716,18.302777288588985,16.904663013354224,-1.3981142752347608,15.868438485622875,18.11260808310452,2.244169597481644,5.417226687955463,3.7183070583629103,-1.6989196295925524,12.676442546807849,15.624891436285495,2.948448889477646
2025-01-10,13.949492881403108,1,18.269405907812697,14.84806298764451,-3.421342920168186,14.974527412717777,16.316199683380447,1.34167227066267,18.07950349292325,17.02324200715627,-1.0562614857669814,14.500607692951789,16.34721756352964,1.8466098705778506,5.436667010978155,3.700391516340801,-1.7362754946373542,12.436245771034976,15.461843530366977,3.025597759332001
2025-01-17,13.781631887568937,1,18.146481003950214,14.78194227826259,-3.3645387256876234,14.742911160974373,16.08764628411906,1.3447351231446873,18.124224171997156,17.076275940909838,-1.047948231087318,14.125025486541404,15.145213457298283,1.0201879707568793,4.995683252484241,3.683659348399246,-1.3120239040849953,12.555466249466235,15.915054016424676,3.359587766958441
2025-01-24,13.893606494387582,1,18.1598336270807,15.268418554206676,-2.8914150728740253,14.92982812197161,16.024282495647697,1.0944543736760863,18.252312156944342,17.19782480979849,-1.0544873471458516,14.51203995045644,15.696086276784413,1.184046326327973,5.057973123164686,3.6568616141885,-1.4011115089761859,12.449651986707707,15.518165215699653,3.0685132289919466
2025-02-07,12.884758512036564,1,16.90416486401459,14.0103922861515,-2.893772577863089,14.017038633922041,15.000488298854435,0.9834496649323938,17.153245668745484,15.810290655853564,-1.3429550128919203,13.477309280242821,14.348621129749503,0.8713118495066823,4.417622230026609,3.2573123961170865,-1.1603098339095226,11.339170395267843,14.881446305493313,3.54227591022547
2025-02-14,13.217465982144857,1,16.87165686581497,13.912005122476074,-2.9596517433388954,14.33537431556097,15.203183908394536,0.8678095928335665,17.15580294413151,14.834568274663283,-2.3212346694682253,14.109142820611936,15.38973466000752,1.2805918393955835,4.470999106783893,3.5172921762871283,-0.9537069304967645,12.361819839965861,16.44801175104061,4.086191911074749
2025-02-21,10.819261873903978,1,13.993579916853733,10.487167222135241,-3.5064126947184917,11.257120748740888,12.831268019687272,1.5741472709463835,14.690709744241204,12.484141342741637,-2.206568401499567,11.751293926926976,12.227895019625862,0.4766010926988855,3.230496967372858,2.7640565900221787,-0.4664403773506791,9.99236993928821,14.12104304921165,4.12867310992344
2025-02-28,9.83648040701617,1,11.822602088978158,9.749706693869484,-2.0728953951086737,10.432426048141252,11.303021321137678,0.8705952729964253,12.335882438920123,10.407041356825232,-1.9288410820948911,10.370209222805244,11.283097751621852,0.9128885288166089,4.683797805946639,3.9199604803789896,-0.7638373255676498,9.373964837305607,12.356054838263788,2.9820900009581806
2025-03-07,9.19531528245902,1,10.886287451418312,8.907544745442493,-1.9787427059758187,9.921457557384656,10.813511486841648,0.892053929456992,11.632361401310149,9.722601772063328,-1.909759629246821,9.442248933340053,10.370247654949836,0.9279987216097823,4.076036715144554,3.6206234369678185,-0.45541327817673505,9.2134996361564,11.737362598489042,2.523862962332643
2025-03-14,8.910543832421483,1,10.795669577133083,8.635007628962924,-2.1606619481701586,8.743958243201348,9.327681094693247,0.5837228514918991,11.63236289334003,10.477090593888207,-1.1552722994518234,9.000846107051046,9.802738566959647,0.8018924599086006,3.6349241816332096,2.8632280046566905,-0.7716961769765192,9.655501992170187,12.357517105368217,2.70201511319803
2025-03-21,8.682021622443811,1,10.066076902707366,9.040551674953761,-1.0255252277536044,8.402992375449173,9.055313570799399,0.6523211953502255,11.40936668425897,9.817085742723876,-1.592280941535094,9.07609384859137,9.512972139564909,0.4368782909735387,3.630799363421275,3.1993590001987826,-0.43144036322249235,9.506800560234709,11.466847606422121,1.9600470461874124
2025-04-11,8.817497650302359,1,9.781823854609499,9.13207593925955,-0.6497479153499484,8.645616256673009,9.22390530644499,0.5782890497719819,10.756453561833993,9.002974506952825,-1.7534790548811685,9.802380747342099,10.328665672650061,0.5262849253079622,3.9801955212204234,3.3775858747860354,-0.602609646434388,9.938515960135135,11.839778601720738,1.9012626415856033
2025-04-25,8.721797588359353,1,9.785582742569773,9.140941856854568,-0.6446408857152051,8.356908297654002,9.147087866469306,0.7901795688153044,11.001267792636142,9.168343158366397,-1.8329246342697445,9.714091489882861,10.04281874713439,0.3287272572515292,3.452467285079308,3.2413967123071217,-0.21107057277218644,10.020467922334035,11.590197189024352,1.5697292666903166
2025-05-09,8.783811365666699,1,9.919303165172394,9.183109361422666,-0.7361938037497282,8.346257625274077,9.222725686571934,0.8764680612978566,11.553099352675119,9.576036141985142,-1.9770632106899768,9.656269819277995,9.937666966447011,0.28139714716901665,3.4197577824157577,3.2676810651591666,-0.1520767172565911,9.808180449184846,11.515648972414297,1.7074685232294513
2025-05-16,8.325533687187624,1,9.317158654741874,8.58977090165321,-0.7273877530886637,7.9086353893440275,8.85765568134083,0.9490202919968027,9.974528434733458,8.031858873426586,-1.9426695613068716,9.89032498608924,10.206106265765357,0.31578127967611636,3.2932748630171744,3.203458380560548,-0.08981648245662655,9.569279795199975,11.064352020379218,1.4950722251792428
2025-05-23,7.508592885267009,1,8.56214543758,7.818353077951855,-0.743792359628145,6.6906036621076055,7.506231976577496,0.8156283144698904,8.78944954581037,7.063141621667796,-1.7263079241425743,8.82353364686567,9.07648701574081,0.25295336887514,3.0324613940437075,3.0475844895048994,0.015123095461191838,9.1533636251947,10.53975913015924,1.3863955049645398
2025-06-13,7.575536324997252,1,8.582526850879901,7.8265873593053215,-0.7559394915745798,6.932881597876886,7.551928878963949,0.6190472810870631,8.925997012003535,7.379614569571729,-1.5463824424318062,8.923190468484322,9.10084873981728,0.17765827133295886,3.0607817254980745,3.100922888070045,0.04014116257197031,9.027840295240793,10.493315514255187,1.4654752190143938
2025-06-20,7.582249532732767,1,8.641963255644129,7.9262143316997395,-0.715748923944389,6.921988149908444,7.603727390338619,0.6817392404301756,8.820370670745419,7.311033351863628,-1.5093373188817907,8.832203423499891,8.928793846272015,0.09659042277212393,3.162068638416841,3.2362919779208,0.0742233395039591,9.11490305818188,10.48743629830183,1.3725332401199495
2025-07-04,7.39151096824479,1,8.359431318940494,7.691918133694529,-0.6675131852459657,6.59180076504046,7.164050166986371,0.5722494019459106,8.404181654741166,7.137491333328384,-1.2666903214127814,8.634739119647534,8.713447816587319,0.07870869693978477,3.163418331880891,3.156727451811605,-0.006690880069285754,9.195494619218195,10.485430907060547,1.2899362878423517
2025-07-11,7.369077009672201,1,8.369563377296629,7.735053590105778,-0.6345097871908507,6.54919985766864,6.86874398122383,0.3195441235551897,8.558038171801655,7.243146716658998,-1.3148914551426572,8.949803844827272,8.988263369584416,0.03845952475714398,2.815213351960523,2.7971996806684274,-0.018013671292095523,8.972643454478487,10.58205471979177,1.609411265313284
2025-07-18,7.658389733716871,1,8.760199863839972,8.564934248972335,-0.19526561486763683,6.535099884796566,6.796056443220905,0.26095655842433985,8.856671821852487,7.429909998206057,-1.4267618236464301,9.355409325738592,9.403872044040313,0.048462718301721,3.335175090132921,3.0361076784342345,-0.29906741169868667,9.10778241594069,10.719457989427355,1.6116755734866643
2025-07-25,7.737744048819063,1,9.256472172259691,8.555358186772423,-0.7011139854872681,6.534953401870723,6.779229766302919,0.2442763644321957,8.935215563033111,7.469380129059857,-1.465835433973254,9.403211167743194,9.567626676065942,0.16441550832274743,3.2906479036616503,2.966935620826689,-0.32371228283496123,9.005964084346004,11.087933913886559,2.0819698295405544
2025-08-01,7.509071202564274,1,9.199900469341202,8.62199111836874,-0.5779093509724618,6.376618136742138,6.689807987240783,0.31318985049864523,8.630650156073699,7.230484145025557,-1.4001660110481424,8.414008541121618,8.561923004989637,0.14791446386801965,3.484439322681993,3.3630044919042916,-0.12143483077770156,8.948810589424994,10.587216467856663,1.6384058784316693
2025-08-08,7.437320427140918,1,8.924125860214673,8.287092052096568,-0.6370338081181046,6.203790667611685,6.726405531195965,0.5226148635842804,8.524931662548212,7.095897279047321,-1.4290343835008912,8.418944306269111,8.666834103209268,0.24788979694015723,3.4551753200410644,3.5151147210924165,0.05993940105135209,9.096954746160762,10.332578876203954,1.2356241300431918
2025-08-15,6.996131927064113,1,8.096598412695542,7.633151810754754,-0.4634466019407881,6.157303063085365,6.650451832083746,0.4931487689983811,7.999211564208409,6.5373353572842205,-1.4618762069241882,8.117699136043797,8.158224782971061,0.04052564692726435,2.6780825437537032,3.2154378495615106,0.5373553058078073,8.92789684259786,9.782189929729384,0.8542930871315235
2025-08-22,6.924688192757728,1,8.203850853610362,7.6190038251790355,-0.5848470284313265,5.867395763552011,6.349816319954897,0.48242055640288584,7.776467630769133,6.423373580748617,-1.3530940500205162,7.940201908210227,8.136178687333654,0.19597677912342704,2.6863742326654716,3.1914388174096615,0.5050645847441899,9.073838767739161,9.828317925920544,0.7544791581813826
2025-08-29,6.939219735880776,1,8.224320468213051,7.615940229719598,-0.6083802384934529,5.984877542029125,6.458609962696855,0.47373242066773,7.7561584427983945,6.417466758279986,-1.338691684518409,7.871124833876948,8.128256611559053,0.2571317776821047,2.673333748695896,3.202500528035941,0.529166779340045,9.125503379671244,9.812544324993212,0.6870409453219679
2025-09-12,6.987261274233982,1,8.25138087821172,7.506090026424431,-0.7452908517872885,5.599182943901141,6.279918369566147,0.6807354256650058,8.474225519226621,7.044846991311005,-1.4293785279156168,7.782263581677171,8.0237063872964,0.24144280561922926,2.5101967641138003,3.034437439677987,0.5242406755641866,9.30631795827344,10.034568431127923,0.7282504728544836
2025-09-19,6.835508641629123,1,7.938375824220486,7.031454656236207,-0.9069211679842795,5.441667968526929,5.991356824267839,0.5496888557409108,7.954031395331171,6.95040141882258,-1.0036299765085914,7.60674352584121,7.881384258867001,0.27464073302579095,2.919091906388161,3.0437900786465235,0.12469817225836266,9.153141229466783,10.114664612934561,0.9615233834677781
2025-09-26,7.245515262560062,1,8.156821932396085,7.504638110476861,-0.6521838219192233,6.153080391500723,6.557655824046648,0.40457543254592565,7.710123121105113,6.668695941450721,-1.0414271796543915,9.240014274312216,9.459989654378717,0.21997538006650075,3.0220243360750914,2.9278242445088694,-0.094200091566222,9.191027519971144,10.354287800498511,1.1632602805273677
2025-10-03,6.836158070917139,1,7.303236764600371,6.618685493195514,-0.6845512714048567,5.406640498189432,5.906775589215897,0.5001350910264648,7.523227294404691,6.059211790804525,-1.4640155036001659,8.465518213549345,9.671601936595195,1.2060837230458503,3.3764854747707886,2.7719493948988543,-0.6045360798719344,8.941840179988205,9.988724220792847,1.0468840408046418
2025-10-10,6.343734384741666,1,6.838032797529991,6.300488732138021,-0.5375440653919696,4.841040108124702,5.264824237588627,0.4237841294639253,7.069314113721887,5.934081196158914,-1.1352329175629734,7.683662799146731,8.348751374012451,0.6650885748657203,3.0292985912480646,2.822513328943998,-0.20678526230406646,8.601057898678619,9.391747439607968,0.7906895409293497
2025-10-17,6.353298023392206,1,6.768467241182421,6.225070063596917,-0.5433971775855042,5.146223020205468,5.712070421579767,0.5658474013742989,6.827980474741764,5.9473566425773186,-0.8806238321644457,7.8861789477108175,8.193802169665275,0.3076232219544579,2.8608292846190437,2.877161808199233,0.016332523580189218,8.630109171893722,9.164327034734768,0.5342178628410466
2025-10-24,6.2511984656565645,1,6.596725728860861,6.019212213719257,-0.5775135151416038,4.934749006300933,5.434884358487395,0.5001353521864615,6.598206282720938,5.906159097915705,-0.692047184805233,7.985062378714545,8.139368596458823,0.15430621774427777,2.8569855963697677,2.942934895800306,0.08594929943053842,8.535461800972342,9.064631631557916,0.5291698305855732
2025-11-07,6.333721697986292,1,6.908559852086057,6.192039853790632,-0.7165199982954249,4.940162894180048,5.424594622253991,0.4844317280739432,6.82019460848241,6.019232666969685,-0.8009619415127247,7.973940979465567,8.172668371369824,0.19872739190425648,2.743847595233106,3.007121353131936,0.2632737578988298,8.615624258470561,9.186673320401681,0.5710490619311201
2025-11-14,6.448730528463017,1,7.000429957687217,6.106926782507031,-0.8935031751801858,4.944889123175329,5.417959301116554,0.4730701779412243,7.288005547559322,6.542599378174984,-0.7454061693843386,7.868560498232711,8.060851366373456,0.19229086814074492,2.885442853891803,3.30351659424592,0.41807374035411726,8.705055190231718,9.26052974836017,0.5554745581284521
2025-11-21,6.175690184424293,1,6.703596478976948,5.520824121140592,-1.182772357836356,5.304306162935319,5.855231736943395,0.5509255740080761,6.839934342036571,6.090364798569368,-0.749569543467203,7.15757287483072,7.63231596482521,0.4747430899944902,2.6618517030885442,3.0905938569715232,0.428742153882979,8.386879544677655,8.864810628095697,0.47793108341804214
2025-11-28,6.146287470353954,1,6.638284327434363,5.707368279949236,-0.9309160474851268,5.249004996749775,5.795290813171249,0.5462858164214737,6.777842113954009,5.835029267268396,-0.9428128466856123,7.151412507569049,7.68626493130057,0.5348524237315218,2.5798995784916627,2.8974150639395475,0.31751548544788477,8.481281297924866,8.95635646649474,0.4750751685698731
2025-12-12,6.146906586168242,1,6.533551736437417,5.553184907456,-0.9803668289814169,5.2765278224609915,5.725482553860985,0.44895473139999353,6.676065066808434,5.744528294025727,-0.9315367727827066,7.274443553606801,7.898575947787123,0.6241323941803216,2.60705192665948,3.0886171381374936,0.48156521147801357,8.51379941103633,8.871050675742111,0.3572512647057806
2025-12-19,5.61833361230457,1,5.670920375255278,4.832448677718048,-0.8384716975372299,4.814156805003066,5.384106032921878,0.5699492279188121,6.063566516718311,5.311952074581299,-0.7516144421370115,6.704946073679324,7.244151598915963,0.539205525236639,2.4973574907582474,3.1130364391982255,0.6156789484399781,7.959054412413195,7.8243068504920075,-0.13474756192118775
2026-01-09,5.818330639517749,1,5.8082699978111805,5.327961958275949,-0.48030803953523105,4.92371693114913,5.509965888540037,0.5862489573909073,5.770383671482847,5.217366991685708,-0.553016679797139,7.335245880844553,7.949180279704663,0.6139343988601098,2.47876013317817,3.1858788595934016,0.7071187264152314,8.593607222640614,7.71962985930675,-0.8739773633338643
2026-01-23,6.049927735568194,1,6.28763393093665,5.954223958074252,-0.33340997286239826,4.925124363067226,5.543217436047684,0.6180930729804572,5.880672613312626,5.308511836007369,-0.5721607773052568,7.492684379067441,8.124245490170054,0.6315611111026129,2.551311645094586,3.3299888804274644,0.7786772353328786,9.162139481930637,8.039378812682344,-1.1227606692482937
2026-01-30,6.110782112462059,1,5.843938799887056,6.0556041381025665,0.2116653382155107,4.908317524929416,5.6178067075125995,0.7094891825831837,5.1984138912500555,4.403687494000025,-0.7947263972500309,7.75239771399886,8.372100443848666,0.6197027298498057,2.4687615482150704,3.725079263518154,1.2563177153030836,10.492863196491896,8.490414627790358,-2.0024485687015385
2026-02-06,6.072991261087054,1,5.957561449352653,5.624327784891278,-0.3332336644613747,4.7606706709606925,5.3547631062208865,0.594092435260194,5.405793247577236,4.715333256084122,-0.690459991493114,7.38581925889487,7.965234787130697,0.5794155282358275,2.7014739512232495,3.7684250359613713,1.0669510847381218,10.226628988513625,9.009863596233942,-1.216765392279683
2026-02-13,5.9365002814420835,1,6.359847264149366,5.402738858687059,-0.9571084054623071,4.840260631796838,5.493291663222948,0.6530310314261101,5.173623566077538,4.6548645637164725,-0.5187590023610653,7.180815130223593,7.603314337861974,0.42249920763838134,2.8885897805280933,4.274810926971995,1.3862211464439014,9.175865315877076,8.189981338192055,-0.9858839776850203
2026-02-27,5.734893923610092,1,5.409874562833878,4.6961428822881714,-0.7137316805457061,4.821814188145069,5.504212773122418,0.6823985849773493,4.990821911870469,4.891043455976089,-0.09977845589438061,7.1940063785539365,7.157497472425504,-0.03650890612843227,2.8697927163839267,3.7311197452948903,0.8613270289109636,9.123053783873274,8.429347212553495,-0.6937065713197796
2026-03-06,5.7135880452883825,1,6.104532632442812,4.983200995660482,-1.1213316367823296,3.9045661403164615,4.298172335350927,0.39360619503446514,5.012688251574502,4.657790650204902,-0.3548976013696006,7.229332738129742,7.46767908621014,0.23834634808039823,2.987013168220443,3.895741814291938,0.908728646071495,9.043395341046335,8.978943390011906,-0.06445195103442813
2026-03-13,5.580650194052741,1,6.311581518056599,4.758463212842997,-1.5531183052136015,3.778459403846824,4.225637781898627,0.4471783780518024,5.671326556391264,5.355897163035053,-0.31542939335621156,6.551776767654573,6.332515119074046,-0.21926164858052744,2.3970076710975263,3.945320689009634,1.5483130179121076,8.773749247269663,8.866067198456065,0.09231795118640207
2026-03-27,5.755073675985372,1,6.487949055600382,4.664516059862734,-1.8234329957376474,3.858385097458097,5.663546148027407,1.8051610505693105,5.7004460484022985,5.428560094533836,-0.2718859538684626,6.403274524725504,6.025289937031232,-0.37798458769427157,2.47143261780532,4.233250846974499,1.7618182291691795,9.608954711920632,8.515278969482495,-1.093675742438137
2026-04-10,5.7533530854901755,1,6.8680536306687685,4.589214407353396,-2.278839223315373,3.572475125424262,5.425688437207796,1.8532133117835343,5.72616304202829,5.544376452043991,-0.18178658998429853,6.168832142481293,5.871511785128675,-0.29732035735261775,2.468627826226225,4.5099346929713136,2.0413068667450887,9.715966746112215,8.579392738235896,-1.1365740078763196
2026-04-17,5.523412334389216,1,6.860156901098932,4.390892397993795,-2.469264503105137,3.3227171800271407,5.396509072271201,2.07379189224406,5.297955704274528,5.208891732475891,-0.08906397179863745,5.954799455083588,5.428588749570039,-0.5262107055135488,2.5126951016767407,4.501427225967149,1.988732124290408,9.192149664174366,8.214164828057221,-0.9779848361171446
2026-04-24,5.599120375657698,1,6.985224157424383,4.406151206255728,-2.579072951168655,3.383798083148122,5.745427727792659,2.3616296446445375,5.159512036949266,5.374987416636657,0.2154753796873905,6.035234395071754,5.487101007495056,-0.5481333875766978,2.567107774790159,4.507643893149037,1.940536118358878,9.463845806562503,8.07341100261705,-1.3904348039454533
2026-05-08,5.499036648802679,1,6.850875518725957,4.196716782023657,-2.6541587367023,3.2362109774393417,5.569554225804254,2.333343248364912,5.200823193993415,5.391926365998046,0.191103172004631,5.8783228949733655,5.375593276538055,-0.5027296184353105,2.5951789325931713,4.454741525252061,1.8595625926588895,9.232808375090826,8.005687717199962,-1.2271206578908647
2026-05-22,5.447039841612491,1,6.80461628835468,4.3740688982974945,-2.4305473900571855,3.304174344589441,5.4275953029515165,2.1234209583620753,4.70472291277261,4.841179991784429,0.13645707901181936,6.093847259879325,5.689050216691541,-0.4047970431877843,2.6183590445118767,4.307489811138012,1.6891307666261355,9.156519199567015,8.042854828811926,-1.1136643707550888
2026-05-29,5.502725220039037,1,6.899140463950687,4.518155980602032,-2.380984483348655,3.3973790057587507,5.514688823749566,2.117309817990815,4.742776623844179,4.81733884477886,0.07456222093468057,6.119629643655159,5.760072832225532,-0.35955681142962703,2.6752399167912557,4.345269299196289,1.6700293824050334,9.18218566623419,8.060825539681943,-1.121360126552247
2026-06-05,5.4691777065774545,1,6.974533116901853,4.022507934588106,-2.952025182313747,3.7064665798356486,5.8234897289657255,2.117023149130077,4.717994041550853,4.8496884907627305,0.1316944492118779,5.506697544942838,5.1172799465656595,-0.3894175983771788,2.4819623210594273,4.8678974944630795,2.3859351734036522,9.427412635174107,8.134202644119426,-1.293209991054681
2026-06-19,5.794328858082494,1,7.068328333519531,4.327730480556426,-2.7405978529631057,3.968962297457594,6.2627174520782205,2.2937551546206265,5.039061592207361,4.896676781293792,-0.14238481091356903,6.485028039968853,5.818143142587857,-0.6668848973809958,2.6385835640410704,4.893104209588444,2.254520645547373,9.566009321300555,8.567601082390269,-0.9984082389102866
2026-06-26,5.5770148116658165,1,7.043835296135498,4.116908115723291,-2.926927180412207,3.8231212093629807,6.111709172539861,2.28858796317688,5.001064656474355,4.818619876752649,-0.18244477972170614,5.479518211442809,4.779860966333658,-0.699657245109151,2.6637157980167956,5.01967347712754,2.3559576791107446,9.450833698562462,8.615317261517916,-0.8355164370445465
2026-07-03,5.425631580134431,1,6.473381201924852,3.989480083872138,-2.4839011180527137,3.794025705994997,5.814319320824779,2.0202936148297823,5.084913994817413,4.8975660949112125,-0.18734789990620015,5.209914455530225,4.221316193024052,-0.9885982625061729,2.407392970335735,4.850337079894871,2.4429441095591358,9.584161152203365,8.780770708279562,-0.8033904439238029
2026-07-10,5.476669731048474,1,6.584595946192081,4.226824205388439,-2.357771740803642,3.7713052183054145,5.632270183492096,1.8609649651866818,5.154983079753933,4.879769373117668,-0.275213706636265,5.414128975722875,4.524803885389304,-0.8893250903335712,2.4302046301965277,4.795083044591479,2.3648784143949513,9.504800536120015,8.801267694311846,-0.703532841808169
