date,TCI,lag_selected,FROM_Indonesia,TO_Indonesia,Net_Indonesia,FROM_Malaysia,TO_Malaysia,Net_Malaysia,FROM_Philippines,TO_Philippines,Net_Philippines,FROM_Singapore,TO_Singapore,Net_Singapore,FROM_Thailand,TO_Thailand,Net_Thailand,FROM_Vietnam,TO_Vietnam,Net_Vietnam
2013-12-27,12.230116517020534,1,17.406212321701034,19.493634834890457,2.0874225131894235,7.5921926642770075,5.78628548155892,-1.8059071827180873,17.706843356305157,18.37074689133823,0.6639035350330715,14.653868851448564,12.51364853611581,-2.140220315332755,13.485566060283745,14.42751602130349,0.9419499610197448,2.536015848107695,2.788867336916283,0.252851488808588
2014-01-03,11.971137019576467,1,17.180201629971663,19.628507084971673,2.4483054550000105,7.5698037356765155,6.011938829867802,-1.5578649058087137,17.06170307478311,17.478420947425377,0.41671787264226623,14.49125160627743,12.06400801000106,-2.4272435962763694,13.06454456027194,13.831939728489033,0.7673951682170923,2.4593175104781437,2.8120075167039005,0.35269000622575675
2014-01-10,12.063215177057527,1,18.05342495976292,20.133872068609207,2.080447108846286,7.283086048907208,5.99051321596464,-1.292572832942568,16.821296019342753,17.515920400008895,0.6946243806661414,14.671992932507251,12.006629410627994,-2.6653635218792573,12.985476705000892,13.629843323736623,0.6443666187357309,2.5640143968241347,3.1025126433977874,0.5384982465736528
2014-01-17,12.084007785555023,1,17.931309586948217,20.092553955252114,2.1612443683038975,7.302496041721469,5.891910793631638,-1.4105852480898307,16.750018190550264,17.616526571371324,0.8665083808210596,14.36751873655308,11.251736876317366,-3.115781860235714,13.649488486831245,14.506638113080669,0.8571496262494236,2.503215670725865,3.1446804036770146,0.6414647329511496
2014-01-24,11.882557900811774,1,17.172284210220795,19.533704443608954,2.3614202333881593,7.3097603141265495,5.82388717479175,-1.4858731393347995,16.420772437816254,17.433010591295584,1.0122381534793305,14.283020555276764,11.204522772921862,-3.0784977823549013,13.585025951775748,14.359095096740532,0.7740691449647841,2.52448393565453,2.9411273255120136,0.4166433898574837
2014-01-31,11.87124234591274,1,16.7265427054613,18.942671293304045,2.2161285878427464,7.4820367188441,5.844957785533367,-1.6370789333107325,16.509506895482915,17.425428436013746,0.9159215405308316,14.121673894890492,11.285443347232302,-2.8362305476581895,13.783642225811974,14.687169755512969,0.9035275297009946,2.604051634985666,3.0417834578800154,0.4377318228943494
2014-02-07,11.882716952080196,1,16.904085142630507,19.636728193853344,2.732643051222837,7.848228385723104,5.915389754681087,-1.9328386310420171,16.41345836419964,17.651397268799627,1.2379389045999858,14.026228470623579,10.87304785815111,-3.153180612472468,13.631760029464559,14.40579569104895,0.7740356615843922,2.4725413198397916,2.8139429459470904,0.34140162610729874
2014-02-14,11.923157623281888,1,17.316642064401776,19.581206097634137,2.264564033232361,7.828196736207104,5.891010495375113,-1.9371862408319913,16.528551792178064,18.152844687794726,1.6242928956166622,13.657013425071412,10.742760129010932,-2.9142532960604797,13.56454833618126,14.451812625002717,0.8872642888214557,2.6439933856517115,2.719311704873718,0.07531831922200638
2014-02-21,11.92910585679523,1,17.31639562550835,19.592193187163204,2.275797561654855,7.7628216492845326,6.0051570842210396,-1.757664565063493,16.712796716754042,18.362917901818392,1.65012118506435,13.692531598525548,10.713408585191019,-2.9791230133345294,13.318284793891038,14.11588105422446,0.797596260333421,2.7718047568078674,2.785077328153264,0.0132725713453965
2014-02-28,12.249317569082086,1,16.773027945154396,20.591966537094876,3.81893859194048,8.901313692239142,7.181542981728498,-1.7197707105106446,16.55077861561047,16.875163755560052,0.32438513994958385,15.483969895448624,11.479586031485894,-4.00438386396273,12.837850369915373,13.663993592178358,0.826143222262985,2.948964896124508,3.703652516444805,0.754687620320297
2014-03-07,12.830375250405345,1,18.852908789063235,19.959721435554655,1.10681264649142,9.47746073939885,8.50451459090823,-0.972946148490621,16.073851459311953,17.33391572127566,1.2600642619637057,15.097684844958238,11.613303649868442,-3.484381195089796,14.604084924815908,15.638906032843906,1.034821108027998,2.8762607448838793,3.931890071981158,1.0556293270972787
2014-03-14,13.049086232555966,1,18.946890606526807,20.906819457968254,1.9599288514414468,9.663344059642839,8.356074108711184,-1.307269950931655,16.4435545645392,17.63509311762941,1.1915385530902114,15.254044514340393,11.546152270200267,-3.707892244140126,15.070063702772885,16.014959048444112,0.9448953456712275,2.9166199475136807,3.8354193923825477,0.918799444868867
2014-03-21,13.183747624209007,1,18.72600092235635,20.56680279126961,1.8408018689132604,9.945602811085863,8.216971665157729,-1.7286311459281336,16.702072266910108,17.99566569043185,1.2935934235217417,14.921234596891836,11.532672863163555,-3.388561733728281,15.900208033231777,16.8922821729425,0.9920741397107236,2.9073671147781113,3.898090562288843,0.9907234475107316
2014-03-28,13.288410179806505,1,18.906692125585224,20.72619740911145,1.819505283526226,10.014229557166473,8.053426258515287,-1.9608032986511859,16.830640745518593,18.374140938399265,1.5435001928806713,14.859409809331794,11.566257650076224,-3.2931521592555697,16.075850385635633,17.178525027404973,1.1026746417693403,3.043638455601311,3.8319137953318148,0.7882753397305038
2014-04-04,13.409836543055107,1,18.92068277279948,20.88052920466089,1.9598464318614077,9.953986047766804,8.092238798206623,-1.8617472495601817,17.096106858758034,18.73080846709709,1.634701608339057,14.965145409175364,11.646019932563632,-3.319125476611731,16.142069255368014,17.209286859768937,1.0672176044009234,3.381028914462945,3.9001359960334554,0.5191070815705103
2014-04-11,13.232368824897911,1,18.459965798168653,20.3031105178529,1.843144719684247,10.339462232409048,8.593232661848802,-1.7462295705602457,16.57591958812587,18.222016439309527,1.646096851183657,14.862184289554321,11.56270258280864,-3.2994817067456808,15.874213473447895,16.946981233798766,1.072767760350871,3.282467567681678,3.7661695137688014,0.48370194608712325
2014-04-18,13.310143210371427,1,18.571953028992326,19.921482060104594,1.3495290311122687,10.090506329306436,8.50523392124974,-1.5852724080566958,16.571178524804466,18.005355568512925,1.434177043708459,14.769411124577672,11.428531175155584,-3.3408799494220887,16.356583404008447,17.49114081264341,1.1345574086349615,3.5012268505392115,4.509115724562335,1.0078888740231235
2014-04-25,13.58213845539255,1,18.5178692909616,20.00097667298165,1.4831073820200515,9.76948372527471,8.528739135933705,-1.2407445893410056,17.148170346825694,18.253494065194943,1.1053237183692488,14.532313903276716,11.116729612583384,-3.4155842906933316,17.617099248641807,19.277603600248298,1.660504351606491,3.907894217374775,4.315287645413363,0.40739342803858847
2014-05-02,13.671843841612528,1,18.503368841221018,20.346440484482656,1.8430716432616379,9.723620847344165,9.118951004845158,-0.6046698424990069,17.04187584494254,17.82489489876454,0.7830190538220023,14.754019636426136,11.261678017871134,-3.4923416185550025,17.92654563314383,18.746957571415592,0.8204119382717607,4.081632246597479,4.7321410722960735,0.6505088256985943
2014-05-09,13.255697550615741,1,17.98525659261854,20.14506396507784,2.159807372459298,9.600354213361285,9.055120009980712,-0.5452342033805735,16.513289280141592,17.52884767394815,1.0155583938065575,14.591951349460672,11.105797219127496,-3.4861541303331762,16.896426046801707,17.845197491032337,0.9487714442306299,3.9469078213106457,3.854158944527896,-0.09274887678274979
2014-05-16,13.333534991332883,1,17.857188888830024,19.998111347311223,2.1409224584811994,9.60519010959041,9.45724778080914,-0.14794232878126934,16.868280744186663,17.96857890515261,1.1002981609659486,14.791066246749864,10.828853656942655,-3.9622125898072085,16.77825303424659,17.713920914217525,0.9356678799709357,4.101230924393747,4.034497343564112,-0.06673358082963432
2014-05-23,13.158923098935253,1,17.382930164564428,19.391247783193194,2.008317618628766,9.508390330451647,9.09282627130112,-0.4155640591505261,16.91075168926804,17.732126792109938,0.8213751028418983,14.588414680370576,11.167729953271404,-3.4206847270991716,16.485384347389157,17.53498165689726,1.0495973095081013,4.0776673815676645,4.034626136838554,-0.04304124472911042
2014-05-30,13.069295869869924,1,17.225314305115646,19.215836312474934,1.9905220073592886,9.481277415072626,9.142993212781562,-0.3382842022910637,16.708587927170072,17.418593358567193,0.7100054313971214,14.584761903702756,11.133035575270554,-3.4517263284322013,16.31815953792534,17.435199742553266,1.1170402046279264,4.097674130233102,4.070117017571988,-0.027557112661114047
2014-06-06,12.949940662808261,1,17.25831836676204,19.19629426199745,1.937975895235411,8.98846672202528,8.568518152277093,-0.4199485697481862,16.709513152927443,17.39590582762152,0.6863926746940763,14.79163724128145,11.267987337563028,-3.5236499037184217,16.371866182414692,17.603047037900467,1.2311808554857748,3.579842311438668,3.6678913594899996,0.08804904805133162
2014-06-13,15.460207886891077,1,21.798586034066915,24.918787782105724,3.1202017480388093,9.79102860529845,10.502252709457053,0.7112241041586032,18.198840990612666,17.05282807065643,-1.1460129199562346,19.749007904547256,15.79780826772783,-3.9511996368194247,19.540488261395723,20.893669617741082,1.3531813563453596,3.68329552542545,3.5959008736582803,-0.08739465176716976
2014-06-20,15.416984204915588,1,21.727066830052678,24.510647216381415,2.7835803863287367,9.653065550277958,10.511790679257743,0.8587251289797848,18.628804135242305,16.98211118154059,-1.6466929537017165,19.288433848460883,16.040331805555496,-3.248102042905387,19.540986710525814,20.84538943485542,1.3044027243296057,3.663548154933892,3.6116349119028115,-0.05191324303108047
2014-06-27,15.8182511196356,1,22.36394438843412,25.184094922689866,2.8201505342557454,10.49600350511976,11.671331431277437,1.175327926157678,18.548902763349005,16.99440211110256,-1.5545006522464462,19.947314834444768,16.37206129051411,-3.575253543930657,19.633968069911475,21.079666911078817,1.4456988411673422,3.919373156554471,3.6079500511508087,-0.31142310540366225
2014-07-04,15.84112912794504,1,22.27041398216295,25.04126244709802,2.770848464935071,10.359000865191547,12.276207122429525,1.9172062572379787,18.29787921587885,16.973615356793303,-1.3242638590855478,20.563697508857132,16.11638497497505,-4.447312533882084,19.6385975554428,21.018341155845334,1.3797436004025343,3.917185640136964,3.620963710529054,-0.29622192960790983
2014-07-11,15.640759149498585,1,21.98165168711654,24.32830035667415,2.3466486695576094,9.667919497833822,11.281912816302196,1.6139933184683741,18.59445875222319,17.535361905680986,-1.0590968465422037,19.933616214309154,15.383299647894859,-4.5503165664142955,20.005175784345425,21.717099540907284,1.711923756561859,3.6617329611633807,3.5985806295320515,-0.06315233163132916
2014-07-18,15.931376344205143,1,22.384886495912838,24.944666922599325,2.559780426686487,9.733155393578883,11.898232719087034,2.1650773255081504,18.880460224235136,17.742449207224837,-1.1380110170102995,21.05677259549219,15.655152988869375,-5.401619606622816,20.116112514866728,21.718520170717426,1.6024076558506977,3.4168708411450837,3.62923605673285,0.21236521558776644
2014-07-25,15.981076032982495,1,22.570415662652238,25.316402954486804,2.7459872918345667,9.904006836567149,11.768123242224235,1.8641164056570858,18.95478035344088,17.643103021382515,-1.3116773320583661,21.219530212399548,15.908170312346229,-5.3113599000533185,20.209389785126035,21.826748192056655,1.6173584069306202,3.028333347709122,3.4239084753985765,0.3955751276894546
2014-08-08,16.030770718047982,1,22.624241956304445,25.45073721320341,2.8264952568989656,9.887451424475316,12.379852826392494,2.492401401917178,18.789131678429882,17.275073354714635,-1.514058323715247,21.54089599010787,15.90600072918599,-5.63489526092188,20.201408163837968,21.67984129534176,1.4784331315037917,3.141495095132413,3.493118889449619,0.3516237943172058
2014-08-15,16.055056142573537,1,22.46036283144295,25.432097645663333,2.971734814220383,10.02419702267666,12.677816467997971,2.6536194453213113,18.82211640187883,16.95250230464447,-1.8696140972343613,21.29217532675858,15.960585764507755,-5.3315895622508265,20.002593177871333,21.39298394147552,1.390390763604188,3.7288920948128776,3.914350731152169,0.18545863633929116
2014-08-22,16.42740783810657,1,22.600413867890765,25.37763584039729,2.777221972506524,10.17062934726033,12.51307866171041,2.3424493144500786,19.95029393363869,18.310281047681087,-1.6400128859576029,21.117285963784127,15.956003209460661,-5.161282754323466,21.099759119710328,22.833885022630454,1.7341259029201268,3.6260647963551804,3.5735632467595195,-0.05250154959566089
2014-08-29,16.601787140130693,1,22.524044767461604,24.83669429167908,2.312649524217477,10.366621588205035,12.535155890854654,2.1685343026496184,19.921774412137793,17.96532693023333,-1.956447481904462,21.317949504976696,15.952001402610563,-5.365948102366133,21.921415634029046,24.738215032897045,2.8167993988679996,3.5589169339739897,3.5833292925094895,0.024412358535499834
2014-09-05,16.67434504607955,1,22.524776803968834,24.771308225326365,2.246531421357531,10.704529936307537,13.224617810772443,2.520087874464906,19.537613991957556,17.96970003018363,-1.5679139617739253,21.367054485312963,15.334667993702368,-6.032386491610595,22.23171697686911,25.15630765241157,2.9245906755424613,3.68037808206131,3.589468564080903,-0.09090951798040692
2014-09-12,16.653586333577127,1,22.045492738423974,24.411136656493895,2.365643918069921,10.517409854371792,13.25957348628937,2.7421636319175775,19.66145151250072,18.212446009999923,-1.4490055025007962,21.65512440375177,15.343771319274865,-6.311353084476906,22.423133389011326,25.074800631226637,2.6516672422153107,3.6189061034031766,3.6197898981780554,0.0008837947748787656
2014-09-19,16.72640917673032,1,21.95447992092268,24.457364032605298,2.5028841116826186,10.856594562753784,13.1304112956646,2.2738167329108165,19.79078596981705,18.370771270562855,-1.420014699254196,21.586328896504185,15.539274419721991,-6.047054476782193,22.48639829124039,25.271159854184248,2.7847615629438565,3.683867419143837,3.5894741876429066,-0.0943932315009306
2014-09-26,16.97136214480239,1,21.879507382279314,24.29159564746533,2.4120882651860143,10.868958185358778,13.55014862144867,2.681190436089892,20.339801114327557,19.058467022101468,-1.2813340922260892,22.127266392021127,15.646418509064418,-6.480847882956709,22.853661772234133,25.615596461095578,2.7619346888614444,3.758978022593439,3.6659466076388867,-0.09303141495455236
2014-10-03,16.377422152376052,1,21.71398038901424,23.502916954119243,1.7889365651050042,10.793013152576918,13.149987005297177,2.356973852720259,18.774692615210967,17.51707209961471,-1.2576205155962583,21.901492668003485,15.730953383872972,-6.170539284130513,22.08605908133093,25.03888500489394,2.9528259235630117,2.9952950081197685,3.324718466458279,0.3294234583385105
2014-10-10,16.52377553098088,1,21.591687681974065,23.74672955879123,2.1550418768171653,11.196110658406013,13.289153173477686,2.093042515071673,18.91991569218139,17.7672160012568,-1.1526996909245923,22.068813729939322,15.896440087929633,-6.172373642009688,22.0873090543911,25.129341316436523,3.0420322620454243,3.2788163689933896,3.313773047993436,0.03495667900004662
2014-10-17,16.53984896459168,1,21.748208916686096,23.73965689001217,1.9914479733260748,11.722738283487573,13.597746690627645,1.875008407140072,18.753708221349257,17.720038879103967,-1.0336693422452896,21.996242396677474,16.02596587401416,-5.970276522663312,21.824921458656107,24.760774477459705,2.9358530188035985,3.19327451069357,3.3949109763324117,0.20163646563884186
2014-10-24,16.568374184747917,1,21.59463624838223,23.858981859066276,2.264345610684046,11.718457815959155,13.152371219270478,1.4339134033113226,19.036046973361906,18.19038782540585,-0.8456591479560558,21.613410364811557,15.880531173372134,-5.732879191439423,22.18350618331823,25.239151357992668,3.0556451746744386,3.2641875226544244,3.0888216733801386,-0.17536584927428578
2014-10-31,16.56308806300836,1,20.844224694883536,23.196480840132935,2.352256145249399,11.307236860476593,12.974691973073348,1.6674551125967554,19.8579543948223,18.501980055919574,-1.3559743389027261,21.64816089693454,16.086705780696548,-5.561455116237994,22.505621806114448,25.478915115227196,2.973293309112748,3.2153297248187585,3.1397546130005907,-0.07557511181816778
2014-11-07,16.339370563193523,1,20.27486883700719,22.745482187585083,2.470613350577892,10.821109225694713,12.249341826217147,1.4282326005224348,19.725848206562105,18.416098570097233,-1.309749636464872,21.605945026216546,15.65369591477797,-5.952249111438576,22.41986947899794,25.829202760824245,3.4093332818263065,3.1885826046826367,3.1424021196594367,-0.046180485023199935
2014-11-14,16.337500390853112,1,19.853224498443822,22.19582711600995,2.342602617566129,10.720766450175688,12.201297413752272,1.4805309635765838,19.85810270752644,18.473258036148692,-1.3848446713777491,21.78806407758509,16.229817892168697,-5.558246185416394,22.37399586159958,25.75013505399133,3.376139192391747,3.430848749788055,3.1746668330477092,-0.2561819167403456
2014-11-21,16.31706421009522,1,19.595427106929804,22.07586000037614,2.480432893446334,11.123964214330869,12.142238687973745,1.018274473642876,19.813222241476964,18.36809860226569,-1.4451236392112747,21.76685346237923,16.21020979343531,-5.55664366894392,22.18570286760746,26.10907815121132,3.9233752836038605,3.4172153678470067,2.9969000253091593,-0.4203153425378474
2014-11-28,16.374346366936848,1,19.582149139596396,21.91169229876904,2.329543159172644,10.761672311433529,12.40778154099182,1.6461092295582915,20.641448082794753,19.061093018979236,-1.5803550638155173,21.860646600046067,16.014351526550627,-5.84629507349544,22.08621776682314,25.986554289208215,3.900336522385075,3.3139443009272043,2.864605527122137,-0.44933877380506715
2014-12-05,16.645819115195398,1,19.698221346699412,21.442857658971647,1.7446363122722346,10.259111278924351,12.55347733905721,2.294366060132859,21.393208595787797,20.418289909225606,-0.9749186865621908,21.8256716991053,15.694308758084276,-6.131362941021024,23.318647707308372,26.910262107496393,3.5916144001880212,3.3800540633471456,2.8557189183372884,-0.5243351450098572
2014-12-12,16.4012688707231,1,19.44024982832167,21.373095049927485,1.9328452216058167,11.12571542291866,11.382031955170007,0.256316532251347,21.01303736630541,19.974669027566776,-1.0383683387386355,20.860093422336277,15.190546461594366,-5.669546960741911,22.7197500694092,27.61206715000921,4.892317080600009,3.248767115047386,2.8752035800707603,-0.37356353497662553
2014-12-19,16.912918313569445,1,20.270435253844695,22.136209385334098,1.8657741314894025,11.40683046849017,12.000164331341963,0.593333862851793,20.932276790327606,19.338961139052103,-1.5933156512755033,21.256029721574265,16.1675668950802,-5.088462826494066,24.504124482129725,28.87626982476462,4.372145342634894,3.107813165050203,2.958338305843725,-0.14947485920647807
2014-12-26,16.863542224865377,1,20.849774589454796,22.63598870952788,1.7862141200730832,10.114265890503006,12.165720123951019,2.0514542334480126,21.033431013613978,19.56930682619101,-1.4641241874229678,21.7964943904541,16.239777420026726,-5.556716970427374,24.16655890232947,27.633994447417336,3.4674355450878664,3.2207285628369107,2.93646582207829,-0.2842627407586207
2015-01-02,16.67665602807009,1,20.507563852603937,22.135710573385182,1.6281467207812454,9.618278456845445,12.570096982493979,2.951818525648534,20.940715807814627,19.28491590828743,-1.6557998995271959,21.84747910530372,15.799277894846213,-6.048201210457506,24.07184739968106,27.309091835526544,3.237244435845483,3.0740515461717592,2.960842973881199,-0.11320857229056003
2015-01-09,16.594163669033957,1,20.299407596560698,21.744233707862122,1.444826111301424,9.422292216262235,12.343648135357782,2.9213559190955465,21.16494119641851,19.567314767021486,-1.5976264293970246,21.68838733905899,15.672653288156027,-6.015734050902964,24.027175179555556,27.281003959786503,3.253828780230947,2.9627784863477586,2.956128156019801,-0.006650330327957477
2015-01-16,16.185633330406457,1,19.84322112282247,21.407500404752085,1.5642792819296147,9.08054162383003,11.79495198841009,2.7144103645800612,20.43674048401749,19.01086714044108,-1.4258733435764128,21.143890998483897,15.184800935739105,-5.959090062744792,23.626591840316095,26.75218859969347,3.1255967593773732,2.9828139129687656,2.9634909134029357,-0.019322999565829946
2015-01-23,16.35869805984794,1,19.85083588514948,21.62111637187273,1.7702804867232516,9.163260972940122,12.346641582256822,3.1833806093167,20.19386707278285,18.669087786930987,-1.5247792858518636,21.963354109034256,15.7764414366209,-6.1869126724133565,23.725419615788354,26.678723660671096,2.953304044882742,3.255450703392569,3.060177520735081,-0.1952731826574876
2015-01-30,16.305842938083185,1,19.884475221288895,21.521211977272912,1.6367367559840176,9.060087772695113,12.060746441619727,3.000658668924615,20.18003180240865,18.80997320535353,-1.3700585970551202,21.312748098258595,15.616599151630524,-5.696148946628071,23.72674970782613,26.64370854122282,2.9169588333966914,3.670965026021719,3.1828183113996005,-0.48814671462211834
2015-02-06,16.16683270053194,1,19.647317882996163,21.33934469872706,1.6920268157308982,9.100048990679326,11.911982732260583,2.8119337415812566,19.711314250497892,18.463768998155032,-1.24754525234286,21.232718858372607,15.387927549360938,-5.8447913090116685,23.659451223436363,26.640636795224708,2.9811855717883446,3.6501449972092956,3.2573354294633674,-0.39280956774592823
2015-02-13,16.35543493057284,1,19.680545898202283,20.952989813292803,1.2724439150905198,9.450461840478525,12.748820485529734,3.2983586450512092,19.71028913154879,18.630729660767955,-1.0795594707808363,21.398973035261406,15.941849615269206,-5.4571234199922,23.87276366819175,26.869198627794063,2.996434959602311,4.019576009754289,2.9890213807833277,-1.030554628970961
2015-02-27,16.482303109224322,1,19.709229392537253,21.143988317602833,1.4347589250655801,9.361788249757154,12.565254810338743,3.203466560581589,20.064098866437504,18.75600808707452,-1.3080907793629848,21.442283874760264,16.00212700533352,-5.440156869426744,24.38485795870878,27.43577033026935,3.050912371560571,3.9315603131449848,2.9906701047269735,-0.9408902084180113
2015-03-06,16.2745523162404,1,19.256012274550685,20.5935621848228,1.3375499102721164,9.192976222196165,12.389948514913456,3.196972292717291,20.220653412553972,18.991656438769255,-1.2289969737847173,20.80725070156788,15.147889972249786,-5.659360729318095,24.064926098381846,27.33875161650336,3.2738255181215123,4.105495188191853,3.1855051701837453,-0.9199900180081073
2015-03-13,15.879090488340523,1,19.03153164265335,19.963110782205632,0.9315791395522837,8.690937678553908,11.938527023879814,3.247589345325906,19.405382018535235,18.469349246104457,-0.936032772430778,20.681862682658817,14.902443006603718,-5.779419676055099,23.824242119311776,26.976683488999385,3.152441369687608,3.6405867883300544,3.0244293822501334,-0.6161574060799211
2015-03-20,15.90252779021972,1,19.160616935540617,19.988905709002083,0.8282887734614661,8.701435493234285,11.818077999771319,3.1166425065370333,19.33095901365735,18.759481242480604,-0.5714777711767454,20.50386909725492,14.83146720303732,-5.6724018942176,23.831490606205364,27.073133894761796,3.241643288556432,3.886795595425781,2.9441006922652235,-0.9426949031605574
2015-03-27,15.845825968809656,1,19.12432367949677,20.111867823347865,0.9875441438510961,8.41695711004995,11.565542699681075,3.148585589631125,19.30502791645145,18.911562023551824,-0.3934658928996271,20.5752800020623,15.09270684817028,-5.4825731538920195,23.771324135151417,27.24085852820923,3.4695343930578133,3.882042969646051,2.1524178898976487,-1.729625079748402
2015-04-03,15.945395782724448,1,19.463558544907713,20.17551467265166,0.7119561277439459,8.429708455640565,11.450504699399133,3.020796243758568,19.405202790986323,18.870067850823332,-0.5351349401629903,20.666137277161127,15.162502191616284,-5.503635085544843,23.897640310376985,27.46444720053762,3.5668068901606347,3.810127317273981,2.549338081318652,-1.260789235955329
2015-04-10,15.846653228177287,1,19.56835010012678,20.814683834343143,1.246333734216364,8.334142525920683,11.408440282738908,3.0742977568182255,18.997696790576143,18.364869021174357,-0.6328277694017856,20.727438361514672,14.812448121852881,-5.91499023966179,23.650376195483787,26.947821627563314,3.2974454320795274,3.801915395441654,2.7316564813910986,-1.0702589140505552
2015-04-17,15.659886232076,1,19.573206367711663,20.906699309014684,1.333492941303021,8.005161320302093,10.723966871238972,2.718805550936878,18.927293455529963,18.417781992905475,-0.5095114626244879,20.376151638587885,14.345765705764933,-6.030385932822952,23.48582916488924,26.815775718545552,3.3299465536563133,3.5916754454351576,2.7493277949863995,-0.8423476504487581
2015-04-24,15.820167236807771,1,20.005556226338598,21.349591865858343,1.3440356395197455,7.345365383330815,11.280243453239208,3.934878069908393,19.048639388349045,18.069997742439952,-0.978641645909093,21.936917363272556,14.795804563598082,-7.141112799674474,23.13437037068107,26.59787890557469,3.46350853489362,3.450154688874548,2.827486890136356,-0.6226677987381919
2015-05-01,15.723134176977844,1,20.430653458082844,21.591717518539014,1.1610640604561695,7.6169019213458995,11.796437583421294,4.179535662075395,18.184703577968534,17.645455182598084,-0.5392483953704499,22.155214017203846,13.870268982840813,-8.284945034363034,22.80834651446294,26.61924643890538,3.810899924442438,3.142985572802999,2.815679355562523,-0.32730621724047637
2015-05-08,15.195902674550618,1,19.920738823936787,20.726779712302516,0.8060408883657288,7.244436838117622,12.233288682319142,4.98885184420152,17.004689948135407,16.447515907646462,-0.5571740404889454,22.226427581098136,13.90933872922848,-8.317088851869656,22.000292033654674,25.046791446259448,3.046499412604774,2.778830822361087,2.811701569547651,0.03287074718656413
2015-05-15,15.096500539918388,1,19.60260992485405,20.49507181017519,0.8924618853211399,7.298274915102269,12.430050543893302,5.131775628791033,16.78049794815057,16.725678535258197,-0.05481941289237113,21.923057264004015,13.724047790587946,-8.19900947341607,21.558558084348974,24.327449490710592,2.768891406361618,3.416005103050452,2.87670506888513,-0.539300034165322
2015-05-22,15.510775835141658,1,20.145191805606387,20.823197436086133,0.6780056304797455,7.0778141838606246,12.857184216703857,5.779370032843232,17.062362814037414,16.839369234542602,-0.2229935794948119,22.509729947237574,13.943186977327898,-8.566542969909676,22.898827514867094,25.708836156383455,2.8100086415163616,3.3707287452408536,2.8928809898059455,-0.4778477554349081
2015-05-29,15.545861662607008,1,20.109493138278793,20.147317114053692,0.0378239757748986,7.132754899474122,13.325566115170844,6.192811215696722,16.89167237835315,16.68921951333499,-0.2024528650181594,22.680276300664318,13.791448047520802,-8.888828253143515,22.965614092188986,26.464954777377216,3.49934068518823,3.4953591666826753,2.856664408184457,-0.6386947584982181
2015-06-05,15.477564002734184,1,20.158745768693592,20.1501579694188,-0.008587799274792474,7.486503981946484,13.769508600522826,6.283004618576342,16.721632584488944,16.549705851357203,-0.17192673313174112,22.49905999586848,13.442700391536846,-9.056359604331632,22.433053908888994,26.019853109319428,3.586799200430434,3.56638777651861,2.9334580942499997,-0.6329296822686103
2015-06-12,15.350992893547504,1,19.564159855840245,19.45419269260931,-0.1099671632309338,7.238552459502998,13.841095659057373,6.6025431995543755,17.04604297624232,16.896728426224428,-0.14931455001789118,22.418306173858667,13.299586057529211,-9.118720116329456,22.19518507874541,25.571809841618887,3.376624762873476,3.643710817095382,3.04254468424584,-0.6011661328495421
2015-06-19,15.408381027560539,1,19.67224519347296,19.81644581553475,0.1442006220617884,7.294812665536227,14.036576781446044,6.741764115909817,17.038664291918067,16.90634415857359,-0.13232013334447856,22.42331669446905,13.28884637423377,-9.13447032023528,22.223914520219324,25.36936040760081,3.1454458873814843,3.7973327997476076,3.0327126279742913,-0.7646201717733163
2015-06-26,15.451805825492338,1,19.524586465773368,19.72085453602945,0.19626807025608173,7.328620526762435,14.015311775896265,6.68669124913383,17.28132316867375,17.272989885843018,-0.008333282830733424,22.506164404441435,13.262056909137243,-9.244107495304192,22.1451318622334,25.263081662797504,3.117949800564105,3.925008525069643,3.1765401832505518,-0.7484683418190912
2015-07-03,15.46631754639178,1,19.396429967058467,19.708228661812385,0.31179869475391797,7.316156080372224,14.03949425837088,6.723338177998656,17.555280087889813,17.26496778482273,-0.29031230306708267,22.350259273556773,13.240034677736006,-9.110224595820767,22.26872692018769,25.454628323796882,3.1859014036091935,3.9110529492857182,3.090551571811787,-0.8205013774739314
2015-07-10,14.973880200421469,1,18.81534575175236,19.250180067809822,0.4348343160574615,7.279856045652878,13.73400792231648,6.454151876663602,17.116729729939365,17.007884036214065,-0.10884569372529995,21.557248782186576,12.51040845020762,-9.046840331978956,21.138956135065328,24.09567811992983,2.956721984864501,3.9351447579323064,3.2451226060510123,-0.6900221518812941
2015-07-17,14.759893152389713,1,19.028379296946966,19.350708746420707,0.32232944947374165,7.120347652272656,13.80896068919148,6.688613036918824,16.389875330228406,16.552929176611485,0.16305384638307885,21.06766829680177,11.871099676215849,-9.196568620585921,20.65959763626283,23.822330250524885,3.1627326142620547,4.293490701825647,3.153330375373855,-1.1401603264517917
2015-07-24,15.026098034224992,1,19.153697967889272,19.9462839043117,0.7925859364224266,7.41372862298347,13.571899893306934,6.158171270323464,17.01326979791199,16.726340564417654,-0.28692923349433386,21.75238427017841,12.991984695552802,-8.760399574625609,20.610057895527945,23.74734828822656,3.137290392698617,4.213449650858863,3.172730859534326,-1.0407187913245366
2015-07-31,14.75883696246065,1,18.961860063306005,19.588014474017854,0.6261544107118482,6.293259872182247,13.165938201849727,6.87267832966748,17.098133515638423,16.937126190084044,-0.16100732555437958,21.217185313051203,12.486220085675669,-8.730965227375535,20.56098772635002,23.408778247714636,2.8477905213646153,4.421595284236005,2.9669445754219907,-1.4546507088140146
2015-08-07,14.714673524090088,1,18.976571471265828,19.385518078762416,0.4089466074965884,5.567977563746922,13.497314322456063,7.929336758709141,17.232476335038896,17.188029366666072,-0.04444696837282436,21.303861248829364,12.029470057987183,-9.27439119084218,20.608424214507224,23.35443765500476,2.746013440497535,4.598730311152295,2.8332716636640214,-1.7654586474882734
2015-08-14,14.699937361311436,1,18.951149353017456,18.848632910334686,-0.10251644268277005,5.182869550302428,13.59761393275528,8.414744382452852,17.56163194465846,17.831301212188052,0.2696692675295935,21.491715126398233,12.28734567740267,-9.204369448995564,20.480549335524728,22.779107262852065,2.2985579273273373,4.531708857967317,2.855623172335882,-1.6760856856314348
2015-08-21,14.144454116826624,1,18.359294816556982,17.87987229976484,-0.4794225167921411,4.552428239214208,13.245574355050309,8.6931461158361,16.600614349434352,16.929182500306865,0.32856815087251334,21.365419167068794,12.07430761920763,-9.291111547861163,19.805817481367413,21.64570308023258,1.8398855988651661,4.183150647318001,3.092084846397512,-1.0910658009204894
2015-08-28,13.907968770771966,1,17.93197633100607,17.67381169844893,-0.25816463255713984,4.439725005200103,12.797047972163938,8.357322966963835,16.059573126735643,16.51076788449157,0.4511947577559283,20.998338449211673,12.002186990149326,-8.996151459062347,19.192381913638073,21.15235697428409,1.9599750606460162,4.825817798840234,3.3116411050939405,-1.5141766937462933
2015-09-04,13.879250876986582,1,17.914830281441965,18.164378967418244,0.24954868597627922,4.24677376220653,12.677133323772168,8.430359561565638,16.181269739432167,16.159400746952286,-0.021868992479880944,21.14253144846758,11.910402598625026,-9.232128849842553,18.980513918862513,21.121929708371326,2.1414157895088124,4.809586111508736,3.242259916780469,-1.5673261947282668
2015-09-11,13.335243888908678,1,17.296441934633364,16.656899616974556,-0.6395423176588082,3.6620147247483317,12.766973144870562,9.10495842012223,15.528120405533528,15.675482601627564,0.14736219609403634,20.53577545028864,11.131287654470356,-9.404487795818284,18.27056810050938,20.468133068105942,2.1975649675965627,4.718542717738828,3.3126872474030478,-1.40585547033578
2015-09-18,13.747167924811835,1,17.457713603081856,17.00189853515886,-0.4558150679229982,3.5253092063269946,13.157904247159692,9.632595040832697,16.62253614007858,16.342528538968764,-0.2800076011098156,20.435154667354624,11.240697207243485,-9.194457460111138,18.73900474545441,21.181582294866544,2.4425775494121353,5.703289186574551,3.558396725473685,-2.1448924611008664
2015-09-25,13.021847462704573,1,16.670062968433726,16.34858868749896,-0.3214742809347655,3.25812181041519,13.034906635070698,9.776784824655508,15.39361819866194,15.781747707779715,0.3881295091177748,19.44676068322225,10.098654011279038,-9.348106671943214,17.733829852966295,19.717731111322863,1.9839012583565676,5.6286912625280365,3.149456623276194,-2.4792346392518425
2015-10-02,13.169310734497827,1,16.496157416683857,16.399070770718154,-0.09708664596570316,3.307300608875096,13.487997247759608,10.180696638884513,15.273757896017656,15.951035569495303,0.6772776734776471,19.6578968347726,10.158241174105697,-9.499655660666903,17.750224941792226,19.808415371101972,2.0581904293097466,6.530526708845528,3.211104273806214,-3.3194224350393142
2015-10-09,14.162980581348167,1,17.888065955192687,17.814097528198573,-0.07396842699411366,3.8503538105397723,14.32794498639663,10.477591175856858,16.789591113903995,17.080228949733055,0.29063783582905955,21.04797775673653,11.559136791510937,-9.488840965225592,18.798093410897465,20.88511202920624,2.0870186183087753,6.6038014408185575,3.3113632030435554,-3.292438237775002
2015-10-16,14.237847174612419,1,17.88417575163494,17.625243934271865,-0.25893181736307724,3.860159156918428,14.202066900961768,10.34190774404334,17.11275599973024,17.01695739632315,-0.0957986034070899,21.389994347461766,12.039929367077718,-9.350064980384047,18.95323781956627,21.108822766786417,2.1555849472201487,6.226759972362871,3.4340626822535967,-2.792697290109274
2015-10-23,13.629178924682472,1,17.007744366902728,16.97092170316303,-0.03682266373969867,3.7976974119513045,14.07550285670034,10.277805444749035,16.387210291421866,16.559172334696612,0.17196204327474618,21.214213179945006,11.783632236404557,-9.430580943540448,17.14901616655682,18.957708374635402,1.8086922080785826,6.219192131317115,3.42813604249487,-2.791056088822245
2015-10-30,13.53477081299809,1,16.751583846068883,16.932746224430545,0.1811623783616625,3.4849263107867046,13.695413013018225,10.21048670223152,16.79563374800449,17.243848097477965,0.44821434947347427,20.907777193942223,11.648724983370556,-9.259052210571667,17.035407482499906,18.271944810295764,1.2365373277958582,6.2332962966863334,3.415947749395471,-2.8173485472908624
2015-11-06,13.603562289073897,1,17.01898452547779,16.427671819987793,-0.5913127054899974,3.541853527315581,13.740102154261876,10.198248626946295,17.109302966623645,17.19153075808589,0.08222779146224468,20.571865531364722,12.565513270834899,-8.006352260529823,16.74902906223977,18.319392302370943,1.5703632401311722,6.630338121421872,3.3771634289019232,-3.2531746925199485
2015-11-13,13.691642135090477,1,16.99974782852945,16.663520555343993,-0.3362272731854574,3.8032391869094084,13.769869396636196,9.966630209726787,17.09335221693999,16.905778282959403,-0.18757393398058753,20.871146580676125,13.389925982214365,-7.481220598461761,16.829632839446433,18.017072305222513,1.1874394657760803,6.55273415804146,3.403686288166355,-3.1490478698751048
2015-11-20,13.697053820110588,1,16.951008593624636,16.78872717131668,-0.16228142230795584,4.208675571380411,13.686979244339241,9.47830367295883,17.113856267270307,16.93460328448255,-0.1792529827877587,20.703612894104168,13.29480863126804,-7.408804262836128,16.823917243331792,18.03291138119279,1.2089941378609979,6.381252350952209,3.444293208064181,-2.9369591428880284
2015-11-27,13.630957863920552,1,16.813828191945376,16.451413233785857,-0.3624149581595191,4.114379218244977,13.826890452283976,9.712511234038999,17.039782461212013,17.011147069603922,-0.028635391608091254,20.599041368387503,13.138382545784566,-7.460658822602937,16.57253512926181,17.755869591629235,1.1833344623674265,6.646180814471634,3.6020442904357566,-3.0441365240358778
2015-12-04,13.395208331001504,1,16.816841623479746,16.377504611538896,-0.4393370119408502,4.1710361452669105,13.766349766415715,9.595313621148804,16.374809462690493,16.699349093731286,0.32453963104079264,19.35504716606323,12.58382607524753,-6.7712210908157004,16.362446017641872,17.472935595053656,1.1104895774117836,7.291069570866767,3.4712848440219517,-3.8197847268448157
2015-12-11,13.692152199868167,1,17.167207765262788,16.632464498877823,-0.5347432663849645,4.277084149422862,13.789785106650555,9.512700957227693,16.72225032977117,17.044701478982986,0.3224511492118154,19.359992412670778,12.94366114803961,-6.416331264631168,17.108061535279646,18.474275713407962,1.3662141781283168,7.518317006801752,3.268025253250073,-4.250291753551679
2015-12-18,13.634076521146758,1,17.171059106569658,17.34812100841623,0.1770619018465709,4.2739271042964475,12.799083961733189,8.525156857436741,16.215677074252852,16.479288729798952,0.2636116555461001,19.25848420377568,13.20155178992006,-6.05693241385562,17.431780163777702,18.786239820112,1.3544596563342992,7.453531474208205,3.190173816900085,-4.26335765730812
2015-12-25,13.799529560521293,1,17.364287525864327,16.91033865775455,-0.4539488681097765,4.351269648753046,13.206279577026322,8.855009928273276,16.725307375029146,17.706394437640597,0.9810870626114507,19.686512077383,12.9305336270738,-6.7559784503092,17.73351717565565,18.650376358873814,0.9168591832181647,6.93628356044259,3.3932547047586894,-3.5430288556839002
2016-01-01,13.659347903551476,1,16.961407862409487,16.741317223711448,-0.22009063869803924,4.422594245018004,12.747379880905015,8.324785635887011,17.05483124756921,18.01637882709069,0.9615475795214792,19.114173351621474,12.763209901700051,-6.350963449921423,17.727071265431434,18.695981831162896,0.9689105657314627,6.67600944925924,2.991819756738721,-3.684189692520519
2016-01-08,13.871793760304726,1,16.817988058950675,16.655707155006226,-0.16228090394444905,4.7877877364785775,12.84880482510951,8.061017088630933,17.541349057296912,18.72307470592409,1.1817256486271788,19.426000224172896,12.987455975735003,-6.438544248437893,17.966154991604725,19.08664602516582,1.1204910335610947,6.691482493324571,2.9290738748877345,-3.7624086184368366
2016-01-15,13.71760944896792,1,16.77998985450641,17.0998554565232,0.31986560201679026,4.385112767149295,11.90469202206772,7.519579254918426,18.705177105748263,18.690594197250846,-0.014582908497416724,18.6834453261218,12.604698685652252,-6.0787466404695465,18.13249133284549,19.200739207211598,1.068247874366108,5.619440307436264,2.8050771251018887,-2.8143631823343753
2016-01-22,13.754063026811485,1,16.952180564387902,16.60639398882354,-0.345786575564361,4.136387968404151,12.159235296560695,8.022847328156544,18.801800012451537,19.1033405322695,0.30154051981796215,18.996660251983187,12.982662067051407,-6.013998184931779,18.211196884589896,18.892656056840906,0.6814591722510102,5.426152479052234,2.7800902193228154,-2.646062259729419
2016-01-29,13.068970131567829,1,17.12104654709782,16.953857302340523,-0.1671892447572958,4.2714858097346,13.34979988332384,9.07831407358924,17.290937329932746,15.773321477135596,-1.5176158527971495,19.070306662049575,13.751288867314926,-5.319017794734648,15.409788133570643,15.518805130643926,0.10901699707328305,5.250256307021587,3.0667481286481575,-2.1835081783734296
2016-02-05,13.331265791465063,1,17.457889760185736,16.936297599444302,-0.5215921607414344,4.494024776946091,13.890405101531513,9.396380324585422,17.868012278216696,15.973039024979897,-1.8949732532367989,19.023060526574923,13.733549797058913,-5.28951072951601,14.908475576729202,16.29295507314103,1.3844794964118279,6.236131830137722,3.161348152634673,-3.0747836775030493
2016-02-19,13.379564322529179,1,17.510957062487705,16.36645888609425,-1.144498176393455,4.160108976730015,14.188825585952287,10.028716609222272,17.922727586134684,16.274275135846068,-1.648452450288616,19.230608308968684,13.628364639256503,-5.6022436697121805,15.044031946189193,16.5585962506467,1.5145643044575081,6.408952054664795,3.2608654373792945,-3.1480866172855
2016-02-26,13.603414179070304,1,17.745202240233127,16.46086884394653,-1.2843333962865984,4.174500504205412,15.659372555253896,11.484872051048484,18.30349921511356,16.457995502504588,-1.8455037126089735,20.327172327560362,13.860163139611203,-6.467009187949159,14.658184924159968,15.993491257728195,1.3353063335682265,6.411925863149392,3.1885937753774414,-3.2233320877719507
2016-03-04,13.812984604609007,1,18.102386081807254,16.76233244611977,-1.3400536356874824,4.541748034693711,15.571072267623649,11.029324232929937,18.57244495924762,16.716505220847054,-1.855939738400565,20.571879407369295,14.274829664936277,-6.297049742433018,14.9950638471488,16.522917766729023,1.5278539195802239,6.094385297387362,3.0302502613982796,-3.064135035989082
2016-03-11,13.747243411671171,1,18.117827174886116,16.744275585821285,-1.3735515890648315,4.574674975556448,15.114580546328298,10.53990557077185,18.663714305157328,16.777333172484717,-1.8863811326726108,20.10875122729753,14.213922492896941,-5.8948287344005905,14.90930616237722,16.593303095761414,1.6839969333841935,6.1091866247523825,3.0400455767344,-3.0691410480179826
2016-03-18,13.432722575903119,1,17.934086044951755,16.90737264316246,-1.0267134017892943,4.554370735856168,15.295297992323214,10.740927256467046,17.81481470168268,15.628373686355033,-2.1864410153276452,19.461369943604325,13.18848441497687,-6.272885528627455,14.372333852975544,16.412308021351535,2.0399741683759913,6.459360176348241,3.1644986972495985,-3.2948614790986426
2016-03-25,13.4392721065457,1,17.988825644727584,17.10352519380578,-0.8853004509218039,4.807045096942346,15.381278408570651,10.574233311628305,17.795803705640807,15.556158479216748,-2.2396452264240594,19.369616946948994,13.089622011662328,-6.279994935286666,14.150006334464734,16.501071934541898,2.3510656000771633,6.524334910549726,3.003976611476773,-3.520358299072953
2016-04-01,13.61821721329028,1,17.985622517280603,17.087750484082306,-0.897872033198297,4.797579104153542,15.824138741976796,11.026559637823254,18.07366733199565,15.995336688777371,-2.0783306432182798,20.215008894283116,13.458659296043493,-6.756349598239623,14.181498813246904,16.267406194058935,2.0859073808120314,6.455926618781859,3.076011874802788,-3.3799147439790715
2016-04-08,13.144202977088186,1,17.539257941136057,16.462563610254264,-1.076694330881793,4.557972848924649,15.915788130435445,11.357815281510796,17.820306849034523,15.348310026299146,-2.4719968227353775,19.140240202371388,12.810431330894474,-6.329808871476914,13.267084058530187,15.427642435173595,2.160558376643408,6.540355962532317,2.900482329472169,-3.639873633060148
2016-04-15,12.573859667002276,1,16.995411228071063,16.015875198486512,-0.9795360295845512,4.405107364862289,16.07150562879228,11.666398263929992,16.283775517224456,14.824407724396039,-1.4593677928284166,18.290114586660778,11.252887118248736,-7.037227468412041,12.739388628134193,14.60147166521756,1.8620830370833659,6.729360677060882,2.6770106668725333,-4.0523500101883485
2016-04-22,12.688649151800249,1,16.76356540384873,16.145424057329564,-0.6181413465191667,4.417075755942619,16.966553912823258,12.549478156880639,17.112931780277563,14.181869492454794,-2.931062287822769,18.400053566906237,10.919206882100795,-7.480846684805442,13.114089016041106,15.043664181507111,1.9295751654660052,6.324179387785236,2.875176384585984,-3.449003003199252
2016-04-29,12.413769670563006,1,16.338219610822378,15.738549366450002,-0.5996702443723763,4.342895654334839,16.68726037129663,12.344364716961792,16.919567002462173,14.03052652211612,-2.889040480346054,18.217829613031014,10.854190527045958,-7.3636390859850565,12.465584307241258,14.004095427395526,1.5385111201542685,6.198521835486375,3.167995809073801,-3.0305260264125735
2016-05-06,12.083579261198189,1,16.187467928462837,14.871797171997414,-1.3156707564654226,4.334881607352457,17.103891176952942,12.769009569600485,16.546999712581282,13.918514851255722,-2.6284848613255605,18.704539545556614,10.728230306909765,-7.976309238646849,11.816801838010335,13.302819693197904,1.4860178551875691,4.910784935225607,2.5762223668753705,-2.3345625683502362
2016-05-13,11.907537958723218,1,16.24062273894306,14.985457390347165,-1.2551653485958951,4.623611441888386,17.422356447312538,12.798745005424152,16.415365384340177,13.352850312379474,-3.0625150719607035,18.520739427823642,10.680380197675845,-7.840359230147797,10.595699004745128,12.375195609511195,1.7794966047660665,5.049189754598913,2.6289877951130904,-2.420201959485823
2016-05-20,11.916760241563109,1,16.133393328881112,14.921176444991389,-1.2122168838897238,4.498576015894898,17.67639550990056,13.17781949400566,16.213976086211233,13.468416792510752,-2.745559293700481,19.033899507253665,10.97963426888866,-8.054265238365005,10.474082819552606,11.888761131363722,1.414678311811116,5.146633691585137,2.5661773017235703,-2.580456389861567
2016-05-27,11.950497844504381,1,16.212718194774368,15.066851448362144,-1.1458667464122243,4.433008028126778,17.12817611865495,12.69516809052817,16.287812940015257,13.575208418946517,-2.712604521068741,19.022081499845896,11.362121780603744,-7.659959719242153,10.66529804132928,12.043096103897938,1.377798062568658,5.082068362934706,2.527533196560995,-2.554535166373711
2016-06-03,11.848389553883761,1,16.08244448063931,14.807592081720898,-1.2748523989184122,4.37493895058293,17.38813793077169,13.013198980188761,16.09610952302762,13.442191084094532,-2.65391843893309,19.063395891133894,11.013610065777854,-8.04978582535604,10.458461707824654,11.886349949092065,1.4278882412674108,5.014986770094154,2.552456211845495,-2.462530558248659
2016-06-10,12.089957567474743,1,16.25781833255273,15.32798113842108,-0.9298371941316503,4.450374311514082,16.75962296735314,12.309248655839056,16.617462452985492,14.379086390461524,-2.238376062523969,19.55872004413544,11.82993734975436,-7.728782694381081,10.606300666526138,11.836961357782272,1.2306606912561335,5.049069597134576,2.406156201076101,-2.642913396058475
2016-06-17,11.86325300019446,1,16.325648291781363,15.61480679122397,-0.7108415005573931,4.452711189104576,16.687826008536305,12.235114819431729,15.727043106283134,13.739576524861988,-1.9874665814211454,19.80508173713642,11.728926583531589,-8.07615515360483,9.93740286506501,10.909894218963146,0.9724913538981355,4.9316308117962535,2.4984878740497862,-2.4331429377464673
2016-06-24,11.860665013542226,1,15.817891910549193,15.535015033964484,-0.2828768765847087,4.505733177755388,17.06863441537594,12.56290123762055,14.959129824135033,13.144117326099334,-1.8150124980356992,19.95245052440552,10.448627442313082,-9.503823082092438,11.21357366935844,12.227179148275894,1.0136054789174551,4.715210975049786,2.740416715224626,-1.9747942598251598
2016-07-01,12.103490816231961,1,16.12903894529677,15.969103699374202,-0.15993524592256847,4.49029040586143,17.531784683004716,13.041494277143286,15.261660702960896,12.977803456889816,-2.2838572460710793,20.445464123167014,10.83696225000547,-9.608501873161543,11.515589294509525,12.579378714370279,1.063789419860754,4.778901425596132,2.725912093747283,-2.052989331848849
2016-07-15,12.252041563775549,1,16.499198946759705,15.875842685684162,-0.6233562610755428,4.385465682112525,17.41809723163493,13.032631549522407,15.761506193723108,13.04961946597021,-2.7118867277528977,20.426387994469962,11.269874359076198,-9.156513635393765,11.891311958389906,13.027260825455045,1.1359488670651388,4.548378607198089,2.87155481483272,-1.6768237923653686
2016-07-22,11.686599698287338,1,16.199603526051973,15.336444021185272,-0.8631595048667009,4.339863842502908,16.950794861758325,12.610931019255418,13.462754254172026,12.443138531185795,-1.0196157229862308,19.98931459960292,10.365797707521267,-9.623516892081653,11.483987317741338,12.475665987868865,0.9916786701275271,4.644074649652865,2.5477570802045335,-2.096317569448331
2016-07-29,11.603862320186598,1,16.252978717079657,15.047630879578804,-1.2053478375008524,4.446188480593904,16.750703189251155,12.304514708657251,13.359348950306696,12.968291538132476,-0.3910574121742201,20.103499599276617,10.185742663490743,-9.917756935785874,11.489000624313292,12.325912643833249,0.8369120195199571,3.972157549549422,2.3448930068332032,-1.627264542716219
2016-08-05,11.06045258379874,1,14.507199700704874,13.514737798264079,-0.9924619024407946,4.569174351344074,16.711243582691395,12.142069231347321,13.41031785409696,13.380077459284166,-0.03024039481279317,18.878053696753554,9.138462306272658,-9.739591390480896,10.34397341182995,11.26552193661837,0.9215485247884203,4.653996488063029,2.352672419661758,-2.3013240684012715
2016-08-12,10.948645591554325,1,14.624675014656475,13.359496654108455,-1.2651783605480205,4.562358866966733,16.516026708128734,11.953667841162002,12.913874504345998,13.093398944478167,0.17952444013216962,18.62692026660507,9.241254247340876,-9.385666019264193,9.930444195867878,11.295848207017144,1.3654040111492662,5.033600700883795,2.185848788252599,-2.847751912631196
2016-08-19,10.785823283480596,1,14.578320927303324,13.096397514102762,-1.4819234132005619,4.411779235604172,16.161488417966623,11.749709182362452,12.36372474271812,13.157560002544031,0.7938352598259115,18.493958730962163,9.078344822419893,-9.41561390854227,10.032413465662358,11.255735844996494,1.2233223793341352,4.83474259863344,1.9654130988537872,-2.869329499779653
2016-08-26,10.495132867606843,1,14.442141887101215,12.724390477274852,-1.7177514098263629,4.293834585316773,16.680352952769283,12.38651836745251,12.331982437992039,11.72871781268664,-0.6032646253053997,18.53727767530141,8.803260079768592,-9.73401759553282,9.928470219990913,11.002688259332743,1.0742180393418295,3.437090399938711,2.0313876238089534,-1.4057027761297576
2016-09-02,10.59332304266294,1,14.399554542643727,12.792786661722062,-1.606767880921666,4.43189330184336,16.70660279482722,12.27470949298386,12.587970136663358,11.775863880320514,-0.8121062563428438,18.740596164348275,8.994744028404284,-9.745852135943991,10.01876120097775,11.141804133659306,1.1230429326815567,3.381162909501171,2.1481367570442416,-1.2330261524569295
2016-09-09,10.72788498656176,1,14.476659390030022,12.910231039403982,-1.5664283506260404,4.31899456333295,16.45911047521433,12.14011591188138,12.823830933648097,12.184491115796675,-0.6393398178514218,19.096343320813432,9.290213052983347,-9.806130267830085,10.400943530886096,11.525036757426335,1.1240932265402392,3.2505381806599587,1.9982274785458856,-1.2523107021140731
2016-09-16,10.441500734456262,1,14.160187536436766,11.941024909318699,-2.2191626271180667,4.0124973848229075,15.849708766946208,11.8372113821233,12.759139784173286,12.112382303154178,-0.6467574810191081,18.28306376572202,9.274487284682749,-9.00857648103927,10.238147588263814,11.07471111409275,0.8365635258289359,3.1959683473187823,2.3966900285430484,-0.799278318775734
2016-09-23,10.282549772250697,1,14.00479241686105,11.670460157447977,-2.334332259413074,3.9105912265404754,15.455976845619972,11.545385619079497,12.729404941529978,12.183749646791341,-0.545655294738637,17.53090311336409,8.98038769714276,-8.55051541622133,10.08147817432507,11.00463805910347,0.9231598847783999,3.438128760883515,2.400086227398617,-1.038042533484898
2016-09-30,10.044238680791475,1,13.894721377837797,11.214526585230857,-2.6801947926069403,3.666692732618685,14.673345643539847,11.006652910921161,11.786953421314308,12.016876228453768,0.22992280713945945,16.984569743516673,8.651318605873755,-8.333251137642918,10.470119727916952,11.437438295627118,0.9673185677101657,3.4623750815444367,2.2719267260234943,-1.1904483555209424
2016-10-07,9.994906672225431,1,13.59871494491675,11.366759214741919,-2.231955730174832,3.9665215752480947,14.295725920938494,10.3292043456904,11.745813827668812,11.887813319333361,0.14199949166454928,17.0801926050748,8.73966854031066,-8.34052406476414,10.460458083566309,11.49062310222918,1.0301650186628706,3.1177389968778186,2.18884993579897,-0.9288890610788485
2016-10-14,9.881036253170931,1,13.341483630425543,10.87720075006689,-2.4642828803586525,4.030537875808747,14.364061476338236,10.333523600529489,11.550270473421861,11.641629663113562,0.0913591896917012,17.031461641911918,8.491222740869006,-8.540238901042912,10.457951965402984,11.528834050265857,1.0708820848628733,2.8745119320545314,2.3832688383720466,-0.49124309368248475
2016-10-21,10.006107218485022,1,13.80021641823032,11.046892675811605,-2.753323742418715,4.078607100388908,14.131674760976722,10.053067660587814,11.277581284827932,11.397352324990905,0.11977104016297346,17.212012000788192,8.997964157520599,-8.214047843267593,10.455597768894151,11.425203148617669,0.969605379723518,3.2126287377806335,3.037556242992679,-0.17507249478795472
2016-10-28,9.93513145639332,1,13.816457832896845,10.918274362844315,-2.8981834700525297,4.6882733297539545,14.73586882243876,10.047595492684806,10.5933032177618,11.044938202164474,0.45163498440267347,17.831893879214306,9.24333105333396,-8.588562825880345,9.66720354317161,10.481073721510967,0.8138701783393572,3.0136569355614,3.1873025760674523,0.17364564050605225
2016-11-04,9.737069786447902,1,13.950700028808114,10.640163624271722,-3.3105364045363928,4.866019506051373,14.266619830881496,9.400600324830123,10.42974367419751,11.540971121024015,1.1112274468265042,17.088567202269232,9.464238886576368,-7.624328315692864,9.063368196824968,9.66837657073016,0.6050083739051928,3.0240201105362132,2.842048685203636,-0.18197142533257704
2016-11-11,9.53529708026599,1,13.062708032803172,9.792407699128304,-3.270300333674868,5.1367982752951775,15.1795444618526,10.042746186557423,10.01032625470846,10.984824663256646,0.974498408548186,17.492582227443137,9.278402882675636,-8.214179344767501,8.356798535393779,8.995165376758095,0.6383668413643164,3.1525691559522073,2.9814373979246653,-0.171131758027542
2016-11-18,9.410364866586727,1,13.241021722586808,10.255268825542132,-2.9857528970446765,5.168355267941507,15.504376078798472,10.336020810856965,9.513886293920635,11.20027892321778,1.6863926292971456,16.94802196499515,8.096796803532868,-8.851225161462281,8.254697223584316,8.383298704262131,0.12860148067781552,3.3362067264919517,3.022169864166969,-0.31403686232498274
2016-11-25,9.674591398951703,1,13.42060057850044,10.337569399023081,-3.0830311794773593,4.753392843302507,17.12775516765683,12.374362324354323,9.680880738078756,10.84999064786956,1.169109909790805,18.501120727702528,8.36938856881686,-10.131732158885669,8.318603531096286,8.307772885944459,-0.010830645151827412,3.372949975029698,3.0550717243994114,-0.31787825063028663
2016-12-02,9.449079874295661,1,12.965180607943452,9.820711804954257,-3.144468802989195,4.596792119599854,16.801767709197847,12.204975589597993,10.094253739526579,11.040189478632826,0.9459357391062468,17.161308763486176,7.545381623903737,-9.615927139582439,8.356216502018057,8.323182184775519,-0.03303431724253869,3.5207275131998443,3.1632464443097774,-0.3574810688900669
2016-12-09,9.435768924783082,1,12.914575565055856,10.005051071658855,-2.909524493397001,4.5603967129259075,16.32239774993336,11.762001037007451,10.034008109136607,11.056858236652175,1.022850127515568,17.43365039510725,7.799662140239391,-9.633988254867859,8.401897810152818,8.333995556458405,-0.06790225369441316,3.270084956320048,3.0966487937563016,-0.17343616256374617
2016-12-16,9.469483160718143,1,13.131663510563996,10.218778766633676,-2.91288474393032,4.5340092929585865,16.016162259770752,11.482152966812166,10.150131144150677,11.30656995034704,1.1564388061963626,17.22019078145091,7.764317295890223,-9.455873485560687,8.33917138150943,8.454963731241051,0.11579234973162045,3.441732853675262,3.056106960426135,-0.3856258932491272
2016-12-23,9.64613126026105,1,13.442516312714105,10.935392279177705,-2.5071240335363996,4.79036904687193,15.868781931929021,11.07841288505709,10.252808427907055,11.460043588874498,1.2072351609674428,17.71522360427656,8.581590521537592,-9.133633082738967,8.256657699425404,8.469334274978081,0.2126765755526776,3.4192124703712494,2.561644965069405,-0.8575675053018443
2016-12-30,10.006420673283628,1,13.974890230204366,11.545440674379734,-2.4294495558246325,5.127490820572689,16.249092610592683,11.121601790019994,10.846618435844348,12.200427307589408,1.3538088717450592,17.814026873929066,8.66271482591587,-9.151312048013196,8.65957449442439,8.810011925624835,0.1504374312004444,3.6159231847269098,2.5708366955992688,-1.045086489127641
2017-01-06,10.183446249353556,1,13.842010504262404,11.480362091961311,-2.3616484123010935,5.280873018666426,16.743603553233854,11.462730534567427,11.338215509307048,12.463744827838184,1.125529318531136,18.1629539784914,8.944910864961912,-9.21804311352949,8.837495289156166,8.885473211090329,0.04797792193416228,3.6391291962378887,2.5825829470356894,-1.0565462492021993
2017-01-13,10.35695797001737,1,13.830186910508033,11.15054560983208,-2.6796413006759536,5.285203821519886,16.211989838910597,10.926786017390711,12.058384130849063,13.964320874197625,1.905936743348562,17.746783457242273,8.00807245854898,-9.738710998693293,9.506525588590108,10.147610533267553,0.6410849446774449,3.714663911394865,2.659208505347337,-1.0554554060475283
2017-01-20,10.414825493772627,1,14.286310976009815,11.336142760353795,-2.9501682156560207,5.840294238559508,16.308104001958057,10.467809763398549,12.30969784473109,13.698805369901052,1.3891075251699618,17.092179069611362,8.381200252339625,-8.710978817271737,9.423881836381312,10.080333768226936,0.6564519318456234,3.536588997342676,2.6843668098563285,-0.8522221874863476
2017-01-27,10.408437706736192,1,14.654282561410142,11.942702775884783,-2.711579785525359,5.6485629676056845,16.378835220715658,10.730272253109973,12.155008801401564,13.254702620706453,1.099693819304889,17.306343307056792,8.64488478701962,-8.661458520037172,8.86430178120709,9.525784784484301,0.6614830032772119,3.8221268217358784,2.7037160516062926,-1.1184107701295858
2017-02-03,10.412806092722692,1,14.704388477809303,11.849460090204445,-2.8549283876048577,5.6620250725146235,16.369698061640648,10.707672989126024,11.924571414946769,13.11728591610408,1.1927145011573117,17.71981343914655,8.844186810916554,-8.875626628229995,8.685377389805936,9.53357839247684,0.8482010026709048,3.780660762112973,2.7626272849935702,-1.0180334771194026
2017-02-10,10.54918018865149,1,15.127096831203175,12.110353891527012,-3.0167429396761634,5.528701421991272,16.406378995032227,10.877677573040955,12.758991828995917,13.577597693844524,0.8186058648486068,16.75565994328123,8.005785756233564,-8.749874187047666,9.505313562316687,10.592826470197977,1.0875129078812904,3.619317544120662,2.602138325073639,-1.0171792190470228
2017-02-17,10.7512453981698,1,15.41201639660018,12.402401719151385,-3.009614677448795,5.85651851879058,16.256345994859913,10.399827476069333,13.34127979217142,13.607972765600053,0.26669297342863274,16.82723910495092,8.409686990234533,-8.417552114716386,9.631846011017515,11.165729858507973,1.5338838474904577,3.4385725654881867,2.6653350606649298,-0.7732375048232569
2017-02-24,10.390444632029228,1,14.72045207870255,11.751314218577946,-2.9691378601246043,5.397613322092951,16.50443672161653,11.106823399523577,12.804568580678563,12.924670697663458,0.1201021169848957,16.759550973355786,8.065155123134858,-8.694395850220928,9.23744509599814,10.42284052853941,1.18539543254127,3.423037741347372,2.674250502643133,-0.7487872387042387
2017-03-03,11.712953962641862,1,16.90211182808474,12.850667124430672,-4.05144470365407,5.488676060369869,17.107059615745868,11.618383555375999,14.432230753594325,14.864357843369561,0.4321270897752356,17.924426386562274,9.259780147090723,-8.664646239471551,12.080611668898726,13.630169218104342,1.5495575492056162,3.4496670783412355,2.5656898271099635,-0.883977251231272
2017-03-10,11.735197924357898,1,17.25756090975652,12.135683999106504,-5.121876910650016,5.287778107195763,17.762948394924052,12.47517028772829,14.232483553354953,14.972891193162852,0.7404076398078985,17.704707359355695,8.310279324178367,-9.394428035177327,12.272531420334118,14.532342406781211,2.2598109864470928,3.656126196150339,2.6970422279943875,-0.9590839681559515
2017-03-17,11.964846129343648,1,17.39354419363309,12.02796134897973,-5.36558284465336,5.419075511546026,17.554966358785336,12.13589084723931,14.300937737940373,15.16424415244336,0.8633064145029863,18.00961015144253,9.194261094011111,-8.815349057431419,12.723234268167104,15.034554184821957,2.3113199166548526,3.942674913332766,2.8130896370204397,-1.1295852763123264
2017-03-24,12.103595396332127,1,17.89651475471564,12.255766029434014,-5.640748725281625,5.353227607494063,17.728776043992568,12.375548436498505,14.36557459207802,14.754382963696429,0.38880837161840986,18.215513876617393,9.373658306360312,-8.841855570257081,12.909182911179329,15.344825756468055,2.4356428452887258,3.88155863590832,3.1641632780414,-0.7173953578669199
2017-03-31,12.273013760946336,1,18.676261005211842,12.817045058572049,-5.859215946639793,5.463036786312102,18.17040593373585,12.707369147423748,14.962153264664593,14.888541462776203,-0.07361180188839,17.412312919599827,8.731136912215177,-8.68117600738465,13.433344376202427,15.855032719116352,2.4216883429139244,3.690974213687227,3.175920479262359,-0.5150537344248676
2017-04-07,12.061557245052967,1,18.27943039034173,12.462683307472034,-5.816747082869696,5.327563751462961,17.915883636016403,12.588319884553442,13.811766039824747,14.145769870942416,0.33400383111766985,17.628989243229142,8.38470645281393,-9.244282790415213,13.628179406521582,16.325840422273714,2.697661015752132,3.6934146389376394,3.1344597807992756,-0.5589548581383639
2017-04-14,11.981936901426268,1,18.278657113492258,12.421286365733181,-5.857370747759077,5.325868200561388,18.451125120635524,13.125256920074136,14.047439245075068,13.87517448267134,-0.1722647624037279,17.470857668300283,8.118583169860926,-9.352274498439357,13.441557837368961,15.793317731811172,2.3517598944422105,3.3272413437596526,3.2321345378454254,-0.09510680591422727
2017-04-21,11.892784839382587,1,18.119270037802977,12.776304207147021,-5.342965830655956,4.647652095119739,18.415839126976465,13.768187031856726,14.140408410853738,13.41327746622376,-0.7271309446299767,17.55891210547624,8.328477419701514,-9.230434685774725,13.60713073710923,15.898547019201573,2.2914162820923423,3.283335649933605,2.5242637970451938,-0.7590718528884111
2017-04-28,11.768307753156334,1,17.828920631636194,12.91276502257918,-4.916155609057014,4.464141382931288,18.792593198211648,14.32845181528036,14.088953502987366,13.035287450551493,-1.0536660524358723,17.64039981541717,7.854964715438484,-9.785435099978685,13.375578998638304,15.45441703293885,2.0788380343005457,3.211852187327679,2.5598190992183447,-0.6520330881093344
2017-05-05,11.896885645779507,1,17.805318871183715,13.240331629387256,-4.564987241796459,6.473084476635506,19.17840736202902,12.705322885393514,13.558578662996268,13.00332356487148,-0.555255098124789,17.087589227525413,7.564259490791329,-9.523329736734084,12.905676220153694,15.215873856649623,2.3101976364959285,3.551066416182451,3.17911797094834,-0.37194844523411064
2017-05-12,11.965530160542508,1,18.022230779711023,12.48750017702885,-5.534730602682174,6.808170222812933,21.24890320305181,14.440732980238877,14.348502713582604,12.710305816428317,-1.6381968971542875,16.885607222250684,7.541838780322507,-9.343768441928177,12.404729436517314,14.459733843774345,2.05500440725703,3.323940588380495,3.3448991426492256,0.020958554268730722
2017-05-19,11.95575173377143,1,17.722872554490507,12.099715853722401,-5.6231567007681065,7.466841963216083,22.54808927511587,15.081247311899787,14.289375256597552,12.863218499022395,-1.426156757575157,16.94823186247217,7.095706334726984,-9.852525527745186,11.98332265490231,13.82295751242961,1.839634857527301,3.3238661109499645,3.304822927611326,-0.019043183338638414
2017-05-26,11.509459951364121,1,16.83132220568112,11.015276842279235,-5.816045363401884,6.974726295193676,23.04211642163844,16.067390126444764,13.727965687502547,12.297696157704948,-1.4302695297975987,16.79854358216258,6.524257967561482,-10.274285614601098,11.423274652880366,12.946715781937868,1.5234411290575025,3.300927284764441,3.230696537062755,-0.07023074770168591
2017-06-02,11.818115895615295,1,17.11162027275961,11.922563441683664,-5.189056831075945,7.721335607930968,23.167923424765917,15.446587816834949,13.960818198870868,12.42365999949979,-1.5371581993710777,16.97098395131667,6.934826904650947,-10.036157046665721,11.573750131752035,12.9266755115017,1.3529253797496636,3.570187211061622,3.5330460915897675,-0.03714111947185472
2017-06-09,11.821263979366819,1,16.99313676233504,11.980262515204984,-5.012874247130057,7.649408157181739,23.57543543997639,15.92602728279465,13.931990978756247,12.35060582541577,-1.5813851533404772,17.386032022513774,6.988673118777669,-10.397358903736105,11.485808464905688,12.780566701964005,1.2947582370583177,3.4812074905084245,3.252040274862125,-0.22916721564629938
2017-06-16,11.832985265937324,1,17.145669893570357,11.918182905618877,-5.22748698795148,7.429847409869296,23.987333817062293,16.557486407192997,13.884501007757137,12.28117831527706,-1.6033226924800772,17.643117955476484,6.866477657168872,-10.776640298307612,11.45320173375353,12.798009692829396,1.3448079590758653,3.4415735951971413,3.1467292076674482,-0.2948443875296931
2017-06-23,11.6540074501411,1,16.73770227516188,11.955135050083598,-4.782567225078282,7.474712582016124,22.894378273913063,15.419665691896938,13.92936587914187,12.342026186268384,-1.5873396928734849,16.964042641316055,6.9733911055895135,-9.990651535726542,11.401751187552321,12.578944111878116,1.1771929243257944,3.4164701356583436,3.180169973113891,-0.23630016254445252
2017-07-07,11.589506056636276,1,16.818085218538002,12.293123414600004,-4.524961803937998,7.283587366086621,22.78838043214084,15.50479306605422,14.011270077400923,11.870762074244624,-2.140508003156299,16.86433095725657,7.208302397154284,-9.656028560102285,11.405529405154851,12.417244723763432,1.01171531860858,3.1542333153806936,2.959223297914491,-0.1950100174662026
2017-07-14,11.727459813630292,1,16.935652612663304,12.650243934172181,-4.285408678491123,7.6301121400110645,22.880345760668632,15.250233620657568,14.365037866359543,12.495865295224249,-1.8691725711352944,16.666385621642206,7.0868556830226765,-9.57952993861953,11.547338509835143,12.50035989626953,0.9530213864343864,3.2202321312704925,2.7510883124244714,-0.4691438188460211
2017-07-21,10.70810568852285,1,15.530888665644113,10.534802774438717,-4.9960858912053965,6.599501040738588,22.990303859188842,16.390802818450254,12.72936314788761,11.347244832666334,-1.3821183152212768,16.048684381762996,6.269535921873498,-9.779148459889498,10.077009496153877,10.52026647600512,0.4432569798512418,3.26318739894991,2.5864802669645712,-0.6767071319853386
2017-07-28,10.824541621228242,1,16.07119254153075,10.682897282190837,-5.3882952593399125,6.550542193010003,23.128752903248937,16.578210710238935,12.871195433955904,11.476755619097858,-1.3944398148580461,16.005040743349355,6.142998329512636,-9.862042413836718,10.128606472267464,10.770316854430163,0.6417103821626995,3.3206723432559784,2.7455287388889786,-0.5751436043669997
2017-08-04,10.949522527261669,1,15.843146495409684,10.552230204036178,-5.290916291373506,6.457862508950555,23.3716983030654,16.913835794114846,12.46095312167256,11.074114336221811,-1.386838785450749,17.138929081308547,7.083933370321418,-10.054995710987129,10.26337364263614,10.841725129621281,0.5783514869851416,3.5328703135925252,2.7734338203039357,-0.7594364932885895
2017-08-11,10.50521006063167,1,15.229227790780158,9.753985338859863,-5.475242451920295,6.033903271709306,23.133060415374928,17.09915714366562,12.231160070388668,10.629416310153701,-1.6017437602349673,16.464745123326082,6.39596935737363,-10.068775765952452,9.713218259216717,10.196745606632405,0.4835273474156878,3.359005848369094,2.922083335395513,-0.436922512973581
2017-08-18,9.966487564899635,1,14.516662093616034,9.080593545768721,-5.436068547847313,5.916965832106939,22.217848918929363,16.300883086822424,11.368946743272303,9.834002654950496,-1.534944088321808,15.8594464216512,6.229036574308267,-9.630409847342932,8.824716604071867,9.357070110117292,0.5323535060454248,3.3121876946794657,3.0803735853236702,-0.2318141093557955
2017-08-25,10.217830934355213,1,14.530516257178604,9.108543151251595,-5.421973105927009,6.148572665933074,22.31510011790138,16.166527451968307,12.63247948998631,10.917259247184049,-1.7152202428022605,15.866880170745688,6.39987996695713,-9.467000203788558,8.943199717532579,9.443285259698953,0.5000855421663744,3.1853373047550235,3.1229178631381416,-0.062419441616881954
2017-09-01,10.218822703164612,1,14.632313794701005,9.107507782758702,-5.524806011942303,6.176032601914088,22.39020375013905,16.214171148224963,12.80365853539088,10.71075151707555,-2.09290701831533,15.80726008817446,6.482464288093141,-9.324795800081318,8.791261529231448,9.436074826048483,0.6448132968170341,3.102409669575792,3.1859340548727886,0.08352438529699668
2017-09-08,10.108349803091812,1,14.423976385453003,8.574652242141681,-5.849324143311321,6.0743188864345115,22.600393841945532,16.52607495551102,12.5015946454442,10.568519371960576,-1.9330752734836238,15.699154343743643,6.490682557603179,-9.208471786140464,8.51889552970708,9.125719891019571,0.6068243613124906,3.432159027768435,3.2901309138803043,-0.14202811388813075
2017-09-15,10.015860146281666,1,14.153247091441898,8.42886455417704,-5.724382537264859,6.052277580389529,22.39187079370207,16.33959321331254,12.29791362409307,10.489013708950637,-1.8088999151424332,15.739382539935505,6.611061849231888,-9.128320690703617,8.241945881526163,8.800744579434479,0.5587986979083155,3.6103941603038265,3.373605392193923,-0.23678876810990346
2017-09-22,10.0538415403192,1,14.283970986786258,8.613154783455016,-5.670816203331242,5.847741118164322,22.214215195094653,16.36647407693033,12.239988518925927,10.197255727918119,-2.0427327910078077,15.63044395768263,6.904027168263937,-8.726416789418693,8.333907509511334,8.957612605456816,0.623705095945482,3.9869971508447293,3.436783761726673,-0.5502133891180563
2017-09-29,10.25034336840489,1,14.598860114428248,8.775595602612995,-5.823264511815253,5.8616025644731025,22.07461784719672,16.213015282723617,12.402173208144262,10.28727275549167,-2.1149004526525914,16.280643324434607,7.265143548303385,-9.015499776131222,8.376978938683934,9.143357724196107,0.766378785512174,3.9818020602651814,3.956072732628442,-0.025729327636739185
2017-10-06,10.216390052517712,1,14.318493133052087,8.688825385378095,-5.629667747673992,6.182193493563304,22.2951702510818,16.112976757518496,12.318082612358936,10.20667713853804,-2.111405473820895,16.17583497928105,6.993243487882481,-9.182591491398568,8.262830043551858,9.14950731202616,0.8866772684743012,4.0409060532990395,3.964916740199712,-0.07598931309932766
2017-10-13,10.26222849511178,1,14.669904739638767,8.60157237735686,-6.068332362281907,6.187570206912028,22.212882123499938,16.02531191658791,12.324949603078892,10.568220446938255,-1.7567291561406364,16.131421387084515,7.015602394962315,-9.1158189921222,8.3218801686766,9.10494272427492,0.7830625555983204,3.9376448652798786,4.0701509036383925,0.13250603835851393
2017-10-20,10.370180672625457,1,14.62964081733601,8.926825844315204,-5.702814973020807,6.992246956069778,22.078928619365556,15.086681663295778,12.54097592234379,10.589995711709577,-1.9509802106342136,15.761304705985992,6.976173135455014,-8.785131570530979,8.10899003347052,9.14967737918495,1.0406873457144314,4.187925600546649,4.49948334572241,0.3115577451757616
2017-10-27,10.794534574945544,1,16.988113133607072,9.032875602400367,-7.955237531206706,6.752863359219035,24.67162450959603,17.918761150376994,12.617752596007989,9.53718154975489,-3.080571046253098,15.853670325339408,7.689309640384934,-8.164360684954474,8.118505989094217,8.636385057028235,0.5178790679340182,4.436302046405544,5.199831090508809,0.7635290441032652
2017-11-03,11.154789566267013,1,17.026968248699717,9.137601027845903,-7.8893672208538135,7.492870899331692,24.760828411162606,17.267957511830915,12.130264430020517,9.619769443136605,-2.510494986883913,16.902728943581636,8.209278021966313,-8.693450921615323,8.086961965507044,8.462636643065721,0.37567467755867767,5.288942910461472,6.738623850424958,1.4496809399634856
2017-11-10,10.946045249525232,1,16.75097946940258,8.796700649020991,-7.954278820381589,7.139297422723573,25.656400161465527,18.517102738741954,12.05860658821048,9.06643050459067,-2.9921760836198104,16.971828477872094,7.365683130626721,-9.606145347245374,7.817268058465302,8.160988955536183,0.34372089707088094,4.9382914804773606,6.6300680959113265,1.691776615433966
2017-11-17,10.84737512957613,1,16.61844161792355,8.506333537789672,-8.11210808013388,7.055830982919588,25.7278549410851,18.67202395816551,11.948903011685445,8.888177603596944,-3.0607254080885014,16.926530665497737,7.434452013310164,-9.492078652187573,7.646460639507296,8.024800090558685,0.37833945105138866,4.888083859923171,6.502632591116253,1.6145487311930822
2017-11-24,10.84908467039889,1,16.33115526722156,8.630634222873283,-7.700521044348278,7.298244619896849,25.74522746905548,18.44698284915863,11.947822862862026,8.990935734859065,-2.956887128002961,16.888970698713607,7.350092614328901,-9.538878084384706,7.625003151481309,7.972980621284904,0.34797746980359534,5.00331142221799,6.404637359991725,1.4013259377737342
2017-12-01,10.972901096856575,1,16.11563069033535,8.033654824116212,-8.081975866219139,6.990760394811247,26.791728079368156,19.80096768455691,11.513170923646697,8.285855998804394,-3.227314924842304,18.30106095960052,7.790676761923407,-10.510384197677112,7.824458081222232,8.692827934323489,0.8683698531012567,5.0923255315234,6.242662982603775,1.1503374510803752
2017-12-08,10.527394236704248,1,15.563237300681578,8.515092976615136,-7.048144324066442,6.843772818671809,23.670300694732603,16.826527876060794,10.821649627406103,8.356395172279207,-2.465254455126896,17.11101509292743,8.198442919832459,-8.912572173094972,7.753303714590174,8.090788258637545,0.3374845440473706,5.071386865948398,6.333345398128557,1.2619585321801594
2017-12-15,10.58652168431732,1,15.282578779376237,8.336910325405015,-6.945668453971223,6.740348028921929,23.99213908804093,17.251791059119,10.767976969484252,8.336419199692628,-2.431557769791624,17.725613330385684,8.742337863245567,-8.983275467140118,7.68715009692589,7.848249349085947,0.1610992521600565,5.3154629008099334,6.263074280433841,0.9476113796239076
2017-12-22,10.759637411895044,1,16.22368582667221,8.921525316277027,-7.302160510395183,6.810514156384926,24.056258903755833,17.245744747370907,10.763152089036467,8.541818617097533,-2.2213334719389337,17.718640174393812,8.698562532129642,-9.02007764226417,7.6805294887694515,7.797915682776491,0.11738619400703953,5.361302736113402,6.541743419333756,1.180440683220354
2017-12-29,10.981239068686184,1,16.838993756810467,9.391874167304948,-7.447119589505519,7.2326454690181095,24.097958595428253,16.865313126410143,10.826336966304055,8.66308439514171,-2.163252571162346,17.806245193389813,8.81138322561982,-8.994861967769992,7.759309315674898,8.031073913751655,0.2717645980767571,5.42390371091976,6.892060114870688,1.4681564039509283
2018-01-05,10.97370805455361,1,16.22587647685556,9.077977248107146,-7.147899228748415,7.5145506518049245,23.863163814888097,16.348613163083172,10.74547484963989,8.939961405997352,-1.805513443642539,17.927857488636846,8.870926343226316,-9.05693114541053,8.088601383660986,8.454198066463164,0.3655966828021775,5.339887476723447,6.6360214486396245,1.296133971916177
2018-01-12,10.913225620172199,1,16.147007660384375,8.634105172739751,-7.512902487644624,7.237683049182465,25.017699215147744,17.78001616596528,10.788341120327459,8.59091378637153,-2.197427333955929,18.099014710098828,8.682763173879579,-9.41625153621925,7.961755785444808,8.057698178940782,0.09594239349597444,5.245551395595257,6.496174193953792,1.2506227983585347
2018-01-19,10.914836556432574,1,16.068488158480548,8.663232102800094,-7.405256055680454,7.22232368369302,24.72336843663153,17.501044752938512,10.662332565140247,8.484645859706532,-2.1776867054337146,18.10785999498499,8.820087432169501,-9.28777256281549,8.141182671906009,8.237137148945123,0.09595447703911475,5.286832264390625,6.560548358342658,1.2737160939520322
2018-01-26,11.581531340368715,1,18.616476937073216,10.373113956852663,-8.243362980220553,6.866015504010591,25.897499867091582,19.031484363080992,11.348237447874979,9.368142828231711,-1.9800946196432676,17.99517522691663,8.640231364271514,-9.354943862645115,8.863520180641515,8.834395353356086,-0.029124827285428978,5.799762745695361,6.375804672408734,0.5760419267133727
2018-02-02,11.382997251371703,1,18.15154133442374,10.603469679013145,-7.548071655410595,6.8666217029866345,26.23015100666943,19.363529303682796,11.047613149395957,8.825157454424911,-2.222455694971046,17.952613125216047,8.187354586144707,-9.76525853907134,8.335107123226933,8.1194608670382,-0.2156462561887338,5.944487072980905,6.332389914939853,0.3879028419589474
2018-02-09,11.62256179739142,1,18.48624771251508,10.072074691894812,-8.414173020620268,7.001306085728132,27.229809356479592,20.22850327075146,11.573142844436205,9.187150336129179,-2.3859925083070266,18.21354861237974,8.884387134139857,-9.329161478239882,8.667261884519078,7.614979336872366,-1.052282547646712,5.793863644770283,6.7469699288327405,0.9531062840624571
2018-02-16,11.690112107419365,1,18.459696189204337,10.331956888097878,-8.127739301106459,6.9651882990687,27.391973441641284,20.426785142572584,11.28625606242393,8.913780043627682,-2.372476018796249,18.689694568564448,9.248311322171247,-9.441383246393201,8.713625471590632,7.695039146927698,-1.0185863246629339,6.026212053664139,6.559611802050398,0.5333997483862589
2018-02-23,11.284385684657373,1,16.569703471534766,9.078900078250399,-7.4908033932843665,6.725178572639905,26.823380532794218,20.098201960154313,11.646574140061944,9.189348446243883,-2.45722569381806,18.22543586204941,8.901344197483795,-9.324091664565614,8.692693812590463,7.7141446071176745,-0.9785492054727882,5.846728249067752,5.999196246054268,0.15246799698651614
2018-03-02,11.35686291168487,1,16.47468990385555,9.435826649345216,-7.038863254510332,6.876390305212283,26.410706043737562,19.53431573852528,11.485746503834164,9.410925575659121,-2.0748209281750434,18.159530927078976,9.107771785550142,-9.051759141528834,8.764018149154396,7.789033542881327,-0.9749846062730683,6.380801680973846,5.98691387293583,-0.3938878080380164
2018-03-09,11.266057029984326,1,16.189289193275627,9.195447049733744,-6.993842143541883,6.82856622793355,26.38168780981711,19.55312158188356,11.506561484838016,9.1852556424991,-2.3213058423389157,18.041803123858813,8.851823937698626,-9.189979186160187,8.627911378106148,7.759165617008932,-0.868745761097216,6.402210771893806,6.222962123148449,-0.1792486487453573
2018-03-16,11.176800325805862,1,16.14872561113468,9.334889902969678,-6.813835708165001,7.266934364125717,26.231226932912975,18.964292568787258,11.485749082737527,9.42483682520114,-2.060912257536387,17.44100141617814,8.338977315502802,-9.102024100675337,8.666864362346516,7.783156723785154,-0.8837076385613614,6.051527118312592,5.9477142544634205,-0.10381286384917132
2018-03-23,10.859004660055149,1,15.592808938027034,9.166793968435286,-6.426014969591748,7.293237590411806,24.65145978696529,17.358222196553484,11.209988142902333,9.577882448061828,-1.6321056948405044,17.047851340838292,8.283766516644405,-8.764084824193887,8.36218940764762,7.761043522464661,-0.6011458851829588,5.647952540503809,5.713081717759422,0.06512917725561351
2018-03-30,11.58882499661908,1,16.05602503930021,9.973949028732491,-6.082076010567718,8.107821623471864,26.1856735916094,18.077851968137537,12.458541503929254,9.907102494037403,-2.551439009891851,17.546146565674505,9.58540146433451,-7.960745101339995,8.23074668560919,7.646405890251614,-0.5843407953575763,7.133668561729451,6.2344175107490685,-0.8992510509803822
2018-04-06,11.874720472310436,1,16.35070512511851,9.790291961989467,-6.560413163129041,8.6537644512118,27.02183973994626,18.36807528873446,12.656066148321969,9.427287940528515,-3.2287782077934537,17.97594294528436,9.565937423823627,-8.410005521460732,8.458696238517476,7.919892713502861,-0.5388035250146146,7.153147925408504,7.523073054071887,0.36992512866338245
2018-04-13,11.869031542184855,1,16.512541716649125,9.602396032432353,-6.910145684216772,8.43079102719578,27.02272492454445,18.591933897348667,12.302945310191205,9.26463935875455,-3.038305951436655,18.12011100360496,9.708876008673272,-8.41123499493169,8.60986480155303,8.040940580550412,-0.568924221002618,7.2379353939150235,7.574612348154091,0.33667695423906707
2018-04-20,12.021062472603534,1,16.33934825424697,9.66637406302209,-6.672974191224881,8.434855327075738,27.299636540768276,18.864781213692538,12.868543069969888,9.238098056200059,-3.6304450137698296,18.32713870932824,9.95331709302863,-8.373821616299608,8.78650222435428,8.232780778641711,-0.5537214457125685,7.369987250646091,7.736168303960483,0.3661810533143921
2018-04-27,11.738886907058832,1,16.25393803594686,9.28562347699625,-6.96831455895061,8.657229221180259,27.281508719724172,18.624279498543913,12.629693882441003,8.723472682324811,-3.9062212001161924,17.354725467435287,9.168454259925568,-8.18627120750972,8.52050226457348,8.110129281595903,-0.4103729829775773,7.017232570776102,7.86413302178633,0.846900451010228
2018-05-04,12.089208295060104,1,16.11055071339362,9.67332061358779,-6.437230099805831,10.62866729301328,27.405739714112045,16.777072421098765,12.912939488427284,9.0770306286133,-3.8359088598139834,16.93582445656405,9.100773821703896,-7.835050634860153,8.954285957765777,8.637333347679942,-0.31695261008583486,6.992981861196611,8.641051644663634,1.6480697834670224
2018-05-11,11.151456465644793,1,13.538309959433434,8.96611385250651,-4.572196106926924,11.220868822468418,23.44401935615508,12.223150533686663,12.917876670128237,9.289716540056205,-3.6281601300720325,15.090484142878225,8.130110894048741,-6.960373248829484,6.231223324241057,6.902861885801769,0.6716385615607123,7.909975874719393,10.17591626530043,2.2659403905810365
2018-05-18,11.217291085047561,1,13.646339400513241,8.574559572447427,-5.071779828065814,10.630263924050482,23.678195557289797,13.047931633239315,12.634171713774919,9.392156590888689,-3.2420151228862295,15.16014796667585,8.696172215806612,-6.463975750869238,6.290297549065443,7.223354981009194,0.9330574319437517,8.94252595620543,9.739307592843645,0.7967816366382152
2018-05-25,11.213277069344889,1,12.887979283264187,8.98508606782994,-3.902893215434247,10.602592356508438,22.9067586735315,12.30416631702306,13.34646981922674,9.074940659775635,-4.271529159451106,14.734397944032736,8.631772072707136,-6.1026258713256,6.285798534144988,7.347268892773954,1.0614703586289664,9.422424478892239,10.333836049451165,0.9114115705589256
2018-06-01,11.307118622921797,1,12.84025780534786,9.092641786052198,-3.7476160192956627,10.501280813573445,23.441986562109875,12.94070574853643,13.312267707074426,9.025721402933257,-4.286546304141169,14.601969943232078,8.977262937021464,-5.624707006210613,6.329176895943675,7.248060720310633,0.9188838243669579,10.257758572359293,10.057038329103321,-0.20072024325597226
2018-06-08,11.204458332824066,1,12.085727498411032,9.222309234367899,-2.8634182640431334,10.974648490276678,22.470922057544897,11.496273567268219,13.369215077722629,9.11769373177846,-4.25152134594417,13.961026600900496,9.207968734841586,-4.75305786605891,6.727696594343271,7.448832937010465,0.7211363426671937,10.108435735290286,9.759023301401072,-0.3494124338892135
2018-06-22,12.108149699734662,1,13.588605162167639,9.313332226538549,-4.27527293562909,12.174690274021032,23.676949376301465,11.502259102280433,14.58939314489075,10.174310352581827,-4.415082792308922,14.681481268705411,10.090900687825084,-4.590580580880328,7.605285638621908,8.283765741802966,0.6784801031810588,10.009442710001238,11.1096398133581,1.1001971033568623
2018-06-29,11.812727983707212,1,13.032720602090649,9.016314705136438,-4.016405896954211,11.458438525011985,23.29359958715783,11.835161062145843,14.547316407773693,9.693650703021632,-4.853665704752061,14.495882704797609,10.198899506606224,-4.296983198191384,7.333788145294122,7.830464295227685,0.49667614993356324,10.008221517275217,10.843439105093452,0.8352175878182351
2018-07-06,11.869988373756932,1,13.105149573512307,9.131644262879135,-3.973505310633172,11.662379147524874,23.13865103227161,11.476271884746737,14.29215760013895,9.381328903956188,-4.910828696182762,14.557821203165062,10.258879426211067,-4.2989417769539955,7.204847787274403,7.9823493631482165,0.7775015758738135,10.397574930925998,11.327077254075391,0.9295023231493929
2018-07-13,12.279326228242418,1,13.59997155399607,9.624079143268517,-3.9758924107275533,12.247422269126261,23.705948924174223,11.458526655047962,14.684100649305336,9.613511517950371,-5.070589131354964,14.846133999181774,10.58687484422174,-4.259259154960034,7.383620998540991,8.308938488938551,0.9253174903975605,10.914707899304076,11.836604450901149,0.9218965515970723
2018-07-20,12.353860343645882,1,13.602571937554487,9.755149265365105,-3.8474226721893814,12.211576112661547,23.64535734009894,11.433781227437393,14.670042930194953,9.692396071878704,-4.977646858316248,15.122213949803267,10.710900656644824,-4.411313293158443,7.439852252517184,8.366517643654788,0.9266653911376039,11.076904879143854,11.95284108423293,0.8759362050890758
2018-07-27,12.305791874073316,1,13.700355675995269,9.676321845142397,-4.024033830852872,11.924472060914823,23.47082725299714,11.546355192082316,14.687649334613482,9.543832702105576,-5.143816632507907,14.940497768680729,10.80138343642804,-4.139114332252689,7.291388495984066,8.158831918792856,0.8674434228087904,11.290387908251532,12.183554088973892,0.8931661807223605
2018-08-03,12.479186201213388,1,13.909679159362483,9.642629442566388,-4.267049716796095,12.477953391377227,23.967204724437266,11.48925133306004,14.903833280393812,9.601876286370583,-5.301956994023229,14.897872313015,10.980483499979002,-3.9173888130359984,7.438351572494696,8.217994037185179,0.7796424646904825,11.247427490637108,12.46492921674195,1.2175017261048424
2018-08-10,12.41136897736615,1,14.182829009446849,9.782017492467403,-4.400811516979445,12.136246913776816,23.460796030239536,11.32454911646272,14.814699714328597,9.408253783843605,-5.406445930484992,14.796223940944287,11.059563447364852,-3.7366604935794356,7.323580851222289,8.23327198593445,0.9096911347121619,11.21463343447806,12.524311124347065,1.3096776898690052
2018-08-17,12.334293379616698,1,14.076557167757798,9.44711444038154,-4.629442727376258,12.146627876497249,23.71313674579642,11.56650886929917,15.305041560580065,9.225948150884236,-6.07909340969583,14.542686763327211,11.653752422262428,-2.8889343410647825,7.257407462397737,8.207586351868372,0.9501788894706351,10.67743944714013,11.758222166507224,1.0807827193670931
2018-08-24,12.198479603467348,1,14.087703498863775,9.792697921282183,-4.295005577581591,11.96106126099967,24.106233493690908,12.145172232691237,15.254013817741864,9.289573157302655,-5.964440660439209,14.301574248273937,11.48422832421339,-2.8173459240605467,6.8552544400691175,7.925714757777456,1.0704603177083385,10.731270354855724,10.592429966537495,-0.1388403883182292
2018-08-31,13.024838162147402,1,15.263088431481492,12.035539993936084,-3.2275484375454084,11.919349499781617,22.970846379869556,11.051496880087939,16.544593659976925,10.369669861421087,-6.174923798555838,14.982020665029196,12.496056747026344,-2.4859639180028523,7.407946559276226,8.666603859848621,1.2586573005723949,12.032030157338951,11.610312130782702,-0.421718026556249
2018-09-07,13.437848076862496,1,15.743858803722773,12.011245113790139,-3.7326136899326343,12.973564704862696,23.11916269983402,10.145597994971325,16.91839679177164,11.075111610323063,-5.843285181448579,15.264248829339024,12.889298677736733,-2.3749501516022917,7.734147443062568,8.934341525016563,1.2001940819539954,11.992871888416275,12.597928834474459,0.605056946058184
2018-09-14,13.198440588503521,1,15.636977256908423,12.119144644512673,-3.5178326123957504,12.125928467680524,22.259773035291417,10.133844567610893,16.711200644387574,10.865702960186198,-5.845497684201376,15.111872602310711,12.830950386728844,-2.2809222155818674,7.603413311033478,8.83992268425476,1.2365093732212813,12.001251248700413,12.275149820047233,0.2738985713468196
2018-09-21,13.13707071902155,1,15.919355147785268,12.197797096709323,-3.721558051075945,11.805703680214805,22.180681688328477,10.374978008113672,16.857458165213686,10.677223819975254,-6.180234345238432,14.794647715657817,12.933663561560763,-1.8609841540970535,7.438609671646006,8.817197513989385,1.3785878423433786,12.006649933611712,12.01586063356605,0.009210699954337542
2018-09-28,13.131477446895353,1,16.805856095148897,13.04872887225656,-3.7571272228923362,11.858379443675176,22.329008637773953,10.470629194098777,16.531057563633453,10.413101144026285,-6.117956419607168,14.566451693467712,12.78036073399224,-1.786090959475473,6.982491866304983,8.21089812917505,1.2284062628700667,12.044628019141896,12.006767164148016,-0.037860854993880366
2018-10-05,13.491390577601244,1,17.00870122167015,13.873559150572788,-3.1351420710973628,12.311655736121523,23.17450584908086,10.862850112959336,17.374889118330188,11.076725959989346,-6.2981631583408415,14.809302109623474,12.789541485184586,-2.019760624438888,7.309791447032481,7.998233069210286,0.6884416221778054,12.134003832829649,12.035777951569571,-0.09822588126007759
2018-10-12,13.387147104772007,1,16.332874324882468,13.870954261119863,-2.461920063762605,12.079219973887746,23.517552210169583,11.438332236281838,17.59884060233776,10.959677892117213,-6.639162710220546,14.894830085074588,12.59121069340216,-2.3036193916724272,6.92869943511586,7.490853215670413,0.5621537805545529,12.488418207333623,11.892634356152811,-0.595783851180812
2018-10-19,13.301009440289,1,16.2637513020469,14.233363985630291,-2.0303873164166077,11.760458413987521,23.39895386686601,11.638495452878487,17.589242696808327,10.829473458723058,-6.759769238085269,14.81660734229051,12.598461819572975,-2.218145522717535,6.805677616858645,7.505043429749691,0.6993658128910454,12.5703192697421,11.240760081191993,-1.3295591885501068
2018-10-26,13.634217115442425,1,16.467880151678045,14.441479440235739,-2.0264007114423066,12.195396796595148,22.214128456982294,10.018731660387147,16.644918698963906,10.43066390473848,-6.214254794225425,15.200562305991852,13.715637625248618,-1.4849246807432337,7.31235992541059,8.269731028490511,0.9573711030799217,13.98418481401501,12.733662236958864,-1.2505225770561452
2018-11-02,14.16464874700607,1,16.95908938214771,14.706640081104084,-2.252449301043626,12.782232918363704,23.352757548061376,10.570524629697672,16.746354706103887,10.441163708313596,-6.305190997790291,15.879082199188346,14.836128205643135,-1.0429539935452112,7.80528158915196,8.87124240347785,1.0659608143258907,14.815851687080809,12.779960535436345,-2.0358911516444635
2018-11-09,14.512269784165198,1,16.9499927172929,14.750259751474076,-2.199732965818825,12.733673053953751,24.403619127232233,11.669946073278481,18.02658720765332,10.777892330510696,-7.248694877142626,16.511027910856043,14.969498345404375,-1.5415295654516683,8.162672170351783,9.242878776510324,1.0802066061585407,14.68966564488339,12.92947037385946,-1.7601952710239317
2018-11-16,13.936263475093062,1,16.46968735476223,13.564900171686418,-2.904787183075811,10.028863037839542,23.457770412031337,13.428907374191795,18.069237411845947,9.99647176887025,-8.072765642975696,16.52370485185287,15.037649130395195,-1.4860557214576744,8.004966668912076,8.792460863924418,0.7874941950123429,14.521121525345706,12.768328503650821,-1.7527930216948846
2018-11-23,13.603866412199904,1,16.741485978463658,13.047307022023233,-3.6941789564404246,10.16363442724591,21.657511152430644,11.493876725184734,15.892436410282357,9.788319013624502,-6.1041173966578555,16.216621814871615,15.442449195176465,-0.7741726196951504,8.104703505770658,9.181151323897438,1.0764478181267805,14.504316336565225,12.506460766047141,-1.9978555705180838
2018-11-30,13.595033970640003,1,16.67646330867764,13.136956270087893,-3.539507038589747,10.187612077838068,21.71437345645012,11.52676137861205,15.921562782319356,9.636344815841099,-6.285217966478257,16.174129714187856,15.386493446236528,-0.7876362679513278,8.038502068633733,9.387657269259691,1.3491552006259582,14.571933872183365,12.308378565964702,-2.263555306218663
2018-12-07,13.722841471392139,1,17.46227404185703,13.671511961490836,-3.7907620803661928,10.286447040028875,21.86027581242979,11.573828772400915,15.654855021676582,9.565014911694576,-6.089840109982006,16.181628655825776,15.501703552981212,-0.6799251028445639,8.120133912548567,9.492152171313847,1.37201825876528,14.631710156416005,12.246390418442587,-2.3853197379734183
2018-12-14,13.726577325929016,1,17.489949858363374,13.602206599074123,-3.887743259289252,10.348935719779433,21.796543142793965,11.447607423014531,15.612500139455179,9.533737644613197,-6.078762494841982,16.162771941735002,15.534631900235127,-0.6281400414998757,8.109289606893057,9.646348263724576,1.537058656831519,14.636016689348054,12.245996405133042,-2.3900202842150122
2018-12-21,13.4627971974507,1,16.96762307724792,13.254751496151783,-3.712871581096138,10.208919030087316,21.24219343931027,11.033274409222955,15.919727172391887,9.924033546060869,-5.995693626331018,15.761169608401474,15.14777724879869,-0.6133923596027842,7.651694320674238,9.192790137029974,1.5410958163557353,14.267649975901364,12.015237317352586,-2.252412658548778
2018-12-28,13.389921930060417,1,16.86645480875589,13.009187977486562,-3.857266831269328,10.001903357324522,21.519458620843338,11.517555263518815,15.617498088769167,9.28381631797835,-6.333681770790818,16.141240426786737,15.30047869269815,-0.8407617340885878,7.34386895311259,9.213077622312596,1.869208669200006,14.368565945613597,12.01351234904348,-2.355053596570116
2019-01-04,13.556553478758964,1,16.93004207914808,13.1198065028059,-3.81023557634218,9.956167576209793,21.85757233908444,11.901404762874648,16.417814585273646,9.49967354891082,-6.918141036362826,15.97468009599531,15.319920808052345,-0.6547592879429658,7.445381902380106,9.26891856846595,1.8235366660858432,14.615234633546848,12.273429105234314,-2.341805528312534
2019-01-11,13.62403063480013,1,17.003784605815028,13.284318092191711,-3.719466513623317,9.606725993996491,22.04275745073312,12.436031456736629,16.52616840532754,9.45819344646931,-7.06797495885823,16.40010287275325,15.292507310424085,-1.1075955623291662,7.380085828193941,9.223163622903257,1.8430777947093162,14.827316102714533,12.443243886079316,-2.384072216635218
2019-01-18,13.413679219807142,1,17.233740138516396,12.870580225599952,-4.363159912916444,9.632553744512776,22.319771378129047,12.687217633616271,16.656965429459817,9.599422152381067,-7.05754327707875,16.223712104333615,14.373403962396807,-1.8503081419368073,7.292734324828174,9.018372221706016,1.725637896877842,13.442369577192068,12.300525378629928,-1.14184419856214
2019-01-25,13.541239037003924,1,17.749715250278896,13.06329437177186,-4.686420878507036,9.815766824939814,22.389138555249446,12.573371730309631,16.964079555609928,9.651768023755153,-7.312311531854775,16.339784174467425,14.324578741455397,-2.015205433012028,6.964500766255597,8.819584790362043,1.8550840241064463,13.413587650471882,12.999069739429615,-0.41451791104226743
2019-02-01,13.596682072295033,1,17.64140504531109,13.313404532654872,-4.328000512656217,9.608456909705069,22.56516949016286,12.95671258045779,17.60471875077195,10.035585263040403,-7.569133487731548,16.460681811758462,14.382029360220756,-2.0786524515377067,6.953617015724959,8.530590723185398,1.5769737074604393,13.311212900498674,12.753313064505917,-0.5578998359927567
2019-02-15,13.679005401584613,1,17.631605836331047,13.335897031742789,-4.2957088045882585,9.78934457827664,22.810970090923888,13.021625512647248,17.771755159658156,9.964070592366411,-7.807684567291744,16.643352536998748,14.300266290119865,-2.343086246878883,6.897331291072803,8.615642578730515,1.7183112876577127,13.340643007170286,13.047185825624169,-0.2934571815461169
2019-02-22,13.687584143201372,1,17.38630509379601,13.275007829774182,-4.111297264021829,10.080539864450714,23.09237285532926,13.011832990878546,17.77531971064454,9.126911062111517,-8.648408648533021,16.473630160569343,14.442603565847989,-2.0310265947213537,6.86198152879534,8.701458053024538,1.8394765242291982,13.547728500952289,13.487151493120734,-0.0605770078315544
2019-03-01,13.73802224702424,1,17.27256400990281,13.094856269200378,-4.177707740702431,10.018625201213212,23.807537597878095,13.788912396664884,18.302838139653403,9.013863703923008,-9.288974435730395,16.522830055349516,14.483244377312005,-2.0395856780375112,6.903366957261127,8.58938092137089,1.6860139641097618,13.407909118765375,13.439250612461038,0.0313414936956633
2019-03-08,13.802079675048615,1,17.415554092162566,13.029576906152897,-4.385977186009669,10.094517088867903,23.961236490624458,13.866719401756555,18.426567224168693,9.244679356778647,-9.181887867390046,16.700368309523398,14.324304277093887,-2.376064032429511,6.937386928564976,8.758613324071021,1.821226395506045,13.238084407004152,13.49406769557082,0.25598328856666797
2019-03-15,14.010205636238402,1,17.73327036816582,12.659354934881904,-5.073915433283915,11.189937298612378,24.99522125843889,13.805283959826511,18.38565759855865,9.629603971234403,-8.756053627324249,16.832784722275804,14.737629339425283,-2.095155382850521,6.819616094066916,8.640078620805298,1.8204625267383818,13.099967735750838,13.399345692644644,0.29937795689380664
2019-03-22,13.628023435179207,1,17.242434223290573,12.676388685451556,-4.566045537839017,11.829759322428487,22.399005959073676,10.56924663664519,16.506158249475916,9.50523547870371,-7.000922770772206,16.52221403318775,14.861885427728467,-1.6603286054592843,7.07615275197449,9.290755035117797,2.214602283143307,12.591422030718022,13.034870025000032,0.4434479942820104
2019-03-29,13.75582363142872,1,17.827277089327552,13.356097733216473,-4.4711793561110795,11.21676565460372,20.9862161971281,9.769450542524382,16.82210990327441,9.6872630258501,-7.134846877424309,16.50462918528096,16.32526735451148,-0.17936183076947998,7.343284587691798,9.33281294406845,1.9895283563766526,12.820875368393885,12.847284533797705,0.026409165403819657
2019-04-05,13.783062172514947,1,17.952142847631663,14.112925014486223,-3.8392178331454403,11.775572784340255,21.04536863246254,9.269795848122286,16.77242683232329,9.935022729182037,-6.837404103141253,16.34219072464795,15.455183142113526,-0.887007582534423,7.582490630141976,9.51988174711434,1.937391116972364,12.273549216004554,12.629991769731006,0.3564425537264526
2019-04-12,13.960042692454612,1,18.04202301587995,13.977802779580088,-4.06422023629986,11.593848267122524,22.324144132605767,10.730295865483242,17.32133563681684,9.958001220919854,-7.363334415896986,16.69561258943213,15.152237040837363,-1.543375548594767,7.783131333146272,9.704051395035364,1.9209200618890918,12.324305312329955,12.644019585749248,0.3197142734192937
2019-04-19,13.663974235408107,1,17.62402735353936,13.625292983539168,-3.998734370000193,11.304380968135703,21.974275637103048,10.669894668967345,16.701600333575243,9.882373151385437,-6.819227182189806,16.481963608993055,14.386746634735289,-2.0952169742577667,7.763495391166543,9.704737294020418,1.941241902853875,12.108377757038738,12.41041971166527,0.3020419546265316
2019-04-26,13.435408165631635,1,17.213586630770536,13.211519168443772,-4.002067462326764,11.048821465328714,21.602748723256965,10.553927257928251,16.373706779703383,9.810660046197896,-6.563046733505487,16.286238762314426,14.243293411011734,-2.0429453513026914,7.644583755214839,9.581929909690345,1.937346154475506,12.045511600457914,12.162297735189085,0.11678613473117139
2019-05-03,13.3414534907581,1,17.068950851428568,12.721980407334883,-4.346970444093685,10.64220474476771,21.6037457306673,10.961540985899589,16.561235032748613,9.825473408682413,-6.7357616240662,16.129277524774025,14.15515308808422,-1.9741244366898059,7.6753096316976865,9.611412625743313,1.9361029940456262,11.971743159132004,12.130955684036465,0.15921252490446136
2019-05-10,13.692994140914982,1,17.401317138050516,13.995371687022896,-3.4059454510276197,11.185988408481933,20.608192415034708,9.422204006552775,16.66530288357214,10.657972274738938,-6.0073306088332,16.41148191369973,14.974421995294634,-1.4370599184050974,8.152097588900844,9.986147361594362,1.8340497726935183,12.341776912784724,11.935859111804376,-0.40591780098034747
2019-05-17,13.720595243530303,1,17.860868418605307,14.098082225575908,-3.762786193029399,9.94138175636894,20.244941856722747,10.303560100353806,16.67838935698282,10.521415990010667,-6.156973366972153,16.66826306023792,15.21018546838819,-1.4580775918497295,8.292886507661052,10.172838394704286,1.8799518870432337,12.881782361325776,12.076107525780003,-0.8056748355457728
2019-05-24,13.807001749664666,1,17.71872021331967,14.369501626798353,-3.3492185865213173,9.954680500668303,19.55338982959526,9.598709328926958,17.099939977322578,11.063017841995219,-6.036922135327359,16.733227626233685,15.304391885288467,-1.4288357409452175,8.315015723410625,10.354532156132535,2.0395164327219106,13.020426457033139,12.197177158178178,-0.8232492988549609
2019-05-31,13.855459445019761,1,17.789476559610534,14.584937177074664,-3.20453938253587,10.380433864862411,19.54542691359616,9.164993048733749,17.335726045636022,11.408950003059857,-5.926776042576165,16.84027721855881,15.469822254151794,-1.370454964407017,8.019086523561441,9.918762072451585,1.8996755488901442,12.767756457889348,12.204858249784522,-0.5628982081048264
2019-06-14,13.53918479758066,1,17.428852406717965,14.563502623820852,-2.8653497828971126,10.294178142538797,18.832466653027367,8.53828851048857,16.368634898187963,11.007157970932667,-5.361476927255296,16.69975955891566,15.195406923958373,-1.5043526349572858,7.980686355281009,9.804789565069754,1.8241032097887455,12.462997423842566,11.831785048674917,-0.6312123751676495
2019-06-21,14.0135062013139,1,18.149561254716346,14.898334588744504,-3.251226665971842,10.420423649603336,19.53389066254549,9.113467012942152,16.80872829246833,11.580939112018683,-5.227789180449648,17.619387755244574,16.578156532472065,-1.0412312227725096,8.562006041987203,10.28333783757921,1.7213317955920076,12.520930213863608,11.206378474523433,-1.3145517393401747
2019-06-28,13.912158081785842,1,18.071365740678758,14.854184157052373,-3.2171815836263846,10.380339945821518,18.38520634689469,8.004866401073173,16.728969559716063,12.028130618314606,-4.700838941401457,16.978209038503607,16.88706450129773,-0.0911445372058779,8.939496222386154,10.157123506358502,1.217627283972348,12.374567983608955,11.161239360797182,-1.2133286228117726
2019-07-05,14.00215447353049,1,18.32635698181906,14.938633648870379,-3.3877233329486813,10.698498364120908,18.871321325204548,8.17282296108364,16.6260867778863,12.063086104970338,-4.563000672915962,17.13047442956436,17.256571070661792,0.12609664109743335,9.055995806439398,10.02406730888437,0.9680715024449711,12.17551448135292,10.859247382591562,-1.316267098761358
2019-07-12,14.52813144404768,1,18.9035973269324,16.384929450573324,-2.518667876359075,11.646964356511049,18.619083234437326,6.9721188779262775,16.584260658241988,12.144864897434104,-4.439395760807884,17.372111049595887,17.122332068974742,-0.24977898062114434,9.519281474193036,11.413944469398018,1.8946629952049818,13.142573798811725,11.483634543468597,-1.6589392553431281
2019-07-19,14.122073767459883,1,17.84357464195618,16.423990567317688,-1.4195840746384931,10.918742733668637,17.67570946153613,6.756966727867493,16.52762082861169,12.562305728594922,-3.965315100016767,17.0233823527458,17.11447656065755,0.09109420791175182,9.316269104311687,11.130358624163748,1.814089519852061,13.102852943465308,9.825601662489248,-3.27725128097606
2019-07-26,13.400872231934377,1,16.657806154216217,15.389537360614312,-1.268268793601905,10.266637811631327,16.258396437762443,5.991758626131116,16.281650722506626,12.496642321010157,-3.7850084014964693,16.10851642857378,16.25998178173637,0.15146535316259246,8.786186710308897,10.70708418057879,1.9208974702698924,12.304435564369413,9.293591309904173,-3.0108442544652405
2019-08-02,13.514955328381069,1,16.509188266044262,15.472485352680877,-1.036702913363385,10.346656956282004,16.580774995545667,6.234118039263663,16.246648770866855,12.780677615029731,-3.4659711558371242,16.912918036363095,16.45000290073854,-0.4629151356245558,9.362652744270349,11.187688568689794,1.8250358244194445,11.711667196459842,8.618102537601814,-3.0935646588580283
2019-08-09,13.656017140301477,1,16.1727053295415,15.149370767162054,-1.0233345623794463,10.284030674359443,17.066156369778696,6.7821256954192535,16.621380953622477,12.570510197307655,-4.050870756314822,17.333873555881326,16.734366244012335,-0.5995073118689902,9.750755893023694,11.696016473964164,1.9452605809404702,11.773356435380421,8.719682789583942,-3.0536736457964793
2019-08-16,13.590331850371333,1,16.17027397570233,15.153296040079297,-1.0169779356230322,10.334515771411986,16.71525953242049,6.380743761008503,16.497487198389607,12.65966417102051,-3.8378230273690974,17.20829928379038,16.49466059622685,-0.713638687563531,9.731883871096088,11.941451363953078,2.2095674928569906,11.599531001837605,8.577659398527757,-3.0218716033098474
2019-08-23,13.614124913273544,1,16.01652980823428,15.453723718229185,-0.5628060900050968,10.546731226985145,16.64000583826727,6.093274611282126,16.183683755532584,12.37665653942966,-3.8070272161029237,17.4257308431998,16.9071599495378,-0.5185708936620017,9.665487998314646,11.932862338614541,2.267374340299895,11.846585847374811,8.374341095562798,-3.4722447518120134
2019-08-30,13.423709246510493,1,15.363628953410796,15.073315647635141,-0.29031330577565484,10.907256854281044,15.70956674133248,4.802309887051436,15.558143448716876,11.856334882604344,-3.7018085661125326,17.427643881271862,16.95359004518302,-0.4740538360888422,9.566898017815646,11.812036133787444,2.2451381159717982,11.718684323566734,9.137412028520515,-2.581272295046219
2019-09-06,13.456229695780406,1,15.671022618375972,15.02233681494775,-0.6486858034282221,10.861864072913178,16.021839288584843,5.159975215671665,15.844382881456852,11.954820692126688,-3.8895621893301637,17.04949249043314,16.68315874183115,-0.3663337486019884,9.521377773083032,11.811495912389418,2.2901181393063865,11.789238338420262,9.24372672480257,-2.545511613617691
2019-09-13,11.995607008645786,1,13.55803036035529,13.377711345028388,-0.18031901532690142,9.349573856558493,13.851347438891366,4.5017735823328735,14.922824024333536,10.942345199647605,-3.9804788246859317,14.982262697103465,14.619310578256304,-0.3629521188471614,8.285403326168833,10.251808666022939,1.9664053398541057,10.875547787355103,8.93111882402809,-1.944428963327013
2019-09-20,11.915603315754575,1,13.379229629250716,13.827445728802218,0.44821609955150166,9.086801557533946,12.627385005662944,3.5405834481289986,14.919813606536025,11.39028301340592,-3.5295305931301044,14.630701688107763,14.503104042983253,-0.12759764512451,8.425202336311386,10.540520369559573,2.1153180332481867,11.05187107678762,8.604881734113576,-2.446989342674044
2019-09-27,12.089895941730475,1,13.44914042238095,13.907477524639475,0.4583371022585254,8.93641239089358,12.503374040546376,3.5669616496527965,15.072769971479318,11.475345121356312,-3.597424850123005,14.538527416604197,14.382054295200348,-0.15647312140384884,9.764750544895378,11.772895063944105,2.0081445190487273,10.77777490412943,8.498229604696249,-2.279545299433181
2019-10-04,11.96263324155249,1,13.278789201874261,13.436628657623103,0.15783945574884228,8.495057768019748,12.341481110907097,3.8464233428873484,15.02839306719936,11.291797437454036,-3.7365956297453238,14.478174749336347,14.308320602128646,-0.1698541472077011,9.650431312405004,11.989581090960655,2.339149778555651,10.844953350480225,8.407990550241394,-2.436962800238831
2019-10-11,11.953382081405815,1,13.322132191430399,13.749662281689055,0.4275300902586565,7.93595749663794,12.590218245004635,4.654260748366696,15.230148934647104,11.216449068616043,-4.013699866031061,14.735424237168061,13.82757227060155,-0.9078519665665112,9.726720618799689,12.198627980630661,2.471907361830972,10.7699090097517,8.137762641892962,-2.632146367858738
2019-10-18,11.594036380754014,1,12.967927565798377,12.997792941837417,0.029865376039040825,7.569572824326897,12.532668652844777,4.963095828517879,14.808576153287689,10.889640545644554,-3.918935607643135,14.398990730593539,13.40391826961573,-0.9950724609778092,9.31051458182364,11.668925083031112,2.358410501207473,10.508636428693947,8.071272791550541,-2.437363637143406
2019-10-25,11.837098457168318,1,13.52743081951327,13.57241630759249,0.044985488079220204,8.37746516676701,13.229394621128861,4.851929454361851,15.44892958505254,11.678165249596205,-3.7707643354563345,14.499833114734386,12.764792622646908,-1.735040492087478,8.71519829555649,11.063623450416458,2.3484251548599673,10.453733761386218,8.714198491628963,-1.7395352697572548
2019-11-01,11.609834539953454,1,13.429153739274838,13.621263139004967,0.19210939973012842,8.853278366045046,12.628120243949937,3.7748418779048905,14.857679630954422,11.380100456662404,-3.4775791742920177,14.014333773274359,13.012505208531522,-1.001828564742837,8.232306017628304,10.257494219271308,2.0251882016430045,10.272255712543753,8.759523972300585,-1.5127317402431686
2019-11-15,11.772968828399044,1,13.684868088283892,13.950629727676656,0.265761639392764,9.1986430981962,13.114646903009842,3.9160038048136414,14.720323556367845,11.370377419389172,-3.349946136978673,14.2512675623896,13.044907305371353,-1.2063602570182468,8.63037156846218,10.10158396209583,1.4712123936336496,10.152339096694547,9.055667652851426,-1.096671443843121
2019-11-22,11.319186545562209,1,13.137127774094722,13.574459152736935,0.43733137864221305,8.290911484099809,13.267617688356765,4.976706204256956,14.162199655941507,10.591281015819405,-3.570918640122102,13.979329563662304,12.81347929562132,-1.165850268040984,8.345261184402304,9.407637666913743,1.0623764825114392,10.000289611172605,8.260644453925067,-1.739645157247537
2019-11-29,11.397012549227297,1,13.5641330046506,12.968315456844891,-0.5958175478057086,8.538797895662782,14.928401547077257,6.389603651414475,14.083587934064582,10.709140312112964,-3.3744476219516173,14.138038607516023,12.347550414280235,-1.7904881932357881,8.188154187856952,9.164436633425865,0.9762824455689127,9.869363665612838,8.264230931622564,-1.6051327339902741
2019-12-06,11.234905809359768,1,13.760234368767001,12.720053194203416,-1.0401811745635854,8.40431407627203,14.841575772606248,6.437261696334218,13.91433536315813,10.534821822210404,-3.379513540947727,14.03369481487752,11.947705687812402,-2.085989127065119,8.025718038112856,8.835787530700756,0.8100694925878997,9.271138194971073,8.529490848625358,-0.7416473463457152
2019-12-13,11.616961076234423,1,14.086056813004987,12.504373778316264,-1.581683034688723,9.286149960026009,15.029707275646487,5.743557315620478,14.017651995225108,10.700212181301708,-3.3174398139234,15.037013775472133,12.93758872336916,-2.0994250521029727,8.02923908009835,8.782098337503356,0.7528592574050066,9.245654833579948,9.747786161269573,0.5021313276896251
2019-12-20,10.879118731175447,1,13.591855651673697,12.141865082402546,-1.4499905692711508,7.698724444871232,13.813715487518422,6.1149910426471905,13.232147378175966,9.990983858114248,-3.2411635200617184,13.829089815979785,12.204456746359739,-1.624633069620046,8.040553125456512,8.241398215697856,0.20084509024134434,8.882341970895496,8.88229299695989,-4.8973935605545194e-05
2019-12-27,11.169370609944247,1,14.417967876067863,12.348875113923,-2.0690927621448623,7.722984796229127,14.030912401829994,6.307927605600867,13.264714324061202,10.422825651149736,-2.841888672911466,13.833486970196518,12.62593178237961,-1.207555187816908,9.065321617127879,8.850973365781215,-0.2143482513466637,8.711748075982896,8.73670534460193,0.024957268619033357
2020-01-03,11.00885391075858,1,14.021665031020973,12.460634574984681,-1.561030456036292,7.536738266977167,13.423906302239587,5.88716803526242,13.107769705149252,10.198422469465228,-2.9093472356840238,13.810754360386014,12.283441832656806,-1.5273125277292081,8.71071017794901,9.154771298421323,0.4440611204723126,8.865485923069059,8.531946986783879,-0.33353893628517994
2020-01-10,10.329298125541145,1,13.185767249240428,11.637458194595283,-1.548309054645145,6.619093824491259,12.304641916526307,5.685548092035049,12.222264359251028,9.431742333145422,-2.790522026105606,13.201231866448907,11.969311971576587,-1.2319198948723198,8.120281408290552,8.572004076087069,0.45172266779651693,8.6271500455247,8.060630261316192,-0.5665197842085092
2020-01-17,10.431009244966658,1,12.975508139027582,11.985114947569642,-0.9903931914579402,6.458669612651818,12.200474972560087,5.74180535990827,12.178868558016816,9.49017983013539,-2.688688727881427,13.190503002800313,12.045678007078095,-1.1448249957222174,8.267429496339105,8.742317308725333,0.47488781238622835,9.515076660964311,8.122290403731398,-1.3927862572329133
2020-01-24,10.449414929259667,1,13.014940699286413,12.04433841093821,-0.9706022883482035,6.431236164780543,12.233369240030939,5.802133075250396,12.171781474647503,9.417494202094957,-2.7542872725525456,13.308600783987757,12.261084699610535,-1.0475160843772215,8.312304087565877,8.971858698478698,0.6595546109128207,9.457626365289912,7.7683443244046515,-1.68928204088526
2020-01-31,11.343280594365657,1,14.06807497381206,12.977206929740618,-1.090868044071442,7.06495918709885,12.564290437969206,5.499331250870355,12.504478195378951,9.9399640980929,-2.5645140972860503,14.015337699179938,13.202168681052015,-0.8131690181279225,10.112480728448645,11.05602779946173,0.9435470710130858,10.294352782275496,8.320025619877455,-1.9743271623980405
2020-02-07,10.784421438036913,1,13.58420816691553,12.11580693204813,-1.4684012348674003,6.659928995461584,11.828956960859045,5.169027965397461,12.143944632453668,9.458041113627587,-2.6859035188260805,13.032133683135754,12.88179692954742,-0.1503367535883342,9.563361225212475,9.732366580035034,0.16900535482255918,9.722951925042466,8.689560112104274,-1.0333918129381914
2020-02-14,10.972144597189251,1,13.78862208513921,12.27107756968799,-1.5175445154512204,6.691056677397384,12.43824914378726,5.747192466389876,12.234071929339265,9.718055467708695,-2.5160164616305707,13.901180862888197,13.20872173457471,-0.6924591283134873,9.486061648581881,9.87017025579712,0.3841086072152393,9.731874379789573,8.326593411579779,-1.4052809682097944
2020-02-21,11.285925456904934,1,13.978772145597773,12.413391830165821,-1.5653803154319519,6.668560805472637,12.804019460827348,6.135458655354711,12.511631604882837,10.261895558390336,-2.249736046492501,14.502629454220639,13.641338067090842,-0.8612913871297962,10.489129732941635,10.401208075356976,-0.08792165758465842,9.564828998314084,8.193699749598295,-1.3711292487157891
2020-02-28,12.774199661886582,1,15.878784426203339,14.430205975012,-1.448578451191338,7.715435843046052,14.564642385558841,6.849206542512789,13.99386970335813,11.704386975275,-2.2894827280831294,16.30315868055375,14.732854143795848,-1.5703045367579023,12.149056372124477,13.097890103454333,0.9488337313298558,10.604892946033743,8.115218388223468,-2.4896745578102752
2020-03-06,12.74536011359143,1,15.770899582061887,14.720552037673244,-1.050347544388643,8.1541085599453,13.824861619940535,5.670753059995235,14.051272018141148,12.38372109218193,-1.667550925959219,16.279822171633043,14.632938720400219,-1.6468834512328243,12.048516831505836,12.816320962591178,0.7678041310853416,10.167541518261359,8.093766248761483,-2.073775269499876
2020-03-13,15.461262644492743,1,18.769576042644886,17.710058495375492,-1.0595175472693938,11.077939453519946,15.913411195321842,4.835471741801896,16.500624804978187,15.146989074407955,-1.3536357305702325,18.876875000342977,18.0372340246917,-0.8396409756512782,15.225365070676872,16.445417886391482,1.2200528157146096,12.317195494793594,9.514465190767993,-2.8027303040256015
2020-03-20,16.743011615045322,1,21.611961006155028,19.81097489754562,-1.8009861086094077,12.72674298295236,18.457830585565063,5.731087602612703,18.009732262811198,15.961264234435191,-2.048468028376007,20.799381213684384,19.52167547183963,-1.2777057418447555,13.877514555132066,15.997318156335396,2.11980360120333,13.432737669536905,10.709006344551042,-2.723731324985863
2020-03-27,17.856668766927076,1,23.224404650326903,21.561607398461874,-1.6627972518650296,14.089167311595787,20.523807719551982,6.434640407956195,19.26778585814624,16.834978336407573,-2.432807521738667,22.368172965454363,21.23968264776559,-1.1284903176887724,14.448425473206882,15.770790460325827,1.3223649871189451,13.74205634283227,11.209146039049628,-2.532910303782643
2020-04-03,18.296173736568143,1,23.181119065299512,21.79056785967596,-1.3905512056235523,14.299234395266168,20.94417819633776,6.644943801071591,19.517779526104462,17.088929324136018,-2.4288502019684444,23.216341830410684,21.72750481290916,-1.488837017501524,16.223805146357947,17.323181497857732,1.0993763514997852,13.338762455970084,10.902680728492186,-2.436081727477898
2020-04-10,19.62839897643018,1,25.188215348860894,23.205322328658767,-1.9828930202021269,15.287237440964262,21.960799885808896,6.6735624448446345,20.312267073808812,17.80110677097531,-2.5111603028335026,24.850896015868443,24.02251811906126,-0.8283778968071829,17.489996574846245,19.479192493759044,1.9891959189127988,14.641781404232432,11.301454260317783,-3.3403271439146494
2020-04-17,20.034728169657395,1,25.165290100675108,23.12360849223674,-2.041681608438367,15.911073487027991,22.583412824548958,6.672339337520967,21.116808194356537,18.46432463655576,-2.652483557800778,25.015186502849915,24.332579443124075,-0.6826070597258393,18.016445389936635,20.166717764034814,2.1502723740981793,14.983565343098178,11.537725857444045,-3.4458394856541332
2020-04-24,20.670266040801387,1,26.157344845725405,23.839303189622,-2.3180416561034036,16.61286024862271,23.704060449850473,7.091200201227764,21.83452295143057,19.01000170891261,-2.82452124251796,25.73192556057444,24.9993730994926,-0.7325524610818377,18.5053183279648,20.5827597456408,2.077441417675999,15.179624310490397,11.886098051289835,-3.2935262592005614
2020-05-01,21.271461212114684,1,26.995426653001317,24.50521980623776,-2.490206846763556,17.708594207873148,25.575831367582495,7.867237159709347,22.42305523386551,19.46019285112878,-2.9628623827367306,26.46420939179262,25.523673912342815,-0.9405354794498066,19.097215646475462,20.932269942242243,1.8350542957667813,14.940266139680034,11.63157939315397,-3.308686746526064
2020-05-08,21.361286910492282,1,27.34086177210189,24.704582927121734,-2.636278844980154,17.81388845066182,25.85338787049345,8.039499419831628,22.18905726968599,19.228904935524568,-2.960152334161421,26.106374044379578,25.647645511766484,-0.4587285326130939,19.296897041627275,21.081453931978587,1.7845568903513112,15.420642884497155,11.6517462860689,-3.768896598428256
2020-05-15,21.16220748069051,1,27.094726596161323,24.236136473356012,-2.8585901228053103,17.76001930856377,26.20062912443136,8.440609815867589,20.78634547024825,17.901935366870205,-2.8844101033780447,26.491710392238787,25.128446126292445,-1.3632642659463414,19.292539278231573,21.551706820578758,2.2591675423471855,15.547903838699341,11.954390972614263,-3.593512866085078
2020-05-22,21.112838864942443,1,26.595128700481112,23.94502234296725,-2.650106357513863,17.80895230912374,26.07627854310401,8.26732623398027,20.754048325550087,17.983308579928135,-2.7707397456219525,26.552192975650442,25.215317002766298,-1.336875972884144,19.324685514728515,21.602936760093655,2.2782512453651407,15.642025364120755,11.85416996079529,-3.787855403325466
2020-05-29,21.67674033497614,1,27.332751840228767,24.20091729712688,-3.1318345431018884,18.82919807680821,27.834315028446582,9.005116951638371,21.6730027493129,18.818020329536992,-2.854982419775908,26.728978991584512,25.03019679631622,-1.6987821952682935,19.745911684877882,22.056638867457934,2.3107271825800524,15.750598667044557,12.120353690972252,-3.630244976072305
2020-06-05,22.76913675672601,1,28.17505473263094,25.970328696575876,-2.204726036055064,20.10945149516374,29.498745334003686,9.389293838839947,22.836044261542412,20.50690161632349,-2.329142645218923,28.479141010304048,25.252460695842032,-3.2266803144620155,20.939828725828775,23.440930657547085,2.50110193171831,16.075300314886135,11.945453540063852,-4.129846774822283
2020-06-12,22.48562582676347,1,28.149457622945135,25.48195257495108,-2.667505047994055,19.731129698697643,29.786125327837325,10.054995629139682,21.992699963984464,20.004703593331186,-1.9879963706532777,28.254453997902885,24.926918314281878,-3.327535683621008,20.757601068546123,22.98215246712971,2.2245513985835856,16.02841260850458,11.731902683049668,-4.296509925454913
2020-06-19,22.844648030631717,1,28.537002180666008,25.925719251874995,-2.611282928791013,20.153087218962725,30.13265508465615,9.979567865693426,23.62191454312756,21.194718134847022,-2.427196408280537,28.51077635711316,24.813204488391904,-3.697571868721255,20.970918111703355,23.29640732121996,2.325489209516604,15.274189772217497,11.705183902800243,-3.5690058694172535
2020-06-26,23.14193173937115,1,28.47901231197379,25.9142546664375,-2.5647576455362895,21.040971127944033,30.483098574218104,9.442127446274071,23.682057648663942,21.193923058820673,-2.48813458984327,28.94571578881842,25.7368795465935,-3.208836242224919,21.25529178769915,23.583738146762627,2.328446359063477,15.448541771127552,11.939696443394496,-3.508845327733056
2020-07-03,23.469685999416356,1,29.48338804948527,26.960667166774172,-2.5227208827110985,21.36384335332285,30.733144755782476,9.369301402459627,23.90489041412215,21.489431799386452,-2.415458614735698,29.6151080268517,26.042469211234476,-3.572638815617225,21.47759367223064,24.063504269910595,2.5859105976799555,14.97329248048554,11.528898793409951,-3.444393687075589
2020-07-10,22.91781176651949,1,28.236858424899296,26.129139890946263,-2.107718533953033,20.645690067749058,29.431590742965085,8.785900675216027,23.82503875680142,21.63620390643635,-2.188834850365069,28.310777069743025,24.786987357141598,-3.5237897126014275,21.481239234420443,24.214855157405324,2.7336159229848818,15.007267045503681,11.308093544222302,-3.699173501281379
2020-07-17,23.03542377422127,1,28.231238379951648,26.606513830840854,-1.6247245491107947,20.964977405014835,29.023878481601415,8.05890107658658,24.23247079480636,21.445351752651035,-2.787119042155325,28.083377777794723,25.075270534135967,-3.008107243658756,21.521726603092404,24.524247327035766,3.0025207239433627,15.178751684667645,11.537280719062565,-3.6414709656050803
2020-07-24,22.93289456651483,1,27.97763066115546,26.174938549617735,-1.8026921115377235,20.86555212454401,28.5006508593939,7.63509873484989,23.986665189285688,21.436018674537664,-2.550646514748024,28.020357240128774,25.77021133816089,-2.2501459019678833,21.66790844007882,24.219805903132837,2.5518974630540185,15.079253743896203,11.495742074245925,-3.583511669650278
2020-07-31,23.10517693854781,1,28.332899435720634,26.004587634159662,-2.3283118015609716,21.096294891671164,28.358245783315354,7.26195089164419,24.164506531641507,21.785024949263914,-2.3794815823775934,28.140267865775186,25.92493446002895,-2.215333405746236,21.65051366181963,24.20967998940486,2.559166327585231,15.246579244658747,12.348588815114141,-2.897990429544606
2020-08-07,23.328042346775984,1,28.458222958395964,26.018334352594877,-2.4398886058010874,21.89498986905484,29.147579321492557,7.252589452437718,24.06649996871535,21.847496057348707,-2.2190039113666415,28.177894119067417,26.189953984110886,-1.9879401349565313,21.62792187972842,24.23066825916375,2.602746379435331,15.742725285693908,12.534222105945162,-3.208503179748746
2020-08-14,23.498842214971308,1,29.18901589016798,27.024389023587005,-2.1646268665809743,22.06392419890942,29.222058277926422,7.158134079017003,24.190710041942637,21.801100163356807,-2.38960987858583,28.215110584908885,26.230159834352392,-1.984950750556493,21.579956890237284,24.0959166442114,2.5159597539741156,15.754335683661637,12.619429346393858,-3.134906337267779
2020-08-21,23.40747016027264,1,28.842114068365248,27.567248271927696,-1.2748657964375525,22.00418510076787,28.890635492555518,6.886450391787648,24.049504302184914,21.916702464258833,-2.132801837926081,28.240253315008346,26.10780821474023,-2.1324451002681144,21.71266371114696,23.785075603363566,2.072411892216607,15.596100464162532,12.17735091479004,-3.4187495493724924
2020-08-28,23.800894850933748,1,28.94859504421268,28.024693697103842,-0.9239013471088384,22.178708365583248,29.250339024739716,7.071630659156469,24.228053779057774,22.148553171966086,-2.0795006070916884,29.435192696364282,26.598971847176884,-2.8362208491873986,21.987414409263422,24.25698729442398,2.2695728851605566,16.027404811121073,12.525824070191959,-3.501580740929114
2020-09-04,23.964101081298192,1,28.783893060531895,27.959404871911914,-0.8244881886199806,22.359199037001815,29.84318239908501,7.483983362083194,24.21620407102006,22.088250439104897,-2.1279536319151617,29.952176474259076,26.303951457781622,-3.648225016477454,22.412729371701417,24.87211869492458,2.4593893232231636,16.060404473274886,12.71769862498111,-3.3427058482937753
2020-09-11,24.140037193130098,1,29.127026478798115,28.5548112170502,-0.5722152617479139,22.18966989637275,29.500009910933514,7.310340014560765,24.54720025880556,22.45782523949927,-2.0893750193062886,30.27873595709785,26.294924604474673,-3.983811352623178,22.676974187319757,25.121186434371367,2.4442122470516097,16.02061638038657,12.911465752451576,-3.1091506279349943
2020-09-18,24.27724543552984,1,29.700464763340847,27.021192623214404,-2.679272140126443,21.667908350229624,30.759167250036384,9.09125889980676,25.63721984054135,23.89614529669791,-1.741074543843439,29.886647392554664,26.987916373589073,-2.8987310189655915,23.020376983662672,25.822166824065164,2.801789840402492,15.75085528284987,11.176884245576062,-4.573971037273807
2020-09-25,24.42744631799574,1,29.53438328461182,27.809844203086314,-1.7245390815255064,21.48278800605152,29.961871083975396,8.479083077923875,26.744004880083907,24.749115786726904,-1.9948890933570027,30.072372300588583,26.926770140862857,-3.145602159725726,23.013777354084937,26.22971869521298,3.215941341128044,15.717352082553688,10.887357998109977,-4.829994084443712
2020-10-02,24.06126217035616,1,28.005059078310722,28.19903304805011,0.19397396973938896,21.646668098308425,30.08507385334248,8.438405755034054,25.839411397938022,22.46110723580574,-3.378304162132281,30.089180730078596,26.115851731134498,-3.9733289989440976,23.004193313047622,25.63854169997623,2.6343483869286075,15.78306040445355,11.867965453827892,-3.915094950625658
2020-10-09,24.943205995083797,1,29.060714608258635,27.679829852043028,-1.3808847562156075,22.15620221189036,31.92793619539931,9.771733983508952,26.227175684494128,23.60905992939979,-2.618115755094337,31.337181363994475,27.615845008270227,-3.7213363557242474,24.67177348287916,27.28336928123592,2.6115957983567597,16.20618861898602,11.543195704154485,-4.662992914831534
2020-10-16,24.87647576973741,1,29.082401838543987,27.489777960693075,-1.5926238778509116,22.12448928730865,31.345169934275617,9.220680646966969,26.28826952332645,23.935421193460215,-2.3528483298662337,31.097507884999615,28.26633780470901,-2.8311700802906046,24.51352705025542,26.80262826408942,2.2891012138340017,16.152659033990346,11.41951946119707,-4.733139572793277
2020-10-23,24.290300753384695,1,28.33597852778516,26.93350171198888,-1.4024768157962768,22.063486026158202,31.107879766489546,9.044393740331344,25.451362861773816,22.837618191164083,-2.6137446706097336,29.763714324779926,27.59007783913944,-2.173636485640486,24.12366054719125,26.255401166338018,2.1317406191467683,16.003602232619798,11.01732584518821,-4.986276387431587
2020-10-30,24.146334055904216,1,27.732908113601013,24.135295823994,-3.5976122896070137,21.794801824147356,31.2305873303454,9.435785506198044,25.33410813011581,23.033135422302493,-2.3009727078133153,30.437142617253784,28.60632243348654,-1.8308201837672442,23.87364809482763,26.612780743325146,2.7391326484975167,15.705395555479697,11.259882581971695,-4.445512973508002
2020-11-06,25.251453222599753,1,29.387933591384922,22.812807707947613,-6.575125883437309,23.006751868045782,33.80544511189562,10.79869324384984,26.433232394391695,24.51924263371893,-1.913989760672763,31.532340330078597,30.46124555678621,-1.071094773292387,25.0683100777823,28.20471645105819,3.1364063732758893,16.080151073915246,11.705261874191962,-4.374889199723285
2020-11-13,25.596227730651535,1,28.080366589709996,21.928441116396357,-6.151925473313639,23.634986955168785,34.55302579391892,10.918038838750135,26.923157580307304,25.162664450889707,-1.760493129417597,32.23099989308031,31.02432494423894,-1.2066749488413677,25.765420534923507,29.07161858855828,3.3061980536347733,16.942434830719293,11.837291489906974,-5.105143340812319
2020-11-20,24.959324374013615,1,27.652382632706903,21.309478974308448,-6.3429036583984555,21.25524328373693,33.56067415326913,12.305430869532202,26.660279807852945,24.20864787464923,-2.451631933203714,31.804170923698038,29.60187535376062,-2.2022955699374194,25.651641729390576,28.63895164699821,2.9873099176076323,16.73222786669629,12.436318241096046,-4.295909625600245
2020-11-27,25.301742041467364,1,27.815261214895855,22.35297456724342,-5.462286647652434,21.408904563880157,30.335281103325983,8.926376539445826,26.9210422361066,25.263499267665125,-1.6575429684414758,32.45020082855444,30.817183062195497,-1.6330177663589467,25.820663786640083,30.001782925607742,4.181119138967659,17.394379618727044,13.039731322766414,-4.354648295960629
2020-12-04,24.718814919142403,1,27.24763948583022,21.716254060142347,-5.531385425687873,21.05461371217538,29.49813177691307,8.443518064737688,26.204055151961953,23.587623504262567,-2.616431647699386,31.029637025740854,30.52820596947707,-0.5014310562637831,25.376325011897535,29.46274195427972,4.086416942382186,17.400619127248504,13.519932249779643,-3.880686877468861
2020-12-11,25.168409061025972,1,27.81289861987878,22.42158392351557,-5.39131469636321,21.344706746279755,31.420753735219904,10.07604698894015,26.759677871460113,23.560371730858535,-3.1993061406015784,30.918912791013526,30.290982212953764,-0.627930578059761,26.5742517303118,29.615784683626075,3.041532953314274,17.60000660721188,13.70097807998198,-3.899028527229902
2020-12-18,23.913788561533476,1,26.509191024080422,21.00992255929448,-5.499268464785942,20.499970343248933,29.979853202597766,9.479882859348834,23.111566198670488,20.42727620502511,-2.684289993645379,30.004181239485575,30.50769844539002,0.5035172059044442,26.080881746349775,28.248039089834137,2.1671573434843623,17.27694081736567,13.30994186705935,-3.966998950306319
2020-12-25,23.918900241337695,1,26.546739066408165,21.0643346705522,-5.482404395855966,20.48390522569143,29.865030715437314,9.381125489745884,23.070455813414767,21.06837682093466,-2.002078992480108,30.116277614550143,30.448582295081124,0.3323046805309815,25.85955005654003,27.930522548393398,2.070972491853368,17.436473671421624,13.13655439762745,-4.299919273794174
2021-01-01,23.912840784719695,1,26.231070926692198,20.47583666151283,-5.755234265179368,20.661321253235116,29.901003420870055,9.239682167634939,23.17077629734574,21.17265696284936,-1.99811933449638,29.951458826919875,30.81077799211498,0.8593191651951031,26.110215550274305,27.925488713614016,1.815273163339711,17.352201853850943,13.191280957356952,-4.160920896493991
2021-01-08,24.034689401327977,1,26.074344530286496,21.207153739866882,-4.867190790419613,20.635592296120393,28.042151171765312,7.406558875644919,22.86817923134467,20.857815460735523,-2.010363770609146,30.8324243319245,32.06283444717424,1.2304101152497395,26.353868389004205,27.49329995665778,1.139431567653574,17.44372762928758,14.544881631768078,-2.8988459975195013
2021-01-15,23.491041392580218,1,25.611351649527776,19.941090466196954,-5.6702611833308225,19.934930763182948,28.410978356494752,8.476047593311804,22.058157331671367,20.16075034584881,-1.8974069858225562,30.45720738251741,32.6983462962623,2.2411389137448907,26.078797622085304,25.908702288465378,-0.17009533361992624,16.805803606496497,13.82638060221312,-2.979423004283376
2021-01-22,23.407321911751968,1,25.52951909484311,19.82736678495037,-5.702152309892739,19.897002511385267,28.33931021001436,8.442307698629094,21.83622035137573,20.427753142548355,-1.4084672088273749,30.483329612041132,32.33477091435611,1.8514413023149814,26.00248018637673,25.909328016566477,-0.09315216981025287,16.69537971448986,13.605402402076137,-3.0899773124137226
2021-01-29,23.471056972754912,1,25.584771399817768,19.270438889321525,-6.314332510496243,20.61964928466172,30.13492612346144,9.515276838799721,20.768955119979708,17.901164247155407,-2.867790872824301,29.99900872670453,32.50161759922541,2.502608872520881,26.20748641781441,25.1548761351751,-1.0526102826393071,17.64647088755136,15.86331884219058,-1.7831520453607794
2021-02-05,23.43862601230695,1,25.738734746386257,19.831710969135287,-5.90702377725097,20.75742830748146,30.25065604865354,9.493227741172078,21.73721057244461,17.648964892728884,-4.088245679715726,27.884487944746795,31.85705536190953,3.972567417162736,26.711668655775497,25.238696460129972,-1.472972195645525,17.802225847007065,15.804672341284487,-1.9975535057225784
2021-02-12,23.285197991382603,1,25.741591978965914,19.306894328390356,-6.434697650575558,20.650037759219103,29.74330134635362,9.093263587134516,21.18166514126891,16.80945851702907,-4.372206624239837,27.5896033052111,32.82808451489875,5.238481209687649,26.706465359858072,24.59926939249931,-2.107195967358763,17.84182440377252,16.42417984912457,-1.41764455464795
2021-02-19,23.129064123622985,1,25.32406023788795,18.877432895589408,-6.446627342298541,20.61214670153292,29.53829831053268,8.92615160899976,21.154257942978703,16.946107212261865,-4.208150730716838,27.45497036950313,32.7713189367,5.316348567196869,26.57572263929758,24.500436672752187,-2.075285966545394,17.653226850537635,16.140790713901737,-1.5124361366358983
2021-02-26,22.711966935182016,1,24.558404790630647,18.008999958181334,-6.549404832449312,20.29505941585434,28.24331909520474,7.9482596793504,20.779463241130827,16.66956009188418,-4.109903149246648,27.559581110884736,33.44875850693852,5.889177396053782,25.90006917105103,23.822341424013572,-2.077727747037457,17.179223881540494,16.078822534869744,-1.1004013466707505
2021-03-05,22.20276425223331,1,24.378078293735783,17.391144706531094,-6.986933587204689,19.605073413121417,27.790624320899212,8.185550907777795,21.74942755993871,17.739109257242433,-4.010318302696277,26.679372788591294,32.75472568618734,6.075352897596048,25.47110038986439,23.064329803443854,-2.406770586420535,15.33353306814827,14.476651739095928,-0.8568813290523423
2021-03-12,22.193531051886,1,24.740062071425626,18.15555300662612,-6.584509064799505,19.72565474288072,27.703560974792524,7.977906231911803,21.415434402946488,18.041986476516,-3.3734479264304866,26.914305106473037,32.82981819465884,5.915513088185804,25.803055868967306,23.35618078301158,-2.4468750859557247,14.562674118622837,13.074086875710961,-1.4885872429118763
2021-03-19,22.17380045084957,1,24.228219682930174,17.75911896391719,-6.469100719012985,20.05293649401638,27.542901594184784,7.489965100168405,21.15571138359296,17.529632939827465,-3.6260784437654934,27.01575042077387,32.55870346163766,5.542953040863793,25.813324061070873,23.365443644711533,-2.4478804163593395,14.776860662713148,14.287002100818796,-0.4898585618943514
2021-03-26,22.01908836580932,1,24.130658653818855,17.563069359634355,-6.567589294184501,19.967645176530667,27.88619923744463,7.918554060913962,21.083766140404705,17.444705431275864,-3.6390607091288416,26.93826337038483,32.57055527992249,5.632291909537656,25.318772815144058,22.690864043918964,-2.627908771225094,14.6754240385728,13.959136842659603,-0.7162871959131962
2021-04-02,22.15077128322193,1,24.27350451121346,17.53763487425107,-6.735869636962391,19.96248138202941,28.175481285263217,8.212999903233808,21.51538754342205,17.855164352758067,-3.6602231906639844,27.23895249089047,32.97187471856965,5.7329222276791825,25.41932050150531,22.445595454056672,-2.9737250474486387,14.494981270270856,13.918877014432908,-0.5761042558379472
2021-04-09,22.049449525579007,1,24.457442222445792,17.83222319111752,-6.625219031328271,20.011033853971384,27.909693631326903,7.898659777355519,21.20767709846548,17.72854692711296,-3.479130171352523,26.70441096316145,32.89410722034637,6.18969625718492,25.280671804854265,22.14609765984609,-3.134574145008173,14.63546121057567,13.786028523724198,-0.8494326868514719
2021-04-16,22.246864197082033,1,24.661982589008034,17.850357641053876,-6.811624947954158,20.266926749973365,27.932690965657045,7.66576421568368,21.27521741155678,17.584708891897662,-3.6905085196591187,27.011639045946538,33.835294730629386,6.823655684682848,25.40134483958498,22.1428699077795,-3.2584749318054804,14.864074546422486,14.135263045474701,-0.7288115009477849
2021-04-23,22.259986561921377,1,24.072541826617808,17.56050700738571,-6.512034819232099,20.474584077063795,28.300527138854378,7.825943061790582,20.942406091563583,17.154051619345267,-3.788354472218316,27.205184523542115,34.08796639747912,6.882781873937006,25.934466154458576,22.250447691782753,-3.684018462675823,14.930736698282374,14.206419516681024,-0.7243171816013501
2021-04-30,22.17067647691506,1,24.420084557613464,17.81166176347618,-6.608422794137283,20.304535442426115,28.305239936402685,8.00070449397657,21.566273015623466,17.162212424819955,-4.40406059080351,26.997378744652792,33.38770591230774,6.390327167654945,25.088627253355114,22.42275727697192,-2.665869976383192,14.64715984781941,13.934481547511865,-0.7126783003075445
2021-05-07,22.457721012371213,1,24.874868253421027,18.532524851507148,-6.34234340191388,20.37914862510722,28.215827029920746,7.836678404813526,21.498189665561114,17.44889310947906,-4.049296556082055,26.990704877399565,33.26257578645978,6.271870909060212,25.64572511281142,22.815760649981215,-2.8299644628302048,15.357689539926923,14.470744646879325,-0.8869448930475983
2021-05-14,22.517356406381847,1,24.80037098707473,18.005440967903212,-6.794930019171517,20.572768690390348,28.396334707594036,7.823566017203689,21.832450909346036,17.841198451314057,-3.9912524580319797,26.97537846796692,33.44065005483205,6.4652715868651285,25.59363095113025,22.53476729103845,-3.058863660091802,15.32953843238279,14.885746965609272,-0.44379146677351855
2021-05-21,22.47280556865461,1,25.019543496953247,17.979917325247598,-7.039626171705649,20.628218693245813,28.47711474923055,7.8488960559847385,21.660700046651513,17.642891977068587,-4.017808069582927,26.761554058335904,33.45146325567636,6.689909197340455,25.33643068112059,22.372699693589595,-2.963730987530994,15.43038643562059,14.912746411114938,-0.5176400245056527
2021-05-28,22.594286500113757,1,24.763615725100465,17.7833555123739,-6.980260212726563,21.034233900878576,29.166014537717345,8.13178063683877,21.765938132814938,17.7395393490403,-4.0263987837746384,26.913353185163245,33.84918665318888,6.935833468025635,25.541561320566714,22.000403952686284,-3.5411573678804302,15.54701673615861,15.027218995675852,-0.5197977404827583
2021-06-04,22.677826683393135,1,24.904971609966964,17.50217216960823,-7.402799440358734,20.880107303288426,29.31438122089436,8.434273917605935,21.705166024615067,17.65834308593719,-4.046822938677877,27.359974920641747,34.56829364891192,7.2083187282701715,25.538150053034357,22.030682264899255,-3.507467788135102,15.678590188812251,14.993087710107844,-0.6855024787044073
2021-06-11,22.774640446405204,1,24.977705184787027,17.494139518834714,-7.483565665952312,20.77206663784166,29.531141311826502,8.759074673984841,21.8323693559677,17.577862064960442,-4.254507291007258,27.47549330023986,35.0095689596867,7.534075659446842,25.59260810905883,22.12776219535327,-3.4648459137055596,15.997600090536167,14.907368627769642,-1.0902314627665248
2021-06-18,22.718789900133732,1,24.791753416828172,17.54860338010296,-7.243150036725211,20.564294714413336,28.81403941552898,8.249744701115645,21.820578135255417,17.68304617954402,-4.137531955711395,27.429300361480443,34.80522893724563,7.375928575765187,25.380351184158684,22.145055161328315,-3.2352960228303687,16.326461588666334,15.316766327052463,-1.0096952616138708
2021-06-25,22.273732016994177,1,24.726497797262823,17.781019124914707,-6.945478672348116,20.240770043894358,28.324072544322263,8.083302500427905,21.833248871253048,18.0148189988206,-3.8184298724324464,26.743885182607755,33.569552877107284,6.825667694499529,24.408073111469662,21.05190971103376,-3.3561634004359036,15.68991709547744,14.901018845766515,-0.7888982497109254
2021-07-02,22.239522347057317,1,24.630953371293657,18.68062634482783,-5.950327026465828,19.59704217091401,26.75290619325979,7.1558640223457814,21.867803660031072,18.460010998228967,-3.4077926618021053,26.921378224041703,33.74794076607773,6.826562542036029,24.638674072755805,21.24107830752881,-3.3975957652269955,15.781282583307643,14.554571472420747,-1.226711110886896
2021-07-09,21.74272665137826,1,23.900494606201377,17.192228063404286,-6.708266542797091,19.32661713205418,26.424357130967223,7.097739998913042,21.51598344758078,18.263322211637302,-3.252661235943478,26.820908989252985,33.72535847248551,6.904449483232526,23.996118750222777,20.87686027036831,-3.119258479854466,14.896236982957447,13.974233759406928,-0.9220032235505187
2021-07-16,21.016008854087143,1,22.925628070003626,16.808787775174522,-6.116840294829103,18.758973640536183,25.78697020012983,7.027996559593646,20.383865887812107,17.023144023960256,-3.3607218638518503,26.090221610871936,33.60695437230598,7.516732761434042,23.495353339939086,20.04213162392547,-3.4532217160136156,14.44201057535993,12.828065129026797,-1.6139454463331333
2021-07-23,21.042052587869936,1,22.938224894928126,16.530916947713692,-6.407307947214434,18.74051447791892,25.736314389405948,6.995799911487026,20.218226975618677,17.329684308409497,-2.8885426672091796,26.154497749681767,33.652990621283934,7.498492871602167,24.009397513818953,20.25394738440106,-3.755450129417895,14.191453915253163,12.748461876005521,-1.4429920392476419
2021-07-30,21.047221532443483,1,22.728241431176343,16.209971865023206,-6.518269566153137,18.854827708943105,25.696041316132437,6.8412136071893315,20.285536262171377,17.476401443070884,-2.8091348191004926,26.080255428569103,33.29016147319554,7.209906044626436,24.143314255514014,20.669970924156672,-3.4733433313573414,14.191154108286966,12.940782173082184,-1.2503719352047824
2021-08-06,21.001889032552885,1,22.757506298278443,15.984766320402983,-6.77273997787546,18.86384215727867,25.8089215431922,6.94507938591353,20.3310454939773,17.277964376854754,-3.053081117122545,25.788051522829335,33.23401503947626,7.445963516646927,24.339412487942553,21.217061853733526,-3.1223506342090275,13.931476235011004,12.488605061657566,-1.4428711733534385
2021-08-13,20.865139250286358,1,22.850976570933057,15.633132803232243,-7.217843767700813,19.143804284066434,26.240354981290878,7.096550697224444,19.822849759510987,17.06593893043903,-2.7569108290719555,25.651018641788497,32.83981471965687,7.188796077868375,24.08985340829082,21.09044851226244,-2.9994048960283806,13.63233283712836,12.321145554836704,-1.3111872822916553
2021-08-20,21.010575935928475,1,22.883966658401107,15.689420320220847,-7.19454633818026,19.39918151386756,26.76023244229583,7.36105092842827,20.034089934101445,17.637223257450017,-2.3968666766514275,25.876410679680106,32.90107683826322,7.024666158583116,24.080096508720942,20.72126400860239,-3.3588325001185524,13.789710320799685,12.354238748738524,-1.4354715720611608
2021-08-27,20.912706105330063,1,21.97050497353682,15.33450185294781,-6.6360031205890095,19.35877421213189,26.692476607132974,7.333702395001083,20.145579370964768,17.653405924079735,-2.492173446885033,25.857450131366832,32.67987848154145,6.822428350174619,24.406032410552555,20.783629446845794,-3.6224029637067616,13.737895533427519,12.332344319432636,-1.4055512139948831
2021-09-03,20.89543292966258,1,22.129705474631663,15.526270515259327,-6.603434959372336,19.39170176557559,26.702573983591122,7.3108722180155326,20.118093689619187,17.548436363369674,-2.569657326249512,25.60155134904869,32.89546598208787,7.293914633039179,24.370329693503663,20.341922504887705,-4.028407188615958,13.76121560559669,12.357928228779784,-1.4032873768169054
2021-09-10,20.789502732108176,1,22.162639050139802,14.744930336255862,-7.41770871388394,19.452750040395046,27.067270088489835,7.614520048094789,19.658522835960767,17.015672391436027,-2.64285044452474,25.478370095832204,33.21427238780885,7.735902291976643,24.309313549794,20.40522806222006,-3.904085487573937,13.675420820527236,12.289643126438406,-1.38577769408883
2021-09-17,20.8140741516451,1,22.136872146749255,14.470574407174368,-7.666297739574887,19.2027486136669,27.215169725660004,8.012421111993106,19.91910326416364,17.325564703395216,-2.5935385607684225,25.413365849103428,33.26123019809992,7.847864348996495,24.347037016803924,20.48654418103989,-3.8604928357640347,13.865318019383466,12.125361694501237,-1.739956324882229
2021-09-24,20.63101412904964,1,22.828500111306056,16.32883009454615,-6.499670016759907,18.439350746166838,24.37892339148746,5.939572645320624,19.84389431599989,17.993346167190424,-1.850548148809466,24.960894311978933,31.76820499771236,6.807310685733427,24.814444218490962,21.939453136413647,-2.8749910820773152,12.899001070355155,11.377326986947764,-1.5216740834073903
2021-10-01,20.5971285933911,1,22.372542106819566,15.853921415973161,-6.518620690846404,18.490498922616638,24.257205599409133,5.766706676792495,20.024479135505302,18.02214366176949,-2.002335473735812,24.974892918824253,31.518712629925687,6.543819711101435,24.788199263897553,22.003207993055213,-2.7849912708423403,12.932159212683288,11.927580260213887,-1.0045789524694015
2021-10-08,20.572586963121243,1,22.02630404622522,16.409133539556493,-5.617170506668728,18.693028198499988,24.532465787096726,5.839437588596738,19.327848067048805,16.54116026187326,-2.7866878051755464,25.21884177329025,30.964278405564997,5.745436632274746,24.88327027899369,22.620219539530225,-2.2630507394634662,13.286229414669492,12.368264245105763,-0.917965169563729
2021-10-15,20.430681251915306,1,22.35800262277189,16.54218423515823,-5.81581838761366,18.691701965845667,24.308936549417837,5.61723458357217,19.483615041945924,16.780835172156273,-2.7027798697896515,25.249117774428584,30.93666338437164,5.687545609943058,23.260869597091144,21.06173329485098,-2.199136302240163,13.540780509408634,12.953734875536867,-0.5870456338717673
2021-10-22,20.503976821228942,1,22.968384151673803,17.813012126989307,-5.155372024684496,18.332819734929117,21.685212180787886,3.3523924458587686,20.152510836694574,17.600855025468064,-2.55165581122651,24.406643090794205,29.79992322960328,5.393280138809075,22.318856722747597,20.857146930487417,-1.46170979226018,14.844646390534365,15.267711434037722,0.4230650435033567
2021-10-29,20.473431286248076,1,23.163015276736843,17.483243231582108,-5.679772045154735,18.134065538696134,22.777342876766767,4.643277338070632,20.20681199362207,17.376963891199892,-2.8298481024221758,24.17312192434224,29.0870044352978,4.91388251095556,22.212468616956002,21.307445655998848,-0.9050229609571545,14.951104367135173,14.808587626643074,-0.1425167404920984
2021-11-05,20.302944604107882,1,23.318185824357897,17.666469224874874,-5.651716599483024,18.197749672184557,22.724579547397,4.526829875212442,19.875991343146893,17.03042084156877,-2.8455705015781234,24.04676671226855,29.214076763670178,5.167310051401628,21.58080304097011,20.265956144076483,-1.314846896893627,14.798171031719278,14.91616510306001,0.11799407134073192
2021-11-12,20.450648826355906,1,23.38272732154003,17.637177067748325,-5.745550253791706,18.461627660254123,22.61658708842387,4.154959428169747,20.327989889739214,17.333103712414115,-2.9948861773250997,24.20371243056188,29.48555133395716,5.281838903395283,21.643496374757177,20.869578786669095,-0.7739175880880822,14.684339281283016,14.761894968922832,0.07755568763981557
2021-11-19,20.363770244492677,1,23.36378022056985,17.314006944600337,-6.049773275969514,18.371867941891495,22.840911318032852,4.469043376141357,20.153668464071956,17.468055125014757,-2.6856133390571983,24.25198766690923,29.3284644550436,5.0764767881343715,21.593488727159027,20.750392250989222,-0.843096476169805,14.447828446354507,14.480791373275267,0.03296292692076008
2021-11-26,20.086906657619235,1,23.534773575643783,18.063378362476556,-5.471395213167227,18.202748504736775,22.592203399234705,4.389454894497931,18.883517979614894,15.565156683895339,-3.318361295719555,24.12425694056435,28.620532825764343,4.496275885199992,21.28794005049133,21.048138703378058,-0.2398013471132714,14.48820289466427,14.632029970966428,0.14382707630215918
2021-12-03,20.11139723739309,1,23.3144780917373,17.720381167301213,-5.594096924436087,18.03263366557111,22.527314453705202,4.49468078813409,19.26530955099392,14.978810471348453,-4.286499079645466,24.068551334264626,29.02603145144562,4.957480117180992,21.346415554560252,21.344049758650442,-0.002365795909810231,14.640995227231329,15.071796121907639,0.43080089467630955
2021-12-10,20.143807522963147,1,23.421792839370084,17.771408438451147,-5.650384400918938,18.051533550427038,22.51537761298715,4.4638440625601135,19.311438314567468,15.020794359798458,-4.29064395476901,24.11087371763682,29.12699993513668,5.01612621749986,21.365718208841272,21.321232435544033,-0.04448577329723946,14.601488506936207,15.107032355861435,0.5055438489252282
2021-12-17,20.219442292099664,1,23.500155914029364,17.774984978446938,-5.725170935582426,18.089774573605993,22.513963154229046,4.424188580623053,19.360113289621097,15.006744213321326,-4.353369076299771,24.213437368751656,29.31571988676123,5.102282518009574,21.501028166438445,21.56130950535095,0.0602813389125032,14.652144440151432,15.143932014488499,0.4917875743370672
2021-12-24,20.710827078319806,1,23.785191582989597,18.04320918618896,-5.741982396800637,18.020488604579242,22.047896136450333,4.027407531871091,19.729383734315903,15.172816063247708,-4.556567671068194,24.84556279535275,30.084687947124152,5.239125151771404,22.85629864592174,22.890619112293805,0.03432046637206554,15.028037106759612,16.02573402461394,0.9976969178543271
2021-12-31,19.91769176222389,1,23.25075501853273,17.118803036833697,-6.131951981699032,16.16120704082664,19.873936358075554,3.7127293172489146,19.445887049945426,14.004793689292498,-5.441093360652928,24.023891852145653,28.79645655707604,4.772564704930389,21.777480288114887,24.935895896259368,3.1584156081444803,14.846929323778,14.77626503580619,-0.0706642879718089
2022-01-07,20.082025820739688,1,23.51002607227386,16.920817333288554,-6.589208738985306,16.27391647252155,20.416474213549606,4.142557741028057,20.092658336663945,14.113875062849885,-5.978783273814059,24.036691968541575,29.00687547917883,4.970183510637256,21.86344952905661,24.95831050105153,3.094860971994919,14.715412545380588,15.075802334519707,0.3603897891391199
2022-01-14,20.137346333566924,1,23.13920909414908,16.41658649821487,-6.722622595934212,16.296473782940552,20.297238474236778,4.000764691296226,19.985573286607945,13.761207294749099,-6.224365991858846,24.40562600430478,29.66051244588489,5.254886441580112,21.958651971057776,24.937404901246083,2.978752930188307,15.038543862341413,15.75112838706984,0.7125845247284275
2022-01-21,20.08552807250447,1,23.266844088224005,16.463991119778242,-6.802852968445762,15.728833553305677,19.611351847910484,3.8825182946048074,19.137410944637566,13.131043762687924,-6.006367181949642,24.940695215893427,30.662521888127003,5.7218266722335756,22.180641885225086,24.476166452852397,2.295524567627311,15.258742747741067,16.16809336367082,0.9093506159297533
2022-01-28,19.991587736412807,1,23.36953115577279,16.806779437907693,-6.562751717865098,15.637175056118863,19.508136783593116,3.8709617274742527,18.90549172367561,12.596731805509094,-6.3087599181665155,24.63585916240291,30.55509701066042,5.919237848257509,22.459717293100283,24.53224031413815,2.072523021037867,14.941752027406395,15.950541066668421,1.0087890392620267
2022-02-11,20.193080987307976,1,24.208179681580233,16.921825522775862,-7.286354158804372,15.919809794970533,19.820744115514415,3.9009343205438824,18.144271195734603,11.033930887816808,-7.110340307917795,24.92670236419572,32.532814610902136,7.606112246706417,23.029139723356863,24.92110610653252,1.8919663831756566,14.93038316400991,15.928064680306136,0.9976815162962254
2022-02-18,20.522086684628533,1,25.043172455051817,17.471075664514345,-7.572096790537472,15.985782636985121,18.40875548529344,2.4229728483083193,18.079611900491997,11.364920966970274,-6.714690933521723,24.9287140900787,33.782606106301955,8.853892016223256,22.873848134245236,23.428412586469932,0.554564452224696,16.22139089091833,18.676749298221253,2.455358407302924
2022-02-25,19.699299373823305,1,24.286343613118532,17.245272375416974,-7.0410712377015585,14.55861451749766,17.839123364354435,3.280508846856776,16.594326442866617,10.408467431382931,-6.185859011483686,24.710562870086946,32.91092002122754,8.200357151140594,22.256673787911822,24.228754319284093,1.9720805313722707,15.789275011458244,15.563258731273862,-0.2260162801843819
2022-03-04,19.755135177240955,1,23.991545959699025,17.246347266563404,-6.74519869313562,14.633807212399986,17.48715245803669,2.853345245636703,16.180282896945016,10.324788903303585,-5.855493993641431,24.34612790854105,32.70556771504479,8.359439806503744,23.40276752700275,24.925007406702335,1.5222398796995833,15.976279558857897,15.841947313794947,-0.13433224506295005
2022-03-11,19.67306431486533,1,23.444239934287253,16.633702515084508,-6.8105374192027455,14.567593706531696,17.44008585758506,2.8724921510533648,16.519955531613604,11.090010742760896,-5.429944788852708,24.277152188093012,32.720844683895365,8.443692495802352,23.467258476677983,24.651256498657546,1.183998021979562,15.762186051988422,15.502485591208583,-0.25970046077983966
2022-03-18,19.31411181015021,1,22.56436186136075,16.358109969470533,-6.2062518918902185,14.385104222160251,16.850726491698722,2.4656222695384713,16.29638577234512,11.298982195886637,-4.997403576458481,23.580400555744887,31.69407716499461,8.113676609249723,23.20608742959054,24.230766946561005,1.0246795169704654,15.852331019699704,15.452008092289773,-0.40032292740993114
2022-03-25,19.68945109443492,1,23.315410707840087,17.27682042240683,-6.0385902854332585,14.603726376835823,17.029828810330002,2.4261024334941794,17.11351565122891,11.628829670679352,-5.484685980549557,24.479925725719056,32.465898130938754,7.985972405219698,22.61291293006896,23.845357337599594,1.232444407530636,16.011215174916686,15.889972194654959,-0.12124298026172653
2022-04-01,19.80379254094925,1,23.72631479522026,17.220603150321494,-6.505711644898767,15.112824923592967,17.987745368809627,2.8749204452166595,17.12814182825855,11.397963338192255,-5.730178490066294,24.74482138157306,33.39036634711786,8.6455449655448,22.414709793630863,23.695510635459954,1.280800841829091,15.695942523419802,15.130566405794326,-0.5653761176254761
2022-04-08,20.037672726592046,1,23.12135221414279,17.49458466024771,-5.626767553895078,15.263781391096785,17.02387781483901,1.760096423742226,16.99491313747511,11.471552060035222,-5.523361077439887,25.010187877672905,32.9114207670536,7.901232889380694,23.948578493886785,26.0575396049543,2.108961111067515,15.887223245277895,15.267061452422439,-0.6201617928554555
2022-04-15,19.961934864736506,1,23.01677026446579,17.46377504340687,-5.5529952210589215,15.14352728556429,17.165818558538604,2.0222912729743143,16.946384621977657,11.503536048322161,-5.442848573655496,25.02057706632762,33.016727714345606,7.996150648017988,23.985642423468917,25.459837023643857,1.4741946001749398,15.658707526614762,15.16191480016191,-0.49679272645285266
2022-04-22,20.20387389010471,1,23.389110494222905,18.036526556416845,-5.35258393780606,15.548319722836311,17.329361412697097,1.7810416898607855,17.437256704860488,12.450367032629444,-4.986889672231044,25.329719844642057,33.322414414123514,7.992694569481458,24.23871096493656,25.64979156812447,1.4110806031879122,15.28012560912994,14.434782356636859,-0.8453432524930804
2022-04-29,20.08152862888828,1,23.298334762301465,17.940052653645935,-5.35828210865553,15.130443253462118,16.92025730514871,1.7898140516865908,17.343515065829138,12.637052022919818,-4.70646304290932,25.370691902319976,33.2629531546975,7.892261252377523,23.889112505138442,25.414182158629586,1.525069653491144,15.457074284278534,14.314674478288111,-1.1423998059904221
2022-05-13,21.62688937078723,1,25.034436307088825,19.35481758701428,-5.679618720074544,16.37311989609978,17.624610705777414,1.2514908096776338,18.494020457211306,14.015347136286636,-4.4786733209246705,26.265724995849112,33.99193152698598,7.726206531136867,25.015203497563732,26.997995354910174,1.9827918573464416,18.578831070910624,17.77663391374888,-0.8021971571617428
2022-05-20,20.60705430526699,1,24.52000014865513,18.79119239009276,-5.728807758562368,13.887224483187751,15.299222011762879,1.411997528575128,17.99216053170545,12.695759248731505,-5.296401282973946,25.079454062676405,34.21072449192435,9.131270429247948,24.093629731761496,26.6155212289315,2.521891497170003,18.06985687361569,16.029906460158927,-2.039950413456765
2022-05-27,20.57801760461593,1,24.517646459634733,18.25640087818215,-6.2612455814525845,14.050962489659625,16.045507186220263,1.994544696560638,17.861497164929403,12.820619279557548,-5.040877885371856,25.0846710921858,34.30298623498592,9.218315142800122,24.038358590579463,26.500168547564513,2.46180995698505,17.914969830706553,15.542423501185198,-2.372546329521356
2022-06-03,20.462930531801884,1,23.723331679732325,17.591652027452625,-6.131679652279701,13.988796612688944,15.987507115401144,1.9987105027121999,18.590982925275583,13.500498808688093,-5.09048411658749,24.984124871023923,34.10868936942515,9.124564498401227,23.90822180161625,26.41013323886385,2.5019114372475997,17.582125300474274,15.179102630980424,-2.4030226694938506
2022-06-10,20.015727387427017,1,23.081620817249686,17.377075656342996,-5.70454516090669,13.542114975236217,15.714747402080533,2.1726324268443165,18.13161903148844,13.680735538037055,-4.450883493451386,24.83843027284084,33.37802598554788,8.53959571270704,23.625420019075023,26.18342098053705,2.558000961462028,16.875159208671903,13.760358762016622,-3.1148004466552806
2022-06-17,20.625631691092547,1,23.4839583486352,17.874088486089647,-5.609869862545551,13.971147121061549,16.8116642537844,2.8405171327228516,18.973996172896676,14.343603024548813,-4.6303931483478635,25.295423452784533,34.024441341674816,8.729017888890283,24.4175856318996,26.735560156057687,2.317974524158089,17.61167941927772,13.964432884399926,-3.6472465348777945
2022-06-24,20.489867176798217,1,23.40085489740619,17.800051399457715,-5.600803497948476,13.934996873960884,16.26955548536091,2.334558611400027,19.06304786996577,14.285783169002087,-4.777264700963684,25.06393992931322,33.99677324124691,8.932833311933692,23.891329269012942,26.900538937787317,3.009209668774375,17.585034221130286,13.686500827934339,-3.8985333931959474
2022-07-01,20.495144195521355,1,22.801446381316637,17.50589109698292,-5.295555284333716,13.85681465641315,15.900818610933229,2.044003954520079,19.016684847620112,14.197285445666935,-4.819399401953177,25.457471593369917,34.364253715191396,8.906782121821479,23.905539457519254,27.001875894042655,3.0963364365234014,17.932908236889062,14.000740410310968,-3.9321678265780946
2022-07-08,20.323050436535855,1,22.609308023257356,16.88242143496005,-5.726886588297305,14.24674573263917,16.407093605537696,2.1603478728985266,18.520330568278382,14.06174471218175,-4.458585856096633,25.075333787877767,34.4283417332893,9.353007945411534,23.7067917091251,25.926014142426368,2.219222433301269,17.779792798037363,14.232686990819985,-3.5471058072173776
2022-07-15,20.786183425444655,1,23.61668490986284,17.607553264045777,-6.009131645817064,14.381834600495196,16.342146563446192,1.9603119629509962,18.707122403269395,13.756535888681412,-4.950586514587982,25.413906628230805,34.81382810996945,9.399921481738645,23.755903872174514,25.998279369243377,2.2423754970688634,18.84164813863518,16.198757357281693,-2.6428907813534863
2022-07-22,21.012628177193694,1,23.885215333280513,17.944006074215096,-5.941209259065417,14.557232993404611,16.54410865634476,1.9868756629401503,18.668921879767154,13.686061055531667,-4.9828608242354875,25.802034357452584,35.058333478592886,9.256299121140302,24.272433378249758,26.34847167185356,2.0760382936038013,18.889931121007535,16.494788126624172,-2.395142994383363
2022-07-29,20.50962174417785,1,23.114922716559562,17.290120643865805,-5.824802072693757,14.584578333303753,16.498858073550437,1.914279740246684,17.579750411887588,13.339785991210405,-4.2399644206771825,25.44150470101735,34.16349829567734,8.721993594659992,24.158726191003197,25.805206078159685,1.646479887156488,18.178248111295645,15.96026138260342,-2.2179867286922246
2022-08-05,20.46911426691127,1,23.12416020441151,17.2955961203307,-5.82856408408081,14.364953157605527,16.429916434110396,2.0649632765048693,17.65404862783214,12.357409075135337,-5.296639552696803,25.274099356554274,34.49258760356152,9.218488247007244,24.17814065690368,25.988845237514766,1.8107045806110875,18.219283598160487,16.250331130814914,-1.9689524673455736
2022-08-12,20.47029343101835,1,23.007803802822323,17.29515888749819,-5.712644915324134,14.744574375682987,16.720060388675705,1.975486012992718,17.642111943016914,12.106547652870404,-5.53556429014651,25.288283022408734,34.53097627164243,9.242693249233696,24.06983800641531,25.868263632138422,1.7984256257231124,18.069149435763848,16.300753753285022,-1.7683956824788254
2022-08-19,20.77339114370979,1,23.48040256869406,17.81411091798283,-5.66629165071123,15.204059378447255,17.214681194711304,2.010621816264049,17.529097521033876,11.314252070344281,-6.2148454506895945,25.2644830321358,34.58794290343603,9.32345987130023,24.698392159186696,26.815811579791372,2.1174194206046764,18.463912202761065,16.893548195992935,-1.5703640067681306
2022-08-26,21.08256076363363,1,23.563468992676817,17.633682497263734,-5.929786495413083,15.803152533756418,17.368518872226545,1.5653663384701275,17.02637824648039,10.660553773710475,-6.365824472769916,26.03418477801955,35.874261899278906,9.840077121259355,25.625368582452822,27.900287811548694,2.2749192290958717,18.44281144841578,17.058059727773426,-1.384751720642356
2022-09-02,20.800848011248142,1,23.442609868145823,16.914269595676885,-6.528340272468938,15.723946318607588,16.93628704439014,1.2123407257825534,17.202687578526138,10.154496317761982,-7.048191260764156,25.554236195296596,35.31804522334606,9.763809028049465,24.7267761717126,29.156549932192746,4.4297737604801455,18.154831935200107,16.325439954121023,-1.829391981079084
2022-09-09,21.03829467627617,1,23.985318963786554,17.282547726623662,-6.702771237162892,15.602089867198117,16.884786775733886,1.282696908535769,17.465438686202802,10.232703036950141,-7.23273564925266,25.73747976547577,35.75607619056538,10.018596425089612,25.100523140028244,29.509532415608717,4.409009275580473,18.33891763496554,16.56412191217528,-1.7747957227902589
2022-09-16,20.89054444559461,1,23.947754157143308,17.103470936683934,-6.844283220459374,15.734585666727682,16.791132228851836,1.0565465621241543,17.456909068677874,10.317607388430616,-7.139301680247257,25.03145012662125,35.20847094532465,10.177020818703397,24.852811765188534,29.230807528495887,4.377995763307354,18.31975588920902,16.691777645780718,-1.627978243428302
2022-09-23,20.45226894721462,1,23.29464342140888,16.273280838781957,-7.021362582626921,14.995125996905415,16.648278869031074,1.6531528721256592,17.37050521061201,10.502147541095681,-6.868357669516328,24.617084782605602,34.98035164735127,10.363266864745668,24.615859351555002,28.33880171260803,3.722942361053029,17.820394920200812,15.970753074419733,-1.849641845781079
2022-09-30,20.671690065479513,1,23.3730703299382,16.01673412642981,-7.356336203508391,15.023392573797778,17.301021704287535,2.277629130489757,18.12643593220632,11.952814506594933,-6.173621425611387,24.760266203377142,34.8219088509677,10.06164264759056,24.55256523726024,27.242665406359095,2.690100169098855,18.194410116297405,16.694995798238025,-1.4994143180593795
2022-10-07,20.414184975611843,1,23.117999714541853,16.37135617573847,-6.746643538803383,15.248190270687317,16.95568079812581,1.7074905274384946,17.91723830009923,11.148455695312663,-6.768782604786566,24.369071314086938,35.31808972273596,10.949018408649025,24.60441332878915,27.778990593161367,3.1745772643722177,17.228196925466563,14.912536868596774,-2.3156600568697883
2022-10-14,21.145583396465778,1,23.603689126043562,17.61405893558485,-5.989630190458712,17.49973743854477,18.958479441286812,1.4587420027420421,18.282647535661198,11.499737218537845,-6.782910317123353,25.104375773707645,34.64076197375188,9.536386200044234,24.995489271489646,28.84156702492581,3.8460777534361625,17.38756123334784,15.318895784707408,-2.068665448640431
2022-10-21,21.658654953430943,1,24.20685503590697,18.8445692938499,-5.362285742057068,17.992579398587523,19.965703335423683,1.97312393683616,18.63830205187034,11.195920440867397,-7.4423816110029435,25.498205138632926,35.337656258166405,9.839451119533479,25.463011598872328,28.875471424890648,3.4124598260183205,18.152976496715567,15.73260896738752,-2.420367529328047
2022-10-28,21.39973147046119,1,23.9660075888209,19.41464870677902,-4.551358882041882,17.17527129832726,19.863277826728705,2.688006528401445,18.629377022034078,10.95407191711621,-7.675305104917868,24.890793882156487,33.35480894460571,8.46401506244922,25.406783653987333,28.872651466062962,3.465867812075629,18.330155377441088,15.938929961474557,-2.391225415966531
2022-11-04,21.204424630398893,1,23.86108947944291,19.263193866869003,-4.597895612573907,16.95896129168814,20.072003464216934,3.113042172528793,18.78578440461223,10.057636555264551,-8.728147849347678,24.12693366598762,32.857007180073936,8.730073514086314,25.229518926814677,28.515315153824574,3.2857962270098966,18.264260013847775,16.461391562144385,-1.8028684517033895
2022-11-11,21.483857274200986,1,23.953495476053604,19.141647992016985,-4.811847484036619,17.284130317104754,20.35027671068424,3.066146393579487,19.241015445336288,9.475051228591866,-9.765964216744422,24.15872708143101,33.85197878636919,9.693251704938177,25.796455574898246,28.835918883705304,3.0394633088070577,18.469319750382013,17.248270043838346,-1.221049706543667
2022-11-18,21.48791841963688,1,23.613983271774174,18.961757581100542,-4.652225690673632,17.28975804342808,20.036265607454595,2.7465075640265155,19.228640972941562,9.270456848151923,-9.95818412478964,24.116474681346034,33.871205620840314,9.75473093949428,25.710101265034197,28.924322067859833,3.2142208028256363,18.968552283297228,17.863502792414053,-1.1050494908831752
2022-11-25,21.509864861670707,1,23.55746467929184,18.958911868334994,-4.598552810956846,17.053348704645416,19.280370943542394,2.2270222388969785,19.462008001178972,9.751239011445705,-9.710768989733268,24.062611083564477,33.871484466115405,9.808873382550928,25.92250405559831,28.94516508863491,3.0226610330365986,19.00125264574521,18.25201779195082,-0.7492348537943911
2022-12-02,21.543234006746403,1,23.615852898704063,18.97033736331811,-4.645515535385954,17.05333943656686,19.577389134635027,2.5240496980681684,19.378969833327403,9.633373160255985,-9.745596673071418,24.00293217056459,33.968971354700656,9.966039184136065,26.02216978545394,28.887894457346604,2.8657246718926643,19.18613991586156,18.22143857022202,-0.9647013456395399
2022-12-09,21.323493476597857,1,23.254834233433513,18.141338702932785,-5.113495530500728,16.94058436284537,19.478036687300573,2.5374523244552023,19.198179527461477,9.550513647412217,-9.64766588004926,23.577654503643046,33.809587822453764,10.231933318810718,25.999059550698192,28.85005992990436,2.8510003792061696,18.970648681505537,18.111424069583478,-0.859224611922059
2022-12-16,21.22013628984126,1,23.406029397386604,18.291953878728748,-5.114075518657856,16.838208968327734,19.239445706167743,2.4012367378400086,18.85368287491596,9.428990644619233,-9.424692230296728,23.476140926658445,34.383080465507604,10.906939538849159,25.54396331757208,28.505672503020264,2.9617091854481856,19.202792254186747,17.471674541003964,-1.7311177131827833
2022-12-23,21.286938247069095,1,23.071339218490124,18.407429801399758,-4.663909417090366,16.808979921457507,19.97209263637761,3.1631127149201035,18.980284937973494,9.931461302459226,-9.048823635514267,23.81382017615151,34.430110906012914,10.616290729861404,26.304693435153197,28.92829064221847,2.6235972070652736,18.74251179318874,16.052244193946592,-2.690267599242148
2022-12-30,21.30975554264309,1,23.350784056998336,18.976764809541706,-4.37401924745663,16.95871114356973,18.964047924179795,2.0053367806100653,18.8650299234353,9.601198530804268,-9.263831392631033,23.518471125183083,33.5120559034178,9.99358477823472,25.90654769815481,29.747339913987986,3.8407922158331758,19.258989308517272,17.05712617392699,-2.2018631345902833
2023-01-06,21.327393512915023,1,23.216347704602285,18.60119246621197,-4.615155238390315,17.430431025827673,19.54200363864338,2.1115726128157064,19.12166862850019,9.728039068354406,-9.393629560145783,23.413448558521594,33.64138545320209,10.227936894680496,25.67794323206131,29.376713161335033,3.6987699292737233,19.10452192797709,17.075027289743275,-2.029494638233814
2023-01-13,21.633586551317048,1,23.223001466246714,18.711669776213398,-4.511331690033316,17.74884743855418,19.668864642466474,1.9200172039122947,19.914620945286572,10.846329105284525,-9.068291840002047,23.533351783990753,33.744218050996565,10.210866267005812,25.782231497791486,28.891975126843136,3.10974362905165,19.59946617603258,17.93846260609817,-1.6610035699344081
2023-01-20,21.376788996896195,1,22.57858380169,17.840954776573923,-4.737629025116078,17.837891877181406,19.582374363891006,1.7444824867096003,19.740836967924878,10.676783912305055,-9.064053055619823,23.472904698498056,33.977254867702925,10.50435016920487,25.41848584006432,29.066379842188482,3.6478940021241613,19.21203079601851,17.116986218715766,-2.095044577302744
2023-01-27,21.260745839510413,1,22.849069028320002,17.950410409219216,-4.898658619100786,17.482113672166875,19.5393036298929,2.057189957726024,20.080831950332964,10.72149236636237,-9.359339583970595,22.37395665176014,33.67956932440434,11.305612672644202,25.370754796030596,28.734055826384534,3.363301030353938,19.407748938451903,16.93964348079912,-2.4681054576527828
2023-02-03,21.291627919387828,1,23.41713128339576,19.683648225080134,-3.7334830583156275,19.19410258743872,20.407002991063877,1.2129004036251558,20.62388849879372,11.247748149845634,-9.376140348948084,21.752279044569747,30.344221608372834,8.591942563803087,25.465958969763037,31.17773716144825,5.711778191685212,17.296407132365985,14.88940938051627,-2.4069977518497154
2023-02-10,21.49869371206457,1,23.41096237459989,19.39826871409869,-4.012693660501199,19.24492224367542,20.3633208048025,1.11839856112708,21.30048233573423,11.362105777114834,-9.938376558619396,21.73181174603843,31.29311800867582,9.561306262637387,25.751911383417706,31.49842863651277,5.746517253095064,17.55207218892174,15.076920331182777,-2.4751518577389646
2023-02-17,21.118786423447574,1,22.412866852537135,18.436378653519427,-3.976488199017709,20.22643010840521,21.83547205984526,1.609041951440048,21.05787340520844,11.542923414315013,-9.514949990893427,21.00359738697054,29.38984006653648,8.386242679565939,24.768175301242124,30.214286480758872,5.446111179516748,17.243775486321994,15.293817865710352,-1.9499576206116416
2023-02-24,21.186082587999074,1,22.59087201069549,18.457681562042325,-4.133190448653167,20.036208147590358,21.86892570789621,1.832717560305852,21.01593684708068,11.603955408137523,-9.411981438943158,21.529995150982728,29.5294061683896,7.999411017406871,24.77634375706198,30.313251226651104,5.536907469589124,17.167139614583206,15.343275454877698,-1.8238641597055079
2023-03-03,20.93422048041175,1,22.521579504394865,18.46671636750942,-4.054863136885444,20.195894055072856,21.7543479213237,1.5584538662508436,20.568784356906647,11.359195049348997,-9.20958930755765,20.921266134968832,29.35762905193809,8.436362916969259,24.48718771823657,29.543555754447738,5.056368036211168,16.910611112890734,15.123878737902544,-1.7867323749881905
2023-03-10,20.943839550356493,1,22.96109348215262,18.56509814423582,-4.395995337916801,20.303382522605716,21.86009895747533,1.5567164348696139,20.26223111277268,11.469283914595323,-8.792947198177359,20.933730939487162,29.664691486035096,8.730960546547934,24.32935034055994,29.205953948031777,4.876603607471836,16.87324890456084,14.897910851765602,-1.9753380527952373
2023-03-17,20.933185202888797,1,23.324877361510246,18.95213326542941,-4.372744096080837,20.108963634737137,21.699839642452105,1.590876007714968,20.165793804191864,11.35046274359263,-8.815331060599235,20.91898965375067,29.603510697645632,8.68452104389496,24.199644412036406,29.156484852573058,4.956840440536652,16.880842351106452,14.836680015639942,-2.0441623354665097
2023-03-24,20.39574572600249,1,22.798977896148756,18.380123806326793,-4.418854089821963,18.872217415767892,20.623507115251925,1.7512896994840332,19.944220398433373,11.15673002555802,-8.787490372875354,20.781943711122565,29.457093928295592,8.675150217173027,23.611767853588447,28.077814012906956,4.466046159318509,16.36534708095391,14.679205467675615,-1.686141613278295
2023-03-31,20.16480726540477,1,22.573199287091185,17.874988206682417,-4.698211080408768,18.631201368307956,20.46128260348904,1.8300812351810833,19.830407620737233,10.783646357940128,-9.046761262797105,20.45522629909661,28.98785196047075,8.53262566137414,23.365395107250578,28.370086624174505,5.004691516923927,16.133413909945062,14.510987839671799,-1.6224260702732636
2023-04-07,20.260904062551724,1,22.356900738182276,18.78213724738437,-3.5747634907979062,20.06699092989294,21.47309736390112,1.40610643400818,20.040431925638913,11.64915887429369,-8.391273051345223,20.14243292335891,27.97796997767911,7.8355370543201985,22.64298743871018,27.054575260930832,4.411587822220653,16.315680419527126,14.628485651121181,-1.687194768405945
2023-04-14,20.256765847849547,1,22.2795381824848,19.070872853654976,-3.2086653288298237,20.193224084555254,21.673678760601675,1.4804546760464206,19.873207814352796,11.370303555955374,-8.502904258397422,20.215758925092516,27.989939738597343,7.774180813504827,22.69194509138896,26.723139937776665,4.031194846387706,16.28692098922295,14.71266024051124,-1.5742607487117084
2023-04-21,20.23817509757048,1,22.199731236194367,18.70867028719657,-3.4910609489977986,20.047367650818543,21.558555674758992,1.5111880239404485,19.775481548895684,11.168601197634317,-8.606880351261367,20.171107595768333,27.92757651480217,7.756468919033836,22.894180565108627,27.407226391335428,4.513045826226801,16.341181988637317,14.658420519695454,-1.6827614689418624
2023-04-28,20.31868046703497,1,22.173906144455046,18.630016094396026,-3.5438900500590194,20.052429613808812,21.78278691728339,1.7303573034745767,20.28164085753167,11.480473768306013,-8.801167089225657,20.31014562244144,28.20189376757169,7.891748145130251,22.89561128645269,27.354283283555475,4.458671997102783,16.19834927752015,14.462628971097232,-1.7357203064229196
2023-05-05,20.219122803237237,1,21.783261349569045,18.110997361442458,-3.6722639881265877,19.684835447981257,21.498935552434986,1.814100104453729,20.315183533504026,11.836118043357288,-8.479065490146738,20.129239245099868,27.718057831404025,7.588818586304157,22.754396932434844,27.149956103768915,4.395559171334071,16.647820310834376,15.000671927015787,-1.647148383818589
2023-05-12,20.2321058841541,1,21.742186055400055,18.46331230102689,-3.2788737543731656,19.658040367800524,22.045426860363577,2.387386492563053,20.50890659814928,11.42383729030152,-9.08506930784776,20.187851756988067,27.156876979482462,6.969025222494395,22.652434101112803,27.32790240752044,4.675468306407637,16.64321642547388,14.975279466229779,-1.667936959244102
2023-05-19,20.339833550386203,1,21.931655456674193,18.938793465441307,-2.9928619912328855,20.024606601511238,22.85807416463865,2.8334675631274138,20.581448409099835,11.240134915682404,-9.341313493417431,20.633628957256676,26.801741238784572,6.168112281527897,21.971075702341082,26.434857858581196,4.463782156240114,16.896586175434194,15.765399659189072,-1.1311865162451227
2023-05-26,19.37367215343637,1,21.352345659848893,18.447131248415133,-2.905214411433761,19.795848203680848,23.108995245925414,3.313147042244566,18.904208599986617,10.719667352089786,-8.184541247896831,19.97173546159071,26.69828856990415,6.726553108313439,21.06411112419957,23.32332629217811,2.259215167978539,15.153783871311589,13.944624212105637,-1.2091596592059517
2023-06-02,19.592555318569367,1,22.26286416700883,18.81731277269175,-3.4455513943170786,19.36503199698781,22.175731563592933,2.8106995666051233,19.934950941451888,10.778472449310243,-9.156478492141645,19.90094149305483,26.978761656114074,7.077820163059243,21.17158001812298,23.905605397634943,2.7340253795119622,14.919963294789866,14.899448072072346,-0.020515222717520487
2023-06-09,19.460972575681204,1,22.346930857368108,18.93212656415632,-3.4148042932117875,19.224687515711025,21.84969800195904,2.6250104862480157,19.450442259158137,9.960714959470721,-9.489727299687416,19.8032270555387,26.944836617743206,7.141609562204508,21.03994289449055,24.407860040283182,3.3679171457926316,14.900604871820704,14.670599270474781,-0.23000560134592263
2023-06-16,19.425095752585253,1,22.513742160051905,19.087142319978668,-3.426599840073237,19.155253924018908,21.841410117999786,2.686156193980878,19.403263024739402,10.278585433089447,-9.124677591649956,18.870729942194203,25.76502216057284,6.894292218378638,21.034297129080386,24.122416581454345,3.0881194523739595,15.573288335426724,15.455997902416414,-0.11729043301031084
2023-06-23,19.34518635140788,1,22.499494752063825,19.077849300054126,-3.421645452009699,19.12576758548859,21.230322144997302,2.1045545595087134,19.202082680621714,10.22216926539133,-8.979913415230385,18.718889307544018,25.932279928616495,7.213390621072477,21.00310878280669,24.138838778319766,3.135729995513074,15.521774999922428,15.469658691068233,-0.05211630885419538
2023-06-30,19.665569468091682,1,22.85827253197067,19.563097864523428,-3.2951746674472417,19.141046348333575,21.810633057522708,2.669586709189133,19.43732270735525,10.398241010148126,-9.039081697207124,19.41978313043576,26.248197512767888,6.828414382332127,21.47519324874527,24.39574101247655,2.9205477637312782,15.661798841709569,15.577506351111396,-0.08429249059817323
2023-07-07,19.348401403027534,1,22.600611215105033,18.72532399450428,-3.875287220600754,19.063479043057285,21.373040337475004,2.309561294417719,18.90413174943376,10.095556850489615,-8.808574898944144,18.82943081540121,26.049632967512423,7.220202152111213,21.229905006773265,24.508752160065598,3.2788471532923325,15.462850588394659,15.338102108118292,-0.12474848027636654
2023-07-14,19.661644665690527,1,23.703967652364057,19.531852329520135,-4.172115322843922,19.360550941780716,21.077660604019783,1.7171096622390678,19.374076840195542,10.813082424922456,-8.560994415273086,18.85139163592615,26.43966257919891,7.588270943272761,21.15784279168828,24.64654951243905,3.48870672075077,15.522038132188413,15.461060544042823,-0.06097758814559029
2023-07-21,19.937193119272763,1,23.99118642902353,20.513447026365142,-3.4777394026583863,20.072873304945645,21.61153356605432,1.5386602611086744,19.4056708828808,11.919305214973434,-7.486365667907364,19.064821203372034,25.01829851062101,5.953477307248974,21.465646252429096,25.35528809867617,3.8896418462470734,15.622960642985475,15.205286298946561,-0.41767434403891457
2023-07-28,19.923479588565925,1,24.23322021185389,20.517106901399174,-3.716113310454716,19.72915783134829,21.81523545895692,2.0860776276086312,19.41129460087538,11.98240360438318,-7.4288909964922,19.1898498754379,25.558453702665446,6.368603827227545,21.37163005591465,24.397144624215144,3.025514568300494,15.605724955965442,15.270533239775688,-0.33519171618975463
2023-08-04,19.883106552207895,1,24.43170442184592,20.718811875496897,-3.7128925463490248,19.66564594905998,21.82931852312602,2.163672574066041,19.170930888678825,11.500112625366512,-7.670818263312313,19.049910378652868,25.038018073229324,5.988107694576456,21.27501652323501,24.615622074998342,3.340605551763332,15.705431151774775,15.59675614103027,-0.10867501074450558
2023-08-11,20.634226108184066,1,25.41540380671492,22.15784361470193,-3.2575601920129884,19.718193172579987,22.59710443951353,2.8789112669335424,19.84619032138906,11.666688269736795,-8.179502051652264,20.2678931839323,25.804415268368828,5.536522084436527,22.316204626490332,25.852966644158997,3.5367620176686643,16.241471537997796,15.726338412624344,-0.5151331253734526
2023-08-18,20.49748411713644,1,25.30430495120713,21.548652069734032,-3.7556528814730967,19.58075027942978,22.718026305761626,3.137276026331847,19.524276699993237,12.025919553208993,-7.498357146784244,20.239985295447852,25.630247295656417,5.3902620002085655,22.152135666442803,25.345224382684137,3.193088716241334,16.18345181029784,15.716835095773433,-0.466616714524406
2023-08-25,20.589275552745516,1,25.283882532057675,21.47877985981596,-3.8051026722417163,19.945916581917345,23.292327042022023,3.3464104601046785,19.344906016947803,11.721060988235806,-7.623845028711997,20.586816387803225,26.220831645828696,5.634015258025471,21.90203489892575,24.677456863470567,2.775421964544819,16.47209689882129,16.145196917100066,-0.32689998172122614
2023-09-01,20.46575287401815,1,25.312018230835434,21.732962982406605,-3.57905524842883,19.976017608600046,23.397215907986904,3.421198299386859,19.483241327001934,11.745646232859315,-7.73759509414262,20.115994149723647,26.13246483150546,6.016470681781811,21.8431189963936,23.709093607125098,1.8659746107314987,16.06412693155424,16.077133682225522,0.013006750671280543
2023-09-08,20.380992253826182,1,24.942210881349183,21.617664908303695,-3.3245459730454883,19.546341036448325,22.969210091650226,3.4228690552019003,18.554540155077007,10.911724241609463,-7.642815913467544,20.753541294109738,26.889412755724706,6.135871461614968,22.46627304102593,24.11459861001525,1.6483255689893213,16.023047114946905,15.783342915653748,-0.23970419929315767
2023-09-15,20.848061004811665,1,25.3907100874803,21.96435877734241,-3.426351310137889,19.515864561046172,22.274586086013528,2.7587215249673562,18.646294310651186,11.15479298939833,-7.491501321252855,21.44760948452432,27.779811238489856,6.332201753965535,23.913659100946475,26.11568081005852,2.2020217091120458,16.174228484221544,15.799136127567351,-0.3750923566541928
2023-09-22,20.81617422204404,1,25.508765730722857,21.75036416539193,-3.758401565330928,19.576680826371202,22.247556727837534,2.6708759014663315,18.808194713923868,10.965000191217257,-7.843194522706611,21.16909891665925,27.36088612386503,6.191787207205778,23.82854102264065,27.019693958552452,3.191152935911802,16.005764121946413,15.553544165400055,-0.45221995654635805
2023-09-29,21.015015292991436,1,25.310928492666676,21.480487567666827,-3.8304409249998486,20.16433092112547,22.55292361919507,2.3885926980696013,19.030696103758558,11.215379182733258,-7.8153169210253,21.014206350056384,27.2581229056767,6.2439165556203164,23.735056713226115,26.993809025015395,3.25875231178928,16.834873177115412,16.589369457661363,-0.24550371945404947
2023-10-06,21.010585211793558,1,25.159773763915837,21.770110143265157,-3.38966362065068,20.666641328314554,22.535729728471907,1.8690884001573522,18.823707021033798,11.168691864475278,-7.65501515655852,21.199755533714182,27.283334337697013,6.083578803982832,23.46903043333755,26.595644032704556,3.126613599367005,16.74460319044543,16.710001164147485,-0.03460202629794651
2023-10-13,21.10890820970521,1,25.673984196335596,22.464205357803877,-3.2097788385317187,20.34672079942476,22.237402248240713,1.890681448815954,18.71417301392316,11.272796053066855,-7.441376960856303,21.754649760546613,27.691246478088843,5.93659671754223,23.574584275691066,26.589753681646343,3.0151694059552767,16.58933721231007,16.398045439384617,-0.19129177292545307
2023-10-20,21.28171972570215,1,25.728925502925577,22.672289162489932,-3.056636340435645,20.288326909190545,22.198126310352123,1.9097994011615782,18.848593591410946,11.22207062733716,-7.626522964073786,22.237988702808337,27.52172785211809,5.283739149309753,24.03606112348686,27.457230315639237,3.4211691921523766,16.55042252439064,16.618874086276378,0.06845156188573753
2023-10-27,21.278658014731622,1,26.471705881325633,23.851035165700893,-2.6206707156247404,20.491861384553246,22.837794980436726,2.34593359588348,19.06742732519406,11.450868197647125,-7.616559127546935,21.580883220959436,26.630043260272515,5.0491600393130796,23.860305005028692,26.427859678420262,2.5675546733915695,16.19976527132866,16.47434680591222,0.27458153458356094
2023-11-03,21.118921695756168,1,26.86597226001119,24.187917715692976,-2.678054544318215,20.088892786039295,22.54295005468653,2.454057268647233,18.89647337373252,11.271775939234217,-7.624697434498302,21.53433014238776,26.154358281105758,4.6200281387179984,23.2651438886641,26.212853278961944,2.9477093902978453,16.062717723702136,16.343674904855604,0.2809571811534681
2023-11-10,20.84870420366755,1,27.29758995228444,24.95023187254874,-2.3473580797356988,19.515352468975678,21.54700057384528,2.0316481048696033,18.45697456275562,11.068275430109296,-7.388699132646323,21.14359634743205,25.708311701941156,4.564715354509104,23.17655116149676,25.848729694896946,2.672178533400185,15.502160729060748,15.969675948663848,0.4675152196031007
2023-11-17,20.3110838496325,1,26.525035259035732,24.08525785665917,-2.4397774023765635,19.408823538973735,21.254039132286053,1.845215593312318,18.447367022774927,11.068013882776029,-7.379353139998898,20.901104588611872,25.42914302287967,4.528038434267799,22.784144848071108,25.461560799883173,2.6774159518120655,13.80002784032763,14.568488403310852,0.768460562983222
2023-11-24,20.205637538614955,1,26.39185625826029,23.90341707899799,-2.4884391792623006,19.103878245561305,21.205602866589672,2.1017246210283673,18.332902567337953,11.04969965155962,-7.2832029157783325,20.86842802216728,25.363944688300805,4.4955166661335255,22.73672544368685,25.30451066705473,2.5677852233678777,13.800034694676043,14.40665027918692,0.6066155845108767
2023-12-01,20.199251650396487,1,26.552349033861503,24.073212151759307,-2.479136882102196,19.156049715163633,21.37837323260257,2.2223235174389373,18.365632433898085,11.142656338088358,-7.222976095809727,20.88045511008778,25.39915623143699,4.51870112134921,22.27813370314378,24.588556623770515,2.310422920626735,13.962889906224149,14.613555324721233,0.6506654184970841
2023-12-08,19.3924169893166,1,25.400847117931633,23.045575210703433,-2.3552719072282002,18.423541657321053,20.498579413964208,2.0750377566431553,17.592402270918967,10.56865213127449,-7.023750139644477,20.25433868021898,24.805102558044183,4.550763877825204,21.541598917449946,23.491078367276188,1.9494794498262422,13.141773292059028,13.945514254637118,0.8037409625780896
2023-12-15,19.374522188272785,1,25.553135925924977,22.87480684448846,-2.678329081436516,18.493877713127148,20.88096995873859,2.3870922456114414,17.400018273372595,10.871741126272255,-6.52827714710034,20.087832703522224,24.594426292542153,4.5065935890199285,21.533999324965905,23.09897318488524,1.5649738599193341,13.17826918872386,13.926215722709998,0.7479465339861378
2023-12-22,19.490199362464615,1,26.026323918918578,23.41748710833754,-2.608836810581039,18.616826554308574,20.828358811736948,2.211532257428374,17.497426052056966,10.884417760297424,-6.613008291759542,20.081973245965074,24.550269686243112,4.4682964402780385,21.523504660775245,23.114572631298756,1.5910679705235111,13.195141742763255,14.146090176873912,0.9509484341106571
2023-12-29,19.418251662699,1,26.15566017560478,23.38396699459757,-2.7716931810072083,18.591968407385096,20.98078427275135,2.3888158653662543,17.7817666264138,11.107397458730418,-6.6743691676833805,19.452329029819637,23.70404065482495,4.2517116250053135,21.5822562720994,23.043203319421934,1.4609470473225343,12.945529464871285,14.290117275867772,1.3445878109964866
2024-01-05,18.04410883730921,1,24.582299826404295,21.599376954771643,-2.9829228716326526,17.694302128048648,20.18176232686021,2.4874601988115614,16.33981319894029,10.04367139058266,-6.296141808357632,18.213710512565342,22.35082146737119,4.1371109548058485,19.45995957486069,20.2190565478667,0.7590969730060095,11.974567783035994,13.869964336402845,1.8953965533668509
2024-01-12,18.96766530389186,1,24.656655197824932,20.85465660604062,-3.8019985917843115,18.30230900737581,21.296328220598426,2.9940192132226144,19.782160656703212,10.472591743123502,-9.30956891357971,19.019548962493104,24.154240606827187,5.134691644334083,19.675084551613494,21.944782890326877,2.2696983387133827,12.37023344734061,15.083391756434537,2.7131583090939273
2024-01-19,15.600040706706414,1,22.035372342815407,17.144689059741722,-4.890683283073685,14.723608020643354,17.631729028466964,2.9081210078236097,15.628098807285554,8.425650959921171,-7.2024478473643825,15.930194506340996,19.972777029666375,4.042582523325379,15.877442689807424,18.149940340610172,2.272497650802748,9.405527873345747,12.275457821832063,2.869929948486316
2024-01-26,14.845883506473557,1,20.080641879263453,15.909514457300446,-4.171127421963007,13.728332924436359,16.04931695781579,2.320984033379432,13.610675985242253,7.389998460246716,-6.220677524995537,15.402480531360055,18.92808878347428,3.5256082521142247,17.796318279192917,19.50551084420269,1.7091925650097721,8.456851439346309,11.292871535801396,2.836020096455087
2024-02-02,14.103803544994792,1,18.707545657883927,14.749912608189206,-3.9576330496947207,12.976822688937617,14.746660523928568,1.7698378349909518,12.54464640036909,6.380708041836044,-6.163938358533045,14.667733609805921,17.686805635193423,3.0190720253875014,17.442876935241586,20.017529774695802,2.5746528394542167,8.283195977730614,11.041204686125738,2.758008708395124
2024-02-09,13.969090337377738,1,18.816742918304627,14.752600264489303,-4.064142653815324,12.885987995565259,14.562028839157946,1.6760408435926877,12.383343958130297,6.283329973727433,-6.100013984402864,14.446013124594316,17.22097397834459,2.7749608537502723,16.97760212807252,19.70878173589142,2.731179607818902,8.304851899599413,11.286827232655739,2.981975333056326
2024-02-16,12.740205986183412,1,17.824777915247537,14.253956876413795,-3.570821038833742,11.902836374088594,13.694071019576057,1.7912346454874637,11.794950228111617,6.057964858089534,-5.736985370022083,12.683824514612368,14.271414564198011,1.5875900495856428,14.874433551657376,17.82862644686658,2.9541928952092036,7.360413333382979,10.335202151956466,2.9747888185734865
2024-02-23,12.551910221055033,1,18.221082735124867,14.55908270061434,-3.662000034510527,11.070421469780541,12.52533233655032,1.4549108667697794,11.396320943154791,6.028326853361236,-5.367994089793555,12.693658742588951,13.637111240397061,0.94345249780811,14.965466254175183,18.09759779930083,3.1321315451256453,6.96451118150587,10.464010396106417,3.4994992146005472
2024-03-01,12.1971325846901,1,17.56844677013774,14.236618406197778,-3.3318283639399624,10.578464697652151,11.66647605179071,1.0880113541385583,11.219605200131994,5.555744728287294,-5.6638604718447,12.408308585218862,13.071223340278763,0.6629147550599015,14.678534506220316,18.048016113539546,3.36948160731923,6.729435748779537,10.604716868046566,3.8752811192670293
2024-03-08,11.702070068704757,1,16.732873912544406,13.629591263706217,-3.1032826488381886,10.00035844592918,10.816624732530684,0.816266286601504,10.602609231073203,5.232119616880098,-5.370489614193104,11.940327916295487,12.275401929840427,0.33507401354493993,13.931139651410902,17.254507733704884,3.3233680822939817,7.005111254975361,11.004175135566257,3.999063880590896
2024-03-15,11.557565617435374,1,16.11891574588249,13.331397500029823,-2.7875182458526666,9.830246187847436,10.56110443998287,0.7308582521354339,10.854623994489742,5.293477226715126,-5.561146767774616,12.074179824822863,12.392082232327468,0.3179024075046044,13.719625740901236,17.052337983195386,3.33271224229415,6.747802210668482,10.714994322361562,3.9671921116930804
2024-03-22,11.982034048486282,1,16.29045704504462,13.792540020969469,-2.49791702407515,10.221955024363822,11.092340146706732,0.8703851223429098,12.72153720840582,5.940008594548772,-6.7815286138570485,12.372073715068467,12.329916412999665,-0.04215730206880153,13.599547159107203,17.598073818914614,3.9985266598074105,6.686634138927758,11.139325296778438,4.45269115785068
2024-03-29,12.603603230374105,1,16.37033428905164,13.293956211962481,-3.07637807708916,10.516973120279218,11.788234562652562,1.2712614423733442,13.651971948733703,6.4730252187898145,-7.178946729943888,13.217812381013218,13.336103895493565,0.11829151448034736,14.51738856015433,18.800128447282404,4.2827398871280735,7.347139083012522,11.930171046063819,4.5830319630512975
2024-04-05,12.132954376419555,1,16.16687568982502,12.945886096632321,-3.220989593192698,10.146170254604641,11.098921872278765,0.9527516176741244,11.91354810179,5.951082117706449,-5.9624659840835506,12.970694540360483,13.618117368747022,0.6474228283865386,14.31689960709167,17.799371398041373,3.4824717909497025,7.283538064845516,11.384347405111427,4.100809340265911
2024-04-19,11.122736721757136,1,15.332042794780008,12.479616020845953,-2.852426773934056,8.564112713193182,9.278182777801234,0.7140700646080518,10.323798740537725,5.207062343384351,-5.116736397153375,12.011600142097734,11.861910780122955,-0.14968936197477944,13.138026116825188,16.233098996974363,3.095072880149175,7.366839823108975,11.676549411413959,4.309709588304983
2024-04-26,11.084039619602144,1,14.043903332294988,11.887011935206004,-2.156891397088984,8.719210830464093,9.349474706500843,0.63026387603675,11.739880482164992,5.698869352676908,-6.0410111294880835,11.794488066896875,11.6569544294872,-0.13753363740967472,12.883530026268872,16.405309465471106,3.521779439202234,7.323224979523047,11.506617828270791,4.183392848747744
2024-05-03,10.777485789847736,1,13.951820305312083,11.773878977737425,-2.1779413275746577,8.321985230625017,8.651406188786723,0.32942095816170536,9.954784869181267,5.19359925579495,-4.761185613386317,12.030903805597347,11.55569055772257,-0.4752132478747768,12.943210853673065,16.03652196575105,3.093311112077984,7.4622096746976325,11.453817793293638,3.9916081185960053
2024-05-10,10.665174255980425,1,13.919468117474551,11.747689065179003,-2.1717790522955482,8.174542123336835,8.37554929024573,0.20100716690889442,9.845763995696842,5.15956518310395,-4.686198812592892,12.06448215452643,11.484006997012003,-0.580475157514428,12.760096120131621,15.936434464830612,3.1763383446989906,7.226693024716269,11.287800535511252,4.061107510794983
2024-05-17,10.773368299069348,1,14.175647523131985,11.985277117071917,-2.190370406060069,8.37768568264893,8.535183821584837,0.1574981389359067,9.657965989057473,5.090696215952789,-4.567269773104684,11.948803355265468,11.217964483985483,-0.7308388712799854,12.629422879690878,15.698792024417145,3.0693691447262665,7.850684364621358,12.112296131403937,4.261611766782579
2024-05-24,11.09860676717551,1,14.087379356336925,12.007107116696261,-2.0802722396406637,9.12826782226162,9.229169347967641,0.10090152570602129,9.57416587445104,5.423763525177932,-4.150402349273108,13.258717409193792,12.244419613388445,-1.0142977958053478,12.402179461234283,15.134891304706912,2.7327118434726287,8.140930679575405,12.55228969511586,4.411359015540455
2024-05-31,10.671967128221121,1,13.358109052379874,11.818263763902053,-1.5398452884778209,9.003943328785581,9.03924171464351,0.03529838585792788,9.118406548210814,5.498730090075355,-3.6196764581354586,13.474452170953072,12.294814216913892,-1.1796379540391797,12.0455080114629,14.953550009275872,2.9080419978129726,7.031383657534491,10.427202974516064,3.395819316981573
2024-06-07,10.440334131448177,1,13.154746840293939,12.119415050240661,-1.0353317900532772,9.04637128415942,9.296222326970778,0.24985104281135762,9.216392186799894,5.2608097539525005,-3.955582432847393,12.397260291500174,11.559698914702125,-0.8375613767980497,12.11834965572882,15.03533175071901,2.916982094990189,6.7088845302068165,9.370526992103976,2.6616424618971593
2024-06-14,10.384012683578225,1,13.022532663103988,12.026971427234727,-0.9955612358692605,8.810664564810466,9.177403356170316,0.3667387913598503,9.242206709643355,5.280830671852385,-3.96137603779097,12.480939809137496,11.243714495248568,-1.2372253138889278,12.329459003208385,15.267695613281674,2.9382366100732895,6.418273351565659,9.30746053768172,2.889187186116061
2024-06-21,10.69695561757725,1,12.648166110551543,12.022999961094001,-0.6251661494575416,8.66954975640219,8.917015354862954,0.24746559846076366,8.884622380917207,4.714279894480228,-4.170342486436979,13.767107465823855,12.32182704038729,-1.4452804254365645,13.272253393242849,16.448513140147213,3.176259746904364,6.940034598525855,9.757098314491813,2.8170637159659577
2024-06-28,10.346660692697247,1,11.5994275483541,11.505025035633253,-0.09440251272084765,7.719776877157017,8.378200361808751,0.6584234846517347,8.05998279890919,4.568755966716509,-3.4912268321926803,13.828473158281867,12.614992279867252,-1.2134808784146145,13.868209094993503,15.862357169240738,1.994148074247235,7.004094678487803,9.15063334291699,2.146538664429187
2024-07-05,10.473743108793498,1,11.72789045658827,11.64558138132736,-0.08230907526090903,7.849926842242809,8.425962662083776,0.5760358198409676,8.073200635104783,4.833948562697927,-3.239252072406856,13.943363602412063,12.748320958850456,-1.1950426435616066,13.714776215007802,15.446927106611454,1.732150891603652,7.533300901405255,9.74171798119005,2.2084170797847946
2024-07-12,10.306383278997783,1,11.5790568426263,11.39766497241638,-0.18139187020992154,7.634542308404846,8.210373830908964,0.5758315225041173,7.985492463782634,4.758229900411521,-3.227262563371113,13.87643931739457,12.959942379535363,-0.9164969378592076,13.88465488811805,15.391427720820545,1.5067728327024952,6.878113853660295,9.12066086989391,2.2425470162336154
2024-07-19,10.316960012365824,1,11.461988909411389,11.336801444893155,-0.12518746451823404,7.6803644624096705,8.168619768998369,0.4882553065886981,8.026221392501867,4.807596024016291,-3.2186253684855757,13.93801563285291,13.104795397350514,-0.8332202355023952,13.986580240321402,15.565379159916077,1.578798919594675,6.808589436697702,8.918568279020533,2.109978842322832
2024-07-26,10.16624576421682,1,11.178753547030936,11.119778040709505,-0.058975506321431226,7.69945684108194,8.237925745017165,0.5384689039352253,7.74258124136054,4.636796625775517,-3.105784615585023,13.862599054917936,12.987810576596488,-0.8747884783214488,13.728014349343908,15.26763107030581,1.5396167209619023,6.78606955156566,8.747532526896435,1.9614629753307753
2024-08-02,10.223903474561046,1,11.634568966694829,11.66484864452201,0.030279677827181217,7.767618288323362,8.141392714549468,0.373774426226106,7.758961253716919,4.436018522963664,-3.3229427307532546,13.503475307400677,12.55529596589254,-0.948179341508137,13.644472257875918,15.530911905071576,1.8864396471956582,7.0343247733545695,9.01495309436703,1.9806283210124604
2024-08-09,10.112295073112959,1,11.619918023317624,11.533617694049553,-0.08630032926807019,7.742728825042917,8.30764105809449,0.5649122330515723,7.644766894056218,4.419684742024529,-3.225082152031689,13.320776799363998,12.082610892918865,-1.2381659064451327,13.321307397584974,15.120904065729988,1.7995966681450142,7.024272499312019,9.209311985860381,2.185039486548362
2024-08-16,9.972292712043618,1,11.345600058149657,10.899366631160035,-0.44623342698962176,7.81464620849853,8.442202662670468,0.6275564541719376,7.569004594264996,4.7710528731654875,-2.7979517210995084,13.738685557761343,12.404667836127473,-1.3340177216338702,12.772809041005644,14.599822617295132,1.8270135762894881,6.593010812581539,8.716643651843142,2.123632839261603
2024-08-23,9.791800358814259,1,11.085497100765636,10.033394490746375,-1.0521026100192614,7.685240985872582,8.347510117179567,0.6622691313069851,7.526134204275465,4.697818313793874,-2.8283158904815906,13.598787751770345,12.499036479360853,-1.0997512724094918,12.416788437202683,14.250952909092234,1.834164471889551,6.4383536729988435,8.922089842712637,2.4837361697137936
2024-08-30,9.806782616258237,1,11.097725765689063,9.924500628858638,-1.1732251368304247,7.66129818941522,8.30218137531564,0.6408831859004209,7.652122614139884,4.795024625135753,-2.8570979890041315,13.748104817370901,12.845121989276151,-0.9029828280947498,12.50422015691393,14.469393180440477,1.965173023526546,6.177224154020422,8.504473898522775,2.3272497445023532
2024-09-06,9.948415348301689,1,11.466465414460188,10.14269564622387,-1.3237697682363176,7.740570929137192,8.322258324609237,0.581687395472045,7.659025379041026,5.1411036548009434,-2.5179217242400824,13.900984769319123,13.403909719662039,-0.4970750496570844,12.845889870010012,14.64113319047037,1.795243320460358,6.077555727842594,8.039391554043675,1.9618358262010815
2024-09-13,10.188479816428226,1,13.668903991998448,11.411356833161406,-2.257547158837042,7.221770257646327,8.136467380470847,0.9146971228245206,7.656727185855004,5.35431003118461,-2.302417154670394,13.510696177589594,13.216914408932382,-0.29378176865721173,13.004796289754665,14.784663467514562,1.779867177759897,6.067984995725311,8.227166777305584,2.1591817815802727
2024-09-20,9.395197980313855,1,12.122157837850054,9.734085172259213,-2.3880726655908404,6.502865947477289,6.7687232009947,0.2658572535174102,7.039826232213258,4.838896925402096,-2.2009293068111617,12.479239285641228,12.743950006779627,0.26471072113839966,11.977523134872243,13.967708197422539,1.990185062550296,6.249575443829059,8.317824379024898,2.0682489351958395
2024-09-27,9.044826701963032,1,12.485928825856064,10.477861105933712,-2.0080677199223516,6.203219055259737,6.0431602139397285,-0.16005884132000858,6.375613438575712,4.627792033420576,-1.7478214051551362,12.147834208544552,11.608936813552162,-0.5388973949923894,11.05891171623125,13.530704156165356,2.471792439934106,5.997452967310878,7.980505888766658,1.98305292145578
2024-10-04,9.009602921891371,1,12.585677959172742,10.520136420649905,-2.0655415385228366,6.897609344547703,6.748256789755018,-0.14935255479268505,6.281328279601013,4.590463959591659,-1.6908643200093536,11.833260313976027,10.881065459099318,-0.9521948548767085,10.549397643702505,13.527167564620328,2.9777699209178223,5.910343990348238,7.790527337632,1.8801833472837615
2024-10-11,8.603480362319337,1,11.771467058683243,9.969239006986044,-1.802228051697199,6.8953068842444765,7.6186587754877735,0.723351891243297,5.843739566492445,4.13249889441127,-1.7112406720811748,11.528001550914752,10.21799781645609,-1.310003734458661,9.840271442890256,12.343356336975205,2.5030848940849495,5.742095670690844,7.339131343599604,1.5970356729087598
2024-10-18,8.602322912304095,1,12.237928229450105,9.88612768162082,-2.351800547829285,6.701808362284467,7.3510020890140595,0.6491937267295924,5.648966390572284,4.248922828767675,-1.4000435618046083,11.421876632769354,10.271466910058848,-1.1504097227105063,9.888962050628592,12.52996909469178,2.641007044063187,5.714395808119761,7.32644886967141,1.6120530615516486
2024-10-25,8.528187536583445,1,11.726789650003184,9.36736253813693,-2.3594271118662533,6.527824492639624,7.106483861499768,0.5786593688601442,5.536468284737154,4.202735071673359,-1.3337332130637947,11.747721502555265,10.69053889665173,-1.0571826059035345,10.057256326017836,12.4848277251606,2.4275713991427637,5.573064963547608,7.317177126378269,1.7441121628306604
2024-11-01,8.88176334796296,1,11.614764906152772,9.629080770774479,-1.9856841353782926,6.8310876339180595,7.962104678736679,1.1310170448186199,8.189944570737211,4.871815223529211,-3.318129347208,11.79758860052145,10.612986635719508,-1.1846019648019421,9.347636100577503,12.578748026698662,3.2311119261211587,5.509558275870759,7.6358447523192154,2.126286476448456
2024-11-08,8.8158268025646,1,11.58981362352911,9.421926842546014,-2.167886780983096,6.909049680528781,8.024366330399843,1.1153166498710618,8.098712689555384,5.348740562674024,-2.74997212688136,12.326344078447406,10.693183971097113,-1.6331601073502924,9.37508873474819,12.561188474033628,3.1860997392854387,4.59595200857872,6.845554634636912,2.2496026260581914
2024-11-15,8.738652418116224,1,11.725835278417392,10.07588670992179,-1.6499485684956028,7.261349057876984,8.442834628821913,1.181485570944929,8.355130699585388,5.669572283414183,-2.6855584161712045,11.34629356834958,9.399519846104994,-1.9467737222445862,8.801684432116986,12.164865989152176,3.3631815570351904,4.941621472351017,6.679235051282319,1.7376135789313025
2024-11-22,8.977444567169966,1,11.993615072558299,9.326277189209534,-2.6673378833487646,8.449828560704304,9.692872670655959,1.2430441099516543,8.58227761226263,5.956011305903303,-2.6262663063593266,11.146929439536748,9.495350521547891,-1.6515789179888571,9.131185678261701,13.10555994080272,3.974374262541019,4.560831039696112,6.288595774900401,1.727764735204289
2024-11-29,8.475081192681943,1,10.653022188536738,9.453111457884262,-1.1999107306524763,8.391789048499163,8.844748137063931,0.45295908856476785,7.608974228559674,5.921921088509677,-1.687053140049997,10.411373845286263,9.429457057075282,-0.9819167882109809,9.10001497946891,11.101132537478492,2.0011175580095824,4.6853128657409115,6.100116878080016,1.4148040123391041
2024-12-06,8.74578197832235,1,11.214778639006397,9.871673305571562,-1.3431053334348348,8.665255745266094,9.019421754020996,0.3541660087549019,7.73262421315485,6.007051674976424,-1.725572538178426,10.715256252564046,9.899149173236836,-0.8161070793272103,9.287430046513393,11.47293357256298,2.1855035260495868,4.859346973429325,6.204462389565322,1.3451154161359966
2024-12-13,8.09867973318048,1,10.242532207786411,9.27354274240166,-0.9689894653847517,8.180293189199986,8.334470958512227,0.15417776931224125,6.885509309216005,5.3907672296003,-1.4947420796157047,10.352328711353323,9.338846524483301,-1.0134821868700215,8.759299578295995,10.831456069687476,2.072156491391482,4.17211540323116,5.422994874397872,1.2508794711667122
2024-12-20,8.047097840132714,1,10.00967291574635,9.156329561163503,-0.8533433545828473,8.44732533134298,8.378299124159426,-0.06902620718355479,6.34797707340347,5.0143875819499755,-1.3335894914534947,10.66401178509004,10.02690878905824,-0.6371029960317998,8.861155833104789,11.255185111591473,2.394029278486684,3.9524441021086574,4.451476872873613,0.49903277076495556
2024-12-27,8.541900195328763,1,10.654380937424122,9.930806827931093,-0.723574109493029,9.141257576649252,8.948821935272832,-0.1924356413764201,7.280597281962116,5.256043096720077,-2.024554185242039,10.902672176101945,10.297771145597864,-0.604901030504081,9.264186526688505,12.097840755909658,2.8336542292211533,4.008306673146635,4.720117410541036,0.7118107373944014
2025-01-03,8.466651287616644,1,10.630144614599288,9.6266063208095,-1.0035382937897879,9.142540257920842,8.89191795770391,-0.2506223002169321,6.638792613180968,5.27660657492595,-1.3621860382550182,10.98141347198785,10.375235975533997,-0.6061774964538529,9.343262294841622,11.884099593178732,2.5408372983371095,4.063754473169297,4.745441303547764,0.6816868303784673
2025-01-10,8.161271432321032,1,10.65344109710884,9.866639789850097,-0.7868013072587416,8.769862357346469,8.587101278217247,-0.18276107912922157,6.862499760186921,4.996164393339782,-1.8663353668471387,9.857330988511649,9.312595071060812,-0.5447359174508364,9.014156911478864,11.732020368678917,2.7178634572000533,3.8103374792934517,4.473107692779351,0.6627702134858993
2025-01-17,8.200451619910597,1,10.50327808566989,9.791210383771912,-0.7120677018979791,8.681046667392792,8.538077612215375,-0.1429690551774172,7.032280879612955,5.290433898346549,-1.7418469812664057,9.66250494478507,8.680232885662647,-0.9822720591224225,8.650296716734218,11.653402691012758,3.00310597427854,4.673302425268659,5.249352248454372,0.5760498231857127
2025-01-24,8.145005186277176,1,10.393175082818757,9.869900553007554,-0.5232745298112036,8.698823838491819,8.532271318816868,-0.16655251967495133,6.995327336482504,5.336383159627104,-1.6589441768553996,9.603249552726226,8.541349835904896,-1.0618997168213298,8.519633605939177,11.119541525895656,2.599907919956479,4.659821701204578,5.470584724410955,0.8107630232063769
2025-02-07,8.255052409170622,1,10.873610382279665,10.280092231639387,-0.5935181506402785,8.795995876374306,8.456925735926589,-0.339070140447717,7.057240134793702,5.692395821802776,-1.3648443129909253,9.833472228207668,8.677484480971557,-1.1559877472361109,8.819653456879848,11.499720090618226,2.6800666337383774,4.150342376488538,4.923696094065193,0.7733537175766543
2025-02-14,8.25294778833886,1,10.90601729757229,10.345299701257105,-0.560717596315186,8.722666544363094,8.3433519858268,-0.3793145585362936,7.081749608541003,5.5328454313400215,-1.5489041772009813,9.510979061314046,8.49452557610607,-1.0164534852079754,9.126835305182112,11.736545933400379,2.6097106282182665,4.169438913060617,5.065118102102801,0.895679189042184
2025-02-21,8.0493286778848,1,10.263771884330907,10.081108148251516,-0.18266373607939101,8.287130942842452,7.753072912312263,-0.5340580305301899,6.941571177895838,5.500264662394457,-1.4413065155013811,9.676658094025456,8.537608830073822,-1.1390492639516339,9.111827556831443,11.738847322450326,2.6270197656188827,4.015012411382699,4.685070191826426,0.6700577804437273
2025-02-28,8.38595738077541,1,10.8380923259339,10.512698491864626,-0.32539383406927413,8.711539879676309,8.070178502349648,-0.6413613773266604,7.113561455656466,5.657284006656113,-1.4562774490003534,9.93507353289263,8.967978664215323,-0.9670948686773073,9.835085201225922,12.577933181178452,2.742847979952529,3.8823918892672395,4.529671438388249,0.6472795491210093
2025-03-07,8.464469741400466,1,11.022351398606204,10.879799039716374,-0.1425523588898301,8.924129845206082,8.09410962556413,-0.8300202196419519,7.582749634970497,5.7613166326319885,-1.8214330023385088,9.926743277554465,8.809964557417828,-1.1167787201366366,9.5941066677169,12.786847833764838,3.192741166047938,3.736737624348649,4.45478075930761,0.7180431349589611
2025-03-14,7.933324613690185,1,11.363199314835,10.517298791319874,-0.8459005235151267,8.151833845744605,6.961738382121027,-1.190095463623578,5.499239541764524,4.850565561908212,-0.6486739798563121,9.427932220273448,8.212906996032814,-1.2150252242406339,9.314337027926541,12.606908425737473,3.2925713978109314,3.843405731596988,4.450529525021693,0.6071237934247051
2025-03-21,7.499246546016361,1,10.13230709373913,9.91802970507031,-0.21427738866881896,7.537499250832283,6.576558741672997,-0.9609405091592862,4.943515693163533,4.208785296341162,-0.7347303968223713,9.356342418290012,8.141055354196766,-1.2152870640932463,9.074786674577595,12.048290732927,2.9735040583494055,3.951028145495613,4.102759445889902,0.15173130039428884
2025-03-28,7.311363758908892,1,9.295551060582667,9.762154781375841,0.4666037207931737,7.513521337971525,6.60864238024088,-0.9048789577306451,5.1900912545446545,4.930844010732216,-0.2592472438124389,8.996796087951083,7.7075833667447995,-1.2892127212062832,9.161425259963181,11.133031373280417,1.971606113317236,3.7107975524402406,3.725926641079141,0.015129088638900612
2025-04-11,7.8127528286774135,1,9.768108591508025,9.848148704821753,0.08004011331372851,8.384838419870903,7.4505393935797315,-0.9342990262911712,5.192639884815861,5.039470346638296,-0.15316953817756485,9.697684025904607,8.73249134070602,-0.9651926851985877,9.736936506489542,11.420337394046499,1.6834008875569566,4.096309543475542,4.385529792272209,0.2892202487966671
2025-04-25,7.960115614686319,1,10.01967746671886,10.076344380245459,0.05666691352659825,8.423467534133621,7.568619817893449,-0.8548477162401724,5.358353839328458,5.1309109454086865,-0.2274428939197719,9.665309111082237,8.841140344462417,-0.8241687666198203,10.269429436962199,11.90829962097753,1.6388701840153317,4.024456299892535,4.235378579130341,0.21092227923780626
2025-05-02,7.646446806153186,1,9.949763446156723,10.262695329189043,0.31293188303232,8.128632480444168,7.129649990147698,-0.9989824902964699,4.9716830920016974,4.60160886285253,-0.3700742291491679,9.126696821326604,8.348056062266323,-0.7786407590602806,9.842862198499333,11.741265845525703,1.8984036470263703,3.8590427984905915,3.795404746937848,-0.06363805155274349
2025-05-09,7.520228290037768,1,9.503556376844415,10.297702868883974,0.7941464920395589,7.944485712825255,6.891970905230863,-1.0525148075943918,4.884753638867366,4.851310275644138,-0.03344336322322761,9.279018994367135,8.269319859619657,-1.0096991347474784,10.079661032127888,11.247454326288775,1.1677932941608873,3.4298939851945534,3.563611504559219,0.1337175193646658
2025-05-16,7.429840685927587,1,9.299154403860442,10.260766914493558,0.9616125106331168,7.873262648023825,6.996511498756661,-0.8767511492671645,4.816011685954976,4.635597475368343,-0.18041421058663332,9.11028195426583,8.29894290934405,-0.8113390449217803,9.833722155706184,10.931788372410125,1.0980662167039412,3.646611267754267,3.455436945192787,-0.19117432256147993
2025-05-23,7.455347815971774,1,9.310092598571558,10.33691935495392,1.0268267563823628,8.062202598033238,7.208825416658442,-0.8533771813747961,4.727840798060299,4.706725481020044,-0.021115317040255377,9.027634097104752,8.242054341829956,-0.7855797552747958,9.952780745441146,10.866687069589972,0.9139063241488259,3.651536058619655,3.3708752317782995,-0.2806608268413555
2025-05-30,7.520985278696162,1,9.419284113607361,10.408313568387982,0.9890294547806207,8.178241952156952,7.260992982739808,-0.9172489694171446,4.752605904552837,4.749562394445178,-0.003043510107659131,9.051894163652534,8.294304007564548,-0.7575901560879856,10.077456517099918,10.988187770162824,0.9107312530629059,3.646429021107366,3.424550948876643,-0.22187807223072298
2025-06-06,7.577480402751905,1,9.4533680265843,10.240551422238255,0.7871833956539547,8.597247362812823,7.795373972042455,-0.8018733907703677,4.800072214350351,4.735369914436546,-0.0647022999138045,8.91704081622295,8.230448427619464,-0.6865923886034864,9.91590481313196,10.879552185419044,0.9636473722870846,3.781249183409045,3.5835864947556786,-0.19766268865336656
2025-06-13,7.792488316569933,1,9.845830867626375,10.620631771202753,0.7748009035763772,8.822306225240112,8.113965458828702,-0.7083407664114105,4.672219490954177,4.638561292800162,-0.03365819815401494,9.407597072995273,8.642540821304067,-0.7650562516912061,10.236384985111115,11.228227771495156,0.9918427863840407,3.7705912574925406,3.5110027837887685,-0.25958847370377214
2025-06-20,7.898730105661332,1,10.589285880887203,10.828195442708733,0.23890956182152934,8.666551031266195,7.947320405704147,-0.719230625562048,4.53811823740935,4.198370773814418,-0.33974746359493224,9.34978871034481,8.619953997516433,-0.729834712828378,10.31471944360382,11.966605900823822,1.6518864572200016,3.933917330456609,3.8319341134004787,-0.10198321705613012
2025-06-27,7.760448112549184,1,9.984852079419113,10.19951718360609,0.21466510418697737,8.600298653538303,7.911850025164981,-0.6884486283733224,4.5588524026470765,4.248206163970849,-0.3106462386762274,9.22907625666005,8.78634047664363,-0.4427357800164202,10.46710296468062,11.698611104510064,1.2315081398294438,3.722506318349943,3.718163721399449,-0.004342596950493771
2025-07-04,7.738967009447687,1,10.08489186553956,10.417378493114342,0.33248662757478087,8.450108735709392,7.7787540142453935,-0.6713547214639988,4.438313319931012,4.097012591364631,-0.34130072856638094,9.334332520084999,8.977604603563051,-0.35672791652194746,10.486790789107161,11.530921695252303,1.044130906145142,3.6393648263139937,3.6321306591463838,-0.0072341671676099395
2025-07-11,7.598063262620258,1,10.126835952115542,10.618152074167725,0.4913161220521829,8.576972084305936,7.86742163650834,-0.7095504477975965,4.437278308849301,3.8089139121526756,-0.6283643966966252,9.172248108080282,8.776834626316997,-0.39541348176328484,9.508402756826413,10.791139048232509,1.2827362914060956,3.7666423655440724,3.7259182783433147,-0.04072408720075771
2025-07-18,7.985366397791445,1,10.507723236177668,11.085769150489739,0.5780459143120709,8.673911899873701,8.016439116558828,-0.6574727833148728,4.957592137674283,4.204334703004378,-0.753257434669905,9.588159136396783,8.997168038917266,-0.5909910974795167,10.176236896525722,11.402477672881787,1.2262407763560645,4.008575080100513,4.206009704896658,0.19743462479614493
2025-07-25,7.7730887009896295,1,10.429854911843165,10.688069343832794,0.2582144319896287,8.607178178642926,7.922764778192928,-0.6844134004499978,4.713838807246688,4.068422078636729,-0.645416728609959,9.14338990435526,8.731481899348637,-0.41190800500662306,9.935297615827906,11.021142360875217,1.0858447450473108,3.8089727880218334,4.20665174505146,0.3976789570296262
2025-08-01,7.4821679608489235,1,11.254582956018083,11.481659868021666,0.22707691200358227,8.960295836422773,7.936506309111607,-1.0237895273111661,4.412647417480812,3.8329217717345188,-0.5797256457462936,8.024129812541062,7.457647154126576,-0.5664826584144862,8.3272303377246,10.017268820097797,1.6900384823731969,3.9141214049062114,4.167003842001336,0.25288243709512415
2025-08-08,7.663166875698877,1,11.29224419092563,11.436204159201992,0.14395996827636282,8.87149300737994,8.199414363891378,-0.6720786434885611,4.391607173278587,3.678417398246779,-0.7131897750318075,8.436012409356891,7.702851465477565,-0.7331609438793265,8.47644006416428,10.708091633449982,2.2316515692857024,4.511204409087938,4.254022233925596,-0.25718217516234176
2025-08-15,7.778848837217152,1,12.114847260835049,11.500207695174055,-0.614639565660994,8.913862665066375,8.247833104065563,-0.666029561000812,4.458772930710296,3.7462932828047997,-0.7124796479054964,8.368680256247615,7.737612764237625,-0.6310674920099899,8.346367771293103,10.973974354682397,2.6276065833892943,4.4705621391504735,4.467171822338457,-0.003390316812016181
2025-08-22,7.800438507135721,1,12.12971727640577,11.708007696348375,-0.4217095800573958,8.770712457611694,8.105833331284856,-0.6648791263268379,4.461944846551148,3.78930185800769,-0.6726429885434584,8.371620967791799,7.724682272648224,-0.6469386951435752,8.330592918208694,10.963554243207568,2.632961324998874,4.7380425762452205,4.5112516413176,-0.22679093492762092
2025-08-29,7.53176125834884,1,11.764344646382128,11.449628443796811,-0.3147162025853163,8.94443190276067,8.351342065224998,-0.5930898375356719,4.3997057358539,3.6916968800066883,-0.7080088558472113,7.772486478178436,7.094227884832762,-0.6782585933456744,8.096525465938726,10.733279215587444,2.636753749648719,4.213073320979177,3.8703930606443038,-0.3426802603348733
2025-09-05,7.658601372719943,1,12.168833528994384,11.97338347880195,-0.19545005019243433,9.047187180824693,8.355951911987177,-0.6912352688375165,4.309958941608684,3.718286665528666,-0.5916722760800184,8.251828956841777,7.045836351555337,-1.2059926052864398,7.929108642588588,10.758794842768722,2.8296862001801344,4.244690985461531,4.099354985677778,-0.14533599978375378
2025-09-12,7.72848641204984,1,12.16455036588762,12.552121890730163,0.3875715248425422,8.217869532375204,7.5028602131474855,-0.7150093192277183,5.185973015966297,4.349415255827807,-0.8365577601384899,7.901080259707257,6.557249277619363,-1.3438309820878942,7.379467734784313,9.760620353828358,2.3811526190440446,5.521977563578346,5.648651481145876,0.12667391756752977
2025-09-19,7.710735477902205,1,11.257744721965707,11.803558859728781,0.5458141377630739,7.758918661882603,7.301469812682242,-0.457448849200361,4.723569690035049,4.545618629074497,-0.17795106096055235,8.292573818238537,6.9840428480144965,-1.3085309702240409,9.029899251720778,11.030638312949335,2.0007390612285576,5.2017067235705525,4.599084404963918,-0.6026223186066346
2025-09-26,7.6126313364401925,1,10.935859362021674,11.510938403275446,0.5750790412537725,7.946680673718973,7.472219346765073,-0.4744613269539002,4.309964391924979,4.095303796776946,-0.21466059514803248,8.128537219118812,6.926052336260398,-1.202484882858414,8.9693769899921,11.11284480299878,2.14346781300668,5.385369381864621,4.558429332564529,-0.8269400493000916
2025-10-03,7.796524670774001,1,10.927313560890909,11.735355483622172,0.8080419227312632,8.08661357117657,7.556498189243669,-0.5301153819329016,4.393576783420755,3.9285317273068188,-0.46504505611393654,9.193191878829964,7.416071919884857,-1.7771199589451072,8.98267687981604,11.434074763324958,2.4513978835089176,5.195775350509763,4.708615941261513,-0.48715940924824963
2025-10-10,7.797620060610858,1,11.106464939823866,11.699929053412731,0.5934641135888654,8.315961712024986,7.881814511312356,-0.4341472007126299,4.538286871116966,4.058727952310775,-0.47955891880619106,8.539527790419228,6.64688047569588,-1.892647314723348,9.232647425844121,11.680538462853661,2.4478910370095406,5.052831624435981,4.817829908079759,-0.2350017163562228
2025-10-17,7.842528544967339,1,11.803929074641644,11.955772350362906,0.15184327572126222,8.257023432838238,7.896842010194391,-0.3601814226438478,4.219438249371706,3.821176377988124,-0.39826187138358193,8.494263734149328,6.62431606714577,-1.869947667003558,9.116042686550031,11.901565526471828,2.7855228399217964,5.164474092253087,4.855498937641002,-0.30897515461208513
2025-10-24,7.977335389527376,1,11.957443146729744,12.11170009568805,0.15425694895830588,7.96454935299937,7.540689157652224,-0.4238601953471459,4.379048827958272,4.170882670382298,-0.2081661575759739,8.910526533613165,6.776746174520014,-2.1337803590931514,9.311783372053739,12.245042303676257,2.933258931622518,5.340661103809964,5.018951935245383,-0.3217091685645812
2025-10-31,8.605957696565106,1,11.704684438630409,12.637167388780952,0.9324829501505434,7.961091342616996,7.563463227271981,-0.3976281153450145,5.150957462707936,4.672136977860774,-0.4788204848471622,10.992903831193956,8.02370896836237,-2.9691948628315856,10.587217405875748,13.851731742935428,3.26451433705968,5.238891698365592,4.8875378741791025,-0.3513538241864893
2025-11-07,8.62085123993061,1,11.58870910747261,12.745314944489607,1.156605837016997,7.892849650093908,7.451140609601751,-0.44170904049215665,5.1052681081717,4.773028032375649,-0.33224007579605086,10.903974342520769,8.542132105652996,-2.3618422368677727,10.643399118936372,13.295357305450537,2.6519581865141646,5.590907112388308,4.918134442013127,-0.6727726703751813
2025-11-14,8.568734147448493,1,11.418893760336303,12.458903003324778,1.040009242988475,7.866839999378797,7.4203049340529645,-0.44653506532583265,5.070124597535141,4.677643912250105,-0.39248068528503666,10.915967861391579,8.621433246677086,-2.294534614714493,10.520455254184753,13.416738048249329,2.8962827940645752,5.620123411864384,4.817381740136682,-0.802741671727702
2025-11-21,8.387202636593068,1,10.95374315435825,11.946837949680443,0.9930947953221931,7.791307089651639,7.340316318906943,-0.4509907707446956,4.577379051606343,4.440105728706143,-0.13727332290019945,10.876535020452266,8.63975077722857,-2.2367842432236955,10.501279309924982,13.20492049894527,2.7036411890202885,5.622972193564934,4.7512845460910285,-0.8716876474739053
2025-11-28,8.301105263601023,1,10.716925062534912,11.607574264694065,0.8906492021591532,8.12957522056594,7.80112531056821,-0.3284499099977296,4.669789485298011,4.750087316576014,0.08029783127800272,10.21565535960326,8.088584231460331,-2.12707112814293,10.39242216214862,12.804701444028495,2.4122792818798757,5.682264291455397,4.754559014279053,-0.9277052771763437
2025-12-05,8.460249150578854,1,10.949244231748452,12.233010261719613,1.2837660299711615,8.721897052414192,8.501807677391426,-0.22008937502276638,4.699094735382488,4.624640056182585,-0.07445467919990278,9.999986857809589,8.28455699878451,-1.715429859025079,10.60358931984608,12.434015083941688,1.830425764095608,5.787682706272321,4.683464825453285,-1.1042178808190357
2025-12-12,8.136160812811967,1,9.923099423515211,11.544242470147196,1.6211430466319854,8.379398631526314,8.140383306282061,-0.23901532524425306,4.701434358949967,4.471974016180994,-0.22946034276897365,9.837623176828075,7.902494260434551,-1.9351289163935235,10.58818265705581,12.461694704098846,1.873512047043036,5.38722662899643,4.296176119728145,-1.0910505092682854
2025-12-19,8.333969661693077,1,10.704622399551994,12.217184431074969,1.5125620315229753,8.308904803198999,7.980116076402254,-0.32878872679674487,4.741598630590843,4.736321210778925,-0.005277419811918094,10.071858831015504,7.887859757463389,-2.1839990735521155,10.53715402957529,12.609455659816916,2.0723016302416255,5.639679276225834,4.572880834621998,-1.0667984416038365
2025-12-26,8.404557096729308,1,10.78327501902342,11.9851844399481,1.2019094209246788,8.60125278836739,8.307156836222987,-0.2940959521444029,4.461772532070086,5.022217862179787,0.560445330109701,10.384147238562917,8.029844552452985,-2.354302686109932,10.540528335204627,12.540806500028651,2.0002781648240244,5.6563666671474095,4.542132389543383,-1.1142342776040266
2026-01-02,8.401409005899609,1,10.643124593578818,11.811219300847682,1.1680947072688639,8.577951433397786,8.29205384311831,-0.28589759027947537,4.511198045827584,5.037177439213849,0.5259793933862653,10.440223567518075,8.096668242676103,-2.3435553248419723,10.541587009672782,12.509825519579906,1.968238509907124,5.694369385402609,4.661509689961832,-1.0328596954407772
2026-01-09,8.426043113230342,1,10.724154788756351,11.968213282262326,1.2440584935059746,8.345452617711501,8.116636734453806,-0.22881588325769542,5.433950710583034,5.667151260414059,0.23320054983102523,10.033797363828683,7.676921773510131,-2.356875590318552,9.924334047837988,12.236342334934662,2.312008287096674,6.094569150664498,4.890993293807043,-1.203575856857455
2026-01-16,8.581565310983827,1,10.813505695615618,11.556119867753708,0.7426141721380901,8.945360610594747,9.077856712280337,0.13249610168558945,5.583585333585745,5.616958418382239,0.03337308479649437,10.208028315387466,8.311737419608889,-1.8962908957785771,10.23257579829901,12.083637343273011,1.8510615449740015,5.706336112420374,4.84308210460479,-0.8632540078155841
2026-01-23,8.546567167793015,1,10.912031288599437,11.67037800254333,0.7583467139438937,8.835670047544994,8.998377257698465,0.16270721015347078,5.454422169555443,5.6092061496963765,0.15478398014093386,9.93366711829367,8.231024019554752,-1.7026430987389176,10.426887337028731,11.956250657088916,1.5293633200601846,5.716725045735814,4.8141669201762625,-0.9025581255595512
2026-01-30,8.516044957940343,1,10.584476483419621,11.21434631403099,0.6298698306113693,8.749163211059525,8.891541378729372,0.1423781676698468,5.247765846780723,5.390268499157131,0.14250265237640747,10.2024945983665,8.340985278292024,-1.8615093200744752,10.547621287494763,12.407446001624137,1.859824714129374,5.764748320520923,4.8516822758084,-0.9130660447125223
2026-02-06,8.613559992165063,1,11.051131367403258,11.877925236016594,0.8267938686133363,8.924400283182322,8.95012525339473,0.025724970212408493,5.219040778727077,5.190876086176644,-0.0281646925504333,10.256859638370187,8.398194726537483,-1.8586649118327045,10.513932917215612,12.284874765266181,1.770941848050569,5.71599496809192,4.979363885598744,-0.7366310824931759
2026-02-13,8.566730323877822,1,12.31510396666927,12.543031188488243,0.22792722181897318,9.419496141742684,9.575623786864696,0.15612764512201238,4.8595598094648125,5.300434988899951,0.4408751794351389,9.900579254543217,7.551900469731805,-2.348678784811412,9.637868870309873,11.656193553059467,2.0183246827495935,5.26777390053708,4.77319795622283,-0.4945759443142492
2026-02-27,8.326053598543119,1,11.164442496987704,11.57402667991623,0.4095841829285263,9.377473623372637,9.533857951519039,0.15638432814640169,5.289699169704917,5.5625663840838655,0.2728672143789481,9.77156939640119,7.6261031058673865,-2.145466290533804,9.721498108651389,11.281927358110622,1.560429249459233,4.6316387961408765,4.3778401117615715,-0.253798684379305
2026-03-06,8.532024018796088,1,12.129909887164317,12.318546695736131,0.18863680857181464,7.701536483892127,8.009103037999921,0.3075665541077939,5.685013821309809,5.926150403106291,0.24113658179648212,10.584311921871105,7.511399675009457,-3.072912246861648,10.457007824036154,12.726144045336667,2.2691362213005135,4.63436417450302,4.700800255588064,0.06643608108504395
2026-03-13,8.85331009076197,1,12.742258570361813,12.84837960535468,0.10612103499286718,8.290850749796121,8.345168790169438,0.054318040373317444,6.04641841603862,6.3690230554335585,0.3226046393949389,10.783588091263354,7.544086299777206,-3.2395017914861484,10.42595745832044,12.784091970663482,2.3581345123430424,4.830787258791474,5.229110823173457,0.39832356438198246
2026-03-20,8.65766430822972,1,12.524635743014542,12.406536741208427,-0.11809900180611521,8.334043119075702,8.366157475514896,0.03211435643919458,5.400876023825063,5.979567751566265,0.5786917277412016,10.594138895833396,7.512934513299513,-3.0812043825338833,10.342514253591332,12.696880879731836,2.3543666261405036,4.749777814038282,4.983908488057409,0.23413067401912713
2026-03-27,8.593801168788154,1,12.538481338893504,12.237520807929869,-0.3009605309636356,8.319015223824195,8.395958911211991,0.07694368738779644,5.308947540632843,5.892818713694055,0.5838711730612118,10.505055642026448,7.2906788088348975,-3.214376833191551,9.73705668519915,12.343750901825402,2.606694216626252,5.154250582152784,5.402078869232682,0.2478282870798978
2026-04-03,8.603774049493426,1,12.396038072382495,12.152972197845145,-0.24306587453735062,8.170044942552465,8.125053355783152,-0.044991586769313585,5.6609765933953184,6.233096274374745,0.5721196809794264,10.607083255197125,7.290661864393087,-3.316421390804038,9.685459591599638,12.371312049726598,2.685852458126959,5.103041841833516,5.449548554837804,0.34650671300428826
2026-04-10,7.705942455360092,1,10.63290063227717,10.750404721615794,0.11750408933862388,6.858051320247796,7.333368458530359,0.4753171382825627,4.789275116608593,5.388681303809818,0.5994061872012253,10.00769035636472,6.484875056266262,-3.5228153000984577,9.330438312753557,11.48999786446447,2.159559551710913,4.617298993908719,4.788327327473894,0.17102833356517522
2026-04-17,7.729892295419674,1,10.346058689174342,11.135072268967292,0.7890135797929503,7.484590440695186,7.626401955676258,0.1418115149810717,4.349850308093565,5.24410357659292,0.8942532684993552,11.118706435513317,6.491918147103576,-4.626788288409742,8.699812985870963,11.280032762835063,2.5802197769640998,4.380334913170671,4.6018250613429075,0.22149014817223645
2026-04-24,7.847557728724539,1,10.828488171677805,11.363763885336766,0.5352757136589616,7.579936889620257,7.590973246798725,0.011036357178468847,4.379394069479844,5.112388487239642,0.732994417759798,10.705223476433702,6.4876546920754805,-4.217568784358221,8.92881293714322,11.606088881824647,2.6772759446814263,4.663490827992405,4.924477179072028,0.2609863510796231
2026-05-01,7.901369575082906,1,10.768853168694562,11.40719906587897,0.6383458971844078,7.550490930267074,7.447093611353878,-0.10339731891319559,4.390373606056542,5.09663005806344,0.7062564520068975,10.714147034018737,6.509159619309003,-4.204987414709734,9.069778477354319,11.924731304575218,2.854952827220899,4.9145742341061975,5.023403791316923,0.10882955721072562
2026-05-08,7.960147554153525,1,10.640313855119487,11.171219280496445,0.5309054253769574,7.101606546403957,7.1718667606692605,0.07026021426530349,4.329585485274748,5.0083913405640175,0.6788058552892693,11.139442669757685,6.372130751458414,-4.767311918299271,9.274555134938083,12.106732716849194,2.832177581911111,5.2753816334271875,5.930544474883845,0.6551628414566579
2026-05-15,7.534489161390167,1,9.88592795240723,10.093154381211946,0.20722642880471653,6.532733952561927,6.258839195807639,-0.273894756754288,4.00756249707635,5.0170960205942094,1.0095335235178595,10.821135077832963,6.026632118024736,-4.794502959808227,9.041706573447186,11.375020146337405,2.3333135728902192,4.917868915015347,6.436193106365053,1.5183241913497056
2026-05-22,7.41069719792952,1,9.446236055960043,9.937079492821766,0.4908434368617236,6.705439211401512,6.4569220660156645,-0.24851714538584702,3.7262562569320465,4.73681173395974,1.0105554770276939,10.595360271215455,6.0481770092533225,-4.547183261962132,9.07432240673468,11.21465404510218,2.140331638367499,4.9165689853333845,6.070538840424447,1.1539698550910629
2026-05-29,7.478241769583846,1,9.4970022500234,10.229535480567563,0.7325332305441634,6.7150004627546735,6.418396309744395,-0.29660415301027854,3.8349608449067745,4.732790873344342,0.8978300284375678,10.694328085256544,5.824527521925404,-4.86980056333114,9.170609925216553,11.582300830783652,2.4116909055670988,4.957549049345133,6.081899601137721,1.1243505517925882
2026-06-05,7.466443319069327,1,9.506750462996266,10.112800168143309,0.6060497051470435,6.364502294678729,6.103315377057129,-0.2611869176216004,3.916068200546789,4.925593290706757,1.0095250901599684,10.943031851290854,5.943566777871922,-4.999465073418932,9.182695801609157,11.70159496285136,2.518899161242203,4.885611303294169,6.011789337785515,1.1261780344913461
2026-06-12,7.1456584734710376,1,9.195124878748032,9.43000078822756,0.23487590947952697,6.315597449877799,5.902627580152043,-0.41296986972575667,2.423575331385024,4.390708304538364,1.9671329731533405,11.19052219637554,5.909837586012316,-5.280684610363224,9.102460678360117,11.461631561731139,2.3591708833710214,4.646670306079713,5.779145020164833,1.1324747140851201
2026-06-19,7.069802488349282,1,9.109850651045306,9.052467834505677,-0.05738281653962929,5.841216041285918,5.462529821577931,-0.378686219707987,2.6292201723446027,4.801626866170466,2.172406693825863,11.255060955499033,5.736466491160584,-5.518594464338449,8.903002938597552,11.407399357790013,2.50439641919246,4.68046417132328,5.958324558891007,1.2778603875677277
2026-06-26,7.175990847105645,1,9.522229553373592,9.892141756959262,0.36991220358567034,5.9113463384841225,5.544175167165477,-0.3671711713186454,3.016383361586577,5.001907044928743,1.9855236833421657,11.330114206374887,5.18097549398297,-6.149138712391917,8.495494984140237,11.221104215724452,2.7256092315842153,4.780376638674454,6.215641403872965,1.4352647651985109
2026-07-03,7.142310805817748,1,9.130274735360999,9.747572117116661,0.6172973817556624,5.975506460444919,5.528156645262769,-0.4473498151821502,3.0713611624209562,4.677216368837676,1.6058552064167202,11.259485066360924,5.140355473185508,-6.1191295931754155,8.51779289682132,11.368357690512525,2.8505647936912055,4.899444513497372,6.392206539991335,1.4927620264939634
2026-07-10,7.038164237883514,1,9.158778941424998,9.697144380757706,0.5383654393327078,6.005310301928077,5.58304452685033,-0.4222657750777472,3.1314556344045172,4.62627664675216,1.4948210123476429,10.711577585198427,5.144880681340908,-5.566696903857519,8.432323555468074,10.86970286539389,2.4373793099258165,4.7895394088769905,6.307936326206104,1.5183969173291132
2026-07-17,6.99813600350182,1,9.004013608668828,9.42580399651564,0.4217903878468121,5.857627639239553,5.577403893582456,-0.2802237456570964,3.437822575659169,4.840900196405769,1.4030776207466005,10.754885201251668,5.065185393806431,-5.689699807445237,8.11546028794615,10.779537980514107,2.6640776925679575,4.819006708245553,6.299984560186516,1.4809778519409633
