date,TCI,lag_selected,FROM_Indonesia,TO_Indonesia,Net_Indonesia,FROM_Malaysia,TO_Malaysia,Net_Malaysia,FROM_Philippines,TO_Philippines,Net_Philippines,FROM_Singapore,TO_Singapore,Net_Singapore,FROM_Thailand,TO_Thailand,Net_Thailand,FROM_Vietnam,TO_Vietnam,Net_Vietnam
2010-10-22,12.26362281771229,1,26.358647970338055,31.70948098165134,5.350833011313284,14.16134476734446,12.715843181365614,-1.445501585978846,8.292180266379006,7.6556083171231535,-0.6365719492558526,12.429415842332958,10.880585751839575,-1.5488300904933823,6.732913692258393,5.7676297386267095,-0.9652839536316833,5.607234367620876,4.8525889356673275,-0.7546454319535485
2010-10-29,11.580490439282933,1,26.086314026671218,31.440661552717074,5.354347526045856,13.144319644830844,11.622647837903514,-1.5216718069273298,5.990387738760404,5.15222057889757,-0.8381671598628344,13.064451276397534,11.709170858853923,-1.3552804175436108,6.2766645826563945,5.3563693766889315,-0.920295205967463,4.920805366381202,4.201872430636541,-0.718932935744661
2010-11-05,13.045478296914974,1,29.26588650231764,36.15549706438402,6.88961056206638,15.426017570777546,13.604312419149437,-1.8217051516281089,5.991908604827344,4.920656344340003,-1.0712522604873413,14.533264480063693,12.512326957671192,-2.020937522392501,7.24730777484578,6.265063789490824,-0.9822439853549554,5.808484848657841,4.8150132064543385,-0.9934716422035024
2010-11-12,12.19196413070578,1,27.14028533501596,32.34410941844153,5.203824083425573,10.300103745940149,9.052180193781595,-1.2479235521585537,2.8976324372066387,2.486963887163526,-0.41066855004311265,18.398003868134197,17.26397333506071,-1.134030533073485,6.474757628856636,5.318199649999968,-1.156557978856668,7.9410017690810974,6.686358299787358,-1.2546434692937396
2010-11-19,12.63094576968114,1,28.553857078563,34.20218567626307,5.648328597700072,8.433987464647927,7.069144684654447,-1.3648427799934808,2.8580881638345517,2.4068308503108113,-0.4512573135237403,20.38176090635254,19.189270917403505,-1.1924899889490348,7.733766492988352,6.407662342508004,-1.3261041504803472,7.824214511700475,6.510580146947007,-1.3136343647534687
2010-11-26,11.25085554382963,1,26.3707737377418,31.457199708503836,5.086425970762036,8.721356555012349,7.503031837517298,-1.218324717495051,2.9219723654600216,2.479780819048017,-0.44219154641200475,17.028828041718555,15.551062307132213,-1.4777657345863418,7.036793243732049,5.96188583196124,-1.074907411770809,5.425409319313005,4.552172758815189,-0.8732365604978156
2010-12-03,11.997257482803294,1,26.59282983873848,31.689849181408405,5.097019342669924,8.577927379454223,7.410056732630366,-1.1678706468238573,8.783089072720102,7.955157787576084,-0.8279312851440181,17.22229257165833,15.719511960170038,-1.5027806114882907,5.629000691816472,4.919933625073057,-0.7090670667434154,5.178405342432157,4.289035609961871,-0.8893697324702856
2010-12-10,12.702269129925682,1,26.863162859977223,31.98079469553643,5.117631835559209,8.703706380446533,7.546264227719263,-1.1574421527272705,10.168646966281173,9.372231020788732,-0.7964159454924413,17.596286819001648,16.25717114821802,-1.3391156707836274,5.24821622818726,4.543276456591755,-0.7049397715955052,7.633595525660255,6.513877230699919,-1.119718294960336
2010-12-17,12.67189181729227,1,26.61890395548562,31.709429633478265,5.090525677992645,7.397777265377044,6.317984616596661,-1.0797926487803835,11.010826287681994,10.18873986822328,-0.8220864194587136,17.238822512636048,16.006772830625536,-1.232049682010512,5.911272249086181,5.025424400996272,-0.8858478480899095,7.853748633486731,6.782999553833577,-1.0707490796531545
2010-12-24,15.31166565018511,1,30.598190756803277,34.7731758879283,4.174985131125027,6.452989138633612,5.484833491979018,-0.9681556466545942,11.009703056215557,10.079305885483066,-0.9303971707324905,26.930894180383206,27.145204728339024,0.21431054795581872,7.002965843960652,6.1725716490107345,-0.8303941949499176,9.875250925114358,8.214902258370557,-1.6603486667438005
2010-12-31,17.902692786543458,1,35.92988289339817,41.84580632475948,5.915923431361307,15.640618852073644,13.693132231228631,-1.9474866208450123,6.483388704941149,6.032889471369344,-0.4504992335718043,31.143211754423888,31.16401272322821,0.02080096880432336,5.648201572582366,4.77949557457697,-0.8687059980053959,12.570852941841522,9.900820394098119,-2.6700325477434035
2011-01-07,19.11779906940055,1,38.206375628256986,45.99392030024507,7.787544671988087,13.691244912865088,11.21734791965632,-2.4738969932087684,4.080178784929885,3.580195091094808,-0.4999836938350768,31.75865776567936,30.65531447831563,-1.103343287363728,7.23192716632299,6.708041462688087,-0.5238857036349032,19.738410158348984,16.55197516440336,-3.1864349939456247
2011-01-14,19.640937961657563,1,37.18296175868318,43.80619291591847,6.6232311572352955,14.1258484824789,10.860500041074559,-3.265348441404342,6.478148503785292,6.025470747989573,-0.4526777557957189,32.61908913991583,32.96363587292359,0.3445467330077605,6.012487613869709,5.6467416705511795,-0.3657459433185295,21.427092271212473,18.543086521487993,-2.88400574972448
2011-01-21,20.97532502068813,1,38.23559618603983,44.117942549801825,5.882346363761997,13.616067261101108,10.353228110788706,-3.262839150312402,8.486574502822691,8.146442886534388,-0.34013161628830346,35.416504259494744,36.82520458761775,1.408700328123004,9.052993095453559,8.668063094230078,-0.38493000122348064,21.044214819216833,17.74106889515602,-3.3031459240608143
2011-01-28,20.58310054549393,1,38.99408069685103,45.00105809317988,6.00697739632885,13.803024026193725,10.400252681236609,-3.4027713449571166,6.749463131608607,6.310622423926333,-0.43884070768227446,36.325193039502004,37.98706732289795,1.661874283395946,6.463288446253074,6.031263520924227,-0.4320249253288466,21.163553932555146,17.768339230798574,-3.395214701756572
2011-02-11,22.56283697154299,1,38.77114264686593,44.3166938548673,5.5455512080013705,22.41047753028856,18.84964919333123,-3.5608283369573286,10.76549706484873,10.148398521728666,-0.6170985431200648,34.63916555231714,34.74913956445344,0.10997401213630553,8.767946516448319,8.005055475404049,-0.76289104104427,20.02279251848924,19.30808521947324,-0.7147072990159984
2011-02-18,22.23810898983346,1,36.94541778965041,41.839528683925955,4.894110894275542,21.623543516058575,18.342756869325186,-3.2807866467333895,11.75738081585635,11.135406274805561,-0.6219745410507898,32.95988716670918,33.16603851371747,0.2061513470082872,10.070694797266185,9.269387620754372,-0.8013071765118127,20.071729853460027,19.675535976472133,-0.3961938769878941
2011-02-25,22.557509255117314,1,35.87516305847642,40.2834619984845,4.4082989400080805,20.162427568894245,17.09809071438947,-3.0643368545047736,12.356371028922155,11.327783249660953,-1.0285877792612013,32.42515347081046,32.95856710959703,0.5334136387865698,10.35038700990863,9.33941273706641,-1.010974272842219,24.175553393691985,24.337739721505528,0.16218632781354358
2011-03-04,22.45767144000175,1,36.14256433665861,40.47970037789197,4.337136041233364,20.410200294950926,17.27745465727176,-3.1327456376791645,12.120107704293545,11.225117231032783,-0.8949904732607621,33.11450135222903,33.95086160070797,0.8363602484789396,8.814071383272477,7.939624521781042,-0.8744468614914354,24.144583568605924,23.873270251324954,-0.2713133172809705
2011-03-11,21.297863931875188,1,33.52645378603873,37.44171158841843,3.915257802379699,17.948097847222698,15.195568649649061,-2.7525291975736366,11.527071260403162,10.46143219396535,-1.0656390664378108,29.456682435989222,29.56840450024478,0.11172206425555942,10.302062459263738,9.26639675127825,-1.035665707985487,25.026815802333573,25.85366990769529,0.8268541053617184
2011-03-18,19.382766217290634,1,33.06998537774665,37.97884675405764,4.908861376310995,17.957115336109865,15.628524593942288,-2.3285907421675773,11.613138556082006,11.089714156503504,-0.5234243995785022,26.35561174881795,25.154395231632847,-1.2012165171851024,6.996368048076789,6.430058183201723,-0.5663098648750662,20.304378236910537,20.01505838440579,-0.2893198525047467
2011-03-25,19.239283018062498,1,32.7670715282152,37.299312562825804,4.532241034610607,15.405043969318683,12.896697967319227,-2.508346001999456,12.377635496567024,11.589833361519737,-0.7878021350472864,27.386238608578623,26.867410562294594,-0.5188280462840282,6.111605554195947,5.4171174801097095,-0.6944880740862374,21.388102951499505,21.365326174305935,-0.022776777193570297
2011-04-01,21.29933376689187,1,37.72028819574786,44.202273964741444,6.481985768993582,20.952386425380084,17.748866862372793,-3.2035195630072906,7.9649113186145115,7.165086813980707,-0.7998245046338042,30.862748171032862,29.876556780438634,-0.9861913905942288,5.715554377358984,5.127227471375562,-0.588326905983422,24.580114113216922,23.675990708442114,-0.9041234047748077
2011-04-08,20.814387145297548,1,36.56740090743004,42.14304346442542,5.575642556995376,19.171368694271564,15.958023619636535,-3.213345074635029,8.886449464652188,8.116268262825585,-0.7701812018266025,31.4171829317184,31.211110565276215,-0.20607236644218574,5.152899574875846,4.656647199830658,-0.49625237504518793,23.691021298837256,22.80122975979087,-0.8897915390463851
2011-04-22,17.164353787336484,1,29.517269362564022,31.631155092924303,2.1138857303602805,22.276768900881038,22.531672038916142,0.2549031380351039,4.454848341332919,4.170789661889444,-0.2840586794434756,25.695151289908083,24.945037478010832,-0.7501138118972506,4.4515887095769955,4.241627042429471,-0.20996166714752462,16.59049611975584,15.465841409848764,-1.1246547099070767
2011-04-29,18.713563028363257,1,32.50060481455189,35.14053714154829,2.6399323269964015,25.73691249299729,26.323110791827602,0.5861982988303112,3.8834657356589446,3.6222677419789164,-0.26119799368002816,28.181724574860738,27.128309658705177,-1.0534149161555604,4.316317582983245,4.086077792951855,-0.2302397900313906,17.662352969127426,15.981075043167678,-1.6812779259597477
2011-05-06,18.912250388818332,1,31.73456944684048,33.761949300176255,2.0273798533357734,25.797524480796937,26.542351640687656,0.7448271598907183,4.880736197116562,4.570086146016834,-0.3106500510997279,28.681578974037876,28.184751821762205,-0.49682715227567087,5.014277468865956,4.777068041622371,-0.23720942724358451,17.36481576525219,15.63729538264468,-1.7275203826075085
2011-05-13,19.441230872405075,1,31.87774655187195,33.4291752066805,1.5514286548085465,26.729236963207313,27.637879253243057,0.9086422900357434,5.120536567227958,4.742836613319014,-0.3776999539089445,29.92512990189516,29.988465675860837,0.06333577396567591,4.887715738735878,4.6286606519036155,-0.2590550868322623,18.107019511492197,16.220367833423452,-1.8866516780687448
2011-05-20,19.004601116792035,1,23.158618715368846,22.892813126807198,-0.2658055885616477,26.497255968479976,28.66975019727414,2.1724942287941644,11.072417512624298,10.200436001463345,-0.8719815111609535,24.02356401622339,24.493273098422037,0.4697090821986478,7.0593520636035265,6.431301138788726,-0.6280509248148007,22.216398424452166,21.34003313799677,-0.8763652864553961
2011-05-27,19.60919366015475,1,23.972316024242502,23.673878762497466,-0.29843726174503615,24.050767806742158,24.94259020012865,0.8918223933864908,12.569261163906233,12.106402257576761,-0.4628589063294726,25.444040671628116,26.36954979752953,0.9255091259014137,9.737721231522926,9.087376423342675,-0.6503448081802503,21.881055062886574,21.4753645198534,-0.40569054303317387
2011-06-03,21.034744580721185,1,26.693404301627268,25.85606185991378,-0.8373424417134885,20.544853349874032,19.79885198010797,-0.7460013697660628,14.16223607773739,13.58037904636167,-0.5818570313757192,31.158689079664285,34.542957426116274,3.3842683464519894,12.03696051911109,11.015024134210805,-1.021936384900286,21.61232415631305,21.415193037616618,-0.19713111869643285
2011-06-10,21.843324182399396,1,28.887260592337768,28.648734701740338,-0.23852589059742968,19.022141017881125,17.871456393394396,-1.150684624486729,15.456660293443122,14.99818229489793,-0.45847799854519167,32.084511134840255,35.175816946337505,3.09130581149725,14.324693207007456,13.267452133326884,-1.0572410736805722,21.284678848886628,21.098302624699272,-0.1863762241873559
2011-06-17,20.487910188782568,1,29.01815041092344,28.97741528122387,-0.04073512969956994,17.909854359574794,16.60482723461955,-1.3050271249552452,13.101634620351177,12.673382512808416,-0.428252107542761,30.79018040458972,32.63559395035999,1.8454135457702705,9.518799975853995,8.805108476461356,-0.7136914993926382,22.588841361402274,23.231133677222218,0.6422923158199438
2011-06-24,23.74820735554715,1,30.294290912249735,30.253332123914745,-0.040958788334990004,19.82363840341354,18.7048114739177,-1.1188269294958388,18.785149010331793,18.448762454270266,-0.3363865560615267,31.903316648913886,33.47793611704353,1.5746194681296402,16.446418299386295,15.749111620561123,-0.6973066788251714,25.236430858987646,25.855290343575533,0.6188594845878868
2011-07-01,23.344756452828875,1,29.861912672669888,29.805305413559722,-0.05660725911016584,18.953121425258814,17.927113459857836,-1.0260079654009786,18.244145651081766,17.801489992816798,-0.4426556582649681,31.32495793599884,32.759701993162054,1.4347440571632148,17.092901764927646,16.419462451534272,-0.6734393133933736,24.591499267036312,25.355465406042626,0.7639661390063139
2011-07-08,23.064744507039205,1,29.60594622294842,30.24963138022754,0.6436851572791227,18.321313970102523,17.06673451841411,-1.2545794516884143,17.32806929969594,16.515406297191163,-0.8126630025047774,29.985943758352676,30.97850591191083,0.9925621535581541,18.00350334171449,17.297900876806068,-0.7056024649084236,25.143690449421157,26.28028805768544,1.1365976082642817
2011-07-15,23.4329711168737,1,30.141234623636592,30.454622077386176,0.3133874537495842,17.954153433026292,16.81406019786415,-1.1400932351621407,18.59912575019864,17.954751769297744,-0.6443739809008946,31.42165366778137,32.99394105481643,1.572287387035061,18.26784299355677,17.452276792559104,-0.8155662009976652,24.213816233042536,24.92817480931859,0.7143585762760551
2011-07-22,23.92889078036696,1,31.049872560062312,31.83165755673315,0.7817849966708366,19.255871781354713,18.128116054406973,-1.1277557269477398,18.12507825346121,17.32287262573918,-0.8022056277220315,31.622369200484357,32.92268566369593,1.3003164632115727,18.081332938806653,17.057476377207635,-1.0238565615990183,25.43881994803253,26.31053640441887,0.8717164563863378
2011-07-29,24.888680895831154,1,32.47766548737263,33.65020248508809,1.1725369977154543,19.333979723521452,17.9835408651643,-1.3504388583571512,20.253362240711482,19.477746120244646,-0.7756161204668359,32.406369671083496,33.48765089291014,1.081281221826643,19.26272334306239,18.192305183231852,-1.0704181598305382,25.597984909235464,26.540639828347892,0.942654919112428
2011-08-05,27.00010096559761,1,35.638430360498404,37.33651885863195,1.6980884981335436,19.091286965863247,17.32330825931963,-1.7679787065436159,23.020234781027597,22.106758307334232,-0.9134764736933647,35.517006836054506,37.070884716546146,1.5538778804916404,21.74351601266723,20.162699239534007,-1.5808167731332219,26.99013083747468,28.000436412219713,1.0103055747450327
2011-08-12,27.210687986971493,1,33.91653284797805,35.0797003567059,1.1631675087278524,18.499868545653896,16.296690740412245,-2.2031778052416513,27.56021103222764,28.318001533176073,0.7577905009484311,33.8000288437062,35.05708627595152,1.2570574322453183,20.976143395758612,18.706906259801855,-2.2692371359567574,28.51134325650456,29.805742755781367,1.2943994992768069
2011-08-19,27.484105653753602,1,33.65369376646929,35.36436682439768,1.710673057928389,24.0518796591293,22.629237149551145,-1.4226425095781536,29.240141085445757,31.618038037899723,2.377896952453966,31.71614616914647,31.543653868578446,-0.1724923005680239,18.37126193539214,15.721469317573565,-2.6497926178185764,27.871511306938643,28.02786872452107,0.15635741758242716
2011-08-26,27.53281712297974,1,31.29634093119992,32.66227165081911,1.365930719619186,23.30721864937962,20.820749795895694,-2.4864688534839274,35.35746488594104,40.7366557579639,5.3791908720228605,25.709936312878014,24.089987057122258,-1.6199492557557562,19.797799484739798,16.503339968393718,-3.2944595163460804,29.728142473740064,30.38389850768378,0.6557560339437174
2011-09-09,27.756646641596788,1,30.126297551308483,30.11371806631108,-0.012579484997402801,22.333750726635955,19.147901500941742,-3.185849225694213,35.863831504882484,41.55535912086778,5.691527615985294,26.282777410353532,24.548770968314443,-1.7340064420390888,18.671348181770412,15.188815856469304,-3.482532325301108,33.26187447462988,35.98531433667641,2.7234398620465328
2011-09-16,27.970229893672123,1,30.79088618794728,31.3126699444813,0.5217837565340204,21.973684273928825,18.822479868847623,-3.1512044050812023,34.91301625746871,39.584502047308916,4.6714857898402045,26.81526162177198,25.209213904890305,-1.606047716881676,19.97505201811653,16.71678599936409,-3.258266018752437,33.35347900279939,36.17572759714048,2.82224859434109
2011-09-23,30.948419033500468,1,35.90043659864054,37.64226703186378,1.7418304332232424,23.36554682316995,20.54930338108258,-2.8162434420873694,39.382845254108695,45.7689750202207,6.386129766112006,33.08738238496974,32.710182984585074,-0.3771994003846686,25.57658436438652,21.685108421659194,-3.8914759427273253,28.377718775727345,27.33467736159146,-1.0430414141358852
2011-09-30,31.38497929986283,1,34.80287939747163,35.906225526889884,1.1033461294182558,25.42539846083477,22.303996207466923,-3.1214022533678474,38.70229516451174,44.362502842002456,5.6602076774907175,32.14411207362302,31.225234396396488,-0.9188776772265328,24.001567914583106,20.048301507340867,-3.953266407242239,33.2336227881527,34.46361531908035,1.229992530927646
2011-10-07,31.47279115335507,1,34.10290990302812,34.60339035166736,0.5004804486392374,25.654393706248285,22.75542513422134,-2.898968572026945,40.01313207643081,47.14151774750485,7.128385671074042,33.3649751449404,33.159691021765994,-0.20528412317440825,25.38676547960921,21.38731100548202,-3.999454474127191,30.314570609873584,29.789411659488863,-0.5251589503847214
2011-10-14,35.22780913832466,1,36.845028111846716,36.54474624326606,-0.30028186858065453,30.727396120694436,28.114602541726768,-2.6127935789676684,45.45692228097703,55.75897708749218,10.302054806515144,37.27642240495029,37.13876246252516,-0.13765994242513102,30.055739136439527,25.034950274011734,-5.020788862427793,31.00534677503991,28.774816220926013,-2.230530554113898
2011-10-21,35.070794892130145,1,36.987939273628825,36.87758357489932,-0.11035569872950646,33.11234135111282,31.359183917095976,-1.7531574340168419,44.73876761050228,54.34606299319627,9.60729538269399,37.037854044626116,36.99880093257056,-0.03905311205555506,27.338589386274364,22.09347359613615,-5.245115790138215,31.20927768663651,28.74966433888264,-2.459613347753873
2011-10-28,43.54480778250303,1,44.76695386236529,44.263954345052674,-0.5029995173126167,43.62700852421294,43.18475480418164,-0.44225372003130303,50.8058442608966,58.37075138086531,7.564907119968709,44.4586964360299,43.827331105865845,-0.6313653301640585,45.73229372512546,46.19493674642695,0.4626430213014885,31.878049886387956,25.427118312625723,-6.450931573762233
2011-11-04,43.07441836647723,1,44.866179402527095,44.53816384258403,-0.3280155599430685,42.473838883534114,40.91283723650177,-1.5610016470323416,51.85692375286868,61.61987748944098,9.7629537365723,44.3027057975689,42.942797553850575,-1.3599082437183228,45.08217285159938,45.31104507430075,0.2288722227013693,29.864689510765245,23.121789002185295,-6.74290050857995
2011-11-11,42.46984965622263,1,44.38611923329048,44.368215666883536,-0.017903566406943128,42.599377945469044,41.755413093280865,-0.8439648521881793,50.82873092707456,59.69607715766759,8.867346230593029,43.405442080975526,42.026150015042354,-1.3792920659331713,43.977059584228094,43.86186915327786,-0.11519043095023562,29.622368166298074,23.11137285118356,-6.5109953151145135
2011-11-18,42.56917438981929,1,44.61375849321266,44.909817403406194,0.2960589101935369,43.07219037450177,42.13117218057462,-0.9410181939271496,51.893117279469436,62.564387850110776,10.67127057064134,40.635535453317594,37.06603322104289,-3.5695022322747008,44.47355289043363,44.557735278928526,0.08418238849489512,30.726891847980596,24.185900404852674,-6.540991443127922
2011-11-25,42.243580555705144,1,44.9250722865311,45.980724578881244,1.0556522923501461,43.74784490635671,43.71644672185803,-0.031398184498684145,51.62355008797718,62.05204670176349,10.428496613786308,39.80736484350275,35.98726615491392,-3.8200986885888284,42.97784444680539,41.894226437867914,-1.0836180089374778,30.379806763057772,23.830772738946365,-6.549034024111407
2011-12-02,44.153812097269984,1,47.00034096192596,48.20188084774853,1.2015398858225694,45.00787762007674,45.47491868357805,0.4670410635013127,50.427328109616276,56.618031201294166,6.190703091677889,46.829958488941244,47.293827641745295,0.46386915280405105,44.24571410505152,42.93191998068397,-1.313794124367547,31.411653298008147,24.402294228569886,-7.009359069438261
2011-12-09,42.88462680062682,1,45.86872895688658,47.04707487316586,1.1783459162792838,44.03943082674975,44.41922604937551,0.37979522262575927,51.10809582643037,59.90447484332756,8.796379016897191,40.65988440006822,37.093700077938266,-3.5661843221299563,44.79989770984404,44.71893301370822,-0.08096469613582258,30.831723083781952,24.12435194624551,-6.707371137536441
2011-12-16,43.45835590964728,1,47.774120287751614,49.50476855186048,1.730648264108865,39.27402334994455,35.74441077329207,-3.5296125766524824,51.346338753415914,59.65590847118727,8.309569717771353,44.447287082112844,43.016652155486945,-1.430634926625899,46.82925884425917,48.30280814835952,1.4735493041003451,31.079107140399586,24.525587357697404,-6.553519782702182
2011-12-23,41.709886730158324,1,45.70392086620258,47.31424176528084,1.6103208990782605,38.70136409274314,35.95917009903791,-2.7421939937052286,48.980912248812864,56.074745497066395,7.093833248253532,42.08441794999262,40.36168303976921,-1.7227349102234086,45.3788882413372,47.15477824953786,1.775890008200662,29.40981698186151,23.39470173025768,-6.015115251603831
2011-12-30,41.27714229937158,1,45.567770166073494,47.33447177943848,1.7667016133649867,36.557379656667365,32.88673808983201,-3.670641566835357,49.44299450646099,57.54155127250051,8.098556766039522,38.55616368735767,34.21257478554206,-4.3435889018156075,46.936227846188245,50.604133518336866,3.6679056721486205,30.602317933481743,25.08338435057962,-5.518933582902122
2012-01-06,40.34713778187684,1,44.62558627410195,46.23388870610444,1.608302432002489,35.73190776421542,32.199380063911875,-3.5325277003035467,48.87401913720264,57.216929843175095,8.342910705972457,36.99318253543689,32.237948862576246,-4.755233672860641,46.06201913763687,49.684280575369385,3.6222614377325186,29.796111842667273,24.510398640124023,-5.285713202543249
2012-01-13,38.40416374722267,1,43.220826951568014,44.95542614473467,1.734599193166659,33.88014875552304,30.933348963482118,-2.9467997920409204,46.62498142760053,53.53268348696689,6.907702059366358,37.21356015979579,33.633903060108324,-3.5796570996874664,43.37610675782879,46.15769470103899,2.781587943210198,26.109358431019857,21.211926127005043,-4.8974323040148136
2012-01-20,38.862152674542216,1,44.73697304221598,47.097388482816896,2.3604154406009172,32.9408660286594,29.489762964287408,-3.451103064371992,48.03211387372456,55.88156803296268,7.849454159238121,37.774124208398966,33.65130346914186,-4.122820739257108,43.75347191170383,46.07194308544148,2.318471173737649,25.935366982550548,20.980950012602932,-4.954416969947616
2012-02-03,40.10416054034932,1,46.43870201210192,50.32015750884161,3.88145549673969,30.02839871800731,23.964423069338153,-6.063975648669157,47.72600203597301,54.396968565835294,6.670966529862284,37.520793830158595,32.952257459700434,-4.568536370458162,46.335229758604775,51.96796898227813,5.6327392236733544,32.57583688725029,27.02318765610231,-5.552649231147981
2012-02-10,40.27199054429615,1,46.26505557639443,49.52859877580764,3.2635431994132063,29.94725387763421,23.443058563441,-6.504195314193211,49.33580732666315,58.47184070721027,9.136033380547119,36.92282628940681,31.85509586576439,-5.067730423642416,45.94514620900979,50.97348766534385,5.028341456334061,33.21585398666848,27.359861688209676,-5.855992298458801
2012-02-17,39.90047745983042,1,49.90171523908266,57.56407528678287,7.662360047700204,25.81029497001566,19.142427292993816,-6.667867677021846,48.94320460144711,56.33407768486089,7.39087308341378,36.73762319464619,31.053128509886577,-5.684494684759613,45.297721472216345,49.12224688572342,3.824525413507075,32.71230528157453,26.186909098734972,-6.5253961828395575
2012-02-24,39.82593350991449,1,48.69340632581024,55.67164292926176,6.978236603451521,27.11008588071904,20.880309054934145,-6.229776825784896,48.793609532129366,57.46951213650537,8.675902604376006,39.116073664668875,35.59070313604548,-3.525370528623398,41.21594529361165,40.98344000342089,-0.23250529019075827,34.0264803625478,28.359993799319355,-5.666486563228446
2012-03-02,34.695363454914144,1,47.73139186073715,57.97389457232718,10.242502711590035,17.848294254596482,13.04051296150746,-4.807781293089022,43.11166852630581,47.88392273173124,4.772254205425426,32.02543479430207,26.975326091642216,-5.0501087026598555,38.38162816500439,38.80735237304163,0.4257242080372379,29.07376312853897,23.491171999235107,-5.582591129303864
2012-03-09,35.91420116895429,1,49.80996323903304,59.05591862671881,9.245955387685768,16.734184164339936,11.177622975564447,-5.55656118877549,48.054832796638,54.65570896192184,6.600876165283836,41.70457809493945,38.68763616222678,-3.016941932712669,42.32818516958234,41.171138943529115,-1.1570462260532253,16.853463549192995,10.737181343764775,-6.11628220542822
2012-03-16,31.571943400251683,1,45.65667998796394,52.742881013587336,7.086201025623396,14.176505188016264,9.840065541625805,-4.33643964639046,43.384567783712946,47.12963939364035,3.7450716099274075,39.520631783197565,37.85967472329097,-1.6609570599065933,38.16858793698255,36.596492818509375,-1.5720951184731717,8.524687721636823,5.2629069108562305,-3.261780810780593
2012-03-23,31.34437721453449,1,43.327028942151045,49.43817414035321,6.111145198202166,20.192643024409676,16.217407325621934,-3.975235698787742,39.37858869181147,41.90671700658609,2.5281283147746194,37.75654927869686,36.39519142785651,-1.3613578508403492,37.79896064105848,37.446734980947475,-0.352225660111003,9.612492709079419,6.662038405841784,-2.9504543032376347
2012-03-30,32.771940666364564,1,44.83089050863654,50.20067864543553,5.369788136798988,20.844480742538536,16.433517599601245,-4.410963142937291,39.28175848817055,40.70611742422686,1.4243589360563078,37.89224849636561,34.915278997003696,-2.976969499361914,44.37372035669119,47.98301055238553,3.609290195694342,9.40854540578492,6.393040779534445,-3.0155046262504754
2012-04-06,31.94228640617574,1,43.52703764867214,46.79509914351184,3.2680614948396993,20.12939472058828,15.739033637799125,-4.3903610827891555,38.50929756979902,39.729369982894994,1.220072413095977,37.19839848997203,33.954217982419074,-3.2441805075529544,45.32654164088573,50.66496851274078,5.338426871855049,6.963048367137247,4.771029177688646,-2.192019189448601
2012-04-13,32.0266985325753,1,43.20170173068994,45.68000178572262,2.478300055032676,22.036050688201342,18.16443318550769,-3.8716175026936526,36.421629152163234,36.58031278252908,0.158683630365843,37.7768972718409,34.89349579045474,-2.8834014813861586,45.97002540703842,52.06292430278715,6.092898895748732,6.753886945517962,4.779023348450522,-1.97486359706744
2012-04-20,29.81141728280602,1,40.14651858478276,41.60051341192739,1.4539948271446264,21.162735040833724,17.94294392179407,-3.2197911190396553,33.71187279740566,33.64562046392018,-0.06625233348547965,34.954732093533565,33.12660740897937,-1.8281246845541972,42.782761722375156,48.03351634426572,5.2507546218905645,6.109883457905269,4.519302145949467,-1.5905813119558019
2012-04-27,30.56647778847713,1,39.697031524726,40.83428221585686,1.137250691130859,22.729432436814704,20.173802781223273,-2.5556296555914315,33.878188719860646,33.90682204592339,0.028633326062745823,35.678251779887404,35.1266762324687,-0.5515755474187074,41.412011017497846,45.60447557905722,4.192464561559376,10.003951252076206,7.752807876333378,-2.251143375742828
2012-05-04,29.86591496470632,1,37.410186509364124,38.165273160256945,0.7550866508928209,21.757083767434068,19.124861271228767,-2.6322224962053014,31.215245779260755,30.757936650167906,-0.4573091290928488,33.687873393650165,34.791243073574776,1.1033696799246115,39.6201761841534,43.75692319148735,4.136747007333952,15.504924154375402,12.599252441522111,-2.905671712853291
2012-05-11,28.10718947594005,1,36.59042546181922,37.67788131040413,1.0874558485849093,20.906175650390594,18.306362869567266,-2.599812780823328,31.020718631321927,30.990461954753954,-0.030256676567972818,29.55604436420326,28.11749466559378,-1.438549698609478,39.64875185038381,44.779283997855224,5.130532147471413,10.921020897521473,8.771652057465914,-2.1493688400555584
2012-05-18,29.22040956020702,1,36.83343754830796,38.355634098595466,1.5221965502875037,23.731668040430705,20.668499084616357,-3.063168955814348,33.52324480863746,34.47390205445238,0.9506572458149236,31.459213137936146,31.95915592161799,0.4999427836818455,37.65256384929906,40.380422589868004,2.727858740568948,12.122329976630795,9.484843612091908,-2.637486364538887
2012-05-25,29.72280716339112,1,36.277106961610244,38.06542714001064,1.7883201784003973,23.711043752868292,20.873871743893645,-2.8371720089746475,33.06574238542851,34.06697805538434,1.0012356699558325,31.12875390515623,32.08927833113998,0.9605244259837491,35.80886841738847,37.72838679798741,1.9195183805989444,18.345327557894976,15.512900911930672,-2.832426645964304
2012-06-01,31.648681554237044,1,38.637300844356915,41.29545259428261,2.6581517499256933,27.78171834241759,25.157380472134037,-2.6243378702835543,34.40480456369936,34.44341432256206,0.038609758862705235,33.40167907029465,35.19606153409683,1.7943824638021795,37.023785547627966,38.48049538155068,1.4567098339227158,18.642800957025784,15.319285020796045,-3.3235159362297395
2012-06-08,33.021580965028136,1,42.66089440781618,49.100368830613014,6.439474422796835,30.642642568612047,27.972746540621173,-2.669896027990873,33.88305603743585,32.50648717377962,-1.3765688636562317,35.70281109650951,37.27913161149338,1.5763205149838768,37.971120623821506,38.31259271570946,0.341472091887951,17.268961055973705,12.958158917952147,-4.3108021380215575
2012-06-15,32.51571335008006,1,41.621690156103845,46.59111997001366,4.969429813909812,32.00413357739315,29.430781193699914,-2.5733523836932335,37.34679838338363,37.78026464953156,0.4334662661479314,33.868660253567796,33.99330888163337,0.12464862806557164,38.333252141318034,38.717547207499244,0.3842950661812097,11.919745588713923,8.581258198102603,-3.33848739061132
2012-06-22,30.923415254814056,1,40.28592175897249,45.185892575737796,4.899970816765304,30.650694165606993,28.590945318790546,-2.059748846816447,36.58973852651014,37.01511315595429,0.42537462944414983,28.482455268021354,27.394110500218886,-1.088344767802468,37.66530148505625,38.363165152127706,0.6978636670714593,11.866380324717127,8.99126482605513,-2.875115498661998
2012-06-29,27.91002957090832,1,35.60265982318532,38.01869644940996,2.4160366262246384,25.978843710859763,23.7590792961401,-2.2197644147196627,33.166536159090526,33.522650956307714,0.3561147972171881,27.001512222950325,26.787142392862776,-0.2143698300875485,35.7487444916579,37.56992807349211,1.8211835818342053,9.961881017706077,7.802680257237284,-2.159200760468792
2012-07-06,28.18131645268998,1,35.40590957126682,37.378267563043266,1.9723579917764482,26.093523901843028,23.799282352131073,-2.2942415497119555,32.923165888391296,33.27931372212865,0.3561478337373529,29.134706513710753,29.522822905033692,0.3881163913229386,35.47091948050256,37.373609402411944,1.902689921909385,10.059673360425435,7.734602771391238,-2.3250705890341976
2012-07-13,27.565922399608183,1,34.95615045804894,37.198238165353544,2.2420877073046057,26.063179682800353,24.257384299419172,-1.8057953833811808,28.706842757392423,27.294920310423763,-1.41192244696866,29.494943163498533,30.770593323212125,1.2756501597135923,34.936270666795934,37.06380372056276,2.1275330537668253,11.238147669112905,8.810594578677751,-2.427553090435154
2012-07-20,25.865055833114848,1,30.77898263538502,31.761666498009134,0.9826838626241141,20.474040996421024,18.299814219413747,-2.174226777007277,25.837801454447018,24.429752843492054,-1.408048610954964,28.967774947880685,31.150293488355246,2.182518540474561,33.27771758687304,36.200960069564445,2.923242482691407,15.854017377682283,13.347847879854427,-2.5061694978278553
2012-07-27,26.82831865526495,1,34.544080490611464,37.146996058136864,2.6029155675254003,19.774299141283265,17.008579707050203,-2.7657194342330627,31.064950483982656,31.3469578139989,0.282007330016242,30.9440617424395,33.25121190097214,2.307150158532636,31.37738087273702,31.716147693930992,0.33876682119397117,13.265139200535799,10.500018757500627,-2.7651204430351726
2012-08-03,20.514354086566037,1,24.151699024230766,24.228045780105035,0.07634675587426898,13.4312820669563,11.793932000790463,-1.637350066165837,26.79004989748013,28.206299586734048,1.4162496892539167,20.482915794881535,21.162994333241357,0.6800785383598225,26.00506268908444,26.836837376320418,0.8317746872359777,12.225115046763051,10.858015442204902,-1.367099604558149
2012-08-10,21.572832377653857,1,23.81995910958497,23.508840766423603,-0.3111183431613682,15.319396735814422,13.613925006439146,-1.705471729375276,27.81303309330964,29.762983359352617,1.9499502660429755,22.468064429145272,23.565408422670075,1.0973439935248024,25.835061867663313,26.356523380457915,0.5214615127946018,14.181479030405526,12.62931333057982,-1.5521656998257072
2012-08-17,22.69669172280486,1,25.499364482650094,25.594312087331602,0.09494760468150787,16.610743314224436,14.822705994851418,-1.788037319373018,27.697315985425092,28.925531104389236,1.228215118964144,24.17098780797285,25.519350659710753,1.3483628517379032,27.41964432384431,28.288560160073985,0.8689158362296752,14.78209442271239,13.029690330472192,-1.752404092240198
2012-08-24,22.793707379113584,1,25.547275819687798,25.55434976862631,0.007073948938511876,17.320767928046493,15.410146924680575,-1.9106210033659181,27.39065053578682,28.329291562672637,0.9386410268858185,26.258285948869016,28.379215475078553,2.1209295262095367,27.371654430427,28.22390942474928,0.8522549943222799,12.873609611864381,10.865331118874167,-2.0082784929902147
2012-08-31,21.91615268149113,1,24.14536283091708,23.79686758308658,-0.348495247830499,13.71544970593537,12.048631602236526,-1.6668181036988443,27.001765342262715,27.97151091209591,0.9697455698331936,23.624519611501356,24.701210916021196,1.0766913045198407,27.91187129285396,29.380509299483293,1.4686380066293339,15.09794730547631,13.598185776023314,-1.4997615294529965
2012-09-07,19.83509532521074,1,18.754078150440122,17.38734379601965,-1.3667343544204726,7.423615589984706,6.11394215461678,-1.3096734353679267,27.927643749300216,30.498867893120575,2.571224143820359,22.341278843122026,22.983435497188935,0.642156654066909,24.85114102125273,25.21695679232404,0.36581577107131125,17.712814597164638,16.810025817994443,-0.9027887791701943
2012-09-14,20.293675261525408,1,20.3504257848017,19.156475708429866,-1.1939500763718343,8.528111702299384,6.995076310457904,-1.53303539184148,28.092116550026205,30.094039624808673,2.001923074782468,23.48521991582598,24.50370490168433,1.0184849858583505,27.07051538930598,28.396465091919836,1.3259497026138547,14.235662226893197,12.616289931851853,-1.6193722950413445
2012-09-21,22.133856077559646,1,21.834230938193215,20.4799771249546,-1.3542538132386142,12.007278629609232,9.949927976787635,-2.0573506528215972,29.542497508758913,31.495775373852183,1.9532778650932698,28.070008511381758,30.552666727226622,2.4826582158448645,28.05802687889512,29.237794349966876,1.1797674710717558,13.291093998519642,11.086994912569978,-2.2040990859496645
2012-09-28,22.586554268931636,1,23.221608119891528,22.315232872021383,-0.9063752478701446,13.461287307226257,11.35019730001585,-2.1110900072104073,29.723510515017708,31.556267498582187,1.8327569835644795,27.24589404142894,29.057944495679934,1.8120504542509934,28.89220963742882,30.396858222511156,1.504648585082336,12.974815992596561,10.842825224779261,-2.1319907678172996
2012-10-05,23.43953192458038,1,22.78995683313964,20.88932722171387,-1.9006296114257708,13.508840500325974,10.953950304565154,-2.5548901957608194,34.11172018077552,38.73362442842509,4.621904247649567,28.10747837415272,29.707202418457996,1.599724044305276,29.097594101260142,29.555645241609554,0.4580511403494114,13.021601557828276,10.797441932710612,-2.2241596251176645
2012-10-12,21.557508313029974,1,19.200139761202223,17.851201499599725,-1.3489382616024983,15.102616764456712,13.367591509623992,-1.7350252548327205,32.42450731226502,36.770553607326704,4.346046295061683,23.68343659065326,23.54551645743868,-0.1379201332145783,27.67464628637437,28.17223749179105,0.49759120541668267,11.259703163228252,9.63794931239967,-1.6217538508285827
2012-10-19,22.143178960343942,1,19.351460490793983,18.02880319888581,-1.3226572919081718,13.697142369244446,11.84706376750053,-1.8500786017439168,31.106988423430153,33.97739286753887,2.870404444108715,25.934961724906785,26.828248339649704,0.8932866147429195,29.594562646867345,30.911897132193545,1.3173344853261995,13.173958106820933,11.265668456295174,-1.9082896505257594
2012-10-26,21.407481606420138,1,20.382889183748958,19.59462685386842,-0.7882623298805385,16.472949028653048,14.851068478897844,-1.621880549755204,30.001388348196002,33.575182610957896,3.5737942627618935,24.158349900970137,25.09618382026514,0.9378339192950023,24.301107328715418,23.893727624905367,-0.40737970381005084,13.128205848237272,11.434100249626155,-1.6941055986111166
2012-11-02,21.612329275185658,1,23.38609734256194,23.23624470537129,-0.1498526371906479,16.346489309804312,14.212844962309134,-2.133644347495178,32.117528937531176,37.05678722941309,4.939258291881913,21.257573362908673,20.968417545603188,-0.2891558173054847,24.47669634680571,23.60629245578447,-0.8704038910212404,12.089590351502153,10.593388752632748,-1.4962015988694048
2012-11-09,22.018766693607173,1,23.877908758265377,23.648247623185625,-0.22966113507975194,16.431082006026728,14.227487983292306,-2.2035940227344213,32.88685396918237,38.31738641389015,5.430532444707779,20.863304971217417,20.46031661345853,-0.4029883577588862,24.286017407651116,23.12712264481827,-1.158894762832844,13.767433049300024,12.332038882998162,-1.4353941663018617
2012-11-16,22.23221582942016,1,24.80534914910193,24.509581682008516,-0.2957674670934125,20.681797206055975,18.88332080328597,-1.7984764027700066,33.006546436560555,38.26928795729897,5.262741520738416,18.346129091469066,17.61933485153793,-0.726794239931138,24.31205755487042,23.140075787974013,-1.1719817668964083,12.241415538463002,10.971693894415552,-1.2697216440474506
2012-11-23,22.926989267525784,1,29.718226177005036,31.29292046681607,1.5746942898110348,18.295117151824968,15.977091802512007,-2.3180253493129612,33.26588358447643,37.154876198217536,3.8889926137411095,16.5693235438127,15.21640542703966,-1.35291811677304,28.982579530119594,28.4795711927396,-0.5030083373799954,10.730805617915962,9.441070517829758,-1.2897351000862045
2012-11-30,20.064756088766877,1,24.906700885582055,24.322115535196872,-0.5845853503851828,9.294735289399071,7.584564635671271,-1.7101706537278005,32.220041768624895,36.09882110050215,3.8787793318772543,14.26490747206931,12.676308056852463,-1.5885994152168479,30.002442988418096,30.95912961661189,0.9566866281937934,9.699708128507837,8.747597587766634,-0.9521105407412023
2012-12-07,16.786768692452174,1,27.365860403554336,30.65939838496176,3.2935379814074253,8.855243871958947,7.6593521226853625,-1.195891749273585,19.8823840421622,20.116794451108916,0.23441040894671517,12.920651208364603,12.241683383497772,-0.6789678248668309,21.870005277567657,21.027579511435377,-0.8424257661322798,9.826467351105293,9.015804301023891,-0.810663050081402
2012-12-14,15.518630958126368,1,23.154807695612774,24.5883439868705,1.4335362912577239,5.917400654219193,5.276942586216691,-0.640458068002502,17.634420992926778,17.64758400071925,0.013163007792471149,14.443188232772627,14.124573832207531,-0.31861440056509593,21.18619750666059,21.236886872814324,0.05068936615373332,10.775770666566245,10.2374544699299,-0.5383161966363446
2012-12-21,14.539916570717628,1,23.562715295412502,25.44100636825108,1.8782910728385787,6.017591172899856,5.352347375995393,-0.6652437969044627,15.293708664469136,15.013753923011535,-0.27995474145760113,11.369694559432517,10.936649004754045,-0.43304555467847194,21.210005840184536,21.45687992661439,0.2468740864298553,9.785783891907215,9.038862825679317,-0.7469210662278982
2012-12-28,16.15073496924416,1,25.08105592076673,25.99848804016267,0.91743211939594,6.5843382049522745,5.639763635349638,-0.9445745696026364,17.174232911652993,16.965306895959998,-0.2089260156929953,11.247907216097673,10.510752922983656,-0.7371542931140169,26.355215665275736,28.355186633729616,1.99997096845388,10.461659896719539,9.434911687279367,-1.0267482094401714
2013-01-04,15.939643344222327,1,25.814062581343123,27.110547502006398,1.296484920663275,3.9307971985862196,3.256430544756256,-0.6743666538299635,18.30988153759371,18.20423832954448,-0.10564320804923,11.25397337885643,10.424403363225167,-0.829570015631262,26.017375942137264,27.651541788499244,1.6341658463619808,10.311769426817222,8.990698537302393,-1.3210708895148287
2013-01-11,14.705531119669908,1,25.355713052931534,27.960811209114013,2.6050981561824784,3.6805778291544016,3.153958915777878,-0.5266189133765238,17.367429968383476,17.300317289343894,-0.06711267903958174,10.735672991381747,9.946004958668567,-0.7896680327131804,21.402681064593835,21.469573982620958,0.06689291802712205,9.691111811574459,8.40252036249413,-1.2885914490803287
2013-01-18,14.875374394663133,1,27.557344847773678,31.034127019371653,3.476782171597975,3.925534038300299,3.3638364942758585,-0.5616975440244403,16.88323300774111,16.13217193401138,-0.7510610737297299,7.891134167596604,7.032756629396928,-0.8583775381996759,23.03538563769399,23.162888738965705,0.1275031012717136,9.959614668873115,8.526465551957273,-1.4331491169158426
2013-01-25,15.306323175948174,1,27.222148791074943,30.31018588619561,3.0880370951206686,5.042284299657382,4.499882332261279,-0.5424019673961027,16.64055125695596,15.708963734420038,-0.9315875225359207,8.724793138169815,7.831539030741041,-0.8932541074287741,23.608569487500603,24.08322524498456,0.4746557574839585,10.599592082330346,9.404142827086503,-1.1954492552438438
2013-02-01,15.869870472790177,1,27.885515463504333,30.885946039873005,3.0004305763686716,4.523735170154012,3.9830486754794805,-0.5406864946745316,17.686980417578454,16.908148774939775,-0.7788316426386785,9.192632016870746,8.269321668769095,-0.9233103481016514,24.798307864496152,25.447423607133743,0.6491157426375906,11.13205190413737,9.725334070545998,-1.4067178335913724
2013-02-08,14.707959736041055,1,27.38452007248405,30.643076074195903,3.2585560017118524,5.442627222759384,4.819049977600542,-0.6235772451588417,13.804363916923634,12.792803477403197,-1.0115604395204372,8.551822264246027,7.920325950727317,-0.6314963135187099,23.648861927397434,23.900027619008057,0.2511656916106233,9.415563012435797,8.172475317311267,-1.2430876951245295
2013-02-22,12.21402813451214,1,26.097647539780965,29.62729375125639,3.5296462114754235,1.5293936952320877,1.3227765153039996,-0.20661717992808804,13.790666407211347,13.059954049374198,-0.7307123578371488,7.307502668154257,6.32949245645662,-0.9780102116976366,20.372095366146766,19.59187178274739,-0.7802235833993763,4.186863130547422,3.3527802519342345,-0.834082878613188
2013-03-01,12.534385443245995,1,20.610225465629355,20.663499140048316,0.05327367441896058,0.6973874077524158,0.6129109835883639,-0.08447642416405188,18.548922082678757,17.465577291267465,-1.0833447914112924,5.111174994487314,4.3467508031880016,-0.7644241912993124,26.25947281927293,28.86901845417829,2.609545634905359,3.979129889655198,3.2485559872055063,-0.7305739024496916
2013-03-08,12.244780894163506,1,20.0116173211173,20.358957919509535,0.3473405983922362,1.5761145499871247,1.3548116138172617,-0.22130293616986307,17.72547238468782,17.105796121592377,-0.6196762630954424,5.1440186032871935,4.416341483675083,-0.7276771196121103,24.41509018441981,26.405950227779684,1.9908600433598735,4.596372321481795,3.8268279986071434,-0.7695443228746512
2013-03-15,10.538733351470723,1,15.818799053006202,15.358992314486173,-0.4598067385200295,1.6065507650056077,1.4084550768963027,-0.198095688109305,17.34461031370037,16.970485334804096,-0.37412497889627616,5.300014688684499,4.720736982093939,-0.5792777065905597,22.25820830082816,23.920810513909075,1.6626022130809162,0.9042169875994972,0.8529198866347372,-0.051297100964760034
2013-03-22,10.748252374971607,1,15.879082180539882,15.450739668383662,-0.4283425121562203,2.017653829727678,1.7065459404629166,-0.3111078892647612,18.185703966384153,18.063541866527203,-0.12216209985695059,5.233871608566957,4.663336931908034,-0.570534676658923,22.333335360426062,23.855341485117734,1.5220061246916714,0.8398673041849065,0.750008357430076,-0.08985894675483053
2013-03-29,11.98891862465842,1,17.820961107484223,16.517422429702066,-1.3035386777821572,1.3978336758685117,1.1860932908034982,-0.21174038506501347,21.281225250753153,21.049164353320705,-0.23206089743244718,4.360545050889684,3.7077029041309544,-0.6528421467587293,26.400573573735286,28.900806477191608,2.5002329034563218,0.6723730892196613,0.5723222928016725,-0.10005079641798886
2013-04-05,10.038504028385816,1,13.4492379028095,12.531207239866504,-0.9180306629429964,1.2711710855070208,1.1116034895065638,-0.159567596000457,19.591443476663557,19.975629222228633,0.3841857455650768,3.848137964792741,3.3712543496299787,-0.47688361516276245,21.562662782229324,22.812973177269456,1.250310395040131,0.5083709583127529,0.4283566918137751,-0.0800142664989778
2013-04-12,8.426486942132518,1,9.001635034045322,8.083838827266547,-0.9177962067787746,1.405417412272115,1.2603207671904357,-0.1450966450816793,18.280063295438268,18.674162418863673,0.39409912342540565,1.9908097547095736,1.786379980149846,-0.20442977455972766,19.45321215211692,20.38811915923486,0.9349070071179426,0.42778400421290996,0.36610050008974326,-0.0616835041231667
2013-04-19,8.974866101433117,1,9.99493803602924,8.989926343482509,-1.0050116925467307,0.8162555130554949,0.738137486184371,-0.0781180268711239,18.347455253925474,18.30748243885924,-0.03997281506623551,2.194069701459398,2.0084730612929036,-0.18559664016649435,20.861498204151246,22.257226548392538,1.3957283442412916,1.63497989997785,1.5479507303871003,-0.08702916959074969
2013-04-26,7.975694248977123,1,12.211649763270444,12.021029999177173,-0.1906197640932703,1.436374490121949,1.3370065505285567,-0.09936793959339241,11.694032334238429,11.527666638065213,-0.16636569617321584,3.7797035779780543,3.5759244640034353,-0.203779113974619,15.640809617387717,16.468437602703943,0.8276279853162265,3.0915957108661445,2.9241002393844155,-0.16749547148172894
2013-05-03,9.380869778876766,1,13.513193909763615,13.022757531922124,-0.4904363778414904,1.7221846896715505,1.5651467573141389,-0.1570379323574116,13.023481708838233,11.944989616995812,-1.0784920918424206,3.8317458245637397,3.5683829634459556,-0.26336286111778406,21.06277705155513,23.29905143078399,2.2362743792288597,3.131835488868333,2.88489037279858,-0.2469451160697531
2013-05-10,8.933979586566812,1,9.726241060162252,9.329571517078321,-0.3966695430839309,4.342289733252116,4.145397495949922,-0.19689223730219396,14.25817213460337,13.446587444789685,-0.8115846898136851,2.928207215432579,2.791253040981175,-0.1369541744514038,19.367964494270268,21.02601863506095,1.6580541407906821,2.9810028816802827,2.8650493855407575,-0.11595349613952521
2013-05-17,11.017007748460443,1,11.019653384555994,10.228170027935874,-0.7914833566201196,4.075613473137565,3.758137453512461,-0.3174760196251043,21.115941760495147,21.34288532447509,0.22694356397994397,1.2116153383837656,1.1033599047278813,-0.1082554336558843,23.288436047918182,24.9408315328716,1.6523954849534164,5.390786486272006,4.7286622472397255,-0.6621242390322806
2013-05-24,11.445611905453262,1,10.79914332744157,10.08360797449589,-0.7155353529456789,4.516129952714834,4.03897876591796,-0.47715118679687407,22.52053865450712,23.034126876404372,0.5135882218972512,1.6843785442787862,1.4985772991182387,-0.18580124516054752,24.188138580743157,25.842062794451607,1.65392421370845,4.965342373034105,4.17631772233149,-0.7890246507026148
2013-05-31,13.012446267939689,1,12.890447391791781,12.12032416831157,-0.770123223480212,5.812548582972596,5.398183021480364,-0.41436556149223236,24.026844537569957,24.805884559905437,0.7790400223354794,1.4111380005512046,1.2028509830845877,-0.20828701746661693,25.218660244106445,26.767074108851375,1.54841386474493,8.715038850646152,7.780360766004819,-0.9346780846413338
2013-06-07,13.506792302698207,1,12.16397587379312,10.472265281432385,-1.6917105923607352,6.54166543049395,5.6746156090782165,-0.8670498214157334,25.49089755270117,26.329831635514168,0.8389340828129974,1.9434479283654866,1.5677679181961253,-0.37568001016936137,27.964424265774298,30.897493194871657,2.9330689290973595,6.936342765061212,6.098780177096714,-0.8375625879644986
2013-06-14,15.38984991138639,1,13.45803510274159,11.157974617264713,-2.3000604854768767,7.682223001520086,6.049662259339158,-1.632560742180928,29.55965143279883,30.882057674443118,1.3224062416442877,1.0572686939583207,0.832247645939745,-0.2250210480185757,32.07335191088772,36.25354478287964,4.18019287199192,8.508569326411788,7.1636124884519745,-1.3449568379598134
2013-06-21,22.66432812578496,1,20.7286975988915,17.668226150143923,-3.0604714487475775,12.868268766002132,9.944652598489597,-2.9236161675125345,36.361064788196686,39.338123042618165,2.977058254421479,1.264663298953181,0.9196252693830758,-0.3450380295701052,34.7102618727301,37.32262727754063,2.6123654048105323,30.05301242993616,30.792714416534395,0.7397019865982344
2013-06-28,24.996348441968887,1,26.32240006835937,22.88202948054561,-3.44037058781376,12.697897901707591,9.38884001890706,-3.3090578828005306,38.078404298026136,40.59430664099181,2.515902342965674,1.4336986315753677,0.9791011318405083,-0.4545974997348594,37.157765322609585,40.230448206360485,3.0726828837509004,34.287924429535295,35.90336517316791,1.6154407436326181
2013-07-05,24.486526492476315,1,24.803138446872936,21.191289410186116,-3.61184903668682,12.034981837491571,8.82871967259203,-3.2062621648995417,37.44279086146142,39.43940893260681,1.9966180711453916,1.4112444535597461,0.9296726010619807,-0.48157185249776546,36.806723020660556,39.909253261723464,3.102530241062908,34.42028033481168,36.62081507668748,2.2005347418757992
2013-07-12,24.533584724630014,1,24.40024100259548,20.742392494254844,-3.657848508340635,12.255387834962562,9.068351031423077,-3.1870368035394847,37.63784246900313,39.641521954059456,2.003679485056324,1.4766099589447634,1.0298643121032711,-0.4467456468414923,37.669844021913406,41.33514417829382,3.665300156380411,33.76158306036072,35.384234377645626,1.6226513172849053
2013-07-19,23.982991659225075,1,24.87409268219119,21.676491147233335,-3.1976015349578546,12.736352197016174,9.55090301907724,-3.185449177938935,34.86939934683217,35.74990762058118,0.8805082737490153,1.6859206587123055,1.1392011831876232,-0.5467194755246823,36.863572751066485,41.15489689139804,4.291324140331554,32.86861231953213,34.62655009387305,1.7579377743409168
2013-07-26,22.593642288215392,1,23.085774256096926,20.188745273881764,-2.8970289822151614,11.742529639060805,8.981473938328406,-2.761055700732399,33.456300655339305,34.606654246777026,1.150353591437721,1.4235032553830536,0.9876833901678026,-0.43581986521525096,34.249586118229885,37.07802274460167,2.828436626371783,31.60415980518239,33.71927413553571,2.1151143303533217
2013-08-02,18.991303778981475,1,23.8221800706592,23.834700083584366,0.012520012925165247,6.7817463334204575,5.428259955095456,-1.3534863783250017,29.04315849980709,30.219459227678044,1.1763007278709523,1.9145724685613317,1.5647115916619327,-0.34986087689939893,29.86109578783055,31.151098943285334,1.2900031554547837,22.52506951361022,21.749592872583705,-0.7754766410265148
2013-08-16,19.81172503546039,1,22.545234352370898,22.50248315014555,-0.042751202225346674,6.651498961012294,5.270160797044213,-1.3813381639680813,32.14925129969426,34.47119755799925,2.3219462583049904,3.9346406051073757,3.129867301655935,-0.8047733034514408,31.211619041552638,31.968568872049175,0.7569498304965379,22.378105953024885,21.528072533868254,-0.850033419156631
2013-08-23,21.636299997140757,1,26.942344867485446,26.643214506406252,-0.2991303610791931,2.9191895266721133,2.165066623800058,-0.7541229028720551,33.86865258306027,34.79714001832576,0.9284874352654953,4.182239833343218,3.186189413390494,-0.9960504199527236,35.17466320623534,37.094463725453295,1.919800519217958,26.730709966048167,25.931725695468728,-0.7989842705794388
2013-08-30,20.22289066853426,1,22.77449398198371,21.84524470437792,-0.9292492776057912,3.178548357317581,2.4818744047412054,-0.6966739525763757,32.427532453210276,32.58477379462056,0.157241341410284,4.353270597195404,3.4523688992943846,-0.9009016979010198,34.8061417655356,37.60768706747602,2.801545301940422,23.797356855962974,23.36539514069544,-0.43196171526753346
2013-09-06,19.752658037100975,1,16.81083522641306,16.2788799784921,-0.5319552479209619,5.034518682658529,4.138397420532726,-0.8961212621258028,34.62802299898351,36.556062140951056,1.9280391419675453,7.7031762805671065,6.627529666919742,-1.0756466136473648,33.42870263099758,34.03700006319558,0.6082974321980004,20.910692402986058,20.878078952514585,-0.032613450471473016
2013-09-13,18.418269330358054,1,15.344757810721688,15.278672937671189,-0.06608487305049948,5.757273255489579,4.8659347289312365,-0.8913385265583429,34.12988484830582,35.082092622064124,0.9522077737583032,6.35889723008961,5.444735167700429,-0.9141620623891811,34.61388574882331,36.466125526933936,1.8522397781106292,14.304917088718327,13.372054998847375,-0.9328620898709516
2013-09-20,14.862818650756061,1,9.43104059121842,8.602039712426901,-0.8290008787915184,3.296565475655086,2.5624676130395443,-0.7340978626155419,32.89261256578645,32.35817186567391,-0.5344407001125404,6.660764138026337,5.949752044869427,-0.7110120931569099,35.18926791740482,38.27929474517818,3.0900268277733574,1.706661216445255,1.4251859233484225,-0.2814752930968325
2013-09-27,14.793975007177956,1,12.73873229441486,12.569774537455203,-0.16895775695965654,4.737775839598413,3.854181480496578,-0.8835943591018349,29.25016124917221,28.44668549538305,-0.8034757537891579,8.020900204449774,7.244381053986515,-0.7765191504632583,32.16311165428128,34.99538447514196,2.8322728208606804,1.8531688011511989,1.6534430006044118,-0.199725800546787
2013-10-04,16.124865093765543,1,16.368556386712,16.672511669942608,0.30395528323060717,4.707943234053317,3.784717633779337,-0.9232256002739803,29.884408484801014,28.821924402374506,-1.0624840824265078,10.889276725446678,10.11677321115161,-0.7725035142950674,32.914006307670405,35.63687184924082,2.722865541570414,1.9849994239098407,1.7163917961043325,-0.2686076278055083
2013-10-11,16.331482003085622,1,16.505800003247927,16.560962572573686,0.055162569325759137,4.841197662158493,3.8476515554402795,-0.9935461067182132,29.945690762604812,28.865248038342898,-1.0804427242619141,11.803930853138993,11.097446849875126,-0.7064840032638671,33.21694329732303,36.219887655568144,3.0029443582451165,1.6753294400404855,1.3976953467136042,-0.27763409332688127
2013-10-18,16.77421873058913,1,17.97129618220687,18.30476877038747,0.333472588180598,5.689328343855735,4.608693605260044,-1.0806347385956911,29.719088246646308,28.556085325415808,-1.1630029212305004,13.079647573959875,12.23421158643633,-0.845435987523544,33.10514634700628,36.051428982257434,2.9462826352511513,1.0808056898597016,0.8901241137777163,-0.19068157608198533
2013-10-25,17.190275925095424,1,18.05891646337018,18.35144960451845,0.2925331411482688,5.86176392731646,4.77158401172251,-1.09017991559395,31.33102996530245,30.663033004541518,-0.6679969607609308,12.469610132451336,11.705832696137165,-0.7637774363141716,33.935108686960604,36.52594923824762,2.590840551287016,1.4852263751715071,1.1238069954052747,-0.3614193797662324
2013-11-01,16.82736923152883,1,16.656394241717123,16.817994954584336,0.16160071286721234,6.034436011737128,4.971935445968342,-1.0625005657687865,30.991473767803868,30.410010692093564,-0.5814630757103032,12.475038354202994,11.91563741467236,-0.559400939530633,33.31703742810787,35.681676878504135,2.364639450396268,1.4898355856040126,1.1669600033502547,-0.3228755822537579
2013-11-08,17.39848570433572,1,18.143877192703386,18.65553219428938,0.5116550015859929,6.61293306066861,5.465252604037957,-1.1476804566306527,31.61060316877638,30.914273222272456,-0.6963299465039228,13.025087186570985,12.334939033529764,-0.6901481530412212,33.90469184945951,36.14627362389615,2.2415817744366393,1.0937217678354472,0.8746435479886259,-0.2190782198468213
2013-11-15,17.471085276668713,1,18.111155146764474,18.622845568805005,0.5116904220405303,6.6004659532631536,5.454854771740358,-1.1456111815227956,31.914343685094607,31.28233099467039,-0.6320126904242187,13.231352828375393,12.602948076311748,-0.6284047520636449,33.984917212278475,36.0283030923143,2.043385880035828,0.9842768342361836,0.835229156170513,-0.14904767806567065
2013-11-22,18.330246822314137,1,16.64224561709534,17.15534093107317,0.5130953139778285,5.567182374397959,4.494088366040202,-1.0730940083577565,36.302026354745465,36.98800498605638,0.6859786313109169,13.770728581867886,13.368742223843327,-0.4019863580245584,36.322245925577974,36.846302809020784,0.5240568834428103,1.377052080200201,1.129001617850946,-0.24805046234925499
2013-11-29,17.13442412537693,1,12.29584716039723,12.585521952945797,0.289674792548567,6.206350505396671,5.451034611070725,-0.7553158943259461,35.82934247961734,36.36855794464772,0.5392154650303809,9.986182279608371,9.787598627732365,-0.19858365187600668,35.77271933815362,36.163096417213,0.3903770790593768,2.7161029890883555,2.4507351986519836,-0.2653677904363718
2013-12-06,13.749061114864503,1,10.996938392559528,11.253466835121174,0.2565284425616454,5.703237185133389,5.067912147045661,-0.6353250380877284,26.81529460555467,27.880201545188058,1.0649069396333886,9.563109147702718,9.469873182400988,-0.09323596530173006,25.68716527571341,25.503470154607015,-0.1836951211063962,3.7286220825233016,3.319442824824108,-0.4091792576991935
2013-12-13,13.878406334818706,1,10.137714092919367,10.257598408626365,0.11988431570699731,4.80451144483564,4.099989372899827,-0.7045220719358127,26.79601002122874,28.36334871517927,1.567338693950532,10.471032190840234,10.50917841429137,0.03814622345113605,25.00719573332364,24.663107155467713,-0.3440885778559277,6.053974525764616,5.377215942447734,-0.6767585833168823
2013-12-20,13.73405419759076,1,10.354940859745724,10.401613731473475,0.046672871727750476,6.416127744891867,5.617376579854039,-0.7987511650378281,25.962182230300584,27.555152002237193,1.592969771936609,10.092558409802322,10.152611658384899,0.06005324858257666,24.059607623700572,23.750210087272592,-0.30939753642797996,5.518908317103495,4.927361126322353,-0.5915471907811423
2013-12-27,13.533471195515652,1,9.012193633987891,8.99104429882378,-0.021149335164110994,7.005255182723886,6.233839003760394,-0.7714161789634915,25.15678232360007,26.367671548964566,1.2108892253644967,9.795400002261346,9.734101636471209,-0.0612983657901367,24.2963877378008,24.641540786586106,0.3451530487853063,5.9348082927199215,5.232629898487829,-0.7021783942320923
2014-01-03,13.100955826613088,1,9.668048393758951,9.716337101443585,0.04828870768463389,7.679871129236886,6.852074637841611,-0.8277964913952758,23.45824617304791,24.484731669891772,1.0264854968438613,9.30582480529992,9.150414648964215,-0.1554101563357051,22.931450428090557,23.477825541166567,0.5463751130760102,5.562294030244303,4.924351360370736,-0.6379426698735671
2014-01-10,13.454864682676776,1,10.399304019222967,10.395854141361113,-0.0034498778618541337,9.469005794158932,8.689495202750635,-0.7795105914082967,23.00134495035941,23.97629090579109,0.9749459554316786,9.149570732863907,8.839963144569538,-0.3096075882943694,22.76800735840935,23.5397363678388,0.7717290094294498,5.941955241046088,5.287848333749494,-0.6541069072965939
2014-01-17,11.979909424111709,1,6.622392854556509,6.116810318133801,-0.5055825364227076,7.255917531424174,6.475829456306855,-0.7800880751173196,24.185867982095175,25.621823760580284,1.4359557784851091,5.360168996693616,4.6454982871296835,-0.7146707095639329,23.73369045023172,24.799502311244154,1.0658118610124347,4.721418729669054,4.219992411275442,-0.5014263183936123
2014-01-24,12.767570639612211,1,5.3193289880058074,4.745979028558608,-0.5733499594471994,6.1151874217541575,5.356702083043629,-0.7584853387105284,23.593482888869545,24.48544934896651,0.8919664600969668,9.530737144243716,8.87874983518607,-0.6519873090576453,24.425912635606878,25.98631979145543,1.5604071558485515,7.620774759193168,7.152223750463023,-0.4685510087301452
2014-01-31,13.289870726371673,1,5.348047834886614,4.956259620836519,-0.391788214050095,7.021998932945706,6.210784443475319,-0.8112144894703874,24.761196540294307,26.079388448305295,1.3181919080109878,10.184326157458145,9.399819671484408,-0.7845064859737363,24.687353435717398,25.9109519499916,1.223598514274201,7.736301456927862,7.182020224136863,-0.5542812327909985
2014-02-07,13.566446460788569,1,5.322803160061284,4.921193165312687,-0.40160999474859693,4.019351271655509,3.618355235909732,-0.40099603574577714,25.967105338722973,26.14291384272144,0.1758085039984678,10.358328129936979,9.41206156000527,-0.9462665699317085,27.924442169927033,30.14453390079923,2.2200917308721984,7.806648694427636,7.159621059983024,-0.647027634444612
2014-02-14,15.125774869824086,1,7.8969264752941655,6.90660315391392,-0.9903233213802451,6.303348400689046,5.025445591425182,-1.277902809263864,25.546598663782618,24.22581423969592,-1.3207844240866962,12.980715933984214,11.352857987762079,-1.6278579462221359,31.92671613178379,37.55634840471309,5.6296322729293,6.100343613410686,5.687579841434328,-0.4127637719763584
2014-02-21,11.44634599757535,1,8.555063731883678,7.942542478590084,-0.6125212532935933,5.96587934790729,5.279639176246263,-0.6862401716610265,17.90785585891892,17.115071407971925,-0.7927844509469963,6.002050300673758,5.59235791524722,-0.4096923854265384,22.949608854873944,25.53834990078593,2.5887410459119877,7.2976178911945055,7.210115106610701,-0.08750278458380478
2014-02-28,12.898790270948815,1,13.695421322676452,13.996024041782292,0.30060271910583936,8.182622777131229,7.4898110996835925,-0.6928116774476365,17.205289487720194,16.299051924785005,-0.9062375629351891,5.772738206561016,5.211666989854081,-0.5610712167069352,22.160287664299872,24.263576574792438,2.103288910492566,10.37638216730413,10.132610994795513,-0.24377117250861602
2014-03-07,12.6052850040422,1,14.045070323873489,14.411558298561701,0.36648797468821215,8.060550272799148,7.363490878198903,-0.6970593946002452,17.101957504471713,16.418323776655456,-0.6836337278162574,4.136026441943443,3.6355084470462486,-0.5005179948971943,21.30774794287416,23.09633947463179,1.788591531757632,10.980357538291244,10.706489149159083,-0.2738683891321614
2014-03-14,15.065589167131236,1,15.520533482999198,15.684588386647604,0.16405490364840603,16.586016526663514,16.914266712510397,0.32825018584688337,17.03775940329379,16.19898453705619,-0.8387748662375998,7.984946195137098,7.257379303006516,-0.7275668921305822,21.880071408574793,23.41532769728319,1.5352562887083963,11.384207986119023,10.922988366283505,-0.46121961983551785
2014-03-21,15.472920594482497,1,13.791576993110468,13.537500975655163,-0.2540760174553043,17.9429282577167,18.401138978982274,0.45821072126557283,18.990528609555923,18.398956026726523,-0.5915725828294001,7.632665591771712,6.7545551478273325,-0.8781104439443794,23.081353356487483,24.744644573865898,1.663291217378415,11.3984707582527,11.00072786383781,-0.39774289441488975
2014-03-28,16.114684459483566,1,13.894725977463693,13.602186380978736,-0.2925395964849571,18.555781830996807,19.18319815613313,0.6274163251363234,19.833959587441285,19.377490575784762,-0.4564690116565231,9.507197277520788,8.601221230193147,-0.9059760473276413,23.72800467386554,25.264967218528696,1.5369625446631545,11.168437409613276,10.659043195282933,-0.5093942143303423
2014-04-04,16.446806452682406,1,15.06119738526617,14.805368872317246,-0.2558285129489235,18.296396125761092,18.933276762432314,0.6368806366712221,20.05262336903327,20.224085329502884,0.17146196046961393,9.226517382278516,8.295428217063318,-0.931089165215198,21.616034007306553,22.342218374756968,0.7261843674504149,14.428070446448842,14.080461160021741,-0.347609286427101
2014-04-11,15.238913341982828,1,16.753669724050667,16.91135089238803,0.157681168337362,17.54052669504233,18.08379308055261,0.5432663855102788,17.102336365782904,17.470651408479966,0.3683150426970627,8.674891366275475,7.896639035092917,-0.7782523311825571,17.161509638828463,17.205215332893488,0.043705694065025114,14.200546261917125,13.865830302489996,-0.33471595942712895
2014-04-18,14.477454603081712,1,13.635401112904134,13.33804897262776,-0.2973521402763737,16.83409483118136,17.5105313854708,0.6764365542894382,16.968627207129373,17.372766636982192,0.4041394298528189,8.392208552886117,7.670753495115321,-0.7214550577707968,16.534171943626944,16.5460054093258,0.011833465698856571,14.500223970762349,14.426621718968391,-0.07360225179395741
2014-04-25,19.408692484038557,1,20.40326393342859,20.50244887471031,0.09918494128172028,20.902579306391814,21.2912396178384,0.38866031144658564,23.504882657692804,23.230682438034492,-0.27420021965831154,8.536276187761985,7.303139839667466,-1.2331363480945186,27.02762773858163,29.02446821168361,1.996840473101983,16.077525080374528,15.100175922297026,-0.9773491580775016
2014-05-02,17.763400539128952,1,15.55357599658926,14.953698615124651,-0.5998773814646086,17.15462526105202,17.219263251256393,0.06463799020437477,26.42516271740118,27.70449719002535,1.2793344726241713,7.689866820918596,6.664404589742475,-1.025462231176121,27.242191237177366,29.079619529482954,1.8374282923055887,12.514981201635294,10.958920059141889,-1.5560611424934052
2014-05-09,17.00319140578098,1,16.643513639008276,16.395881070239398,-0.2476325687688785,18.36940706613862,18.966594649170858,0.5971875830322375,21.81056110812554,22.955907046510504,1.1453459383849633,13.162871111878346,12.376702523708644,-0.7861685881697014,21.0077641854255,21.342110439834173,0.33434625440867194,11.025031324109605,9.981952705222312,-1.043078618887293
2014-05-16,16.72727380152943,1,17.034880422283507,17.03044514314182,-0.004435279141688397,17.36093875497359,17.623970108973907,0.26303135400031863,21.539631093452144,22.82898685245857,1.2893557590064262,14.012192723034431,13.414846574297016,-0.5973461487374152,19.879349848627555,19.943130485228764,0.06378063660120858,10.53664996680537,9.52226364507655,-1.0143863217288214
2014-05-23,13.876592442271962,1,13.452090177707689,13.455729266869596,0.0036390891619078047,11.424945995499002,11.291767141027421,-0.13317885447158062,20.105229724282296,21.662525481174953,1.5572957568926569,9.442801254354805,8.933436258934464,-0.5093649954203414,14.536649403384388,13.8590819824949,-0.6775674208894884,14.297838098403588,14.057014523130462,-0.2408235752731258
2014-05-30,13.986407247509737,1,13.238909078402855,13.200950019342983,-0.0379590590598724,11.734729745070524,11.600537479456278,-0.1341922656142458,19.457532458060797,20.784483861072616,1.3269514030118188,10.497314523484135,10.031516947257515,-0.46579757622662044,14.26993325897881,13.655392589410553,-0.6145406695682567,14.720024421061296,14.645562588518516,-0.07446183254278083
2014-06-06,14.648169287352934,1,12.671730266764726,12.50143290354471,-0.17029736322001554,11.217267859928867,10.970960526669941,-0.24630733325892606,22.06875448842669,24.25748797757086,2.1887334891441697,11.994378707692832,11.55485360575922,-0.4395251019336115,14.853879718906384,13.974067032387396,-0.8798126865189886,15.083004682398098,14.630213678185441,-0.4527910042126564
2014-06-13,22.22405632904786,1,30.126273680591368,32.84689501182588,2.7206213312345113,11.402236642940366,9.322579456638934,-2.079657186301432,22.65850706810994,22.584248710460898,-0.0742583576490432,26.609447302932423,27.19644206946778,0.586994766535355,27.9710448036155,28.611868763163656,0.6408239595481575,14.576828476097575,12.782303962730012,-1.7945245133675627
2014-06-20,20.092985664409092,1,28.514898199079425,31.165828903946675,2.6509307048672497,11.590430043522531,9.858119656348691,-1.7323103871738397,19.686072421002308,19.4212682898808,-0.26480413112150814,23.986124753493883,24.076308100856906,0.09018334736302336,26.14877048917377,26.85164343908295,0.7028729499091781,10.631618080182633,9.184745596338516,-1.4468724838441176
2014-06-27,21.670213494061908,1,29.777277408221863,32.63514922900916,2.8578718207872953,12.829242899859295,10.858990131044905,-1.9702527688143903,22.270074476911674,21.338568604740075,-0.9315058721715985,25.181155578720762,25.259176706581982,0.07802112786121995,29.172525817268536,30.934094839836206,1.7615690225676701,10.791004783389297,8.995301453159101,-1.7957033302301966
2014-07-04,21.631338484999485,1,29.857430333237204,32.48001878726107,2.6225884540238695,12.60515147908859,10.523770109687021,-2.0813813694015693,20.668183861062275,19.366241919680036,-1.301941941382239,27.784590916673167,28.915108460976043,1.1305175443028759,28.708540098689824,30.09253000134457,1.383989902654747,10.164134221245831,8.410361631048161,-1.75377259019767
2014-07-11,20.251856013815175,1,27.60559162831764,29.42276939324185,1.8171777649242102,10.86298885255195,9.053998815308816,-1.8089900372431345,21.086741676176516,20.220481135617433,-0.8662605405590824,25.68369250494075,26.339710203712897,0.6560176987721462,28.12319862745248,29.775428236720487,1.652229609268005,8.148922793451717,6.698748298289544,-1.4501744951621731
2014-07-18,20.3728184565091,1,27.622566058946035,29.414480986326865,1.7919149273808301,10.942031163425426,9.121600385384568,-1.8204307780408584,21.245703934590622,20.50603819641381,-0.7396657381768108,25.708595446304145,26.346371243870337,0.6377757975661922,28.121464442019388,29.750579267852203,1.629114825832815,8.596549693768992,7.09784065920681,-1.4987090345621823
2014-07-25,20.69466417971057,1,27.63858630543703,29.16790812084534,1.5293218154083092,11.474839206516933,9.566929226798692,-1.9079099797182408,22.437814922828665,21.521079381777795,-0.9167355410508691,25.836031584812886,26.548346381672545,0.7123147968596584,29.338820629785786,31.364308939937857,2.0254883101520704,7.441892428882127,5.999413027231171,-1.4424794016509566
2014-08-08,22.791316774996346,1,31.405563190667365,33.50875888613652,2.1031956954691537,13.815742632895265,11.257209812627167,-2.5585328202680984,21.50651245854266,19.847697364624167,-1.6588150939184914,31.65750162054779,34.07328579925199,2.4157841787042003,30.56892029971658,32.085710627523156,1.516790327806575,7.7936604476084455,5.97523815981512,-1.8184222877933252
2014-08-15,22.2616535225125,1,32.01632026031608,35.07740501872716,3.0610847584110843,12.969597322126262,10.577092301564093,-2.3925050205621687,19.770699596010544,17.712699471594163,-2.058000124416381,30.765713933220198,32.544475418728126,1.7787614855079283,29.90564239926468,31.273920489137126,1.3682780898724474,8.14194762413723,6.384328435324264,-1.757619188812967
2014-08-22,23.12262472662219,1,31.784095121848125,34.5226991475313,2.7386040256831734,12.87227330011757,10.471324895082844,-2.4009484050347254,21.26929483284377,18.894160467506765,-2.3751343653370043,31.727670975868264,34.41139950646124,2.6837285305929726,30.84093353918577,32.358280505208384,1.5173469660226147,10.241480589869653,8.077883837942636,-2.1635967519270167
2014-08-29,22.78913027268766,1,30.594063327810176,33.082112679574564,2.4880493517643885,14.2575196228658,12.0669142592958,-2.1906053635700005,17.48502237857838,14.750305574865166,-2.734716803713212,32.62541078985545,36.076164633602346,3.450753843746895,30.019770946756978,31.017875402020493,0.9981044552635154,11.75299457025919,9.741409086767604,-2.0115854834915865
2014-09-05,19.32381093361065,1,25.936806424287383,27.11271332241145,1.1759068981240688,12.733933244824357,11.085994425981383,-1.6479388188429738,14.615531510449685,12.646446867282322,-1.9690846431673634,28.587393458009956,31.27958113770306,2.692187679693106,26.187292524393513,27.222967434917038,1.0356749105235252,7.881908439699004,6.595162413368598,-1.2867460263304054
2014-09-12,18.244782140119586,1,23.040173032250223,23.61741152908769,0.5772384968374666,15.498817802777168,14.570831757538443,-0.9279860452387254,12.381301191635558,10.53260733317235,-1.848693858463207,25.668651785749063,26.908737846271976,1.2400860605229127,26.05937367863585,27.94186550302352,1.882491824387671,6.820375349669646,5.897238871623543,-0.9231364780461035
2014-09-19,14.182546274563984,1,17.22395144243049,17.433102893767213,0.20915145133672297,13.061284793329392,12.73497947166932,-0.3263053216600724,9.588584950175033,8.522863838512862,-1.065721111662171,19.086596457044806,19.567493450317144,0.4808969932723386,20.17258086403102,21.453654650332126,1.281073786301107,5.96227914037317,5.3831833427852445,-0.5790957975879252
2014-09-26,13.803495309481308,1,16.633890532042983,16.769125193924054,0.13523466188107136,13.405998229299911,13.163893185021877,-0.24210504427803414,8.140754828516762,7.165987734287185,-0.974767094229577,19.12045446475493,19.654118005897885,0.5336635411429569,19.60583792699974,20.73353380513433,1.1276958781345883,5.914035875273527,5.334313932622507,-0.5797219426510196
2014-10-03,13.207166199845028,1,16.487637596672016,16.80440450748202,0.31676691081000286,10.962763390332015,10.311476389276919,-0.6512870010550955,8.211776622112978,7.899166665156557,-0.3126099569564218,17.491666839490307,17.88710725178929,0.3954404122989814,17.67095913473338,18.232509401218152,0.5615502664847725,8.418193615729479,8.108332984147268,-0.309860631582211
2014-10-10,14.591794497881857,1,16.917812869503095,16.894872469017713,-0.02294040048538193,12.132435732520833,11.32374701524273,-0.8086887172781019,9.16022645163467,8.61553710593067,-0.5446893457040005,20.258008096585513,21.026972417977532,0.7689643213920192,20.7698959297025,21.890224216869697,1.1203282871671973,8.31238790734453,7.7994137622528115,-0.512974145091718
2014-10-17,13.747032551042357,1,15.264502975172718,14.848070754884134,-0.4164322202885842,10.054224515753575,9.268647563150807,-0.7855769526027672,9.284452405790176,8.93320830131475,-0.35124410447542687,19.161120202278113,19.36629284103249,0.20517263875437664,22.062681014315913,23.820161426446617,1.757480412130704,6.655214192943646,6.245814419425372,-0.40939977351827395
2014-10-24,14.081933334050724,1,15.171150681642274,14.545750468002566,-0.6254002136397077,12.303014366201126,11.33614447494621,-0.9668698912549161,7.512551571797488,7.077829610863688,-0.4347219609337998,19.87653159676438,20.001512648486496,0.12498105172211638,23.543816463869476,25.789205193806268,2.245388729936792,6.084535324029602,5.741157608199117,-0.34337771583048493
2014-10-31,15.032001776145075,1,19.97528064009262,19.518570495939684,-0.456710144152936,9.482589796583852,8.269222939700228,-1.2133668568836242,8.289778927214329,7.518808520004754,-0.7709704072095747,25.523787032687537,28.041256421049567,2.5174693883620307,22.10209528807225,22.616312528931758,0.5142172408595087,4.818478972219864,4.227839751244446,-0.5906392209754188
2014-11-07,15.794674066562708,1,21.576002063114146,21.028006978072867,-0.5479950850412791,8.251205044778317,6.7801680699996325,-1.4710369747786842,6.225147607950461,5.26950411393932,-0.9556434940111416,26.548937588928553,28.09426282197144,1.5453252330428882,26.90090747345785,29.261713048132904,2.360805574675055,5.265844621146925,4.334389367260087,-0.9314552538868384
2014-11-14,16.551942851246256,1,24.07912252362803,24.409123434656763,0.3300009110287334,7.394694655342661,5.917646533227639,-1.477048122115022,9.408334484214848,8.026506638993197,-1.3818278452216504,26.5267015575278,27.612483885715577,1.0857823281877756,27.253667812331074,29.4626276371947,2.2089598248636264,4.649136074433116,3.8832689776896245,-0.7658670967434915
2014-11-21,14.618413619119828,1,18.57572319950465,18.230886825841125,-0.3448363736635258,7.0604278536871306,5.869018302304312,-1.1914095513828187,8.491619515439325,7.437560043124648,-1.0540594723146768,22.701799903073237,23.174292358566376,0.4724924554931391,25.440361194487622,28.25678253409569,2.8164213396080697,5.440550048527001,4.741941650786799,-0.6986083977402018
2014-11-28,12.344599519545966,1,13.489944332009472,12.918068562051474,-0.5718757699579982,6.435011011610129,5.684113443204609,-0.7508975684055201,11.28077952581802,10.688003061857714,-0.5927764639603055,15.277416381705322,14.625827847361052,-0.6515885343442704,22.916125416959545,25.92067091992162,3.004545502962074,4.668320449173308,4.230913282879328,-0.4374071662939798
2014-12-05,14.630209034632735,1,22.732395522538283,21.549276022318367,-1.1831195002199166,3.561957532324527,2.7110109172508743,-0.8509466150736529,9.85203494457015,8.71581553188372,-1.1362194126864296,16.96971892700742,15.3546169474876,-1.615101979519821,30.168787646691243,35.40033290803676,5.2315452613455165,4.496359634664785,4.050201880819088,-0.44615775384569645
2014-12-12,12.605702269665185,1,20.119358353881168,19.66332694252607,-0.4560314113550987,3.012725698282992,2.4808842256101116,-0.5318414726728804,8.726580587410425,8.061455074622174,-0.6651255127882507,14.334485082739405,13.581932127833653,-0.7525529549057524,24.736035135563952,27.585086032018168,2.849050896454216,4.705028760113166,4.261529215380904,-0.44349954473226205
2014-12-19,11.399292558532899,1,18.18328971810051,17.94325190350166,-0.24003781459884976,2.784782692373639,2.4010470878289425,-0.3837356045446967,8.733953192123934,8.397255299544895,-0.33669789257903915,12.383817345207987,11.997000116500118,-0.3868172287078693,21.47933741682705,23.18486735544934,1.7055299386222913,4.830574986564272,4.472333588372464,-0.358241398191808
2014-12-26,11.681592416126712,1,19.353685786859614,19.161593791571363,-0.19209199528825138,5.4003593093951565,4.484341161878106,-0.9160181475170504,8.4905297813401,8.266137892012836,-0.22439188932726495,9.224708801259595,8.790282579656548,-0.4344262216030472,22.563712118348064,24.648873445978523,2.085161327630459,5.0565586995577405,4.738325625662895,-0.3182330738948451
2015-01-02,12.983371914357148,1,19.46971345276164,19.078124268628343,-0.391589184133295,6.844849646299721,5.6872767340003065,-1.1575729122994147,11.243033841234762,11.067687135308574,-0.17534670592618795,11.519322040406607,11.283867146284834,-0.2354548941217729,23.459130703344314,25.851557714460967,2.392427011116652,5.3641818020958425,4.931718487459818,-0.43246331463602417
2015-01-09,13.513059949160393,1,17.74611907010005,17.296708066292425,-0.4494110038076258,6.491521925739946,5.468335714573826,-1.02318621116612,13.873278027864785,14.074021835468912,0.2007438076041268,12.190046025331611,11.863790891067168,-0.32625513426444286,22.059614937441964,24.195248765033,2.135633827591036,8.717779708484002,8.180254422527,-0.5375252859570026
2015-01-16,13.235265312393338,1,17.742708770875623,17.21751790018139,-0.5251908706942316,6.591280823976405,5.545187277550184,-1.0460935464262207,12.817824359066066,12.908471956904734,0.09064759783866805,11.309717012209092,10.981125227345245,-0.3285917848638462,22.33024522723919,24.60998688121623,2.279741653977041,8.619815680993653,8.149302631162229,-0.4705130498314247
2015-01-23,13.574569079279867,1,19.582245461838767,19.35231588904398,-0.22992957279478787,2.5711732575812363,2.114849802901105,-0.45632345468013114,13.121587196217689,12.961865732936715,-0.1597214632809738,14.538215024571542,14.517177285053663,-0.021037739517879572,22.09470319651949,23.503160871743887,1.4084576752243976,9.539490338950472,8.998044893999861,-0.541445444950611
2015-01-30,13.853005093684496,1,19.31282046403699,19.083224897869002,-0.22959556616798693,2.6441945159180875,2.172879786580552,-0.4713147293375357,13.039476107881711,12.815351544581262,-0.2241245633004496,16.29458910126671,16.538933562615824,0.24434446134911525,21.65456468788578,22.898996384234266,1.2444316963484852,10.172385685117703,9.608644386226118,-0.5637412988915855
2015-02-06,15.616522461103692,1,20.648109952866193,20.73543939717726,0.0873294443110666,2.7135886016143473,2.228363098089929,-0.4852255035244184,14.291026783292423,13.761948023005417,-0.5290787602870068,18.07046793244639,18.26546886156075,0.1950009291143573,21.43019223211256,22.18630792440372,0.7561156922911607,16.545749264290237,16.52160746238505,-0.024141801905187776
2015-02-13,15.63180081454022,1,19.787683133835685,19.583134879082934,-0.2045482547527513,2.388851155117024,1.9596953737950997,-0.4291557813219242,14.044615811185238,13.415756234437794,-0.6288595767474447,19.717569212566602,20.45799849849226,0.7404292859256572,21.61212249416785,22.2830450564294,0.670922562261552,16.239963080368923,16.09117484500382,-0.1487882353651031
2015-02-27,16.672464896946803,1,20.626889903844685,20.36796153898308,-0.2589283648616032,2.9140570756923267,2.336942391907627,-0.5771146837846999,14.112732477143524,13.215705002379849,-0.8970274747636751,22.256955519224633,23.591831666487522,1.3348761472628894,22.541311408377013,23.099763938943127,0.5584525305661145,17.58284299739863,17.42258484297963,-0.16025815441899738
2015-03-06,16.031023958392392,1,20.92131485696015,20.815971444570607,-0.10534341238954426,2.089356442461778,1.738604113837468,-0.35075232862430994,14.864137532783587,14.26642235538283,-0.5977151774007581,18.02991088319135,18.01563952742181,-0.014271355769537308,23.000031448728933,24.06987265636272,1.069841207633786,17.28139258622855,17.279633652778983,-0.0017589334495653475
2015-03-13,15.642978219621227,1,21.083144797832205,21.13931326540923,0.05616846757702376,2.223908443810828,1.8579326245312444,-0.36597581927958345,12.741277399271382,12.01365691461423,-0.7276204846571517,18.47199822356572,18.66090268227319,0.1889044587074693,22.713220338535265,23.595976607669428,0.8827562691341626,16.624320114711963,16.590087223230086,-0.034232891481877914
2015-03-20,16.08008936948549,1,20.04802403972468,20.134459271219143,0.08643523149446253,6.8607124471080425,6.003745067261789,-0.8569673798462532,13.415962954442008,12.88808039006031,-0.5278825643816987,18.623391767263897,19.285005824728046,0.6616140574641491,21.216365584689072,21.832140752593872,0.6157751679048005,16.316079423685224,16.337104911049778,0.021025487364553896
2015-03-27,11.534298978360857,1,12.313950930750451,11.986887984888966,-0.3270629458614849,5.341896574526444,4.898418614725827,-0.4434779598006173,17.05383065455078,17.70362745743475,0.6497968028839693,12.220277436489724,12.551223333162312,0.33094589667258845,6.51479851276892,6.109413466059209,-0.40538504670971065,15.76103976107882,15.95622301389406,0.19518325281524085
2015-04-03,12.237797435717075,1,12.0461383712004,11.653377483146443,-0.3927608880539566,6.660159970858416,6.133001040763247,-0.5271589300951689,17.403419178690086,18.099270250681002,0.6958510719909157,13.301716419980806,13.763279033207752,0.4615626132269455,8.052411214095585,7.61590070677606,-0.43651050731952523,15.962939459477155,16.16195609972796,0.1990166402508038
2015-04-10,14.121802504853257,1,15.957684892252146,16.37540929577689,0.41772440352474405,13.246128335632775,12.950359989696935,-0.29576834593584067,17.53121827345764,18.260896830862563,0.7296785574049238,14.128432704698568,14.282253929480177,0.1538212247816091,10.4021205772206,9.891332471179467,-0.510788106041133,13.46523024585781,12.970562512123479,-0.4946677337343317
2015-04-17,12.263603130007096,1,15.486449894431914,15.973983628207193,0.48753373377527964,5.365688704268891,4.820261185056708,-0.5454275192121827,17.89937560185325,18.948055839978466,1.0486802381252147,11.02451303978927,10.772525818938817,-0.25198722085045233,10.276275308388719,9.975062105931755,-0.3012132024569638,13.529316231310531,13.09173020192965,-0.4375860293808813
2015-04-24,11.60933443851719,1,12.027157308271697,11.937422751456381,-0.08973455681531561,5.3088706566289545,4.869023541473524,-0.4398471151554304,18.68459025474226,20.222518858158622,1.5379286034163613,10.328832588643522,9.886416776170634,-0.44241581247288764,9.897832430575576,9.787885521763172,-0.10994690881240388,13.408723392241129,12.952739182080805,-0.45598421016032376
2015-05-01,10.527669552697652,1,11.685340699532489,11.783408149834926,0.09806745030243746,5.632737658431324,5.236546778279731,-0.3961908801515932,14.418005150513963,15.09526322215838,0.6772580716444168,8.501577671711729,8.11944904727045,-0.38212862444127893,11.034594506930787,11.134199011521318,0.0996045045905305,11.893761629065622,11.797151107121124,-0.09661052194449837
2015-05-08,10.574007567366884,1,12.770007784170943,13.063256697511278,0.2932489133403351,6.059793664290595,5.6448280003851465,-0.4149656639054484,13.529015112264872,13.96728053433803,0.4382654220731581,8.827913412310409,8.551774263875913,-0.2761391484344955,10.060999557047666,9.991027698946539,-0.06997185810112683,12.19631587411682,12.225878209144398,0.029562335027577546
2015-05-15,9.761388119885948,1,9.955834420630183,10.024026090410146,0.0681916697799636,8.171665285409546,7.956476151429996,-0.21518913397954975,13.630048433111142,14.184604422113594,0.5545559890024521,8.096460589675686,7.814116881475812,-0.28234370819987475,6.761260796053065,6.587044711748746,-0.17421608430431945,11.953059194436065,12.002060462137408,0.0490012677013425
2015-05-22,11.171396038135354,1,9.456862635856481,9.383710159420701,-0.07315247643578004,6.551240493930635,6.280610492961543,-0.27063000096909207,19.838332204578265,21.44972340348282,1.6113911989045562,8.163115218029233,7.518005001759818,-0.6451102162694156,7.140670536755181,6.957596386907127,-0.18307414984805348,15.878155139662326,15.43873078428011,-0.439424355382215
2015-05-29,11.05985462184186,1,7.961067974774423,7.797603314232717,-0.16346466054170605,6.7619134553572735,6.530245411745071,-0.23166804361220272,19.032298149984328,20.601290906198614,1.5689927562142856,9.111872514941282,8.439940278368624,-0.6719322365726583,8.702450740756845,8.569641593601958,-0.13280914715488734,14.789524895237008,14.420406226904177,-0.36911866833283113
2015-06-05,10.52320319845437,1,7.0262083629349235,6.851208666244673,-0.17499969669025006,4.776421377070733,4.491862015110954,-0.28455936195977927,19.775395992577657,21.67324531072471,1.8978493181470526,9.044542967704842,8.21420692435845,-0.8303360433463922,7.489886501615729,7.225923893217882,-0.263962608397847,15.026763988822339,14.682772381069555,-0.34399160775278403
2015-06-12,11.59821741973766,1,4.8982824320765985,4.468130442116532,-0.4301519899600663,5.65473686779508,5.11042253952634,-0.5443143282687402,22.78790319731293,25.52426232810194,2.736359130789012,13.786884521127035,12.911010215607007,-0.8758743055200284,6.592578402037844,6.125313588347723,-0.4672648136901216,15.868919098076475,15.450165404726405,-0.4187536933500695
2015-06-19,11.244929784045775,1,5.399827932028558,5.010685836897224,-0.3891420951313336,7.858300015988689,7.2871782671765715,-0.5711217488121179,22.050325042476757,24.92495712536939,2.8746320828926315,13.562899123821339,12.563105673795846,-0.9997934500254928,5.94126800586406,5.575603612717742,-0.36566439314631793,12.65695858409525,12.108048188317895,-0.5489103957773551
2015-06-26,11.88288614358243,1,5.132314477125121,4.715432806856768,-0.4168816702683529,7.1219462033766945,6.5175230925124765,-0.604423110864218,22.75734813194873,25.59031345574138,2.8329653237926493,13.820662061117474,12.736187316157057,-1.084474744960417,7.112749930013493,6.632792412154629,-0.479957517858864,15.352296057913065,15.105067778072296,-0.247228279840769
2015-07-03,12.170358272329393,1,4.730569931462384,4.297987377939151,-0.4325825535232326,6.770629944117971,6.125992789491875,-0.6446371546260963,23.029585891942858,25.879446833087684,2.8498609411448257,14.132414126728975,13.050983505128897,-1.0814306216000773,8.345727994622592,7.825983607124513,-0.5197443874980792,16.013221745101575,15.841755521204249,-0.17146622389732613
2015-07-10,15.638066790030926,1,1.8791094137358755,1.4809360038679955,-0.39817340986787997,11.045190318652047,10.153162407001759,-0.8920279116502883,24.52336939068482,25.784464315884378,1.2610949251995578,22.41262734125121,22.130417143631533,-0.28221019761967625,15.091886543559497,14.32278465760102,-0.7691018859584773,18.87621773230211,19.95663621219886,1.0804184798967498
2015-07-17,16.27066073972428,1,5.551241319684763,4.882238108239235,-0.6690032114455278,8.982304336743695,8.111861221303002,-0.8704431154406933,23.344397419352617,23.41083936172636,0.06644194237374279,23.85171127244675,24.482034029127192,0.6303227566804424,17.09212630638828,16.972334171970743,-0.119792134417537,18.80218378372959,19.764657545979148,0.9624737622495587
2015-07-24,15.692110920380513,1,5.7866645717028575,5.12958589323209,-0.6570786784707678,8.882936314259865,8.055570711531132,-0.827365602728733,22.14117929716491,22.2984309101288,0.1572516129638899,22.19297570332796,22.566010734424182,0.37303503109622227,16.549898728084173,16.413482560431078,-0.1364161676530955,18.599010907743306,19.68958471253582,1.0905738047925126
2015-07-31,17.672829983423522,1,5.884002492538613,5.149481032489689,-0.7345214600489243,15.180387419724198,14.276074352641828,-0.90431306708237,23.854113167042925,23.353782269086878,-0.5003308979560472,26.538475229769432,28.243759400525818,1.7052841707563857,17.043837314940916,17.09231114457306,0.04847382963214386,17.536164276525056,17.92157170122387,0.38540742469881195
2015-08-07,18.87230376439549,1,12.050945035399366,11.034230632644665,-1.016714402754701,15.882699588562446,15.019617693528716,-0.86308189503373,23.694694992578732,23.39828526786272,-0.296409724716014,26.51809571435078,28.438527887600216,1.9204321732494378,18.5826844556494,19.124510063147937,0.5418256074985379,16.504702799832216,16.2186510415887,-0.2860517582435165
2015-08-14,18.968866302702118,1,14.009686639056653,13.133920814743831,-0.8757658243128219,14.706133174735996,13.86745275869653,-0.8386804160394661,22.50883305244801,21.787550727466225,-0.7212823249817859,26.191522276063694,28.200356020676338,2.0088337446126445,19.763155853665225,20.64142788018772,0.8782720265224953,16.633866820243128,16.182489614442062,-0.4513772058010659
2015-08-21,20.61144235668642,1,18.57108911471643,18.332273959629575,-0.23881515508685425,16.173361170456005,15.400865995943988,-0.7724951745120165,27.995806975134613,29.370731495503662,1.3749245203690492,27.53247822431237,28.448016154577516,0.9155379302651454,17.010147437103868,16.72001763735662,-0.2901297997472483,16.38577121839525,15.396748897107173,-0.9890223212880755
2015-08-28,17.45611075592411,1,15.504771501876647,15.23457604050435,-0.2701954613722961,14.242134539111234,13.708178374034603,-0.5339561650766314,25.944773853053846,27.77285002515974,1.8280761721058951,23.53783888105974,23.63763085025232,0.09979196919258015,9.59030594307714,8.840415812512887,-0.7498901305642534,15.916839817366068,15.543013433080745,-0.3738263842853229
2015-09-04,17.352330329490343,1,18.049784805849697,18.106267377737325,0.05648257188762784,20.333412197966908,20.478158571097566,0.1447463731306584,17.963348792042638,17.472950874540857,-0.49039791750178097,23.947940822647865,25.676971790481574,1.7290309678337081,8.645031566297803,7.777597888540768,-0.8674336777570346,15.174463792137146,14.602035474543925,-0.5724283175932214
2015-09-11,16.556894454472125,1,16.329899137621993,15.81965291534604,-0.5102462222759527,21.896391616551526,23.252081676765727,1.3556900602142008,15.343401036605172,14.961439478080848,-0.3819615585243241,20.29519852222812,20.799736631734163,0.5045381095060435,9.441050919902281,8.549345093427348,-0.8917058264749329,16.035425493923654,15.95911093147862,-0.07631456244503454
2015-09-18,18.48523614101543,1,15.875571568695875,14.495525868289945,-1.3800457004059297,27.95780361857193,31.487073561538125,3.529269942966195,13.5793260827828,12.255271307610087,-1.324054775172712,22.74551748332763,22.035611906072504,-0.7099055772551282,7.882353488889649,6.5481544897638315,-1.3341989991258174,22.870844603824693,24.08977971281807,1.218935108993378
2015-09-25,16.481106132068252,1,17.455908668741642,16.676131528578622,-0.77977714016302,25.35709754007671,27.689800127194445,2.332702587117737,10.59840667977683,9.800035289587612,-0.7983713901892173,21.648642475248465,21.669564608685135,0.020922133436670265,5.959937601397982,5.1120242032297085,-0.8479133981682736,17.866643827167877,17.939081035133995,0.07243720796611797
2015-10-02,16.458519878613213,1,16.054562553518508,14.926463612116251,-1.128098941402257,25.524822571078886,28.090649055510426,2.5658264844315397,10.259425507543313,9.440944353723964,-0.8184811538193486,22.29569735393649,22.586485105151198,0.2907877512147081,6.619858476384266,5.6023601426192045,-1.0174983337650616,17.99675280921781,18.104217002558244,0.10746419334043367
2015-10-09,20.747316235403442,1,28.700988175791352,31.66346871438401,2.962480538592658,24.071684904996943,23.924372738399356,-0.14731216659758672,13.28531191320289,11.318309519037768,-1.967002394165121,25.930004177571192,27.522186562428175,1.592182384856983,12.385317422717776,10.74278735804242,-1.6425300646753556,20.110590818140494,19.31277252012889,-0.797818298011606
2015-10-16,23.08450245759782,1,34.09474281494943,40.441230438007764,6.346487623058337,24.79468667938555,23.652827920317876,-1.1418587590676736,16.217447480483997,13.611609136658245,-2.605838343825752,26.718750816447624,27.654527841348127,0.9357770249005029,14.972712717849092,12.789386961014486,-2.1833257568346056,21.70867423647124,20.35743244824043,-1.3512417882308085
2015-10-23,21.544274726436004,1,32.4608062064634,37.58694934267375,5.126143136210345,22.670352958503713,21.359492484942123,-1.3108604735615899,18.42117369793499,16.56884747751147,-1.852326220423521,26.026711491822468,26.96359389658737,0.9368824047649014,8.386486398324493,7.144253613551555,-1.2422327847729377,21.300117605566953,19.6425115433497,-1.6576060622172548
2015-10-30,20.520587182633847,1,30.627877413951296,34.90001937025362,4.27214195630232,20.961526775297273,19.61925676275102,-1.3422700125462512,19.9929284565345,18.295446517297094,-1.6974819392374059,26.302925093521438,27.938810580301507,1.6358854867800687,5.99549237388301,4.9228054195244795,-1.072686954358531,19.242772982615563,17.447184445675347,-1.7955885369402154
2015-11-06,20.473650526565887,1,31.05805426270048,35.70928153511524,4.651227272414758,18.966279220323415,17.106577303953785,-1.8597019163696302,22.069025028720517,20.85015890942337,-1.2188661192971466,25.48490644627826,26.827186089364233,1.3422796430859734,6.201052485451086,5.0695589063270745,-1.1314935791240117,19.06258571592157,17.27914041521163,-1.7834453007099427
2015-11-13,22.47082611960265,1,33.24899357407824,38.31161720295435,5.062623628876111,19.9015021555916,17.740084465794553,-2.161417689797048,26.06620827230593,24.975495751993407,-1.0907125203125219,28.43461620665518,30.22296726875753,1.7883510621023504,6.954096841161785,5.5087335607099845,-1.4453632804518008,20.219539667823156,18.06605846740611,-2.1534812004170476
2015-11-20,21.651020586664696,1,31.010178497266807,34.68879583873503,3.6786173414682253,19.203693638888936,17.22332941970747,-1.9803642191814674,25.720819829999385,25.085264441526547,-0.635555388472838,27.726554041257984,29.326965077173853,1.6004110359158688,4.78637516020207,3.792927099646704,-0.9934480605553659,21.458502352372975,19.788841643198552,-1.6696607091744227
2015-11-27,23.23843244950693,1,31.879577141571858,34.63661142370982,2.7570342821379654,23.296132859284967,21.42124717098659,-1.8748856882983773,29.07783475534795,29.793868724028968,0.7160339686810175,27.029720933152433,27.67728503330838,0.6475641001559467,4.6763265473060756,3.562369751241235,-1.1139567960648407,23.4710024603783,22.33921259376659,-1.1317898666117117
2015-12-04,22.59078921571691,1,31.65807039932112,34.45715662210803,2.7990862227869115,22.64307769532573,20.853702429967257,-1.7893752653584727,29.325310221631568,30.61377971679515,1.2884694951635822,23.140428391422518,23.16517146641783,0.02474307499531392,7.251824514342729,5.835704324824022,-1.4161201895187077,21.526024072257812,20.61922073418917,-0.9068033380686416
2015-12-11,23.34306883282326,1,33.21938981233295,36.147240081726906,2.927850269393957,25.781339244069216,24.238951184067787,-1.5423880600014286,31.472157181920167,33.1535635923572,1.6814064104370345,22.745797991868898,22.527146377262426,-0.21865161460647187,6.826726374498648,5.451429275928987,-1.3752970985696606,20.013002392249675,18.54008248559623,-1.4729199066534449
2015-12-18,22.96542530261894,1,29.81034833509355,32.17628848622019,2.3659401511266367,25.00900132346932,24.094150637756215,-0.9148506857131053,28.525188393426305,30.018447546101356,1.4932591526750514,23.876455537367832,24.403950898363135,0.527495360995303,11.764682858323098,9.848937680204457,-1.915745178118641,18.80687536803353,17.25077656706833,-1.5560988009652021
2015-12-25,21.057974311753842,1,28.89354434656859,31.941026745827415,3.0474823992588256,22.347169859848066,21.347636505560487,-0.9995333542875784,24.082817696191213,24.210754488990716,0.12793679279950254,24.012467118601506,25.350515901357326,1.3380487827558198,11.956873954613727,10.14207951863169,-1.8147944359820372,15.054972894699958,13.355832710155383,-1.699140184544575
2016-01-01,20.856525527260914,1,29.00175624003471,32.18411625318841,3.1823600131536978,22.898910543715687,22.038992894944798,-0.8599176487708888,24.037638166896784,24.23142468593879,0.19378651904200694,23.119106066847962,24.093893465106547,0.9747873982585844,12.568503881638051,10.786387855151787,-1.782116026486264,13.513238264432289,11.804338009235153,-1.7089002551971362
2016-01-08,19.378333452846743,1,23.992277729784334,25.099111081321567,1.106833351537233,22.303813562087612,22.13195140176795,-0.1718621603196624,22.644184090455255,22.958077930786374,0.31389384033111867,23.25486265057816,24.901818626970055,1.6469559763918937,10.62549462646929,9.178579798953805,-1.446914827515485,13.449368057705797,12.000461877280642,-1.4489061804251548
2016-01-15,18.395894903781485,1,21.050359137208034,21.11020425500182,0.05984511779378465,24.949174547218377,25.943682346503195,0.9945077992848184,25.242801029889094,26.706451094501404,1.4636500646123096,16.998666980313104,16.702895016158635,-0.2957719641544685,8.644414666971045,7.388947039058678,-1.2554676279123669,13.489953061089253,12.523189671465175,-0.9667633896240773
2016-01-22,16.51015018379835,1,20.391432640490038,20.522730056633137,0.13129741614309864,24.0180528352861,25.149622445318812,1.131569610032713,22.383427175751322,22.993512135192105,0.6100849594407833,13.549270801538967,13.39378250107508,-0.15548830046388673,8.877096798742684,7.8456577513061205,-1.0314390474365638,9.841620850980988,9.155596213264829,-0.6860246377161587
2016-01-29,18.761932018761744,1,24.821520320882456,26.445540619017322,1.624020298134866,23.496381660181427,23.551167149972386,0.054785489790958763,23.98744955164335,24.399560105377887,0.41211055373453576,18.016231634776503,18.340549441523606,0.32431780674710353,10.583460622512106,9.184878615619965,-1.3985820068921413,11.666548322574613,10.64989618105939,-1.0166521415152232
2016-02-05,17.99402052042463,1,23.895433401595085,25.48398137734533,1.5885479757502452,21.986351385493293,22.244397139669474,0.25804575417618025,22.21986890021006,22.461635043600523,0.2417661433904641,17.79004380746602,18.064516602975957,0.2744727955099364,12.063579840040347,10.690298642720265,-1.3732811973200825,10.008845787742985,9.019294316236198,-0.9895514715067861
2016-02-19,18.263543716119692,1,24.153190820071217,25.83403520172608,1.6808443816548646,22.418148828409088,22.474987553771683,0.05683872536259571,22.72839524352476,23.005122825685817,0.2767275821610582,17.969280204403958,18.341194350430996,0.3719141460270379,12.851920613693665,11.438351892111442,-1.413568721582223,9.460326586615466,8.487570472992104,-0.9727561136233618
2016-02-26,19.527430464992396,1,24.288263383436032,25.849770536516345,1.5615071530803135,21.924205786926308,21.48646014483323,-0.437745642093077,24.70954875778125,25.40337678652132,0.6938280287400715,22.278323737662348,23.447713297362213,1.1693895596998658,11.574831753787763,9.994466467185234,-1.5803652866025288,12.389409370360681,10.982795557536036,-1.406613812824645
2016-03-04,19.88022003346961,1,24.94502188675645,26.68650305264218,1.7414811658857303,22.102071439712333,21.681808793401814,-0.420262646310519,24.38488868994152,24.84631032329702,0.46142163335549924,22.646994211127634,23.98979445952513,1.342800248397495,12.862372542938758,11.198161764831127,-1.6642107781076305,12.339971430340952,10.878741807120349,-1.4612296232206035
2016-03-11,19.614322065862666,1,24.061699815783555,25.59045538137788,1.5287555655943237,21.950872242873885,21.7063444958727,-0.24452774700118596,23.578095967286473,23.88906930352364,0.3109733362371685,22.604255144663227,24.025501338805284,1.421246194142057,12.429781408713808,10.857852690760794,-1.5719287179530141,13.061227815855048,11.616709184835699,-1.4445186310193492
2016-03-18,20.902595194885098,1,28.564700376880893,31.896708528279348,3.3320081513984547,23.298030517127614,23.11954676124074,-0.17848375588687304,21.20233354422777,20.706539921844993,-0.49579362238277724,20.559660762064723,21.190065525882346,0.6304047638176229,18.484855164574455,16.496427193426243,-1.9884279711482122,13.30599080443514,12.006283238636897,-1.2997075657982435
2016-03-25,21.18523597810285,1,28.149067356481723,31.465168669426248,3.316101312944525,23.08123946703043,23.08755227836282,0.006312811332392698,20.014572225128617,19.033382180435865,-0.9811900446927524,22.827860385031784,23.92436636056044,1.0965059755286575,16.513470701518415,14.462932999335592,-2.0505377021828224,16.52520573342612,15.138013380496133,-1.3871923529299863
2016-04-01,21.145236676078195,1,28.465725921834718,31.955213131988998,3.48948721015428,22.758892152008684,22.63922848285435,-0.11966366915433468,19.37775568475648,18.33693763546536,-1.0408180492911185,22.618964631708067,23.68445801002194,1.0654933783138745,17.060084040123115,15.001393490981386,-2.0586905491417298,16.589997626038098,15.254189305157126,-1.3358083208809717
2016-04-08,20.136773634509822,1,26.037600596375626,28.480727768471027,2.4431271720954015,22.166529346341648,22.22318219596643,0.056652849624782675,20.586408083337773,20.041918867446412,-0.5444892158913603,21.411139057729457,22.214414156652452,0.8032750989229953,14.184854393764212,12.453910756269977,-1.730943637494235,16.43411032951022,15.406488062252606,-1.0276222672576125
2016-04-15,22.865463957541483,1,31.119852199000377,34.85597709176906,3.736124892768686,27.653899132797434,28.249322168664875,0.5954230358674408,25.116963988193646,24.320271691892003,-0.796692296301643,20.887605221416493,21.109162911146953,0.22155768973046008,16.007871941465297,13.393296518520046,-2.6145754229452507,16.406591262375642,15.264753363255977,-1.1418378991196647
2016-04-22,24.481438912438634,1,32.29736748806805,35.6323127279683,3.33494523990025,28.067571216943918,27.70444413816847,-0.3631270787754488,29.746167119306904,29.7941560597679,0.04798894046099633,24.117989480592357,24.9549307696589,0.8369412890665444,13.613514792117499,10.95892495331536,-2.6545898388021385,19.046023377603078,17.843864825752902,-1.2021585518501752
2016-04-29,23.239898675590734,1,30.813174681451812,33.544682906780096,2.731508225328284,27.022034926774154,26.629263620076898,-0.3927713066972558,28.66209122657888,28.762933765527876,0.10084253894899575,23.54135766614749,24.326584975017894,0.7852273088704038,10.425992264039593,8.266766573810301,-2.1592256902292917,18.974741288552465,17.909160212331344,-1.0655810762211217
2016-05-06,22.560233393476228,1,26.703026770099,27.568606178584346,0.8655794084853454,27.777109430368043,27.6861322072983,-0.09097722306974276,29.30670589865646,30.329619637563084,1.0229137389066238,22.508383791019355,23.439689990367157,0.9313061993478016,10.541619015654518,8.74784505240359,-1.7937739632509277,18.524555455059996,17.589507294640924,-0.9350481604190719
2016-05-13,22.5303358995855,1,26.599442814441588,27.179889590400023,0.5804467759584355,28.4962037339493,28.923377861419496,0.42717412747019523,28.687052596035713,29.152985944591848,0.4659333485561348,22.457489890083977,23.593586801237535,1.1360969111535582,10.158650015703174,8.441373007019124,-1.71727700868405,18.783176347299232,17.890802192844916,-0.8923741544543162
2016-05-20,23.046388066059123,1,25.49565903579291,25.726617767646232,0.2309587318533204,27.40028084928518,27.135005500357067,-0.2652753489281139,29.798649892964733,31.14044954677192,1.3417996538071861,24.481510465512045,25.81075482184866,1.3292443563366163,10.084173224135569,8.37399935994776,-1.7101738641878086,21.0180549286643,20.091501399783056,-0.926553528881243
2016-05-27,21.608691647630668,1,25.04727335440235,25.16287850949425,0.11560515509189884,24.470737858664123,23.11252469925917,-1.3582131594049542,30.28802656709854,32.763335029958014,2.4753084628594735,22.388601965417692,23.439634642229876,1.0510326768121843,8.78012406665512,7.312120196859695,-1.4680038697954245,18.677386073546174,17.861656807982982,-0.815729265563192
2016-06-03,22.48946049192321,1,25.705336295783113,26.339382014377065,0.6340457185939528,24.521137568103583,23.183569242382404,-1.337568325721179,30.292882656527837,32.64189956550689,2.3490169089790527,24.359843613639384,25.424532218834173,1.0646886051947888,9.767335467265795,8.072059786579146,-1.695275680686649,20.29022735021954,19.275320123859558,-1.0149072263599805
2016-06-10,23.69108957135964,1,27.791914345292227,27.427078013956603,-0.3648363313356242,30.28643674658474,29.0254808476557,-1.2609558989290406,36.546149071430555,41.112719190189786,4.5665701187592305,24.577413115241768,25.082739965802475,0.5053268505607065,7.966297763373291,6.229971700136701,-1.7363260632365893,14.978326386235281,13.268547710416584,-1.709778675818697
2016-06-17,23.980946226691042,1,28.192953708049316,27.867233684759526,-0.3257200232897901,31.188166126688827,30.171771581444716,-1.0163945452441112,36.91285918531063,41.3940785667374,4.481219381426769,24.473985177396997,24.890099656105605,0.4161144787086073,8.423917320948732,6.577711579247676,-1.8462057417010556,14.693795841751736,12.984782291851303,-1.7090135499004333
2016-06-24,20.956774423926834,1,28.204523401720195,29.882968605251293,1.6784452035310977,22.195439753720777,20.457483116491588,-1.737956637229189,30.843305977092243,33.582947500252345,2.7396415231601026,22.84248998886372,23.460756177875055,0.6182661890113366,8.533935263488843,6.791446768895298,-1.7424884945935446,13.120952158675237,11.565044374795448,-1.555907783879789
2016-07-01,20.29518316835554,1,27.256311576516794,28.72616494377472,1.469853367257926,20.984693947913527,19.158462628597874,-1.826231319315653,30.181985867037767,32.93056819903809,2.748582332000325,22.58902622605416,23.26918875947051,0.6801625334163504,7.640525283164678,6.079487284873153,-1.5610379982915248,13.118556109446317,11.607227194378908,-1.5113289150674092
2016-07-15,22.345735150517886,1,30.774492382423034,33.62278296427412,2.8482905818510886,21.541936366375808,19.050010321142437,-2.4919260452333702,32.14246069409502,35.099107427661906,2.9566467335668847,25.264533449188335,26.15959432267644,0.8950608734881058,10.60915184790403,8.30498175145317,-2.3041700964508607,13.741836163121093,11.837934115899273,-1.9039020472218198
2016-07-22,14.844614827867693,1,19.487820985352855,20.496898929927127,1.0090779445742726,14.647123959508548,13.675143887837336,-0.9719800716712115,20.943682606383362,22.049391204133272,1.10570859774991,16.510455448206955,16.962914355462587,0.4524589072556324,6.536214357803459,5.629733478279931,-0.906480879523528,10.942391609950974,10.253607111565898,-0.6887844983850755
2016-07-29,15.359967683909085,1,20.897092196192034,22.180284187105244,1.2831919909132097,16.011429118564294,15.04985217881837,-0.9615769397459246,21.873928494894983,22.991822205223727,1.1178937103287439,15.388790049639894,15.532716093007863,0.14392604336796921,7.331076663227137,6.294709592491699,-1.0363670707354373,10.657489580936172,10.11042184680764,-0.5470677341285324
2016-08-05,14.398047062137982,1,15.790695161309074,15.87541280097399,0.08471763966491608,15.261171259637536,14.864203362752605,-0.39696789688493084,19.35236417202354,20.330882039654625,0.9785178676310835,16.24421638682901,16.82069015334349,0.5764737665144821,8.54998152408838,7.883422189952199,-0.6665593341361813,11.189853868940347,10.613671826150949,-0.576182042789398
2016-08-12,13.414245480326253,1,14.789580754365005,14.800015892124577,0.010435137759571944,12.399165570733288,11.763853841401016,-0.6353117293322725,18.570076802993995,19.729772839351,1.1596960363570048,16.185199671818253,16.809732222921653,0.6245325511033997,7.765730205268838,7.188859028801886,-0.5768711764669519,10.77571987677814,10.193239057357388,-0.582480819420752
2016-08-19,13.542226247894497,1,16.076979737809893,16.29574945156584,0.21876971375594678,11.17066756911494,10.444721068222222,-0.725946500892718,18.534686760261607,19.71087889439262,1.1761921341310142,15.969527469541802,16.439165385947945,0.4696379164061426,8.960400133459146,8.365724642981533,-0.5946754904776128,10.541095817179595,9.997118044256851,-0.5439777729227444
2016-08-26,12.439807892886028,1,14.746006707627217,15.064456684968462,0.31844997734124547,8.827069070710792,8.309882553867993,-0.5171865168427985,14.842392210549193,15.398851110286984,0.5564588997377911,14.809618647521177,15.053543786415247,0.24392513889407041,8.829667199532167,8.359304399844632,-0.47036279968753547,12.584093521375621,12.452808821932834,-0.1312846994427872
2016-09-02,12.136869056936932,1,15.424090318974791,15.946111209917916,0.522020890943125,8.901218705473497,8.427322492779709,-0.4738962126937878,14.641976179797808,15.12352533990125,0.48154916010344095,13.858207777258528,13.944908789972686,0.08670101271415831,8.341080869790346,7.869721130227816,-0.47135973956252997,11.654640490326628,11.50962537882225,-0.14501511150437807
2016-09-09,10.903099677629548,1,15.539080566184026,16.18364349887912,0.644562932695095,5.96720091695525,5.514929944430136,-0.4522709725251133,14.745384665631747,15.270136981236817,0.5247523156050704,12.817458866521022,12.90828237339241,0.09082350687138785,9.300831521206462,8.939751059477075,-0.36108046172938657,7.0486415292787825,6.601854208361729,-0.4467873209170534
2016-09-16,9.237024967718002,1,9.7248192716783,9.516382463823788,-0.20843680785451113,6.633823852546442,6.298190167285455,-0.33563368526098714,14.058631589870458,14.925662949474415,0.8670313596039563,10.305809682265888,10.39683522782326,0.09102554555737186,8.033431916987041,7.85082901618982,-0.18260290079722097,6.665633492959884,6.434249981711304,-0.23138351124858048
2016-09-23,7.201250094705806,1,7.8758512438280945,7.800659393765173,-0.07519185006292162,4.242619884324583,4.051924192652933,-0.19069569167164957,10.508153427845485,10.939657904427307,0.43150447658182145,8.46541119115166,8.50576692815902,0.04035573700735995,5.553468990295997,5.433426777504735,-0.1200422127912617,6.561995830789016,6.476065371725653,-0.08593045906336272
2016-09-30,5.741616058074878,1,5.633252230323237,5.489911351935405,-0.14334087838783205,4.156784502075837,4.004550160346355,-0.15223434172948203,9.487429828228372,9.94649201060136,0.459062182372989,4.998957991755205,4.912732778404461,-0.08622521335074396,5.306548706085934,5.249301022907034,-0.05724768317890039,4.866723089980681,4.846709024254693,-0.020014065725987962
2016-10-07,7.871927723282693,1,7.539767014287108,7.347747679153855,-0.19201933513325287,4.492113888265024,4.238491233717767,-0.2536226545472573,10.938267190174756,11.46560751612192,0.527340325947165,5.696827378106363,5.467552944147656,-0.2292744339587074,9.41482641342374,9.50579117567382,0.09096476225008132,9.149764455439168,9.20637579088114,0.05661133544197128
2016-10-14,8.996715766171372,1,8.584374961418845,8.391098712012166,-0.1932762494066793,6.686012281150596,6.458766229494259,-0.22724605165633704,11.053292543288165,11.444635361127197,0.3913428178390319,8.24734579030438,8.134221634355598,-0.11312415594878189,8.460770776210069,8.294325927474219,-0.16644484873584986,10.948498244656179,11.257246732564838,0.30874848790865883
2016-10-21,10.571940037227895,1,15.78754426212572,15.747557146796893,-0.03998711532882737,4.524139899485192,4.293005182144256,-0.23113471734093594,7.657584876050123,7.380481938905305,-0.27710293714481793,12.206681585767,11.902098148243269,-0.30458343752373196,4.558681627133538,4.198481692692127,-0.3601999344414111,18.697007972805793,19.910016114585517,1.2130081417797243
2016-10-28,11.195943640283241,1,18.52312602345667,19.438938911719234,0.9158128882625647,5.365043098878147,5.064736178602857,-0.3003069202752897,7.878906705195391,7.508512148577964,-0.37039455661742693,11.365856808205237,10.748649607645334,-0.6172072005599034,5.867454747402434,5.415519832431926,-0.45193491497050786,18.175274458561574,18.99930516272211,0.8240307041605348
2016-11-04,11.718215667194498,1,19.748301811892787,20.962590553719423,1.2142887418266355,5.772017596513692,5.432136941363154,-0.33988065515053734,8.930846656114625,8.515880035844162,-0.41496662027046227,12.408551762153891,11.804361400333647,-0.604190361820244,5.0950224381183915,4.62963501268905,-0.4653874254293413,18.354553738373596,18.96469005921753,0.6101363208439352
2016-11-11,9.413460127454178,1,18.78267000480139,20.429555037823746,1.6468850330223574,3.8685737728768856,3.61971921967546,-0.2488545532014257,6.9227742857572565,6.400111009190525,-0.5226632765667318,4.923320989187246,4.362135047303383,-0.5611859418838634,5.632202210179486,4.872484980845712,-0.7597172293337735,16.3512195019228,16.796755469886207,0.44553596796340855
2016-11-18,10.847050576755267,1,20.894344697506455,22.293733257761843,1.3993885602553888,3.622762216194971,3.301247685221611,-0.32151453097336,7.974964997253423,7.3074230806272595,-0.6675419166261634,6.438949824496149,5.555515348350156,-0.8834344761459931,5.3911490072362795,4.541678928777117,-0.8494700784591629,20.76013271784433,22.082705159793605,1.3225724419492764
2016-11-25,9.897488453156674,1,21.1003359092349,23.06278975388929,1.9624538446543909,1.4369882530094458,1.3191885368007235,-0.11779971620872232,6.395723651343488,5.558872819670327,-0.8368508316731607,5.951457965733752,5.183481406764301,-0.7679765589694512,5.630241841787694,4.843021935016964,-0.78721990677073,18.87018309783076,19.417576266798406,0.5473931689676448
2016-12-02,10.326501418266547,1,19.956531734615766,21.3922661498043,1.4357344151885343,2.8361891836579503,2.66031009938591,-0.17587908427204013,7.311612458870329,7.012668425232292,-0.2989440336380369,6.42589489542253,5.790722546396282,-0.6351723490262486,7.072567480683844,6.210638138988713,-0.8619293416951308,18.356212756348867,18.892403149791832,0.5361903934429648
2016-12-09,12.41782122996485,1,22.21404195097479,24.479153935385114,2.265111984410325,7.004044041161748,6.464968746373145,-0.5390752947886028,7.558770237554782,7.145276985451673,-0.41349325210310894,8.896611007819274,8.600876048361542,-0.2957349594577323,10.372787900767506,9.146419967804846,-1.2263679329626598,18.460672241511006,18.670231696412742,0.20955945490173633
2016-12-16,11.163797935380536,1,19.90105779587377,21.799161336982863,1.8981035411090943,5.48096455850586,5.0327688609135635,-0.44819569759229694,8.344534879956981,7.963254482260496,-0.3812803976964858,6.99375633883983,6.721270595112344,-0.27248574372748635,10.485055557646461,9.520285829725921,-0.9647697279205403,15.777418481460316,15.946046507288045,0.1686280258277293
2016-12-23,13.863532574465175,1,25.6065645949987,29.047924973443884,3.4413603784451823,4.149960204117718,3.6872691412678904,-0.46269106284982797,9.802892160211996,9.235504195480814,-0.5673879647311821,10.28874149702736,9.85102976771094,-0.437711729316419,16.608949659224862,15.10216015324167,-1.5067895059831926,16.724087331210413,16.257307215645838,-0.46678011556457477
2016-12-30,13.0959648808871,1,23.70059455348965,26.62393359826295,2.9233390447733,4.0429700831753195,3.649920301180373,-0.39304978199494656,10.984924127806337,10.496206317838542,-0.48871780996779535,9.36116699571187,8.935561915100536,-0.4256050806113336,15.308737962318531,14.0721256675522,-1.2366122947663314,15.177395562820891,14.79804148538804,-0.37935407743285054
2017-01-06,13.260386128396327,1,23.954602181107703,26.98223019925331,3.027628018145606,5.758045163549468,5.247457269555525,-0.510587893993943,11.02436041948657,10.642442931315486,-0.3819174881710836,8.030151614935818,7.467981995259464,-0.5621696196763537,15.61482140867632,14.390683102407365,-1.224138306268955,15.180335982622083,14.831521272586812,-0.34881471003527054
2017-01-13,14.15736825756762,1,20.03842980956992,21.247050757831005,1.2086209482610855,6.0732278453556745,5.422116395541835,-0.6511114498138397,16.854383571122128,17.513370187205055,0.6589866160829274,9.924519706358183,9.257787716134743,-0.6667319902234397,15.935678735068521,15.539753044951837,-0.3959256901166839,16.1179698779313,15.964131443741238,-0.15383843419006382
2017-01-20,13.72427830331833,1,19.89504974442015,21.194692348495394,1.2996426040752453,4.875776206157042,4.218307346588077,-0.6574688595689651,17.7619380150054,18.552550883207743,0.790612868202345,8.07924369750539,7.297789899196047,-0.781453798309343,16.242594152500104,15.815355774489163,-0.4272383780109408,15.491068004321903,15.266973567933604,-0.22409443638829885
2017-01-27,13.833224603125068,1,20.531436663879887,22.05394938105576,1.5225127171758714,4.511698024124513,3.91607187898407,-0.595626145140443,16.33679534433675,16.747855429732112,0.41106008539536276,9.407509281821689,8.514030675390345,-0.8934786064313442,15.805051430620026,15.390138031977003,-0.4149133986430229,16.40685687396754,16.377302221611117,-0.02955465235642407
2017-02-03,15.66231528697635,1,19.950928319870997,20.846081402297074,0.8951530824260772,8.089480464580063,7.198869802905293,-0.8906106616747707,17.390618201710453,17.191098512224457,-0.19951968948599585,11.691354552050498,10.97215180018246,-0.7192027518680391,20.55841519760439,21.615477768697772,1.0570625710933825,16.293094986041694,16.150212435551026,-0.14288255049066834
2017-02-10,16.626827808507358,1,23.54673267685716,25.849535520695895,2.302802843838734,7.948143325456101,6.981290769169618,-0.9668525562864829,20.024714504457307,20.60315367719872,0.5784391727414118,12.049930572942728,10.929339338780423,-1.1205912341623048,18.328671028426825,18.243423174915222,-0.08524785351160347,17.862774742904023,17.15422437028427,-0.7085503726197544
2017-02-17,16.60734874408322,1,25.057140725202373,28.07816986188672,3.021029136684348,7.307386961331915,6.352929333359739,-0.9544576279721753,19.76888462635479,20.0075380227466,0.23865339639181116,11.415909297465475,10.15155241092829,-1.2643568865371861,18.483590521211184,18.462218100103144,-0.021372421108040385,17.6111803329336,16.591684735474857,-1.019495597458743
2017-02-24,15.97685613978084,1,23.910441130845967,26.27198199126572,2.361540860419751,5.277394277794002,4.474920906330738,-0.8024733714632646,19.761236667483573,19.874978901396645,0.11374223391307225,9.293653594205836,8.084877980350669,-1.2087756138551669,19.389066256106176,19.60812937837649,0.21906312227031322,18.229344912249488,17.546247680964782,-0.6830972312847052
2017-03-03,16.158574801577924,1,22.458463103671107,24.228547293329086,1.7700841896579789,3.876202916311712,3.235496654573879,-0.640706261737833,18.946541395975828,18.855254047615162,-0.09128734836066599,14.714093949573012,13.70159693253595,-1.012497017037063,20.217011135614882,21.098069909694928,0.8810587740800457,16.739136308321008,15.832483971718531,-0.9066523366024768
2017-03-10,16.450758003572236,1,22.48198466346608,23.977788954482605,1.4958042910165261,2.6580059753441105,2.1788310531463395,-0.479174922197771,18.992276393656226,18.75171872977907,-0.24055766387715494,15.98683143177756,15.045306666355714,-0.9415247654218462,20.88507918162327,21.82975186408501,0.9446726824617429,17.70037037556618,16.921150753584698,-0.7792196219814826
2017-03-17,16.887858447594315,1,21.625533763448658,22.63636216851836,1.0108284050697023,2.8056690422825596,2.2781577274297717,-0.5275113148527879,19.279938621650842,18.821355294848047,-0.45858332680279545,16.87497822436427,15.921012351491186,-0.9539658728730842,22.840418811731922,24.390542683488434,1.5501238717565116,17.90061222208763,17.279720459790056,-0.6208917622975747
2017-03-24,16.59627204302144,1,20.463948025491305,21.342895894295452,0.878947868804147,3.2141472045396142,2.615144879424477,-0.5990023251151371,19.455588744623128,19.039109633077146,-0.41647911154598205,16.705880925981376,15.781390566307167,-0.9244903596742091,23.273231587751383,25.004863996253988,1.7316324085026054,16.464835769741825,15.79422728877043,-0.6706084809713957
2017-03-31,18.006378291821022,1,21.781303063955733,22.914347291048102,1.1330442270923697,6.711338202142954,5.6653664894263045,-1.04597171271665,19.934350129461322,19.694693909967228,-0.2396562194940941,17.339259380988835,16.32533760105406,-1.0139217799347762,23.933879803806917,25.718008393157206,1.7841285893502885,18.338139170570372,17.720516066273262,-0.6176231042971096
2017-04-07,14.897780000320102,1,18.066099719120814,18.449464377874065,0.3833646587532513,2.6728700221778325,2.207260166314711,-0.4656098558631214,19.02327894739898,18.812808811725986,-0.2104701356729919,10.776261396893588,9.58576298757825,-1.1904984093153388,21.932095354026288,23.6326747211761,1.700579367149814,16.91607456230311,16.698708937251496,-0.21736562505161316
2017-04-14,11.850502984765521,1,12.778762686615323,12.884031227035635,0.10526854042031175,2.0827200695406276,1.7776037782626588,-0.3051162912779688,15.776970024294187,15.59345711638872,-0.1835129079054667,9.715982754941308,8.975532255363689,-0.7404504995776193,18.928149222579037,20.225411743613577,1.2972625210345399,11.820433150622648,11.646981787928851,-0.1734513626937968
2017-04-21,13.490179500759348,1,12.596599307406436,12.603383766996203,0.006784459589766811,2.511333789214291,2.0926275024408767,-0.41870628677341415,20.795721676830055,20.67249581143605,-0.12322586539400504,9.826666389087393,8.749344099080758,-1.0773222900066344,23.640244266589264,25.512918650200533,1.872674383611269,11.570511575428654,11.310307174401686,-0.26020440102696796
2017-04-28,13.911508754798094,1,12.631612831828662,12.563386223386203,-0.06822660844245831,4.051701104325716,3.3064820888304496,-0.745219015495266,22.148688759250376,22.782171028065022,0.633482268814646,9.819876248924615,8.731421835464715,-1.0884544134598997,23.508149817187416,25.08419499908605,1.5760451818986354,11.309023767271782,11.001396353956139,-0.30762741331564314
2017-05-05,13.04046434345843,1,12.917456937171579,13.003772882303565,0.08631594513198593,4.356140231871521,3.7053671075740766,-0.6507731242974444,21.16614196737497,21.687189545511103,0.5210475781361339,8.094275034035661,7.106224240350599,-0.988050793685062,22.518730334610765,23.972679717707166,1.4539493830964005,9.19004155568608,8.767552567304051,-0.4224889883820282
2017-05-12,12.09996837177288,1,11.05381973790928,10.834998284894752,-0.21882145301452738,4.360490168537822,3.802793950608418,-0.5576962179294043,20.92050369142794,21.651204833524588,0.7307011420966489,6.96611460692354,6.088766193829002,-0.8773484130945377,21.59032353599345,22.903890069999534,1.3135665340060854,7.708558489845245,7.31815689778098,-0.39040159206426495
2017-05-19,12.962388628981634,1,11.649678501897938,11.352137638937933,-0.29754086296000537,3.996451829688624,3.3739635046049017,-0.6224883250837223,23.23358137602972,24.138137472834998,0.9045560968052797,7.005042833522509,6.030676913306863,-0.9743659202156465,23.683186981977215,25.108836556718373,1.4256495747411577,8.206390250773794,7.770579687486702,-0.43581056328709167
2017-05-26,12.546526593655946,1,11.89528912251511,11.514599973781827,-0.38068914873328197,3.827143660696393,3.338701475765106,-0.4884421849312872,23.652884387099775,25.045746670515797,1.3928622834160223,5.586731843988986,4.850111488587174,-0.7366203554018114,22.3442477395009,22.875653836814436,0.5314060973135355,7.972862808134508,7.654346116471359,-0.3185166916631488
2017-06-02,13.230246177657172,1,12.92582107345865,12.419878198430482,-0.5059428750281683,4.432767627057501,3.8550256547580943,-0.5777419722994068,24.991451980999585,26.808741859570148,1.8172898785705627,5.80510326826429,5.0628808826209735,-0.7422223856433163,22.863189234206956,23.16982781681689,0.30663858260993493,8.363143881956049,8.0651226537464,-0.2980212282096488
2017-06-09,13.720911332889266,1,13.154692073099426,12.906577150834707,-0.24811492226471898,8.097079798793928,7.186210777898069,-0.9108690208958592,24.230389085963964,26.29339739300798,2.063008307044015,6.1309112943840205,5.369139886813727,-0.7617714075702935,21.42978519797923,21.620660771987204,0.1908755740079755,9.282610547115027,8.949482016793922,-0.3331285303211047
2017-06-16,15.275194050616149,1,19.53727195467586,20.399142754331365,0.861870799655506,6.081366268345263,5.083524725172481,-0.9978415431727825,23.87726971088695,24.92636520236472,1.0490954914777717,5.185003009472908,4.351062489854968,-0.8339405196179399,22.93616976740057,23.56733013097673,0.6311603635761571,14.034083592915337,13.323739000996568,-0.7103445919187692
2017-06-23,14.12090569622903,1,17.778107323172904,18.28472020008006,0.5066128769071554,4.203529584588026,3.5082341208762386,-0.695295463711787,22.93428743310423,24.14559168599014,1.2113042528859097,4.550905167699327,3.8154358523464538,-0.7354693153528729,21.28341567714486,21.50440921258604,0.22099353544118117,13.975188991664837,13.467043105495222,-0.5081458861696149
2017-07-07,15.467770064441382,1,17.601531008198393,17.728748875441767,0.12721786724337392,3.762423424153795,3.1375581190027617,-0.6248653051510331,22.50569192103103,23.154417950074375,0.6487260290433454,9.879619657235978,8.740616223463704,-1.1390034337722739,22.897444029698377,23.969385130520152,1.0719411008217747,16.15991034633072,16.075894088145517,-0.08401625818520131
2017-07-14,17.165219588990173,1,18.815378735497646,19.056773198254675,0.2413944627570288,4.54330653096018,3.7615535398699222,-0.7817529910902579,23.667713553171026,24.589049515910787,0.9213359627397608,14.591637019741839,13.346450390174653,-1.2451866295671863,23.99934885818699,25.082645752027148,1.0832968938401564,17.37393283638336,17.15484513770386,-0.21908769867950184
2017-07-21,17.395437490532032,1,20.304630414761206,20.774413813470588,0.46978339870938157,4.277112955945881,3.5096803744953604,-0.767432581450521,23.901595667766898,25.077190389123885,1.1755947213569868,15.150402893593423,14.044832692409003,-1.1055702011844204,22.54080913899284,22.955897358071937,0.4150882190790952,18.198073872131943,18.010610315621463,-0.18746355651047963
2017-07-28,16.303052520864416,1,20.37254905886148,20.815252762574005,0.44270370371252454,5.264822818087438,4.363402759305231,-0.9014200587822074,26.941222966693047,29.573120193380447,2.6318972266874,13.62614704493815,12.137422965626257,-1.4887240793118934,23.685176028419903,24.26278599988163,0.577609971461726,7.9283972081864675,6.666330444418932,-1.2620667637675353
2017-08-04,16.961526489934002,1,21.156009669172477,21.15935178866438,0.0033421194919043273,4.066897556227843,3.1951841012685094,-0.8717134549593339,28.51521771085467,31.921800050229535,3.4065823393748644,16.120936538652415,14.771481219037327,-1.349455319615089,23.725951062012783,23.84337920671915,0.11742814470636631,8.184146402683822,6.877962573685082,-1.3061838289987406
2017-08-11,16.803637124719895,1,21.55847402562854,21.279737067081655,-0.2787369585468866,3.09195109130043,2.494658088593198,-0.5972930027072323,28.15193267036372,30.87562390514863,2.7236912347849085,18.73171515068971,18.10084431879261,-0.6308708318970986,23.050136825211098,22.753737793838667,-0.29639903137243095,6.237612985125878,5.317221574864618,-0.92039141026126
2017-08-18,17.32803396956316,1,20.05423881735655,18.426148425704568,-1.6280903916519804,5.900880984355837,5.198856334392346,-0.7020246499634908,29.119890635166968,31.623179128375497,2.5032884932085295,14.821434695114135,14.227260681537345,-0.5941740135767901,26.929123806891255,27.997133419087476,1.0680096121962208,7.142634878494235,6.495625828281703,-0.6470090502125316
2017-08-25,17.45826777293176,1,19.605738628164602,17.81429611912104,-1.7914425090435628,9.464456530275044,8.770146400083192,-0.6943101301918517,28.247306636171047,29.894103129675187,1.6467964935041408,13.238653369556104,12.903865421801527,-0.33478794775457743,27.90917594119027,29.6209183930402,1.7117424518499291,6.28427553223348,5.746277173869402,-0.5379983583640779
2017-09-01,17.47478616777064,1,20.58561523746789,18.93069855614594,-1.65491668132195,8.367001481156464,7.641324536059017,-0.7256769450974474,28.173642540480415,29.86223460462689,1.6885920641464764,13.276180054117319,12.876291741527396,-0.39988831258992263,27.643432233253122,29.19111318448917,1.547680951236046,6.802845460148646,6.347054383775443,-0.4557910763732025
2017-09-08,18.551299503220985,1,23.230051898481847,21.609086837208437,-1.6209650612734094,9.7175921754216,8.973712913347697,-0.7438792620739036,30.911510492399884,33.54472152631479,2.633211033914904,15.182731536277728,15.213632616822338,0.030901080544609272,27.324991558744728,27.643666134037417,0.3186745752926896,4.940919358000116,4.322976991595169,-0.6179423664049466
2017-09-15,14.655427021646965,1,15.945849706053323,14.210365409782895,-1.7354842962704282,6.6161272864627705,6.241808795228678,-0.3743184912340922,26.940249747181454,30.05028275097075,3.1100330037892974,11.163581021908442,11.243125929924773,0.07954490801633085,21.09265410832232,20.42305827342308,-0.6695958348992406,6.174100259953477,5.763920970551595,-0.4101792894018814
2017-09-22,15.407414948431096,1,15.927070432197524,14.246382228217257,-1.6806882039802673,5.753896674164608,5.3402355049135934,-0.41366116925101437,27.41049718570669,30.913257966428006,3.5027607807213172,12.016155688418465,11.958822664241168,-0.057333024177296465,20.974478023418087,20.16959255811655,-0.8048854653015383,10.362391686681207,9.816198768669992,-0.5461929180112151
2017-09-29,14.123462816685377,1,13.90214310512222,12.352931307620821,-1.5492117975013997,4.923320617408194,4.619715587077707,-0.3036050303304876,26.267008700244276,29.106824769585657,2.8398160693413814,10.860052512163378,10.502202446409498,-0.3578500657538797,22.117310798818323,21.97645093946781,-0.14085985935051326,6.670941166355874,6.182651849950773,-0.4882893164051012
2017-10-06,12.488440472722054,1,8.715938930185501,7.7800549201053855,-0.935884010080116,3.911077402213948,3.607805133838795,-0.303272268375153,22.44241866399628,24.394546632318267,1.9521279683219888,11.454174724497875,11.314645930662962,-0.1395287938349128,19.463183968239008,19.39536942778355,-0.06781454045545843,8.943849147199714,8.438220791623351,-0.5056283555763628
2017-10-13,13.083615527429215,1,7.28750034315253,6.451534632879543,-0.8359657102729869,7.047968313720816,6.201538258405947,-0.8464300553148689,24.460551031697022,27.96793192301473,3.507380891317709,12.65646205863655,12.342802762489328,-0.31365929614722177,17.765953902583178,16.89122861645008,-0.8747252861330992,9.283257514785191,8.646656971335617,-0.6366005434495747
2017-10-20,14.363765705111087,1,17.024670808804842,16.865466075947097,-0.15920473285774506,6.642334626626564,5.960882079812464,-0.6814525468141,22.708869828183524,25.05542067596957,2.346550847786048,13.63072852551575,13.40227836652737,-0.22845015898838028,15.119195710767414,14.43030098941729,-0.688894721350124,11.05679473076843,10.468246042992732,-0.5885486877756989
2017-10-27,14.221548752789431,1,13.567195083778117,12.656027227805296,-0.9111678559728205,7.315091080414092,6.577646536598266,-0.7374445438158261,23.454698100984274,26.57043364069058,3.115735539706307,13.433980907497144,13.220539884508057,-0.21344102298908751,14.96531628664205,14.180206689562638,-0.785109597079412,12.59301105742091,12.124438537571763,-0.46857251984914683
2017-11-03,16.95641791844684,1,14.741601270997663,13.65576156396456,-1.0858397070331023,6.495443806349073,5.495855316881588,-0.9995884894674845,21.533625825239184,23.57288444990563,2.039258624666445,24.79011680986963,26.54557395778727,1.7554571479176388,12.485995738698591,11.188260138452534,-1.2977356002460567,21.69172405952689,21.280172083689465,-0.4115519758374262
2017-11-10,16.564052487367054,1,14.340533346880477,13.27288364607692,-1.0676497008035568,5.948311576167995,5.017027579911527,-0.9312839962564681,20.512504844189777,22.17703763026101,1.6645327860712342,24.305708360859626,26.012093450628655,1.7063850897690287,12.982963012031675,11.838853244700786,-1.1441097673308889,21.294293784072778,21.066419372623443,-0.22787441144933496
2017-11-17,15.541115413644759,1,12.207924184309036,11.291572867891063,-0.9163513164179733,4.8581653586744125,4.163502788980935,-0.6946625696934774,16.421893481032853,16.94955796016167,0.5276644791288163,25.25816015395054,27.612721826836278,2.354561672885737,12.897927146384134,11.901537791742342,-0.9963893546417921,21.602622157517573,21.327799246256248,-0.2748229112613245
2017-11-24,16.445355745071907,1,13.191891655339973,12.178710772732813,-1.013180882607159,4.305852044777268,3.635872034323995,-0.6699800104532727,15.461491847002819,15.835891402478822,0.37439955547600334,28.42737199089251,31.83236128471134,3.4049892938188293,14.385668584029176,13.379170281043798,-1.0064983029853778,22.8998583483897,21.81012869514069,-1.0897296532490088
2017-12-01,20.40195708072567,1,17.727122059968295,16.767385930213038,-0.9597361297552567,16.474920109197114,15.624916278505225,-0.8500038306918896,19.070311944651536,19.31274402343429,0.2424320787827554,29.66407521214022,33.971910579551405,4.307835367411187,18.646697595452878,17.627815865678627,-1.0188817297742503,20.82861556294398,19.10696980697145,-1.7216457559725313
2017-12-08,23.156943683740952,1,21.288214434442537,20.90113663895596,-0.38707779548657584,23.637512102153877,24.113645001661155,0.47613289950727733,16.92349868069087,15.691315242431969,-1.2321834382589003,29.583559454630816,31.78072563843206,2.1971661838012437,21.652361639863514,21.27380111075159,-0.3785605291119225,25.85651579066412,25.18103847021304,-0.6754773204510798
2017-12-15,21.67866339608861,1,19.411923693208237,18.31742626041226,-1.0944974327959756,19.819697930183338,19.731974774475233,-0.08772315570810463,15.078584157202215,14.049235066432118,-1.029349090770097,30.759906154880184,34.296515182620254,3.53660902774007,20.16828783906601,20.128561302901716,-0.03972653616429511,24.833580601991684,23.5482677896901,-1.2853128123015836
2017-12-22,24.369895996116146,1,23.383013794504123,22.377668928041174,-1.0053448664629485,24.389259006511082,25.237676722402313,0.8484177158912303,17.900276041039533,16.50659165127861,-1.3936843897609208,31.932511648524354,35.16377518266404,3.2312635341396856,22.18198157599234,21.760480792961815,-0.42150078303052396,26.432333910125436,25.173182699348928,-1.2591512107765084
2017-12-29,21.881024714094163,1,20.503958369776328,18.9481740697899,-1.5557842999864278,19.56368775655666,18.70906606232991,-0.8546216942267506,12.06400497899756,10.583113583369396,-1.4808913956281629,32.2722845210498,37.16535394410219,4.8930694230523955,23.30693674441376,24.400941840374898,1.094005095961137,23.575275913770867,21.479498784598633,-2.095777129172234
2018-01-05,23.76896525936642,1,26.576647597637006,25.093642558112336,-1.48300503952467,20.10933200966798,17.742914279796608,-2.3664177298713724,7.381762154421224,5.872426191468676,-1.509335962952548,32.92492929257831,36.73711692572664,3.8121876331483264,31.198877712546135,34.73852448600941,3.539646773463275,24.422242789347877,22.42916711508485,-1.9930756742630251
2018-01-12,23.182486177338603,1,23.554433562518227,21.02977224783335,-2.5246613146848773,18.777319130010312,16.083320870302742,-2.69399825970757,7.110667727762376,5.487512461103009,-1.6231552666593672,32.37603499879643,35.78522148786115,3.409186489064723,32.41923881079704,37.624870140845516,5.205631330048476,24.857222834147237,23.084219856085824,-1.7730029780614132
2018-01-19,23.2291742456125,1,21.459888574215753,18.613488531519167,-2.8464000426965868,20.08864627741542,17.678803786109015,-2.4098424913064065,7.239793212644344,5.588543656530774,-1.6512495561135694,32.858555352875825,36.50447163630001,3.645916283424185,32.24055794539494,37.54212393419148,5.30156598879654,25.487604111128746,23.447613929024584,-2.0399901821041624
2018-01-26,23.741546936319057,1,22.72852527225548,19.868328909685303,-2.8601963625701785,16.98435749835356,14.206063344857611,-2.778294153495949,9.059994920905709,7.157953658101647,-1.9020412628040617,34.493045096610075,38.843728686766894,4.3506835901568195,32.57098611521924,38.1489014601641,5.577915344944856,26.612372714570284,24.224305558338756,-2.3880671562315285
2018-02-02,22.242587589000816,1,19.39670116466064,17.012890631113365,-2.383810533547276,10.47823316550533,8.414617935316357,-2.0636152301889723,12.649877114665884,10.725381065023882,-1.924496049642002,34.97554008506255,39.766434950144145,4.790894865081597,27.251218015726565,30.725968469142842,3.474750453416277,28.70395598838394,26.810232483264343,-1.8937235051195955
2018-02-09,24.060248460105367,1,16.168517505896375,14.60255631601946,-1.5659611898769157,15.326501884339706,12.590272360419547,-2.7362295239201586,14.129258317759067,12.129938925242115,-1.9993193925169521,39.200323798449624,45.13838122655422,5.9380574281045995,25.260101239096727,26.507458594857283,1.2473573557605562,34.2767880150907,33.39288333753959,-0.883904677551115
2018-02-16,21.99899467397333,1,10.142536005336382,8.819243649669176,-1.3232923556672063,13.44256129076247,11.098104236891672,-2.344457053870798,11.244636571850748,9.217387634869496,-2.027248936981252,38.92315118127182,43.92055425803373,4.997403076761913,22.99203955688688,23.98276120933707,0.9907216524501905,35.24904343773166,34.95591705503881,-0.2931263826928472
2018-02-23,21.736629881743983,1,8.588527635015751,6.648877792144475,-1.939649842871276,13.76342810162626,11.545320804657237,-2.2181072969690234,12.415981893958687,10.235690267578732,-2.1802916263799546,40.07166283476974,47.25620032400812,7.18453748923838,20.220563542385307,19.840730579729822,-0.3798329626554846,35.35961528270816,34.89295952234549,-0.46665576036267
2018-03-02,21.25896972923872,1,9.027773022767391,7.064843274633461,-1.9629297481339307,13.618904574292642,11.25310248939924,-2.365802084893403,9.462193972300796,7.687570913102604,-1.7746230591981913,40.32002858057134,48.62951956100131,8.30949098042997,21.188462626615262,20.44836981903366,-0.740092807581604,33.936455598884905,32.470412318262035,-1.4660432806228698
2018-03-09,20.76341819872417,1,10.46928466838412,8.081240839741142,-2.388043828642978,12.96827410112131,11.356055812981197,-1.612218288140113,7.82061538069604,6.488932823461994,-1.3316825572340463,40.2489965405171,47.04124872060707,6.7922521800899744,17.31883979082839,16.77364685472952,-0.5451929360988714,35.75449871079806,34.839384140824095,-0.9151145699739658
2018-03-16,20.197874077826608,1,11.333198593610831,8.919422023327812,-2.4137765702830194,13.177878927238382,11.76419998719328,-1.4136789400451022,7.955044559105488,6.72615535591477,-1.2288892031907181,39.39613864038375,46.41404277755371,7.017904137169964,14.86121125527707,13.958208172458058,-0.9030030828190121,34.463772491344145,33.40521615051202,-1.0585563408321264
2018-03-23,19.525694992325914,1,10.73752754226318,9.03233867625056,-1.7051888660126195,16.55433852406395,15.197367016945748,-1.3569715071182031,7.871876764022119,7.023728053086515,-0.8481487109356038,36.828467043011244,43.944234964616484,7.11576792160524,15.10471273529086,13.692140945807097,-1.4125717894837635,30.057247345304134,28.26436029724907,-1.7928870480550643
2018-03-30,21.657043445898733,1,12.072623317478403,10.014416705243065,-2.058206612235338,20.54966298157379,20.507260166593454,-0.042402814980334824,17.452873194950783,16.87285269121854,-0.5800205037322428,36.631833425130765,43.55911567691193,6.927282251781165,13.70435014467246,11.575986592886792,-2.128363551785668,29.530917611586176,27.41262884253854,-2.1182887690476377
2018-04-06,20.61323618137698,1,14.250296527272653,12.746618033922474,-1.5036784933501792,17.6296186235448,17.15931937648145,-0.4702992470633518,14.532360373604334,13.98814966051097,-0.5442107130933636,34.471822962396814,40.33359319472049,5.861770232323678,15.377769024535425,14.020466250977378,-1.3573027735580467,27.41754957690786,25.431270571649137,-1.986279005258723
2018-04-13,19.60213568209171,1,10.402437066178166,8.711194960013543,-1.6912421061646228,16.25233776777226,15.168844016226117,-1.0834937515461434,10.193916777113074,9.251003465693657,-0.9429133114194173,36.28882276949855,43.77460544413833,7.485782674639779,16.388307593026113,15.290508208778462,-1.0977993842476508,28.086992118962087,25.416657997700142,-2.670334121261945
2018-04-20,20.03688796196659,1,10.525777909887879,8.522496119973638,-2.00328178991424,17.117759602166643,15.881795828306394,-1.2359637738602487,7.397932846054147,6.5553768798545775,-0.8425559661995692,38.41725120960249,47.888191761374664,9.470940551772173,18.384154662299082,16.38642606003279,-1.9977286022662923,28.37845154178929,24.98704112225745,-3.3914104195318373
2018-04-27,17.33706494999155,1,11.379060061937182,8.894294975062309,-2.484765086874873,15.23712548109188,14.570289625894887,-0.6668358551969931,7.510211396519324,6.024859387500953,-1.4853520090183707,32.66305076523592,40.65754255344386,7.994491788207938,17.026215559837638,16.28595918351394,-0.7402563763236998,20.206726435327354,17.58944397453334,-2.6172824607940157
2018-05-04,16.63562205082101,1,11.993990183384213,9.554896536849654,-2.439093646534559,14.592990708401842,14.25109360400593,-0.3418971043959118,8.10580384599227,6.564005974728175,-1.5417978712640945,31.575371887559797,39.08753808433393,7.512166196774132,14.344213989861046,13.694458388554068,-0.6497556013069783,19.20136168972688,16.661739716454306,-2.539621973272574
2018-05-11,15.526665884644588,1,11.07987805184949,8.793490627805241,-2.28638742404425,11.959184827653843,11.50522849176366,-0.453956335890183,9.167310052175111,7.482790825228676,-1.6845192269464349,31.467767441329798,39.20759533871775,7.739827897387954,10.428469454572308,9.689051856297027,-0.7394175982752813,19.05738548028698,16.481838168055177,-2.575547312231805
2018-05-18,16.29902126969613,1,13.129784356244102,10.332184899066036,-2.797599457178066,12.718638403413095,12.272008632167314,-0.4466297712457816,8.732466850655996,7.151946402664251,-1.580520447991745,32.881551135265624,41.53494782558987,8.653396690324243,10.875468271643257,9.855619412900921,-1.0198488587423356,19.4562186009547,16.647420445788384,-2.808798155166315
2018-05-25,14.743250112545327,1,15.815218657253055,13.586404955105351,-2.228813702147704,8.394053167983387,7.7210881511156515,-0.6729650168677352,6.304811257230341,5.112938221924793,-1.191873035305548,31.415500001028022,38.73057177064473,7.315071769616708,7.673405574185551,6.791100803559516,-0.8823047706260354,18.856512017591612,16.517396772921927,-2.339115244669685
2018-06-01,14.977084677392698,1,15.920301609191611,13.613572989819104,-2.3067286193725067,10.261965542361466,9.618070576087177,-0.6438949662742885,5.231055101875654,4.1134996545302585,-1.1175554473453957,31.324981087814535,38.63147662288711,7.306495535072571,8.80175507464672,7.984790640862343,-0.8169644337843778,18.322449648466204,15.901097580170202,-2.4213520682960024
2018-06-08,12.92905672547729,1,10.047824017787804,8.68862959990365,-1.3591944178841544,9.581462010657901,9.087410676681458,-0.49405133397644363,4.171672875461823,3.555282381395685,-0.6163904940661382,26.433822597542118,31.083700512163574,4.649877914621456,9.914801530118226,9.229652564231813,-0.6851489658864125,17.42475732129587,15.929664618487564,-1.4950927028083072
2018-06-22,16.298374368584987,1,12.614004606133676,11.054284620343168,-1.5597199857905082,17.23790058093232,17.207536838382993,-0.03036374254932639,4.06151644369065,3.1367186460064005,-0.9247977976842492,29.109063413127785,34.40477404219908,5.295710629071294,14.924163070400525,13.85311496983276,-1.071048100567765,19.84359809722497,18.13381709474551,-1.7097810024794597
2018-06-29,16.15040685419872,1,12.62929013433805,11.114494988615888,-1.514795145722161,19.211575958504795,19.72038569516748,0.508809736662684,3.271949088135827,2.520882090714565,-0.7510669974212618,27.64806487814272,31.958735056825418,4.310670178682699,14.51626562959025,13.46053123128128,-1.0557343983089709,19.625295436480684,18.127412062587695,-1.4978833738929893
2018-07-06,16.820009042563406,1,13.4774016962062,11.790950877038924,-1.686450819167277,21.329179847029636,22.026774254595935,0.6975944075662994,1.8077166881244295,1.3755059991192127,-0.43221068900521686,28.68768788879079,32.96226767079469,4.274579782003897,14.645626760293894,13.34909114162248,-1.2965356186714132,20.972441374935485,19.41546431220921,-1.5569770627262756
2018-07-13,16.924891167818668,1,11.935511911585138,10.443059683192232,-1.4924522283929065,22.85636375271436,23.991911490853326,1.1355477381389676,3.935068693543414,3.0685495782902734,-0.8665191152531406,27.330320132488197,31.230369561718547,3.90004942923035,17.760469607880623,16.812626501306724,-0.9478431065738988,17.731612908700285,16.002830191550885,-1.7287827171494001
2018-07-20,16.45788441589175,1,12.212159532451167,10.870374673318295,-1.341784859132872,22.316440582010543,23.438787274706186,1.1223466926956434,3.3366727006687427,2.6709866441915864,-0.6656860564771563,25.84006437536779,28.958153530152657,3.118089154784869,17.755428304277913,16.98802386441234,-0.7674044398655724,17.28654100057436,15.820980508569477,-1.465560492004883
2018-07-27,17.619429977574345,1,13.373431558111605,11.995584147566902,-1.3778474105447032,23.317802124396152,24.375052225870746,1.0572501014745939,3.430207413076957,2.7371419674071547,-0.6930654456698022,26.99955541607396,29.726358613063667,2.7268031969897066,17.2495083711638,16.270375236089677,-0.9791331350741217,21.346074982623605,20.61206767544789,-0.734007307175716
2018-08-03,18.693185223067704,1,16.362746347536515,15.140729957860387,-1.2220163896761278,23.08032720248619,23.644800982008036,0.5644737795218475,4.339445322087016,3.472387677423768,-0.8670576446632481,28.19319535636062,31.20425393897534,3.011058582614723,17.721432082241634,16.897164838470147,-0.8242672437714873,22.461965027694248,21.799773943668555,-0.662191084025693
2018-08-10,16.098678549100445,1,16.54774124340308,16.02152863594621,-0.5262126074568698,22.795807758311412,24.460316880126427,1.6645091218150156,5.211680210687405,4.491058958050743,-0.7206212526366613,20.78900865529367,21.854568822583744,1.065560167290073,18.480543126245408,18.046657870989648,-0.4338852552557597,12.7672903006617,11.717940126905916,-1.0493501737557835
2018-08-17,15.644778455034393,1,16.10047321762525,16.061318118184104,-0.039155099441146035,21.4150715885892,22.821500814646612,1.406429226057412,8.476911168025921,7.831511277290531,-0.6453998907353906,17.193703295646742,17.27284007918645,0.07913678353970965,17.45208278093243,17.111429752698683,-0.34065302823374566,13.230428679386819,12.770070688200022,-0.46035799118679677
2018-08-24,15.214958041441164,1,16.11590141848103,16.232152467616345,0.11625104913531459,21.2522490726612,22.899093250540133,1.6468441778789327,8.910142026876215,8.260034037951343,-0.6501079889248729,16.6880252183269,16.712673040404113,0.024647822077213277,15.838457877782687,15.291848543423484,-0.5466093343592036,12.484972634518954,11.893946908711527,-0.5910257258074267
2018-08-31,13.833072962707114,1,9.382294202133608,8.789404756806377,-0.5928894453272306,22.338701271524855,24.867789811663485,2.5290885401386305,9.935838190591127,9.550157967347204,-0.3856802232439236,16.05243347523009,15.929640989399843,-0.12279248583024582,15.248863921428011,14.79698618512164,-0.45187773630637196,10.040306715334992,9.064458065904134,-0.9758486494308585
2018-09-07,16.949898678877243,1,17.627613371030264,17.55982805032508,-0.06778532070518395,24.789697638568242,27.39940826451152,2.609710625943279,20.580660841139817,21.226020511449605,0.6453596703097872,13.816228430156173,12.794270057102182,-1.021958373053991,10.831297146343644,10.017415799697588,-0.8138813466460562,14.053894646025313,12.70244939017745,-1.3514452558478638
2018-09-14,17.897956328271977,1,18.67888260959903,18.685024143915044,0.0061415343160149405,25.430306697262054,28.1024903803865,2.6721836831244445,20.53355025459055,21.168808717164552,0.6352584625740008,14.256807942739385,13.203285272608767,-1.0535226701306186,12.365076764857776,11.490334577735467,-0.8747421871223082,16.123113700583076,14.737794877821557,-1.3853188227615192
2018-09-21,17.88256391164352,1,18.27782484346156,18.1068558992244,-0.1709689442371598,27.11537609774078,30.591283733827268,3.4759076360864896,20.147156967943943,20.533213360089434,0.38605639214549115,11.917717579229702,10.728280754099117,-1.189436825130585,12.50606803344921,11.721910074914291,-0.7841579585349194,17.331239948035915,15.613839647706556,-1.7174003003293592
2018-09-28,17.24055094655637,1,16.708581663405084,16.4041252643878,-0.3044563990172833,27.715684260773557,31.571201497902095,3.855517237128538,19.5832941074072,19.815517441070696,0.232223333663498,12.524835445284126,11.26142907212919,-1.263406373154936,8.651979509466784,7.8477820342957045,-0.8041974751710796,18.25893069300149,16.54325036955275,-1.715680323448737
2018-10-05,16.634236219588296,1,15.633712564363861,15.544966848571306,-0.0887457157925553,25.18524195461322,27.897096088588796,2.711854133975578,18.98470425712297,19.42164955386913,0.4369452967461598,12.519770200318376,11.413006403806378,-1.1067637965119985,9.52224864678952,8.80924995691089,-0.7129986898786314,17.959739694321826,16.719448465783216,-1.2402912285386094
2018-10-12,16.912373030934216,1,15.455580729240452,15.55081657493426,0.09523584569380716,24.910983365410246,27.51278037111163,2.6017970057013855,18.141108179363712,18.26798972436687,0.12688154500315818,13.819551947105197,12.754989339513287,-1.0645626075919097,10.912929676918779,10.2827062060894,-0.6302234708293781,18.234084287566915,17.104955969589838,-1.1291283179770772
2018-10-19,16.33216052425109,1,15.070859111229652,15.161909777087871,0.0910506658582193,23.947332790993244,26.35693676952036,2.409603978527116,15.991447698823563,15.886030369456705,-0.10541732936685833,14.012235922649992,13.181853489551912,-0.8303824330980802,11.176047629071405,10.563958371932017,-0.6120892571393881,17.795039992738694,16.8422743679577,-0.9527656247809944
2018-10-26,17.245799771806507,1,15.559459754822342,15.618132112418749,0.05867235759640721,25.85079749886792,28.87940439586434,3.028606896996422,16.444415292303773,16.086266650647033,-0.3581486416567401,16.058057023327535,15.206516157617017,-0.8515408657105183,11.176958677007448,10.536758843941598,-0.64019983306585,18.38511038451003,17.147720470350322,-1.2373899141597064
2018-11-02,18.387600271053994,1,16.907076087613916,17.06888267740399,0.1618065897900749,26.603768592723483,29.629506593162745,3.0257380004392616,17.06515403569435,16.474472353464378,-0.5906816822299703,18.832041468014552,18.21285007813755,-0.6191913898770025,12.337248960114593,11.65554311907708,-0.6817058410375125,18.580312482163066,17.284346805078272,-1.2959656770847943
2018-11-09,18.649264070471116,1,16.770940802637085,16.834532044773894,0.063591242136809,26.453987116252932,29.37810249573465,2.9241153794817194,19.366739028685373,19.331330322769503,-0.03540870591587009,19.187487029988986,18.421362289437596,-0.7661247405513905,11.965400918686854,11.22491464824813,-0.7404862704387227,18.151029526575456,16.705342621862883,-1.4456869047125736
2018-11-16,15.94103652936145,1,16.263955506444248,16.334632828812758,0.07067732236851043,17.024722718607904,17.51097645237411,0.48625373376620473,18.157060499715016,18.84562220133408,0.688561701619065,15.172669293161235,14.750493839136325,-0.4221754540249094,15.061531709947502,14.807361833527295,-0.2541698764202067,13.966279448292795,13.397132020984145,-0.5691474273086499
2018-11-23,15.51898840133069,1,15.550918905234454,15.559338704430829,0.008419799196374811,16.621936328141174,17.050978989996466,0.4290426618552914,17.18915617680163,17.705933489591516,0.516777312789884,15.119785282199402,14.807940596935481,-0.31184468526392095,15.067305028312774,14.936303758235368,-0.13100127007740525,13.564828687294707,13.053434868794497,-0.5113938185002098
2018-11-30,14.859282487227555,1,15.160081738501503,15.274294995874783,0.11421325737327948,16.192696304429333,16.673950195348155,0.481253890918822,17.178339240077364,17.79924920416606,0.6209099640886961,15.074441215820983,14.803264181714809,-0.27117703410617366,13.256550144586981,12.917037753027387,-0.33951239155959456,12.293586279949167,11.687898593234152,-0.6056876867150152
2018-12-07,13.509373120484334,1,13.243621510888318,13.344929612935005,0.10130810204668705,15.010846434017296,15.342343946259192,0.3314975122418957,15.614020415883857,15.992899820133019,0.37887940424916167,15.55720421602129,15.626270944811466,0.06906672879017606,10.864612944246474,10.527313738503068,-0.3372992057434061,10.765933201848767,10.222480660264267,-0.5434525415845002
2018-12-14,14.246306531049063,1,13.316688598708353,13.327958665118842,0.011270066410489221,15.43209319754375,15.552644229998236,0.12055103245448606,16.397036702256372,16.54520611475462,0.14816941249824822,18.56895525312663,19.273528531564963,0.7045732784383318,10.491186565808846,10.098352733079366,-0.3928338327294796,11.271878868850422,10.68014891177836,-0.5917299570720616
2018-12-21,14.140748847993896,1,13.998195483384052,14.052930250685165,0.05473476730111315,13.816963735729601,13.649513506102096,-0.1674502296275051,17.29516728868937,17.523598162517175,0.22843087382780425,19.392355988024534,20.379995555969003,0.9876395679444698,9.683946542900642,9.167375950975241,-0.5165705919254009,10.657864049235172,10.071079661714677,-0.5867843875204954
2018-12-28,13.458151363249256,1,13.043718948411197,13.096639517018176,0.05292056860697869,14.330886295964731,14.413107169021202,0.08222087305647108,15.289504430676473,15.095655804099948,-0.1938486265765249,18.790232569027765,19.791511550712798,1.001278981685033,9.59637396712428,9.169463086823484,-0.42691088030079527,9.698191968291084,9.182531051819907,-0.5156609164711767
2019-01-04,13.16381688750905,1,11.808180497483363,11.728975685291786,-0.07920481219157693,14.21116501916974,14.391469223976628,0.18030420480688747,15.368229535257115,15.689327970839926,0.3210984355828117,15.22396837781585,15.38986385834012,0.16589548052427006,11.353611252856098,11.196283111465874,-0.15732814139022366,11.017746642472133,10.586981475139964,-0.43076516733216863
2019-01-11,13.862740322240377,1,13.00514484326807,12.759709901879972,-0.24543494138809763,14.10586653694267,14.2540527771568,0.1481862402141303,15.246406587822392,15.49369709031643,0.24729050249403883,15.20035426781854,15.315029401766225,0.11467513394768503,14.639953322328381,14.806542180491093,0.16658885816271152,10.97871637526221,10.547410581831713,-0.43130579343049646
2019-01-18,13.653576654527432,1,13.004435297769305,12.693218497773373,-0.31121679999593255,13.347849158027088,13.409055832169571,0.0612066741424826,15.83043987689453,16.23026675774686,0.39982688085233065,15.375500224246935,15.505046050863655,0.1295458266167202,15.136244305011445,15.368605663686623,0.2323613586751776,9.226991065215287,8.715267124924537,-0.5117239402907501
2019-01-25,11.390464804924184,1,10.904524670014595,10.927567427392304,0.023042757377709222,13.555482451128853,13.886525106297782,0.33104265516892895,12.844800665845753,12.903168368440348,0.05836770259459456,14.178975368360227,14.53223491856609,0.35325955020586264,7.528770812974074,7.159882740870771,-0.368888072103303,9.330234861221598,8.933410267977806,-0.3968245932437924
2019-02-01,14.04455437343728,1,20.12482092453088,21.248905109917587,1.1240841853867067,15.443061843171378,15.115631839913277,-0.327430003258101,11.5048401078664,10.621552059813197,-0.8832880480532026,22.00697780701057,23.631044395356383,1.624066588345812,8.98625763043124,7.994197305167518,-0.9920603252637221,6.201367927613219,5.655995530455726,-0.5453723971574931
2019-02-15,13.772064414911382,1,22.537725194450857,24.42891090903109,1.8911857145802315,12.529138242671507,12.016520141094432,-0.5126181015770754,12.079751192963187,11.087478780291164,-0.9922724126720226,21.388168536344565,22.513627871376443,1.1254593350318771,9.163084153027185,8.083882979746633,-1.079201173280552,4.9345191700109865,4.501965807928499,-0.43255336208248707
2019-02-22,15.05081733388131,1,24.74757463384654,27.318899299066544,2.571324665220004,13.147953301727071,12.55999684922024,-0.5879564525068304,11.572904484228403,10.731766014370493,-0.8411384698579099,22.126414206081463,23.00899365556117,0.8825794494797066,13.049333839664754,11.517063432063793,-1.5322704076009614,5.660723537739628,5.168184753005619,-0.492538784734009
2019-03-01,15.662551424175794,1,24.12470240814919,26.170520912554323,2.0458185044051334,13.700593109783412,13.036953760196852,-0.6636393495865605,13.54601654608723,12.896398901287824,-0.649617644799406,22.650207447884256,23.908663343515656,1.2584558956313998,14.136978566070994,12.740551415545994,-1.3964271505249997,5.8168104670796765,5.2222202119541805,-0.594590255125496
2019-03-08,16.772807163501632,1,29.27337887576641,33.40635888157347,4.132980005807056,12.20512372618144,10.66877992888692,-1.5363437972945206,14.943082738296383,13.21785723424179,-1.7252255040545919,25.904667747260987,27.785321645525073,1.880653898264086,14.359684130822117,12.313829243974553,-2.0458548868475646,3.950905762682453,3.2446960468080164,-0.7062097158744365
2019-03-15,18.252414248918708,1,27.098063018532557,29.177330917237683,2.079267898705126,19.88367843769025,16.946181290930724,-2.937497146759526,14.702994934448995,12.47619027073901,-2.2268046637099843,32.38603817877265,37.88864272940722,5.502604550634572,13.782663425677356,11.757257216415482,-2.025406209261874,1.6610474983904453,1.2688830687821593,-0.392164429608286
2019-03-22,16.222712754949775,1,19.393199973516573,20.51399127292379,1.120791299407216,23.961641437769103,22.421881316031104,-1.5397601217379986,12.484855560361723,11.381152843816082,-1.1037027165456408,29.458464308191438,32.99398714768053,3.53552283948909,7.939414218063874,6.9320853079768625,-1.0073289100870113,4.09870103179594,3.093178641270285,-1.0055223905256554
2019-03-29,17.485897067115836,1,27.587999256779483,30.40930954951149,2.821310292732008,13.147799077614408,11.274033853205566,-1.8737652244088423,14.071497982557673,12.36755970537908,-1.7039382771785938,27.946931970683252,31.58862877408177,3.641696803398517,17.554145280211188,15.677498751174099,-1.8766465290370888,4.607008834849012,3.5983517693430684,-1.0086570655059433
2019-04-05,15.906322972823553,1,27.18101075042999,30.611795164216943,3.4307844137869523,9.215713826702839,7.847888573236034,-1.3678252534668047,13.52616948354327,11.925753324546221,-1.6004161589970494,24.17036135713205,26.315802840940734,2.145441483808682,16.365636922295295,14.668116557300493,-1.6975203649948014,4.97904549683787,4.068581376700877,-0.910464120136993
2019-04-12,16.20225470147823,1,28.93770986721219,33.266225575030035,4.328515707817843,7.633956060959662,6.441084915584341,-1.192871145375321,15.35965425678755,13.35679294151889,-2.0028613152686603,23.24451019496628,24.67776160887135,1.4332514139050687,17.65387417694251,15.88743166693051,-1.7664425100119985,4.383823652001169,3.5842315009342514,-0.7995921510669177
2019-04-19,13.85321892197637,1,23.496924167585362,25.86481938668055,2.367895219095189,7.1009213743734705,6.287941126674895,-0.8129802476985759,12.550371294415726,11.523259783924829,-1.0271115104908972,19.4425041464378,20.426625300460543,0.9841211540227448,16.416104072738577,15.483395531863067,-0.9327085408755096,4.112488476307291,3.533272402254326,-0.5792160740529653
2019-04-26,13.495189788444854,1,21.22839284518672,22.795179513545094,1.5667866683583753,7.875146353933943,7.0171867732866815,-0.8579595806472611,11.713227769214,10.811335010214762,-0.9018927589992387,19.724122451166636,21.10787230223802,1.3837498510713857,16.196537566546226,15.568142338147354,-0.6283952283988725,4.233711744621601,3.671422793237241,-0.5622889513843603
2019-05-03,12.976020050950416,1,21.2743030815588,22.93133450070576,1.6570314191469606,6.477147531479886,5.672202480771688,-0.8049450507081986,11.779038911761816,10.818794807509121,-0.9602441042526948,19.44939312386539,20.716162369972935,1.2667692461075433,15.754643153257334,15.048472222189318,-0.7061709310680158,3.1215945037792636,2.6691539245536404,-0.4524405792256232
2019-05-10,15.912844319646638,1,25.074535539355125,26.612577877716348,1.5380423383612225,6.220438993881885,4.903699564133845,-1.31673942974804,15.37194624612144,13.698827151479065,-1.6731190946423737,27.602930431142738,31.485991717517777,3.883061286375039,17.46352321298434,15.849361079699094,-1.614162133285248,3.743691494394298,2.92660852733367,-0.8170829670606281
2019-05-17,15.917910507840743,1,25.25881112633678,27.17921168669656,1.9204005603597807,6.446156422449789,5.148330661675303,-1.2978257607744865,14.196395721695467,12.40182537536252,-1.7945703463329465,27.390964011307446,31.222007916486803,3.8310439051793566,17.077785916636273,15.463843149461198,-1.6139427671750752,5.1373498486186975,4.09224425736204,-1.0451055912566574
2019-05-24,17.013411025926253,1,26.00693021485526,28.658607816200885,2.651677601345625,6.1410482228251055,4.79222358811198,-1.3488246347131252,13.772749465875393,11.871884372183587,-1.900865093691806,28.252146940180722,32.76220448929263,4.510057549111906,16.164407277531154,14.269376088490233,-1.895031189040921,11.743184034289882,9.72616980127819,-2.017014233011693
2019-05-31,17.574468842657193,1,27.017012074861597,29.878014193394463,2.8610021185328662,7.890927098828257,6.1260301488090505,-1.7648969500192067,14.3405519789345,12.194871245677334,-2.1456807332571657,29.63128226495273,34.94899584217946,5.317713577226726,15.075688514032947,12.940435279981173,-2.135253234051774,11.491351124333136,9.35846634590169,-2.132884778431446
2019-06-14,15.33763049211059,1,23.14993797967844,24.977327414836097,1.8273894351576558,9.344007518126602,7.773622001538243,-1.5703855165883596,16.177598676031067,14.826317159211754,-1.3512815168193129,25.348853746682565,29.251825669949895,3.90297192326733,12.44651426887215,10.743744417563477,-1.7027698513086733,5.558870763272708,4.452946289564082,-1.105924473708626
2019-06-21,14.1243139273351,1,19.895989518144077,20.9545589288266,1.058569410682523,10.744301606037865,9.312433220933713,-1.4318683851041527,12.569967897925409,11.511257503507593,-1.0587103944178153,24.45298577810435,28.096352239210773,3.6433664611064245,13.36453027655027,11.86694039582575,-1.4975898807245187,3.718108487248628,3.0043412757061816,-0.7137672115424465
2019-06-28,14.283242582163615,1,20.5223915434066,21.524000476445394,1.0016089330387956,8.355862621522789,7.0595868253134455,-1.2962757962093434,14.119757990356135,13.01108897225248,-1.1086690181036545,24.86399551293715,28.635927347067536,3.7719318341303847,13.719112771848813,12.150630636076457,-1.5684821357723564,4.118335052910197,3.318221235826371,-0.800113817083826
2019-07-05,14.355136128222995,1,20.90546027170518,22.144464277872146,1.2390040061669652,9.49166779745697,8.211933075544678,-1.2797347219122912,15.009318206367624,14.003913844949523,-1.0054043614181012,23.758518278953986,27.050726326565837,3.292208047611851,12.272251085881024,10.873679703287351,-1.3985713825936728,4.693601128973185,3.846099541118434,-0.8475015878547509
2019-07-12,22.042948498633432,1,30.577395250820828,33.608063338923245,3.0306680881024164,9.245365719215457,7.243444473942233,-2.0019212452732233,15.437785078867392,12.921838194928526,-2.5159468839388666,30.824181311043148,33.99498909485858,3.170807783815434,30.339045993967503,31.414629403012313,1.0755834090448104,15.833917637886259,13.07472648613566,-2.759191151750599
2019-07-19,18.597124348478978,1,25.018763839518627,26.774541034657872,1.7557771951392454,9.301283618330544,7.622414023951833,-1.6788695943787104,14.303108038271688,12.66750021148529,-1.6356078267863978,28.76150203371502,32.69937278326307,3.937870749548054,23.33019220299809,22.64684163325245,-0.6833505697456417,10.8678963580399,9.172076404263336,-1.6958199537765637
2019-07-26,19.16079291535903,1,26.532309623438493,28.273013811358027,1.7407041879195333,7.337721933531128,5.748810983475636,-1.5889109500554923,13.993468463875729,12.019405851267862,-1.9740626126078666,30.865818459415664,35.54067030966063,4.674851850244963,24.30582095076464,23.371882362315276,-0.9339385884493652,11.929618061128522,10.010974174076694,-1.9186438870518288
2019-08-02,19.74386540203285,1,27.50884689818156,29.918076515168522,2.4092296169869627,8.025576252809287,6.152984130723468,-1.8725921220858197,16.026844453428524,13.927905343795246,-2.098939109633278,31.589360907028365,36.509571140230804,4.9202102332024396,24.30369100112665,22.823991360758797,-1.4796996403678548,11.008872899622702,9.130663921520252,-1.8782089781024496
2019-08-09,18.185285908560854,1,24.977655447775987,26.70915277751125,1.7314973297352623,6.426046089348944,5.051424188429337,-1.3746219009196068,15.453920909957802,13.648705170792354,-1.8052157391654475,29.659908107768146,33.938166175183596,4.27825806741545,22.718642555152343,21.373504302109765,-1.3451382530425775,9.875542341361893,8.390762837338826,-1.4847795040230665
2019-08-16,16.926668823032486,1,23.50973331988625,25.18352786742156,1.6737945475353087,6.191765289959662,5.124530500224324,-1.0672347897353376,15.582923480233376,14.234148424169476,-1.3487750560639,26.718336095910146,29.835346195048217,3.1170100991380707,20.283508478671735,19.03309826018291,-1.250410218488824,9.273746273533746,8.149361691148442,-1.1243845823853036
2019-08-23,16.44762295224458,1,22.437336835511942,23.447153857323983,1.0098170218120401,6.259870459309411,5.197812903176668,-1.0620575561327428,14.93526696931498,13.624388575941822,-1.3108783933731587,27.369913131601223,30.89553750315102,3.525624371549796,20.33447486820451,19.061742288773473,-1.272732579431036,7.3488754495254085,6.459102585100467,-0.8897728644249412
2019-08-30,16.93388023342288,1,19.433285560894163,19.52616535077439,0.09287978988022871,9.949003794507263,8.349023978380629,-1.599979816126634,14.11107690898858,12.89630092368705,-1.2147759853015287,28.44768058756287,32.32137881952549,3.8736982319626208,22.76968869802525,22.399510949526018,-0.3701777484992306,6.892545850559145,6.110901378643703,-0.7816444719154418
2019-09-06,17.672518745926954,1,23.493947878513225,24.51502791678493,1.0210800382717053,9.86251575617976,8.222168272688194,-1.640347483491567,15.396333418861161,13.859402174920746,-1.5369312439404155,28.993907289897862,32.622651701010085,3.6287444111122227,22.944691514939095,22.321890598594635,-0.6228009163444597,5.343716617170614,4.493971811563128,-0.8497448056074859
2019-09-13,16.474202640266952,1,21.149638552308275,21.977004196766273,0.8273656444579984,11.252278248526522,10.377597913300164,-0.8746803352263584,15.931615952396228,14.982750698247713,-0.9488652541485152,23.27529976356773,24.53363340458769,1.2583336410199593,20.888477333606673,21.31422394307951,0.4257466094728386,6.347905991196285,5.660005685620362,-0.6879003055759227
2019-09-20,15.834505347347145,1,21.977772781007545,23.254618612521426,1.2768458315138815,7.696652234359647,6.957850618648365,-0.7388016157112816,17.239635352500784,16.396762920439528,-0.842872432061256,23.082333063263462,24.60496750229032,1.5226344390268594,17.80093670164338,17.432299741973353,-0.3686369596700274,7.209701951308048,6.360532688209915,-0.8491692630981333
2019-09-27,14.195330227907094,1,22.10802384192806,24.089098369942562,1.9810745280145028,6.835173338479862,6.354097698470952,-0.48107564000891045,15.504591916769144,14.531660618053905,-0.9729312987152383,19.641861046715277,20.467785288006382,0.825924241291105,14.109533844210247,13.519030674218072,-0.590503169992175,6.97279737933998,6.210308718750696,-0.762488660589284
2019-10-04,14.56627776325273,1,22.840172040980008,25.17590145662767,2.3357294156476627,6.0721285470317525,5.421557563982773,-0.6505709830489792,15.251467084585386,14.245428314283274,-1.006038770302112,20.218921944065784,21.107278312890983,0.8883563688251996,14.622443755601424,14.146197010188232,-0.47624674541319223,8.39253320725203,7.30130392154345,-1.0912292857085788
2019-10-11,14.884716456892157,1,24.409381211363453,27.23937621330731,2.829995001943857,5.127149645301756,4.535017499994169,-0.5921321453075876,17.22920413936754,16.11917674675334,-1.1100273926141995,20.50801813158192,21.3004960149227,0.79247788334078,14.146779655684412,13.484325711979395,-0.6624539437050174,7.887765958053862,6.62990655439603,-1.2578594036578323
2019-10-18,14.710823156407272,1,23.39603311121151,25.572235519876386,2.176202408664878,5.026810905119547,4.4579349485452155,-0.5688759565743311,17.89325715219691,16.99840605780051,-0.894851094396401,20.81119115908973,21.846114549358404,1.0349233902686734,13.859173832149708,13.160914222478354,-0.6982596096713536,7.278472778676232,6.22933364038478,-1.0491391382914514
2019-10-25,12.165620207407322,1,22.58729583350444,24.70484561774336,2.1175497842389177,1.338544939070374,1.1765811891902729,-0.1619637498801012,18.414004664087088,17.845676131378028,-0.5683285327090601,14.679219308887212,14.724308552972218,0.045089244085005475,10.060103237237911,9.528426031461734,-0.5316772057761767,5.914553261656906,5.013883721698292,-0.9006695399586135
2019-11-01,10.547586257798633,1,22.67658375457657,25.183583068251664,2.506999313675095,2.169213961952167,1.9857503413994522,-0.1834636205527147,17.686768438295914,16.95882536248685,-0.7279430758090655,9.625049730872576,9.145721847708344,-0.47932788316423114,4.9535458346197885,4.677844153095094,-0.2757016815246942,6.17435582647478,5.333792773850405,-0.8405630526243755
2019-11-15,10.247289371335137,1,21.466615681025758,24.189275656690228,2.7226599756644703,2.288105471011903,2.0204953778635684,-0.2676100931483347,15.344853871996534,14.702346578334271,-0.6425072936622627,9.128447654389205,8.599642327538263,-0.528805326850943,8.12191331425555,7.650420301565944,-0.4714930126896064,5.133800235331876,4.321555986018566,-0.8122442493133093
2019-11-22,12.274998848863417,1,23.81148418468473,27.386642575830095,3.575158391145365,3.3678970136519553,2.9551726671234917,-0.41272434652846357,15.36856884169866,14.266094815723434,-1.1024740259752264,10.86774567849541,10.24005289055063,-0.6276927879447811,11.044463230250017,10.790488165378662,-0.253975064871355,9.189834144399725,8.011541978574172,-1.1782921658255532
2019-11-29,10.621112233499765,1,19.004046048839797,20.792801316494987,1.7887552676551906,3.0520720777280275,2.768696033290439,-0.28337604443758835,13.90041796416834,13.419480692469591,-0.48093727169874967,9.184221723873634,8.837824100143976,-0.34639762372965777,11.066289481401256,11.125883590091462,0.05959410869020587,7.5196261049875375,6.781987668508208,-0.7376384364793296
2019-12-06,13.687174461459293,1,23.652253939939712,25.620136263777482,1.9678823238377703,4.555120635812699,3.9644355383040732,-0.5906850975086257,21.785660044762636,22.59837625908233,0.8127162143196927,8.328990839103753,7.613593273366959,-0.7153975657367937,13.00121365305965,12.693923186843406,-0.30729046621624434,10.799807656077306,9.632582247381492,-1.1672254086958134
2019-12-13,13.599372359594794,1,25.081585632962117,27.718917370195726,2.637331737233609,3.886497628488371,3.3367408463206942,-0.5497567821676768,22.083285913898436,22.591114396133833,0.5078284822353965,8.427894620144542,7.747320215758464,-0.6805744043860784,11.786912218284428,11.263622004148019,-0.5232902141364093,10.330058143790865,8.93851932501201,-1.391538818778855
2019-12-20,13.838148933681895,1,22.93416075549422,24.852032009195597,1.917871253701378,2.164354574190199,1.7754605140512183,-0.38889406013898054,19.796828654904544,19.763827117790754,-0.03300153711379039,13.161865050043744,12.894788614035988,-0.26707643600775555,14.563919914455454,14.607466153812595,0.0435462393571413,10.407764653003213,9.135319193205191,-1.2724454597980213
2019-12-27,14.4859466748687,1,22.990434623239082,24.978531335445965,1.9880967122068824,3.794853583993529,3.272570989230161,-0.522282594763368,19.31693989925145,19.024762033843075,-0.29217786540837665,15.282300494611718,15.639313780282393,0.3570132856706749,14.730224084455614,14.528338722475553,-0.2018853619800609,10.800927363660804,9.47216318793501,-1.3287641757257944
2020-01-03,15.676834675451856,1,21.790021527992323,23.01449237284966,1.2244708448573363,4.37114875863162,3.7149599928840757,-0.6561887657475438,20.183543721668528,20.568215144338197,0.384671422669669,19.044489337017225,19.50171777122665,0.4572284342094264,18.192721499662724,17.9564356990618,-0.23628580060092474,10.47908320773871,9.305187072350762,-1.173896135387949
2020-01-10,15.355831343990099,1,23.040394886452688,25.10136168199557,2.060966795542882,3.928994018123035,3.2915137659043694,-0.6374802522186656,18.97445347735969,18.85998488102817,-0.11446859633151973,17.143075251281388,17.362306346216272,0.21923109493488369,16.13221867155727,15.890891610710966,-0.2413270608463023,12.915851759166529,11.628929778085237,-1.2869219810812922
2020-01-17,15.393207209522492,1,22.89731895056873,24.940417783918093,2.0430988333493616,3.942067140659958,3.3134761715768803,-0.6285909690830778,18.730767777150504,18.582148659857936,-0.1486191172925686,17.739164380013534,18.032340107078042,0.2931757270645079,16.418659928656353,16.127294970843565,-0.2913649578127888,12.631265080085868,11.363565563860433,-1.2676995162254343
2020-01-24,16.85284435906279,1,23.024334305817092,24.927223428016234,1.9028891221991415,3.9399334383859212,3.3181182917214898,-0.6218151466644315,18.365962405917713,18.139722311147665,-0.22624009477004847,22.126333235999468,22.76451246640312,0.6381792304036509,20.051536870468126,19.59199516909773,-0.45954170137039796,13.608965897788408,12.375494487990494,-1.2334714097979145
2020-01-31,22.92997132010488,1,29.484591450235087,31.019879861556305,1.5352884113212184,9.6400857036827,7.6759762114314185,-1.964109492251282,29.658856654603,31.90688642139166,2.2480297667886617,24.813218385773283,25.234877773009572,0.42165938723628926,23.66509310201286,23.34583168383456,-0.3192614181783,20.317982624322354,18.396375969405824,-1.9216066549165305
2020-02-07,22.935124400376935,1,29.33076054091292,31.10347263769546,1.7727120967825414,9.888768783457905,7.928203028577357,-1.9605657548805482,28.39978405721547,30.282216774039597,1.8824327168241268,25.340103980157522,25.838059454744226,0.4979554745867034,24.389426046480608,24.107288059938682,-0.282137986541926,20.2619029940372,18.35150644726633,-1.910396546770869
2020-02-14,22.2311297229892,1,29.091730844471016,30.611372359007234,1.519641514536218,11.205920215275825,8.94122513655563,-2.2646950787201945,29.870289069279522,32.65630707399934,2.7860180047198213,23.60427962211982,24.139607401625796,0.5353277795059768,22.136743639517007,21.73992108868177,-0.396822550835239,17.477814947272023,15.29834527806544,-2.1794696692065827
2020-02-21,19.328334107271143,1,26.296034868307643,27.763491199635965,1.4674563313283215,9.336911517585605,7.587600868152634,-1.7493106494329709,26.558923274431635,28.579204066226964,2.0202807917953294,20.73511837975782,21.08428849041762,0.34917011065979864,19.802599878722376,19.58646649581398,-0.2161333829083958,13.24041672482177,11.368953523379702,-1.8714632014420687
2020-02-28,25.886583666014086,1,33.34131268574251,35.97934323225853,2.6380305465160205,18.897754833339107,15.884916138518378,-3.0128386948207293,33.882132701330946,37.0818615459405,3.1997288446095524,25.83958110593842,26.04087223594587,0.2012911300074478,25.612412347781543,25.457997451330783,-0.1544148964507599,17.746308321951986,14.874511392090454,-2.8717969298615316
2020-03-06,25.62763094146381,1,32.81542060314497,35.71112158314226,2.8957009799972866,20.973800373416623,18.4139495390053,-2.5598508344113213,32.35887782985657,34.4564103008468,2.097532470990231,25.92423597834818,25.936924503123578,0.012688524775398946,26.820934736569683,26.958408554006454,0.13747381743677067,14.87251612744683,12.288971168658506,-2.5835449587883232
2020-03-13,31.508117729835018,1,37.81437479954322,41.270189171773254,3.455814372230037,26.266117496191654,23.054358477737154,-3.211759018454501,36.84954598913141,38.879659240118265,2.030113250986858,30.873397209243308,29.266704589307125,-1.606692619936183,36.85801606910998,39.88937303116769,3.031356962057714,20.387254815790556,16.688421868906644,-3.698832946883911
2020-03-20,34.32899053691597,1,44.51086854260232,50.60477743842582,6.093908895823503,31.455732558516175,27.322764502593273,-4.132968055922902,44.321541068405104,49.824347682387135,5.502806613982031,33.09356159724116,33.6174756374303,0.5239140401891405,24.28300545896981,20.924216586317513,-3.3587888726522976,28.309233995761247,23.680361374341757,-4.6288726214194895
2020-03-27,38.02204616804652,1,48.0832371167919,54.532910301210684,6.449673184418785,36.35685325007068,31.926225487293515,-4.4306277627771635,48.156223771121766,54.636932033879425,6.480708262757659,36.06096312671661,36.25862748173852,0.1976643550219137,24.17725061700159,19.68817939011649,-4.489071226885102,35.29774912657656,31.0894023140405,-4.208346812536064
2020-04-03,36.058391461217184,1,46.09080023752917,51.75466475312525,5.6638645155960745,36.557094074122695,33.46406535271142,-3.0930287214112724,45.87974010263686,50.8857931774792,5.006053074842342,31.991634280813443,31.89685740665574,-0.0947768741577022,22.784950890541083,19.34411984006411,-3.440831050476973,33.04612918165982,29.004848237267282,-4.04128094439254
2020-04-10,39.27991613204955,1,47.16313251547678,52.35473620754386,5.191603692067076,38.601085342427936,35.76247439736623,-2.8386109450617028,46.609437883923896,50.73329910753147,4.123861223607577,36.87214039982363,37.38392166714241,0.5117812673187814,30.693718962460693,27.414427011752295,-3.279291950708398,35.73998168818436,32.030638400961024,-3.7093432872233336
2020-04-17,36.60643608155349,1,42.52530598199671,44.228052226769535,1.7027462447728254,38.46637691335025,37.77502055422055,-0.6913563591296992,44.469224876566344,48.69519676440035,4.225971887834007,36.87926175174165,39.7579589085138,2.878697156772148,26.895454239429014,22.99683336748666,-3.898620871942356,30.402992726236945,26.185554667930035,-4.217438058306911
2020-04-24,37.13971487243066,1,42.31258207935057,43.92629665863647,1.6137145792858973,38.62958299822846,38.1305114407302,-0.4990715574982545,44.284618598291026,48.405753634710514,4.1211350364194885,37.921557997142,40.784128950688356,2.862570953546353,30.16669820052809,26.571240495972646,-3.595457704555443,29.52324936104381,25.02035805384574,-4.50289130719807
2020-05-01,37.92616448339862,1,43.464050395455565,45.34341821542045,1.8793678199648838,39.81260143011794,39.497103214520735,-0.31549821559720215,45.145362090274844,49.27293564116739,4.127573550892549,39.21636408880981,42.51509285805349,3.298728769243681,31.08175095609147,27.161354770217997,-3.9203961858734715,28.83685793964206,23.767082201011604,-5.0697757386304545
2020-05-08,37.61359427474766,1,43.058033361788304,44.95614426253624,1.8981109007479375,40.832168416977986,41.821975613792695,0.9898071968147093,44.13101160379783,47.233108702564266,3.1020970987664356,36.402347745136375,37.862943641925604,1.4605958967892292,29.726327281520625,26.371372877248888,-3.354954404271737,31.531677239264866,27.436020550418277,-4.095656688846589
2020-05-15,37.11858113308901,1,42.251442973098754,44.66425552990612,2.412812556807367,38.71035890395598,38.98848275010654,0.27812384615056374,41.84630552927733,43.70996966441909,1.8636641351417609,38.02822953597956,40.64205657791965,2.613827041940084,30.078004147353496,26.54775858662788,-3.530245560725618,31.79714570886894,28.158963689554795,-3.6381820193141436
2020-05-22,37.85561993002445,1,43.04299858646395,46.07079171313504,3.027793126671085,36.79512636009669,35.52104352480514,-1.2740828352915514,41.96441288390981,43.8076193065742,1.8432064226643945,40.83920300893884,44.642070000647166,3.8028669917083278,31.419497559888114,27.409762082728463,-4.009735477159651,33.07248118084931,29.682432952256733,-3.390048228592576
2020-05-29,36.91333755274264,1,42.845456574916994,46.13508585205787,3.2896292771408753,35.018811039954144,33.124535755034614,-1.8942752849195301,42.258147511780535,44.85212455415204,2.593977042371506,39.03679983838529,42.06053041905737,3.02373058067208,30.5519066154163,26.955629729988104,-3.596276885428196,31.76890373600257,28.352119006165836,-3.416784729836735
2020-06-05,42.50732801912968,1,47.90239622780066,51.72527172740035,3.8228754995996894,41.91865679998881,40.61913717982965,-1.2995196201591597,47.62855802226983,51.02223517804134,3.3936771557715133,44.528065544054904,47.81734273475619,3.2892771907012843,36.922904455078964,32.599260928298904,-4.32364352678006,36.14338706558492,31.260720366451693,-4.882666699133225
2020-06-12,41.373799791424005,1,46.45813881464294,49.16506857179811,2.706929757155166,41.07141697271982,39.65904932630855,-1.412367646411269,47.78927856073406,52.601218118988555,4.811939558254494,43.39422976421985,46.801116396507815,3.4068866322879643,35.170877487841324,30.69425087959422,-4.476626608247102,34.358857148386036,29.32209545534677,-5.036761693039267
2020-06-19,41.94230547741912,1,46.04287305086295,47.59213326205544,1.5492602111924896,41.620227368141435,39.994303413815636,-1.625923954325799,47.89834575589493,52.401058364209014,4.502712608314084,46.782920759049055,53.74275467440258,6.959833915353528,36.233473886158784,30.733322799343448,-5.500151086815336,33.07599204440753,27.190260350688547,-5.885731693718981
2020-06-26,42.966527639787735,1,46.489176941428624,47.427085442847,0.9379085014183772,45.39393312408332,46.118952445366574,0.7250193212832556,48.42047890065112,52.09835454064449,3.677875639993374,46.82578047152751,53.19087505154462,6.365094580017114,36.636356900260935,31.15164357149564,-5.484713328765295,34.03343950077493,27.812254786828092,-6.22118471394684
2020-07-03,41.41292566868044,1,44.71317550940398,45.58936220680317,0.8761866973991914,42.957809672118834,42.084939685161906,-0.8728699869569283,47.9123706084409,52.53028394486062,4.6179133364197185,47.02951116787059,54.63009756098632,7.600586393115734,36.426724327883186,30.903385066855144,-5.523339261028042,29.43796272636513,22.73948554741547,-6.698477178949659
2020-07-10,39.179807552211514,1,40.94436653630776,40.048146486000384,-0.8962200503073774,39.07981419222121,37.37712951817802,-1.7026846740431836,45.49346438901783,50.496190554617925,5.0027261656000945,46.94733727785828,55.74654856055032,8.799211282692042,36.09599274609231,30.95861796114427,-5.137374784948037,26.517870171771733,20.45221223277818,-6.065657938993553
2020-07-17,37.461865567119055,1,39.99270030862979,39.06618697594644,-0.9265133326833563,39.028103948890916,37.095451377442245,-1.9326525714486706,46.72807922612434,54.21586583861335,7.487786612489003,42.74476290374035,47.72134150204052,4.976578598300165,33.836806677808866,29.827823502751002,-4.008983175057864,22.440740337520083,16.844524205920806,-5.596216131599277
2020-07-24,37.62863350175312,1,39.50034183136726,38.14072420895926,-1.3596176224079954,38.15829223644685,35.52283249455517,-2.6354597418916796,46.845535166032484,54.88661414646885,8.041078980436367,43.169641624325855,48.82373977005515,5.654098145729293,33.855231546217865,29.802332804264907,-4.0528987419529585,24.24275860612842,18.595557586215378,-5.647201019913041
2020-07-31,36.891968914835296,1,37.284521646514065,34.397087006854974,-2.887434639659091,34.769230066526745,31.30345988213797,-3.4657701843887736,44.26914478595343,49.92060376409991,5.651458978146479,47.67686974470523,58.625684378802234,10.948814634097005,35.511280637085875,31.04867542482964,-4.462605212256236,21.84076660822646,16.056303032287047,-5.784463575939412
2020-08-07,38.04462642098578,1,38.804956309418785,36.19943058931547,-2.6055257201033157,34.45671119028208,29.99033333112328,-4.466377859158797,44.393790327542284,48.75080247384046,4.357012146298175,50.9769508648953,63.70218743561006,12.725236570714756,41.09853755202374,36.975036242689924,-4.123501309333818,18.536812281752503,12.649968453335504,-5.886843828417
2020-08-14,37.22180488938839,1,38.18723753499186,35.921351543559034,-2.2658859914328247,33.960338988442246,29.992442722842554,-3.967896265599691,42.489743225486386,45.554174842231525,3.0644316167451393,50.42218174415945,63.10296781238228,12.68078606822283,40.58599235330297,36.63792035113539,-3.948072002167578,17.685335489947406,12.121972064179502,-5.563363425767903
2020-08-21,39.6454957471801,1,37.81630558676375,33.98838143874789,-3.8279241480158532,39.63483659335592,38.36422773296176,-1.2706088603941623,46.30475345925495,51.60072529933391,5.295971840078963,49.63418558859514,60.801811220045046,11.167625631449908,38.63108632414211,33.262243361764185,-5.368842962377926,25.851806930968735,19.855585430227777,-5.996221500740958
2020-08-28,40.871950659772665,1,43.84351743908001,44.17013610354086,0.3266186644608524,40.66444699227185,38.63533962414671,-2.029107368125139,47.465856214073,52.03118033352965,4.565324119456648,49.67752368418196,59.47722956856728,9.799705884385318,38.516357371834516,32.473378406654106,-6.04297896518041,25.06400225719463,18.444439922197333,-6.619562334997298
2020-09-04,39.48969724668056,1,44.19533956672704,46.157923375720884,1.9625838089938412,38.14716388939038,35.029180724395026,-3.1179831649953513,45.97091489542375,49.74456712768984,3.7736522322660875,48.81325195365973,57.22042203393528,8.407170080275549,39.52224384427215,34.53281145097626,-4.9894323932958855,20.289269330610296,14.253278767366055,-6.0359905632442405
2020-09-11,39.218971662107954,1,44.25319368660067,46.51401426813692,2.260820581536251,37.55700798909921,33.86537568273091,-3.691632306368305,46.56605054381462,51.41575885205618,4.84970830824156,47.45053186622308,54.38569511281127,6.935163246588189,39.01541372529704,34.6033518138769,-4.412061911420139,20.4716321616131,14.529634243035503,-5.941997918577599
2020-09-18,41.807978146260325,1,49.95534857156529,56.02847108295541,6.073122511390125,43.0329300598372,40.55653719670583,-2.476392863131366,46.83313360686453,47.42628482942508,0.5931512225605502,49.8978352682071,55.608694047691074,5.710858779483971,42.85934907008553,39.706427685550935,-3.1529213845345936,18.26927230100229,11.521454035233631,-6.747818265768657
2020-09-25,43.648250806039094,1,51.52333258575207,59.09673761003806,7.573405024285989,45.239686287723586,44.31539839321684,-0.9242878945067474,46.74532549121707,46.03159511791634,-0.7137303733007343,49.826714396612246,54.08134639048646,4.254631993874213,44.80341207084548,42.512686247395635,-2.290725823449847,23.751034004084104,15.851741077181217,-7.899292926902888
2020-10-02,44.03117269999628,1,54.59979850228662,69.95594319121732,15.356144688930698,45.92035342638955,46.23337507269137,0.31302164630182006,39.12408186986934,33.16318836786252,-5.960893502006826,46.207668493306045,45.32962673232916,-0.8780417609768847,47.626366643234306,48.04285600541522,0.41648936218091137,30.70876726489186,21.462046830462214,-9.246720434429648
2020-10-09,43.68728107272279,1,54.6465774764007,70.22257621845858,15.575998742057884,46.27002242841535,46.731415945519494,0.4613935171041419,37.29261038267714,30.66318724577374,-6.629423136903398,45.7111365564243,44.03162344517646,-1.679513111247843,48.66778575247703,50.24137628270958,1.5735905302325506,29.53555383994221,20.233507298698896,-9.302046541243314
2020-10-16,42.41373341064835,1,53.64574227988933,69.24447807060184,15.59873579071251,44.81113302262398,45.17456156128101,0.3634285386570326,36.74702584333172,30.90918317172028,-5.83784267161144,43.38142357165813,41.27680888077313,-2.1046146908850005,46.61681461271807,47.403887456751576,0.7870728440335029,29.280261133668816,20.473481322762183,-8.806779810906633
2020-10-23,38.98479690273312,1,50.736640084555056,64.52466749215333,13.788027407598271,43.93801526881445,46.42409804839899,2.4860827795845353,32.29946139242624,26.869165722129523,-5.430295670296715,38.0516427831502,33.41142082707327,-4.640221956076928,43.46730678254587,44.54678294504661,1.0794761625007396,25.415715104906923,18.132646381597027,-7.283068723309896
2020-10-30,35.2481548215305,1,31.505255971768364,28.998506566975152,-2.5067494047932115,44.55525843166597,51.45628757076904,6.901029139103073,30.550268439879844,26.566179949978533,-3.9840884899013105,36.45998662687346,35.73102165167823,-0.7289649751952254,43.55133908367888,49.02522365794661,5.4738845742677285,24.866820375316507,19.71170953183548,-5.155110843481026
2020-11-06,34.37458473153004,1,29.914821753504498,27.28199977218371,-2.632821981320788,44.58768858029127,52.480255740102265,7.892567159810994,32.40299765830417,29.561076616566012,-2.8419210417381606,36.15095729194806,35.448252113059525,-0.7027051788885359,41.12000588827561,44.300135581691585,3.180129693415978,22.071037216856652,17.17578856557715,-4.895248651279502
2020-11-13,35.16093808956662,1,30.099889093141584,27.224849076807075,-2.875040016334509,45.297058513993925,52.920539047286546,7.623480533292621,33.16775582196726,30.068132342222356,-3.0996234797449063,36.99746015205546,35.84509542050157,-1.152364731553888,43.133949153339216,47.531358236588076,4.39740908324886,22.26951580290229,17.375654413994084,-4.893861388908206
2020-11-20,31.40977104979336,1,30.34965085912279,29.374042528978606,-0.9756083301441834,34.29978079136954,35.45089326783493,1.1511124764653857,30.6050463173994,29.468782841985757,-1.1362634754136423,33.798693122744325,33.876014797918955,0.0773216751746304,38.21379130798337,42.5419788905337,4.328187582550328,21.191663900140725,17.746913971508178,-3.4447499286325467
2020-11-27,27.115542231111096,1,24.58183394033165,23.24598312892286,-1.3358508114087897,32.99599572209779,35.581509626792624,2.585513904694835,27.107539251018054,26.15812170693185,-0.9494175440862023,25.54830616439338,23.75810802756601,-1.790198136827371,34.76234588200457,39.04856320092941,4.286217318924841,17.697232426821117,14.90096769552379,-2.7962647312973274
2020-12-04,24.82374284665023,1,21.15465174790421,19.414868228628933,-1.739783519275278,30.90375246084271,33.31208804823895,2.4083355873962375,21.850277772991276,19.676712110468216,-2.1735656625230604,24.774615833793447,23.478649320127147,-1.2959665136663006,34.40533670604748,39.70471104285423,5.29937433680675,15.853822558322221,13.355428329583859,-2.4983942287383627
2020-12-11,12.457444560633908,1,8.96068331182397,8.12723236154217,-0.8334509502818008,21.831699482801923,24.255774980359874,2.4240754975579506,8.880507155692484,7.706588471308251,-1.1739186843842333,6.7822723461116965,5.989526262790463,-0.7927460833212336,19.533692903455886,20.727606290544813,1.1939133870889265,8.755812163917483,7.937938997257831,-0.8178731666596519
2020-12-18,16.279836412149482,1,14.16006707792144,12.913632089949132,-1.2464349879723073,21.193153555619872,20.742733790346705,-0.4504197652731676,12.860255045835544,11.78266161141353,-1.0775934344220133,8.264729341085285,6.796934681367304,-1.4677946597179812,29.166298613147703,34.68597168810663,5.519673074958931,12.034514839287041,10.757084611713637,-1.2774302275734044
2020-12-25,15.662060464854557,1,13.61208205277957,12.323477901279176,-1.2886041515003939,19.992467957273718,19.49131365665866,-0.5011543006150561,12.142136963515668,10.936442048496417,-1.2056949150192509,7.663240041694493,6.35437547064106,-1.3088645710534337,28.569029887856843,34.047438560731706,5.478408672874863,11.993405886007054,10.819315151320325,-1.1740907346867289
2021-01-01,14.619792710874707,1,9.960518398633539,9.009502411672642,-0.951015986960897,19.597951108433065,19.33573157357462,-0.2622195348584455,12.661997675725374,11.811050617295592,-0.8509470584297816,9.29100588599934,7.937526063446654,-1.3534798225526856,26.43548826121554,30.72806393175516,4.29257567053962,9.771794935241388,8.896881667503521,-0.8749132677378668
2021-01-08,13.210665099528022,1,8.715881855975098,7.876820834297831,-0.8390610216772671,13.613433461175987,12.607766587863182,-1.005666873312805,12.536586824267516,11.767347042280946,-0.7692397819865704,9.522850151596359,8.301274277957859,-1.2215758736384998,25.172299847594132,29.81664574819088,4.644345900596747,9.702938456559039,8.894136106577406,-0.808802349981633
2021-01-15,14.540217544067977,1,8.57434671317965,7.627818341872214,-0.946528371307437,15.798093459419917,14.7343386084422,-1.0637548509777162,14.261123469699541,13.382751547829898,-0.8783719218696433,10.705202413905553,9.32467527477327,-1.3805271391322833,27.102438327614394,32.34696969496527,5.2445313673508736,10.8001008805888,9.824751796524993,-0.9753490840638079
2021-01-22,14.706983612534975,1,8.18606841126433,7.2199863146523455,-0.9660820966119843,16.11888796126604,14.816812172533588,-1.302075788732452,15.070411303391978,14.07686441577755,-0.9935468876144284,9.988767589566166,8.618381003000465,-1.3703865865657008,28.000425814795122,33.67902384848853,5.6785980336934045,10.87734059492621,9.830833920757414,-1.0465066741687963
2021-01-29,15.473148292761799,1,9.949268578009537,8.93878623494858,-1.010482343060957,17.81524469717276,16.565055736751802,-1.2501889604209566,13.230690365404143,11.362447251137056,-1.868243114267088,9.206306044849384,7.478830912180797,-1.7274751326685873,30.143399558347696,37.26517143407513,7.121771875727433,12.493980512787275,11.22859818747743,-1.2653823253098437
2021-02-05,15.143415184029296,1,9.283198510241434,8.253312880343046,-1.0298856298983878,17.445982070545014,16.167608321337255,-1.2783737492077591,12.639410650212085,10.936435267663285,-1.7029753825488,10.36582854722107,8.859637471273828,-1.5061910759472426,29.576998890855393,36.37808904576916,6.801090154913766,11.549072435100783,10.265408117789178,-1.2836643173116045
2021-02-12,14.964205570868238,1,8.83729564149749,7.778895566340736,-1.0584000751567544,16.825222821868337,15.307080938401356,-1.5181418834669813,13.666021057450138,11.742709260113656,-1.9233117973364813,9.26344319066618,7.74084691329162,-1.5225962773745607,30.10532025942024,37.39206971833585,7.286749458915608,11.087930454307042,9.823631028726211,-1.2642994255808304
2021-02-19,14.118593336115241,1,9.952921004938503,8.745612971712092,-1.2073080332264112,16.562431381413802,15.198492986208848,-1.3639383952049542,14.096362679019705,12.322074900897789,-1.7742877781219164,6.9906530172684,5.797434882367384,-1.1932181349010165,29.027591600027463,35.64052324751502,6.612931647487557,8.081600334023577,7.007421027990262,-1.0741793060333151
2021-02-26,15.181932834200929,1,12.340427315483595,11.357029138721614,-0.9833981767619804,16.708985069166104,15.355168357511005,-1.3538167116550994,13.45255785203851,11.685141254141598,-1.7674165978969114,8.178738926207842,6.774588546628536,-1.4041503795793062,29.389438583975803,36.09651849006974,6.707079906093938,11.021449258333718,9.823151218133063,-1.1982980402006547
2021-03-05,11.16598270664464,1,11.520794233528903,11.273472528929588,-0.24732170459931524,10.300811215490668,9.563374849155437,-0.7374363663352312,13.686886955596606,13.693104523644976,0.006217568048370481,5.269379879754652,4.889884402481641,-0.3794954772730108,18.175919094218088,19.82410428370683,1.6481851894887427,8.042104861278915,7.751955651949345,-0.2901492093295701
2021-03-12,9.86739880784547,1,8.217140358779744,7.953333125880931,-0.263807232898813,10.277819494813187,9.553072972978299,-0.7247465218348879,10.967234852110181,10.65638366723556,-0.3108511848746218,4.082829613791517,3.794037366944238,-0.28879224684727944,17.97688537094743,19.786473572569562,1.8095882016221339,7.6824831566307665,7.461092141464221,-0.2213910151665459
2021-03-19,10.997718998582338,1,10.444973837053254,10.215945980320129,-0.22902785673312565,12.20596113185178,11.449234679106851,-0.7567264527449282,11.216959389715427,10.7964278818624,-0.4205315078530276,4.245421430085543,3.837458173792612,-0.4079632562929305,19.645239510126203,21.80831734126987,2.163077831143667,8.227758692661823,7.878929935142153,-0.34882875751966935
2021-03-26,10.313140710031837,1,9.651327492895732,9.515345449591038,-0.13598204330469343,9.967984881595456,9.426081827018209,-0.5419030545772472,10.951151336565687,10.702903405158182,-0.248247931407505,6.307722736635668,5.835110615119845,-0.472612121515823,17.109783183916207,18.697188113628442,1.5874049297122355,7.890874628582267,7.702214849675357,-0.18865977890691
2021-04-02,10.773373320475892,1,9.724522708134742,9.521933376694193,-0.20258933144054936,11.437868295065684,11.2361195962187,-0.2017486988469841,10.673879087856548,10.481089080113094,-0.19279000774345434,5.803112667003731,5.337278013249858,-0.46583465375387334,16.07645123587173,17.20808895570636,1.1316377198346288,10.924405928922923,10.855730900873183,-0.06867502804973924
2021-04-09,9.883769039446136,1,10.372585671272986,10.378501803093584,0.005916131820598025,10.552439904981782,10.328781176123613,-0.22365872885816884,9.943722115870216,9.660870617981473,-0.28285149788874264,4.018643291985725,3.6189752797249213,-0.39966801226080406,15.539736066948137,16.69516684384473,1.1554307768965941,8.87548718561797,8.620318515908494,-0.2551686697094766
2021-04-16,8.915731812170037,1,12.356591354668438,12.756429694342515,0.39983833967407634,5.321183130961359,4.99929293914532,-0.3218901918160384,11.019550027456802,10.839573981728776,-0.17997604572802572,4.590150448493532,4.232884092242003,-0.3572663562515288,13.459352027719603,14.248241264109083,0.7888892363894797,6.747563883720488,6.417968901452511,-0.32959498226797734
2021-04-23,12.289808993510364,1,16.52538257587574,17.347604318359302,0.8222217424835634,9.9359611185957,9.267554631431608,-0.6684064871640913,9.409539593876445,8.701770344298183,-0.7077692495782628,7.404254982254173,6.683572007831486,-0.7206829744226866,17.03478502143743,18.57738955878402,1.542604537346591,13.428930669022705,13.160963100357591,-0.26796756866511373
2021-04-30,10.31113901701279,1,12.21712826257658,12.081959636426049,-0.1351686261505307,10.014090605544027,9.54809724395976,-0.4659933615842675,3.7661543869614036,3.382427992389779,-0.3837263945716245,6.938308653284608,6.3497159298230486,-0.5885927234615593,14.91673502943047,16.07843520440349,1.1617001749730207,14.01441716427965,14.426198095074653,0.411780930795004
2021-05-07,11.448003035155212,1,14.035669381659318,13.610062689144584,-0.4256066925147337,9.979350752671351,9.303697985263057,-0.6756527674082946,4.485974119096966,3.9618338027130022,-0.5241403163839635,6.074351847268247,5.404059816262759,-0.6702920310054878,16.5775471369042,17.939048104824195,1.3615009679199943,17.535124973331193,18.469315812723707,0.9341908393925138
2021-05-14,12.924267263207845,1,14.175585713991595,13.817610000474545,-0.3579757135170496,10.243507721253621,9.30249905175934,-0.9410086694942805,6.979260407215136,6.217237479913862,-0.762022927301274,9.275644434592223,8.28221485477097,-0.9934295798212531,19.72034633049057,22.0229477855261,2.3026014550355285,17.151258971703925,17.903094406802296,0.7518354350983714
2021-05-21,12.536609390413817,1,14.567419573713039,14.292004927080654,-0.2754146466323846,9.581506450169087,8.766060695807937,-0.81544575436115,7.927166607897931,7.213307537088127,-0.7138590708098036,8.056112279298745,7.280619309723036,-0.7754929695757085,17.949381465574277,19.777911468212878,1.828530002638601,17.13806996582983,17.889752404570316,0.7516824387404881
2021-05-28,11.80915435323911,1,13.812338842284902,13.513304772654834,-0.29903406963006773,8.038720878488462,7.40466281433973,-0.6340580641487321,7.82861755115843,7.224189306322046,-0.6044282448363845,8.344554418168954,7.64398505147868,-0.7005693666902744,16.13674428769238,17.519098539084084,1.3823542513917033,16.693950141641537,17.549685635555278,0.8557354939137412
2021-06-04,12.074805577473853,1,14.37091084654692,14.14477066388389,-0.2261401826630305,8.055260909147606,7.4107448566165175,-0.6445160525310882,8.050304882586147,7.433500465914776,-0.6168044166713713,8.83288999961924,8.127408425589579,-0.7054815740296618,16.2692399877983,17.65863094052878,1.38939095273048,16.870226839144905,17.673778112309563,0.8035512731646577
2021-06-11,12.34558080921943,1,15.247439429839758,15.09797765529541,-0.14946177454434917,8.396133784537824,7.7887778509738155,-0.6073559335640084,8.437096858180396,7.815345255725433,-0.6217516024549639,8.744161583693497,8.079880302128018,-0.6642812815654793,15.669025423019946,16.849759940264107,1.1807345172441615,17.579627776045157,18.441743850929782,0.862116074884625
2021-06-18,11.666925581928894,1,15.778356415867492,15.660116254082183,-0.11824016178530883,5.546765501922835,5.0373259351786,-0.5094395667442342,7.802420125075059,7.2016743049340874,-0.6007458201409719,8.75456740982122,8.204646335737507,-0.5499210740837128,13.966806811016838,14.742914570654577,0.776107759637739,18.152637227869917,19.15487609098639,1.0022388631164745
2021-06-25,11.374597334690364,1,15.314537026126828,15.003212007882468,-0.31132501824436076,5.567205190927353,5.084599614822125,-0.4826055761052288,7.607259223121204,7.019411792739277,-0.5878474303819274,7.978144517694048,7.441265850261246,-0.5368786674328021,13.282133671152323,14.004627558205954,0.7224938870536306,18.498304379120427,19.694467184231115,1.1961628051106885
2021-07-02,9.386685054398612,1,8.03904825180922,7.654089658927248,-0.3849585928819721,4.173505328142284,3.7865506282216472,-0.38695469992063636,7.189957621300465,6.7567360593800885,-0.43322156192037653,10.236289432479367,9.913439923316929,-0.32284950916243815,13.786425199925247,14.641395010546304,0.854969810621057,12.894884492735088,13.56789904599944,0.6730145532643519
2021-07-09,10.06891666477239,1,7.431488553232413,7.086793502287222,-0.34469505094519093,4.718300245968621,4.284583077116551,-0.4337171688520698,9.453116129134614,9.114718092507957,-0.338398036626657,12.14349148491958,12.094506006734846,-0.048985478184732756,14.893751907932057,15.77327599315855,0.8795240852264925,11.77335166744706,12.05962331682916,0.28627164938210115
2021-07-16,10.293782249490258,1,7.241241415218369,6.825046036831893,-0.416195378386476,3.5707752283862106,3.19152946769492,-0.37924576069129046,10.325664743363788,10.050383130111456,-0.27528161325233214,13.861713346496032,14.044283112888408,0.1825697663923762,15.648481813361869,16.470007683413726,0.8215258700518575,11.114816950115284,11.181444066001134,0.06662711588585069
2021-07-23,10.17578708125739,1,6.349054950108808,5.886040890328559,-0.46301405978024945,3.7154093161497457,3.349193238281373,-0.36621607786837274,9.142178704665241,8.877782121299717,-0.2643965833655244,14.92713981240206,15.237325328379242,0.3101855159771816,15.817397868016215,16.49314775122849,0.6757498832122764,11.103541836202268,11.211233158026971,0.10769132182470287
2021-07-30,12.012122141396391,1,13.193129465749365,12.69685742228313,-0.49627204346623444,4.169967485385513,3.7871754657648466,-0.3827920196206662,9.348537376106862,9.091220504148254,-0.25731687195860786,18.67607092573614,19.773134059404384,1.097063133668243,15.005915058720461,15.099353289062861,0.09343823034240017,11.679112536680009,11.624992107714831,-0.054120428965177325
2021-08-06,11.912045221254262,1,11.814391435076274,11.268256916109436,-0.5461345189668378,4.2322662229795895,3.81930696716762,-0.4129592558119697,8.434417287510598,7.984848096968705,-0.4495691905418937,17.363539791740138,18.085068785900162,0.7215289941600247,15.65161065592092,15.926508712057526,0.2748980561366068,13.976045934298057,14.388281849322127,0.41223591502406975
2021-08-13,11.798335596256884,1,16.027708281191607,15.69363520876557,-0.3340730724260368,3.5175582514701915,3.1098169763803583,-0.40774127508983327,6.366954987224432,5.946154853574043,-0.4208001336503884,20.08331604040447,21.79586327383079,1.7125472334263208,11.236148095672704,10.494922172551142,-0.7412259231215614,13.558327921577899,13.74962109243937,0.19129317086147068
2021-08-20,12.23060355840574,1,17.239243930426838,17.28531140677339,0.04606747634655051,4.865525282051095,4.46939497175245,-0.39613031029864487,6.041942870012022,5.575593925867565,-0.4663489441444568,18.873810142981398,19.654268057647812,0.7804579146664139,12.650662542910737,12.554690798450565,-0.0959717444601722,13.712436582052348,13.844362189942657,0.1319256078903095
2021-08-27,10.196086684292636,1,15.669681327891482,16.14689687897352,0.4772155510820397,4.903371329411868,4.584835191833903,-0.31853613757796495,5.113609289146083,4.860779433766254,-0.2528298553798294,15.22942127474009,15.45370707412387,0.2242857993837788,10.927616930368018,10.962088574453034,0.03447164408501635,9.332819954198271,9.16821295260523,-0.16460700159304054
2021-09-03,9.062882516023288,1,13.723645670127766,14.303868399931673,0.5802227298039071,4.354994934817427,4.103989960336406,-0.2510049744810203,6.599797545910761,6.3712212039130804,-0.2285763419976803,11.822098839618477,11.826470379903483,0.0043715402850068585,8.443327796962336,8.356046376225322,-0.08728142073701406,9.433430308702967,9.41569877582981,-0.017731532873156652
2021-09-10,9.551087293052836,1,14.214947717791162,14.908521906005504,0.6935741882143418,5.911583464268503,5.534591971076992,-0.37699149319151104,6.031510084263942,5.806433226142914,-0.22507685812102807,12.363630708097233,12.471370270628483,0.1077395625312505,9.57318620806771,9.423852201435565,-0.14933400663214513,9.211665575828462,9.161754183027597,-0.04991139280086543
2021-09-17,12.683927389202651,1,16.100474774770788,16.707978465474824,0.6075036907040356,8.040437348545069,7.529315962054952,-0.5111213864901174,14.57321320520964,14.75588482147738,0.18267161626773998,17.137270075522565,17.959515762831117,0.822245687308552,10.207305189288178,9.687444448864653,-0.5198607404235247,10.044863741879666,9.463424874512995,-0.5814388673666713
2021-09-24,19.15557388289375,1,24.37743086888176,24.97333322960405,0.5959023607222917,7.719857260130723,6.720669840627593,-0.9991874195031301,19.369078562350325,18.541228218204495,-0.8278503441458298,29.160617344199906,33.019238622651216,3.8586212784513094,14.639841386124871,13.016453781018,-1.6233876051068705,19.66661787567493,18.662519605257174,-1.0040982704177566
2021-10-01,16.309963408092262,1,18.294331679413006,18.195738011773145,-0.09859366763986088,7.4635641627208145,6.7706280161904715,-0.692936146530343,18.90323375853535,18.772303586985316,-0.13093017155003395,23.490822764204438,25.59180590035872,2.1009831361542837,11.35601469765433,10.392630695541172,-0.963384002113159,18.351813386025626,18.136674237704796,-0.21513914832083003
2021-10-08,14.198142503331548,1,14.096313030752839,13.475753923631927,-0.6205591071209113,10.037094465361818,9.495168946999812,-0.5419255183620066,10.775159975942728,10.02029286781584,-0.7548671081268878,21.072374830675372,23.157892063464047,2.085517232788675,13.183928585884587,12.793664423565872,-0.3902641623187151,16.023984131371947,16.246082794511793,0.22209866313984605
2021-10-15,14.53943425929045,1,16.688256121546445,16.58271885718743,-0.10553726435901467,9.646831140300947,9.1510652554785,-0.4957658848224469,12.952087539805618,12.181353603035703,-0.7707339367699149,19.503458684252465,20.645822923101065,1.1423642388486002,10.513752510319165,10.121335206483408,-0.39241730383575657,17.93221955951806,18.55430971045658,0.6220901509385186
2021-10-22,17.219011574261465,1,18.711524320449143,17.898066637572853,-0.8134576828762903,10.748827400804302,9.908171018229439,-0.8406563825748634,14.486606926103022,13.104606264589691,-1.382000661513331,24.16529289270501,26.406370798775583,2.241077906070572,12.239212700929343,11.466728977582292,-0.772483723347051,22.96260520457797,24.53012574881896,1.5675205442409919
2021-10-29,11.191313001264378,1,12.493503257832302,12.292033540311508,-0.20146971752079423,7.489316805872562,7.063877256462263,-0.4254395494102994,8.951974490857467,8.204444602977375,-0.7475298878800913,9.195096197021442,8.86680850957164,-0.3282876874498015,11.255719456539566,11.364191720632888,0.10847226409332222,17.762267799462933,19.356522377630554,1.5942545781676216
2021-11-05,10.355620156442313,1,12.767728515454635,12.711452714652609,-0.056275800802026765,3.5790421963097288,3.2606650583150127,-0.318377137994716,9.902408262612042,9.663483300375617,-0.23892496223642468,11.779920455742513,11.749240890360596,-0.030679565381916518,8.571733119329082,8.253233242465555,-0.31849987686352677,15.53288838920588,16.49564573248449,0.9627573432786107
2021-11-12,10.967532848976356,1,12.774853545386677,12.650545882307028,-0.12430766307964802,5.602729443322872,5.223895505583386,-0.37883393773948626,10.774202416162225,10.67308360434808,-0.10111881181414617,12.471015362646767,12.519789708674821,0.04877434602805408,8.51346790607748,8.152606738074581,-0.3608611680028986,15.66892842026212,16.585275654870216,0.9163472346080965
2021-11-19,11.268182224467274,1,14.845590295281283,14.872456863341924,0.02686656806064036,6.380608115479916,5.985694261105593,-0.39491385437432314,10.516352201850893,10.30094516265612,-0.21540703919477266,10.146202605906609,9.898544407912055,-0.24765819799455357,7.8329220239265425,7.320281229354649,-0.5126407945718938,17.887418104358403,19.231171422433277,1.3437533180748744
2021-11-26,12.129145242288848,1,16.693651847823446,16.59875727938349,-0.0948945684399547,6.907782987526986,6.475145832403015,-0.4326371551239703,7.085975427540518,6.493712190381274,-0.5922632371592442,11.590548048823564,11.270542593899279,-0.320005454924285,10.213720220838084,9.79453305940251,-0.41918716143557333,20.283192921180486,22.14218049826357,1.8589875770830844
2021-12-03,16.55341580783298,1,18.810028652386407,16.67016005515785,-2.1398685972285563,5.554272407510837,4.5782411749167125,-0.9760312325941243,7.329051092354362,5.878600265061735,-1.4504508272926273,15.59205441350261,14.153353480429558,-1.4387009330730507,19.00224786027806,16.96383932872864,-2.038408531549422,33.0328404209656,41.07630054270338,8.04346012173778
2021-12-10,15.57137697085247,1,18.459985907270294,16.83700773520897,-1.6229781720613232,4.957923418157165,4.147037171212858,-0.8108862469443068,7.7597361941434,6.457148163301284,-1.3025880308421165,13.639222293017554,12.362096305191258,-1.2771259878262953,17.80051416116339,16.184995006427542,-1.6155191547358498,30.810879851363012,37.439977443772904,6.629097592409892
2021-12-17,16.205549310160617,1,20.198287220527135,18.635875482899408,-1.562411737627727,5.312172446497499,4.435884241759084,-0.8762882047384153,7.7523692028964035,6.423866225691825,-1.3285029772045789,14.448852015570267,13.072535442354521,-1.376316573215746,17.85275376736068,16.10757475262207,-1.7451790147386106,31.66886120811172,38.5575597156368,6.888698507525078
2021-12-24,18.187359629163947,1,20.943627765329836,18.753760175272745,-2.1898675900570908,4.173133930722585,3.43454110481845,-0.738592825904135,7.110767496249309,5.491185789608892,-1.6195817066404175,17.275692871473083,15.38765327113596,-1.8880396003371231,23.91351356146143,21.9293619780057,-1.984151583455727,35.707422149747444,44.12765545614194,8.420233306394493
2021-12-31,17.991844314333193,1,18.21328019008169,16.880052843059445,-1.3332273470222447,7.387046168508107,6.355570550583806,-1.0314756179243005,7.50368398679538,5.980696247996605,-1.5229877387987756,17.09910972526768,15.463056380120307,-1.6360533451473742,24.20169586094066,22.85297611479386,-1.3487197461467986,33.54624995440564,40.418713749445146,6.872463795039508
2022-01-07,19.340976395238012,1,18.829425971814473,17.17966558761964,-1.6497603841948347,8.682555052815047,7.450524199864958,-1.2320308529500892,7.230632215527365,5.694497639608201,-1.5361345759191636,20.371411989339677,19.93809417885997,-0.4333178104797071,27.23728086161023,26.52211331492647,-0.7151675466837588,33.69455228032129,39.26096345054887,5.566411170227582
2022-01-14,18.163537167109258,1,12.013181753817193,10.331026719532474,-1.682155034284719,9.66147570731222,8.722462866901381,-0.9390128404108395,8.151852796091674,6.62951432340607,-1.522338472685604,19.75503675100674,19.514709900599257,-0.24032685040748447,27.20838516654193,26.85033756433411,-0.3580476022078187,32.191290827885794,36.933171627882246,4.741880799996451
2022-01-21,17.7708395443874,1,12.15139293506796,10.319259960751154,-1.8321329743168064,5.314653996395293,4.516691241926424,-0.7979627544688697,5.309459307999745,3.961612588994555,-1.3478467190051902,19.04531266992089,18.463133049930974,-0.5821796199899154,29.53705876571732,28.167724494781154,-1.3693342709361644,35.26715959122319,41.19661592994012,5.929456338716932
2022-01-28,16.71498438075879,1,12.462002790468091,11.34088746030585,-1.1211153301622403,4.884960720242518,4.194814140962279,-0.6901465792802384,6.652661671721063,5.315767613499432,-1.336894058221631,17.312429071446232,16.76601081068327,-0.5464182607629624,27.44099800621396,27.012489729910783,-0.42850827630317667,31.53685402446088,35.65993652919114,4.123082504730263
2022-02-11,16.5990320609789,1,12.0151063625255,10.871038170274176,-1.144068192251325,6.0576055731747545,5.116788038653425,-0.9408175345213294,7.993859109363925,6.653926369776315,-1.33993273958761,20.995815904581136,21.675111813850876,0.6792959092697402,24.107151488051684,23.524214502862478,-0.5829369851892068,28.424653928176397,31.753113470456128,3.328459542279731
2022-02-18,17.55785200210623,1,14.690310137597677,12.826116322272213,-1.8641938153254642,11.143865213089171,9.012623883499671,-2.1312413295895,6.755253575240175,5.627417151682778,-1.1278364235573974,28.808829816971013,32.324798170072896,3.515968353101883,14.627731809437947,12.378929682377361,-2.2488021270605856,29.3211214603014,33.17722680273242,3.8561053424310217
2022-02-25,16.397704255720203,1,12.983791081973436,11.528300821325459,-1.4554902606479772,9.280247903802021,7.690747307657489,-1.589500596144532,5.072510144248369,4.28181236515222,-0.7906977790961491,25.784777736523807,28.31034918478956,2.525571448265751,18.176591416390835,16.500043393517885,-1.6765480228729501,27.088307251382744,30.074972461878616,2.9866652104958717
2022-03-04,14.507230563153064,1,12.875824918789107,12.07110636182233,-0.8047185569667761,7.737072745689346,6.737960060281239,-0.9991126854081074,6.514091657394886,5.933193151040811,-0.5808985063540746,21.166846582969228,22.49295344068615,1.3261068577169226,15.63866459885304,14.768968009969555,-0.8696965888834853,23.11088287522277,25.039202355118334,1.9283194798955634
2022-03-11,13.244507800279605,1,10.429787931384354,9.838354573523318,-0.5914333578610353,8.08518488363275,7.182106800469427,-0.9030780831633223,7.57360209072732,7.035332496228307,-0.5382695944990132,20.15052393714585,21.631070066594148,1.4805461294482996,12.91836221823398,12.11501441015426,-0.803347808079721,20.309585740553374,21.66516845470818,1.3555827141548065
2022-03-18,12.116962099967322,1,10.738781593510325,10.43037566246177,-0.3084059310485543,8.981817060213672,8.395939380261211,-0.5858776799524605,7.418300136441758,6.965068262041115,-0.45323187440064316,17.171662930118615,18.168531182024125,0.9968682519055108,11.984539575106723,11.61296536855589,-0.3715742065508323,16.40667130441284,17.12889274445979,0.7222214400469511
2022-03-25,11.240224395731525,1,11.129486459009499,10.913433336862497,-0.21605312214700234,8.378833617393383,7.943081217339156,-0.435752400054227,8.5061641641026,8.212948425488648,-0.2932157386139522,15.060340784096397,15.558956694731606,0.49861591063520905,8.565329837897039,8.274837469964453,-0.29049236793258615,15.801191511890238,16.538089230002782,0.7368977181125445
2022-04-01,11.698291951692646,1,10.2962365944651,9.96481766167524,-0.3314189327898589,12.700218188359145,12.19094053660207,-0.5092776517570741,8.093974663511446,7.849539663301684,-0.24443500020976217,17.56166487095969,18.507915630490913,0.9462507595312246,6.5020338809005125,6.158918206335684,-0.34311567456482805,15.035623511959983,15.517620011750267,0.48199649979028436
2022-04-08,14.52313309925088,1,12.360987503091408,11.916444150545487,-0.4445433525459208,14.187684285915907,13.476958739777146,-0.7107255461387609,11.995877762398734,11.690840361501373,-0.305037400897362,19.863720285066577,20.79894148230146,0.9352211972348812,9.302431684225795,8.740326134323212,-0.5621055499025829,19.428097074806857,20.515287727056588,1.0871906522497312
2022-04-15,15.145666859290126,1,11.342783564170702,10.322839584688921,-1.0199439794817806,15.155016959510945,14.150504484380107,-1.0045124751308379,11.21018480658094,10.860089454623136,-0.3500953519578047,22.057633742281666,23.287773964615383,1.2301402223337163,9.392021794731107,8.871158149893873,-0.5208636448372346,21.716360288465395,23.38163551753931,1.665275229073913
2022-04-22,13.89091018355946,1,11.978375936273721,11.113366475833743,-0.8650094604399783,16.189479784306997,15.581452741438156,-0.6080270428688408,6.294510672643881,6.035425690372307,-0.25908498227157395,21.604417287324637,22.739391449449172,1.1349741621245357,7.529925832503395,7.24852843631831,-0.28139739618508486,19.74875158830413,20.627296307945116,0.8785447196409848
2022-04-29,13.312709532315262,1,12.92456237706402,12.259586780750041,-0.6649755963139796,15.079842232641681,14.475540702445045,-0.6043015301966363,5.711296466679357,5.480712906349041,-0.23058356033031657,20.376254700768385,21.282504680621386,0.9062499798530013,6.103377723449043,5.772242489309988,-0.33113523413905455,19.68092369328909,20.605669634416074,0.9247459411269858
2022-05-13,16.0297464776114,1,15.387249765763627,13.26660103589272,-2.120648729870908,17.20280470615812,15.728780161474333,-1.474024544683786,3.5079098994771982,3.1310717702181137,-0.37683812925908455,25.5323209480852,27.095528961284657,1.563208013199457,7.225173325132133,6.294099346746393,-0.93107397838574,27.32302022105212,30.66239759005221,3.33937736900009
2022-05-20,16.946603188327426,1,20.158771151279893,17.868182011876414,-2.2905891394034796,12.288345627011907,10.66595350832172,-1.6223921186901862,2.8352621260838333,2.4174100792630497,-0.4178520468207836,24.599366012652055,25.27788985395935,0.678523841307296,10.218098162868714,8.492685133466637,-1.7254130294020769,31.579776050068162,36.957498543077335,5.377722493009173
2022-05-27,17.22767793052611,1,20.401418385423398,18.305720413227675,-2.0956979721957225,14.433591965629333,12.575630849399218,-1.8579611162301148,2.8617094953279576,2.256127595072826,-0.6055819002551317,25.796512118385934,27.380582031657,1.5840699132710654,9.022431789775311,7.251184604476109,-1.7712471852992024,30.85040382861473,35.59682208932384,4.746418260709106
2022-06-03,15.691260340090537,1,15.883518628336134,14.235067131860475,-1.6484514964756585,14.191994710173958,12.518383128970257,-1.6736115812037013,3.1792003391196886,2.6905097495949093,-0.4886905895247793,24.977663020524304,26.73209528294406,1.7544322624197548,8.62470527222824,7.2426471528642935,-1.382058119363947,27.290480070160896,30.728859594309228,3.4383795241483313
2022-06-10,15.125384465934003,1,13.730616787758265,12.416835633173946,-1.3137811545843192,15.486168830456364,13.915733717345745,-1.5704351131106193,3.034868237745428,2.609057547742836,-0.4258106900025922,24.701504450580444,26.917740126930227,2.2162356763497826,9.807057767760782,8.686353999061808,-1.1207037686989736,23.99209072130273,26.206585771349438,2.2144950500467075
2022-06-17,16.700895858586744,1,16.113804870837598,14.084573601922116,-2.0292312689154812,11.914837225019767,9.920313404501258,-1.9945238205185092,2.850904348571248,2.300381281046654,-0.550523067524594,26.638717151527615,29.09298236952411,2.454265217996493,13.529935617631963,11.67487343612811,-1.855062181503854,29.15717593793228,33.13225105839821,3.975075120465931
2022-06-24,14.814250329052976,1,13.707922753425777,11.990912763446545,-1.717009989979232,10.554287401453877,8.91343622661104,-1.6408511748428367,2.6191764007650846,2.124635672366722,-0.4945407283983627,24.62402806789774,27.114347755309723,2.490319687411983,11.646818881956989,10.107927213341526,-1.538891668615463,25.733268468818395,28.634242343242335,2.90097387442394
2022-07-01,15.082349842445206,1,12.96375405371029,11.035585667347291,-1.928168386362998,10.532351930970222,8.882998483895065,-1.649353447075157,3.0649386113946235,2.4836355195020303,-0.5813030918925932,24.622066003398956,26.716227106057218,2.094161102658262,12.209481706093726,10.564948546421874,-1.6445331596718518,27.10150674910342,30.810703731447703,3.709196982344281
2022-07-08,12.249072249163959,1,8.814528243991106,7.829483030879075,-0.9850452131120306,10.418812361126996,9.354326227569501,-1.0644861335574944,3.4407744156038262,3.03132844906375,-0.40944596654007626,20.29003176230178,21.743028458449714,1.4529966961479346,9.664755532483397,8.763609417079977,-0.9011461154034208,20.865531179476648,22.772657911941735,1.9071267324650876
2022-07-15,10.8454539008706,1,8.309853205900225,7.397798674869094,-0.9120545310311314,7.649524654925727,6.893819157361563,-0.7557054975641648,2.3516172160410633,2.107120137207801,-0.24449707883326255,18.25598300860733,19.064428047788,0.8084450391806683,8.379516983844454,7.695750976716937,-0.6837660071275167,20.1262283359048,21.913806411280206,1.7875780753754071
2022-07-22,9.852695021386294,1,6.620103522524616,5.87911413696105,-0.7409893855635659,7.528850937521142,6.944044504581285,-0.5848064329398568,2.462131535935157,2.137867106425844,-0.3242644295093129,17.026792660645157,17.783408466221033,0.7566158055758763,7.188598597878979,6.612023160942485,-0.5765754369364942,18.28969287381271,19.75971275318605,1.4700198793733392
2022-07-29,11.814343690434276,1,8.239893904404198,7.475280206110256,-0.7646136982939424,6.369324035481597,5.7276886746029305,-0.6416353608786665,2.5487881352931083,2.3013082185040474,-0.2474799167890609,18.85152173981662,19.700580441352926,0.8490587015363076,15.175558950159044,14.794742454898085,-0.38081649526095873,19.700975377451087,20.88646214713738,1.1854867696862925
2022-08-05,13.585270503205024,1,9.036712092491186,8.010856496049996,-1.0258555964411897,5.451842581383261,4.6808326351544025,-0.7710099462288582,2.5943790696829723,2.308044459313507,-0.2863346103694653,24.483771105837093,26.452747255508115,1.9689761496710219,17.176718197247837,16.271357070906205,-0.9053611263416315,22.768199972587794,23.787785102297917,1.0195851297101228
2022-08-12,14.45879155706981,1,9.733516527781504,8.624440154019524,-1.1090763737619795,6.021176822070856,5.10565957685823,-0.9155172452126266,2.6278821885747448,2.402396689613454,-0.2254854989612909,26.87273975084844,29.531003242036775,2.658263491188336,16.68070025500309,15.260369554435144,-1.4203307005679449,24.816733798140234,25.82888012545577,1.0121463273155342
2022-08-19,18.498961513126645,1,14.592107037850027,12.746114657245997,-1.8459923806040308,10.188060521018443,8.900536028852429,-1.287524492166014,3.8311561202505686,3.4741293465762055,-0.3570267736743631,28.9835240398032,30.836593791474584,1.8530697516713843,24.95707928919944,25.155563423735046,0.19848413453560454,28.441842070638188,29.880831830875607,1.438989760237419
2022-08-26,20.19891785654884,1,18.068506736551242,16.74517665701636,-1.323330079534884,13.408038623103224,12.481659924312439,-0.9263786987907849,6.152165899037826,5.558584903925535,-0.5935809951122906,30.00589369922001,32.116837600287965,2.110943901067955,24.339499945186247,23.56129631215589,-0.7782036330303583,29.219402236194483,30.72995174159486,1.5105495054003768
2022-09-02,19.69082668735275,1,18.733524424132682,17.726783482178604,-1.006740941954078,12.884994769857627,11.855347148233236,-1.0296476216243917,6.503105917798635,5.835240396807237,-0.6678655209913984,30.182753076050716,33.01659771362573,2.8338446375750124,21.306053131578793,19.95438571446263,-1.3516674171161611,28.534528804698056,29.75660566880906,1.2220768641110027
2022-09-09,18.302769233237594,1,16.300210330755334,15.0898116095712,-1.2103987211841343,10.29653705219387,9.189637585948716,-1.106899466245153,6.388182969039008,5.637443500508169,-0.7507394685308384,29.532360594097568,32.745774210135906,3.2134136160383378,20.25101155882588,19.170245363242202,-1.0807661955836778,27.0483128945139,27.98370313001935,0.9353902355054515
2022-09-16,16.635537949125233,1,18.27440837367911,17.514585648951297,-0.7598227247278118,8.105541973090041,7.454411657649203,-0.6511303154408381,5.036383532633465,4.604570525388709,-0.4318130072447559,23.843572099532196,24.549485569310022,0.7059134697778262,18.500286200708416,17.870031269148654,-0.6302549315597616,26.053035515108178,27.820143024303576,1.767107509195398
2022-09-23,15.02459331063463,1,15.902539128917155,15.216131221416191,-0.6864079075009641,5.747090422956603,5.230661765346582,-0.516428657610021,4.48438904769732,4.137870486121855,-0.3465185615754649,23.10615928485457,24.21921418005273,1.113054895198161,18.23001382813429,17.924236575892124,-0.3057772522421658,22.677368151247848,23.419445634978302,0.7420774837304549
2022-09-30,18.076184731895292,1,20.30227785309455,19.509286713770663,-0.7929911393238882,7.299231895318755,6.121249942682368,-1.1779819526363866,4.78122398067282,3.93579675548321,-0.84542722518961,27.273681830540113,29.232213952105553,1.9585321215654403,22.849824591085465,22.983502087783705,0.13367749669824036,25.950868240660043,26.675058939546233,0.7241906988861899
2022-10-07,14.57025018016851,1,20.112541446336806,20.822252002784168,0.7097105564473623,8.082248068404965,7.167551747090087,-0.914696321314878,3.635995682738738,3.1254936566917877,-0.5105020260469502,21.155613636764485,22.4689040406476,1.3132904038831157,19.530967639781593,19.809314288219383,0.27834664843778967,14.90413460698447,14.02798534557806,-0.876149261406411
2022-10-14,16.92821434293573,1,23.66629683974641,25.22413433590812,1.55783749616171,13.922895209498634,12.646627171047527,-1.2762680384511071,2.9482062351167997,2.4642209053787525,-0.4839853297380472,23.736288392002493,25.351568788883867,1.6152803968813743,21.62635014250769,21.58631729700319,-0.04003284550449848,15.669249238742339,14.296417559392921,-1.3728316793494173
2022-10-21,18.755627631313377,1,25.377896742049685,26.984109530433514,1.6062127883838286,16.81603789568956,15.353906968470582,-1.462130927218979,3.117470133114864,2.5245750773560474,-0.5928950557588166,26.574596913255334,28.846312007182433,2.2717150939270994,23.188377303737425,22.994072377154453,-0.19430492658297283,17.459386800033386,15.830789827283212,-1.6285969727501737
2022-10-28,19.40590136768665,1,30.94281498273648,35.619061696425916,4.676246713689437,17.121490751386858,15.305525833778503,-1.8159649176083548,3.0089505998505075,2.4248587041649188,-0.5840918956855887,22.343160830433135,21.90536204894599,-0.437798781487146,24.051700373596532,23.846312430752093,-0.20538794284443895,18.967290668116377,17.334287492052454,-1.633003176063923
2022-11-04,19.41683618996489,1,30.52285465073102,34.952241418440806,4.4293867677097865,16.523731119166413,14.602864013074964,-1.9208671060914497,4.420632977835041,3.575819862600042,-0.8448131152349987,22.145673220293276,21.88297487266142,-0.2626983476318543,23.520357242284575,23.60303282136846,0.08267557908388312,19.367767929479015,17.884084151643634,-1.483683777835381
2022-11-11,20.956505037080493,1,31.187713619577508,35.11339783164769,3.9256842120701805,18.622685853977885,16.59851471704127,-2.0241711369366158,3.973016504246729,3.1533378503990406,-0.8196786538476886,24.94735758657464,25.034547800188165,0.08719021361352475,24.12287537435128,23.95148693010009,-0.1713884442511926,22.88538128375491,21.887745093106673,-0.9976361906482367
2022-11-18,20.16808206119295,1,29.486396650850608,32.92049104535714,3.4340943945065305,16.300864947486076,14.345075205765085,-1.9557897417209915,6.379227816971351,5.201912047786266,-1.1773157691850855,23.113627854541008,23.048791745143518,-0.06483610939748985,23.719279982702673,24.20499852996349,0.48571854726081654,22.009095114605998,21.287223793142232,-0.721871321463766
2022-11-25,18.716002255368107,1,29.309720721778206,33.29806770195336,3.9883469801751517,15.633313043660166,13.977491705177385,-1.655821338482781,5.562457961668471,4.39700594973975,-1.1654520119287213,20.42129776977532,19.52480257739822,-0.8964951923771025,25.785891651663846,27.440623139796415,1.654731488132569,15.583332383662636,13.658022458143506,-1.9253099255191302
2022-12-02,19.301228533503494,1,30.121533018191997,34.05071097360431,3.929177955412314,15.915745595655096,14.04325285138917,-1.8724927442659265,5.42959409170102,4.113894427813705,-1.3156996638873153,19.592016818805277,18.038729318769185,-1.5532875000360917,28.78931631241352,31.91131160386945,3.1219952914559315,15.959165364254062,13.64947202557515,-2.309693338678912
2022-12-09,19.20986980390688,1,28.448955864678112,31.466789371302752,3.0178335066246404,15.584169834049334,13.85832942400279,-1.725840410046544,6.043256121273444,4.621300930343665,-1.4219551909297792,20.086857049603978,18.82570346435928,-1.2611535852446991,28.743856510175448,32.19216134773201,3.448304837556563,16.352123443660957,14.29493428570079,-2.057189157960167
2022-12-16,19.77224023471338,1,29.15177471729757,32.67307665915453,3.5213019418569615,16.97548982428951,15.28204535760203,-1.693444466687481,7.332186827390174,5.759367367361634,-1.5728194600285406,19.85116239951695,18.590010430293447,-1.261151969223505,28.14545429278249,31.294041504354894,3.148587211572405,17.17737334700358,15.03490008951374,-2.14247325748984
2022-12-23,23.334426987049863,1,31.967932678624564,34.9970346094661,3.0291019308415343,21.63250281686291,19.68105664671006,-1.951446170152849,12.316756881224691,9.804491864179255,-2.5122650170454364,26.249549162506625,25.612635419990866,-0.6369137425157589,33.86087644983323,38.54607190788546,4.685195458052235,13.978943933247166,11.36527147406747,-2.6136724591796963
2022-12-30,26.261020338001046,1,37.466949481031165,41.36807359338799,3.9011241123568254,23.142777807157714,20.262322816369235,-2.880454990788479,15.111419974684154,11.155326394042731,-3.956093580641422,25.69976812326769,22.713997169495414,-2.985770953772274,41.46901982377829,50.96183482588575,9.492815002107463,14.676186818087274,11.104567228825175,-3.5716195892620988
2023-01-06,25.37640806778767,1,35.64347159078619,39.95793065067767,4.314459059891476,20.596646696955446,17.483551081884812,-3.113095615070634,16.80067051967525,13.141692008407432,-3.6589785112678186,25.66340744609593,22.507302676418206,-3.156104769677725,39.87558506888224,48.6619173200877,8.786332251205465,13.678667084330968,10.506054669250204,-3.1726124150807635
2023-01-13,25.66624975182477,1,35.878478168282825,40.21045575271209,4.331977584429268,22.903917690844253,20.225648531622397,-2.6782691592218555,16.155112542074534,12.727907270399996,-3.427205271674538,25.475737540699797,22.3760502961824,-3.0996872445173977,39.32946853276659,47.323036150906724,7.993567618140133,14.254784036280626,11.13440050912503,-3.120383527155596
2023-01-20,25.25713847713281,1,31.257210437142362,34.06554395119396,2.808333514051597,23.201837870898814,21.139051805400513,-2.062786065498301,15.121158341291022,11.95720828832981,-3.163950052961212,28.82817503966463,26.682141944174518,-2.146033095490111,37.869384444692614,45.026611275083695,7.157226830391082,15.265064729107408,12.672273598614325,-2.592791130493083
2023-01-27,23.731802195343125,1,31.726698680936693,35.116415003805585,3.3897163228688925,23.925529339232426,22.47958412198625,-1.4459452172461766,15.189796450592667,12.154971200867323,-3.034825249725344,21.0708713650979,17.91622435054383,-3.1546470145540724,35.59635615553432,42.58774244392515,6.991386288390828,14.881561180664747,12.135876050930591,-2.745685129734156
2023-02-03,27.642044396820165,1,36.40667533638516,39.08644170777572,2.6797663713905564,33.27351288588174,32.88262787776682,-0.3908850081149211,20.594291473325328,16.17540994805036,-4.418881525274969,23.902335873148417,19.23824155796615,-4.664094315182268,41.929517517381875,51.52450986755698,9.594992350175104,9.745933294798434,6.945035421804931,-2.8008978729935023
2023-02-10,22.971582784157647,1,29.687736112528626,30.20972201127934,0.5219858987507138,28.842889303188358,29.128580359946525,0.28569105675816786,16.095115724749277,13.551115678791376,-2.544000045957901,17.23608063096826,14.125080106922184,-3.1110005240460765,35.0559514109496,41.7901971009571,6.734245690007498,10.911723522561772,9.02480144704937,-1.8869220755124019
2023-02-17,23.6925957413799,1,29.721866048145614,29.074228636160697,-0.6476374119849169,34.46665367677414,38.79289526404126,4.32624158726712,15.5592028741396,12.414407034545505,-3.144795839594096,16.464655683855625,13.664216992927464,-2.8004386909281607,33.36677200871105,37.80508587133754,4.438313862626487,12.57642415665336,10.404740649266984,-2.1716835073863763
2023-02-24,24.68316009640786,1,30.175727925145083,28.92645154454911,-1.2492763805959726,36.36861071868425,41.79532669370843,5.42671597502418,15.572960344765875,12.009919159869398,-3.563041184896477,16.752177703582333,13.606527404634207,-3.1456502989481265,34.94405196406076,40.08859396559518,5.144542001534418,14.285431922208858,11.672141810090835,-2.6132901121180225
2023-03-03,25.319011437260325,1,30.859771519558535,30.051032088666858,-0.8087394308916771,35.91391254386873,40.59025735785667,4.676344813987939,15.526348409667705,12.073032418450111,-3.4533159912175933,18.632990255619944,15.765086484432544,-2.8679037711874003,35.05385534355618,40.03133972969191,4.977484386135728,15.927190551290849,13.403320544463838,-2.5238700068270106
2023-03-10,25.14486270157759,1,31.508831591178264,31.705085325103965,0.1962537339257011,35.17421652276063,39.73193621099439,4.55771968823376,14.412751039198298,11.22739502685421,-3.185356012344087,17.02344819245215,14.333201004449862,-2.6902471880022887,32.82490517813321,36.46337741370576,3.63847223557255,19.925023685742985,17.408181228357336,-2.51684245738565
2023-03-17,21.83166264396034,1,28.308733966515902,28.99796221927987,0.6892282527639679,29.562028949611744,31.687914771679914,2.1258858220681702,11.31593693742063,9.279382082883131,-2.036554854537499,14.00347205003267,12.192622893820172,-1.8108491562124982,28.52131352807244,31.133297023765053,2.6119834956926127,19.278490432108626,17.698796872333844,-1.5796935597747819
2023-03-24,20.166119368679766,1,23.968205550712625,23.741955509069797,-0.22625004164282814,25.594812439620156,27.130572215470593,1.5357597758504369,10.585488951707333,8.92324148142066,-1.6622474702866725,12.900807257199205,11.236882530131524,-1.6639247270676805,27.522576191929232,30.529295022198596,3.0067188302693637,20.424825820910044,19.434769453787453,-0.990056367122591
2023-03-31,21.08169081622837,1,25.874791022658428,25.888823886134276,0.014032863475847535,26.955389571199277,28.781859353443878,1.826469782244601,10.95290360294581,8.966656769593655,-1.9862468333521548,13.744315036790582,11.782568412885439,-1.9617466239051424,29.157833944569745,32.78852147871855,3.630687534148805,19.804911719206387,18.281714996594417,-1.5231967226119707
2023-04-07,19.56790198006984,1,23.24454814647116,23.048367338603114,-0.19618080786804626,25.930209921856402,27.8557193124754,1.9255093906189984,7.568694015266189,6.228717520744013,-1.3399764945221762,13.850150420462327,12.291151128526167,-1.5589992919361606,24.67980944933751,26.23913577851063,1.5593263291731176,22.133999927025457,21.744320801559724,-0.389679125465733
2023-04-14,19.042185933267564,1,23.244516174440534,23.249353957825463,0.004837783384928684,24.59537304537315,25.845332393009045,1.249959347635894,6.669104767819746,5.432053084675488,-1.2370516831442586,13.548962704820866,11.95613255719502,-1.5928301476258468,24.00740565748849,25.77788306453442,1.7704774070459308,22.187753249662606,21.992360542365944,-0.19539270729666214
2023-04-21,18.106063570223466,1,21.689711404897707,21.54935067704416,-0.14036072785354747,22.595988551301787,23.37532110007625,0.7793325487744625,7.2070922524204235,6.007584477173452,-1.1995077752469712,11.473447704408358,10.002963981674625,-1.4704837227337322,23.043617523968464,24.72396647449574,1.680348950527275,22.62652398434406,22.977194710876603,0.3506707265325417
2023-04-28,19.5770998253727,1,21.35376317271357,20.90598604094862,-0.44777713176495126,24.30774138612061,25.73561241752401,1.4278710314033987,12.55009710881123,10.926399936659294,-1.6236971721519353,11.943309284173708,10.321384237887031,-1.6219250462866768,24.1379430464155,26.1288856517361,1.9909426053205976,23.169744954001573,23.44433066748111,0.27458571347953864
2023-05-05,18.59924036887003,1,19.793767627659037,19.213714301632493,-0.5800533260265439,23.10322281929065,24.35254706896312,1.249324249672469,12.153210356352687,10.637948363145057,-1.5152619932076306,10.818772428424126,9.27900991474408,-1.5397625136800457,23.903204551108203,26.213766844417037,2.310562293308834,21.823264430385493,21.898455720318424,0.07519128993293123
2023-05-12,18.81136885123293,1,21.009668838830663,20.707656044728594,-0.30201279410206894,24.12802047432801,25.71669264239003,1.5886721680620184,12.909271474581871,11.36395725282972,-1.5453142217521503,10.689849513348989,9.224992407488358,-1.4648571058606308,23.171177930513508,25.146344608875495,1.9751666783619868,20.96022487579455,20.708570151085354,-0.2516547247091978
2023-05-19,20.290683861919806,1,18.611138990329707,17.40849295159866,-1.2026460387310465,24.535128139508785,25.765123846976252,1.2299957074674666,14.850468655230387,13.2184709720932,-1.631997683137186,11.394081825510142,9.516190179094977,-1.877891646415165,26.146377404064793,28.66295922977558,2.5165818257107873,26.206908156875016,27.17286599198013,0.9659578351051152
2023-05-26,19.515165865876664,1,17.286760785029912,16.27923555144099,-1.0075252335889218,22.403330074782446,23.25338167533843,0.8500516005559859,17.350514006858788,16.25555617770391,-1.094957829154879,10.91340637454448,9.123313751093676,-1.7900926234508034,25.82986600925642,28.60502007354809,2.7751540642916694,23.307117944787947,23.574487966134882,0.26737002134693455
2023-06-02,19.108142064848096,1,16.889395787146725,16.069266814176913,-0.8201289729698118,19.44340408310532,19.460868633113193,0.017464550007872504,19.152689247147052,18.425203180542113,-0.7274860666049392,10.315922125818844,8.389287443228625,-1.926634682590219,27.56065798942285,31.478249664451724,3.9175916750288735,21.286783156447783,20.825976653576006,-0.46080650287177605
2023-06-09,17.02204111170638,1,14.545397752805243,13.700234521046994,-0.8451632317582494,18.09018712615996,18.30544680037879,0.21525967421882797,13.536676466697898,12.354622641620892,-1.1820538250770056,8.825546059205053,7.222489793007014,-1.6030562661980383,25.702795132891055,29.12684747366235,3.424052340771297,21.431644132479065,21.422605440522247,-0.009038691956817502
2023-06-16,17.688044872184168,1,15.998480600538315,15.265025794008466,-0.7334548065298492,17.039924721592868,16.915456597887925,-0.12446812370494342,15.23299555311587,14.046446413766404,-1.1865491393494665,10.040372289343964,8.24344491480025,-1.7969273745437135,27.043115237632634,31.16017611588265,4.117060878250015,20.773380830881365,20.497719396759322,-0.2756614341220427
2023-06-23,20.28941045224132,1,23.378560737756118,24.159422245002972,0.7808615072468541,17.160443545615678,16.091234809910503,-1.0692087357051747,18.83153023412123,17.34252912357114,-1.4890011105500918,10.72770113643385,8.63192432212658,-2.0957768143072713,28.857346497364603,33.077059996350144,4.219713498985541,22.78088056215644,22.434292216486554,-0.34658834566988617
2023-06-30,18.732768926217958,1,20.668695221181622,20.971398106319512,0.3027028851378901,13.081518025852958,11.858115704790805,-1.223402321062153,16.053828760091562,14.465839835718981,-1.5879889243725813,11.314533033783093,9.266302811382644,-2.0482302224004485,28.765108189865302,33.263671466758325,4.498563276893023,22.51293032653321,22.571285632337506,0.05835530580429804
2023-07-07,18.460832823401518,1,22.240507416277225,23.25351808581314,1.013010669535916,14.011400403610665,12.675412216338316,-1.3359881872723491,15.280454965705943,13.511998321052516,-1.7684566446534262,9.509496542584657,7.7614483411467035,-1.7480482014379533,26.91458477886883,30.568835200687573,3.6542504218187446,22.808552833361787,22.993784775370827,0.18523194200903959
2023-07-14,19.62944074214404,1,23.392574267751215,24.38770879784184,0.995134530090624,16.13373090112171,14.905897006851575,-1.227833894270134,18.074647452840665,16.48627169573419,-1.5883757571064763,8.980284535502719,7.280576813745654,-1.6997077217570649,27.724999213107097,31.276120926818592,3.5511217137114954,23.470408082540843,23.440069211872384,-0.03033887066845864
2023-07-21,18.70385969117085,1,20.445077191351345,20.850899277874902,0.4058220865235569,11.48723694902128,10.266509094352543,-1.2207278546687377,20.109775820874717,18.63164727692724,-1.4781285439474772,7.542990185707808,5.880820445174152,-1.6621697405336562,30.0862911802612,34.75645693960993,4.670165759348734,22.551786819808754,21.836825113086334,-0.7149617067224199
2023-07-28,18.115722778083054,1,19.688858523573572,19.68600360271897,-0.002854920854602483,12.879264178082877,11.919793014004881,-0.9594711640779963,20.20477184134515,19.58089507697673,-0.6238767643684184,6.771689314546521,5.56725437531189,-1.2044349392346305,27.064444025682434,30.038895442704074,2.9744514170216405,22.08530878526777,21.901495156781735,-0.18381362848603544
2023-08-04,20.07639092668751,1,23.175744446036305,23.581711635635017,0.40596718959871225,12.358817733336721,11.04079877720855,-1.3180189561281708,25.077695157234956,25.839821758722238,0.7621266014872816,10.784487860240773,9.130554725434365,-1.6539331348064081,27.601698921845298,30.05375351541001,2.4520545935647107,21.459901441431,20.811705147714846,-0.6481962937161541
2023-08-11,20.105167449784037,1,24.017421902065763,24.16338532696831,0.145963424902547,8.684998382612136,7.443287131817229,-1.241711250794907,26.972792551211512,27.53755535690439,0.5647628056928795,10.959746855672492,8.92662003015731,-2.0331268255151826,30.57988651488263,34.58064802491329,4.000761510030657,19.416158492259697,17.979508827943718,-1.4366496643159792
2023-08-18,19.977862013993068,1,24.551516611460684,24.963428295081158,0.4119116836204739,8.143231951540415,6.802349777793296,-1.3408821737471186,26.080098381841424,26.238756085451143,0.15865770360971965,9.809252503263892,7.877924272960527,-1.9313282303033645,30.612541923556165,34.72318071955536,4.1106387959991935,20.67053071229583,19.261532933116897,-1.4089977791789323
2023-08-25,21.259845942686887,1,26.635834422456227,27.346610277153857,0.7107758546976299,13.007155644399987,11.403295184308831,-1.6038604600911555,27.163347965707544,26.804212566368633,-0.3591353993389106,6.8830024955925495,5.396543098008721,-1.486459397583829,31.462633455746484,35.2864845529803,3.8238510972338133,22.40710167221853,21.32192997730104,-1.0851716949174914
2023-09-01,21.350757084122307,1,24.581960869902176,23.953254825206358,-0.6287060446958179,9.444269709640125,7.838900164072598,-1.6053695455675268,28.934916622834834,28.63445736395579,-0.30045925887904446,4.941037602689335,3.767045338024829,-1.1739922646645056,35.51357169061524,41.48299600232758,5.969424311712345,24.688786009052123,22.427888811146644,-2.2608971979054786
2023-09-08,21.758104669171598,1,24.594431214508006,24.014267472823562,-0.5801637416844443,10.786572960255725,8.983596289732304,-1.802976670523421,29.287995788087343,29.094901262946735,-0.19309452514060865,4.666413505368482,3.454391457826631,-1.2120220475418506,35.85100284661114,41.8300133168533,5.979010470242159,25.36221170019887,23.171458214846993,-2.190753485351877
2023-09-15,20.471771651189012,1,25.271539663344612,25.220744105568485,-0.05079555777612654,8.865834119311856,7.3143763005594735,-1.5514578187523824,28.17206599828357,28.036425509710128,-0.13564048857344346,4.538353732017185,3.415208357097299,-1.1231453749198863,33.91527603724582,39.19776701001864,5.28249097277282,22.067560356931025,19.64610862418006,-2.421451732750967
2023-09-22,21.6955528362783,1,26.432282347222042,26.766376905202947,0.3340945579809045,14.144799596824797,12.176662542841797,-1.9681370539829999,27.969573836107045,27.644902011234223,-0.32467182487282287,4.25826843236149,3.176342770731736,-1.0819256616297537,33.060654736916774,37.252031856833085,4.191377119916311,24.307738068237654,23.157000930826058,-1.1507371374115962
2023-09-29,21.59492027468589,1,25.22189570196818,25.557625681072153,0.3357299791039736,14.419229505230305,12.721317201507702,-1.6979123037226032,26.42270177418152,25.45968332823263,-0.9630184459488902,7.106216149429798,5.199006965518592,-1.9072091839112062,33.262925471068186,38.69964846010389,5.436722989035701,23.136553046237353,21.93224001168035,-1.2043130345570034
2023-10-06,21.4034922467922,1,24.964167283862096,24.96324533767681,-0.0009219461852865152,15.20139158510959,13.786764014558116,-1.414627570551474,27.99471184131491,28.01184460463527,0.017132763320361732,7.993357987084337,6.212128008794679,-1.7812299782896588,31.3075214190967,35.13786862760416,3.8303472085074617,20.95980336428559,20.3091028874842,-0.65070047680139
2023-10-13,20.12143583558446,1,22.158987448717454,21.511158838471744,-0.6478286102457105,15.682088244171169,14.606369533857617,-1.0757187103135522,26.848234678552174,27.801457084816363,0.9532224062641887,7.25133903542573,5.689715901468347,-1.561623133957383,28.34138535385847,31.100657139912784,2.7592717860543132,20.44658025278177,20.019256514979915,-0.4273237378018564
2023-10-20,21.286370126477877,1,26.2136930527073,26.20940602327552,-0.004287029431779388,14.120065048178077,12.876180230545302,-1.2438848176327753,30.025243856551512,31.63812397024202,1.6128801136905082,9.917162013664154,8.38092762132868,-1.5362343923354729,29.267047890161663,30.462520462925298,1.1954725727636344,18.175008897604556,18.1510624505504,-0.023946447054157716
2023-10-27,18.99323256285452,1,25.420322825677985,25.473274207468492,0.05295138179050696,10.346479787836032,9.119767641956841,-1.2267121458791905,28.421731109633058,29.693459999630008,1.2717288899969503,7.185524723531984,6.012337420261289,-1.1731873032706943,28.416327045156265,30.28847658572765,1.8721495405713853,14.169009885291786,13.372079522082814,-0.7969303632089719
2023-11-03,20.13787694669133,1,20.771753447278243,19.49255116864539,-1.2792022786328516,19.268470493210373,18.396697132194888,-0.8717733610154852,26.71320467893581,28.31778573940734,1.6045810604715314,7.173283195995197,5.941392637424727,-1.2318905585704698,26.19063630787403,27.674669943572127,1.484033635698097,20.709913556854318,21.004165058903467,0.29425150204914985
2023-11-10,19.067289768831053,1,18.519163419428864,17.11340097014194,-1.4057624492869252,17.064663778767596,16.342137582078777,-0.7225261966888183,25.772288456696003,27.51572174086101,1.7434332841650075,9.567212736114541,8.231768649975933,-1.335444086138608,25.246075232469636,26.83127032577572,1.5851950933060834,18.234334989509676,18.369439344152937,0.13510435464326065
2023-11-17,16.943913365633335,1,17.804765638917175,16.118618711686167,-1.6861469272310075,9.904526038927443,8.783282681497809,-1.121243357429634,25.083688577175067,26.71308835948767,1.6293997823126034,9.101944530855533,7.904721435213929,-1.1972230956416041,27.07391180411726,30.320137154159013,3.2462253500417546,12.694643603807535,11.823631851755408,-0.8710117520521266
2023-11-24,16.97511019053196,1,17.768116235062024,16.022781523298804,-1.7453347117632205,9.86058352937961,8.72668632106813,-1.133897208311481,25.196980012212308,26.830583033680526,1.6336030214682182,8.299750729853145,7.095955379176644,-1.2037953506765007,27.443198485524476,30.844010425846335,3.4008119403218586,13.282032151160195,12.330644460121334,-0.9513876910388603
2023-12-01,16.50293151208719,1,16.348995382049054,14.612636840058585,-1.7363585419904695,10.02343927718205,8.867425142741752,-1.1560141344402979,25.498913523378334,27.747575626096307,2.2486621027179723,7.451423136396443,6.377363094352404,-1.0740600420440387,25.845271243052764,28.36016560065191,2.5148943575991467,13.849546510464492,13.05242276862218,-0.7971237418423129
2023-12-08,16.550343499047305,1,15.581597910787366,13.604532736900282,-1.977065173887084,9.85892718778915,8.744456959989975,-1.114470227799174,26.236855534201652,28.699174550817503,2.462319016615851,8.935385593962692,7.585488604355206,-1.3498969896074868,26.84243499543814,29.935018180899633,3.0925831854614927,11.846859772104835,10.733389961321208,-1.1134698107836272
2023-12-15,16.170776119029355,1,15.937434634719196,14.235606614609338,-1.7018280201098577,9.939805092824301,9.088084451871183,-0.8517206409531184,24.3149830262264,25.72364945068057,1.408666424454168,7.746341107581827,6.5432807249325435,-1.2030603826492836,26.49952005617682,29.79341341498079,3.2938933588039703,12.586572796647587,11.640622057101723,-0.9459507395458644
2023-12-22,14.190777573323942,1,15.743511177331385,14.605030092103533,-1.138481085227852,5.309581536641588,4.684752190050418,-0.6248293465911701,22.372654176694283,23.239278181010874,0.8666240043165914,7.348137591792479,6.310037684352295,-1.0380999074401842,25.107338881803926,28.257020309365842,3.149681427561916,9.26344207567999,8.048546983060675,-1.2148950926193152
2023-12-29,13.903295636830014,1,15.910996994050038,14.995269839506406,-0.9157271545436316,4.982096706756053,4.423121215418817,-0.558975491337236,21.621626761281902,22.14881548782064,0.5271887265387392,4.465341236730737,3.9332735649643666,-0.5320676717663702,24.491745994190964,27.133008822960775,2.641262828769811,11.947966127970389,10.786284890309076,-1.1616812376613126
2024-01-05,14.50043918018737,1,16.028850171280524,15.137311915728006,-0.8915382555525184,6.790247030979941,6.088079623585429,-0.7021674073945121,19.39541612086923,18.34685392179142,-1.0485621990778071,4.317445145356388,3.7427171607097307,-0.5747279846466569,27.951244905696655,32.608654668093905,4.657409762397251,12.51943170694149,11.079017791215762,-1.4404139157257276
2024-01-12,14.459015251780452,1,15.339853871022754,14.243604903312146,-1.0962489677106078,7.012915363221964,6.344140584078829,-0.6687747791431349,19.686867152207498,18.617064072710974,-1.0698030794965234,3.8791776289610453,3.3988335479495078,-0.4803440810115376,28.106485763458508,32.81796027064313,4.711474507184619,12.728791731810944,11.332488131988143,-1.3963035998228008
2024-01-19,15.289457879253144,1,14.442686556766418,13.35442598699143,-1.088260569774988,12.647984815263655,11.634249461584815,-1.0137353536788396,20.937954111682103,19.98966840991838,-0.948285701763723,3.5757397158798625,3.0642528390303454,-0.5114868768495171,28.878625755604617,34.02625940901794,5.1476336534133225,11.25375632032221,9.667891168975942,-1.585865151346269
2024-01-26,15.698480119783653,1,14.787508348586769,13.809957889640373,-0.9775504589463964,12.452887959857108,11.32918992969681,-1.1236980301602983,21.059402199357663,20.126158167647176,-0.9332440317104869,4.446215608563605,3.9632557403680266,-0.4829598681955787,28.832318060348257,33.713136337047914,4.880818276699657,12.612548541988517,11.24918265430162,-1.3633658876868964
2024-02-02,15.907037005708196,1,15.765563725151296,14.485557361763867,-1.2800063633874288,10.03037039929481,8.69092374005777,-1.3394466592370406,21.065826304182067,19.988791789996966,-1.077034514185101,4.1517904711357545,3.6698739533460696,-0.4819165177896849,29.94064906985234,35.38385828681787,5.443209216965528,14.4880220646329,13.223216902266657,-1.264805162366244
2024-02-09,15.686539601214593,1,14.361572547526748,12.94611354600481,-1.4154590015219384,10.118201584736795,8.814987581102073,-1.3032140036347215,19.468596718165145,18.08546854923739,-1.3831281689277546,4.5519215811682585,3.99361876475065,-0.5583028164176085,29.872847464794063,35.5917468806112,5.718899415817134,15.74609771089655,14.687302285581438,-1.058795425315111
2024-02-16,15.60197513358785,1,16.88298940966392,16.10972619914409,-0.7732632105198292,9.427496049986857,8.137812542911973,-1.2896835070748836,19.64867550219597,18.82277574742548,-0.8258997547704894,6.2219845736110955,5.651170564044861,-0.5708140095662344,27.02693779469604,30.76616126556212,3.7392234708660794,14.403767471373214,14.124204482438529,-0.27956298893468556
2024-02-23,14.50025583858953,1,13.977339089866064,12.947498822759329,-1.029840267106735,11.951253071442167,10.808047716355105,-1.143205355087062,19.929482322041935,19.750982954572578,-0.17849936746935668,4.779036561716708,4.431552428685819,-0.3474841330308891,25.17136974961683,28.157912276813562,2.9865425271967325,11.19305423685347,10.905540832350809,-0.2875134045026613
2024-03-01,11.400332287076703,1,12.058198959184637,11.760790663498554,-0.2974082956860826,10.948255086285016,10.71969695748271,-0.2285581288023053,11.840847159608629,11.38078475221019,-0.4600624073984392,5.859521813774322,5.5502674243548,-0.30925438941952166,17.349909858960373,18.55378123554236,1.2038713765819864,10.345260844647242,10.436672689371633,0.09141184472439079
2024-03-08,12.491356990117167,1,13.982886312717625,13.602228190190104,-0.38065812252752096,7.449229371295132,6.796734568008944,-0.6524948032861886,16.622387149261442,16.480678740081515,-0.14170840917992678,6.164420109293317,5.8772843623928,-0.2871357469005176,20.076237961678373,21.59054410953712,1.514306147858747,10.652981036457106,10.600671970492485,-0.05230906596462148
2024-03-15,11.518139677656409,1,13.507283312522105,13.527775061898552,0.020491749376446933,6.521432129865985,6.020521098025583,-0.5009110318404026,8.21487620674175,7.695601776442999,-0.5192744302987506,9.35148518543619,8.652755065447963,-0.6987301199882268,14.354368664826751,14.905360140087708,0.5509914752609575,17.159392566545677,18.306824924035624,1.1474323574899472
2024-03-22,12.064911248701902,1,14.966371253314875,15.24438797252732,0.2780167192124452,10.443973680392887,10.02084930140498,-0.42312437898790733,7.763314755792962,7.405854378818077,-0.35746037697488475,10.237548126853241,9.518241861907896,-0.7193062649453452,11.219762643509739,11.203468313749212,-0.016294329760526693,17.758497032347705,18.996665663803938,1.238168631456233
2024-03-29,14.476140223593845,1,14.866518512923804,14.835915287724092,-0.03060322519971237,10.901830497025628,10.270893841275438,-0.6309366557501903,11.574315689488486,11.428300730338677,-0.14601495914980944,18.73928248833124,18.97265644492515,0.23337395659390836,10.35686939341258,10.08379147901968,-0.27307791439289986,20.41802476038133,21.265283558280018,0.8472587978986894
2024-04-05,12.06176463986315,1,13.371067157253492,13.388127358005875,0.01706020075238257,6.5421319871664565,6.058083775489152,-0.4840482116773046,9.77183327632703,9.611498284503028,-0.16033499182400135,14.674463772717488,14.477078474269405,-0.19738529844808284,9.720617908638502,9.55604493366971,-0.16457297496879164,18.290473737075928,19.279755013241754,0.9892812761658263
2024-04-19,10.245730065595504,1,10.821718480788675,10.5197235074708,-0.30199497331787484,6.4924766519073245,6.2025529990427515,-0.289923652864573,8.635281800976315,8.491339965983002,-0.14394183499331348,10.843932325244737,10.377912688792577,-0.4660196364521596,8.095828990448254,8.049710394585318,-0.04611859586293576,16.585142144207722,17.833140837698522,1.2479986934907998
2024-04-26,10.020107857418111,1,8.433711263206362,7.680828455160835,-0.752882808045527,6.346146558445312,6.105018912139855,-0.2411276463054577,6.18927190621126,5.638337313566936,-0.5509345926443245,14.51135696379069,14.342200372064951,-0.16915659172573783,5.672687841577371,5.559280092475163,-0.1134077491022083,18.96747261127767,20.79498199910097,1.827509387823298
2024-05-03,10.014697421459237,1,8.480075938495375,7.808950690241204,-0.671125248254171,7.016427624344203,6.875565841179551,-0.14086178316465237,5.864336799911769,5.498091757752277,-0.36624504215949116,14.62773020206825,14.540189043554705,-0.08754115851354527,6.070880438214488,5.932827864245823,-0.13805257396866466,18.028733525721336,19.43255933178189,1.4038258060605528
2024-05-10,11.037918080686772,1,6.335918884071887,5.626559494405086,-0.7093593896668011,7.663612538104445,7.291703949097453,-0.371908589006992,6.758780442814839,6.269435211788419,-0.48934523102641947,16.460880943882003,16.729192766370716,0.26831182248871244,11.064009785496012,11.189720356474325,0.12571057097831329,17.944305889751448,19.120896705984663,1.1765908162332153
2024-05-17,12.509931840493339,1,12.127860259861876,11.548790589115512,-0.5790696707463638,8.399318869485668,7.9658615325339355,-0.43345733695173294,6.629424819364786,6.100980816961027,-0.5284440024037593,18.053913493552102,18.689119722507456,0.6352062289553544,11.636713461518553,11.781632827167357,0.14491936564880348,18.21236013917705,18.97320555467475,0.7608454154976982
2024-05-24,12.651510923861737,1,11.597950987387051,10.879154934386747,-0.7187960530003039,9.806775927235108,9.103854948603043,-0.7029209786320649,6.926295796207654,6.410321818172591,-0.5159739780350634,20.388517076767727,22.271474145200372,1.8829570684326455,10.67955526758145,10.586809548649114,-0.09274571893233485,16.50997048799144,16.657450148158546,0.14747966016710734
2024-05-31,12.547180938901805,1,16.172630340778483,16.150444481218912,-0.02218585955957053,7.134065399851096,6.645140343707141,-0.4889250561439553,7.9761406068025025,7.484187261476507,-0.4919533453259959,16.739587712362635,17.494877301621955,0.7552895892593199,9.978856223026327,9.758360543283985,-0.22049567974234208,17.281805350589792,17.75007570210235,0.46827035151255814
2024-06-07,13.579946940195102,1,20.20023534796414,21.263352021654654,1.0631166736905158,6.964221436328998,6.457433295163128,-0.5067881411658703,8.025687918550247,7.532728941575556,-0.49295897697469115,17.250231252194553,17.37446165718208,0.12423040498752869,11.739487337931962,11.305380225404221,-0.4341071125277409,17.299818348200716,17.546325500190946,0.24650715199022954
2024-06-14,13.801136529221035,1,21.02611917387928,22.305218636015624,1.2790994621363438,6.842095187021215,6.3057553765093814,-0.5363398105118335,8.0287388535436,7.500973326309364,-0.5277655272342372,17.53548258324456,17.606035313632177,0.07055273038761811,11.751532238338939,11.27959164102856,-0.47194059731037896,17.622851139298618,17.809244881831134,0.18639374253251617
2024-06-21,20.043442496333746,1,26.212062097271968,27.36427825320662,1.1522161559346529,11.482622981864154,10.448908125387675,-1.0337148564764789,8.197261960192833,7.2598556771849445,-0.9374062830078884,28.745020777300283,30.556626008157053,1.8116052308567703,24.6219018533546,24.577025641071685,-0.04487621228291516,21.00178530801864,20.0539612729945,-0.9478240350241407
2024-06-28,17.06257473447901,1,24.104666959809435,25.5205967131115,1.4159297533020663,8.022815653210742,7.335116809235828,-0.6876988439749141,9.011659696402035,8.32093957489893,-0.6907201215031051,24.62477049522765,25.916457965446327,1.291687470218676,18.825215921403725,17.871540382871146,-0.953675538532579,17.786319680820483,17.41079696131034,-0.37552271951014404
2024-07-05,14.63028718488957,1,16.468456017007583,16.4588181451669,-0.0096378718406811,8.170276201350717,7.622791394972097,-0.5474848063786197,7.073239546205215,6.5747594847761235,-0.49848006142909185,22.799214030965203,24.42868296522579,1.6294689342605864,18.788659783393882,18.489225359811982,-0.2994344235819,14.48187753041482,14.207445759384541,-0.2744317710302795
2024-07-12,13.424372022736506,1,15.570179931958435,15.936666533633442,0.3664866016750068,8.327778232511434,7.894759819457775,-0.4330184130536594,6.5093664897974435,6.108390075335478,-0.4009764144619652,20.122127388986954,20.96458362536505,0.8424562363780979,18.158981870041146,18.15104251843411,-0.007939351607035405,11.857798223123623,11.490789564193165,-0.36700865893045886
2024-07-19,15.964746544319256,1,17.26720425436548,17.32082417610276,0.0536199217372797,13.444617107987284,13.304816713210528,-0.13980039477675632,9.032012341885846,8.509779443708808,-0.5222328981770374,23.323370076960884,25.070264280436533,1.746894203475648,18.837677350480377,18.176382259113495,-0.6612950913668811,13.883598134235669,13.406412393343416,-0.47718574089225285
2024-07-26,15.172851167511567,1,16.724856314364757,16.863892091452257,0.13903577708749992,13.234175028787718,13.173187375974408,-0.06098765281330998,8.822548340182948,8.33678700934152,-0.48576133084142725,21.701458400157335,23.066359779668417,1.3649013795110818,17.845471430001083,17.3229795472177,-0.5224918827833847,12.70859749157556,12.2739012014151,-0.43469629016045985
2024-08-02,14.82582267893045,1,14.44971923773403,14.0092363209573,-0.44048291677673035,17.509373456403452,18.539234695003273,1.0298612385998211,10.849333385283785,10.127923661169888,-0.7214097241138973,19.69399513680264,21.063160890431575,1.3691657536289341,15.15726206945034,14.602440694945145,-0.5548213745051953,11.295252787908453,10.612939811075506,-0.6823129768329466
2024-08-09,14.271427368165332,1,13.371655498917676,12.832005514384804,-0.5396499845328719,18.94257803202693,20.364770321349894,1.4221922893229646,12.414922141965008,11.706139763057536,-0.7087823789074719,17.117091115992906,17.976309730678423,0.859218614685517,13.862531975445592,13.39174106572041,-0.47079090972518145,9.919785444643878,9.357597813800894,-0.5621876308429847
2024-08-16,13.650449682086943,1,12.256387131436725,11.562747831678436,-0.6936392997582885,20.338723598988366,22.183923208699838,1.8451996097114716,13.939337037282513,13.178489448348287,-0.7608475889342259,15.03886204300322,15.648976966301078,0.6101149232978571,12.760085741483138,12.32578126732588,-0.43430447415725837,7.569302540327698,7.00277937016817,-0.5665231701595275
2024-08-23,14.90282030511146,1,12.783354153929707,11.924744150349994,-0.8586100035797131,21.982317106512667,24.248269875596264,2.265952769083597,14.12761013995268,13.164284383651903,-0.963325756300776,13.781143269703577,13.721552473495748,-0.05959079620782859,15.860035951105601,15.948158129771059,0.0881221786654578,10.882461209464523,10.409912817803772,-0.4725483916607516
2024-08-30,15.009437617143085,1,13.78705049721512,13.05619991469122,-0.7308505825238996,21.70728269493263,23.887285037355255,2.1800023424226254,13.626248659106437,12.644696632243566,-0.9815520268628717,14.39785402882174,14.454752842415644,0.056898813593903697,15.34210257343365,15.324814429003965,-0.01728814442968485,11.196087249348935,10.688876847148876,-0.5072104022000588
2024-09-06,14.330839721156034,1,15.025178219439638,14.514896134809945,-0.5102820846296936,21.847713616249578,24.112792283659843,2.2650786674102648,13.724762854259325,12.660205771539168,-1.0645570827201567,14.127077600842952,14.473492049921504,0.34641444907855146,11.312926472778784,10.858666352790337,-0.4542601199884473,9.947379563365928,9.364985734215452,-0.582393829150476
2024-09-13,14.338038667524152,1,13.118200079262522,12.435010659836308,-0.6831894194262134,20.768913775802076,22.68890213506434,1.9199883592622626,14.053219518761566,13.23529435254946,-0.8179251662121061,14.101018238197426,14.43106748918565,0.3300492509882247,10.786783814732573,10.301492811109995,-0.48529100362257793,13.200096578388752,12.936464557399148,-0.26363202098960414
2024-09-20,14.61121198735001,1,12.363113522408966,11.673812243174524,-0.6893012792344422,19.09209433575792,20.47180074278465,1.379706407026731,13.229502833294958,12.488689458246256,-0.7408133750487025,16.036911164359296,16.63156430391453,0.5946531395552341,11.799049423331283,11.23108820973033,-0.5679612136009524,15.14660064494764,15.1703169662498,0.02371632130216028
2024-09-27,14.856915556511067,1,11.921468244857778,11.16161633982857,-0.7598519050292083,18.440814353781036,19.562465346350663,1.1216509925696272,12.993650497281891,12.239348954186937,-0.7543015430949538,16.101899836485927,16.52542648242685,0.4235266459409246,12.348847454973054,11.756210828173622,-0.5926366267994325,17.334812951686715,17.896425388099757,0.5616124364130428
2024-10-04,14.70016027625374,1,12.629947648701943,12.063898056068751,-0.5660495926331919,17.219428671923964,17.97207352413848,0.7526448522145159,13.970481523205649,13.572164471492002,-0.3983170517136472,16.74548782808165,17.41428094700035,0.6687931189186997,12.841846290604593,12.352246809625939,-0.48959948097865436,14.793769695004642,14.82629784919689,0.0325281541922493
2024-10-11,14.89168733558459,1,14.369284448135147,14.139695852591657,-0.22958859554348976,16.167887329530714,16.514297768131,0.3464104386002873,13.673718622419784,13.332535709008923,-0.3411829134108615,16.12980921234991,16.550379826537466,0.4205706141875538,13.128102024182596,12.68817612397767,-0.4399259002049263,15.881322376889386,16.12503873326081,0.2437163563714222
2024-10-18,15.319706915902222,1,14.939380048759489,14.320712691593357,-0.6186673571661316,21.060107636275575,22.772256376332024,1.712148740056449,9.001304414160998,8.084492972239204,-0.9168114419217943,15.762972993280826,15.960843454458285,0.19787046117745888,13.975134842060939,13.526550545410643,-0.44858429665029576,17.1793415608755,17.253385455379814,0.07404389450431381
2024-10-25,11.413011634904157,1,10.776487041170341,10.680099366193119,-0.09638767497722256,12.28146207494504,12.46496311127136,0.18350103632631942,9.031402230817392,8.735772974075928,-0.29562925674146356,12.89008797216178,13.15875034451841,0.26866237235662993,11.287563851254362,11.130916368159362,-0.15664748309499998,12.211066639076023,12.307567645206774,0.09650100613075097
2024-11-01,12.578626595684847,1,10.034789068687843,9.676846304106377,-0.3579427645814661,13.213441266748632,13.474346639842537,0.26090537309390527,8.604344386644982,8.140469397682466,-0.463874988962516,14.860388600042697,15.202505201546444,0.3421166015037471,14.288332821372393,14.25346098976705,-0.03487183160534357,14.47046343061254,14.724131041164185,0.2536676105516449
2024-11-08,12.251522762086765,1,10.737606675004358,10.456408010867719,-0.28119866413663885,13.649346149301465,14.035694454259797,0.3863483049583323,8.750230500566175,8.341053603881093,-0.40917689668508217,12.904745359015678,12.94386352021688,0.03911816120120193,13.888780232659869,14.020592024449684,0.13181179178981495,13.578427655973044,13.711524958845445,0.1330973028724003
2024-11-15,11.637727857394275,1,8.108139362235846,7.5955470340608,-0.512592328175046,14.747819680976903,15.7194152422135,0.9715955612365974,8.500505483405831,8.001576490139342,-0.4989289932664889,12.082151285681618,11.825109620990787,-0.25704166469083134,15.01718944780589,15.575793311668008,0.5586038638621176,11.370561884259558,11.108925445293224,-0.2616364389663346
2024-11-22,12.915356945461376,1,7.788186262306795,7.058981254367211,-0.7292050079395835,18.82160844978887,20.065289200793245,1.2436807510043764,7.789960262011704,7.063729683209331,-0.7262305788023724,12.680427504075297,11.75121163054716,-0.9292158735281362,21.265219297342185,23.184249698182413,1.919030400840228,9.146739897243407,8.368680205668866,-0.7780596915745406
2024-11-29,12.4133766259487,1,7.910461587704788,7.339038073909165,-0.5714235137956223,18.55081389191345,19.863242671897112,1.3124287799836623,8.601134129070104,7.867663207740108,-0.7334709213299959,12.250038355823577,11.576000033985594,-0.6740383218379833,19.184133306255745,20.413740652612418,1.2296073463566728,7.983678484924539,7.4205751155478055,-0.5631033693767336
2024-12-06,13.519870195589062,1,6.953894679873699,6.288917471977811,-0.6649772078958875,19.108068726320496,19.72730765251724,0.6192389261967435,9.866989173781505,9.305240956986466,-0.5617482167950385,15.409871921559315,14.901005545911943,-0.5088663756473721,22.135219914085766,23.893139286485905,1.7579193724001385,7.645176757913589,7.003610259654991,-0.641566498258598
2024-12-13,14.535222703070227,1,10.126132858430765,9.138564642792446,-0.9875682156383192,22.173097258733577,23.507518870906367,1.3344216121727897,8.96548826139636,8.41024214693762,-0.5552461144587397,14.940314802559726,14.300833922683523,-0.6394808798762028,22.841524312558803,24.306236366138208,1.4647120535794045,8.164778724742135,7.547940268963231,-0.616838455778904
2024-12-20,15.797801279191631,1,11.345605123261763,10.18299543938872,-1.1626096838730433,23.83595911710657,25.314651478933072,1.4786923618265035,8.987496147970859,8.274070817623823,-0.7134253303470359,16.900110231446078,16.109032297095467,-0.7910779343506107,25.064635951683897,27.002785480976,1.9381495292921045,8.653001103680623,7.903272161132705,-0.7497289425479181
2024-12-27,16.991266186244506,1,11.220504257100359,9.848529419090767,-1.3719748380095922,25.300131884602834,26.292772584010677,0.9926406994078434,9.610575527872484,8.815855604654672,-0.7947199232178122,19.040429516189704,18.17437015833552,-0.8660593578541835,28.2367706822764,31.220756657440106,2.983985975163705,8.539185249425259,7.595312693935327,-0.9438725554899321
2025-01-03,12.1968622373428,1,10.3133032761543,9.82839505279702,-0.4849082233572801,18.52690661918922,18.762384330395975,0.2354777112067552,5.708589248398795,5.365837143569763,-0.3427521048290316,10.98345286138364,10.14135867973414,-0.8420941816495002,21.639861600881503,23.61964168177461,1.9797800808931072,6.0090598180493515,5.463556535785301,-0.5455032822640504
2025-01-10,13.567367564822513,1,11.68180199990735,10.825102959424001,-0.856699040483349,21.495435461343348,22.612341846829707,1.1169063854863595,7.4124932757583935,6.918766620189231,-0.4937266555691622,13.394650358523137,13.092483489688604,-0.3021668688345329,21.663239645754317,22.84802384782168,1.1847842020673625,5.756584647648538,5.107486624981874,-0.6490980226666636
2025-01-17,13.640699248655155,1,8.61658335277447,8.24381156665568,-0.3727717861187898,20.30206040691128,20.10688514027011,-0.19517526664117213,9.327010332381178,8.887833213261487,-0.43917711911969093,13.703437750312261,13.258653307251137,-0.4447844430611241,23.826957432238473,25.79767440404855,1.9707169718100772,6.06814621731327,5.54933786044397,-0.5188083568693003
2025-01-24,13.284022544194201,1,8.783194693774334,8.092641841073515,-0.6905528527008187,20.78390462009058,21.11195825449431,0.32805363440373014,6.982738376120508,6.38497455839007,-0.5977638177304385,13.712857829813117,13.59849166885705,-0.11436616095606666,23.020433051147137,24.601095510165962,1.580662459018825,6.421006694219528,5.91497343218434,-0.5060332620351886
2025-02-07,13.674481507117319,1,7.483696473794623,6.763609872538069,-0.7200866012565541,20.423652589032542,21.211181314552107,0.7875287255195644,10.497181692913685,9.83792029039256,-0.6592614025211248,14.94310413357259,15.05577788963437,0.1126737560617812,21.23890416260606,22.141374907551324,0.902470744945262,7.460349990784408,7.037024768035479,-0.4233252227489288
2025-02-14,13.939442800942844,1,7.219397589644615,6.415415513326721,-0.8039820763178938,19.673525826894206,20.246215107433144,0.5726892805389383,10.231964473557355,9.549487422536686,-0.682477051020669,14.666543154939617,14.69137345698087,0.02483030204125214,21.767900845948418,23.226493659504968,1.4585928135565496,10.077324914672857,9.507671645874666,-0.5696532687981914
2025-02-21,13.43212967798307,1,6.036172978870582,5.418042808016509,-0.618130170854073,18.101103450398213,18.150444668887644,0.04934121848943107,10.634008768502468,10.039088436627395,-0.5949203318750733,14.149277602072388,14.071416172122241,-0.077861429950147,21.574937482292427,23.298763608063567,1.72382612577114,10.097277785762344,9.615022374181137,-0.48225541158120677
2025-02-28,14.146843995072253,1,9.430272433969975,8.612743614966377,-0.8175288190035985,19.16174613251728,18.552848363578022,-0.6088977689392578,5.75432814995672,5.208633384438841,-0.5456947655178794,15.16269623075307,14.828081082219555,-0.3346151485335156,25.1948542936954,28.142574890805975,2.9477205971105747,10.17716672954107,9.536182634424748,-0.6409840951163233
2025-03-07,13.700298129616513,1,11.115303391724098,10.649431313599806,-0.465872078124292,19.19124355902379,19.258805491556913,0.06756193253312404,7.48064797504874,6.8680772483205885,-0.6125707267281513,14.971701327014244,14.451675377238104,-0.5200259497761408,23.342586330248068,25.416139534898818,2.07355320465075,6.10030619464014,5.55765981208485,-0.5426463825552901
2025-03-14,16.977850053448275,1,9.766922784384647,8.475110614455858,-1.2918121699287894,25.708876469430322,27.06340690811672,1.354530438686396,12.53934985229263,11.151704265496221,-1.3876455867964097,14.231468269138091,12.512086223452812,-1.719382045685279,28.82115221832578,32.49344680841084,3.672294590085059,10.799330727118175,10.17134550075724,-0.6279852263609342
2025-03-21,14.926924341127195,1,7.6772611379595475,6.94180905665965,-0.735452081299897,24.600321665234105,25.677281393276132,1.076959728042027,10.481219234704113,9.710437108211096,-0.7707821264930175,10.378075038796155,9.554092384352742,-0.8239826544434123,25.201679893596292,26.710043491145996,1.5083635975497032,11.222989076472956,10.967882613117538,-0.25510646335541765
2025-03-28,18.01133502190255,1,8.4454109173751,7.200316400750836,-1.2450945166242633,25.458377729785184,26.90989242312675,1.451514693341565,11.500871362726897,10.010564711082907,-1.4903066516439907,16.253808092244313,15.24315428664815,-1.0106538055961636,23.112623017105918,22.762618507170885,-0.35000450993503307,23.29691901217788,25.94146380263578,2.6445447904579
2025-04-11,15.336042375193239,1,9.688208504470794,8.861215176320002,-0.8269933281507917,24.78200528897716,26.14717210190176,1.365166812924599,8.43294837867829,7.718312422697906,-0.7146359559803841,11.379871630646392,10.916075517036944,-0.4637961136094475,23.179052519957708,23.159450530322914,-0.019601989634793426,14.554167928429095,15.214028502879955,0.6598605744508603
2025-04-25,16.38980463924293,1,11.317909580420633,10.355696639378564,-0.9622129410420683,25.810954385308193,27.157277828362794,1.346323443054601,7.008760263296423,6.198408435555706,-0.8103518277407176,13.684156228924564,13.229427467421147,-0.4547287615034179,24.479183879164964,24.58391632553311,0.10473244636814627,16.0378634983428,16.814101139206244,0.7762376408634424
2025-05-02,14.895190571945413,1,10.152627718070903,9.392962807514238,-0.7596649105566655,26.3434843296631,27.997238011967056,1.6537536823039574,8.16783694065947,7.610605281522638,-0.557231659136832,7.731487781205317,7.281767978322094,-0.449719802883223,24.25926128277655,24.050774569805156,-0.20848671297139276,12.716445379297141,13.037794782541297,0.32134940324415595
2025-05-09,15.896709136253449,1,13.77194605313261,13.317463110829067,-0.45448294230354236,25.922750836175823,27.034570924117617,1.111820087941794,6.634591899031065,5.941064416222403,-0.6935274828086619,9.63058599153122,9.020985310016997,-0.6096006815142232,24.662100547042797,24.744272530725752,0.08217198368295442,14.75827949060718,15.321898525608844,0.5636190350016648
2025-05-16,14.451951205514865,1,12.261594913211866,11.657335265415782,-0.6042596477960842,25.8795250430219,27.587849313442177,1.7083242704202775,5.649381401034617,5.096872876901884,-0.5525085241327332,8.985743267402071,8.591987530276825,-0.3937557371252467,23.594772221206398,23.380361839728863,-0.21441038147753488,10.340690387212334,10.397300407323684,0.05661002011134997
2025-05-23,15.254935066336452,1,14.006891314451508,13.776393923691003,-0.23049739076050457,25.57555635074236,27.01488806874245,1.4393317180000906,5.7281872388827395,5.1481542743418345,-0.580032964540905,10.464626888633987,9.949086920401399,-0.5155399682325879,23.450887288552025,23.18030514624853,-0.2705821423034962,12.303461316756099,12.460782064593545,0.15732074783744565
2025-05-30,15.202440912945304,1,13.728936622443854,13.596135699515528,-0.13280092292832535,24.715731579414026,25.756212491608537,1.0404809121945107,5.68403195750281,5.11945064602547,-0.5645813114773404,11.181694450467475,10.677516982569813,-0.5041774678976623,23.34951891523005,23.311671264207988,-0.03784765102206222,12.554731952613608,12.753658393744402,0.19892644113079427
2025-06-06,15.261162195888177,1,12.356890085377884,11.98676312752076,-0.37012695785712424,25.623712490958084,26.813045197904046,1.1893327069459616,5.800467228089374,5.245092408513642,-0.5553748195757322,11.849335522949247,11.483606942200694,-0.3657285807485522,24.296896284380324,24.29638280869345,-0.0005134756868727663,11.639671563574154,11.742082690496446,0.10241112692229137
2025-06-13,15.720407520517357,1,9.797878153212977,9.09729665375599,-0.7005814994569874,27.474013707149155,28.203235381246003,0.7292216740968485,6.6598164005493885,6.093515505843939,-0.5663008947054493,13.191086467811829,12.967342383494938,-0.2237440843168912,27.71829240586038,28.559435751809005,0.8411433459486233,9.481357988520415,9.401619446954271,-0.0797385415661438
2025-06-20,15.449136586414456,1,11.326945076963227,10.53048653236712,-0.7964585445961063,28.459227229415518,28.849419965652032,0.3901927362365143,4.591141189733506,4.073475508779296,-0.5176656809542095,12.448292397325758,11.995025885883123,-0.4532665114426351,29.623906028782798,31.24255135027984,1.6186453214970413,6.245307596265931,6.003860275525298,-0.24144732074063313
2025-06-27,15.354297781845156,1,9.803178330107926,8.93983508638162,-0.8633432437263053,28.207330173371602,28.31958199350045,0.11225182012884716,5.175873433722515,4.540654474952689,-0.6352189587698263,11.540881415285071,10.656729284086623,-0.8841521311984479,30.344682544632306,32.8319057736862,2.487223229053896,7.053840793951522,6.8370800784633445,-0.21676071548817788
2025-07-04,16.796531929655057,1,8.123429281012363,7.29853450533426,-0.8248947756781035,32.17730849045627,33.92126330360662,1.7439548131503528,6.820428088233655,5.585983195542582,-1.234444892691073,13.124565120785249,11.894034439186584,-1.2305306815986654,32.371286410266435,34.22976586871111,1.8584794584446769,8.162174187176362,7.8496102655491455,-0.31256392162721625
2025-07-11,16.584962073796074,1,11.171397862593523,10.314670817043734,-0.8567270455497891,31.579798960022032,33.915637727500254,2.335838767478222,6.505076611635033,5.342775454336433,-1.1623011572986002,14.13109245487604,13.44525030546329,-0.6858421494127498,30.450710357189763,31.23922026994974,0.7885099127599773,5.671696196460047,5.252217868483001,-0.4194783279770462
2025-07-18,16.82000434139528,1,12.412132732049713,11.532066914756669,-0.880065817293044,30.972835246946204,32.882087561994254,1.9092523150480503,6.551962336885737,5.846797787766093,-0.7051645491196439,14.398878543904274,13.494427286290247,-0.9044512576140278,30.343105597373267,31.313173682136068,0.9700680847628007,6.241111591212473,5.851472815428352,-0.3896387757841211
2025-07-25,17.592124710318238,1,13.53983606324499,12.670793273893167,-0.8690427893518233,31.743582141312032,33.68907194951842,1.9454898082063892,6.907358938729686,6.320694684130402,-0.5866642545992846,16.84412121140086,15.984667720873688,-0.8594534905271729,30.799375665289475,31.484130650478406,0.6847549851889312,5.718474241932384,5.403389983015359,-0.3150842589170253
2025-08-01,16.691212474258982,1,15.513396104087889,14.731638138135878,-0.7817579659520106,28.393704416846134,29.0755244869314,0.6818200700852657,7.950113089297886,7.18259777107933,-0.7675153182185568,11.425022621435588,10.265712971220267,-1.1593096502153202,30.14868324985872,32.58630735234169,2.437624102482971,6.716355364027677,6.3054941258453425,-0.4108612381823349
2025-08-08,16.976569161900393,1,14.428943218100656,13.998196191960076,-0.4307470261405797,29.582735782164804,30.904379316632486,1.3216435344676825,7.655320638572235,6.812100549788141,-0.8432200887840935,11.736633684536784,10.53546661321721,-1.2011670713195741,29.878690852500213,31.44092574741414,1.562234894913928,8.577090795527667,8.168346552390275,-0.40874424313739155
2025-08-15,17.028139329929406,1,14.564868895536591,13.899756046810353,-0.6651128487262383,29.5829422796469,30.786913060511566,1.2039707808646654,7.6200717636568385,6.848014187713119,-0.7720575759437196,12.246882596393846,11.109538925746179,-1.1373436706476667,30.13339722803751,31.878717789285957,1.7453205612484481,8.020673216304743,7.64589596950924,-0.37477724679550306
2025-08-22,17.790714913404067,1,14.960264855116577,14.106421805034032,-0.8538430500825456,29.282433487281338,29.98596849087032,0.703535003588982,9.333329585834633,8.700892659244005,-0.6324369265906284,11.9916721451403,10.833493335980819,-1.1581788091594802,30.7859134192976,33.06552429977313,2.2796108804755306,10.390675987753951,10.051988889522093,-0.3386870982318584
2025-08-29,18.358616449676997,1,14.077913282227442,13.021268644797274,-1.0566446374301677,29.622859532044885,30.295553857255626,0.6726943252107418,11.521267798689422,10.899721818113662,-0.6215459805757604,10.86877065602404,9.680599173914274,-1.188171482109766,31.37227425267909,33.95374637531715,2.5814721226380613,12.688613176397112,12.300808828664003,-0.387804347733109
2025-09-05,18.295061714453034,1,14.298169799507335,13.368394645608475,-0.9297751538988592,29.15846994578979,30.38085119976911,1.2223812539793215,11.227547848263413,10.448967905180211,-0.7785799430832014,13.016625990124894,11.782116502436025,-1.234509487688868,30.100975558358684,32.29274380594451,2.191768247585827,11.96858114467409,11.49729622777987,-0.4712849168942199
2025-09-12,16.07285380554171,1,21.37682164003833,21.752986058136443,0.37616441809811363,13.789433735527126,13.526739308659202,-0.2626944268679239,11.990217687678566,10.381178346933723,-1.6090393407448431,7.079464564072339,6.272728733276551,-0.8067358307957875,17.32176530033307,17.177834044643333,-0.1439312556897363,24.879419905600813,27.325656341600975,2.446236436000163
2025-09-19,14.493151238352615,1,20.972597178065328,21.33397528325149,0.3613781051861622,9.739880769264076,9.303075717660803,-0.43680505160327243,11.95625959078059,10.347520476760977,-1.6087391140196132,4.787386113991886,4.172664361079171,-0.6147217529127147,14.455371429441882,14.028468912116594,-0.4269025173252885,25.047412348571925,27.77320267924665,2.7257903306747266
2025-09-26,13.871030763291145,1,21.041169983334512,21.421646405081134,0.38047642174662144,10.622723001533942,10.201842395439982,-0.4208806060939594,9.197312976133844,7.85676666741621,-1.3405463087176344,3.9675981175201684,3.4223185843236337,-0.5452795331965348,14.287869700095428,13.857292708838315,-0.43057699125711224,24.109510801128977,26.466317818647582,2.356807017518605
2025-10-03,13.648170783877978,1,20.075936290170645,20.093766145410186,0.017829855239540393,10.033012341379589,9.485761349222585,-0.5472509921570037,9.367536834456047,7.995258524159354,-1.372278310296693,3.2083153438860705,2.732028754073113,-0.4762865898129576,15.210567269329943,15.104992113233365,-0.10557515609657742,23.99365662404557,26.477217817169233,2.4835611931236627
2025-10-10,13.478317226974468,1,19.09235945131671,18.404722384894,-0.6876370664227096,9.328927645217036,8.836555290729166,-0.49237235448786976,10.472231592314913,9.010675057155112,-1.4615565351598008,2.8064730871229813,2.312598598522854,-0.4938744886001274,13.910233063715182,13.645678362218646,-0.2645547014965359,25.259678522159987,28.65967366832706,3.399995146167072
2025-10-17,12.417078416396956,1,16.676302461706868,15.531478199369133,-1.1448242623377354,6.77835606397862,6.384250789892263,-0.39410527408635687,10.761416076048192,9.450174386394124,-1.311241689654068,3.143867090734105,2.600092002603944,-0.5437750881301611,12.26350871313906,11.93766112312872,-0.3258475900103406,24.879020092774894,28.598813996993613,3.7197939042187187
2025-10-24,13.563717018658343,1,17.840633100522112,16.918215263718523,-0.9224178368035894,9.881954573847182,9.59384640344416,-0.28810817040302084,13.278062715128485,12.221739626411804,-1.056323088716681,3.2674370193248308,2.712837530596559,-0.5545994887282717,12.07019605340102,11.597269702758922,-0.47292635064209776,25.044018649726425,28.33839358502007,3.2943749352936464
2025-10-31,20.523617015685428,1,18.42627059017964,16.283764155958394,-2.1425064342212465,15.87138947823425,14.973496862634121,-0.8978926156001279,22.4113651849607,22.11313037552587,-0.29823480943483105,15.56119004022571,14.589180803312715,-0.9720092369129958,21.271651016843933,21.652028508713414,0.38037749186948133,29.59983578366834,33.530101387968074,3.930265604299734
2025-11-07,21.578769520929086,1,17.68970671151972,15.479351152657458,-2.210355558862261,19.15659120387798,18.37492774162415,-0.7816634622538317,25.786624868362466,26.60828302450612,0.8216581561436556,14.478087852185439,13.082049886511541,-1.396037965673898,23.18205127726533,23.559238726869197,0.3771874496038663,29.179555212363596,32.368766593406065,3.189211381042469
2025-11-14,21.18333536319278,1,16.62843575555563,14.298226994873929,-2.3302087606816997,19.304343639679757,18.40712209023259,-0.8972215494471669,25.618626639304026,26.41945394585281,0.8008273065487828,13.027314162202998,11.508333925446664,-1.5189802367563345,23.345705217300065,23.89568626144377,0.5499810441437063,29.175586765114204,32.57118896130697,3.395602196192769
2025-11-21,20.530606088753686,1,15.740680230039487,13.314226899632303,-2.4264533304071847,19.136087709800776,18.244268541550426,-0.8918191682503505,25.574513595118063,26.33408229377592,0.7595686986578585,10.97160654755082,9.517708402877886,-1.4538981446729338,22.609057097640544,23.030844086131097,0.4217869884905525,29.151691352372424,32.74250630855448,3.590814956182058
2025-11-28,20.15976867298557,1,15.785101257195677,13.380752314457709,-2.4043489427379683,18.95713736179691,18.249480325781263,-0.7076570360156467,23.940530010968104,24.178338546691748,0.23780853572364435,11.069736015005049,9.718263252392944,-1.3514727626121044,22.07304670046092,22.433800963600575,0.3607542631396541,29.133060692486765,32.99797663498917,3.8649159425024067
2025-12-05,20.936870001679797,1,15.607484965839944,13.186772552553975,-2.420712413285969,21.74979507730849,21.503121146059755,-0.24667393124873627,24.585043708766804,24.68071995556491,0.09567624679810649,11.193380397406202,9.655357787868198,-1.5380226095380038,23.229407051895436,23.54682661955708,0.3174195676616449,29.256108808861896,33.048421948474854,3.7923131396129577
2025-12-12,19.28146226059982,1,13.173501076974759,10.920117483484788,-2.2533835934899713,19.15521861961969,18.59515466582009,-0.5600639537995988,23.858209254561615,23.99261732297171,0.1344080684100959,9.537676295600392,8.214339191347463,-1.3233371042529285,21.424304934412092,21.637798659867826,0.2134937254557343,28.53986338243037,32.32874624010701,3.78888285767664
2025-12-19,19.552009099033942,1,12.951569403351371,10.77151328472847,-2.1800561186229004,19.758496139456767,19.178805680136264,-0.5796904593205028,25.04380385380776,25.61172897843977,0.5679251246320121,10.120480400811275,8.776921749277676,-1.3435586515335984,21.047838674837863,21.059217131231918,0.011378456394055547,28.389866121938624,31.913867770389572,3.524001648450948
2025-12-26,16.953636936751902,1,16.29454781074908,15.198654662299887,-1.0958931484491927,17.148686521383254,16.96202842774946,-0.18665809363379537,16.092096636991258,15.580960604012816,-0.5111360329784418,8.2035400371702,7.171290398371454,-1.0322496387987457,21.695239552441066,23.111814719336493,1.4165751668954272,22.287711061776562,23.697072808741282,1.40936174696472
2026-01-02,17.778175088804588,1,16.32849988324253,15.175776327148313,-1.152723556094216,19.131336655959245,19.431340407577878,0.30000375161863246,16.098042671562354,15.338418679087454,-0.7596239924749,10.388718130063708,9.184698131597216,-1.2040199984664923,22.33376465082729,23.76299651261091,1.4292318617836202,22.3886885411724,23.77582047480577,1.3871319336333698
2026-01-09,18.531950817321142,1,17.264734388390238,15.952401815909141,-1.3123325724810968,18.255745730751457,18.216191714533068,-0.039554016218389165,17.992196065385073,17.42901268499142,-0.563183380393653,10.894550750670021,9.647758229220173,-1.2467925214498479,22.988048237936383,24.516723197833443,1.5286749598970601,23.796429730793676,25.429617261439603,1.6331875306459267
2026-01-16,18.58794000578128,1,16.77478960275819,14.980105014430222,-1.7946845883279678,16.42084952135744,15.526817188522628,-0.8940323328348114,16.219236383166006,15.12866781983189,-1.0905685633341164,10.243542801648744,8.587077538926138,-1.6564652627226053,23.70296401969553,25.090427720685753,1.3874637009902244,28.16625770606177,32.21454475229103,4.048287046229262
2026-01-23,19.12121534582032,1,18.407206169706754,16.414693081910556,-1.9925130877961976,15.460717694754507,14.364158145105918,-1.096559549648589,16.432930797831503,15.206513807518093,-1.2264169903134103,10.601875955909406,8.936968613719614,-1.6649073421897924,23.85205741967708,25.034168257632004,1.182110837954923,29.97250403704267,34.77079016903572,4.798286131993052
2026-01-30,19.97796387110882,1,22.145211811409254,20.396137305997456,-1.749074505411798,14.781106710907167,14.202572562529312,-0.5785341483778552,14.062475511558148,13.1582668564443,-0.9042086551138482,15.819223128341918,14.195624130125537,-1.62359899821638,22.36880272209666,22.759459996410882,0.39065727431422204,30.69096334233977,35.15572237514543,4.4647590328056594
2026-02-06,23.29536216847056,1,32.870803688972444,33.698192690995,0.8273890020225565,15.664109943508919,14.587905507203914,-1.0762044363050052,14.76143660098046,13.547907040764471,-1.2135295602159886,18.427505846488657,16.104069718174316,-2.3234361283143414,22.14665988068643,21.58323159039172,-0.5634282902947092,35.90165705018646,40.250866463293974,4.349209413107516
2026-02-13,22.87891152937381,1,33.73140033343573,35.48770895563321,1.75630862219748,15.250062683893802,13.748542069480592,-1.5015206144132094,15.12842718611607,14.218285153755986,-0.9101420323600848,19.22179309417423,16.918541237929304,-2.303251856244927,18.318970366383397,17.162455208289245,-1.1565151580941517,35.622815512239626,39.737936551154576,4.11512103891495
2026-02-27,21.09495078820186,1,32.57158920049841,35.792187175106235,3.220597974607827,13.567123773678162,12.169742296168877,-1.3973814775092848,13.485420860847256,12.42564097356582,-1.0597798872814366,19.945524861775482,18.52126018044666,-1.4242646813288218,15.686787522593931,14.491939438028595,-1.1948480845653364,31.313258509817913,33.16893466589495,1.8556761560770383
2026-03-06,21.20047051906712,1,31.809876107515734,34.00312937809959,2.1932532705838526,19.405966462850287,18.17396160895244,-1.2320048538978483,18.378658312698988,17.758235655394174,-0.6204226573048146,17.406122692253632,16.198705655649263,-1.2074170366043688,8.679890327777642,7.4061521350511015,-1.2737381927265403,31.52230921130645,33.662638681256155,2.1403294699497053
2026-03-13,19.48969410647584,1,30.79899062692749,32.245998370853826,1.447007743926335,13.212761407850351,11.97298923642758,-1.2397721714227714,15.919744384716907,15.508603427329902,-0.41114095738700485,17.060821637003542,16.088737527503937,-0.9720841094996047,8.374996238065151,7.191027952386605,-1.1839682856785458,31.570850344291614,33.93080812435318,2.3599577800615634
2026-03-20,20.29713554005815,1,31.866217099034643,33.73462846759833,1.8684113685636845,13.887405590810658,12.442038336460428,-1.4453672543502307,17.04874911609572,16.54316200457845,-0.5055871115172721,17.191123072991715,15.952646824795636,-1.2384762481960792,9.272560554677028,7.964990012196168,-1.3075705424808604,32.516757806739136,35.145347594719894,2.628589787980758
2026-03-27,20.88074407594075,1,33.797527293653175,37.14946676545071,3.351939471797536,15.342784788469572,13.624382026912059,-1.7184027615575133,16.599616339434064,15.513182152714577,-1.0864341867194867,15.852258471950506,14.322835140065209,-1.5294233318852974,10.512953051091557,8.907716111127272,-1.6052369399642856,33.17932451104562,35.76688225937468,2.5875577483290613
2026-04-03,20.45281861152338,1,31.703115492034,32.965421452840815,1.2623059608068132,14.56470006638692,13.11182808736281,-1.4528719790241098,18.249900148860192,17.385461042055084,-0.8644391068051078,13.994759189083595,12.564509872039125,-1.4302493170444706,10.192671182626967,8.753224103943367,-1.4394470786835996,34.01176559014861,37.93646711089909,3.9247015207504745
2026-04-10,19.45797000076899,1,30.732466553108992,31.472963025254103,0.7404964721451108,14.347248379959979,13.160465048921964,-1.186783331038015,15.596060009222754,14.489344133035132,-1.1067158761876215,13.5621510999311,12.5006707369769,-1.0614803629541996,9.388450190470621,8.414337890644987,-0.9741122998256344,33.1214437719205,36.7100391697808,3.5885953978603027
2026-04-17,20.215932709603674,1,31.848749531899998,32.64866627575863,0.7999167438586312,15.625155097996924,13.984381276732037,-1.6407738212648866,14.350894544345806,12.764076296164973,-1.5868182481808333,16.508825217592232,15.282140624004839,-1.2266845935873931,8.109211965657991,7.111504595598063,-0.9977073700599277,34.85275990012909,39.50482718936351,4.652067289234424
2026-04-24,19.147231129348693,1,31.186741595145065,31.399911241307407,0.21316964616234202,13.874804046408016,12.3831771243309,-1.491626922077117,13.451109787197751,12.011117167467532,-1.4399926197302193,14.084914945088158,12.618502079246582,-1.4664128658415763,7.410374751515832,6.605346469851881,-0.8050282816639509,34.87544165073734,39.865332693887865,4.9898910431505215
2026-05-01,17.764621177474393,1,27.991840773110965,28.649378822931325,0.65753804982036,11.608121519578546,10.626026773522597,-0.9820947460559495,12.45363379338356,11.501583900156291,-0.9520498932272687,14.989671609503674,13.992913120103651,-0.9967584894000225,9.12251670831084,8.258671519918352,-0.8638451883924887,30.421942660958777,33.55915292821409,3.1372102672553126
2026-05-08,22.416492915756113,1,26.447966817702692,26.869936415575154,0.4219695978724616,16.409762596424855,14.994124707051014,-1.4156378893738406,9.197377059784529,7.707954497100772,-1.4894225626837567,26.751757614510396,26.620754018396198,-0.13100359611419776,27.406427064135315,28.37772356276858,0.9712964986332651,28.28566634197891,29.928464293644964,1.6427979516660542
2026-05-15,23.77622719630104,1,25.3340672765476,25.08635559749706,-0.24771167905053915,16.390874820491675,14.360715996603844,-2.030158823887831,13.842634739213494,11.469653346336798,-2.372981392876696,27.117732912914875,26.601086509204364,-0.5166464037105101,29.851424870569033,31.924057069092484,2.0726321985234506,30.120628558069555,33.21549465907161,3.0948661010020544
2026-05-22,22.05640073298936,1,24.066683982550956,23.87563789409097,-0.19104608845998428,15.953713476492524,14.237672790163273,-1.7160406863292508,12.377807884964241,10.401956116392384,-1.9758517685718573,23.293724610809136,22.027581052216377,-1.2661435585927592,28.28170932523726,30.692268369195205,2.410559043957946,28.364765117882044,31.10328817587792,2.7385230579958773
2026-05-29,21.83303659921602,1,25.216634883912405,25.648480881661428,0.4318459977490221,15.560223422828543,13.670156999914667,-1.8900664229138755,10.634516771649231,8.706205207420055,-1.9283115642291762,23.60419261918487,22.587185288742972,-1.0170073304418992,27.833155726581367,29.881938417994462,2.048782691413095,28.14949617113969,30.50425279956255,2.3547566284228623
2026-06-05,21.949717036508023,1,26.412281289841275,27.374844448312018,0.9625631584707435,17.811932902495656,16.273917407905245,-1.538015494590411,9.249747215703067,7.635483224400815,-1.614263991302252,24.280708120802615,23.66540850926596,-0.6152996115366562,27.163371526381027,28.48675273029035,1.323381203909321,26.780261163824505,28.26189589887376,1.481634735049255
2026-06-12,21.95319205176394,1,29.57908071543234,33.01359996642756,3.4345192509952227,19.074381549713735,16.956477789246563,-2.117903760467172,7.481329617047919,5.958632104438948,-1.5226975126089712,25.132339505347375,25.224277128118914,0.09193762277153894,25.884331224459416,26.3955720378857,0.5112408134262836,24.567689698582868,24.17059328446598,-0.3970964141168878
2026-06-19,18.278894435139176,1,22.401793409571,23.798355303115855,1.396561893544856,20.66077237288934,20.38549961260763,-0.2752727602817089,11.354423876004077,10.102476495215072,-1.2519473807890051,24.50956180364423,26.440188044104616,1.9306262404603842,21.49274341146669,20.996210274144474,-0.49653313732221704,9.254071737259707,7.950636881647441,-1.3034348556122666
2026-06-26,16.673702081235295,1,19.94056014324984,21.29638587733649,1.3558257340866504,15.466305567944303,14.821637662733579,-0.6446679052107243,11.797157026804001,10.806355406838762,-0.9908016199652394,23.205872211841097,25.171393353814466,1.965521141973369,19.23543798645146,18.719148608400474,-0.5162893780509847,10.396879551121074,9.227291578287975,-1.1695879728330993
2026-07-03,16.50197466390399,1,22.016605753243326,23.60355778715504,1.5869520339117145,18.177871608278124,17.502691857864477,-0.6751797504136476,12.029440098783695,11.201233933173668,-0.8282061656100268,20.714543788224304,22.08711029978342,1.3725665115591141,17.09272560271583,16.43991386221134,-0.6528117405044895,8.980661132178668,8.177340243236003,-0.8033208889426646
2026-07-10,15.525419797709162,1,21.419886817470527,22.774698752187348,1.354811934716821,18.58559733124656,18.302922751285834,-0.28267457996072665,12.603511697209768,12.01083351294669,-0.5926781842630788,15.704103797557579,15.820895408393469,0.11679161083588951,16.170894633066254,16.127857108307495,-0.043037524758759105,8.668524509704284,8.115311253134138,-0.553213256570146
2026-07-17,14.448082255329076,1,18.851145667532094,19.945319046159426,1.0941733786273318,15.051891584530182,14.521663687578268,-0.5302278969519136,12.542032224153417,12.242220327582132,-0.2998118965712848,16.521338159422385,16.632428093556015,0.11108993413363066,16.899622000830803,17.04836796915447,0.1487459683236665,6.822463895505578,6.298494407944091,-0.5239694875614873
